<?xml version="1.0" encoding="UTF-8"?>
<gpx creator="Wikiloc - https://www.wikiloc.com" version="1.1" xmlns="http://www.topografix.com/GPX/1/1" xmlns:xsi="http://www.w3.org/2001/XMLSchema-instance" xsi:schemaLocation="http://www.topografix.com/GPX/1/1 http://www.topografix.com/GPX/1/1/gpx.xsd">
  <metadata>
    <name>Wikiloc - Cabana Negoiu - Drumul Zmeilor - Acele Cleopatrei - Saua Cleopatra - Varful Negoiu 2535m</name>
    <author>
      <name>Toni Grecu</name>
      <link href="https://www.wikiloc.com/wikiloc/user.do?id=2082631">
        <text>Toni Grecu on Wikiloc</text>
      </link>
    </author>
    <link href="https://www.wikiloc.com/hiking-trails/cabana-negoiu-drumul-zmeilor-acele-cleopatrei-saua-cleopatra-varful-negoiu-2535m-17192126">
      <text>Cabana Negoiu - Drumul Zmeilor - Acele Cleopatrei - Saua Cleopatra - Varful Negoiu 2535m on Wikiloc</text>
    </link>
    <time>2015-11-01T13:57:30Z</time>
  </metadata>
  <trk>
    <name>Cabana Negoiu - Drumul Zmeilor - Acele Cleopatrei - Saua Cleopatra - Varful Negoiu 2535m - Wikiloc</name>
    <cmt>Porumbacu de Sus - Cascada Serbota - Cabana Negoiu 
Cabana Negoiu - Drumul Zmeilor - Acele Cleopatrei - Saua Cleopatra - Varful Negoiu 2535m</cmt>
    <desc>Porumbacu de Sus - Cascada Serbota - Cabana Negoiu 
Cabana Negoiu - Drumul Zmeilor - Acele Cleopatrei - Saua Cleopatra - Varful Negoiu 2535m</desc>
    <trkseg>
      <trkpt lat="45.604797" lon="24.528938">
        <ele>1537.451</ele>
        <time>2015-11-01T05:12:44Z</time>
      </trkpt>
      <trkpt lat="45.604775" lon="24.529088">
        <ele>1535.601</ele>
        <time>2015-11-01T05:12:57Z</time>
      </trkpt>
      <trkpt lat="45.604698" lon="24.529155">
        <ele>1535.511</ele>
        <time>2015-11-01T05:13:13Z</time>
      </trkpt>
      <trkpt lat="45.604597" lon="24.529161">
        <ele>1536.508</ele>
        <time>2015-11-01T05:13:23Z</time>
      </trkpt>
      <trkpt lat="45.604502" lon="24.529160">
        <ele>1537.576</ele>
        <time>2015-11-01T05:13:29Z</time>
      </trkpt>
      <trkpt lat="45.604412" lon="24.529160">
        <ele>1537.592</ele>
        <time>2015-11-01T05:13:36Z</time>
      </trkpt>
      <trkpt lat="45.604320" lon="24.529173">
        <ele>1535.616</ele>
        <time>2015-11-01T05:13:43Z</time>
      </trkpt>
      <trkpt lat="45.604217" lon="24.529147">
        <ele>1534.264</ele>
        <time>2015-11-01T05:13:49Z</time>
      </trkpt>
      <trkpt lat="45.604117" lon="24.529150">
        <ele>1533.277</ele>
        <time>2015-11-01T05:14:00Z</time>
      </trkpt>
      <trkpt lat="45.604027" lon="24.529151">
        <ele>1533.186</ele>
        <time>2015-11-01T05:16:42Z</time>
      </trkpt>
      <trkpt lat="45.603947" lon="24.529210">
        <ele>1532.397</ele>
        <time>2015-11-01T05:16:51Z</time>
      </trkpt>
      <trkpt lat="45.603849" lon="24.529240">
        <ele>1533.461</ele>
        <time>2015-11-01T05:16:59Z</time>
      </trkpt>
      <trkpt lat="45.603767" lon="24.529304">
        <ele>1535.694</ele>
        <time>2015-11-01T05:17:08Z</time>
      </trkpt>
      <trkpt lat="45.603713" lon="24.529408">
        <ele>1535.757</ele>
        <time>2015-11-01T05:17:18Z</time>
      </trkpt>
      <trkpt lat="45.603616" lon="24.529421">
        <ele>1539.322</ele>
        <time>2015-11-01T05:17:30Z</time>
      </trkpt>
      <trkpt lat="45.603535" lon="24.529485">
        <ele>1540.608</ele>
        <time>2015-11-01T05:17:46Z</time>
      </trkpt>
      <trkpt lat="45.603462" lon="24.529574">
        <ele>1540.420</ele>
        <time>2015-11-01T05:17:55Z</time>
      </trkpt>
      <trkpt lat="45.603395" lon="24.529680">
        <ele>1538.966</ele>
        <time>2015-11-01T05:18:11Z</time>
      </trkpt>
      <trkpt lat="45.603337" lon="24.529789">
        <ele>1536.050</ele>
        <time>2015-11-01T05:18:20Z</time>
      </trkpt>
      <trkpt lat="45.603303" lon="24.529912">
        <ele>1531.418</ele>
        <time>2015-11-01T05:18:30Z</time>
      </trkpt>
      <trkpt lat="45.603250" lon="24.530021">
        <ele>1528.481</ele>
        <time>2015-11-01T05:18:38Z</time>
      </trkpt>
      <trkpt lat="45.603163" lon="24.530066">
        <ele>1529.690</ele>
        <time>2015-11-01T05:18:54Z</time>
      </trkpt>
      <trkpt lat="45.603072" lon="24.530168">
        <ele>1530.771</ele>
        <time>2015-11-01T05:19:12Z</time>
      </trkpt>
      <trkpt lat="45.603004" lon="24.530264">
        <ele>1533.735</ele>
        <time>2015-11-01T05:19:25Z</time>
      </trkpt>
      <trkpt lat="45.602925" lon="24.530338">
        <ele>1537.356</ele>
        <time>2015-11-01T05:19:38Z</time>
      </trkpt>
      <trkpt lat="45.602837" lon="24.530394">
        <ele>1541.559</ele>
        <time>2015-11-01T05:19:54Z</time>
      </trkpt>
      <trkpt lat="45.602746" lon="24.530385">
        <ele>1546.714</ele>
        <time>2015-11-01T05:20:09Z</time>
      </trkpt>
      <trkpt lat="45.602654" lon="24.530396">
        <ele>1549.708</ele>
        <time>2015-11-01T05:20:18Z</time>
      </trkpt>
      <trkpt lat="45.602561" lon="24.530428">
        <ele>1551.346</ele>
        <time>2015-11-01T05:20:37Z</time>
      </trkpt>
      <trkpt lat="45.602467" lon="24.530427">
        <ele>1553.712</ele>
        <time>2015-11-01T05:21:10Z</time>
      </trkpt>
      <trkpt lat="45.602404" lon="24.530526">
        <ele>1548.016</ele>
        <time>2015-11-01T05:21:26Z</time>
      </trkpt>
      <trkpt lat="45.602331" lon="24.530448">
        <ele>1554.074</ele>
        <time>2015-11-01T05:22:00Z</time>
      </trkpt>
      <trkpt lat="45.602247" lon="24.530498">
        <ele>1551.747</ele>
        <time>2015-11-01T05:22:15Z</time>
      </trkpt>
      <trkpt lat="45.602174" lon="24.530585">
        <ele>1547.766</ele>
        <time>2015-11-01T05:22:29Z</time>
      </trkpt>
      <trkpt lat="45.602096" lon="24.530652">
        <ele>1546.277</ele>
        <time>2015-11-01T05:22:54Z</time>
      </trkpt>
      <trkpt lat="45.602016" lon="24.530735">
        <ele>1544.181</ele>
        <time>2015-11-01T05:23:12Z</time>
      </trkpt>
      <trkpt lat="45.601924" lon="24.530787">
        <ele>1544.473</ele>
        <time>2015-11-01T05:23:29Z</time>
      </trkpt>
      <trkpt lat="45.601831" lon="24.530750">
        <ele>1550.485</ele>
        <time>2015-11-01T05:23:38Z</time>
      </trkpt>
      <trkpt lat="45.601752" lon="24.530681">
        <ele>1557.113</ele>
        <time>2015-11-01T05:23:59Z</time>
      </trkpt>
      <trkpt lat="45.601700" lon="24.530575">
        <ele>1563.908</ele>
        <time>2015-11-01T05:24:15Z</time>
      </trkpt>
      <trkpt lat="45.601628" lon="24.530659">
        <ele>1564.678</ele>
        <time>2015-11-01T05:24:41Z</time>
      </trkpt>
      <trkpt lat="45.601543" lon="24.530730">
        <ele>1568.874</ele>
        <time>2015-11-01T05:25:09Z</time>
      </trkpt>
      <trkpt lat="45.601450" lon="24.530740">
        <ele>1576.218</ele>
        <time>2015-11-01T05:25:24Z</time>
      </trkpt>
      <trkpt lat="45.601396" lon="24.530858">
        <ele>1577.026</ele>
        <time>2015-11-01T05:25:40Z</time>
      </trkpt>
      <trkpt lat="45.601339" lon="24.530974">
        <ele>1574.019</ele>
        <time>2015-11-01T05:25:51Z</time>
      </trkpt>
      <trkpt lat="45.601267" lon="24.531067">
        <ele>1572.658</ele>
        <time>2015-11-01T05:26:14Z</time>
      </trkpt>
      <trkpt lat="45.601174" lon="24.531119">
        <ele>1574.359</ele>
        <time>2015-11-01T05:26:25Z</time>
      </trkpt>
      <trkpt lat="45.601074" lon="24.531139">
        <ele>1577.753</ele>
        <time>2015-11-01T05:26:43Z</time>
      </trkpt>
      <trkpt lat="45.600978" lon="24.531124">
        <ele>1582.844</ele>
        <time>2015-11-01T05:26:56Z</time>
      </trkpt>
      <trkpt lat="45.600889" lon="24.531163">
        <ele>1583.905</ele>
        <time>2015-11-01T05:27:04Z</time>
      </trkpt>
      <trkpt lat="45.600795" lon="24.531183">
        <ele>1586.515</ele>
        <time>2015-11-01T05:27:17Z</time>
      </trkpt>
      <trkpt lat="45.600725" lon="24.531271">
        <ele>1583.208</ele>
        <time>2015-11-01T05:27:32Z</time>
      </trkpt>
      <trkpt lat="45.600644" lon="24.531343">
        <ele>1581.595</ele>
        <time>2015-11-01T05:27:43Z</time>
      </trkpt>
      <trkpt lat="45.600547" lon="24.531401">
        <ele>1581.811</ele>
        <time>2015-11-01T05:28:00Z</time>
      </trkpt>
      <trkpt lat="45.600489" lon="24.531511">
        <ele>1578.915</ele>
        <time>2015-11-01T05:28:11Z</time>
      </trkpt>
      <trkpt lat="45.600429" lon="24.531612">
        <ele>1576.593</ele>
        <time>2015-11-01T05:28:25Z</time>
      </trkpt>
      <trkpt lat="45.600358" lon="24.531704">
        <ele>1575.436</ele>
        <time>2015-11-01T05:28:36Z</time>
      </trkpt>
      <trkpt lat="45.600290" lon="24.531799">
        <ele>1574.245</ele>
        <time>2015-11-01T05:28:43Z</time>
      </trkpt>
      <trkpt lat="45.600208" lon="24.531870">
        <ele>1573.836</ele>
        <time>2015-11-01T05:28:50Z</time>
      </trkpt>
      <trkpt lat="45.600119" lon="24.531896">
        <ele>1576.240</ele>
        <time>2015-11-01T05:29:12Z</time>
      </trkpt>
      <trkpt lat="45.600030" lon="24.531946">
        <ele>1577.641</ele>
        <time>2015-11-01T05:29:19Z</time>
      </trkpt>
      <trkpt lat="45.599953" lon="24.532020">
        <ele>1576.981</ele>
        <time>2015-11-01T05:29:42Z</time>
      </trkpt>
      <trkpt lat="45.599862" lon="24.532076">
        <ele>1577.509</ele>
        <time>2015-11-01T05:29:49Z</time>
      </trkpt>
      <trkpt lat="45.599764" lon="24.532125">
        <ele>1579.208</ele>
        <time>2015-11-01T05:30:04Z</time>
      </trkpt>
      <trkpt lat="45.599671" lon="24.532126">
        <ele>1583.915</ele>
        <time>2015-11-01T05:30:14Z</time>
      </trkpt>
      <trkpt lat="45.599581" lon="24.532187">
        <ele>1586.751</ele>
        <time>2015-11-01T05:30:26Z</time>
      </trkpt>
      <trkpt lat="45.599492" lon="24.532227">
        <ele>1590.155</ele>
        <time>2015-11-01T05:30:37Z</time>
      </trkpt>
      <trkpt lat="45.599403" lon="24.532282">
        <ele>1591.793</ele>
        <time>2015-11-01T05:30:48Z</time>
      </trkpt>
      <trkpt lat="45.599309" lon="24.532261">
        <ele>1595.466</ele>
        <time>2015-11-01T05:31:22Z</time>
      </trkpt>
      <trkpt lat="45.599216" lon="24.532277">
        <ele>1597.765</ele>
        <time>2015-11-01T05:31:28Z</time>
      </trkpt>
      <trkpt lat="45.599113" lon="24.532272">
        <ele>1600.766</ele>
        <time>2015-11-01T05:31:42Z</time>
      </trkpt>
      <trkpt lat="45.599011" lon="24.532282">
        <ele>1602.720</ele>
        <time>2015-11-01T05:32:00Z</time>
      </trkpt>
      <trkpt lat="45.598916" lon="24.532267">
        <ele>1605.648</ele>
        <time>2015-11-01T05:32:12Z</time>
      </trkpt>
      <trkpt lat="45.598816" lon="24.532272">
        <ele>1609.761</ele>
        <time>2015-11-01T05:32:29Z</time>
      </trkpt>
      <trkpt lat="45.598742" lon="24.532378">
        <ele>1608.317</ele>
        <time>2015-11-01T05:32:53Z</time>
      </trkpt>
      <trkpt lat="45.598705" lon="24.532497">
        <ele>1603.808</ele>
        <time>2015-11-01T05:33:05Z</time>
      </trkpt>
      <trkpt lat="45.598657" lon="24.532608">
        <ele>1600.495</ele>
        <time>2015-11-01T05:33:59Z</time>
      </trkpt>
      <trkpt lat="45.598696" lon="24.532730">
        <ele>1593.721</ele>
        <time>2015-11-01T05:35:53Z</time>
      </trkpt>
      <trkpt lat="45.598597" lon="24.532711">
        <ele>1597.935</ele>
        <time>2015-11-01T05:36:48Z</time>
      </trkpt>
      <trkpt lat="45.598513" lon="24.532756">
        <ele>1600.643</ele>
        <time>2015-11-01T05:37:32Z</time>
      </trkpt>
      <trkpt lat="45.598422" lon="24.532737">
        <ele>1606.766</ele>
        <time>2015-11-01T05:38:15Z</time>
      </trkpt>
      <trkpt lat="45.598334" lon="24.532773">
        <ele>1610.265</ele>
        <time>2015-11-01T05:38:33Z</time>
      </trkpt>
      <trkpt lat="45.598236" lon="24.532793">
        <ele>1613.716</ele>
        <time>2015-11-01T05:38:42Z</time>
      </trkpt>
      <trkpt lat="45.598148" lon="24.532835">
        <ele>1616.260</ele>
        <time>2015-11-01T05:39:08Z</time>
      </trkpt>
      <trkpt lat="45.598055" lon="24.532886">
        <ele>1618.957</ele>
        <time>2015-11-01T05:39:27Z</time>
      </trkpt>
      <trkpt lat="45.597976" lon="24.532952">
        <ele>1622.100</ele>
        <time>2015-11-01T05:39:44Z</time>
      </trkpt>
      <trkpt lat="45.597929" lon="24.533063">
        <ele>1621.120</ele>
        <time>2015-11-01T05:40:02Z</time>
      </trkpt>
      <trkpt lat="45.597840" lon="24.533041">
        <ele>1627.008</ele>
        <time>2015-11-01T05:40:17Z</time>
      </trkpt>
      <trkpt lat="45.597757" lon="24.533110">
        <ele>1630.776</ele>
        <time>2015-11-01T05:40:40Z</time>
      </trkpt>
      <trkpt lat="45.597703" lon="24.533217">
        <ele>1632.132</ele>
        <time>2015-11-01T05:40:52Z</time>
      </trkpt>
      <trkpt lat="45.597650" lon="24.533326">
        <ele>1631.796</ele>
        <time>2015-11-01T05:41:06Z</time>
      </trkpt>
      <trkpt lat="45.597592" lon="24.533445">
        <ele>1630.474</ele>
        <time>2015-11-01T05:41:39Z</time>
      </trkpt>
      <trkpt lat="45.597548" lon="24.533567">
        <ele>1628.577</ele>
        <time>2015-11-01T05:42:06Z</time>
      </trkpt>
      <trkpt lat="45.597475" lon="24.533643">
        <ele>1630.646</ele>
        <time>2015-11-01T05:42:19Z</time>
      </trkpt>
      <trkpt lat="45.597450" lon="24.533770">
        <ele>1627.697</ele>
        <time>2015-11-01T05:43:15Z</time>
      </trkpt>
      <trkpt lat="45.597387" lon="24.533864">
        <ele>1629.241</ele>
        <time>2015-11-01T05:44:19Z</time>
      </trkpt>
      <trkpt lat="45.597346" lon="24.533990">
        <ele>1629.372</ele>
        <time>2015-11-01T05:44:32Z</time>
      </trkpt>
      <trkpt lat="45.597293" lon="24.534104">
        <ele>1631.513</ele>
        <time>2015-11-01T05:44:45Z</time>
      </trkpt>
      <trkpt lat="45.597206" lon="24.534153">
        <ele>1638.214</ele>
        <time>2015-11-01T05:45:04Z</time>
      </trkpt>
      <trkpt lat="45.597174" lon="24.534274">
        <ele>1637.808</ele>
        <time>2015-11-01T05:45:22Z</time>
      </trkpt>
      <trkpt lat="45.597131" lon="24.534387">
        <ele>1638.388</ele>
        <time>2015-11-01T05:47:07Z</time>
      </trkpt>
      <trkpt lat="45.597062" lon="24.534474">
        <ele>1640.714</ele>
        <time>2015-11-01T05:47:20Z</time>
      </trkpt>
      <trkpt lat="45.596980" lon="24.534552">
        <ele>1644.078</ele>
        <time>2015-11-01T05:48:47Z</time>
      </trkpt>
      <trkpt lat="45.596897" lon="24.534624">
        <ele>1648.416</ele>
        <time>2015-11-01T05:49:31Z</time>
      </trkpt>
      <trkpt lat="45.596810" lon="24.534659">
        <ele>1654.629</ele>
        <time>2015-11-01T05:49:42Z</time>
      </trkpt>
      <trkpt lat="45.596798" lon="24.534788">
        <ele>1654.338</ele>
        <time>2015-11-01T05:50:02Z</time>
      </trkpt>
      <trkpt lat="45.596798" lon="24.534921">
        <ele>1653.899</ele>
        <time>2015-11-01T05:50:13Z</time>
      </trkpt>
      <trkpt lat="45.596803" lon="24.535051">
        <ele>1652.763</ele>
        <time>2015-11-01T05:50:23Z</time>
      </trkpt>
      <trkpt lat="45.596745" lon="24.535150">
        <ele>1655.095</ele>
        <time>2015-11-01T05:50:38Z</time>
      </trkpt>
      <trkpt lat="45.596719" lon="24.535279">
        <ele>1654.549</ele>
        <time>2015-11-01T05:52:06Z</time>
      </trkpt>
      <trkpt lat="45.596711" lon="24.535409">
        <ele>1653.423</ele>
        <time>2015-11-01T05:52:15Z</time>
      </trkpt>
      <trkpt lat="45.596682" lon="24.535538">
        <ele>1653.408</ele>
        <time>2015-11-01T05:52:24Z</time>
      </trkpt>
      <trkpt lat="45.596660" lon="24.535675">
        <ele>1654.160</ele>
        <time>2015-11-01T05:52:35Z</time>
      </trkpt>
      <trkpt lat="45.596587" lon="24.535770">
        <ele>1659.596</ele>
        <time>2015-11-01T05:52:43Z</time>
      </trkpt>
      <trkpt lat="45.596555" lon="24.535897">
        <ele>1661.380</ele>
        <time>2015-11-01T05:52:58Z</time>
      </trkpt>
      <trkpt lat="45.596526" lon="24.536023">
        <ele>1662.488</ele>
        <time>2015-11-01T05:53:09Z</time>
      </trkpt>
      <trkpt lat="45.596483" lon="24.536137">
        <ele>1664.721</ele>
        <time>2015-11-01T05:53:20Z</time>
      </trkpt>
      <trkpt lat="45.596474" lon="24.536275">
        <ele>1664.390</ele>
        <time>2015-11-01T05:53:50Z</time>
      </trkpt>
      <trkpt lat="45.596446" lon="24.536400">
        <ele>1666.211</ele>
        <time>2015-11-01T05:55:03Z</time>
      </trkpt>
      <trkpt lat="45.596414" lon="24.536528">
        <ele>1670.165</ele>
        <time>2015-11-01T05:55:15Z</time>
      </trkpt>
      <trkpt lat="45.596358" lon="24.536648">
        <ele>1675.492</ele>
        <time>2015-11-01T05:55:25Z</time>
      </trkpt>
      <trkpt lat="45.596345" lon="24.536785">
        <ele>1671.673</ele>
        <time>2015-11-01T05:55:36Z</time>
      </trkpt>
      <trkpt lat="45.596323" lon="24.536912">
        <ele>1668.020</ele>
        <time>2015-11-01T05:55:47Z</time>
      </trkpt>
      <trkpt lat="45.596298" lon="24.537040">
        <ele>1664.708</ele>
        <time>2015-11-01T05:55:56Z</time>
      </trkpt>
      <trkpt lat="45.596264" lon="24.537167">
        <ele>1662.170</ele>
        <time>2015-11-01T05:56:05Z</time>
      </trkpt>
      <trkpt lat="45.596194" lon="24.537253">
        <ele>1664.086</ele>
        <time>2015-11-01T05:57:42Z</time>
      </trkpt>
      <trkpt lat="45.596106" lon="24.537319">
        <ele>1667.860</ele>
        <time>2015-11-01T05:57:51Z</time>
      </trkpt>
      <trkpt lat="45.596032" lon="24.537414">
        <ele>1668.678</ele>
        <time>2015-11-01T05:58:01Z</time>
      </trkpt>
      <trkpt lat="45.595940" lon="24.537401">
        <ele>1672.991</ele>
        <time>2015-11-01T05:58:15Z</time>
      </trkpt>
      <trkpt lat="45.595845" lon="24.537428">
        <ele>1676.370</ele>
        <time>2015-11-01T05:58:28Z</time>
      </trkpt>
      <trkpt lat="45.595754" lon="24.537417">
        <ele>1678.741</ele>
        <time>2015-11-01T05:59:10Z</time>
      </trkpt>
      <trkpt lat="45.595665" lon="24.537356">
        <ele>1682.935</ele>
        <time>2015-11-01T05:59:29Z</time>
      </trkpt>
      <trkpt lat="45.595566" lon="24.537329">
        <ele>1686.769</ele>
        <time>2015-11-01T05:59:36Z</time>
      </trkpt>
      <trkpt lat="45.595476" lon="24.537337">
        <ele>1688.304</ele>
        <time>2015-11-01T06:00:06Z</time>
      </trkpt>
      <trkpt lat="45.595403" lon="24.537425">
        <ele>1686.124</ele>
        <time>2015-11-01T06:00:16Z</time>
      </trkpt>
      <trkpt lat="45.595316" lon="24.537476">
        <ele>1686.008</ele>
        <time>2015-11-01T06:00:25Z</time>
      </trkpt>
      <trkpt lat="45.595237" lon="24.537541">
        <ele>1685.887</ele>
        <time>2015-11-01T06:00:35Z</time>
      </trkpt>
      <trkpt lat="45.595148" lon="24.537566">
        <ele>1688.343</ele>
        <time>2015-11-01T06:00:46Z</time>
      </trkpt>
      <trkpt lat="45.595062" lon="24.537613">
        <ele>1690.487</ele>
        <time>2015-11-01T06:01:00Z</time>
      </trkpt>
      <trkpt lat="45.594970" lon="24.537604">
        <ele>1694.475</ele>
        <time>2015-11-01T06:01:17Z</time>
      </trkpt>
      <trkpt lat="45.594876" lon="24.537617">
        <ele>1698.358</ele>
        <time>2015-11-01T06:01:23Z</time>
      </trkpt>
      <trkpt lat="45.594784" lon="24.537606">
        <ele>1702.427</ele>
        <time>2015-11-01T06:01:31Z</time>
      </trkpt>
      <trkpt lat="45.594685" lon="24.537600">
        <ele>1707.548</ele>
        <time>2015-11-01T06:01:42Z</time>
      </trkpt>
      <trkpt lat="45.594594" lon="24.537625">
        <ele>1712.482</ele>
        <time>2015-11-01T06:01:53Z</time>
      </trkpt>
      <trkpt lat="45.594505" lon="24.537660">
        <ele>1716.815</ele>
        <time>2015-11-01T06:02:02Z</time>
      </trkpt>
      <trkpt lat="45.594445" lon="24.537764">
        <ele>1717.465</ele>
        <time>2015-11-01T06:02:14Z</time>
      </trkpt>
      <trkpt lat="45.594420" lon="24.537899">
        <ele>1715.211</ele>
        <time>2015-11-01T06:02:24Z</time>
      </trkpt>
      <trkpt lat="45.594423" lon="24.538029">
        <ele>1710.708</ele>
        <time>2015-11-01T06:03:36Z</time>
      </trkpt>
      <trkpt lat="45.594399" lon="24.538157">
        <ele>1706.932</ele>
        <time>2015-11-01T06:04:04Z</time>
      </trkpt>
      <trkpt lat="45.594335" lon="24.538263">
        <ele>1704.958</ele>
        <time>2015-11-01T06:04:27Z</time>
      </trkpt>
      <trkpt lat="45.594257" lon="24.538342">
        <ele>1704.162</ele>
        <time>2015-11-01T06:04:57Z</time>
      </trkpt>
      <trkpt lat="45.594198" lon="24.538449">
        <ele>1701.980</ele>
        <time>2015-11-01T06:05:04Z</time>
      </trkpt>
      <trkpt lat="45.594147" lon="24.538558">
        <ele>1700.563</ele>
        <time>2015-11-01T06:05:11Z</time>
      </trkpt>
      <trkpt lat="45.594088" lon="24.538657">
        <ele>1701.832</ele>
        <time>2015-11-01T06:05:27Z</time>
      </trkpt>
      <trkpt lat="45.594021" lon="24.538754">
        <ele>1704.413</ele>
        <time>2015-11-01T06:05:36Z</time>
      </trkpt>
      <trkpt lat="45.593932" lon="24.538785">
        <ele>1711.037</ele>
        <time>2015-11-01T06:05:57Z</time>
      </trkpt>
      <trkpt lat="45.593911" lon="24.538921">
        <ele>1709.016</ele>
        <time>2015-11-01T06:06:31Z</time>
      </trkpt>
      <trkpt lat="45.593828" lon="24.538988">
        <ele>1712.476</ele>
        <time>2015-11-01T06:07:36Z</time>
      </trkpt>
      <trkpt lat="45.593744" lon="24.539055">
        <ele>1714.913</ele>
        <time>2015-11-01T06:07:47Z</time>
      </trkpt>
      <trkpt lat="45.593672" lon="24.539137">
        <ele>1715.208</ele>
        <time>2015-11-01T06:07:57Z</time>
      </trkpt>
      <trkpt lat="45.593583" lon="24.539195">
        <ele>1717.262</ele>
        <time>2015-11-01T06:08:17Z</time>
      </trkpt>
      <trkpt lat="45.593502" lon="24.539265">
        <ele>1717.988</ele>
        <time>2015-11-01T06:08:27Z</time>
      </trkpt>
      <trkpt lat="45.593423" lon="24.539332">
        <ele>1718.552</ele>
        <time>2015-11-01T06:08:38Z</time>
      </trkpt>
      <trkpt lat="45.593333" lon="24.539397">
        <ele>1719.230</ele>
        <time>2015-11-01T06:08:47Z</time>
      </trkpt>
      <trkpt lat="45.593273" lon="24.539508">
        <ele>1719.773</ele>
        <time>2015-11-01T06:08:59Z</time>
      </trkpt>
      <trkpt lat="45.593185" lon="24.539562">
        <ele>1725.122</ele>
        <time>2015-11-01T06:09:13Z</time>
      </trkpt>
      <trkpt lat="45.593122" lon="24.539658">
        <ele>1727.873</ele>
        <time>2015-11-01T06:09:23Z</time>
      </trkpt>
      <trkpt lat="45.593091" lon="24.539780">
        <ele>1727.697</ele>
        <time>2015-11-01T06:09:35Z</time>
      </trkpt>
      <trkpt lat="45.593019" lon="24.539880">
        <ele>1729.256</ele>
        <time>2015-11-01T06:09:49Z</time>
      </trkpt>
      <trkpt lat="45.592943" lon="24.539970">
        <ele>1729.759</ele>
        <time>2015-11-01T06:09:59Z</time>
      </trkpt>
      <trkpt lat="45.592876" lon="24.540058">
        <ele>1730.914</ele>
        <time>2015-11-01T06:10:12Z</time>
      </trkpt>
      <trkpt lat="45.592825" lon="24.540174">
        <ele>1731.108</ele>
        <time>2015-11-01T06:10:26Z</time>
      </trkpt>
      <trkpt lat="45.592736" lon="24.540206">
        <ele>1732.686</ele>
        <time>2015-11-01T06:11:44Z</time>
      </trkpt>
      <trkpt lat="45.592641" lon="24.540188">
        <ele>1734.112</ele>
        <time>2015-11-01T06:12:02Z</time>
      </trkpt>
      <trkpt lat="45.592573" lon="24.540280">
        <ele>1733.266</ele>
        <time>2015-11-01T06:12:09Z</time>
      </trkpt>
      <trkpt lat="45.592594" lon="24.540409">
        <ele>1731.394</ele>
        <time>2015-11-01T06:12:28Z</time>
      </trkpt>
      <trkpt lat="45.592608" lon="24.540570">
        <ele>1729.277</ele>
        <time>2015-11-01T06:14:39Z</time>
      </trkpt>
      <trkpt lat="45.592698" lon="24.540538">
        <ele>1728.886</ele>
        <time>2015-11-01T06:15:04Z</time>
      </trkpt>
      <trkpt lat="45.592673" lon="24.540663">
        <ele>1728.647</ele>
        <time>2015-11-01T06:15:19Z</time>
      </trkpt>
      <trkpt lat="45.592768" lon="24.540675">
        <ele>1728.191</ele>
        <time>2015-11-01T06:15:32Z</time>
      </trkpt>
      <trkpt lat="45.592830" lon="24.540779">
        <ele>1728.042</ele>
        <time>2015-11-01T06:16:14Z</time>
      </trkpt>
      <trkpt lat="45.592901" lon="24.540859">
        <ele>1728.522</ele>
        <time>2015-11-01T06:16:16Z</time>
      </trkpt>
      <trkpt lat="45.592787" lon="24.540991">
        <ele>1729.114</ele>
        <time>2015-11-01T06:19:04Z</time>
      </trkpt>
      <trkpt lat="45.592804" lon="24.541143">
        <ele>1730.108</ele>
        <time>2015-11-01T06:19:12Z</time>
      </trkpt>
      <trkpt lat="45.592845" lon="24.541275">
        <ele>1730.755</ele>
        <time>2015-11-01T06:19:18Z</time>
      </trkpt>
      <trkpt lat="45.592900" lon="24.541392">
        <ele>1730.471</ele>
        <time>2015-11-01T06:19:22Z</time>
      </trkpt>
      <trkpt lat="45.592930" lon="24.541524">
        <ele>1731.285</ele>
        <time>2015-11-01T06:19:27Z</time>
      </trkpt>
      <trkpt lat="45.592951" lon="24.541662">
        <ele>1732.283</ele>
        <time>2015-11-01T06:19:37Z</time>
      </trkpt>
      <trkpt lat="45.592977" lon="24.541806">
        <ele>1734.226</ele>
        <time>2015-11-01T06:19:45Z</time>
      </trkpt>
      <trkpt lat="45.593060" lon="24.541879">
        <ele>1733.625</ele>
        <time>2015-11-01T06:19:48Z</time>
      </trkpt>
      <trkpt lat="45.593153" lon="24.541960">
        <ele>1729.936</ele>
        <time>2015-11-01T06:19:51Z</time>
      </trkpt>
      <trkpt lat="45.593068" lon="24.542023">
        <ele>1736.640</ele>
        <time>2015-11-01T06:20:15Z</time>
      </trkpt>
      <trkpt lat="45.593014" lon="24.542150">
        <ele>1741.788</ele>
        <time>2015-11-01T06:20:40Z</time>
      </trkpt>
      <trkpt lat="45.592917" lon="24.542211">
        <ele>1745.224</ele>
        <time>2015-11-01T06:21:12Z</time>
      </trkpt>
      <trkpt lat="45.592901" lon="24.542347">
        <ele>1749.126</ele>
        <time>2015-11-01T06:21:30Z</time>
      </trkpt>
      <trkpt lat="45.592938" lon="24.542513">
        <ele>1753.108</ele>
        <time>2015-11-01T06:21:36Z</time>
      </trkpt>
      <trkpt lat="45.592854" lon="24.542314">
        <ele>1748.959</ele>
        <time>2015-11-01T06:22:05Z</time>
      </trkpt>
      <trkpt lat="45.592752" lon="24.542402">
        <ele>1751.865</ele>
        <time>2015-11-01T06:22:17Z</time>
      </trkpt>
      <trkpt lat="45.592702" lon="24.542609">
        <ele>1756.249</ele>
        <time>2015-11-01T06:22:41Z</time>
      </trkpt>
      <trkpt lat="45.592750" lon="24.542732">
        <ele>1759.097</ele>
        <time>2015-11-01T06:23:03Z</time>
      </trkpt>
      <trkpt lat="45.592765" lon="24.542906">
        <ele>1764.240</ele>
        <time>2015-11-01T06:24:56Z</time>
      </trkpt>
      <trkpt lat="45.592851" lon="24.542988">
        <ele>1765.999</ele>
        <time>2015-11-01T06:25:15Z</time>
      </trkpt>
      <trkpt lat="45.592879" lon="24.543173">
        <ele>1771.530</ele>
        <time>2015-11-01T06:25:32Z</time>
      </trkpt>
      <trkpt lat="45.592742" lon="24.543161">
        <ele>1772.634</ele>
        <time>2015-11-01T06:26:21Z</time>
      </trkpt>
      <trkpt lat="45.592694" lon="24.543274">
        <ele>1776.652</ele>
        <time>2015-11-01T06:26:42Z</time>
      </trkpt>
      <trkpt lat="45.592665" lon="24.543435">
        <ele>1782.553</ele>
        <time>2015-11-01T06:27:12Z</time>
      </trkpt>
      <trkpt lat="45.592593" lon="24.543668">
        <ele>1791.408</ele>
        <time>2015-11-01T06:27:20Z</time>
      </trkpt>
      <trkpt lat="45.592523" lon="24.543771">
        <ele>1795.608</ele>
        <time>2015-11-01T06:27:21Z</time>
      </trkpt>
      <trkpt lat="45.592466" lon="24.543873">
        <ele>1799.616</ele>
        <time>2015-11-01T06:27:22Z</time>
      </trkpt>
      <trkpt lat="45.592561" lon="24.543863">
        <ele>1798.642</ele>
        <time>2015-11-01T06:27:39Z</time>
      </trkpt>
      <trkpt lat="45.592683" lon="24.543778">
        <ele>1794.716</ele>
        <time>2015-11-01T06:27:41Z</time>
      </trkpt>
      <trkpt lat="45.592707" lon="24.543621">
        <ele>1788.984</ele>
        <time>2015-11-01T06:27:54Z</time>
      </trkpt>
      <trkpt lat="45.592796" lon="24.543705">
        <ele>1791.487</ele>
        <time>2015-11-01T06:28:06Z</time>
      </trkpt>
      <trkpt lat="45.592693" lon="24.543695">
        <ele>1791.636</ele>
        <time>2015-11-01T06:28:57Z</time>
      </trkpt>
      <trkpt lat="45.592589" lon="24.543703">
        <ele>1792.737</ele>
        <time>2015-11-01T06:29:00Z</time>
      </trkpt>
      <trkpt lat="45.592470" lon="24.543779">
        <ele>1796.241</ele>
        <time>2015-11-01T06:29:16Z</time>
      </trkpt>
      <trkpt lat="45.592625" lon="24.543816">
        <ele>1796.594</ele>
        <time>2015-11-01T06:30:51Z</time>
      </trkpt>
      <trkpt lat="45.592682" lon="24.543945">
        <ele>1800.757</ele>
        <time>2015-11-01T06:30:58Z</time>
      </trkpt>
      <trkpt lat="45.592851" lon="24.544128">
        <ele>1809.422</ele>
        <time>2015-11-01T06:31:56Z</time>
      </trkpt>
      <trkpt lat="45.592983" lon="24.544253">
        <ele>1818.708</ele>
        <time>2015-11-01T06:32:17Z</time>
      </trkpt>
      <trkpt lat="45.592909" lon="24.544038">
        <ele>1806.480</ele>
        <time>2015-11-01T06:32:32Z</time>
      </trkpt>
      <trkpt lat="45.592816" lon="24.544002">
        <ele>1803.166</ele>
        <time>2015-11-01T06:32:47Z</time>
      </trkpt>
      <trkpt lat="45.592826" lon="24.544148">
        <ele>1809.640</ele>
        <time>2015-11-01T06:33:17Z</time>
      </trkpt>
      <trkpt lat="45.592823" lon="24.544304">
        <ele>1816.678</ele>
        <time>2015-11-01T06:33:40Z</time>
      </trkpt>
      <trkpt lat="45.592764" lon="24.544157">
        <ele>1808.661</ele>
        <time>2015-11-01T06:34:00Z</time>
      </trkpt>
      <trkpt lat="45.592650" lon="24.544113">
        <ele>1806.760</ele>
        <time>2015-11-01T06:34:13Z</time>
      </trkpt>
      <trkpt lat="45.592728" lon="24.544210">
        <ele>1810.861</ele>
        <time>2015-11-01T06:35:14Z</time>
      </trkpt>
      <trkpt lat="45.592754" lon="24.544336">
        <ele>1816.895</ele>
        <time>2015-11-01T06:35:32Z</time>
      </trkpt>
      <trkpt lat="45.592738" lon="24.544499">
        <ele>1824.549</ele>
        <time>2015-11-01T06:36:22Z</time>
      </trkpt>
      <trkpt lat="45.592627" lon="24.544530">
        <ele>1825.402</ele>
        <time>2015-11-01T06:37:03Z</time>
      </trkpt>
      <trkpt lat="45.592537" lon="24.544592">
        <ele>1828.222</ele>
        <time>2015-11-01T06:37:19Z</time>
      </trkpt>
      <trkpt lat="45.592529" lon="24.544720">
        <ele>1835.008</ele>
        <time>2015-11-01T06:38:36Z</time>
      </trkpt>
      <trkpt lat="45.592567" lon="24.544877">
        <ele>1843.295</ele>
        <time>2015-11-01T06:39:13Z</time>
      </trkpt>
      <trkpt lat="45.592551" lon="24.545003">
        <ele>1849.321</ele>
        <time>2015-11-01T06:40:01Z</time>
      </trkpt>
      <trkpt lat="45.592434" lon="24.544970">
        <ele>1849.185</ele>
        <time>2015-11-01T06:41:00Z</time>
      </trkpt>
      <trkpt lat="45.592462" lon="24.545117">
        <ele>1855.113</ele>
        <time>2015-11-01T06:41:38Z</time>
      </trkpt>
      <trkpt lat="45.592471" lon="24.545251">
        <ele>1861.166</ele>
        <time>2015-11-01T06:42:55Z</time>
      </trkpt>
      <trkpt lat="45.592432" lon="24.545371">
        <ele>1869.475</ele>
        <time>2015-11-01T06:43:41Z</time>
      </trkpt>
      <trkpt lat="45.592499" lon="24.545472">
        <ele>1872.246</ele>
        <time>2015-11-01T06:44:26Z</time>
      </trkpt>
      <trkpt lat="45.592441" lon="24.545572">
        <ele>1880.370</ele>
        <time>2015-11-01T06:44:37Z</time>
      </trkpt>
      <trkpt lat="45.592528" lon="24.545738">
        <ele>1889.138</ele>
        <time>2015-11-01T06:45:09Z</time>
      </trkpt>
      <trkpt lat="45.592625" lon="24.545748">
        <ele>1890.470</ele>
        <time>2015-11-01T06:45:44Z</time>
      </trkpt>
      <trkpt lat="45.592725" lon="24.545792">
        <ele>1892.717</ele>
        <time>2015-11-01T06:45:58Z</time>
      </trkpt>
      <trkpt lat="45.592761" lon="24.545951">
        <ele>1899.108</ele>
        <time>2015-11-01T06:46:18Z</time>
      </trkpt>
      <trkpt lat="45.592713" lon="24.546062">
        <ele>1904.154</ele>
        <time>2015-11-01T06:46:33Z</time>
      </trkpt>
      <trkpt lat="45.592783" lon="24.546153">
        <ele>1907.960</ele>
        <time>2015-11-01T06:48:56Z</time>
      </trkpt>
      <trkpt lat="45.592854" lon="24.546240">
        <ele>1914.214</ele>
        <time>2015-11-01T06:49:13Z</time>
      </trkpt>
      <trkpt lat="45.592797" lon="24.546349">
        <ele>1916.132</ele>
        <time>2015-11-01T06:49:47Z</time>
      </trkpt>
      <trkpt lat="45.592780" lon="24.546481">
        <ele>1918.725</ele>
        <time>2015-11-01T06:50:08Z</time>
      </trkpt>
      <trkpt lat="45.592788" lon="24.546619">
        <ele>1921.464</ele>
        <time>2015-11-01T06:50:47Z</time>
      </trkpt>
      <trkpt lat="45.592722" lon="24.546706">
        <ele>1922.355</ele>
        <time>2015-11-01T06:51:05Z</time>
      </trkpt>
      <trkpt lat="45.592658" lon="24.546818">
        <ele>1923.969</ele>
        <time>2015-11-01T06:51:28Z</time>
      </trkpt>
      <trkpt lat="45.592583" lon="24.546915">
        <ele>1925.158</ele>
        <time>2015-11-01T06:53:41Z</time>
      </trkpt>
      <trkpt lat="45.592638" lon="24.546788">
        <ele>1923.252</ele>
        <time>2015-11-01T06:54:57Z</time>
      </trkpt>
      <trkpt lat="45.592741" lon="24.546788">
        <ele>1923.917</ele>
        <time>2015-11-01T06:55:25Z</time>
      </trkpt>
      <trkpt lat="45.592672" lon="24.546872">
        <ele>1924.908</ele>
        <time>2015-11-01T06:55:48Z</time>
      </trkpt>
      <trkpt lat="45.592580" lon="24.546806">
        <ele>1923.136</ele>
        <time>2015-11-01T06:56:46Z</time>
      </trkpt>
      <trkpt lat="45.592645" lon="24.546899">
        <ele>1925.272</ele>
        <time>2015-11-01T06:57:28Z</time>
      </trkpt>
      <trkpt lat="45.592637" lon="24.547036">
        <ele>1928.866</ele>
        <time>2015-11-01T06:57:40Z</time>
      </trkpt>
      <trkpt lat="45.592574" lon="24.547144">
        <ele>1931.584</ele>
        <time>2015-11-01T06:58:00Z</time>
      </trkpt>
      <trkpt lat="45.592537" lon="24.547333">
        <ele>1937.027</ele>
        <time>2015-11-01T06:59:13Z</time>
      </trkpt>
      <trkpt lat="45.592535" lon="24.547462">
        <ele>1941.186</ele>
        <time>2015-11-01T06:59:21Z</time>
      </trkpt>
      <trkpt lat="45.592557" lon="24.547610">
        <ele>1946.017</ele>
        <time>2015-11-01T06:59:25Z</time>
      </trkpt>
      <trkpt lat="45.592635" lon="24.547748">
        <ele>1951.921</ele>
        <time>2015-11-01T07:00:04Z</time>
      </trkpt>
      <trkpt lat="45.592711" lon="24.547869">
        <ele>1958.197</ele>
        <time>2015-11-01T07:00:20Z</time>
      </trkpt>
      <trkpt lat="45.592782" lon="24.547954">
        <ele>1962.723</ele>
        <time>2015-11-01T07:00:25Z</time>
      </trkpt>
      <trkpt lat="45.592726" lon="24.547836">
        <ele>1957.125</ele>
        <time>2015-11-01T07:00:55Z</time>
      </trkpt>
      <trkpt lat="45.592653" lon="24.547733">
        <ele>1951.708</ele>
        <time>2015-11-01T07:01:23Z</time>
      </trkpt>
      <trkpt lat="45.592579" lon="24.547645">
        <ele>1947.510</ele>
        <time>2015-11-01T07:01:29Z</time>
      </trkpt>
      <trkpt lat="45.592501" lon="24.547767">
        <ele>1949.796</ele>
        <time>2015-11-01T07:01:54Z</time>
      </trkpt>
      <trkpt lat="45.592399" lon="24.547835">
        <ele>1955.650</ele>
        <time>2015-11-01T07:02:25Z</time>
      </trkpt>
      <trkpt lat="45.592331" lon="24.547924">
        <ele>1961.728</ele>
        <time>2015-11-01T07:02:46Z</time>
      </trkpt>
      <trkpt lat="45.592264" lon="24.548021">
        <ele>1968.291</ele>
        <time>2015-11-01T07:04:06Z</time>
      </trkpt>
      <trkpt lat="45.592231" lon="24.548158">
        <ele>1974.160</ele>
        <time>2015-11-01T07:04:42Z</time>
      </trkpt>
      <trkpt lat="45.592214" lon="24.547964">
        <ele>1967.091</ele>
        <time>2015-11-01T07:06:04Z</time>
      </trkpt>
      <trkpt lat="45.592240" lon="24.548093">
        <ele>1971.745</ele>
        <time>2015-11-01T07:07:33Z</time>
      </trkpt>
      <trkpt lat="45.592292" lon="24.548202">
        <ele>1974.323</ele>
        <time>2015-11-01T07:07:50Z</time>
      </trkpt>
      <trkpt lat="45.592227" lon="24.548347">
        <ele>1980.483</ele>
        <time>2015-11-01T07:09:05Z</time>
      </trkpt>
      <trkpt lat="45.592233" lon="24.548486">
        <ele>1984.911</ele>
        <time>2015-11-01T07:09:13Z</time>
      </trkpt>
      <trkpt lat="45.592233" lon="24.548295">
        <ele>1978.608</ele>
        <time>2015-11-01T07:09:35Z</time>
      </trkpt>
      <trkpt lat="45.592263" lon="24.548419">
        <ele>1982.323</ele>
        <time>2015-11-01T07:10:30Z</time>
      </trkpt>
      <trkpt lat="45.592302" lon="24.548546">
        <ele>1986.439</ele>
        <time>2015-11-01T07:10:58Z</time>
      </trkpt>
      <trkpt lat="45.592263" lon="24.548697">
        <ele>1992.183</ele>
        <time>2015-11-01T07:11:29Z</time>
      </trkpt>
      <trkpt lat="45.592355" lon="24.548679">
        <ele>1991.331</ele>
        <time>2015-11-01T07:12:23Z</time>
      </trkpt>
      <trkpt lat="45.592425" lon="24.548763">
        <ele>1994.954</ele>
        <time>2015-11-01T07:13:07Z</time>
      </trkpt>
      <trkpt lat="45.592488" lon="24.548858">
        <ele>1999.533</ele>
        <time>2015-11-01T07:13:26Z</time>
      </trkpt>
      <trkpt lat="45.592491" lon="24.548987">
        <ele>2004.574</ele>
        <time>2015-11-01T07:14:19Z</time>
      </trkpt>
      <trkpt lat="45.592496" lon="24.549117">
        <ele>2009.238</ele>
        <time>2015-11-01T07:15:04Z</time>
      </trkpt>
      <trkpt lat="45.592479" lon="24.549300">
        <ele>2015.474</ele>
        <time>2015-11-01T07:16:29Z</time>
      </trkpt>
      <trkpt lat="45.592396" lon="24.549384">
        <ele>2018.656</ele>
        <time>2015-11-01T07:17:02Z</time>
      </trkpt>
      <trkpt lat="45.592348" lon="24.549497">
        <ele>2023.221</ele>
        <time>2015-11-01T07:17:52Z</time>
      </trkpt>
      <trkpt lat="45.592242" lon="24.549595">
        <ele>2027.408</ele>
        <time>2015-11-01T07:18:50Z</time>
      </trkpt>
      <trkpt lat="45.592220" lon="24.549722">
        <ele>2032.058</ele>
        <time>2015-11-01T07:19:14Z</time>
      </trkpt>
      <trkpt lat="45.592133" lon="24.549780">
        <ele>2032.694</ele>
        <time>2015-11-01T07:19:35Z</time>
      </trkpt>
      <trkpt lat="45.592042" lon="24.549811">
        <ele>2032.758</ele>
        <time>2015-11-01T07:19:51Z</time>
      </trkpt>
      <trkpt lat="45.591991" lon="24.549922">
        <ele>2035.756</ele>
        <time>2015-11-01T07:20:33Z</time>
      </trkpt>
      <trkpt lat="45.591911" lon="24.549993">
        <ele>2038.339</ele>
        <time>2015-11-01T07:21:38Z</time>
      </trkpt>
      <trkpt lat="45.591857" lon="24.550100">
        <ele>2042.528</ele>
        <time>2015-11-01T07:22:30Z</time>
      </trkpt>
      <trkpt lat="45.591784" lon="24.550181">
        <ele>2046.239</ele>
        <time>2015-11-01T07:26:58Z</time>
      </trkpt>
      <trkpt lat="45.591813" lon="24.550306">
        <ele>2049.973</ele>
        <time>2015-11-01T07:27:48Z</time>
      </trkpt>
      <trkpt lat="45.591831" lon="24.550438">
        <ele>2054.156</ele>
        <time>2015-11-01T07:28:00Z</time>
      </trkpt>
      <trkpt lat="45.591746" lon="24.550490">
        <ele>2057.359</ele>
        <time>2015-11-01T07:30:35Z</time>
      </trkpt>
      <trkpt lat="45.591651" lon="24.550496">
        <ele>2059.014</ele>
        <time>2015-11-01T07:30:48Z</time>
      </trkpt>
      <trkpt lat="45.591578" lon="24.550579">
        <ele>2062.408</ele>
        <time>2015-11-01T07:33:45Z</time>
      </trkpt>
      <trkpt lat="45.591565" lon="24.550706">
        <ele>2066.866</ele>
        <time>2015-11-01T07:34:56Z</time>
      </trkpt>
      <trkpt lat="45.591486" lon="24.550782">
        <ele>2070.262</ele>
        <time>2015-11-01T07:35:07Z</time>
      </trkpt>
      <trkpt lat="45.591427" lon="24.550884">
        <ele>2074.016</ele>
        <time>2015-11-01T07:35:32Z</time>
      </trkpt>
      <trkpt lat="45.591391" lon="24.551005">
        <ele>2077.924</ele>
        <time>2015-11-01T07:38:09Z</time>
      </trkpt>
      <trkpt lat="45.591318" lon="24.551096">
        <ele>2082.817</ele>
        <time>2015-11-01T07:38:23Z</time>
      </trkpt>
      <trkpt lat="45.591261" lon="24.551198">
        <ele>2087.836</ele>
        <time>2015-11-01T07:39:52Z</time>
      </trkpt>
      <trkpt lat="45.591182" lon="24.551275">
        <ele>2092.697</ele>
        <time>2015-11-01T07:40:05Z</time>
      </trkpt>
      <trkpt lat="45.591137" lon="24.551396">
        <ele>2097.531</ele>
        <time>2015-11-01T07:40:52Z</time>
      </trkpt>
      <trkpt lat="45.591082" lon="24.551502">
        <ele>2103.994</ele>
        <time>2015-11-01T07:43:29Z</time>
      </trkpt>
      <trkpt lat="45.591010" lon="24.551583">
        <ele>2112.057</ele>
        <time>2015-11-01T07:44:31Z</time>
      </trkpt>
      <trkpt lat="45.590919" lon="24.551631">
        <ele>2120.722</ele>
        <time>2015-11-01T07:45:35Z</time>
      </trkpt>
      <trkpt lat="45.590837" lon="24.551700">
        <ele>2129.308</ele>
        <time>2015-11-01T07:45:57Z</time>
      </trkpt>
      <trkpt lat="45.590743" lon="24.551730">
        <ele>2136.910</ele>
        <time>2015-11-01T07:47:21Z</time>
      </trkpt>
      <trkpt lat="45.590746" lon="24.551861">
        <ele>2138.996</ele>
        <time>2015-11-01T07:48:32Z</time>
      </trkpt>
      <trkpt lat="45.590656" lon="24.551825">
        <ele>2144.970</ele>
        <time>2015-11-01T07:48:45Z</time>
      </trkpt>
      <trkpt lat="45.590574" lon="24.551882">
        <ele>2151.858</ele>
        <time>2015-11-01T07:49:22Z</time>
      </trkpt>
      <trkpt lat="45.590484" lon="24.551920">
        <ele>2156.731</ele>
        <time>2015-11-01T07:50:12Z</time>
      </trkpt>
      <trkpt lat="45.590393" lon="24.551922">
        <ele>2160.680</ele>
        <time>2015-11-01T07:51:06Z</time>
      </trkpt>
      <trkpt lat="45.590309" lon="24.551975">
        <ele>2165.331</ele>
        <time>2015-11-01T07:53:50Z</time>
      </trkpt>
      <trkpt lat="45.590227" lon="24.552033">
        <ele>2170.135</ele>
        <time>2015-11-01T07:54:24Z</time>
      </trkpt>
      <trkpt lat="45.590143" lon="24.551971">
        <ele>2171.731</ele>
        <time>2015-11-01T07:55:21Z</time>
      </trkpt>
      <trkpt lat="45.590052" lon="24.551964">
        <ele>2174.961</ele>
        <time>2015-11-01T07:56:19Z</time>
      </trkpt>
      <trkpt lat="45.589962" lon="24.551955">
        <ele>2179.507</ele>
        <time>2015-11-01T07:57:11Z</time>
      </trkpt>
      <trkpt lat="45.589894" lon="24.551866">
        <ele>2183.008</ele>
        <time>2015-11-01T07:59:25Z</time>
      </trkpt>
      <trkpt lat="45.589793" lon="24.551869">
        <ele>2190.694</ele>
        <time>2015-11-01T07:59:41Z</time>
      </trkpt>
      <trkpt lat="45.589705" lon="24.551836">
        <ele>2196.170</ele>
        <time>2015-11-01T08:02:15Z</time>
      </trkpt>
      <trkpt lat="45.589607" lon="24.551845">
        <ele>2203.164</ele>
        <time>2015-11-01T08:03:08Z</time>
      </trkpt>
      <trkpt lat="45.589519" lon="24.551797">
        <ele>2207.622</ele>
        <time>2015-11-01T08:03:29Z</time>
      </trkpt>
      <trkpt lat="45.589436" lon="24.551726">
        <ele>2210.645</ele>
        <time>2015-11-01T08:03:46Z</time>
      </trkpt>
      <trkpt lat="45.589342" lon="24.551705">
        <ele>2215.454</ele>
        <time>2015-11-01T08:03:55Z</time>
      </trkpt>
      <trkpt lat="45.589274" lon="24.551620">
        <ele>2215.455</ele>
        <time>2015-11-01T08:04:08Z</time>
      </trkpt>
      <trkpt lat="45.589171" lon="24.551595">
        <ele>2219.929</ele>
        <time>2015-11-01T08:04:36Z</time>
      </trkpt>
      <trkpt lat="45.589078" lon="24.551574">
        <ele>2226.617</ele>
        <time>2015-11-01T08:04:53Z</time>
      </trkpt>
      <trkpt lat="45.589025" lon="24.551466">
        <ele>2225.087</ele>
        <time>2015-11-01T08:05:13Z</time>
      </trkpt>
      <trkpt lat="45.588934" lon="24.551435">
        <ele>2230.915</ele>
        <time>2015-11-01T08:05:26Z</time>
      </trkpt>
      <trkpt lat="45.588851" lon="24.551381">
        <ele>2234.908</ele>
        <time>2015-11-01T08:05:56Z</time>
      </trkpt>
      <trkpt lat="45.588757" lon="24.551355">
        <ele>2241.622</ele>
        <time>2015-11-01T08:06:56Z</time>
      </trkpt>
      <trkpt lat="45.588675" lon="24.551300">
        <ele>2244.858</ele>
        <time>2015-11-01T08:07:23Z</time>
      </trkpt>
      <trkpt lat="45.588584" lon="24.551327">
        <ele>2254.072</ele>
        <time>2015-11-01T08:08:41Z</time>
      </trkpt>
      <trkpt lat="45.588530" lon="24.551224">
        <ele>2250.080</ele>
        <time>2015-11-01T08:10:01Z</time>
      </trkpt>
      <trkpt lat="45.588437" lon="24.551251">
        <ele>2258.223</ele>
        <time>2015-11-01T08:11:17Z</time>
      </trkpt>
      <trkpt lat="45.588348" lon="24.551271">
        <ele>2265.412</ele>
        <time>2015-11-01T08:15:30Z</time>
      </trkpt>
      <trkpt lat="45.588250" lon="24.551258">
        <ele>2271.593</ele>
        <time>2015-11-01T08:15:49Z</time>
      </trkpt>
      <trkpt lat="45.588156" lon="24.551270">
        <ele>2278.827</ele>
        <time>2015-11-01T08:16:02Z</time>
      </trkpt>
      <trkpt lat="45.588067" lon="24.551290">
        <ele>2285.964</ele>
        <time>2015-11-01T08:16:41Z</time>
      </trkpt>
      <trkpt lat="45.587977" lon="24.551252">
        <ele>2290.606</ele>
        <time>2015-11-01T08:16:55Z</time>
      </trkpt>
      <trkpt lat="45.587882" lon="24.551238">
        <ele>2296.616</ele>
        <time>2015-11-01T08:21:34Z</time>
      </trkpt>
      <trkpt lat="45.587798" lon="24.551285">
        <ele>2304.708</ele>
        <time>2015-11-01T08:22:50Z</time>
      </trkpt>
      <trkpt lat="45.587762" lon="24.551409">
        <ele>2312.657</ele>
        <time>2015-11-01T08:24:00Z</time>
      </trkpt>
      <trkpt lat="45.587728" lon="24.551532">
        <ele>2319.163</ele>
        <time>2015-11-01T08:26:02Z</time>
      </trkpt>
      <trkpt lat="45.587768" lon="24.551651">
        <ele>2321.857</ele>
        <time>2015-11-01T08:26:23Z</time>
      </trkpt>
      <trkpt lat="45.587857" lon="24.551635">
        <ele>2315.585</ele>
        <time>2015-11-01T08:27:07Z</time>
      </trkpt>
      <trkpt lat="45.587854" lon="24.551764">
        <ele>2321.488</ele>
        <time>2015-11-01T08:28:57Z</time>
      </trkpt>
      <trkpt lat="45.587848" lon="24.551901">
        <ele>2328.087</ele>
        <time>2015-11-01T08:29:57Z</time>
      </trkpt>
      <trkpt lat="45.587759" lon="24.551916">
        <ele>2334.218</ele>
        <time>2015-11-01T08:31:43Z</time>
      </trkpt>
      <trkpt lat="45.587677" lon="24.551970">
        <ele>2338.772</ele>
        <time>2015-11-01T08:32:27Z</time>
      </trkpt>
      <trkpt lat="45.587586" lon="24.551991">
        <ele>2341.955</ele>
        <time>2015-11-01T08:33:40Z</time>
      </trkpt>
      <trkpt lat="45.587494" lon="24.552011">
        <ele>2344.807</ele>
        <time>2015-11-01T08:34:30Z</time>
      </trkpt>
      <trkpt lat="45.587455" lon="24.552137">
        <ele>2347.617</ele>
        <time>2015-11-01T08:35:12Z</time>
      </trkpt>
      <trkpt lat="45.587435" lon="24.552005">
        <ele>2343.508</ele>
        <time>2015-11-01T08:37:05Z</time>
      </trkpt>
      <trkpt lat="45.587381" lon="24.552114">
        <ele>2345.516</ele>
        <time>2015-11-01T08:47:23Z</time>
      </trkpt>
      <trkpt lat="45.587392" lon="24.552247">
        <ele>2349.682</ele>
        <time>2015-11-01T08:48:53Z</time>
      </trkpt>
      <trkpt lat="45.587412" lon="24.552374">
        <ele>2354.836</ele>
        <time>2015-11-01T08:49:12Z</time>
      </trkpt>
      <trkpt lat="45.587407" lon="24.552510">
        <ele>2359.924</ele>
        <time>2015-11-01T08:50:04Z</time>
      </trkpt>
      <trkpt lat="45.587368" lon="24.552639">
        <ele>2365.187</ele>
        <time>2015-11-01T08:50:20Z</time>
      </trkpt>
      <trkpt lat="45.587407" lon="24.552765">
        <ele>2373.966</ele>
        <time>2015-11-01T08:50:54Z</time>
      </trkpt>
      <trkpt lat="45.587375" lon="24.552890">
        <ele>2377.087</ele>
        <time>2015-11-01T08:51:09Z</time>
      </trkpt>
      <trkpt lat="45.587294" lon="24.552968">
        <ele>2375.871</ele>
        <time>2015-11-01T08:52:04Z</time>
      </trkpt>
      <trkpt lat="45.587287" lon="24.553099">
        <ele>2380.913</ele>
        <time>2015-11-01T08:52:22Z</time>
      </trkpt>
      <trkpt lat="45.587244" lon="24.553237">
        <ele>2384.843</ele>
        <time>2015-11-01T08:52:41Z</time>
      </trkpt>
      <trkpt lat="45.587246" lon="24.553367">
        <ele>2390.507</ele>
        <time>2015-11-01T08:54:03Z</time>
      </trkpt>
      <trkpt lat="45.587240" lon="24.553498">
        <ele>2395.808</ele>
        <time>2015-11-01T08:55:01Z</time>
      </trkpt>
      <trkpt lat="45.587202" lon="24.553620">
        <ele>2399.092</ele>
        <time>2015-11-01T08:55:37Z</time>
      </trkpt>
      <trkpt lat="45.587132" lon="24.553715">
        <ele>2397.868</ele>
        <time>2015-11-01T08:56:23Z</time>
      </trkpt>
      <trkpt lat="45.587143" lon="24.553850">
        <ele>2403.212</ele>
        <time>2015-11-01T08:56:51Z</time>
      </trkpt>
      <trkpt lat="45.587089" lon="24.553954">
        <ele>2403.570</ele>
        <time>2015-11-01T08:57:54Z</time>
      </trkpt>
      <trkpt lat="45.587060" lon="24.554076">
        <ele>2406.493</ele>
        <time>2015-11-01T08:58:12Z</time>
      </trkpt>
      <trkpt lat="45.587043" lon="24.554209">
        <ele>2410.952</ele>
        <time>2015-11-01T08:58:44Z</time>
      </trkpt>
      <trkpt lat="45.586982" lon="24.554323">
        <ele>2412.983</ele>
        <time>2015-11-01T09:00:39Z</time>
      </trkpt>
      <trkpt lat="45.586942" lon="24.554450">
        <ele>2417.127</ele>
        <time>2015-11-01T09:00:53Z</time>
      </trkpt>
      <trkpt lat="45.586925" lon="24.554585">
        <ele>2422.594</ele>
        <time>2015-11-01T09:01:06Z</time>
      </trkpt>
      <trkpt lat="45.586886" lon="24.554706">
        <ele>2425.757</ele>
        <time>2015-11-01T09:01:28Z</time>
      </trkpt>
      <trkpt lat="45.586827" lon="24.554805">
        <ele>2425.822</ele>
        <time>2015-11-01T09:01:46Z</time>
      </trkpt>
      <trkpt lat="45.586767" lon="24.554917">
        <ele>2426.208</ele>
        <time>2015-11-01T09:02:05Z</time>
      </trkpt>
      <trkpt lat="45.586707" lon="24.555025">
        <ele>2426.670</ele>
        <time>2015-11-01T09:02:17Z</time>
      </trkpt>
      <trkpt lat="45.586629" lon="24.555099">
        <ele>2425.366</ele>
        <time>2015-11-01T09:02:27Z</time>
      </trkpt>
      <trkpt lat="45.586546" lon="24.555168">
        <ele>2422.990</ele>
        <time>2015-11-01T09:03:04Z</time>
      </trkpt>
      <trkpt lat="45.586527" lon="24.555296">
        <ele>2426.948</ele>
        <time>2015-11-01T09:03:29Z</time>
      </trkpt>
      <trkpt lat="45.586491" lon="24.555420">
        <ele>2431.111</ele>
        <time>2015-11-01T09:03:43Z</time>
      </trkpt>
      <trkpt lat="45.586462" lon="24.555545">
        <ele>2436.490</ele>
        <time>2015-11-01T09:04:33Z</time>
      </trkpt>
      <trkpt lat="45.586400" lon="24.555656">
        <ele>2438.611</ele>
        <time>2015-11-01T09:04:42Z</time>
      </trkpt>
      <trkpt lat="45.586366" lon="24.555780">
        <ele>2442.625</ele>
        <time>2015-11-01T09:04:54Z</time>
      </trkpt>
      <trkpt lat="45.586287" lon="24.555866">
        <ele>2440.419</ele>
        <time>2015-11-01T09:05:06Z</time>
      </trkpt>
      <trkpt lat="45.586240" lon="24.555988">
        <ele>2442.109</ele>
        <time>2015-11-01T09:05:22Z</time>
      </trkpt>
      <trkpt lat="45.586205" lon="24.556114">
        <ele>2446.219</ele>
        <time>2015-11-01T09:05:39Z</time>
      </trkpt>
      <trkpt lat="45.586142" lon="24.556216">
        <ele>2449.208</ele>
        <time>2015-11-01T09:06:28Z</time>
      </trkpt>
      <trkpt lat="45.586076" lon="24.556312">
        <ele>2451.982</ele>
        <time>2015-11-01T09:06:38Z</time>
      </trkpt>
      <trkpt lat="45.585993" lon="24.556381">
        <ele>2451.918</ele>
        <time>2015-11-01T09:06:56Z</time>
      </trkpt>
      <trkpt lat="45.585927" lon="24.556476">
        <ele>2455.442</ele>
        <time>2015-11-01T09:07:16Z</time>
      </trkpt>
      <trkpt lat="45.585916" lon="24.556604">
        <ele>2464.290</ele>
        <time>2015-11-01T09:10:15Z</time>
      </trkpt>
      <trkpt lat="45.585851" lon="24.556715">
        <ele>2470.623</ele>
        <time>2015-11-01T09:11:56Z</time>
      </trkpt>
      <trkpt lat="45.585775" lon="24.556787">
        <ele>2473.022</ele>
        <time>2015-11-01T09:14:02Z</time>
      </trkpt>
      <trkpt lat="45.585694" lon="24.556854">
        <ele>2476.133</ele>
        <time>2015-11-01T09:14:57Z</time>
      </trkpt>
      <trkpt lat="45.585671" lon="24.556987">
        <ele>2482.717</ele>
        <time>2015-11-01T09:16:48Z</time>
      </trkpt>
      <trkpt lat="45.585590" lon="24.557058">
        <ele>2486.296</ele>
        <time>2015-11-01T09:18:13Z</time>
      </trkpt>
      <trkpt lat="45.585594" lon="24.557188">
        <ele>2490.331</ele>
        <time>2015-11-01T09:19:33Z</time>
      </trkpt>
      <trkpt lat="45.585528" lon="24.557304">
        <ele>2494.824</ele>
        <time>2015-11-01T09:21:35Z</time>
      </trkpt>
      <trkpt lat="45.585465" lon="24.557402">
        <ele>2497.308</ele>
        <time>2015-11-01T09:22:34Z</time>
      </trkpt>
      <trkpt lat="45.585388" lon="24.557472">
        <ele>2497.920</ele>
        <time>2015-11-01T09:27:31Z</time>
      </trkpt>
      <trkpt lat="45.585312" lon="24.557548">
        <ele>2498.266</ele>
        <time>2015-11-01T09:27:54Z</time>
      </trkpt>
      <trkpt lat="45.585263" lon="24.557663">
        <ele>2500.940</ele>
        <time>2015-11-01T09:28:09Z</time>
      </trkpt>
      <trkpt lat="45.585204" lon="24.557765">
        <ele>2502.538</ele>
        <time>2015-11-01T09:28:19Z</time>
      </trkpt>
      <trkpt lat="45.585162" lon="24.557884">
        <ele>2504.251</ele>
        <time>2015-11-01T09:28:43Z</time>
      </trkpt>
      <trkpt lat="45.585143" lon="24.558025">
        <ele>2506.960</ele>
        <time>2015-11-01T09:30:51Z</time>
      </trkpt>
      <trkpt lat="45.585109" lon="24.558151">
        <ele>2507.271</ele>
        <time>2015-11-01T09:31:01Z</time>
      </trkpt>
      <trkpt lat="45.585061" lon="24.558261">
        <ele>2507.895</ele>
        <time>2015-11-01T09:31:11Z</time>
      </trkpt>
      <trkpt lat="45.585037" lon="24.558397">
        <ele>2508.759</ele>
        <time>2015-11-01T09:31:24Z</time>
      </trkpt>
      <trkpt lat="45.585083" lon="24.558512">
        <ele>2507.303</ele>
        <time>2015-11-01T09:34:14Z</time>
      </trkpt>
      <trkpt lat="45.585010" lon="24.558596">
        <ele>2508.723</ele>
        <time>2015-11-01T10:16:35Z</time>
      </trkpt>
      <trkpt lat="45.585068" lon="24.558494">
        <ele>2507.708</ele>
        <time>2015-11-01T10:17:10Z</time>
      </trkpt>
      <trkpt lat="45.585048" lon="24.558365">
        <ele>2508.836</ele>
        <time>2015-11-01T10:20:43Z</time>
      </trkpt>
      <trkpt lat="45.585055" lon="24.558226">
        <ele>2507.192</ele>
        <time>2015-11-01T10:24:40Z</time>
      </trkpt>
      <trkpt lat="45.585079" lon="24.558099">
        <ele>2505.756</ele>
        <time>2015-11-01T10:24:48Z</time>
      </trkpt>
      <trkpt lat="45.585123" lon="24.557981">
        <ele>2505.294</ele>
        <time>2015-11-01T10:24:58Z</time>
      </trkpt>
      <trkpt lat="45.585165" lon="24.557854">
        <ele>2503.657</ele>
        <time>2015-11-01T10:25:06Z</time>
      </trkpt>
      <trkpt lat="45.585199" lon="24.557731">
        <ele>2501.486</ele>
        <time>2015-11-01T10:25:16Z</time>
      </trkpt>
      <trkpt lat="45.585252" lon="24.557626">
        <ele>2499.587</ele>
        <time>2015-11-01T10:25:26Z</time>
      </trkpt>
      <trkpt lat="45.585310" lon="24.557519">
        <ele>2497.431</ele>
        <time>2015-11-01T10:25:40Z</time>
      </trkpt>
      <trkpt lat="45.585399" lon="24.557479">
        <ele>2498.458</ele>
        <time>2015-11-01T10:26:02Z</time>
      </trkpt>
      <trkpt lat="45.585496" lon="24.557469">
        <ele>2500.452</ele>
        <time>2015-11-01T10:26:46Z</time>
      </trkpt>
      <trkpt lat="45.585467" lon="24.557343">
        <ele>2495.317</ele>
        <time>2015-11-01T10:28:19Z</time>
      </trkpt>
      <trkpt lat="45.585543" lon="24.557262">
        <ele>2493.408</ele>
        <time>2015-11-01T10:30:02Z</time>
      </trkpt>
      <trkpt lat="45.585633" lon="24.557183">
        <ele>2489.636</ele>
        <time>2015-11-01T10:31:20Z</time>
      </trkpt>
      <trkpt lat="45.585552" lon="24.557100">
        <ele>2488.022</ele>
        <time>2015-11-01T10:32:23Z</time>
      </trkpt>
      <trkpt lat="45.585522" lon="24.556972">
        <ele>2484.046</ele>
        <time>2015-11-01T10:34:29Z</time>
      </trkpt>
      <trkpt lat="45.585606" lon="24.556904">
        <ele>2479.634</ele>
        <time>2015-11-01T10:36:41Z</time>
      </trkpt>
      <trkpt lat="45.585674" lon="24.556816">
        <ele>2474.037</ele>
        <time>2015-11-01T10:38:01Z</time>
      </trkpt>
      <trkpt lat="45.585722" lon="24.556704">
        <ele>2468.556</ele>
        <time>2015-11-01T10:38:44Z</time>
      </trkpt>
      <trkpt lat="45.585814" lon="24.556725">
        <ele>2470.887</ele>
        <time>2015-11-01T10:39:20Z</time>
      </trkpt>
      <trkpt lat="45.585874" lon="24.556628">
        <ele>2465.861</ele>
        <time>2015-11-01T10:43:56Z</time>
      </trkpt>
      <trkpt lat="45.585917" lon="24.556514">
        <ele>2457.865</ele>
        <time>2015-11-01T10:45:06Z</time>
      </trkpt>
      <trkpt lat="45.585966" lon="24.556402">
        <ele>2452.068</ele>
        <time>2015-11-01T10:46:58Z</time>
      </trkpt>
      <trkpt lat="45.586025" lon="24.556293">
        <ele>2447.714</ele>
        <time>2015-11-01T10:47:12Z</time>
      </trkpt>
      <trkpt lat="45.586085" lon="24.556197">
        <ele>2445.808</ele>
        <time>2015-11-01T10:47:23Z</time>
      </trkpt>
      <trkpt lat="45.586150" lon="24.556107">
        <ele>2444.087</ele>
        <time>2015-11-01T10:47:40Z</time>
      </trkpt>
      <trkpt lat="45.586202" lon="24.555999">
        <ele>2440.723</ele>
        <time>2015-11-01T10:48:33Z</time>
      </trkpt>
      <trkpt lat="45.586231" lon="24.555874">
        <ele>2436.877</ele>
        <time>2015-11-01T10:48:58Z</time>
      </trkpt>
      <trkpt lat="45.586289" lon="24.555764">
        <ele>2436.185</ele>
        <time>2015-11-01T10:49:20Z</time>
      </trkpt>
      <trkpt lat="45.586367" lon="24.555693">
        <ele>2438.438</ele>
        <time>2015-11-01T10:49:37Z</time>
      </trkpt>
      <trkpt lat="45.586422" lon="24.555586">
        <ele>2436.247</ele>
        <time>2015-11-01T10:50:05Z</time>
      </trkpt>
      <trkpt lat="45.586457" lon="24.555466">
        <ele>2431.668</ele>
        <time>2015-11-01T10:50:46Z</time>
      </trkpt>
      <trkpt lat="45.586500" lon="24.555348">
        <ele>2427.842</ele>
        <time>2015-11-01T10:50:56Z</time>
      </trkpt>
      <trkpt lat="45.586528" lon="24.555215">
        <ele>2423.579</ele>
        <time>2015-11-01T10:51:11Z</time>
      </trkpt>
      <trkpt lat="45.586596" lon="24.555120">
        <ele>2424.105</ele>
        <time>2015-11-01T10:51:24Z</time>
      </trkpt>
      <trkpt lat="45.586665" lon="24.555034">
        <ele>2424.525</ele>
        <time>2015-11-01T10:51:40Z</time>
      </trkpt>
      <trkpt lat="45.586729" lon="24.554932">
        <ele>2424.408</ele>
        <time>2015-11-01T10:51:57Z</time>
      </trkpt>
      <trkpt lat="45.586795" lon="24.554831">
        <ele>2424.848</ele>
        <time>2015-11-01T10:52:09Z</time>
      </trkpt>
      <trkpt lat="45.586842" lon="24.554708">
        <ele>2423.174</ele>
        <time>2015-11-01T10:52:35Z</time>
      </trkpt>
      <trkpt lat="45.586883" lon="24.554585">
        <ele>2420.048</ele>
        <time>2015-11-01T10:52:46Z</time>
      </trkpt>
      <trkpt lat="45.586932" lon="24.554468">
        <ele>2417.446</ele>
        <time>2015-11-01T10:52:56Z</time>
      </trkpt>
      <trkpt lat="45.586958" lon="24.554343">
        <ele>2412.699</ele>
        <time>2015-11-01T10:53:10Z</time>
      </trkpt>
      <trkpt lat="45.586986" lon="24.554218">
        <ele>2408.028</ele>
        <time>2015-11-01T10:53:30Z</time>
      </trkpt>
      <trkpt lat="45.587037" lon="24.554104">
        <ele>2406.139</ele>
        <time>2015-11-01T10:53:45Z</time>
      </trkpt>
      <trkpt lat="45.587063" lon="24.553981">
        <ele>2402.883</ele>
        <time>2015-11-01T10:54:18Z</time>
      </trkpt>
      <trkpt lat="45.587109" lon="24.553868">
        <ele>2401.542</ele>
        <time>2015-11-01T10:54:53Z</time>
      </trkpt>
      <trkpt lat="45.587130" lon="24.553741">
        <ele>2398.522</ele>
        <time>2015-11-01T10:55:03Z</time>
      </trkpt>
      <trkpt lat="45.587166" lon="24.553617">
        <ele>2396.614</ele>
        <time>2015-11-01T10:55:18Z</time>
      </trkpt>
      <trkpt lat="45.587172" lon="24.553486">
        <ele>2391.708</ele>
        <time>2015-11-01T10:57:36Z</time>
      </trkpt>
      <trkpt lat="45.587205" lon="24.553363">
        <ele>2388.455</ele>
        <time>2015-11-01T10:59:00Z</time>
      </trkpt>
      <trkpt lat="45.587232" lon="24.553236">
        <ele>2384.261</ele>
        <time>2015-11-01T10:59:08Z</time>
      </trkpt>
      <trkpt lat="45.587282" lon="24.553121">
        <ele>2381.695</ele>
        <time>2015-11-01T11:00:16Z</time>
      </trkpt>
      <trkpt lat="45.587324" lon="24.553007">
        <ele>2378.963</ele>
        <time>2015-11-01T11:00:27Z</time>
      </trkpt>
      <trkpt lat="45.587346" lon="24.552879">
        <ele>2375.016</ele>
        <time>2015-11-01T11:00:42Z</time>
      </trkpt>
      <trkpt lat="45.587405" lon="24.552775">
        <ele>2374.485</ele>
        <time>2015-11-01T11:00:56Z</time>
      </trkpt>
      <trkpt lat="45.587375" lon="24.552652">
        <ele>2366.176</ele>
        <time>2015-11-01T11:01:18Z</time>
      </trkpt>
      <trkpt lat="45.587419" lon="24.552530">
        <ele>2361.590</ele>
        <time>2015-11-01T11:01:30Z</time>
      </trkpt>
      <trkpt lat="45.587431" lon="24.552392">
        <ele>2356.143</ele>
        <time>2015-11-01T11:01:44Z</time>
      </trkpt>
      <trkpt lat="45.587404" lon="24.552266">
        <ele>2350.564</ele>
        <time>2015-11-01T11:04:36Z</time>
      </trkpt>
      <trkpt lat="45.587373" lon="24.552139">
        <ele>2346.010</ele>
        <time>2015-11-01T11:05:16Z</time>
      </trkpt>
      <trkpt lat="45.587466" lon="24.552118">
        <ele>2347.308</ele>
        <time>2015-11-01T11:06:47Z</time>
      </trkpt>
      <trkpt lat="45.587495" lon="24.551994">
        <ele>2344.345</ele>
        <time>2015-11-01T11:07:34Z</time>
      </trkpt>
      <trkpt lat="45.587590" lon="24.551983">
        <ele>2341.631</ele>
        <time>2015-11-01T11:08:52Z</time>
      </trkpt>
      <trkpt lat="45.587677" lon="24.551941">
        <ele>2337.865</ele>
        <time>2015-11-01T11:09:35Z</time>
      </trkpt>
      <trkpt lat="45.587770" lon="24.551949">
        <ele>2335.453</ele>
        <time>2015-11-01T11:10:41Z</time>
      </trkpt>
      <trkpt lat="45.587861" lon="24.551945">
        <ele>2329.096</ele>
        <time>2015-11-01T11:11:28Z</time>
      </trkpt>
      <trkpt lat="45.587858" lon="24.551815">
        <ele>2323.465</ele>
        <time>2015-11-01T11:13:28Z</time>
      </trkpt>
      <trkpt lat="45.587881" lon="24.551689">
        <ele>2316.386</ele>
        <time>2015-11-01T11:17:49Z</time>
      </trkpt>
      <trkpt lat="45.587788" lon="24.551661">
        <ele>2321.110</ele>
        <time>2015-11-01T11:20:25Z</time>
      </trkpt>
      <trkpt lat="45.587761" lon="24.551536">
        <ele>2317.639</ele>
        <time>2015-11-01T11:21:25Z</time>
      </trkpt>
      <trkpt lat="45.587807" lon="24.551422">
        <ele>2310.201</ele>
        <time>2015-11-01T11:24:38Z</time>
      </trkpt>
      <trkpt lat="45.587818" lon="24.551287">
        <ele>2303.421</ele>
        <time>2015-11-01T11:25:38Z</time>
      </trkpt>
      <trkpt lat="45.587897" lon="24.551348">
        <ele>2300.608</ele>
        <time>2015-11-01T11:28:12Z</time>
      </trkpt>
      <trkpt lat="45.587988" lon="24.551349">
        <ele>2294.114</ele>
        <time>2015-11-01T11:28:26Z</time>
      </trkpt>
      <trkpt lat="45.588074" lon="24.551297">
        <ele>2285.840</ele>
        <time>2015-11-01T11:29:03Z</time>
      </trkpt>
      <trkpt lat="45.588172" lon="24.551310">
        <ele>2279.894</ele>
        <time>2015-11-01T11:29:17Z</time>
      </trkpt>
      <trkpt lat="45.588263" lon="24.551328">
        <ele>2274.732</ele>
        <time>2015-11-01T11:29:33Z</time>
      </trkpt>
      <trkpt lat="45.588357" lon="24.551313">
        <ele>2267.635</ele>
        <time>2015-11-01T11:33:23Z</time>
      </trkpt>
      <trkpt lat="45.588430" lon="24.551236">
        <ele>2257.654</ele>
        <time>2015-11-01T11:34:28Z</time>
      </trkpt>
      <trkpt lat="45.588524" lon="24.551239">
        <ele>2251.595</ele>
        <time>2015-11-01T11:34:57Z</time>
      </trkpt>
      <trkpt lat="45.588579" lon="24.551344">
        <ele>2255.699</ele>
        <time>2015-11-01T11:35:32Z</time>
      </trkpt>
      <trkpt lat="45.588667" lon="24.551313">
        <ele>2246.589</ele>
        <time>2015-11-01T11:37:05Z</time>
      </trkpt>
      <trkpt lat="45.588754" lon="24.551345">
        <ele>2241.106</ele>
        <time>2015-11-01T11:37:36Z</time>
      </trkpt>
      <trkpt lat="45.588845" lon="24.551379">
        <ele>2235.326</ele>
        <time>2015-11-01T11:37:50Z</time>
      </trkpt>
      <trkpt lat="45.588934" lon="24.551407">
        <ele>2229.308</ele>
        <time>2015-11-01T11:38:40Z</time>
      </trkpt>
      <trkpt lat="45.589031" lon="24.551455">
        <ele>2223.949</ele>
        <time>2015-11-01T11:38:58Z</time>
      </trkpt>
      <trkpt lat="45.589110" lon="24.551519">
        <ele>2220.855</ele>
        <time>2015-11-01T11:39:15Z</time>
      </trkpt>
      <trkpt lat="45.589175" lon="24.551617">
        <ele>2220.899</ele>
        <time>2015-11-01T11:39:24Z</time>
      </trkpt>
      <trkpt lat="45.589267" lon="24.551630">
        <ele>2216.357</ele>
        <time>2015-11-01T11:39:39Z</time>
      </trkpt>
      <trkpt lat="45.589349" lon="24.551688">
        <ele>2214.310</ele>
        <time>2015-11-01T11:39:50Z</time>
      </trkpt>
      <trkpt lat="45.589437" lon="24.551733">
        <ele>2210.899</ele>
        <time>2015-11-01T11:40:02Z</time>
      </trkpt>
      <trkpt lat="45.589523" lon="24.551803">
        <ele>2207.550</ele>
        <time>2015-11-01T11:42:03Z</time>
      </trkpt>
      <trkpt lat="45.589601" lon="24.551871">
        <ele>2204.414</ele>
        <time>2015-11-01T11:42:13Z</time>
      </trkpt>
      <trkpt lat="45.589691" lon="24.551871">
        <ele>2198.188</ele>
        <time>2015-11-01T11:42:29Z</time>
      </trkpt>
      <trkpt lat="45.589784" lon="24.551873">
        <ele>2191.324</ele>
        <time>2015-11-01T11:43:28Z</time>
      </trkpt>
      <trkpt lat="45.589875" lon="24.551890">
        <ele>2184.926</ele>
        <time>2015-11-01T11:43:59Z</time>
      </trkpt>
      <trkpt lat="45.589958" lon="24.551944">
        <ele>2179.308</ele>
        <time>2015-11-01T11:45:34Z</time>
      </trkpt>
      <trkpt lat="45.590047" lon="24.551974">
        <ele>2175.579</ele>
        <time>2015-11-01T11:47:01Z</time>
      </trkpt>
      <trkpt lat="45.590137" lon="24.551950">
        <ele>2171.245</ele>
        <time>2015-11-01T11:47:58Z</time>
      </trkpt>
      <trkpt lat="45.590218" lon="24.552017">
        <ele>2170.169</ele>
        <time>2015-11-01T11:49:07Z</time>
      </trkpt>
      <trkpt lat="45.590285" lon="24.551930">
        <ele>2165.467</ele>
        <time>2015-11-01T11:49:42Z</time>
      </trkpt>
      <trkpt lat="45.590376" lon="24.551929">
        <ele>2161.510</ele>
        <time>2015-11-01T11:50:33Z</time>
      </trkpt>
      <trkpt lat="45.590465" lon="24.551978">
        <ele>2158.929</ele>
        <time>2015-11-01T11:51:52Z</time>
      </trkpt>
      <trkpt lat="45.590546" lon="24.551904">
        <ele>2153.890</ele>
        <time>2015-11-01T11:53:21Z</time>
      </trkpt>
      <trkpt lat="45.590631" lon="24.551835">
        <ele>2146.964</ele>
        <time>2015-11-01T11:54:28Z</time>
      </trkpt>
      <trkpt lat="45.590723" lon="24.551853">
        <ele>2140.418</ele>
        <time>2015-11-01T11:55:03Z</time>
      </trkpt>
      <trkpt lat="45.590784" lon="24.551749">
        <ele>2134.298</ele>
        <time>2015-11-01T11:55:57Z</time>
      </trkpt>
      <trkpt lat="45.590847" lon="24.551647">
        <ele>2126.917</ele>
        <time>2015-11-01T11:56:34Z</time>
      </trkpt>
      <trkpt lat="45.590935" lon="24.551617">
        <ele>2118.808</ele>
        <time>2015-11-01T11:57:14Z</time>
      </trkpt>
      <trkpt lat="45.591003" lon="24.551518">
        <ele>2109.612</ele>
        <time>2015-11-01T11:58:01Z</time>
      </trkpt>
      <trkpt lat="45.591065" lon="24.551418">
        <ele>2101.668</ele>
        <time>2015-11-01T11:58:35Z</time>
      </trkpt>
      <trkpt lat="45.591135" lon="24.551335">
        <ele>2095.772</ele>
        <time>2015-11-01T11:59:09Z</time>
      </trkpt>
      <trkpt lat="45.591164" lon="24.551211">
        <ele>2091.280</ele>
        <time>2015-11-01T11:59:41Z</time>
      </trkpt>
      <trkpt lat="45.591257" lon="24.551181">
        <ele>2087.423</ele>
        <time>2015-11-01T12:00:18Z</time>
      </trkpt>
      <trkpt lat="45.591317" lon="24.551086">
        <ele>2082.692</ele>
        <time>2015-11-01T12:01:01Z</time>
      </trkpt>
      <trkpt lat="45.591369" lon="24.550977">
        <ele>2077.723</ele>
        <time>2015-11-01T12:01:40Z</time>
      </trkpt>
      <trkpt lat="45.591438" lon="24.550891">
        <ele>2074.187</ele>
        <time>2015-11-01T12:02:05Z</time>
      </trkpt>
      <trkpt lat="45.591510" lon="24.550806">
        <ele>2070.817</ele>
        <time>2015-11-01T12:02:28Z</time>
      </trkpt>
      <trkpt lat="45.591569" lon="24.550697">
        <ele>2066.587</ele>
        <time>2015-11-01T12:03:00Z</time>
      </trkpt>
      <trkpt lat="45.591593" lon="24.550572">
        <ele>2062.115</ele>
        <time>2015-11-01T12:03:29Z</time>
      </trkpt>
      <trkpt lat="45.591656" lon="24.550480">
        <ele>2058.408</ele>
        <time>2015-11-01T12:03:55Z</time>
      </trkpt>
      <trkpt lat="45.591775" lon="24.550493">
        <ele>2056.992</ele>
        <time>2015-11-01T12:04:20Z</time>
      </trkpt>
      <trkpt lat="45.591799" lon="24.550360">
        <ele>2051.938</ele>
        <time>2015-11-01T12:04:53Z</time>
      </trkpt>
      <trkpt lat="45.591776" lon="24.550216">
        <ele>2047.472</ele>
        <time>2015-11-01T12:06:04Z</time>
      </trkpt>
      <trkpt lat="45.591823" lon="24.550106">
        <ele>2043.290</ele>
        <time>2015-11-01T12:11:05Z</time>
      </trkpt>
      <trkpt lat="45.591901" lon="24.550041">
        <ele>2040.033</ele>
        <time>2015-11-01T12:11:31Z</time>
      </trkpt>
      <trkpt lat="45.591961" lon="24.549936">
        <ele>2036.062</ele>
        <time>2015-11-01T12:11:46Z</time>
      </trkpt>
      <trkpt lat="45.592037" lon="24.549860">
        <ele>2034.163</ele>
        <time>2015-11-01T12:12:05Z</time>
      </trkpt>
      <trkpt lat="45.592110" lon="24.549784">
        <ele>2032.537</ele>
        <time>2015-11-01T12:12:28Z</time>
      </trkpt>
      <trkpt lat="45.592172" lon="24.549680">
        <ele>2030.161</ele>
        <time>2015-11-01T12:12:46Z</time>
      </trkpt>
      <trkpt lat="45.592260" lon="24.549631">
        <ele>2028.621</ele>
        <time>2015-11-01T12:12:56Z</time>
      </trkpt>
      <trkpt lat="45.592344" lon="24.549568">
        <ele>2026.013</ele>
        <time>2015-11-01T12:13:09Z</time>
      </trkpt>
      <trkpt lat="45.592388" lon="24.549456">
        <ele>2021.308</ele>
        <time>2015-11-01T12:13:59Z</time>
      </trkpt>
      <trkpt lat="45.592406" lon="24.549329">
        <ele>2016.757</ele>
        <time>2015-11-01T12:14:19Z</time>
      </trkpt>
      <trkpt lat="45.592483" lon="24.549251">
        <ele>2013.843</ele>
        <time>2015-11-01T12:14:50Z</time>
      </trkpt>
      <trkpt lat="45.592480" lon="24.549120">
        <ele>2009.317</ele>
        <time>2015-11-01T12:15:22Z</time>
      </trkpt>
      <trkpt lat="45.592510" lon="24.548995">
        <ele>2004.955</ele>
        <time>2015-11-01T12:16:05Z</time>
      </trkpt>
      <trkpt lat="45.592538" lon="24.548871">
        <ele>2000.578</ele>
        <time>2015-11-01T12:16:39Z</time>
      </trkpt>
      <trkpt lat="45.592473" lon="24.548779">
        <ele>1995.877</ele>
        <time>2015-11-01T12:17:37Z</time>
      </trkpt>
      <trkpt lat="45.592463" lon="24.548631">
        <ele>1989.018</ele>
        <time>2015-11-01T12:19:01Z</time>
      </trkpt>
      <trkpt lat="45.592410" lon="24.548524">
        <ele>1984.952</ele>
        <time>2015-11-01T12:19:35Z</time>
      </trkpt>
      <trkpt lat="45.592357" lon="24.548416">
        <ele>1981.211</ele>
        <time>2015-11-01T12:20:33Z</time>
      </trkpt>
      <trkpt lat="45.592285" lon="24.548326">
        <ele>1978.821</ele>
        <time>2015-11-01T12:21:10Z</time>
      </trkpt>
      <trkpt lat="45.592252" lon="24.548203">
        <ele>1975.103</ele>
        <time>2015-11-01T12:21:58Z</time>
      </trkpt>
      <trkpt lat="45.592313" lon="24.548097">
        <ele>1969.908</ele>
        <time>2015-11-01T12:23:34Z</time>
      </trkpt>
      <trkpt lat="45.592221" lon="24.548062">
        <ele>1971.242</ele>
        <time>2015-11-01T12:23:54Z</time>
      </trkpt>
      <trkpt lat="45.592290" lon="24.547977">
        <ele>1965.468</ele>
        <time>2015-11-01T12:24:27Z</time>
      </trkpt>
      <trkpt lat="45.592376" lon="24.547936">
        <ele>1961.072</ele>
        <time>2015-11-01T12:25:12Z</time>
      </trkpt>
      <trkpt lat="45.592435" lon="24.547830">
        <ele>1954.360</ele>
        <time>2015-11-01T12:25:31Z</time>
      </trkpt>
      <trkpt lat="45.592526" lon="24.547819">
        <ele>1952.443</ele>
        <time>2015-11-01T12:25:52Z</time>
      </trkpt>
      <trkpt lat="45.592480" lon="24.547696">
        <ele>1948.222</ele>
        <time>2015-11-01T12:26:17Z</time>
      </trkpt>
      <trkpt lat="45.592556" lon="24.547622">
        <ele>1946.483</ele>
        <time>2015-11-01T12:26:44Z</time>
      </trkpt>
      <trkpt lat="45.592547" lon="24.547487">
        <ele>1942.187</ele>
        <time>2015-11-01T12:27:00Z</time>
      </trkpt>
      <trkpt lat="45.592478" lon="24.547404">
        <ele>1939.273</ele>
        <time>2015-11-01T12:27:15Z</time>
      </trkpt>
      <trkpt lat="45.592538" lon="24.547305">
        <ele>1936.185</ele>
        <time>2015-11-01T12:27:44Z</time>
      </trkpt>
      <trkpt lat="45.592526" lon="24.547175">
        <ele>1931.913</ele>
        <time>2015-11-01T12:28:02Z</time>
      </trkpt>
      <trkpt lat="45.592572" lon="24.547056">
        <ele>1928.808</ele>
        <time>2015-11-01T12:28:17Z</time>
      </trkpt>
      <trkpt lat="45.592649" lon="24.546977">
        <ele>1927.138</ele>
        <time>2015-11-01T12:28:32Z</time>
      </trkpt>
      <trkpt lat="45.592615" lon="24.546854">
        <ele>1924.274</ele>
        <time>2015-11-01T12:28:50Z</time>
      </trkpt>
      <trkpt lat="45.592611" lon="24.546721">
        <ele>1921.898</ele>
        <time>2015-11-01T12:29:44Z</time>
      </trkpt>
      <trkpt lat="45.592660" lon="24.546610">
        <ele>1920.136</ele>
        <time>2015-11-01T12:30:17Z</time>
      </trkpt>
      <trkpt lat="45.592691" lon="24.546485">
        <ele>1918.169</ele>
        <time>2015-11-01T12:31:15Z</time>
      </trkpt>
      <trkpt lat="45.592756" lon="24.546373">
        <ele>1916.218</ele>
        <time>2015-11-01T12:32:15Z</time>
      </trkpt>
      <trkpt lat="45.592791" lon="24.546251">
        <ele>1912.189</ele>
        <time>2015-11-01T12:32:38Z</time>
      </trkpt>
      <trkpt lat="45.592810" lon="24.546125">
        <ele>1908.043</ele>
        <time>2015-11-01T12:33:13Z</time>
      </trkpt>
      <trkpt lat="45.592787" lon="24.546000">
        <ele>1901.622</ele>
        <time>2015-11-01T12:33:47Z</time>
      </trkpt>
      <trkpt lat="45.592848" lon="24.545902">
        <ele>1900.362</ele>
        <time>2015-11-01T12:34:12Z</time>
      </trkpt>
      <trkpt lat="45.592812" lon="24.545781">
        <ele>1894.008</ele>
        <time>2015-11-01T12:34:32Z</time>
      </trkpt>
      <trkpt lat="45.592826" lon="24.545654">
        <ele>1890.508</ele>
        <time>2015-11-01T12:35:14Z</time>
      </trkpt>
      <trkpt lat="45.592890" lon="24.545563">
        <ele>1889.533</ele>
        <time>2015-11-01T12:35:52Z</time>
      </trkpt>
      <trkpt lat="45.592805" lon="24.545498">
        <ele>1884.769</ele>
        <time>2015-11-01T12:36:49Z</time>
      </trkpt>
      <trkpt lat="45.592870" lon="24.545402">
        <ele>1882.643</ele>
        <time>2015-11-01T12:37:08Z</time>
      </trkpt>
      <trkpt lat="45.592792" lon="24.545333">
        <ele>1878.311</ele>
        <time>2015-11-01T12:37:49Z</time>
      </trkpt>
      <trkpt lat="45.592832" lon="24.545217">
        <ele>1872.414</ele>
        <time>2015-11-01T12:38:05Z</time>
      </trkpt>
      <trkpt lat="45.592741" lon="24.545195">
        <ele>1867.823</ele>
        <time>2015-11-01T12:38:25Z</time>
      </trkpt>
      <trkpt lat="45.592794" lon="24.545086">
        <ele>1861.334</ele>
        <time>2015-11-01T12:38:49Z</time>
      </trkpt>
      <trkpt lat="45.592735" lon="24.544986">
        <ele>1852.228</ele>
        <time>2015-11-01T12:39:55Z</time>
      </trkpt>
      <trkpt lat="45.592747" lon="24.544856">
        <ele>1844.395</ele>
        <time>2015-11-01T12:40:23Z</time>
      </trkpt>
      <trkpt lat="45.592680" lon="24.544769">
        <ele>1838.449</ele>
        <time>2015-11-01T12:40:54Z</time>
      </trkpt>
      <trkpt lat="45.592760" lon="24.544667">
        <ele>1833.123</ele>
        <time>2015-11-01T12:41:16Z</time>
      </trkpt>
      <trkpt lat="45.592775" lon="24.544540">
        <ele>1826.808</ele>
        <time>2015-11-01T12:41:57Z</time>
      </trkpt>
      <trkpt lat="45.592757" lon="24.544410">
        <ele>1820.260</ele>
        <time>2015-11-01T12:42:20Z</time>
      </trkpt>
      <trkpt lat="45.592703" lon="24.544300">
        <ele>1814.886</ele>
        <time>2015-11-01T12:42:55Z</time>
      </trkpt>
      <trkpt lat="45.592760" lon="24.544198">
        <ele>1810.430</ele>
        <time>2015-11-01T12:43:16Z</time>
      </trkpt>
      <trkpt lat="45.592766" lon="24.544061">
        <ele>1804.898</ele>
        <time>2015-11-01T12:43:44Z</time>
      </trkpt>
      <trkpt lat="45.592734" lon="24.543935">
        <ele>1800.151</ele>
        <time>2015-11-01T12:44:07Z</time>
      </trkpt>
      <trkpt lat="45.592681" lon="24.543830">
        <ele>1796.620</ele>
        <time>2015-11-01T12:44:32Z</time>
      </trkpt>
      <trkpt lat="45.592647" lon="24.543708">
        <ele>1792.471</ele>
        <time>2015-11-01T12:44:54Z</time>
      </trkpt>
      <trkpt lat="45.592728" lon="24.543648">
        <ele>1789.735</ele>
        <time>2015-11-01T12:45:07Z</time>
      </trkpt>
      <trkpt lat="45.592788" lon="24.543546">
        <ele>1785.686</ele>
        <time>2015-11-01T12:45:19Z</time>
      </trkpt>
      <trkpt lat="45.592761" lon="24.543423">
        <ele>1781.360</ele>
        <time>2015-11-01T12:45:36Z</time>
      </trkpt>
      <trkpt lat="45.592671" lon="24.543402">
        <ele>1781.226</ele>
        <time>2015-11-01T12:45:49Z</time>
      </trkpt>
      <trkpt lat="45.592766" lon="24.543394">
        <ele>1780.308</ele>
        <time>2015-11-01T12:46:21Z</time>
      </trkpt>
      <trkpt lat="45.592827" lon="24.543296">
        <ele>1776.279</ele>
        <time>2015-11-01T12:46:34Z</time>
      </trkpt>
      <trkpt lat="45.592806" lon="24.543162">
        <ele>1772.155</ele>
        <time>2015-11-01T12:46:59Z</time>
      </trkpt>
      <trkpt lat="45.592856" lon="24.543046">
        <ele>1767.679</ele>
        <time>2015-11-01T12:47:12Z</time>
      </trkpt>
      <trkpt lat="45.592828" lon="24.542913">
        <ele>1763.827</ele>
        <time>2015-11-01T12:47:35Z</time>
      </trkpt>
      <trkpt lat="45.592826" lon="24.542781">
        <ele>1759.810</ele>
        <time>2015-11-01T12:47:47Z</time>
      </trkpt>
      <trkpt lat="45.592818" lon="24.542646">
        <ele>1756.949</ele>
        <time>2015-11-01T12:47:59Z</time>
      </trkpt>
      <trkpt lat="45.592792" lon="24.542510">
        <ele>1754.110</ele>
        <time>2015-11-01T12:48:13Z</time>
      </trkpt>
      <trkpt lat="45.592775" lon="24.542379">
        <ele>1751.464</ele>
        <time>2015-11-01T12:48:36Z</time>
      </trkpt>
      <trkpt lat="45.592803" lon="24.542250">
        <ele>1748.267</ele>
        <time>2015-11-01T12:48:45Z</time>
      </trkpt>
      <trkpt lat="45.592829" lon="24.542120">
        <ele>1744.481</ele>
        <time>2015-11-01T12:48:58Z</time>
      </trkpt>
      <trkpt lat="45.592885" lon="24.541996">
        <ele>1740.119</ele>
        <time>2015-11-01T12:49:19Z</time>
      </trkpt>
      <trkpt lat="45.592897" lon="24.541867">
        <ele>1737.008</ele>
        <time>2015-11-01T12:49:34Z</time>
      </trkpt>
      <trkpt lat="45.592898" lon="24.541716">
        <ele>1734.337</ele>
        <time>2015-11-01T12:50:01Z</time>
      </trkpt>
      <trkpt lat="45.592864" lon="24.541597">
        <ele>1733.463</ele>
        <time>2015-11-01T12:50:08Z</time>
      </trkpt>
      <trkpt lat="45.592876" lon="24.541457">
        <ele>1731.687</ele>
        <time>2015-11-01T12:50:31Z</time>
      </trkpt>
      <trkpt lat="45.592892" lon="24.541330">
        <ele>1730.245</ele>
        <time>2015-11-01T12:50:36Z</time>
      </trkpt>
      <trkpt lat="45.592901" lon="24.541195">
        <ele>1729.598</ele>
        <time>2015-11-01T12:50:43Z</time>
      </trkpt>
      <trkpt lat="45.592831" lon="24.541090">
        <ele>1729.537</ele>
        <time>2015-11-01T12:50:50Z</time>
      </trkpt>
      <trkpt lat="45.592777" lon="24.540957">
        <ele>1728.948</ele>
        <time>2015-11-01T12:50:57Z</time>
      </trkpt>
      <trkpt lat="45.592725" lon="24.540851">
        <ele>1728.352</ele>
        <time>2015-11-01T12:51:05Z</time>
      </trkpt>
      <trkpt lat="45.592664" lon="24.540732">
        <ele>1728.615</ele>
        <time>2015-11-01T12:51:12Z</time>
      </trkpt>
      <trkpt lat="45.592584" lon="24.540663">
        <ele>1729.165</ele>
        <time>2015-11-01T12:51:17Z</time>
      </trkpt>
      <trkpt lat="45.592495" lon="24.540634">
        <ele>1729.811</ele>
        <time>2015-11-01T12:51:22Z</time>
      </trkpt>
      <trkpt lat="45.592406" lon="24.540573">
        <ele>1731.308</ele>
        <time>2015-11-01T12:51:30Z</time>
      </trkpt>
      <trkpt lat="45.592439" lon="24.540448">
        <ele>1732.692</ele>
        <time>2015-11-01T12:51:50Z</time>
      </trkpt>
      <trkpt lat="45.592476" lon="24.540327">
        <ele>1733.898</ele>
        <time>2015-11-01T12:51:59Z</time>
      </trkpt>
      <trkpt lat="45.592558" lon="24.540275">
        <ele>1733.432</ele>
        <time>2015-11-01T12:52:03Z</time>
      </trkpt>
      <trkpt lat="45.592644" lon="24.540210">
        <ele>1733.720</ele>
        <time>2015-11-01T12:52:12Z</time>
      </trkpt>
      <trkpt lat="45.592727" lon="24.540155">
        <ele>1733.553</ele>
        <time>2015-11-01T12:52:19Z</time>
      </trkpt>
      <trkpt lat="45.592815" lon="24.540081">
        <ele>1732.692</ele>
        <time>2015-11-01T12:52:28Z</time>
      </trkpt>
      <trkpt lat="45.592892" lon="24.539995">
        <ele>1731.023</ele>
        <time>2015-11-01T12:52:34Z</time>
      </trkpt>
      <trkpt lat="45.592967" lon="24.539908">
        <ele>1730.367</ele>
        <time>2015-11-01T12:52:42Z</time>
      </trkpt>
      <trkpt lat="45.593048" lon="24.539838">
        <ele>1729.345</ele>
        <time>2015-11-01T12:52:49Z</time>
      </trkpt>
      <trkpt lat="45.593088" lon="24.539716">
        <ele>1729.347</ele>
        <time>2015-11-01T12:52:59Z</time>
      </trkpt>
      <trkpt lat="45.593123" lon="24.539590">
        <ele>1729.411</ele>
        <time>2015-11-01T12:53:10Z</time>
      </trkpt>
      <trkpt lat="45.593203" lon="24.539509">
        <ele>1725.108</ele>
        <time>2015-11-01T12:53:22Z</time>
      </trkpt>
      <trkpt lat="45.593287" lon="24.539458">
        <ele>1720.195</ele>
        <time>2015-11-01T12:53:33Z</time>
      </trkpt>
      <trkpt lat="45.593373" lon="24.539404">
        <ele>1717.391</ele>
        <time>2015-11-01T12:53:47Z</time>
      </trkpt>
      <trkpt lat="45.593432" lon="24.539300">
        <ele>1719.525</ele>
        <time>2015-11-01T12:54:12Z</time>
      </trkpt>
      <trkpt lat="45.593524" lon="24.539228">
        <ele>1718.543</ele>
        <time>2015-11-01T12:54:19Z</time>
      </trkpt>
      <trkpt lat="45.593601" lon="24.539151">
        <ele>1718.386</ele>
        <time>2015-11-01T12:54:28Z</time>
      </trkpt>
      <trkpt lat="45.593684" lon="24.539083">
        <ele>1717.225</ele>
        <time>2015-11-01T12:54:45Z</time>
      </trkpt>
      <trkpt lat="45.593738" lon="24.538977">
        <ele>1718.896</ele>
        <time>2015-11-01T12:55:01Z</time>
      </trkpt>
      <trkpt lat="45.593821" lon="24.538917">
        <ele>1715.870</ele>
        <time>2015-11-01T12:55:15Z</time>
      </trkpt>
      <trkpt lat="45.593881" lon="24.538821">
        <ele>1714.381</ele>
        <time>2015-11-01T12:55:21Z</time>
      </trkpt>
      <trkpt lat="45.593949" lon="24.538736">
        <ele>1710.961</ele>
        <time>2015-11-01T12:55:35Z</time>
      </trkpt>
      <trkpt lat="45.594031" lon="24.538677">
        <ele>1705.817</ele>
        <time>2015-11-01T12:55:46Z</time>
      </trkpt>
      <trkpt lat="45.594102" lon="24.538585">
        <ele>1703.108</ele>
        <time>2015-11-01T12:55:55Z</time>
      </trkpt>
      <trkpt lat="45.594186" lon="24.538533">
        <ele>1699.239</ele>
        <time>2015-11-01T12:56:14Z</time>
      </trkpt>
      <trkpt lat="45.594246" lon="24.538433">
        <ele>1701.075</ele>
        <time>2015-11-01T12:56:21Z</time>
      </trkpt>
      <trkpt lat="45.594289" lon="24.538317">
        <ele>1704.189</ele>
        <time>2015-11-01T12:56:29Z</time>
      </trkpt>
      <trkpt lat="45.594303" lon="24.538186">
        <ele>1708.997</ele>
        <time>2015-11-01T12:56:47Z</time>
      </trkpt>
      <trkpt lat="45.594371" lon="24.538079">
        <ele>1710.860</ele>
        <time>2015-11-01T12:56:56Z</time>
      </trkpt>
      <trkpt lat="45.594425" lon="24.537975">
        <ele>1712.479</ele>
        <time>2015-11-01T12:57:12Z</time>
      </trkpt>
      <trkpt lat="45.594442" lon="24.537849">
        <ele>1715.190</ele>
        <time>2015-11-01T12:57:23Z</time>
      </trkpt>
      <trkpt lat="45.594463" lon="24.537712">
        <ele>1717.844</ele>
        <time>2015-11-01T12:57:37Z</time>
      </trkpt>
      <trkpt lat="45.594531" lon="24.537624">
        <ele>1716.212</ele>
        <time>2015-11-01T12:57:48Z</time>
      </trkpt>
      <trkpt lat="45.594629" lon="24.537645">
        <ele>1709.932</ele>
        <time>2015-11-01T12:57:54Z</time>
      </trkpt>
      <trkpt lat="45.594734" lon="24.537648">
        <ele>1703.805</ele>
        <time>2015-11-01T12:58:17Z</time>
      </trkpt>
      <trkpt lat="45.594835" lon="24.537688">
        <ele>1698.708</ele>
        <time>2015-11-01T12:58:53Z</time>
      </trkpt>
      <trkpt lat="45.594934" lon="24.537642">
        <ele>1695.352</ele>
        <time>2015-11-01T12:59:00Z</time>
      </trkpt>
      <trkpt lat="45.595018" lon="24.537582">
        <ele>1692.818</ele>
        <time>2015-11-01T12:59:07Z</time>
      </trkpt>
      <trkpt lat="45.595106" lon="24.537551">
        <ele>1690.252</ele>
        <time>2015-11-01T12:59:16Z</time>
      </trkpt>
      <trkpt lat="45.595205" lon="24.537547">
        <ele>1686.860</ele>
        <time>2015-11-01T12:59:27Z</time>
      </trkpt>
      <trkpt lat="45.595304" lon="24.537508">
        <ele>1685.073</ele>
        <time>2015-11-01T12:59:36Z</time>
      </trkpt>
      <trkpt lat="45.595391" lon="24.537468">
        <ele>1684.512</ele>
        <time>2015-11-01T12:59:48Z</time>
      </trkpt>
      <trkpt lat="45.595487" lon="24.537449">
        <ele>1683.013</ele>
        <time>2015-11-01T12:59:58Z</time>
      </trkpt>
      <trkpt lat="45.595595" lon="24.537468">
        <ele>1679.847</ele>
        <time>2015-11-01T13:00:07Z</time>
      </trkpt>
      <trkpt lat="45.595685" lon="24.537484">
        <ele>1677.711</ele>
        <time>2015-11-01T13:00:14Z</time>
      </trkpt>
      <trkpt lat="45.595777" lon="24.537440">
        <ele>1677.621</ele>
        <time>2015-11-01T13:00:43Z</time>
      </trkpt>
      <trkpt lat="45.595867" lon="24.537425">
        <ele>1675.403</ele>
        <time>2015-11-01T13:00:50Z</time>
      </trkpt>
      <trkpt lat="45.595957" lon="24.537454">
        <ele>1670.808</ele>
        <time>2015-11-01T13:01:06Z</time>
      </trkpt>
      <trkpt lat="45.596047" lon="24.537393">
        <ele>1668.572</ele>
        <time>2015-11-01T13:01:17Z</time>
      </trkpt>
      <trkpt lat="45.596118" lon="24.537311">
        <ele>1667.488</ele>
        <time>2015-11-01T13:01:23Z</time>
      </trkpt>
      <trkpt lat="45.596203" lon="24.537257">
        <ele>1663.462</ele>
        <time>2015-11-01T13:01:32Z</time>
      </trkpt>
      <trkpt lat="45.596254" lon="24.537140">
        <ele>1663.750</ele>
        <time>2015-11-01T13:02:39Z</time>
      </trkpt>
      <trkpt lat="45.596291" lon="24.537022">
        <ele>1665.883</ele>
        <time>2015-11-01T13:02:48Z</time>
      </trkpt>
      <trkpt lat="45.596319" lon="24.536893">
        <ele>1668.952</ele>
        <time>2015-11-01T13:02:57Z</time>
      </trkpt>
      <trkpt lat="45.596349" lon="24.536768">
        <ele>1672.063</ele>
        <time>2015-11-01T13:03:05Z</time>
      </trkpt>
      <trkpt lat="45.596375" lon="24.536638">
        <ele>1674.517</ele>
        <time>2015-11-01T13:03:16Z</time>
      </trkpt>
      <trkpt lat="45.596417" lon="24.536513">
        <ele>1669.765</ele>
        <time>2015-11-01T13:03:28Z</time>
      </trkpt>
      <trkpt lat="45.596432" lon="24.536376">
        <ele>1667.768</ele>
        <time>2015-11-01T13:03:40Z</time>
      </trkpt>
      <trkpt lat="45.596443" lon="24.536240">
        <ele>1667.314</ele>
        <time>2015-11-01T13:03:57Z</time>
      </trkpt>
      <trkpt lat="45.596497" lon="24.536116">
        <ele>1663.808</ele>
        <time>2015-11-01T13:04:05Z</time>
      </trkpt>
      <trkpt lat="45.596547" lon="24.536003">
        <ele>1661.037</ele>
        <time>2015-11-01T13:04:15Z</time>
      </trkpt>
      <trkpt lat="45.596558" lon="24.535874">
        <ele>1661.363</ele>
        <time>2015-11-01T13:04:30Z</time>
      </trkpt>
      <trkpt lat="45.596603" lon="24.535745">
        <ele>1658.477</ele>
        <time>2015-11-01T13:04:42Z</time>
      </trkpt>
      <trkpt lat="45.596640" lon="24.535619">
        <ele>1655.915</ele>
        <time>2015-11-01T13:04:59Z</time>
      </trkpt>
      <trkpt lat="45.596667" lon="24.535494">
        <ele>1654.658</ele>
        <time>2015-11-01T13:05:07Z</time>
      </trkpt>
      <trkpt lat="45.596711" lon="24.535375">
        <ele>1653.817</ele>
        <time>2015-11-01T13:05:17Z</time>
      </trkpt>
      <trkpt lat="45.596732" lon="24.535244">
        <ele>1654.488</ele>
        <time>2015-11-01T13:05:26Z</time>
      </trkpt>
      <trkpt lat="45.596768" lon="24.535126">
        <ele>1654.012</ele>
        <time>2015-11-01T13:05:36Z</time>
      </trkpt>
      <trkpt lat="45.596803" lon="24.534999">
        <ele>1653.255</ele>
        <time>2015-11-01T13:06:19Z</time>
      </trkpt>
      <trkpt lat="45.596817" lon="24.534860">
        <ele>1652.707</ele>
        <time>2015-11-01T13:06:56Z</time>
      </trkpt>
      <trkpt lat="45.596817" lon="24.534732">
        <ele>1653.117</ele>
        <time>2015-11-01T13:07:06Z</time>
      </trkpt>
      <trkpt lat="45.596862" lon="24.534620">
        <ele>1651.208</ele>
        <time>2015-11-01T13:07:18Z</time>
      </trkpt>
      <trkpt lat="45.596956" lon="24.534590">
        <ele>1644.786</ele>
        <time>2015-11-01T13:07:36Z</time>
      </trkpt>
      <trkpt lat="45.597031" lon="24.534505">
        <ele>1641.972</ele>
        <time>2015-11-01T13:07:50Z</time>
      </trkpt>
      <trkpt lat="45.597090" lon="24.534407">
        <ele>1640.356</ele>
        <time>2015-11-01T13:08:05Z</time>
      </trkpt>
      <trkpt lat="45.597107" lon="24.534278">
        <ele>1641.644</ele>
        <time>2015-11-01T13:08:29Z</time>
      </trkpt>
      <trkpt lat="45.597189" lon="24.534219">
        <ele>1638.087</ele>
        <time>2015-11-01T13:08:42Z</time>
      </trkpt>
      <trkpt lat="45.597227" lon="24.534099">
        <ele>1637.836</ele>
        <time>2015-11-01T13:08:52Z</time>
      </trkpt>
      <trkpt lat="45.597304" lon="24.534020">
        <ele>1632.347</ele>
        <time>2015-11-01T13:09:04Z</time>
      </trkpt>
      <trkpt lat="45.597366" lon="24.533894">
        <ele>1630.041</ele>
        <time>2015-11-01T13:09:14Z</time>
      </trkpt>
      <trkpt lat="45.597338" lon="24.533770">
        <ele>1636.425</ele>
        <time>2015-11-01T13:09:24Z</time>
      </trkpt>
      <trkpt lat="45.597415" lon="24.533693">
        <ele>1633.126</ele>
        <time>2015-11-01T13:09:41Z</time>
      </trkpt>
      <trkpt lat="45.597488" lon="24.533608">
        <ele>1631.008</ele>
        <time>2015-11-01T13:09:50Z</time>
      </trkpt>
      <trkpt lat="45.597539" lon="24.533490">
        <ele>1632.008</ele>
        <time>2015-11-01T13:10:01Z</time>
      </trkpt>
      <trkpt lat="45.597592" lon="24.533372">
        <ele>1633.223</ele>
        <time>2015-11-01T13:10:15Z</time>
      </trkpt>
      <trkpt lat="45.597639" lon="24.533260">
        <ele>1635.039</ele>
        <time>2015-11-01T13:10:26Z</time>
      </trkpt>
      <trkpt lat="45.597660" lon="24.533132">
        <ele>1638.543</ele>
        <time>2015-11-01T13:10:43Z</time>
      </trkpt>
      <trkpt lat="45.597749" lon="24.533116">
        <ele>1631.221</ele>
        <time>2015-11-01T13:11:01Z</time>
      </trkpt>
      <trkpt lat="45.597827" lon="24.533039">
        <ele>1627.984</ele>
        <time>2015-11-01T13:11:20Z</time>
      </trkpt>
      <trkpt lat="45.597937" lon="24.533048">
        <ele>1621.143</ele>
        <time>2015-11-01T13:11:50Z</time>
      </trkpt>
      <trkpt lat="45.598029" lon="24.533022">
        <ele>1616.684</ele>
        <time>2015-11-01T13:11:56Z</time>
      </trkpt>
      <trkpt lat="45.598124" lon="24.533017">
        <ele>1611.768</ele>
        <time>2015-11-01T13:12:02Z</time>
      </trkpt>
      <trkpt lat="45.598214" lon="24.533000">
        <ele>1607.833</ele>
        <time>2015-11-01T13:12:10Z</time>
      </trkpt>
      <trkpt lat="45.598294" lon="24.532936">
        <ele>1606.223</ele>
        <time>2015-11-01T13:12:33Z</time>
      </trkpt>
      <trkpt lat="45.598368" lon="24.532853">
        <ele>1605.315</ele>
        <time>2015-11-01T13:12:53Z</time>
      </trkpt>
      <trkpt lat="45.598460" lon="24.532791">
        <ele>1602.208</ele>
        <time>2015-11-01T13:13:26Z</time>
      </trkpt>
      <trkpt lat="45.598547" lon="24.532739">
        <ele>1599.574</ele>
        <time>2015-11-01T13:13:44Z</time>
      </trkpt>
      <trkpt lat="45.598645" lon="24.532712">
        <ele>1596.030</ele>
        <time>2015-11-01T13:13:50Z</time>
      </trkpt>
      <trkpt lat="45.598736" lon="24.532686">
        <ele>1594.414</ele>
        <time>2015-11-01T13:13:56Z</time>
      </trkpt>
      <trkpt lat="45.598828" lon="24.532653">
        <ele>1592.992</ele>
        <time>2015-11-01T13:14:02Z</time>
      </trkpt>
      <trkpt lat="45.598923" lon="24.532650">
        <ele>1590.475</ele>
        <time>2015-11-01T13:14:05Z</time>
      </trkpt>
      <trkpt lat="45.599021" lon="24.532628">
        <ele>1589.344</ele>
        <time>2015-11-01T13:14:19Z</time>
      </trkpt>
      <trkpt lat="45.599122" lon="24.532591">
        <ele>1588.965</ele>
        <time>2015-11-01T13:14:25Z</time>
      </trkpt>
      <trkpt lat="45.599212" lon="24.532568">
        <ele>1587.399</ele>
        <time>2015-11-01T13:14:36Z</time>
      </trkpt>
      <trkpt lat="45.599301" lon="24.532520">
        <ele>1585.981</ele>
        <time>2015-11-01T13:14:41Z</time>
      </trkpt>
      <trkpt lat="45.599391" lon="24.532477">
        <ele>1584.161</ele>
        <time>2015-11-01T13:15:00Z</time>
      </trkpt>
      <trkpt lat="45.599479" lon="24.532403">
        <ele>1583.417</ele>
        <time>2015-11-01T13:15:05Z</time>
      </trkpt>
      <trkpt lat="45.599558" lon="24.532335">
        <ele>1581.908</ele>
        <time>2015-11-01T13:15:12Z</time>
      </trkpt>
      <trkpt lat="45.599644" lon="24.532294">
        <ele>1578.879</ele>
        <time>2015-11-01T13:15:21Z</time>
      </trkpt>
      <trkpt lat="45.599734" lon="24.532274">
        <ele>1574.685</ele>
        <time>2015-11-01T13:15:29Z</time>
      </trkpt>
      <trkpt lat="45.599818" lon="24.532224">
        <ele>1572.829</ele>
        <time>2015-11-01T13:15:41Z</time>
      </trkpt>
      <trkpt lat="45.599885" lon="24.532120">
        <ele>1574.767</ele>
        <time>2015-11-01T13:16:15Z</time>
      </trkpt>
      <trkpt lat="45.599972" lon="24.532075">
        <ele>1573.590</ele>
        <time>2015-11-01T13:16:20Z</time>
      </trkpt>
      <trkpt lat="45.600069" lon="24.532058">
        <ele>1570.029</ele>
        <time>2015-11-01T13:16:31Z</time>
      </trkpt>
      <trkpt lat="45.600147" lon="24.531978">
        <ele>1570.820</ele>
        <time>2015-11-01T13:16:47Z</time>
      </trkpt>
      <trkpt lat="45.600240" lon="24.531935">
        <ele>1569.164</ele>
        <time>2015-11-01T13:16:56Z</time>
      </trkpt>
      <trkpt lat="45.600324" lon="24.531881">
        <ele>1567.912</ele>
        <time>2015-11-01T13:17:06Z</time>
      </trkpt>
      <trkpt lat="45.600389" lon="24.531779">
        <ele>1569.732</ele>
        <time>2015-11-01T13:17:32Z</time>
      </trkpt>
      <trkpt lat="45.600410" lon="24.531596">
        <ele>1578.605</ele>
        <time>2015-11-01T13:17:42Z</time>
      </trkpt>
      <trkpt lat="45.600500" lon="24.531548">
        <ele>1576.108</ele>
        <time>2015-11-01T13:17:53Z</time>
      </trkpt>
      <trkpt lat="45.600586" lon="24.531493">
        <ele>1574.612</ele>
        <time>2015-11-01T13:18:04Z</time>
      </trkpt>
      <trkpt lat="45.600676" lon="24.531453">
        <ele>1572.928</ele>
        <time>2015-11-01T13:18:10Z</time>
      </trkpt>
      <trkpt lat="45.600769" lon="24.531397">
        <ele>1572.392</ele>
        <time>2015-11-01T13:18:23Z</time>
      </trkpt>
      <trkpt lat="45.600861" lon="24.531339">
        <ele>1572.590</ele>
        <time>2015-11-01T13:18:38Z</time>
      </trkpt>
      <trkpt lat="45.600957" lon="24.531308">
        <ele>1570.863</ele>
        <time>2015-11-01T13:18:49Z</time>
      </trkpt>
      <trkpt lat="45.601052" lon="24.531277">
        <ele>1569.112</ele>
        <time>2015-11-01T13:18:57Z</time>
      </trkpt>
      <trkpt lat="45.601144" lon="24.531245">
        <ele>1567.213</ele>
        <time>2015-11-01T13:19:09Z</time>
      </trkpt>
      <trkpt lat="45.601233" lon="24.531188">
        <ele>1566.617</ele>
        <time>2015-11-01T13:19:17Z</time>
      </trkpt>
      <trkpt lat="45.601332" lon="24.531188">
        <ele>1561.627</ele>
        <time>2015-11-01T13:19:28Z</time>
      </trkpt>
      <trkpt lat="45.601357" lon="24.531055">
        <ele>1568.768</ele>
        <time>2015-11-01T13:19:43Z</time>
      </trkpt>
      <trkpt lat="45.601389" lon="24.530931">
        <ele>1573.714</ele>
        <time>2015-11-01T13:19:52Z</time>
      </trkpt>
      <trkpt lat="45.601369" lon="24.530802">
        <ele>1580.908</ele>
        <time>2015-11-01T13:20:06Z</time>
      </trkpt>
      <trkpt lat="45.601436" lon="24.530702">
        <ele>1578.533</ele>
        <time>2015-11-01T13:20:18Z</time>
      </trkpt>
      <trkpt lat="45.601534" lon="24.530684">
        <ele>1571.129</ele>
        <time>2015-11-01T13:20:27Z</time>
      </trkpt>
      <trkpt lat="45.601620" lon="24.530611">
        <ele>1567.183</ele>
        <time>2015-11-01T13:20:48Z</time>
      </trkpt>
      <trkpt lat="45.601713" lon="24.530582">
        <ele>1563.141</ele>
        <time>2015-11-01T13:21:02Z</time>
      </trkpt>
      <trkpt lat="45.601798" lon="24.530644">
        <ele>1557.094</ele>
        <time>2015-11-01T13:21:11Z</time>
      </trkpt>
      <trkpt lat="45.601877" lon="24.530712">
        <ele>1550.433</ele>
        <time>2015-11-01T13:21:30Z</time>
      </trkpt>
      <trkpt lat="45.601967" lon="24.530719">
        <ele>1546.514</ele>
        <time>2015-11-01T13:21:46Z</time>
      </trkpt>
      <trkpt lat="45.602052" lon="24.530668">
        <ele>1546.798</ele>
        <time>2015-11-01T13:21:56Z</time>
      </trkpt>
      <trkpt lat="45.602132" lon="24.530596">
        <ele>1548.342</ele>
        <time>2015-11-01T13:22:21Z</time>
      </trkpt>
      <trkpt lat="45.602217" lon="24.530543">
        <ele>1549.022</ele>
        <time>2015-11-01T13:22:32Z</time>
      </trkpt>
      <trkpt lat="45.602318" lon="24.530544">
        <ele>1547.714</ele>
        <time>2015-11-01T13:22:47Z</time>
      </trkpt>
      <trkpt lat="45.602413" lon="24.530521">
        <ele>1548.208</ele>
        <time>2015-11-01T13:22:53Z</time>
      </trkpt>
      <trkpt lat="45.602503" lon="24.530503">
        <ele>1548.365</ele>
        <time>2015-11-01T13:24:10Z</time>
      </trkpt>
      <trkpt lat="45.602595" lon="24.530563">
        <ele>1542.911</ele>
        <time>2015-11-01T13:24:44Z</time>
      </trkpt>
      <trkpt lat="45.602688" lon="24.530551">
        <ele>1541.845</ele>
        <time>2015-11-01T13:25:07Z</time>
      </trkpt>
      <trkpt lat="45.602792" lon="24.530517">
        <ele>1540.413</ele>
        <time>2015-11-01T13:25:15Z</time>
      </trkpt>
      <trkpt lat="45.602889" lon="24.530495">
        <ele>1535.366</ele>
        <time>2015-11-01T13:25:20Z</time>
      </trkpt>
      <trkpt lat="45.602980" lon="24.530466">
        <ele>1530.555</ele>
        <time>2015-11-01T13:25:32Z</time>
      </trkpt>
      <trkpt lat="45.603049" lon="24.530373">
        <ele>1528.416</ele>
        <time>2015-11-01T13:25:49Z</time>
      </trkpt>
      <trkpt lat="45.603127" lon="24.530301">
        <ele>1526.950</ele>
        <time>2015-11-01T13:26:03Z</time>
      </trkpt>
      <trkpt lat="45.603205" lon="24.530222">
        <ele>1525.748</ele>
        <time>2015-11-01T13:26:12Z</time>
      </trkpt>
      <trkpt lat="45.603193" lon="24.530062">
        <ele>1528.961</ele>
        <time>2015-11-01T13:26:18Z</time>
      </trkpt>
      <trkpt lat="45.603226" lon="24.529937">
        <ele>1531.917</ele>
        <time>2015-11-01T13:26:22Z</time>
      </trkpt>
      <trkpt lat="45.603244" lon="24.529800">
        <ele>1537.108</ele>
        <time>2015-11-01T13:26:37Z</time>
      </trkpt>
      <trkpt lat="45.603314" lon="24.529695">
        <ele>1540.255</ele>
        <time>2015-11-01T13:26:45Z</time>
      </trkpt>
      <trkpt lat="45.603385" lon="24.529595">
        <ele>1542.081</ele>
        <time>2015-11-01T13:26:57Z</time>
      </trkpt>
      <trkpt lat="45.603484" lon="24.529531">
        <ele>1541.095</ele>
        <time>2015-11-01T13:27:05Z</time>
      </trkpt>
      <trkpt lat="45.603584" lon="24.529538">
        <ele>1537.563</ele>
        <time>2015-11-01T13:27:10Z</time>
      </trkpt>
      <trkpt lat="45.603647" lon="24.529419">
        <ele>1538.116</ele>
        <time>2015-11-01T13:27:20Z</time>
      </trkpt>
      <trkpt lat="45.603726" lon="24.529342">
        <ele>1536.515</ele>
        <time>2015-11-01T13:27:25Z</time>
      </trkpt>
      <trkpt lat="45.603830" lon="24.529273">
        <ele>1533.566</ele>
        <time>2015-11-01T13:27:34Z</time>
      </trkpt>
      <trkpt lat="45.603932" lon="24.529258">
        <ele>1531.430</ele>
        <time>2015-11-01T13:27:49Z</time>
      </trkpt>
      <trkpt lat="45.604030" lon="24.529235">
        <ele>1531.949</ele>
        <time>2015-11-01T13:27:54Z</time>
      </trkpt>
      <trkpt lat="45.604125" lon="24.529244">
        <ele>1531.802</ele>
        <time>2015-11-01T13:28:06Z</time>
      </trkpt>
      <trkpt lat="45.604216" lon="24.529270">
        <ele>1532.222</ele>
        <time>2015-11-01T13:28:14Z</time>
      </trkpt>
      <trkpt lat="45.604307" lon="24.529284">
        <ele>1533.208</ele>
        <time>2015-11-01T13:28:23Z</time>
      </trkpt>
      <trkpt lat="45.604399" lon="24.529254">
        <ele>1535.155</ele>
        <time>2015-11-01T13:28:31Z</time>
      </trkpt>
      <trkpt lat="45.604500" lon="24.529240">
        <ele>1535.671</ele>
        <time>2015-11-01T13:28:39Z</time>
      </trkpt>
      <trkpt lat="45.604602" lon="24.529218">
        <ele>1535.065</ele>
        <time>2015-11-01T13:28:48Z</time>
      </trkpt>
      <trkpt lat="45.604697" lon="24.529224">
        <ele>1533.863</ele>
        <time>2015-11-01T13:28:57Z</time>
      </trkpt>
      <trkpt lat="45.604788" lon="24.529240">
        <ele>1532.666</ele>
        <time>2015-11-01T13:29:03Z</time>
      </trkpt>
      <trkpt lat="45.604868" lon="24.529171">
        <ele>1533.315</ele>
        <time>2015-11-01T13:29:21Z</time>
      </trkpt>
      <trkpt lat="45.604888" lon="24.529038">
        <ele>1534.436</ele>
        <time>2015-11-01T13:29:31Z</time>
      </trkpt>
      <trkpt lat="45.604880" lon="24.528898">
        <ele>1535.910</ele>
        <time>2015-11-01T13:30:29Z</time>
      </trkpt>
      <trkpt lat="45.605206" lon="24.528907">
        <ele>1528.491</ele>
        <time>2015-11-01T13:34:05Z</time>
      </trkpt>
      <trkpt lat="45.601673" lon="24.530942">
        <ele>1547.581</ele>
        <time>2015-11-01T13:43:50Z</time>
      </trkpt>
      <trkpt lat="45.605100" lon="24.528906">
        <ele>1530.819</ele>
        <time>2015-11-01T13:44:46Z</time>
      </trkpt>
      <trkpt lat="45.604967" lon="24.528934">
        <ele>1533.608</ele>
        <time>2015-11-01T13:44:58Z</time>
      </trkpt>
      <trkpt lat="45.604880" lon="24.528901">
        <ele>1535.980</ele>
        <time>2015-11-01T13:45:23Z</time>
      </trkpt>
      <trkpt lat="45.604951" lon="24.528815">
        <ele>1534.236</ele>
        <time>2015-11-01T13:46:30Z</time>
      </trkpt>
      <trkpt lat="45.605047" lon="24.528824">
        <ele>1531.890</ele>
        <time>2015-11-01T13:46:38Z</time>
      </trkpt>
      <trkpt lat="45.605134" lon="24.528888">
        <ele>1530.198</ele>
        <time>2015-11-01T13:46:46Z</time>
      </trkpt>
      <trkpt lat="45.605239" lon="24.528867">
        <ele>1527.891</ele>
        <time>2015-11-01T13:46:54Z</time>
      </trkpt>
      <trkpt lat="45.605337" lon="24.528906">
        <ele>1526.440</ele>
        <time>2015-11-01T13:47:01Z</time>
      </trkpt>
      <trkpt lat="45.605438" lon="24.528919">
        <ele>1525.531</ele>
        <time>2015-11-01T13:47:13Z</time>
      </trkpt>
      <trkpt lat="45.605531" lon="24.528890">
        <ele>1525.295</ele>
        <time>2015-11-01T13:47:21Z</time>
      </trkpt>
      <trkpt lat="45.605611" lon="24.528807">
        <ele>1525.052</ele>
        <time>2015-11-01T13:47:36Z</time>
      </trkpt>
      <trkpt lat="45.605705" lon="24.528792">
        <ele>1524.553</ele>
        <time>2015-11-01T13:47:46Z</time>
      </trkpt>
      <trkpt lat="45.605805" lon="24.528750">
        <ele>1524.208</ele>
        <time>2015-11-01T13:47:54Z</time>
      </trkpt>
      <trkpt lat="45.605897" lon="24.528736">
        <ele>1522.108</ele>
        <time>2015-11-01T13:48:05Z</time>
      </trkpt>
      <trkpt lat="45.605989" lon="24.528704">
        <ele>1519.166</ele>
        <time>2015-11-01T13:48:29Z</time>
      </trkpt>
      <trkpt lat="45.606075" lon="24.528654">
        <ele>1515.842</ele>
        <time>2015-11-01T13:48:39Z</time>
      </trkpt>
      <trkpt lat="45.606016" lon="24.528549">
        <ele>1516.976</ele>
        <time>2015-11-01T13:48:47Z</time>
      </trkpt>
      <trkpt lat="45.605932" lon="24.528476">
        <ele>1518.714</ele>
        <time>2015-11-01T13:48:54Z</time>
      </trkpt>
      <trkpt lat="45.605851" lon="24.528413">
        <ele>1520.247</ele>
        <time>2015-11-01T13:49:04Z</time>
      </trkpt>
      <trkpt lat="45.605767" lon="24.528333">
        <ele>1520.266</ele>
        <time>2015-11-01T13:49:12Z</time>
      </trkpt>
      <trkpt lat="45.605682" lon="24.528286">
        <ele>1520.397</ele>
        <time>2015-11-01T13:49:21Z</time>
      </trkpt>
      <trkpt lat="45.605598" lon="24.528219">
        <ele>1520.281</ele>
        <time>2015-11-01T13:49:28Z</time>
      </trkpt>
      <trkpt lat="45.605512" lon="24.528170">
        <ele>1520.019</ele>
        <time>2015-11-01T13:49:35Z</time>
      </trkpt>
      <trkpt lat="45.605425" lon="24.528105">
        <ele>1518.409</ele>
        <time>2015-11-01T13:49:42Z</time>
      </trkpt>
      <trkpt lat="45.605342" lon="24.528047">
        <ele>1516.719</ele>
        <time>2015-11-01T13:49:50Z</time>
      </trkpt>
      <trkpt lat="45.605256" lon="24.528005">
        <ele>1515.508</ele>
        <time>2015-11-01T13:49:59Z</time>
      </trkpt>
      <trkpt lat="45.605168" lon="24.527964">
        <ele>1515.292</ele>
        <time>2015-11-01T13:50:07Z</time>
      </trkpt>
      <trkpt lat="45.605067" lon="24.527902">
        <ele>1514.168</ele>
        <time>2015-11-01T13:50:13Z</time>
      </trkpt>
      <trkpt lat="45.604980" lon="24.527850">
        <ele>1513.342</ele>
        <time>2015-11-01T13:50:20Z</time>
      </trkpt>
      <trkpt lat="45.604873" lon="24.527791">
        <ele>1513.330</ele>
        <time>2015-11-01T13:50:29Z</time>
      </trkpt>
      <trkpt lat="45.604793" lon="24.527731">
        <ele>1512.683</ele>
        <time>2015-11-01T13:50:38Z</time>
      </trkpt>
      <trkpt lat="45.604699" lon="24.527722">
        <ele>1514.062</ele>
        <time>2015-11-01T13:50:46Z</time>
      </trkpt>
      <trkpt lat="45.604608" lon="24.527684">
        <ele>1513.573</ele>
        <time>2015-11-01T13:50:56Z</time>
      </trkpt>
      <trkpt lat="45.604525" lon="24.527628">
        <ele>1512.237</ele>
        <time>2015-11-01T13:51:04Z</time>
      </trkpt>
      <trkpt lat="45.604432" lon="24.527643">
        <ele>1513.489</ele>
        <time>2015-11-01T13:51:13Z</time>
      </trkpt>
      <trkpt lat="45.604335" lon="24.527611">
        <ele>1510.006</ele>
        <time>2015-11-01T13:51:20Z</time>
      </trkpt>
      <trkpt lat="45.604243" lon="24.527601">
        <ele>1507.526</ele>
        <time>2015-11-01T13:51:27Z</time>
      </trkpt>
      <trkpt lat="45.604148" lon="24.527565">
        <ele>1503.508</ele>
        <time>2015-11-01T13:51:34Z</time>
      </trkpt>
      <trkpt lat="45.604051" lon="24.527531">
        <ele>1499.169</ele>
        <time>2015-11-01T13:51:42Z</time>
      </trkpt>
      <trkpt lat="45.603951" lon="24.527527">
        <ele>1496.035</ele>
        <time>2015-11-01T13:51:50Z</time>
      </trkpt>
      <trkpt lat="45.603854" lon="24.527515">
        <ele>1492.889</ele>
        <time>2015-11-01T13:52:00Z</time>
      </trkpt>
      <trkpt lat="45.603757" lon="24.527501">
        <ele>1489.727</ele>
        <time>2015-11-01T13:52:08Z</time>
      </trkpt>
      <trkpt lat="45.603674" lon="24.527582">
        <ele>1491.620</ele>
        <time>2015-11-01T13:52:19Z</time>
      </trkpt>
      <trkpt lat="45.603599" lon="24.527675">
        <ele>1494.749</ele>
        <time>2015-11-01T13:52:29Z</time>
      </trkpt>
      <trkpt lat="45.603512" lon="24.527723">
        <ele>1496.380</ele>
        <time>2015-11-01T13:52:36Z</time>
      </trkpt>
      <trkpt lat="45.603519" lon="24.527580">
        <ele>1489.544</ele>
        <time>2015-11-01T13:52:48Z</time>
      </trkpt>
      <trkpt lat="45.603582" lon="24.527469">
        <ele>1484.546</ele>
        <time>2015-11-01T13:52:59Z</time>
      </trkpt>
      <trkpt lat="45.603639" lon="24.527362">
        <ele>1480.788</ele>
        <time>2015-11-01T13:53:11Z</time>
      </trkpt>
      <trkpt lat="45.603723" lon="24.527285">
        <ele>1479.216</ele>
        <time>2015-11-01T13:53:22Z</time>
      </trkpt>
      <trkpt lat="45.603817" lon="24.527222">
        <ele>1478.408</ele>
        <time>2015-11-01T13:53:28Z</time>
      </trkpt>
      <trkpt lat="45.603896" lon="24.527153">
        <ele>1477.245</ele>
        <time>2015-11-01T13:53:52Z</time>
      </trkpt>
      <trkpt lat="45.603967" lon="24.527053">
        <ele>1474.811</ele>
        <time>2015-11-01T13:54:10Z</time>
      </trkpt>
      <trkpt lat="45.604060" lon="24.527001">
        <ele>1474.975</ele>
        <time>2015-11-01T13:54:30Z</time>
      </trkpt>
      <trkpt lat="45.604148" lon="24.526950">
        <ele>1474.823</ele>
        <time>2015-11-01T13:54:37Z</time>
      </trkpt>
      <trkpt lat="45.604225" lon="24.526883">
        <ele>1473.316</ele>
        <time>2015-11-01T13:54:44Z</time>
      </trkpt>
      <trkpt lat="45.604318" lon="24.526837">
        <ele>1473.285</ele>
        <time>2015-11-01T13:54:52Z</time>
      </trkpt>
      <trkpt lat="45.604408" lon="24.526819">
        <ele>1474.246</ele>
        <time>2015-11-01T13:55:00Z</time>
      </trkpt>
      <trkpt lat="45.604507" lon="24.526811">
        <ele>1473.770</ele>
        <time>2015-11-01T13:55:10Z</time>
      </trkpt>
      <trkpt lat="45.604601" lon="24.526783">
        <ele>1471.134</ele>
        <time>2015-11-01T13:55:20Z</time>
      </trkpt>
      <trkpt lat="45.604696" lon="24.526786">
        <ele>1469.655</ele>
        <time>2015-11-01T13:55:26Z</time>
      </trkpt>
      <trkpt lat="45.604789" lon="24.526756">
        <ele>1467.210</ele>
        <time>2015-11-01T13:55:44Z</time>
      </trkpt>
      <trkpt lat="45.604885" lon="24.526753">
        <ele>1466.208</ele>
        <time>2015-11-01T13:56:12Z</time>
      </trkpt>
      <trkpt lat="45.605001" lon="24.526723">
        <ele>1464.024</ele>
        <time>2015-11-01T13:56:15Z</time>
      </trkpt>
      <trkpt lat="45.605096" lon="24.526721">
        <ele>1462.540</ele>
        <time>2015-11-01T13:56:19Z</time>
      </trkpt>
      <trkpt lat="45.605197" lon="24.526722">
        <ele>1461.084</ele>
        <time>2015-11-01T13:56:23Z</time>
      </trkpt>
      <trkpt lat="45.605309" lon="24.526743">
        <ele>1461.232</ele>
        <time>2015-11-01T13:56:34Z</time>
      </trkpt>
      <trkpt lat="45.605465" lon="24.526717">
        <ele>1461.325</ele>
        <time>2015-11-01T13:56:41Z</time>
      </trkpt>
      <trkpt lat="45.605597" lon="24.526719">
        <ele>1461.354</ele>
        <time>2015-11-01T13:56:44Z</time>
      </trkpt>
      <trkpt lat="45.605712" lon="24.526717">
        <ele>1458.855</ele>
        <time>2015-11-01T13:57:05Z</time>
      </trkpt>
      <trkpt lat="45.605834" lon="24.526730">
        <ele>1456.789</ele>
        <time>2015-11-01T13:57:26Z</time>
      </trkpt>
      <trkpt lat="45.605914" lon="24.526793">
        <ele>1458.171</ele>
        <time>2015-11-01T13:57:57Z</time>
      </trkpt>
      <trkpt lat="45.605994" lon="24.526720">
        <ele>1453.541</ele>
        <time>2015-11-01T13:58:12Z</time>
      </trkpt>
      <trkpt lat="45.605959" lon="24.526592">
        <ele>1448.815</ele>
        <time>2015-11-01T13:58:24Z</time>
      </trkpt>
      <trkpt lat="45.605870" lon="24.526564">
        <ele>1449.008</ele>
        <time>2015-11-01T13:58:34Z</time>
      </trkpt>
      <trkpt lat="45.605778" lon="24.526532">
        <ele>1448.948</ele>
        <time>2015-11-01T13:58:41Z</time>
      </trkpt>
      <trkpt lat="45.605684" lon="24.526479">
        <ele>1447.564</ele>
        <time>2015-11-01T13:58:51Z</time>
      </trkpt>
      <trkpt lat="45.605590" lon="24.526459">
        <ele>1447.468</ele>
        <time>2015-11-01T13:59:00Z</time>
      </trkpt>
      <trkpt lat="45.605499" lon="24.526392">
        <ele>1445.426</ele>
        <time>2015-11-01T13:59:11Z</time>
      </trkpt>
      <trkpt lat="45.605412" lon="24.526348">
        <ele>1445.639</ele>
        <time>2015-11-01T13:59:18Z</time>
      </trkpt>
      <trkpt lat="45.605329" lon="24.526292">
        <ele>1445.458</ele>
        <time>2015-11-01T13:59:28Z</time>
      </trkpt>
      <trkpt lat="45.605236" lon="24.526244">
        <ele>1444.639</ele>
        <time>2015-11-01T13:59:39Z</time>
      </trkpt>
      <trkpt lat="45.605154" lon="24.526188">
        <ele>1442.123</ele>
        <time>2015-11-01T13:59:48Z</time>
      </trkpt>
      <trkpt lat="45.605066" lon="24.526159">
        <ele>1440.557</ele>
        <time>2015-11-01T13:59:59Z</time>
      </trkpt>
      <trkpt lat="45.604981" lon="24.526108">
        <ele>1438.000</ele>
        <time>2015-11-01T14:00:10Z</time>
      </trkpt>
      <trkpt lat="45.604913" lon="24.526018">
        <ele>1434.420</ele>
        <time>2015-11-01T14:00:18Z</time>
      </trkpt>
      <trkpt lat="45.604826" lon="24.525981">
        <ele>1433.508</ele>
        <time>2015-11-01T14:00:27Z</time>
      </trkpt>
      <trkpt lat="45.604737" lon="24.525947">
        <ele>1432.886</ele>
        <time>2015-11-01T14:00:36Z</time>
      </trkpt>
      <trkpt lat="45.604714" lon="24.525816">
        <ele>1427.352</ele>
        <time>2015-11-01T14:00:52Z</time>
      </trkpt>
      <trkpt lat="45.604694" lon="24.525689">
        <ele>1421.736</ele>
        <time>2015-11-01T14:01:45Z</time>
      </trkpt>
      <trkpt lat="45.604789" lon="24.525714">
        <ele>1421.734</ele>
        <time>2015-11-01T14:02:08Z</time>
      </trkpt>
      <trkpt lat="45.604879" lon="24.525693">
        <ele>1419.747</ele>
        <time>2015-11-01T14:02:21Z</time>
      </trkpt>
      <trkpt lat="45.604961" lon="24.525628">
        <ele>1415.856</ele>
        <time>2015-11-01T14:02:27Z</time>
      </trkpt>
      <trkpt lat="45.605073" lon="24.525603">
        <ele>1414.347</ele>
        <time>2015-11-01T14:02:32Z</time>
      </trkpt>
      <trkpt lat="45.605163" lon="24.525615">
        <ele>1414.991</ele>
        <time>2015-11-01T14:02:39Z</time>
      </trkpt>
      <trkpt lat="45.605273" lon="24.525599">
        <ele>1414.216</ele>
        <time>2015-11-01T14:03:04Z</time>
      </trkpt>
      <trkpt lat="45.605382" lon="24.525601">
        <ele>1411.576</ele>
        <time>2015-11-01T14:03:08Z</time>
      </trkpt>
      <trkpt lat="45.605469" lon="24.525540">
        <ele>1405.613</ele>
        <time>2015-11-01T14:03:11Z</time>
      </trkpt>
      <trkpt lat="45.605561" lon="24.525575">
        <ele>1405.108</ele>
        <time>2015-11-01T14:03:16Z</time>
      </trkpt>
      <trkpt lat="45.605657" lon="24.525602">
        <ele>1405.372</ele>
        <time>2015-11-01T14:03:25Z</time>
      </trkpt>
      <trkpt lat="45.605751" lon="24.525566">
        <ele>1401.828</ele>
        <time>2015-11-01T14:03:34Z</time>
      </trkpt>
      <trkpt lat="45.605847" lon="24.525547">
        <ele>1399.212</ele>
        <time>2015-11-01T14:03:45Z</time>
      </trkpt>
      <trkpt lat="45.605948" lon="24.525540">
        <ele>1396.050</ele>
        <time>2015-11-01T14:03:58Z</time>
      </trkpt>
      <trkpt lat="45.606033" lon="24.525584">
        <ele>1395.933</ele>
        <time>2015-11-01T14:04:06Z</time>
      </trkpt>
      <trkpt lat="45.606163" lon="24.525608">
        <ele>1395.542</ele>
        <time>2015-11-01T14:04:24Z</time>
      </trkpt>
      <trkpt lat="45.606272" lon="24.525600">
        <ele>1396.133</ele>
        <time>2015-11-01T14:04:32Z</time>
      </trkpt>
      <trkpt lat="45.606385" lon="24.525615">
        <ele>1398.077</ele>
        <time>2015-11-01T14:04:35Z</time>
      </trkpt>
      <trkpt lat="45.606477" lon="24.525628">
        <ele>1400.147</ele>
        <time>2015-11-01T14:04:41Z</time>
      </trkpt>
      <trkpt lat="45.606579" lon="24.525641">
        <ele>1402.329</ele>
        <time>2015-11-01T14:04:47Z</time>
      </trkpt>
      <trkpt lat="45.606674" lon="24.525666">
        <ele>1404.821</ele>
        <time>2015-11-01T14:04:54Z</time>
      </trkpt>
      <trkpt lat="45.606766" lon="24.525626">
        <ele>1403.008</ele>
        <time>2015-11-01T14:05:06Z</time>
      </trkpt>
      <trkpt lat="45.606858" lon="24.525595">
        <ele>1401.765</ele>
        <time>2015-11-01T14:05:20Z</time>
      </trkpt>
      <trkpt lat="45.606957" lon="24.525588">
        <ele>1401.281</ele>
        <time>2015-11-01T14:05:32Z</time>
      </trkpt>
      <trkpt lat="45.607066" lon="24.525631">
        <ele>1401.565</ele>
        <time>2015-11-01T14:05:37Z</time>
      </trkpt>
      <trkpt lat="45.607173" lon="24.525650">
        <ele>1400.883</ele>
        <time>2015-11-01T14:05:55Z</time>
      </trkpt>
      <trkpt lat="45.607276" lon="24.525646">
        <ele>1398.896</ele>
        <time>2015-11-01T14:06:01Z</time>
      </trkpt>
      <trkpt lat="45.607386" lon="24.525655">
        <ele>1396.955</ele>
        <time>2015-11-01T14:06:06Z</time>
      </trkpt>
      <trkpt lat="45.607496" lon="24.525632">
        <ele>1393.826</ele>
        <time>2015-11-01T14:06:22Z</time>
      </trkpt>
      <trkpt lat="45.607598" lon="24.525639">
        <ele>1391.560</ele>
        <time>2015-11-01T14:06:39Z</time>
      </trkpt>
      <trkpt lat="45.607692" lon="24.525693">
        <ele>1391.431</ele>
        <time>2015-11-01T14:06:44Z</time>
      </trkpt>
      <trkpt lat="45.607778" lon="24.525786">
        <ele>1393.861</ele>
        <time>2015-11-01T14:06:50Z</time>
      </trkpt>
      <trkpt lat="45.607862" lon="24.525890">
        <ele>1395.007</ele>
        <time>2015-11-01T14:06:53Z</time>
      </trkpt>
      <trkpt lat="45.607949" lon="24.525945">
        <ele>1393.908</ele>
        <time>2015-11-01T14:06:55Z</time>
      </trkpt>
      <trkpt lat="45.608074" lon="24.525908">
        <ele>1388.064</ele>
        <time>2015-11-01T14:07:29Z</time>
      </trkpt>
      <trkpt lat="45.608196" lon="24.525933">
        <ele>1384.260</ele>
        <time>2015-11-01T14:07:47Z</time>
      </trkpt>
      <trkpt lat="45.608315" lon="24.525961">
        <ele>1381.154</ele>
        <time>2015-11-01T14:07:50Z</time>
      </trkpt>
      <trkpt lat="45.608410" lon="24.525990">
        <ele>1381.152</ele>
        <time>2015-11-01T14:07:54Z</time>
      </trkpt>
      <trkpt lat="45.608501" lon="24.525967">
        <ele>1378.975</ele>
        <time>2015-11-01T14:07:59Z</time>
      </trkpt>
      <trkpt lat="45.608594" lon="24.525923">
        <ele>1375.724</ele>
        <time>2015-11-01T14:08:06Z</time>
      </trkpt>
      <trkpt lat="45.608682" lon="24.525890">
        <ele>1374.265</ele>
        <time>2015-11-01T14:08:23Z</time>
      </trkpt>
      <trkpt lat="45.608773" lon="24.525811">
        <ele>1370.539</ele>
        <time>2015-11-01T14:08:32Z</time>
      </trkpt>
      <trkpt lat="45.608850" lon="24.525740">
        <ele>1367.293</ele>
        <time>2015-11-01T14:08:40Z</time>
      </trkpt>
      <trkpt lat="45.608924" lon="24.525641">
        <ele>1362.665</ele>
        <time>2015-11-01T14:08:49Z</time>
      </trkpt>
      <trkpt lat="45.609015" lon="24.525611">
        <ele>1361.921</ele>
        <time>2015-11-01T14:08:59Z</time>
      </trkpt>
      <trkpt lat="45.609110" lon="24.525627">
        <ele>1363.608</ele>
        <time>2015-11-01T14:09:11Z</time>
      </trkpt>
      <trkpt lat="45.609214" lon="24.525626">
        <ele>1364.350</ele>
        <time>2015-11-01T14:09:16Z</time>
      </trkpt>
      <trkpt lat="45.609308" lon="24.525666">
        <ele>1367.046</ele>
        <time>2015-11-01T14:09:21Z</time>
      </trkpt>
      <trkpt lat="45.609407" lon="24.525711">
        <ele>1369.750</ele>
        <time>2015-11-01T14:09:30Z</time>
      </trkpt>
      <trkpt lat="45.609498" lon="24.525762">
        <ele>1371.318</ele>
        <time>2015-11-01T14:09:35Z</time>
      </trkpt>
      <trkpt lat="45.609583" lon="24.525816">
        <ele>1372.281</ele>
        <time>2015-11-01T14:09:44Z</time>
      </trkpt>
      <trkpt lat="45.609685" lon="24.525864">
        <ele>1372.340</ele>
        <time>2015-11-01T14:09:56Z</time>
      </trkpt>
      <trkpt lat="45.609779" lon="24.525862">
        <ele>1369.311</ele>
        <time>2015-11-01T14:10:12Z</time>
      </trkpt>
      <trkpt lat="45.609868" lon="24.525829">
        <ele>1364.695</ele>
        <time>2015-11-01T14:10:18Z</time>
      </trkpt>
      <trkpt lat="45.609962" lon="24.525752">
        <ele>1357.862</ele>
        <time>2015-11-01T14:10:24Z</time>
      </trkpt>
      <trkpt lat="45.610049" lon="24.525702">
        <ele>1354.083</ele>
        <time>2015-11-01T14:10:31Z</time>
      </trkpt>
      <trkpt lat="45.610141" lon="24.525661">
        <ele>1351.511</ele>
        <time>2015-11-01T14:10:40Z</time>
      </trkpt>
      <trkpt lat="45.610229" lon="24.525604">
        <ele>1348.408</ele>
        <time>2015-11-01T14:10:51Z</time>
      </trkpt>
      <trkpt lat="45.610308" lon="24.525523">
        <ele>1344.547</ele>
        <time>2015-11-01T14:11:05Z</time>
      </trkpt>
      <trkpt lat="45.610391" lon="24.525463">
        <ele>1341.663</ele>
        <time>2015-11-01T14:11:13Z</time>
      </trkpt>
      <trkpt lat="45.610470" lon="24.525401">
        <ele>1338.647</ele>
        <time>2015-11-01T14:11:25Z</time>
      </trkpt>
      <trkpt lat="45.610566" lon="24.525367">
        <ele>1336.885</ele>
        <time>2015-11-01T14:11:35Z</time>
      </trkpt>
      <trkpt lat="45.610667" lon="24.525321">
        <ele>1334.058</ele>
        <time>2015-11-01T14:11:46Z</time>
      </trkpt>
      <trkpt lat="45.610758" lon="24.525334">
        <ele>1333.867</ele>
        <time>2015-11-01T14:11:57Z</time>
      </trkpt>
      <trkpt lat="45.610845" lon="24.525281">
        <ele>1331.098</ele>
        <time>2015-11-01T14:12:14Z</time>
      </trkpt>
      <trkpt lat="45.610942" lon="24.525263">
        <ele>1329.012</ele>
        <time>2015-11-01T14:12:50Z</time>
      </trkpt>
      <trkpt lat="45.611035" lon="24.525299">
        <ele>1328.775</ele>
        <time>2015-11-01T14:12:57Z</time>
      </trkpt>
      <trkpt lat="45.611158" lon="24.525360">
        <ele>1327.428</ele>
        <time>2015-11-01T14:13:11Z</time>
      </trkpt>
      <trkpt lat="45.611336" lon="24.525373">
        <ele>1322.620</ele>
        <time>2015-11-01T14:13:54Z</time>
      </trkpt>
      <trkpt lat="45.611451" lon="24.525410">
        <ele>1320.808</ele>
        <time>2015-11-01T14:14:36Z</time>
      </trkpt>
      <trkpt lat="45.611569" lon="24.525428">
        <ele>1318.798</ele>
        <time>2015-11-01T14:14:42Z</time>
      </trkpt>
      <trkpt lat="45.611700" lon="24.525441">
        <ele>1315.834</ele>
        <time>2015-11-01T14:14:59Z</time>
      </trkpt>
      <trkpt lat="45.611817" lon="24.525442">
        <ele>1311.418</ele>
        <time>2015-11-01T14:15:05Z</time>
      </trkpt>
      <trkpt lat="45.611923" lon="24.525471">
        <ele>1308.536</ele>
        <time>2015-11-01T14:15:11Z</time>
      </trkpt>
      <trkpt lat="45.612015" lon="24.525502">
        <ele>1306.929</ele>
        <time>2015-11-01T14:15:13Z</time>
      </trkpt>
      <trkpt lat="45.612112" lon="24.525491">
        <ele>1303.848</ele>
        <time>2015-11-01T14:15:27Z</time>
      </trkpt>
      <trkpt lat="45.612221" lon="24.525477">
        <ele>1300.239</ele>
        <time>2015-11-01T14:15:46Z</time>
      </trkpt>
      <trkpt lat="45.612309" lon="24.525428">
        <ele>1296.723</ele>
        <time>2015-11-01T14:16:13Z</time>
      </trkpt>
      <trkpt lat="45.612321" lon="24.525259">
        <ele>1290.543</ele>
        <time>2015-11-01T14:16:53Z</time>
      </trkpt>
      <trkpt lat="45.612262" lon="24.525141">
        <ele>1286.964</ele>
        <time>2015-11-01T14:17:06Z</time>
      </trkpt>
      <trkpt lat="45.612211" lon="24.524993">
        <ele>1282.010</ele>
        <time>2015-11-01T14:17:13Z</time>
      </trkpt>
      <trkpt lat="45.612181" lon="24.524844">
        <ele>1277.508</ele>
        <time>2015-11-01T14:17:18Z</time>
      </trkpt>
      <trkpt lat="45.612118" lon="24.524705">
        <ele>1274.575</ele>
        <time>2015-11-01T14:17:26Z</time>
      </trkpt>
      <trkpt lat="45.612053" lon="24.524602">
        <ele>1273.791</ele>
        <time>2015-11-01T14:17:34Z</time>
      </trkpt>
      <trkpt lat="45.611977" lon="24.524495">
        <ele>1273.235</ele>
        <time>2015-11-01T14:17:45Z</time>
      </trkpt>
      <trkpt lat="45.611921" lon="24.524389">
        <ele>1272.023</ele>
        <time>2015-11-01T14:18:03Z</time>
      </trkpt>
      <trkpt lat="45.611873" lon="24.524246">
        <ele>1269.546</ele>
        <time>2015-11-01T14:18:22Z</time>
      </trkpt>
      <trkpt lat="45.611896" lon="24.524099">
        <ele>1264.775</ele>
        <time>2015-11-01T14:19:12Z</time>
      </trkpt>
      <trkpt lat="45.611904" lon="24.523967">
        <ele>1260.946</ele>
        <time>2015-11-01T14:19:54Z</time>
      </trkpt>
      <trkpt lat="45.611902" lon="24.523832">
        <ele>1256.850</ele>
        <time>2015-11-01T14:19:59Z</time>
      </trkpt>
      <trkpt lat="45.611856" lon="24.523637">
        <ele>1251.517</ele>
        <time>2015-11-01T14:20:13Z</time>
      </trkpt>
      <trkpt lat="45.611774" lon="24.523526">
        <ele>1249.687</ele>
        <time>2015-11-01T14:20:31Z</time>
      </trkpt>
      <trkpt lat="45.611689" lon="24.523459">
        <ele>1249.115</ele>
        <time>2015-11-01T14:20:40Z</time>
      </trkpt>
      <trkpt lat="45.611633" lon="24.523357">
        <ele>1245.508</ele>
        <time>2015-11-01T14:20:45Z</time>
      </trkpt>
      <trkpt lat="45.611551" lon="24.523296">
        <ele>1245.392</ele>
        <time>2015-11-01T14:20:55Z</time>
      </trkpt>
      <trkpt lat="45.611501" lon="24.523146">
        <ele>1239.318</ele>
        <time>2015-11-01T14:21:09Z</time>
      </trkpt>
      <trkpt lat="45.611430" lon="24.523053">
        <ele>1236.042</ele>
        <time>2015-11-01T14:21:24Z</time>
      </trkpt>
      <trkpt lat="45.611526" lon="24.523027">
        <ele>1233.170</ele>
        <time>2015-11-01T14:22:19Z</time>
      </trkpt>
      <trkpt lat="45.611648" lon="24.523011">
        <ele>1230.033</ele>
        <time>2015-11-01T14:22:22Z</time>
      </trkpt>
      <trkpt lat="45.611736" lon="24.522978">
        <ele>1226.962</ele>
        <time>2015-11-01T14:22:36Z</time>
      </trkpt>
      <trkpt lat="45.611753" lon="24.522809">
        <ele>1221.443</ele>
        <time>2015-11-01T14:23:22Z</time>
      </trkpt>
      <trkpt lat="45.611838" lon="24.522734">
        <ele>1217.937</ele>
        <time>2015-11-01T14:23:39Z</time>
      </trkpt>
      <trkpt lat="45.611895" lon="24.522568">
        <ele>1213.235</ele>
        <time>2015-11-01T14:24:06Z</time>
      </trkpt>
      <trkpt lat="45.611957" lon="24.522446">
        <ele>1209.786</ele>
        <time>2015-11-01T14:24:26Z</time>
      </trkpt>
      <trkpt lat="45.611991" lon="24.522316">
        <ele>1206.714</ele>
        <time>2015-11-01T14:24:31Z</time>
      </trkpt>
      <trkpt lat="45.612000" lon="24.522185">
        <ele>1203.708</ele>
        <time>2015-11-01T14:24:38Z</time>
      </trkpt>
      <trkpt lat="45.612103" lon="24.522068">
        <ele>1200.374</ele>
        <time>2015-11-01T14:25:03Z</time>
      </trkpt>
      <trkpt lat="45.612092" lon="24.521865">
        <ele>1195.320</ele>
        <time>2015-11-01T14:25:20Z</time>
      </trkpt>
      <trkpt lat="45.612038" lon="24.521744">
        <ele>1192.454</ele>
        <time>2015-11-01T14:25:27Z</time>
      </trkpt>
      <trkpt lat="45.611972" lon="24.521647">
        <ele>1190.282</ele>
        <time>2015-11-01T14:25:44Z</time>
      </trkpt>
      <trkpt lat="45.611891" lon="24.521481">
        <ele>1186.365</ele>
        <time>2015-11-01T14:26:05Z</time>
      </trkpt>
      <trkpt lat="45.611926" lon="24.521360">
        <ele>1182.464</ele>
        <time>2015-11-01T14:26:27Z</time>
      </trkpt>
      <trkpt lat="45.612019" lon="24.521299">
        <ele>1180.075</ele>
        <time>2015-11-01T14:27:22Z</time>
      </trkpt>
      <trkpt lat="45.612145" lon="24.521259">
        <ele>1178.599</ele>
        <time>2015-11-01T14:27:48Z</time>
      </trkpt>
      <trkpt lat="45.612269" lon="24.521177">
        <ele>1176.439</ele>
        <time>2015-11-01T14:28:29Z</time>
      </trkpt>
      <trkpt lat="45.612397" lon="24.521131">
        <ele>1175.401</ele>
        <time>2015-11-01T14:28:40Z</time>
      </trkpt>
      <trkpt lat="45.612491" lon="24.521107">
        <ele>1174.921</ele>
        <time>2015-11-01T14:28:44Z</time>
      </trkpt>
      <trkpt lat="45.612603" lon="24.521075">
        <ele>1172.908</ele>
        <time>2015-11-01T14:28:50Z</time>
      </trkpt>
      <trkpt lat="45.612709" lon="24.521085">
        <ele>1172.154</ele>
        <time>2015-11-01T14:29:00Z</time>
      </trkpt>
      <trkpt lat="45.612809" lon="24.521082">
        <ele>1170.610</ele>
        <time>2015-11-01T14:29:05Z</time>
      </trkpt>
      <trkpt lat="45.612910" lon="24.521080">
        <ele>1168.144</ele>
        <time>2015-11-01T14:29:09Z</time>
      </trkpt>
      <trkpt lat="45.613003" lon="24.521054">
        <ele>1165.432</ele>
        <time>2015-11-01T14:29:23Z</time>
      </trkpt>
      <trkpt lat="45.613156" lon="24.521080">
        <ele>1160.315</ele>
        <time>2015-11-01T14:29:53Z</time>
      </trkpt>
      <trkpt lat="45.613245" lon="24.521101">
        <ele>1156.754</ele>
        <time>2015-11-01T14:29:55Z</time>
      </trkpt>
      <trkpt lat="45.613378" lon="24.521104">
        <ele>1151.375</ele>
        <time>2015-11-01T14:29:56Z</time>
      </trkpt>
      <trkpt lat="45.613472" lon="24.521134">
        <ele>1148.259</ele>
        <time>2015-11-01T14:30:02Z</time>
      </trkpt>
      <trkpt lat="45.613460" lon="24.521271">
        <ele>1149.697</ele>
        <time>2015-11-01T14:30:21Z</time>
      </trkpt>
      <trkpt lat="45.613476" lon="24.521404">
        <ele>1150.023</ele>
        <time>2015-11-01T14:30:32Z</time>
      </trkpt>
      <trkpt lat="45.613570" lon="24.521315">
        <ele>1145.925</ele>
        <time>2015-11-01T14:31:09Z</time>
      </trkpt>
      <trkpt lat="45.613623" lon="24.521154">
        <ele>1142.608</ele>
        <time>2015-11-01T14:31:23Z</time>
      </trkpt>
      <trkpt lat="45.613629" lon="24.520993">
        <ele>1139.820</ele>
        <time>2015-11-01T14:31:35Z</time>
      </trkpt>
      <trkpt lat="45.613633" lon="24.520848">
        <ele>1137.166</ele>
        <time>2015-11-01T14:31:39Z</time>
      </trkpt>
      <trkpt lat="45.613631" lon="24.520705">
        <ele>1135.560</ele>
        <time>2015-11-01T14:31:45Z</time>
      </trkpt>
      <trkpt lat="45.613625" lon="24.520575">
        <ele>1134.478</ele>
        <time>2015-11-01T14:31:58Z</time>
      </trkpt>
      <trkpt lat="45.613672" lon="24.520426">
        <ele>1129.741</ele>
        <time>2015-11-01T14:32:16Z</time>
      </trkpt>
      <trkpt lat="45.613777" lon="24.520229">
        <ele>1122.940</ele>
        <time>2015-11-01T14:32:42Z</time>
      </trkpt>
      <trkpt lat="45.613812" lon="24.520105">
        <ele>1120.531</ele>
        <time>2015-11-01T14:32:57Z</time>
      </trkpt>
      <trkpt lat="45.613843" lon="24.519979">
        <ele>1117.975</ele>
        <time>2015-11-01T14:33:05Z</time>
      </trkpt>
      <trkpt lat="45.613869" lon="24.519851">
        <ele>1113.467</ele>
        <time>2015-11-01T14:33:19Z</time>
      </trkpt>
      <trkpt lat="45.613883" lon="24.519719">
        <ele>1109.181</ele>
        <time>2015-11-01T14:33:34Z</time>
      </trkpt>
      <trkpt lat="45.613981" lon="24.519817">
        <ele>1106.419</ele>
        <time>2015-11-01T14:34:00Z</time>
      </trkpt>
      <trkpt lat="45.613980" lon="24.519972">
        <ele>1110.908</ele>
        <time>2015-11-01T14:34:06Z</time>
      </trkpt>
      <trkpt lat="45.613988" lon="24.520104">
        <ele>1112.487</ele>
        <time>2015-11-01T14:34:14Z</time>
      </trkpt>
      <trkpt lat="45.614049" lon="24.520284">
        <ele>1111.583</ele>
        <time>2015-11-01T14:34:28Z</time>
      </trkpt>
      <trkpt lat="45.614120" lon="24.520182">
        <ele>1106.647</ele>
        <time>2015-11-01T14:34:54Z</time>
      </trkpt>
      <trkpt lat="45.614181" lon="24.520046">
        <ele>1101.075</ele>
        <time>2015-11-01T14:35:01Z</time>
      </trkpt>
      <trkpt lat="45.614217" lon="24.519918">
        <ele>1095.698</ele>
        <time>2015-11-01T14:35:04Z</time>
      </trkpt>
      <trkpt lat="45.614288" lon="24.519806">
        <ele>1087.857</ele>
        <time>2015-11-01T14:35:11Z</time>
      </trkpt>
      <trkpt lat="45.614356" lon="24.519691">
        <ele>1079.848</ele>
        <time>2015-11-01T14:35:26Z</time>
      </trkpt>
      <trkpt lat="45.614419" lon="24.519589">
        <ele>1073.282</ele>
        <time>2015-11-01T14:35:33Z</time>
      </trkpt>
      <trkpt lat="45.614345" lon="24.519435">
        <ele>1073.293</ele>
        <time>2015-11-01T14:36:06Z</time>
      </trkpt>
      <trkpt lat="45.614273" lon="24.519342">
        <ele>1074.765</ele>
        <time>2015-11-01T14:36:14Z</time>
      </trkpt>
      <trkpt lat="45.614199" lon="24.519223">
        <ele>1075.221</ele>
        <time>2015-11-01T14:36:17Z</time>
      </trkpt>
      <trkpt lat="45.614141" lon="24.519106">
        <ele>1074.608</ele>
        <time>2015-11-01T14:36:22Z</time>
      </trkpt>
      <trkpt lat="45.614129" lon="24.518953">
        <ele>1071.540</ele>
        <time>2015-11-01T14:36:40Z</time>
      </trkpt>
      <trkpt lat="45.614041" lon="24.518909">
        <ele>1072.756</ele>
        <time>2015-11-01T14:36:51Z</time>
      </trkpt>
      <trkpt lat="45.613931" lon="24.518832">
        <ele>1073.470</ele>
        <time>2015-11-01T14:37:02Z</time>
      </trkpt>
      <trkpt lat="45.614020" lon="24.518905">
        <ele>1073.228</ele>
        <time>2015-11-01T14:38:13Z</time>
      </trkpt>
      <trkpt lat="45.613943" lon="24.518815">
        <ele>1072.671</ele>
        <time>2015-11-01T14:38:25Z</time>
      </trkpt>
      <trkpt lat="45.613856" lon="24.518727">
        <ele>1072.040</ele>
        <time>2015-11-01T14:38:34Z</time>
      </trkpt>
      <trkpt lat="45.613776" lon="24.518659">
        <ele>1071.611</ele>
        <time>2015-11-01T14:38:44Z</time>
      </trkpt>
      <trkpt lat="45.613690" lon="24.518558">
        <ele>1070.545</ele>
        <time>2015-11-01T14:39:07Z</time>
      </trkpt>
      <trkpt lat="45.613621" lon="24.518476">
        <ele>1069.917</ele>
        <time>2015-11-01T14:39:18Z</time>
      </trkpt>
      <trkpt lat="45.613560" lon="24.518375">
        <ele>1068.087</ele>
        <time>2015-11-01T14:39:38Z</time>
      </trkpt>
      <trkpt lat="45.613652" lon="24.518360">
        <ele>1067.115</ele>
        <time>2015-11-01T14:40:05Z</time>
      </trkpt>
      <trkpt lat="45.613745" lon="24.518382">
        <ele>1066.408</ele>
        <time>2015-11-01T14:40:10Z</time>
      </trkpt>
      <trkpt lat="45.613854" lon="24.518405">
        <ele>1065.542</ele>
        <time>2015-11-01T14:40:18Z</time>
      </trkpt>
      <trkpt lat="45.613951" lon="24.518371">
        <ele>1063.298</ele>
        <time>2015-11-01T14:40:39Z</time>
      </trkpt>
      <trkpt lat="45.614053" lon="24.518397">
        <ele>1061.552</ele>
        <time>2015-11-01T14:40:47Z</time>
      </trkpt>
      <trkpt lat="45.614158" lon="24.518411">
        <ele>1059.650</ele>
        <time>2015-11-01T14:40:54Z</time>
      </trkpt>
      <trkpt lat="45.614247" lon="24.518483">
        <ele>1058.933</ele>
        <time>2015-11-01T14:41:01Z</time>
      </trkpt>
      <trkpt lat="45.614349" lon="24.518560">
        <ele>1057.352</ele>
        <time>2015-11-01T14:41:11Z</time>
      </trkpt>
      <trkpt lat="45.614407" lon="24.518691">
        <ele>1057.673</ele>
        <time>2015-11-01T14:41:22Z</time>
      </trkpt>
      <trkpt lat="45.614443" lon="24.518847">
        <ele>1059.397</ele>
        <time>2015-11-01T14:41:28Z</time>
      </trkpt>
      <trkpt lat="45.614507" lon="24.518941">
        <ele>1057.762</ele>
        <time>2015-11-01T14:41:36Z</time>
      </trkpt>
      <trkpt lat="45.614594" lon="24.519013">
        <ele>1054.683</ele>
        <time>2015-11-01T14:41:48Z</time>
      </trkpt>
      <trkpt lat="45.614660" lon="24.519121">
        <ele>1053.111</ele>
        <time>2015-11-01T14:41:55Z</time>
      </trkpt>
      <trkpt lat="45.614751" lon="24.519144">
        <ele>1049.908</ele>
        <time>2015-11-01T14:42:11Z</time>
      </trkpt>
      <trkpt lat="45.614838" lon="24.519088">
        <ele>1046.777</ele>
        <time>2015-11-01T14:42:27Z</time>
      </trkpt>
      <trkpt lat="45.614928" lon="24.519003">
        <ele>1042.673</ele>
        <time>2015-11-01T14:42:36Z</time>
      </trkpt>
      <trkpt lat="45.615031" lon="24.518951">
        <ele>1039.567</ele>
        <time>2015-11-01T14:42:46Z</time>
      </trkpt>
      <trkpt lat="45.615123" lon="24.518936">
        <ele>1039.585</ele>
        <time>2015-11-01T14:42:50Z</time>
      </trkpt>
      <trkpt lat="45.615212" lon="24.518999">
        <ele>1041.418</ele>
        <time>2015-11-01T14:43:03Z</time>
      </trkpt>
      <trkpt lat="45.615295" lon="24.519072">
        <ele>1043.637</ele>
        <time>2015-11-01T14:43:09Z</time>
      </trkpt>
      <trkpt lat="45.615378" lon="24.519015">
        <ele>1042.158</ele>
        <time>2015-11-01T14:43:20Z</time>
      </trkpt>
      <trkpt lat="45.615480" lon="24.518989">
        <ele>1041.392</ele>
        <time>2015-11-01T14:43:33Z</time>
      </trkpt>
      <trkpt lat="45.615574" lon="24.518978">
        <ele>1040.475</ele>
        <time>2015-11-01T14:43:42Z</time>
      </trkpt>
      <trkpt lat="45.615669" lon="24.519000">
        <ele>1038.628</ele>
        <time>2015-11-01T14:43:50Z</time>
      </trkpt>
      <trkpt lat="45.615734" lon="24.519090">
        <ele>1040.620</ele>
        <time>2015-11-01T14:43:57Z</time>
      </trkpt>
      <trkpt lat="45.615821" lon="24.519052">
        <ele>1036.908</ele>
        <time>2015-11-01T14:44:05Z</time>
      </trkpt>
      <trkpt lat="45.615915" lon="24.519043">
        <ele>1035.528</ele>
        <time>2015-11-01T14:44:13Z</time>
      </trkpt>
      <trkpt lat="45.616006" lon="24.519074">
        <ele>1036.444</ele>
        <time>2015-11-01T14:44:26Z</time>
      </trkpt>
      <trkpt lat="45.616085" lon="24.519005">
        <ele>1031.928</ele>
        <time>2015-11-01T14:44:33Z</time>
      </trkpt>
      <trkpt lat="45.616177" lon="24.518975">
        <ele>1028.796</ele>
        <time>2015-11-01T14:44:43Z</time>
      </trkpt>
      <trkpt lat="45.616275" lon="24.518950">
        <ele>1025.299</ele>
        <time>2015-11-01T14:44:52Z</time>
      </trkpt>
      <trkpt lat="45.616374" lon="24.518926">
        <ele>1021.338</ele>
        <time>2015-11-01T14:45:02Z</time>
      </trkpt>
      <trkpt lat="45.616475" lon="24.518927">
        <ele>1026.839</ele>
        <time>2015-11-01T14:45:08Z</time>
      </trkpt>
      <trkpt lat="45.616580" lon="24.518973">
        <ele>1035.873</ele>
        <time>2015-11-01T14:45:18Z</time>
      </trkpt>
      <trkpt lat="45.616638" lon="24.519122">
        <ele>1043.346</ele>
        <time>2015-11-01T14:45:24Z</time>
      </trkpt>
      <trkpt lat="45.616726" lon="24.519178">
        <ele>1044.788</ele>
        <time>2015-11-01T14:45:37Z</time>
      </trkpt>
      <trkpt lat="45.616794" lon="24.518978">
        <ele>1040.516</ele>
        <time>2015-11-01T14:45:42Z</time>
      </trkpt>
      <trkpt lat="45.616866" lon="24.518890">
        <ele>1039.008</ele>
        <time>2015-11-01T14:45:43Z</time>
      </trkpt>
      <trkpt lat="45.616948" lon="24.518781">
        <ele>1034.565</ele>
        <time>2015-11-01T14:45:47Z</time>
      </trkpt>
      <trkpt lat="45.617061" lon="24.518714">
        <ele>1023.571</ele>
        <time>2015-11-01T14:45:59Z</time>
      </trkpt>
      <trkpt lat="45.617161" lon="24.518767">
        <ele>1017.615</ele>
        <time>2015-11-01T14:46:15Z</time>
      </trkpt>
      <trkpt lat="45.617246" lon="24.518893">
        <ele>1014.153</ele>
        <time>2015-11-01T14:46:22Z</time>
      </trkpt>
      <trkpt lat="45.617323" lon="24.519003">
        <ele>1014.626</ele>
        <time>2015-11-01T14:46:26Z</time>
      </trkpt>
      <trkpt lat="45.617446" lon="24.519105">
        <ele>1013.865</ele>
        <time>2015-11-01T14:46:39Z</time>
      </trkpt>
      <trkpt lat="45.617543" lon="24.519166">
        <ele>1013.656</ele>
        <time>2015-11-01T14:46:53Z</time>
      </trkpt>
      <trkpt lat="45.617615" lon="24.519270">
        <ele>1017.990</ele>
        <time>2015-11-01T14:46:56Z</time>
      </trkpt>
      <trkpt lat="45.617671" lon="24.519401">
        <ele>1025.594</ele>
        <time>2015-11-01T14:47:01Z</time>
      </trkpt>
      <trkpt lat="45.617720" lon="24.519546">
        <ele>1031.457</ele>
        <time>2015-11-01T14:47:07Z</time>
      </trkpt>
      <trkpt lat="45.617862" lon="24.519596">
        <ele>1028.722</ele>
        <time>2015-11-01T14:47:20Z</time>
      </trkpt>
      <trkpt lat="45.617966" lon="24.519548">
        <ele>1023.408</ele>
        <time>2015-11-01T14:47:25Z</time>
      </trkpt>
      <trkpt lat="45.618081" lon="24.519462">
        <ele>1017.180</ele>
        <time>2015-11-01T14:47:30Z</time>
      </trkpt>
      <trkpt lat="45.618189" lon="24.519481">
        <ele>1012.016</ele>
        <time>2015-11-01T14:47:37Z</time>
      </trkpt>
      <trkpt lat="45.618276" lon="24.519537">
        <ele>1009.890</ele>
        <time>2015-11-01T14:47:44Z</time>
      </trkpt>
      <trkpt lat="45.618359" lon="24.519595">
        <ele>1008.898</ele>
        <time>2015-11-01T14:47:52Z</time>
      </trkpt>
      <trkpt lat="45.618451" lon="24.519602">
        <ele>1006.421</ele>
        <time>2015-11-01T14:48:00Z</time>
      </trkpt>
      <trkpt lat="45.618551" lon="24.519633">
        <ele>1004.970</ele>
        <time>2015-11-01T14:48:11Z</time>
      </trkpt>
      <trkpt lat="45.618650" lon="24.519653">
        <ele>1002.861</ele>
        <time>2015-11-01T14:48:23Z</time>
      </trkpt>
      <trkpt lat="45.618756" lon="24.519614">
        <ele>997.645</ele>
        <time>2015-11-01T14:48:32Z</time>
      </trkpt>
      <trkpt lat="45.618847" lon="24.519586">
        <ele>993.552</ele>
        <time>2015-11-01T14:48:38Z</time>
      </trkpt>
      <trkpt lat="45.618942" lon="24.519637">
        <ele>992.253</ele>
        <time>2015-11-01T14:48:47Z</time>
      </trkpt>
      <trkpt lat="45.619001" lon="24.519749">
        <ele>994.808</ele>
        <time>2015-11-01T14:48:56Z</time>
      </trkpt>
      <trkpt lat="45.619066" lon="24.519850">
        <ele>997.108</ele>
        <time>2015-11-01T14:49:03Z</time>
      </trkpt>
      <trkpt lat="45.619097" lon="24.519978">
        <ele>1002.246</ele>
        <time>2015-11-01T14:49:12Z</time>
      </trkpt>
      <trkpt lat="45.619108" lon="24.520112">
        <ele>1007.242</ele>
        <time>2015-11-01T14:49:20Z</time>
      </trkpt>
      <trkpt lat="45.619095" lon="24.520253">
        <ele>1013.196</ele>
        <time>2015-11-01T14:49:32Z</time>
      </trkpt>
      <trkpt lat="45.619206" lon="24.520352">
        <ele>1008.774</ele>
        <time>2015-11-01T14:49:49Z</time>
      </trkpt>
      <trkpt lat="45.619303" lon="24.520340">
        <ele>999.617</ele>
        <time>2015-11-01T14:49:53Z</time>
      </trkpt>
      <trkpt lat="45.619358" lon="24.520199">
        <ele>991.756</ele>
        <time>2015-11-01T14:49:57Z</time>
      </trkpt>
      <trkpt lat="45.619401" lon="24.520332">
        <ele>990.667</ele>
        <time>2015-11-01T14:50:05Z</time>
      </trkpt>
      <trkpt lat="45.619480" lon="24.520396">
        <ele>986.191</ele>
        <time>2015-11-01T14:50:11Z</time>
      </trkpt>
      <trkpt lat="45.619577" lon="24.520438">
        <ele>983.441</ele>
        <time>2015-11-01T14:50:17Z</time>
      </trkpt>
      <trkpt lat="45.619671" lon="24.520464">
        <ele>980.781</ele>
        <time>2015-11-01T14:50:24Z</time>
      </trkpt>
      <trkpt lat="45.619752" lon="24.520524">
        <ele>979.009</ele>
        <time>2015-11-01T14:50:32Z</time>
      </trkpt>
      <trkpt lat="45.619786" lon="24.520651">
        <ele>977.808</ele>
        <time>2015-11-01T14:50:40Z</time>
      </trkpt>
      <trkpt lat="45.619804" lon="24.520779">
        <ele>976.445</ele>
        <time>2015-11-01T14:50:50Z</time>
      </trkpt>
      <trkpt lat="45.619812" lon="24.520920">
        <ele>978.731</ele>
        <time>2015-11-01T14:50:58Z</time>
      </trkpt>
      <trkpt lat="45.619786" lon="24.521066">
        <ele>985.585</ele>
        <time>2015-11-01T14:51:09Z</time>
      </trkpt>
      <trkpt lat="45.619824" lon="24.521185">
        <ele>988.453</ele>
        <time>2015-11-01T14:51:16Z</time>
      </trkpt>
      <trkpt lat="45.619882" lon="24.521289">
        <ele>988.956</ele>
        <time>2015-11-01T14:51:23Z</time>
      </trkpt>
      <trkpt lat="45.619939" lon="24.521405">
        <ele>988.945</ele>
        <time>2015-11-01T14:51:30Z</time>
      </trkpt>
      <trkpt lat="45.619990" lon="24.521515">
        <ele>990.146</ele>
        <time>2015-11-01T14:51:42Z</time>
      </trkpt>
      <trkpt lat="45.620069" lon="24.521596">
        <ele>992.350</ele>
        <time>2015-11-01T14:51:49Z</time>
      </trkpt>
      <trkpt lat="45.620072" lon="24.521405">
        <ele>983.571</ele>
        <time>2015-11-01T14:52:24Z</time>
      </trkpt>
      <trkpt lat="45.620016" lon="24.521302">
        <ele>978.841</ele>
        <time>2015-11-01T14:52:32Z</time>
      </trkpt>
      <trkpt lat="45.620005" lon="24.521138">
        <ele>972.215</ele>
        <time>2015-11-01T14:52:37Z</time>
      </trkpt>
      <trkpt lat="45.620014" lon="24.520979">
        <ele>970.408</ele>
        <time>2015-11-01T14:52:47Z</time>
      </trkpt>
      <trkpt lat="45.620002" lon="24.520847">
        <ele>969.128</ele>
        <time>2015-11-01T14:52:55Z</time>
      </trkpt>
      <trkpt lat="45.620050" lon="24.520716">
        <ele>972.034</ele>
        <time>2015-11-01T14:53:06Z</time>
      </trkpt>
      <trkpt lat="45.620023" lon="24.520590">
        <ele>973.138</ele>
        <time>2015-11-01T14:53:41Z</time>
      </trkpt>
      <trkpt lat="45.620020" lon="24.520422">
        <ele>976.876</ele>
        <time>2015-11-01T14:53:47Z</time>
      </trkpt>
      <trkpt lat="45.620006" lon="24.520273">
        <ele>980.299</ele>
        <time>2015-11-01T14:53:54Z</time>
      </trkpt>
      <trkpt lat="45.619959" lon="24.520162">
        <ele>980.788</ele>
        <time>2015-11-01T14:54:00Z</time>
      </trkpt>
      <trkpt lat="45.619906" lon="24.520031">
        <ele>981.029</ele>
        <time>2015-11-01T14:54:08Z</time>
      </trkpt>
      <trkpt lat="45.619807" lon="24.519937">
        <ele>979.513</ele>
        <time>2015-11-01T14:54:17Z</time>
      </trkpt>
      <trkpt lat="45.619744" lon="24.519832">
        <ele>977.981</ele>
        <time>2015-11-01T14:54:29Z</time>
      </trkpt>
      <trkpt lat="45.619659" lon="24.519767">
        <ele>976.161</ele>
        <time>2015-11-01T14:54:40Z</time>
      </trkpt>
      <trkpt lat="45.619566" lon="24.519671">
        <ele>973.217</ele>
        <time>2015-11-01T14:54:48Z</time>
      </trkpt>
      <trkpt lat="45.619502" lon="24.519559">
        <ele>970.408</ele>
        <time>2015-11-01T14:54:57Z</time>
      </trkpt>
      <trkpt lat="45.619441" lon="24.519434">
        <ele>967.119</ele>
        <time>2015-11-01T14:55:07Z</time>
      </trkpt>
      <trkpt lat="45.619359" lon="24.519356">
        <ele>969.195</ele>
        <time>2015-11-01T14:55:19Z</time>
      </trkpt>
      <trkpt lat="45.619387" lon="24.519226">
        <ele>968.329</ele>
        <time>2015-11-01T14:55:33Z</time>
      </trkpt>
      <trkpt lat="45.619356" lon="24.519075">
        <ele>965.537</ele>
        <time>2015-11-01T14:55:42Z</time>
      </trkpt>
      <trkpt lat="45.619307" lon="24.518911">
        <ele>960.720</ele>
        <time>2015-11-01T14:55:59Z</time>
      </trkpt>
      <trkpt lat="45.619389" lon="24.518975">
        <ele>962.189</ele>
        <time>2015-11-01T14:56:24Z</time>
      </trkpt>
      <trkpt lat="45.619389" lon="24.518975">
        <ele>962.190</ele>
        <time>2015-11-01T14:57:30Z</time>
      </trkpt>
    </trkseg>
  </trk></gpx>