<?xml version="1.0" encoding="UTF-8"?>
<gpx creator="Wikiloc - https://www.wikiloc.com" version="1.1" xmlns="http://www.topografix.com/GPX/1/1" xmlns:xsi="http://www.w3.org/2001/XMLSchema-instance" xsi:schemaLocation="http://www.topografix.com/GPX/1/1 http://www.topografix.com/GPX/1/1/gpx.xsd">
  <metadata>
    <name>Wikiloc - Cetatea Salgo Muntii Cindrel</name>
    <author>
      <name>Toni Grecu</name>
      <link href="https://www.wikiloc.com/wikiloc/user.do?id=2082631">
        <text>Toni Grecu on Wikiloc</text>
      </link>
    </author>
    <link href="https://www.wikiloc.com/hiking-trails/cetatea-salgo-hiking-4-19-15-12-20-pm-17097261">
      <text>Cetatea Salgo Muntii Cindrel on Wikiloc</text>
    </link>
    <time>2015-04-19T13:51:20Z</time>
  </metadata>
  <trk>
    <name>Cetatea Salgo Muntii Cindrel - Wikiloc</name>
    <cmt>Cetatea Salgo Muntii Cindrel</cmt>
    <desc>Cetatea Salgo Muntii Cindrel</desc>
    <trkseg>
      <trkpt lat="45.760328" lon="23.896411">
        <ele>608.022</ele>
        <time>2015-04-19T09:20:55Z</time>
      </trkpt>
      <trkpt lat="45.760328" lon="23.896411">
        <ele>610.762</ele>
        <time>2015-04-19T09:20:56Z</time>
      </trkpt>
      <trkpt lat="45.760355" lon="23.896291">
        <ele>612.808</ele>
        <time>2015-04-19T09:21:07Z</time>
      </trkpt>
      <trkpt lat="45.760405" lon="23.896185">
        <ele>614.308</ele>
        <time>2015-04-19T09:21:17Z</time>
      </trkpt>
      <trkpt lat="45.760456" lon="23.896090">
        <ele>615.813</ele>
        <time>2015-04-19T09:21:25Z</time>
      </trkpt>
      <trkpt lat="45.760495" lon="23.895971">
        <ele>617.069</ele>
        <time>2015-04-19T09:21:34Z</time>
      </trkpt>
      <trkpt lat="45.760521" lon="23.895850">
        <ele>619.662</ele>
        <time>2015-04-19T09:21:42Z</time>
      </trkpt>
      <trkpt lat="45.760536" lon="23.895718">
        <ele>622.351</ele>
        <time>2015-04-19T09:21:51Z</time>
      </trkpt>
      <trkpt lat="45.760555" lon="23.895578">
        <ele>624.369</ele>
        <time>2015-04-19T09:21:59Z</time>
      </trkpt>
      <trkpt lat="45.760553" lon="23.895449">
        <ele>626.384</ele>
        <time>2015-04-19T09:22:06Z</time>
      </trkpt>
      <trkpt lat="45.760546" lon="23.895321">
        <ele>628.348</ele>
        <time>2015-04-19T09:22:13Z</time>
      </trkpt>
      <trkpt lat="45.760548" lon="23.895198">
        <ele>629.823</ele>
        <time>2015-04-19T09:22:18Z</time>
      </trkpt>
      <trkpt lat="45.760536" lon="23.895078">
        <ele>628.164</ele>
        <time>2015-04-19T09:22:23Z</time>
      </trkpt>
      <trkpt lat="45.760536" lon="23.894956">
        <ele>626.406</ele>
        <time>2015-04-19T09:22:29Z</time>
      </trkpt>
      <trkpt lat="45.760551" lon="23.894830">
        <ele>624.616</ele>
        <time>2015-04-19T09:22:39Z</time>
      </trkpt>
      <trkpt lat="45.760535" lon="23.894714">
        <ele>622.708</ele>
        <time>2015-04-19T09:22:47Z</time>
      </trkpt>
      <trkpt lat="45.760485" lon="23.894609">
        <ele>620.887</ele>
        <time>2015-04-19T09:22:52Z</time>
      </trkpt>
      <trkpt lat="45.760436" lon="23.894501">
        <ele>618.933</ele>
        <time>2015-04-19T09:22:59Z</time>
      </trkpt>
      <trkpt lat="45.760375" lon="23.894413">
        <ele>617.076</ele>
        <time>2015-04-19T09:23:08Z</time>
      </trkpt>
      <trkpt lat="45.760335" lon="23.894306">
        <ele>615.555</ele>
        <time>2015-04-19T09:23:15Z</time>
      </trkpt>
      <trkpt lat="45.760279" lon="23.894195">
        <ele>613.573</ele>
        <time>2015-04-19T09:23:21Z</time>
      </trkpt>
      <trkpt lat="45.760221" lon="23.894111">
        <ele>611.698</ele>
        <time>2015-04-19T09:23:26Z</time>
      </trkpt>
      <trkpt lat="45.760161" lon="23.894025">
        <ele>608.472</ele>
        <time>2015-04-19T09:23:32Z</time>
      </trkpt>
      <trkpt lat="45.760106" lon="23.893910">
        <ele>608.447</ele>
        <time>2015-04-19T09:23:36Z</time>
      </trkpt>
      <trkpt lat="45.760028" lon="23.893851">
        <ele>608.457</ele>
        <time>2015-04-19T09:23:42Z</time>
      </trkpt>
      <trkpt lat="45.760108" lon="23.893900">
        <ele>608.400</ele>
        <time>2015-04-19T09:24:07Z</time>
      </trkpt>
      <trkpt lat="45.760136" lon="23.894018">
        <ele>608.420</ele>
        <time>2015-04-19T09:24:17Z</time>
      </trkpt>
      <trkpt lat="45.760051" lon="23.894068">
        <ele>608.408</ele>
        <time>2015-04-19T09:24:28Z</time>
      </trkpt>
      <trkpt lat="45.759976" lon="23.894131">
        <ele>608.446</ele>
        <time>2015-04-19T09:24:36Z</time>
      </trkpt>
      <trkpt lat="45.759941" lon="23.894241">
        <ele>610.162</ele>
        <time>2015-04-19T09:24:42Z</time>
      </trkpt>
      <trkpt lat="45.759883" lon="23.894340">
        <ele>611.585</ele>
        <time>2015-04-19T09:24:53Z</time>
      </trkpt>
      <trkpt lat="45.759826" lon="23.894433">
        <ele>613.214</ele>
        <time>2015-04-19T09:24:59Z</time>
      </trkpt>
      <trkpt lat="45.759758" lon="23.894503">
        <ele>614.132</ele>
        <time>2015-04-19T09:25:05Z</time>
      </trkpt>
      <trkpt lat="45.759685" lon="23.894578">
        <ele>615.037</ele>
        <time>2015-04-19T09:25:12Z</time>
      </trkpt>
      <trkpt lat="45.759601" lon="23.894600">
        <ele>615.911</ele>
        <time>2015-04-19T09:25:20Z</time>
      </trkpt>
      <trkpt lat="45.759521" lon="23.894646">
        <ele>616.896</ele>
        <time>2015-04-19T09:25:29Z</time>
      </trkpt>
      <trkpt lat="45.759441" lon="23.894665">
        <ele>617.734</ele>
        <time>2015-04-19T09:25:38Z</time>
      </trkpt>
      <trkpt lat="45.759363" lon="23.894706">
        <ele>619.555</ele>
        <time>2015-04-19T09:25:46Z</time>
      </trkpt>
      <trkpt lat="45.759289" lon="23.894758">
        <ele>621.210</ele>
        <time>2015-04-19T09:25:52Z</time>
      </trkpt>
      <trkpt lat="45.759210" lon="23.894786">
        <ele>622.908</ele>
        <time>2015-04-19T09:26:02Z</time>
      </trkpt>
      <trkpt lat="45.759118" lon="23.894785">
        <ele>622.944</ele>
        <time>2015-04-19T09:26:13Z</time>
      </trkpt>
      <trkpt lat="45.759038" lon="23.894736">
        <ele>622.930</ele>
        <time>2015-04-19T09:26:23Z</time>
      </trkpt>
      <trkpt lat="45.758973" lon="23.894616">
        <ele>622.963</ele>
        <time>2015-04-19T09:26:45Z</time>
      </trkpt>
      <trkpt lat="45.758959" lon="23.894498">
        <ele>623.712</ele>
        <time>2015-04-19T09:27:03Z</time>
      </trkpt>
      <trkpt lat="45.758961" lon="23.894381">
        <ele>624.520</ele>
        <time>2015-04-19T09:27:20Z</time>
      </trkpt>
      <trkpt lat="45.759006" lon="23.894276">
        <ele>626.575</ele>
        <time>2015-04-19T09:28:33Z</time>
      </trkpt>
      <trkpt lat="45.759086" lon="23.894209">
        <ele>628.449</ele>
        <time>2015-04-19T09:28:50Z</time>
      </trkpt>
      <trkpt lat="45.759158" lon="23.894145">
        <ele>630.394</ele>
        <time>2015-04-19T09:29:07Z</time>
      </trkpt>
      <trkpt lat="45.759206" lon="23.893995">
        <ele>631.472</ele>
        <time>2015-04-19T09:29:31Z</time>
      </trkpt>
      <trkpt lat="45.759196" lon="23.893871">
        <ele>632.513</ele>
        <time>2015-04-19T09:29:58Z</time>
      </trkpt>
      <trkpt lat="45.759180" lon="23.893751">
        <ele>633.514</ele>
        <time>2015-04-19T09:30:12Z</time>
      </trkpt>
      <trkpt lat="45.759143" lon="23.893631">
        <ele>634.608</ele>
        <time>2015-04-19T09:33:22Z</time>
      </trkpt>
      <trkpt lat="45.759131" lon="23.893515">
        <ele>636.698</ele>
        <time>2015-04-19T09:35:17Z</time>
      </trkpt>
      <trkpt lat="45.759106" lon="23.893398">
        <ele>638.694</ele>
        <time>2015-04-19T09:35:26Z</time>
      </trkpt>
      <trkpt lat="45.759063" lon="23.893291">
        <ele>640.677</ele>
        <time>2015-04-19T09:35:35Z</time>
      </trkpt>
      <trkpt lat="45.759018" lon="23.893193">
        <ele>642.616</ele>
        <time>2015-04-19T09:35:46Z</time>
      </trkpt>
      <trkpt lat="45.758986" lon="23.893081">
        <ele>643.584</ele>
        <time>2015-04-19T09:35:54Z</time>
      </trkpt>
      <trkpt lat="45.758938" lon="23.892981">
        <ele>649.469</ele>
        <time>2015-04-19T09:36:05Z</time>
      </trkpt>
      <trkpt lat="45.758920" lon="23.892864">
        <ele>655.273</ele>
        <time>2015-04-19T09:36:19Z</time>
      </trkpt>
      <trkpt lat="45.758905" lon="23.892750">
        <ele>656.148</ele>
        <time>2015-04-19T09:36:37Z</time>
      </trkpt>
      <trkpt lat="45.758861" lon="23.892643">
        <ele>662.695</ele>
        <time>2015-04-19T09:36:58Z</time>
      </trkpt>
      <trkpt lat="45.758843" lon="23.892519">
        <ele>669.249</ele>
        <time>2015-04-19T09:37:07Z</time>
      </trkpt>
      <trkpt lat="45.758806" lon="23.892406">
        <ele>675.723</ele>
        <time>2015-04-19T09:37:20Z</time>
      </trkpt>
      <trkpt lat="45.758741" lon="23.892245">
        <ele>681.408</ele>
        <time>2015-04-19T09:37:42Z</time>
      </trkpt>
      <trkpt lat="45.758828" lon="23.892183">
        <ele>687.010</ele>
        <time>2015-04-19T09:38:01Z</time>
      </trkpt>
      <trkpt lat="45.758813" lon="23.892063">
        <ele>692.696</ele>
        <time>2015-04-19T09:38:15Z</time>
      </trkpt>
      <trkpt lat="45.758776" lon="23.891958">
        <ele>698.379</ele>
        <time>2015-04-19T09:38:26Z</time>
      </trkpt>
      <trkpt lat="45.758761" lon="23.891838">
        <ele>704.768</ele>
        <time>2015-04-19T09:38:36Z</time>
      </trkpt>
      <trkpt lat="45.758733" lon="23.891723">
        <ele>706.356</ele>
        <time>2015-04-19T09:38:48Z</time>
      </trkpt>
      <trkpt lat="45.758713" lon="23.891608">
        <ele>707.821</ele>
        <time>2015-04-19T09:39:04Z</time>
      </trkpt>
      <trkpt lat="45.758700" lon="23.891488">
        <ele>714.345</ele>
        <time>2015-04-19T09:39:17Z</time>
      </trkpt>
      <trkpt lat="45.758700" lon="23.891356">
        <ele>715.110</ele>
        <time>2015-04-19T09:39:29Z</time>
      </trkpt>
      <trkpt lat="45.758681" lon="23.891238">
        <ele>715.952</ele>
        <time>2015-04-19T09:39:44Z</time>
      </trkpt>
      <trkpt lat="45.758646" lon="23.891129">
        <ele>716.753</ele>
        <time>2015-04-19T09:39:57Z</time>
      </trkpt>
      <trkpt lat="45.758626" lon="23.891001">
        <ele>717.508</ele>
        <time>2015-04-19T09:40:10Z</time>
      </trkpt>
      <trkpt lat="45.758614" lon="23.890885">
        <ele>718.408</ele>
        <time>2015-04-19T09:40:32Z</time>
      </trkpt>
      <trkpt lat="45.758573" lon="23.890783">
        <ele>719.296</ele>
        <time>2015-04-19T09:40:44Z</time>
      </trkpt>
      <trkpt lat="45.758586" lon="23.890663">
        <ele>720.052</ele>
        <time>2015-04-19T09:40:58Z</time>
      </trkpt>
      <trkpt lat="45.758540" lon="23.890530">
        <ele>720.085</ele>
        <time>2015-04-19T09:41:17Z</time>
      </trkpt>
      <trkpt lat="45.758491" lon="23.890430">
        <ele>720.054</ele>
        <time>2015-04-19T09:41:28Z</time>
      </trkpt>
      <trkpt lat="45.758415" lon="23.890360">
        <ele>720.052</ele>
        <time>2015-04-19T09:41:43Z</time>
      </trkpt>
      <trkpt lat="45.758336" lon="23.890274">
        <ele>720.097</ele>
        <time>2015-04-19T09:41:57Z</time>
      </trkpt>
      <trkpt lat="45.758233" lon="23.890270">
        <ele>720.031</ele>
        <time>2015-04-19T09:43:28Z</time>
      </trkpt>
      <trkpt lat="45.758380" lon="23.890154">
        <ele>720.046</ele>
        <time>2015-04-19T09:44:23Z</time>
      </trkpt>
      <trkpt lat="45.758284" lon="23.890156">
        <ele>720.083</ele>
        <time>2015-04-19T09:45:00Z</time>
      </trkpt>
      <trkpt lat="45.758236" lon="23.890250">
        <ele>720.025</ele>
        <time>2015-04-19T09:45:48Z</time>
      </trkpt>
      <trkpt lat="45.758248" lon="23.890368">
        <ele>720.017</ele>
        <time>2015-04-19T09:45:56Z</time>
      </trkpt>
      <trkpt lat="45.758305" lon="23.890453">
        <ele>720.008</ele>
        <time>2015-04-19T09:46:07Z</time>
      </trkpt>
      <trkpt lat="45.758250" lon="23.890551">
        <ele>724.459</ele>
        <time>2015-04-19T09:46:21Z</time>
      </trkpt>
      <trkpt lat="45.758176" lon="23.890661">
        <ele>728.795</ele>
        <time>2015-04-19T09:46:45Z</time>
      </trkpt>
      <trkpt lat="45.758119" lon="23.890556">
        <ele>733.168</ele>
        <time>2015-04-19T09:47:34Z</time>
      </trkpt>
      <trkpt lat="45.758048" lon="23.890491">
        <ele>737.527</ele>
        <time>2015-04-19T09:47:47Z</time>
      </trkpt>
      <trkpt lat="45.757976" lon="23.890428">
        <ele>741.855</ele>
        <time>2015-04-19T09:48:01Z</time>
      </trkpt>
      <trkpt lat="45.757891" lon="23.890393">
        <ele>746.210</ele>
        <time>2015-04-19T09:48:11Z</time>
      </trkpt>
      <trkpt lat="45.757810" lon="23.890405">
        <ele>750.534</ele>
        <time>2015-04-19T09:48:28Z</time>
      </trkpt>
      <trkpt lat="45.757736" lon="23.890355">
        <ele>754.979</ele>
        <time>2015-04-19T09:48:42Z</time>
      </trkpt>
      <trkpt lat="45.757670" lon="23.890261">
        <ele>759.357</ele>
        <time>2015-04-19T09:49:04Z</time>
      </trkpt>
      <trkpt lat="45.757593" lon="23.890193">
        <ele>763.600</ele>
        <time>2015-04-19T09:49:19Z</time>
      </trkpt>
      <trkpt lat="45.757563" lon="23.890055">
        <ele>768.720</ele>
        <time>2015-04-19T09:49:40Z</time>
      </trkpt>
      <trkpt lat="45.757516" lon="23.889958">
        <ele>769.508</ele>
        <time>2015-04-19T09:49:52Z</time>
      </trkpt>
      <trkpt lat="45.757465" lon="23.889868">
        <ele>770.256</ele>
        <time>2015-04-19T09:50:02Z</time>
      </trkpt>
      <trkpt lat="45.757475" lon="23.889750">
        <ele>770.912</ele>
        <time>2015-04-19T09:50:25Z</time>
      </trkpt>
      <trkpt lat="45.757466" lon="23.889630">
        <ele>771.655</ele>
        <time>2015-04-19T09:50:39Z</time>
      </trkpt>
      <trkpt lat="45.757439" lon="23.889520">
        <ele>772.474</ele>
        <time>2015-04-19T09:50:52Z</time>
      </trkpt>
      <trkpt lat="45.757451" lon="23.889401">
        <ele>772.852</ele>
        <time>2015-04-19T09:51:13Z</time>
      </trkpt>
      <trkpt lat="45.757473" lon="23.889246">
        <ele>773.387</ele>
        <time>2015-04-19T09:52:11Z</time>
      </trkpt>
      <trkpt lat="45.757468" lon="23.889130">
        <ele>773.751</ele>
        <time>2015-04-19T09:52:25Z</time>
      </trkpt>
      <trkpt lat="45.757495" lon="23.889011">
        <ele>774.276</ele>
        <time>2015-04-19T09:52:44Z</time>
      </trkpt>
      <trkpt lat="45.757506" lon="23.888888">
        <ele>774.671</ele>
        <time>2015-04-19T09:52:56Z</time>
      </trkpt>
      <trkpt lat="45.757480" lon="23.888756">
        <ele>774.441</ele>
        <time>2015-04-19T09:53:11Z</time>
      </trkpt>
      <trkpt lat="45.757476" lon="23.888631">
        <ele>774.115</ele>
        <time>2015-04-19T09:53:24Z</time>
      </trkpt>
      <trkpt lat="45.757505" lon="23.888513">
        <ele>773.808</ele>
        <time>2015-04-19T09:53:38Z</time>
      </trkpt>
      <trkpt lat="45.757455" lon="23.888413">
        <ele>773.568</ele>
        <time>2015-04-19T09:53:48Z</time>
      </trkpt>
      <trkpt lat="45.757400" lon="23.888305">
        <ele>773.364</ele>
        <time>2015-04-19T09:54:01Z</time>
      </trkpt>
      <trkpt lat="45.757338" lon="23.888225">
        <ele>774.977</ele>
        <time>2015-04-19T09:54:15Z</time>
      </trkpt>
      <trkpt lat="45.757235" lon="23.888163">
        <ele>776.836</ele>
        <time>2015-04-19T09:54:38Z</time>
      </trkpt>
      <trkpt lat="45.757171" lon="23.888281">
        <ele>778.784</ele>
        <time>2015-04-19T09:55:26Z</time>
      </trkpt>
      <trkpt lat="45.757223" lon="23.888178">
        <ele>780.649</ele>
        <time>2015-04-19T09:56:38Z</time>
      </trkpt>
      <trkpt lat="45.757151" lon="23.888251">
        <ele>782.513</ele>
        <time>2015-04-19T09:57:03Z</time>
      </trkpt>
      <trkpt lat="45.757076" lon="23.888403">
        <ele>784.598</ele>
        <time>2015-04-19T09:57:43Z</time>
      </trkpt>
      <trkpt lat="45.757010" lon="23.888475">
        <ele>786.484</ele>
        <time>2015-04-19T09:58:59Z</time>
      </trkpt>
      <trkpt lat="45.756963" lon="23.888569">
        <ele>788.307</ele>
        <time>2015-04-19T09:59:18Z</time>
      </trkpt>
      <trkpt lat="45.756956" lon="23.888688">
        <ele>791.517</ele>
        <time>2015-04-19T09:59:30Z</time>
      </trkpt>
      <trkpt lat="45.756956" lon="23.888556">
        <ele>794.608</ele>
        <time>2015-04-19T10:00:18Z</time>
      </trkpt>
      <trkpt lat="45.756956" lon="23.888676">
        <ele>797.869</ele>
        <time>2015-04-19T10:00:46Z</time>
      </trkpt>
      <trkpt lat="45.756876" lon="23.888740">
        <ele>799.165</ele>
        <time>2015-04-19T10:00:52Z</time>
      </trkpt>
      <trkpt lat="45.756803" lon="23.888796">
        <ele>800.428</ele>
        <time>2015-04-19T10:01:01Z</time>
      </trkpt>
      <trkpt lat="45.756725" lon="23.888828">
        <ele>801.667</ele>
        <time>2015-04-19T10:01:12Z</time>
      </trkpt>
      <trkpt lat="45.756646" lon="23.888886">
        <ele>802.965</ele>
        <time>2015-04-19T10:01:25Z</time>
      </trkpt>
      <trkpt lat="45.756600" lon="23.888989">
        <ele>804.290</ele>
        <time>2015-04-19T10:01:37Z</time>
      </trkpt>
      <trkpt lat="45.756508" lon="23.889046">
        <ele>807.724</ele>
        <time>2015-04-19T10:01:52Z</time>
      </trkpt>
      <trkpt lat="45.756466" lon="23.889198">
        <ele>811.399</ele>
        <time>2015-04-19T10:02:20Z</time>
      </trkpt>
      <trkpt lat="45.756368" lon="23.889331">
        <ele>814.853</ele>
        <time>2015-04-19T10:02:36Z</time>
      </trkpt>
      <trkpt lat="45.756321" lon="23.889430">
        <ele>817.104</ele>
        <time>2015-04-19T10:02:49Z</time>
      </trkpt>
      <trkpt lat="45.756296" lon="23.889543">
        <ele>819.414</ele>
        <time>2015-04-19T10:03:22Z</time>
      </trkpt>
      <trkpt lat="45.756221" lon="23.889496">
        <ele>821.608</ele>
        <time>2015-04-19T10:03:41Z</time>
      </trkpt>
      <trkpt lat="45.756141" lon="23.889465">
        <ele>823.946</ele>
        <time>2015-04-19T10:03:55Z</time>
      </trkpt>
      <trkpt lat="45.756043" lon="23.889468">
        <ele>826.222</ele>
        <time>2015-04-19T10:04:16Z</time>
      </trkpt>
      <trkpt lat="45.755960" lon="23.889426">
        <ele>828.515</ele>
        <time>2015-04-19T10:04:34Z</time>
      </trkpt>
      <trkpt lat="45.755858" lon="23.889283">
        <ele>830.734</ele>
        <time>2015-04-19T10:04:58Z</time>
      </trkpt>
      <trkpt lat="45.755781" lon="23.889206">
        <ele>835.552</ele>
        <time>2015-04-19T10:05:08Z</time>
      </trkpt>
      <trkpt lat="45.755714" lon="23.889130">
        <ele>837.937</ele>
        <time>2015-04-19T10:05:19Z</time>
      </trkpt>
      <trkpt lat="45.755638" lon="23.889061">
        <ele>839.571</ele>
        <time>2015-04-19T10:05:30Z</time>
      </trkpt>
      <trkpt lat="45.755559" lon="23.889026">
        <ele>841.246</ele>
        <time>2015-04-19T10:05:40Z</time>
      </trkpt>
      <trkpt lat="45.755480" lon="23.888978">
        <ele>842.877</ele>
        <time>2015-04-19T10:05:53Z</time>
      </trkpt>
      <trkpt lat="45.755414" lon="23.888899">
        <ele>844.561</ele>
        <time>2015-04-19T10:06:05Z</time>
      </trkpt>
      <trkpt lat="45.755305" lon="23.888863">
        <ele>846.127</ele>
        <time>2015-04-19T10:06:25Z</time>
      </trkpt>
      <trkpt lat="45.755241" lon="23.888778">
        <ele>847.708</ele>
        <time>2015-04-19T10:06:37Z</time>
      </trkpt>
      <trkpt lat="45.755208" lon="23.888655">
        <ele>849.468</ele>
        <time>2015-04-19T10:06:48Z</time>
      </trkpt>
      <trkpt lat="45.755163" lon="23.888526">
        <ele>851.084</ele>
        <time>2015-04-19T10:07:04Z</time>
      </trkpt>
      <trkpt lat="45.755081" lon="23.888509">
        <ele>852.667</ele>
        <time>2015-04-19T10:07:13Z</time>
      </trkpt>
      <trkpt lat="45.754991" lon="23.888500">
        <ele>854.596</ele>
        <time>2015-04-19T10:07:22Z</time>
      </trkpt>
      <trkpt lat="45.754929" lon="23.888419">
        <ele>856.594</ele>
        <time>2015-04-19T10:07:38Z</time>
      </trkpt>
      <trkpt lat="45.754844" lon="23.888366">
        <ele>859.249</ele>
        <time>2015-04-19T10:07:54Z</time>
      </trkpt>
      <trkpt lat="45.754780" lon="23.888286">
        <ele>861.913</ele>
        <time>2015-04-19T10:08:54Z</time>
      </trkpt>
      <trkpt lat="45.754693" lon="23.888289">
        <ele>864.648</ele>
        <time>2015-04-19T10:09:08Z</time>
      </trkpt>
      <trkpt lat="45.754608" lon="23.888256">
        <ele>867.481</ele>
        <time>2015-04-19T10:09:22Z</time>
      </trkpt>
      <trkpt lat="45.754526" lon="23.888251">
        <ele>870.161</ele>
        <time>2015-04-19T10:09:33Z</time>
      </trkpt>
      <trkpt lat="45.754368" lon="23.888185">
        <ele>871.617</ele>
        <time>2015-04-19T10:10:31Z</time>
      </trkpt>
      <trkpt lat="45.754213" lon="23.888181">
        <ele>873.208</ele>
        <time>2015-04-19T10:11:11Z</time>
      </trkpt>
      <trkpt lat="45.754098" lon="23.888165">
        <ele>878.229</ele>
        <time>2015-04-19T10:12:40Z</time>
      </trkpt>
      <trkpt lat="45.754025" lon="23.888111">
        <ele>883.245</ele>
        <time>2015-04-19T10:12:54Z</time>
      </trkpt>
      <trkpt lat="45.753951" lon="23.888041">
        <ele>885.528</ele>
        <time>2015-04-19T10:13:09Z</time>
      </trkpt>
      <trkpt lat="45.753879" lon="23.887971">
        <ele>887.737</ele>
        <time>2015-04-19T10:13:22Z</time>
      </trkpt>
      <trkpt lat="45.753828" lon="23.887876">
        <ele>890.065</ele>
        <time>2015-04-19T10:13:32Z</time>
      </trkpt>
      <trkpt lat="45.753786" lon="23.887766">
        <ele>892.390</ele>
        <time>2015-04-19T10:13:42Z</time>
      </trkpt>
      <trkpt lat="45.753703" lon="23.887706">
        <ele>894.594</ele>
        <time>2015-04-19T10:13:52Z</time>
      </trkpt>
      <trkpt lat="45.753621" lon="23.887701">
        <ele>896.869</ele>
        <time>2015-04-19T10:14:04Z</time>
      </trkpt>
      <trkpt lat="45.753538" lon="23.887711">
        <ele>899.172</ele>
        <time>2015-04-19T10:14:16Z</time>
      </trkpt>
      <trkpt lat="45.753488" lon="23.887483">
        <ele>902.513</ele>
        <time>2015-04-19T10:14:42Z</time>
      </trkpt>
      <trkpt lat="45.753408" lon="23.887389">
        <ele>906.114</ele>
        <time>2015-04-19T10:15:23Z</time>
      </trkpt>
      <trkpt lat="45.753323" lon="23.887385">
        <ele>910.208</ele>
        <time>2015-04-19T10:15:39Z</time>
      </trkpt>
      <trkpt lat="45.753216" lon="23.887393">
        <ele>914.318</ele>
        <time>2015-04-19T10:16:08Z</time>
      </trkpt>
      <trkpt lat="45.753098" lon="23.887325">
        <ele>918.434</ele>
        <time>2015-04-19T10:16:42Z</time>
      </trkpt>
      <trkpt lat="45.752961" lon="23.887228">
        <ele>922.517</ele>
        <time>2015-04-19T10:17:56Z</time>
      </trkpt>
      <trkpt lat="45.752998" lon="23.887119">
        <ele>926.576</ele>
        <time>2015-04-19T10:18:22Z</time>
      </trkpt>
      <trkpt lat="45.752918" lon="23.887080">
        <ele>930.634</ele>
        <time>2015-04-19T10:18:42Z</time>
      </trkpt>
      <trkpt lat="45.752836" lon="23.887029">
        <ele>934.739</ele>
        <time>2015-04-19T10:18:53Z</time>
      </trkpt>
      <trkpt lat="45.752761" lon="23.886963">
        <ele>938.853</ele>
        <time>2015-04-19T10:19:04Z</time>
      </trkpt>
      <trkpt lat="45.752701" lon="23.886885">
        <ele>942.938</ele>
        <time>2015-04-19T10:19:13Z</time>
      </trkpt>
      <trkpt lat="45.752648" lon="23.886795">
        <ele>947.075</ele>
        <time>2015-04-19T10:19:33Z</time>
      </trkpt>
      <trkpt lat="45.752613" lon="23.886688">
        <ele>951.028</ele>
        <time>2015-04-19T10:19:46Z</time>
      </trkpt>
      <trkpt lat="45.752574" lon="23.886573">
        <ele>951.020</ele>
        <time>2015-04-19T10:20:45Z</time>
      </trkpt>
      <trkpt lat="45.752513" lon="23.886493">
        <ele>951.008</ele>
        <time>2015-04-19T10:21:00Z</time>
      </trkpt>
      <trkpt lat="45.752463" lon="23.886398">
        <ele>951.038</ele>
        <time>2015-04-19T10:21:13Z</time>
      </trkpt>
      <trkpt lat="45.752404" lon="23.886315">
        <ele>951.084</ele>
        <time>2015-04-19T10:22:19Z</time>
      </trkpt>
      <trkpt lat="45.752328" lon="23.886270">
        <ele>954.847</ele>
        <time>2015-04-19T10:22:34Z</time>
      </trkpt>
      <trkpt lat="45.752250" lon="23.886216">
        <ele>958.656</ele>
        <time>2015-04-19T10:22:47Z</time>
      </trkpt>
      <trkpt lat="45.752224" lon="23.886103">
        <ele>962.594</ele>
        <time>2015-04-19T10:22:59Z</time>
      </trkpt>
      <trkpt lat="45.752186" lon="23.886000">
        <ele>966.319</ele>
        <time>2015-04-19T10:23:15Z</time>
      </trkpt>
      <trkpt lat="45.752150" lon="23.885888">
        <ele>969.523</ele>
        <time>2015-04-19T10:23:25Z</time>
      </trkpt>
      <trkpt lat="45.752089" lon="23.885746">
        <ele>972.828</ele>
        <time>2015-04-19T10:23:47Z</time>
      </trkpt>
      <trkpt lat="45.752004" lon="23.885698">
        <ele>976.139</ele>
        <time>2015-04-19T10:24:18Z</time>
      </trkpt>
      <trkpt lat="45.751896" lon="23.885688">
        <ele>979.401</ele>
        <time>2015-04-19T10:24:57Z</time>
      </trkpt>
      <trkpt lat="45.751848" lon="23.885586">
        <ele>982.621</ele>
        <time>2015-04-19T10:25:09Z</time>
      </trkpt>
      <trkpt lat="45.751794" lon="23.885489">
        <ele>985.908</ele>
        <time>2015-04-19T10:25:19Z</time>
      </trkpt>
      <trkpt lat="45.751776" lon="23.885376">
        <ele>989.274</ele>
        <time>2015-04-19T10:25:28Z</time>
      </trkpt>
      <trkpt lat="45.751745" lon="23.885263">
        <ele>988.620</ele>
        <time>2015-04-19T10:25:48Z</time>
      </trkpt>
      <trkpt lat="45.751740" lon="23.885145">
        <ele>988.173</ele>
        <time>2015-04-19T10:26:05Z</time>
      </trkpt>
      <trkpt lat="45.751748" lon="23.885026">
        <ele>985.642</ele>
        <time>2015-04-19T10:26:26Z</time>
      </trkpt>
      <trkpt lat="45.751716" lon="23.884918">
        <ele>983.210</ele>
        <time>2015-04-19T10:26:45Z</time>
      </trkpt>
      <trkpt lat="45.751633" lon="23.884818">
        <ele>981.395</ele>
        <time>2015-04-19T10:27:38Z</time>
      </trkpt>
      <trkpt lat="45.751548" lon="23.884780">
        <ele>983.199</ele>
        <time>2015-04-19T10:27:50Z</time>
      </trkpt>
      <trkpt lat="45.751461" lon="23.884710">
        <ele>984.944</ele>
        <time>2015-04-19T10:28:07Z</time>
      </trkpt>
      <trkpt lat="45.751488" lon="23.884570">
        <ele>986.755</ele>
        <time>2015-04-19T10:28:50Z</time>
      </trkpt>
      <trkpt lat="45.751400" lon="23.884605">
        <ele>988.507</ele>
        <time>2015-04-19T10:29:49Z</time>
      </trkpt>
      <trkpt lat="45.751315" lon="23.884593">
        <ele>990.417</ele>
        <time>2015-04-19T10:30:13Z</time>
      </trkpt>
      <trkpt lat="45.751233" lon="23.884543">
        <ele>992.208</ele>
        <time>2015-04-19T10:30:27Z</time>
      </trkpt>
      <trkpt lat="45.751135" lon="23.884510">
        <ele>994.026</ele>
        <time>2015-04-19T10:30:41Z</time>
      </trkpt>
      <trkpt lat="45.751025" lon="23.884515">
        <ele>995.812</ele>
        <time>2015-04-19T10:30:59Z</time>
      </trkpt>
      <trkpt lat="45.750941" lon="23.884508">
        <ele>999.535</ele>
        <time>2015-04-19T10:31:11Z</time>
      </trkpt>
      <trkpt lat="45.750863" lon="23.884475">
        <ele>1005.794</ele>
        <time>2015-04-19T10:31:23Z</time>
      </trkpt>
      <trkpt lat="45.750786" lon="23.884425">
        <ele>1011.912</ele>
        <time>2015-04-19T10:31:34Z</time>
      </trkpt>
      <trkpt lat="45.750711" lon="23.884380">
        <ele>1014.447</ele>
        <time>2015-04-19T10:31:46Z</time>
      </trkpt>
      <trkpt lat="45.750628" lon="23.884360">
        <ele>1016.871</ele>
        <time>2015-04-19T10:32:07Z</time>
      </trkpt>
      <trkpt lat="45.750513" lon="23.884253">
        <ele>1019.316</ele>
        <time>2015-04-19T10:32:41Z</time>
      </trkpt>
      <trkpt lat="45.750426" lon="23.884255">
        <ele>1021.781</ele>
        <time>2015-04-19T10:32:55Z</time>
      </trkpt>
      <trkpt lat="45.750346" lon="23.884218">
        <ele>1024.261</ele>
        <time>2015-04-19T10:33:06Z</time>
      </trkpt>
      <trkpt lat="45.750276" lon="23.884140">
        <ele>1026.617</ele>
        <time>2015-04-19T10:33:16Z</time>
      </trkpt>
      <trkpt lat="45.750211" lon="23.884061">
        <ele>1029.108</ele>
        <time>2015-04-19T10:33:25Z</time>
      </trkpt>
      <trkpt lat="45.750133" lon="23.884009">
        <ele>1031.529</ele>
        <time>2015-04-19T10:33:35Z</time>
      </trkpt>
      <trkpt lat="45.750063" lon="23.883946">
        <ele>1035.545</ele>
        <time>2015-04-19T10:33:49Z</time>
      </trkpt>
      <trkpt lat="45.749985" lon="23.883898">
        <ele>1036.948</ele>
        <time>2015-04-19T10:33:59Z</time>
      </trkpt>
      <trkpt lat="45.749903" lon="23.883906">
        <ele>1038.497</ele>
        <time>2015-04-19T10:34:06Z</time>
      </trkpt>
      <trkpt lat="45.749821" lon="23.883921">
        <ele>1037.345</ele>
        <time>2015-04-19T10:34:13Z</time>
      </trkpt>
      <trkpt lat="45.749731" lon="23.883931">
        <ele>1036.210</ele>
        <time>2015-04-19T10:34:20Z</time>
      </trkpt>
      <trkpt lat="45.749633" lon="23.883933">
        <ele>1035.124</ele>
        <time>2015-04-19T10:34:27Z</time>
      </trkpt>
      <trkpt lat="45.749548" lon="23.883923">
        <ele>1034.049</ele>
        <time>2015-04-19T10:34:36Z</time>
      </trkpt>
      <trkpt lat="45.749461" lon="23.883889">
        <ele>1032.957</ele>
        <time>2015-04-19T10:34:48Z</time>
      </trkpt>
      <trkpt lat="45.749380" lon="23.883806">
        <ele>1031.800</ele>
        <time>2015-04-19T10:34:58Z</time>
      </trkpt>
      <trkpt lat="45.749301" lon="23.883775">
        <ele>1030.720</ele>
        <time>2015-04-19T10:35:07Z</time>
      </trkpt>
      <trkpt lat="45.749211" lon="23.883750">
        <ele>1031.708</ele>
        <time>2015-04-19T10:35:16Z</time>
      </trkpt>
      <trkpt lat="45.749130" lon="23.883718">
        <ele>1031.326</ele>
        <time>2015-04-19T10:35:25Z</time>
      </trkpt>
      <trkpt lat="45.749043" lon="23.883675">
        <ele>1030.862</ele>
        <time>2015-04-19T10:35:34Z</time>
      </trkpt>
      <trkpt lat="45.748951" lon="23.883645">
        <ele>1030.425</ele>
        <time>2015-04-19T10:35:45Z</time>
      </trkpt>
      <trkpt lat="45.748864" lon="23.883609">
        <ele>1032.564</ele>
        <time>2015-04-19T10:35:52Z</time>
      </trkpt>
      <trkpt lat="45.748796" lon="23.883535">
        <ele>1034.592</ele>
        <time>2015-04-19T10:36:00Z</time>
      </trkpt>
      <trkpt lat="45.748709" lon="23.883521">
        <ele>1036.647</ele>
        <time>2015-04-19T10:36:09Z</time>
      </trkpt>
      <trkpt lat="45.748635" lon="23.883474">
        <ele>1038.781</ele>
        <time>2015-04-19T10:36:16Z</time>
      </trkpt>
      <trkpt lat="45.748564" lon="23.883405">
        <ele>1038.716</ele>
        <time>2015-04-19T10:36:25Z</time>
      </trkpt>
      <trkpt lat="45.748498" lon="23.883335">
        <ele>1038.747</ele>
        <time>2015-04-19T10:36:32Z</time>
      </trkpt>
      <trkpt lat="45.748428" lon="23.883261">
        <ele>1038.729</ele>
        <time>2015-04-19T10:36:40Z</time>
      </trkpt>
      <trkpt lat="45.748368" lon="23.883183">
        <ele>1036.621</ele>
        <time>2015-04-19T10:36:50Z</time>
      </trkpt>
      <trkpt lat="45.748320" lon="23.883090">
        <ele>1034.508</ele>
        <time>2015-04-19T10:36:57Z</time>
      </trkpt>
      <trkpt lat="45.748253" lon="23.882996">
        <ele>1032.555</ele>
        <time>2015-04-19T10:37:05Z</time>
      </trkpt>
      <trkpt lat="45.748175" lon="23.882936">
        <ele>1030.531</ele>
        <time>2015-04-19T10:37:16Z</time>
      </trkpt>
      <trkpt lat="45.748105" lon="23.882859">
        <ele>1028.544</ele>
        <time>2015-04-19T10:37:24Z</time>
      </trkpt>
      <trkpt lat="45.748016" lon="23.882856">
        <ele>1028.893</ele>
        <time>2015-04-19T10:37:33Z</time>
      </trkpt>
      <trkpt lat="45.747935" lon="23.882858">
        <ele>1029.141</ele>
        <time>2015-04-19T10:37:42Z</time>
      </trkpt>
      <trkpt lat="45.747858" lon="23.882900">
        <ele>1029.426</ele>
        <time>2015-04-19T10:37:51Z</time>
      </trkpt>
      <trkpt lat="45.747776" lon="23.882911">
        <ele>1031.710</ele>
        <time>2015-04-19T10:38:02Z</time>
      </trkpt>
      <trkpt lat="45.747711" lon="23.882981">
        <ele>1033.855</ele>
        <time>2015-04-19T10:38:19Z</time>
      </trkpt>
      <trkpt lat="45.747688" lon="23.883206">
        <ele>1035.995</ele>
        <time>2015-04-19T10:38:54Z</time>
      </trkpt>
      <trkpt lat="45.747745" lon="23.883343">
        <ele>1038.049</ele>
        <time>2015-04-19T10:39:46Z</time>
      </trkpt>
      <trkpt lat="45.747825" lon="23.883361">
        <ele>1040.123</ele>
        <time>2015-04-19T10:40:00Z</time>
      </trkpt>
      <trkpt lat="45.747908" lon="23.883398">
        <ele>1044.308</ele>
        <time>2015-04-19T10:40:11Z</time>
      </trkpt>
      <trkpt lat="45.747978" lon="23.883456">
        <ele>1048.590</ele>
        <time>2015-04-19T10:40:22Z</time>
      </trkpt>
      <trkpt lat="45.748038" lon="23.883555">
        <ele>1052.696</ele>
        <time>2015-04-19T10:40:39Z</time>
      </trkpt>
      <trkpt lat="45.748079" lon="23.883690">
        <ele>1054.599</ele>
        <time>2015-04-19T10:41:02Z</time>
      </trkpt>
      <trkpt lat="45.748021" lon="23.883828">
        <ele>1056.598</ele>
        <time>2015-04-19T10:42:04Z</time>
      </trkpt>
      <trkpt lat="45.748043" lon="23.883993">
        <ele>1058.416</ele>
        <time>2015-04-19T10:42:54Z</time>
      </trkpt>
      <trkpt lat="45.748065" lon="23.884135">
        <ele>1060.371</ele>
        <time>2015-04-19T10:44:11Z</time>
      </trkpt>
      <trkpt lat="45.748048" lon="23.884263">
        <ele>1062.585</ele>
        <time>2015-04-19T10:44:23Z</time>
      </trkpt>
      <trkpt lat="45.748071" lon="23.884390">
        <ele>1066.160</ele>
        <time>2015-04-19T10:44:38Z</time>
      </trkpt>
      <trkpt lat="45.748105" lon="23.884503">
        <ele>1069.796</ele>
        <time>2015-04-19T10:44:52Z</time>
      </trkpt>
      <trkpt lat="45.748165" lon="23.884583">
        <ele>1073.431</ele>
        <time>2015-04-19T10:45:03Z</time>
      </trkpt>
      <trkpt lat="45.748255" lon="23.884628">
        <ele>1074.824</ele>
        <time>2015-04-19T10:45:25Z</time>
      </trkpt>
      <trkpt lat="45.748333" lon="23.884666">
        <ele>1076.308</ele>
        <time>2015-04-19T10:45:38Z</time>
      </trkpt>
      <trkpt lat="45.748386" lon="23.884761">
        <ele>1077.780</ele>
        <time>2015-04-19T10:45:48Z</time>
      </trkpt>
      <trkpt lat="45.748453" lon="23.884860">
        <ele>1079.246</ele>
        <time>2015-04-19T10:46:01Z</time>
      </trkpt>
      <trkpt lat="45.748529" lon="23.884920">
        <ele>1080.669</ele>
        <time>2015-04-19T10:46:07Z</time>
      </trkpt>
      <trkpt lat="45.748609" lon="23.885006">
        <ele>1082.068</ele>
        <time>2015-04-19T10:46:21Z</time>
      </trkpt>
      <trkpt lat="45.748691" lon="23.885029">
        <ele>1084.046</ele>
        <time>2015-04-19T10:46:26Z</time>
      </trkpt>
      <trkpt lat="45.748758" lon="23.885101">
        <ele>1086.061</ele>
        <time>2015-04-19T10:46:49Z</time>
      </trkpt>
      <trkpt lat="45.748750" lon="23.885223">
        <ele>1085.995</ele>
        <time>2015-04-19T10:46:59Z</time>
      </trkpt>
      <trkpt lat="45.748773" lon="23.885395">
        <ele>1085.880</ele>
        <time>2015-04-19T10:48:11Z</time>
      </trkpt>
      <trkpt lat="45.748803" lon="23.885513">
        <ele>1085.786</ele>
        <time>2015-04-19T10:48:24Z</time>
      </trkpt>
      <trkpt lat="45.748878" lon="23.885564">
        <ele>1085.660</ele>
        <time>2015-04-19T10:48:53Z</time>
      </trkpt>
      <trkpt lat="45.748870" lon="23.885686">
        <ele>1085.526</ele>
        <time>2015-04-19T10:49:26Z</time>
      </trkpt>
      <trkpt lat="45.748788" lon="23.885721">
        <ele>1086.108</ele>
        <time>2015-04-19T10:49:40Z</time>
      </trkpt>
      <trkpt lat="45.748711" lon="23.885781">
        <ele>1086.649</ele>
        <time>2015-04-19T10:50:10Z</time>
      </trkpt>
      <trkpt lat="45.748636" lon="23.885828">
        <ele>1087.265</ele>
        <time>2015-04-19T10:50:41Z</time>
      </trkpt>
      <trkpt lat="45.748718" lon="23.885804">
        <ele>1086.638</ele>
        <time>2015-04-19T11:00:24Z</time>
      </trkpt>
      <trkpt lat="45.748763" lon="23.885703">
        <ele>1085.587</ele>
        <time>2015-04-19T11:04:16Z</time>
      </trkpt>
      <trkpt lat="45.748848" lon="23.885675">
        <ele>1084.325</ele>
        <time>2015-04-19T11:04:30Z</time>
      </trkpt>
      <trkpt lat="45.748930" lon="23.885646">
        <ele>1083.760</ele>
        <time>2015-04-19T11:04:40Z</time>
      </trkpt>
      <trkpt lat="45.748926" lon="23.885523">
        <ele>1083.284</ele>
        <time>2015-04-19T11:04:54Z</time>
      </trkpt>
      <trkpt lat="45.748951" lon="23.885396">
        <ele>1083.359</ele>
        <time>2015-04-19T11:05:36Z</time>
      </trkpt>
      <trkpt lat="45.748961" lon="23.885273">
        <ele>1083.413</ele>
        <time>2015-04-19T11:05:44Z</time>
      </trkpt>
      <trkpt lat="45.748963" lon="23.885155">
        <ele>1083.543</ele>
        <time>2015-04-19T11:05:56Z</time>
      </trkpt>
      <trkpt lat="45.748893" lon="23.885070">
        <ele>1082.907</ele>
        <time>2015-04-19T11:06:07Z</time>
      </trkpt>
      <trkpt lat="45.748816" lon="23.885021">
        <ele>1080.908</ele>
        <time>2015-04-19T11:06:13Z</time>
      </trkpt>
      <trkpt lat="45.748741" lon="23.884961">
        <ele>1078.992</ele>
        <time>2015-04-19T11:06:22Z</time>
      </trkpt>
      <trkpt lat="45.748681" lon="23.884855">
        <ele>1078.128</ele>
        <time>2015-04-19T11:06:30Z</time>
      </trkpt>
      <trkpt lat="45.748615" lon="23.884766">
        <ele>1077.321</ele>
        <time>2015-04-19T11:06:40Z</time>
      </trkpt>
      <trkpt lat="45.748545" lon="23.884695">
        <ele>1076.510</ele>
        <time>2015-04-19T11:06:49Z</time>
      </trkpt>
      <trkpt lat="45.748461" lon="23.884675">
        <ele>1075.678</ele>
        <time>2015-04-19T11:06:56Z</time>
      </trkpt>
      <trkpt lat="45.748383" lon="23.884639">
        <ele>1074.893</ele>
        <time>2015-04-19T11:07:06Z</time>
      </trkpt>
      <trkpt lat="45.748300" lon="23.884616">
        <ele>1073.447</ele>
        <time>2015-04-19T11:07:13Z</time>
      </trkpt>
      <trkpt lat="45.748221" lon="23.884570">
        <ele>1071.932</ele>
        <time>2015-04-19T11:07:19Z</time>
      </trkpt>
      <trkpt lat="45.748145" lon="23.884531">
        <ele>1070.524</ele>
        <time>2015-04-19T11:07:28Z</time>
      </trkpt>
      <trkpt lat="45.748095" lon="23.884435">
        <ele>1069.004</ele>
        <time>2015-04-19T11:07:38Z</time>
      </trkpt>
      <trkpt lat="45.748056" lon="23.884328">
        <ele>1066.814</ele>
        <time>2015-04-19T11:07:59Z</time>
      </trkpt>
      <trkpt lat="45.748006" lon="23.884233">
        <ele>1064.608</ele>
        <time>2015-04-19T11:08:25Z</time>
      </trkpt>
      <trkpt lat="45.747975" lon="23.884114">
        <ele>1062.593</ele>
        <time>2015-04-19T11:08:33Z</time>
      </trkpt>
      <trkpt lat="45.747976" lon="23.883994">
        <ele>1060.319</ele>
        <time>2015-04-19T11:08:43Z</time>
      </trkpt>
      <trkpt lat="45.748013" lon="23.883879">
        <ele>1058.142</ele>
        <time>2015-04-19T11:08:58Z</time>
      </trkpt>
      <trkpt lat="45.748026" lon="23.883765">
        <ele>1056.271</ele>
        <time>2015-04-19T11:09:16Z</time>
      </trkpt>
      <trkpt lat="45.748070" lon="23.883615">
        <ele>1054.329</ele>
        <time>2015-04-19T11:09:45Z</time>
      </trkpt>
      <trkpt lat="45.748053" lon="23.883500">
        <ele>1052.434</ele>
        <time>2015-04-19T11:09:59Z</time>
      </trkpt>
      <trkpt lat="45.748011" lon="23.883391">
        <ele>1050.598</ele>
        <time>2015-04-19T11:10:10Z</time>
      </trkpt>
      <trkpt lat="45.747935" lon="23.883345">
        <ele>1048.523</ele>
        <time>2015-04-19T11:10:21Z</time>
      </trkpt>
      <trkpt lat="45.747856" lon="23.883388">
        <ele>1046.666</ele>
        <time>2015-04-19T11:10:30Z</time>
      </trkpt>
      <trkpt lat="45.747773" lon="23.883376">
        <ele>1046.929</ele>
        <time>2015-04-19T11:10:50Z</time>
      </trkpt>
      <trkpt lat="45.747685" lon="23.883400">
        <ele>1047.221</ele>
        <time>2015-04-19T11:11:02Z</time>
      </trkpt>
      <trkpt lat="45.747610" lon="23.883354">
        <ele>1047.508</ele>
        <time>2015-04-19T11:11:19Z</time>
      </trkpt>
      <trkpt lat="45.747528" lon="23.883298">
        <ele>1047.777</ele>
        <time>2015-04-19T11:11:28Z</time>
      </trkpt>
      <trkpt lat="45.747451" lon="23.883246">
        <ele>1047.313</ele>
        <time>2015-04-19T11:11:39Z</time>
      </trkpt>
      <trkpt lat="45.747404" lon="23.883140">
        <ele>1046.566</ele>
        <time>2015-04-19T11:11:49Z</time>
      </trkpt>
      <trkpt lat="45.747298" lon="23.883080">
        <ele>1045.885</ele>
        <time>2015-04-19T11:12:07Z</time>
      </trkpt>
      <trkpt lat="45.747220" lon="23.883148">
        <ele>1045.173</ele>
        <time>2015-04-19T11:12:15Z</time>
      </trkpt>
      <trkpt lat="45.747145" lon="23.883201">
        <ele>1044.418</ele>
        <time>2015-04-19T11:12:24Z</time>
      </trkpt>
      <trkpt lat="45.747061" lon="23.883230">
        <ele>1043.652</ele>
        <time>2015-04-19T11:12:37Z</time>
      </trkpt>
      <trkpt lat="45.746970" lon="23.883219">
        <ele>1042.977</ele>
        <time>2015-04-19T11:12:47Z</time>
      </trkpt>
      <trkpt lat="45.746885" lon="23.883218">
        <ele>1042.293</ele>
        <time>2015-04-19T11:12:52Z</time>
      </trkpt>
      <trkpt lat="45.746803" lon="23.883215">
        <ele>1041.565</ele>
        <time>2015-04-19T11:12:59Z</time>
      </trkpt>
      <trkpt lat="45.746690" lon="23.883266">
        <ele>1041.921</ele>
        <time>2015-04-19T11:13:22Z</time>
      </trkpt>
      <trkpt lat="45.746605" lon="23.883281">
        <ele>1042.408</ele>
        <time>2015-04-19T11:13:30Z</time>
      </trkpt>
      <trkpt lat="45.746513" lon="23.883249">
        <ele>1043.590</ele>
        <time>2015-04-19T11:13:40Z</time>
      </trkpt>
      <trkpt lat="45.746431" lon="23.883230">
        <ele>1044.226</ele>
        <time>2015-04-19T11:13:48Z</time>
      </trkpt>
      <trkpt lat="45.746343" lon="23.883211">
        <ele>1044.839</ele>
        <time>2015-04-19T11:13:58Z</time>
      </trkpt>
      <trkpt lat="45.746260" lon="23.883186">
        <ele>1045.568</ele>
        <time>2015-04-19T11:14:07Z</time>
      </trkpt>
      <trkpt lat="45.746174" lon="23.883150">
        <ele>1046.126</ele>
        <time>2015-04-19T11:14:19Z</time>
      </trkpt>
      <trkpt lat="45.746095" lon="23.883091">
        <ele>1046.761</ele>
        <time>2015-04-19T11:14:29Z</time>
      </trkpt>
      <trkpt lat="45.746038" lon="23.883008">
        <ele>1047.415</ele>
        <time>2015-04-19T11:14:42Z</time>
      </trkpt>
      <trkpt lat="45.746001" lon="23.882900">
        <ele>1048.080</ele>
        <time>2015-04-19T11:14:55Z</time>
      </trkpt>
      <trkpt lat="45.745945" lon="23.882791">
        <ele>1048.699</ele>
        <time>2015-04-19T11:15:04Z</time>
      </trkpt>
      <trkpt lat="45.745883" lon="23.882705">
        <ele>1048.107</ele>
        <time>2015-04-19T11:15:11Z</time>
      </trkpt>
      <trkpt lat="45.745798" lon="23.882561">
        <ele>1047.727</ele>
        <time>2015-04-19T11:15:17Z</time>
      </trkpt>
      <trkpt lat="45.745728" lon="23.882469">
        <ele>1047.408</ele>
        <time>2015-04-19T11:15:23Z</time>
      </trkpt>
      <trkpt lat="45.745666" lon="23.882378">
        <ele>1047.570</ele>
        <time>2015-04-19T11:15:30Z</time>
      </trkpt>
      <trkpt lat="45.745595" lon="23.882319">
        <ele>1047.966</ele>
        <time>2015-04-19T11:15:38Z</time>
      </trkpt>
      <trkpt lat="45.745528" lon="23.882244">
        <ele>1048.319</ele>
        <time>2015-04-19T11:15:47Z</time>
      </trkpt>
      <trkpt lat="45.745443" lon="23.882199">
        <ele>1048.688</ele>
        <time>2015-04-19T11:15:56Z</time>
      </trkpt>
      <trkpt lat="45.745361" lon="23.882175">
        <ele>1049.056</ele>
        <time>2015-04-19T11:16:03Z</time>
      </trkpt>
      <trkpt lat="45.745284" lon="23.882109">
        <ele>1049.421</ele>
        <time>2015-04-19T11:16:11Z</time>
      </trkpt>
      <trkpt lat="45.745160" lon="23.882009">
        <ele>1049.765</ele>
        <time>2015-04-19T11:16:59Z</time>
      </trkpt>
      <trkpt lat="45.745103" lon="23.881921">
        <ele>1050.190</ele>
        <time>2015-04-19T11:17:15Z</time>
      </trkpt>
      <trkpt lat="45.745038" lon="23.881836">
        <ele>1050.551</ele>
        <time>2015-04-19T11:17:23Z</time>
      </trkpt>
      <trkpt lat="45.744966" lon="23.881761">
        <ele>1050.601</ele>
        <time>2015-04-19T11:17:31Z</time>
      </trkpt>
      <trkpt lat="45.744906" lon="23.881671">
        <ele>1049.311</ele>
        <time>2015-04-19T11:17:40Z</time>
      </trkpt>
      <trkpt lat="45.744836" lon="23.881590">
        <ele>1049.408</ele>
        <time>2015-04-19T11:17:48Z</time>
      </trkpt>
      <trkpt lat="45.744775" lon="23.881506">
        <ele>1049.376</ele>
        <time>2015-04-19T11:17:57Z</time>
      </trkpt>
      <trkpt lat="45.744718" lon="23.881420">
        <ele>1049.232</ele>
        <time>2015-04-19T11:18:04Z</time>
      </trkpt>
      <trkpt lat="45.744654" lon="23.881345">
        <ele>1049.115</ele>
        <time>2015-04-19T11:18:12Z</time>
      </trkpt>
      <trkpt lat="45.744588" lon="23.881275">
        <ele>1049.024</ele>
        <time>2015-04-19T11:18:21Z</time>
      </trkpt>
      <trkpt lat="45.744505" lon="23.881251">
        <ele>1048.912</ele>
        <time>2015-04-19T11:18:33Z</time>
      </trkpt>
      <trkpt lat="45.744490" lon="23.881131">
        <ele>1048.887</ele>
        <time>2015-04-19T11:18:40Z</time>
      </trkpt>
      <trkpt lat="45.744428" lon="23.881043">
        <ele>1048.791</ele>
        <time>2015-04-19T11:18:47Z</time>
      </trkpt>
      <trkpt lat="45.744356" lon="23.880960">
        <ele>1048.636</ele>
        <time>2015-04-19T11:18:54Z</time>
      </trkpt>
      <trkpt lat="45.744276" lon="23.880903">
        <ele>1048.783</ele>
        <time>2015-04-19T11:19:20Z</time>
      </trkpt>
      <trkpt lat="45.744220" lon="23.880809">
        <ele>1050.425</ele>
        <time>2015-04-19T11:19:25Z</time>
      </trkpt>
      <trkpt lat="45.744170" lon="23.880718">
        <ele>1050.517</ele>
        <time>2015-04-19T11:19:30Z</time>
      </trkpt>
      <trkpt lat="45.744113" lon="23.880621">
        <ele>1050.708</ele>
        <time>2015-04-19T11:19:36Z</time>
      </trkpt>
      <trkpt lat="45.744056" lon="23.880520">
        <ele>1050.949</ele>
        <time>2015-04-19T11:19:42Z</time>
      </trkpt>
      <trkpt lat="45.744021" lon="23.880406">
        <ele>1051.165</ele>
        <time>2015-04-19T11:19:51Z</time>
      </trkpt>
      <trkpt lat="45.743983" lon="23.880300">
        <ele>1050.798</ele>
        <time>2015-04-19T11:20:36Z</time>
      </trkpt>
      <trkpt lat="45.743946" lon="23.880180">
        <ele>1050.677</ele>
        <time>2015-04-19T11:20:47Z</time>
      </trkpt>
      <trkpt lat="45.743911" lon="23.880015">
        <ele>1050.595</ele>
        <time>2015-04-19T11:21:13Z</time>
      </trkpt>
      <trkpt lat="45.743886" lon="23.879896">
        <ele>1050.510</ele>
        <time>2015-04-19T11:21:22Z</time>
      </trkpt>
      <trkpt lat="45.743853" lon="23.879781">
        <ele>1050.434</ele>
        <time>2015-04-19T11:21:29Z</time>
      </trkpt>
      <trkpt lat="45.743810" lon="23.879659">
        <ele>1050.189</ele>
        <time>2015-04-19T11:21:35Z</time>
      </trkpt>
      <trkpt lat="45.743748" lon="23.879571">
        <ele>1049.879</ele>
        <time>2015-04-19T11:21:42Z</time>
      </trkpt>
      <trkpt lat="45.743686" lon="23.879486">
        <ele>1049.505</ele>
        <time>2015-04-19T11:21:50Z</time>
      </trkpt>
      <trkpt lat="45.743621" lon="23.879393">
        <ele>1049.325</ele>
        <time>2015-04-19T11:21:57Z</time>
      </trkpt>
      <trkpt lat="45.743563" lon="23.879295">
        <ele>1049.008</ele>
        <time>2015-04-19T11:22:05Z</time>
      </trkpt>
      <trkpt lat="45.743516" lon="23.879200">
        <ele>1049.098</ele>
        <time>2015-04-19T11:22:11Z</time>
      </trkpt>
      <trkpt lat="45.743460" lon="23.879100">
        <ele>1049.564</ele>
        <time>2015-04-19T11:22:19Z</time>
      </trkpt>
      <trkpt lat="45.743400" lon="23.879003">
        <ele>1049.897</ele>
        <time>2015-04-19T11:22:27Z</time>
      </trkpt>
      <trkpt lat="45.743343" lon="23.878906">
        <ele>1050.186</ele>
        <time>2015-04-19T11:22:35Z</time>
      </trkpt>
      <trkpt lat="45.743263" lon="23.878853">
        <ele>1050.464</ele>
        <time>2015-04-19T11:22:43Z</time>
      </trkpt>
      <trkpt lat="45.743196" lon="23.878775">
        <ele>1050.539</ele>
        <time>2015-04-19T11:22:50Z</time>
      </trkpt>
      <trkpt lat="45.743143" lon="23.878686">
        <ele>1050.553</ele>
        <time>2015-04-19T11:22:57Z</time>
      </trkpt>
      <trkpt lat="45.743083" lon="23.878608">
        <ele>1050.648</ele>
        <time>2015-04-19T11:23:03Z</time>
      </trkpt>
      <trkpt lat="45.743028" lon="23.878501">
        <ele>1050.747</ele>
        <time>2015-04-19T11:23:10Z</time>
      </trkpt>
      <trkpt lat="45.742960" lon="23.878418">
        <ele>1050.829</ele>
        <time>2015-04-19T11:23:16Z</time>
      </trkpt>
      <trkpt lat="45.742888" lon="23.878341">
        <ele>1050.921</ele>
        <time>2015-04-19T11:23:23Z</time>
      </trkpt>
      <trkpt lat="45.742825" lon="23.878265">
        <ele>1050.708</ele>
        <time>2015-04-19T11:23:29Z</time>
      </trkpt>
      <trkpt lat="45.742758" lon="23.878198">
        <ele>1051.175</ele>
        <time>2015-04-19T11:23:35Z</time>
      </trkpt>
      <trkpt lat="45.742681" lon="23.878145">
        <ele>1051.591</ele>
        <time>2015-04-19T11:23:43Z</time>
      </trkpt>
      <trkpt lat="45.742610" lon="23.878088">
        <ele>1051.864</ele>
        <time>2015-04-19T11:23:50Z</time>
      </trkpt>
      <trkpt lat="45.742535" lon="23.878030">
        <ele>1053.553</ele>
        <time>2015-04-19T11:23:57Z</time>
      </trkpt>
      <trkpt lat="45.742455" lon="23.877996">
        <ele>1055.391</ele>
        <time>2015-04-19T11:24:04Z</time>
      </trkpt>
      <trkpt lat="45.742374" lon="23.877953">
        <ele>1057.126</ele>
        <time>2015-04-19T11:24:10Z</time>
      </trkpt>
      <trkpt lat="45.742286" lon="23.877935">
        <ele>1058.940</ele>
        <time>2015-04-19T11:24:17Z</time>
      </trkpt>
      <trkpt lat="45.742188" lon="23.877930">
        <ele>1060.785</ele>
        <time>2015-04-19T11:24:25Z</time>
      </trkpt>
      <trkpt lat="45.742100" lon="23.877924">
        <ele>1062.583</ele>
        <time>2015-04-19T11:24:32Z</time>
      </trkpt>
      <trkpt lat="45.742006" lon="23.877908">
        <ele>1064.425</ele>
        <time>2015-04-19T11:24:41Z</time>
      </trkpt>
      <trkpt lat="45.741925" lon="23.877901">
        <ele>1066.217</ele>
        <time>2015-04-19T11:24:51Z</time>
      </trkpt>
      <trkpt lat="45.741835" lon="23.877858">
        <ele>1067.508</ele>
        <time>2015-04-19T11:24:59Z</time>
      </trkpt>
      <trkpt lat="45.741755" lon="23.877840">
        <ele>1068.799</ele>
        <time>2015-04-19T11:25:09Z</time>
      </trkpt>
      <trkpt lat="45.741675" lon="23.877815">
        <ele>1069.515</ele>
        <time>2015-04-19T11:25:19Z</time>
      </trkpt>
      <trkpt lat="45.741591" lon="23.877816">
        <ele>1068.978</ele>
        <time>2015-04-19T11:25:30Z</time>
      </trkpt>
      <trkpt lat="45.741510" lon="23.877779">
        <ele>1068.487</ele>
        <time>2015-04-19T11:25:44Z</time>
      </trkpt>
      <trkpt lat="45.741426" lon="23.877734">
        <ele>1067.885</ele>
        <time>2015-04-19T11:25:56Z</time>
      </trkpt>
      <trkpt lat="45.741338" lon="23.877718">
        <ele>1067.380</ele>
        <time>2015-04-19T11:26:05Z</time>
      </trkpt>
      <trkpt lat="45.741260" lon="23.877678">
        <ele>1066.774</ele>
        <time>2015-04-19T11:26:14Z</time>
      </trkpt>
      <trkpt lat="45.741190" lon="23.877608">
        <ele>1067.519</ele>
        <time>2015-04-19T11:26:23Z</time>
      </trkpt>
      <trkpt lat="45.741130" lon="23.877521">
        <ele>1068.261</ele>
        <time>2015-04-19T11:26:33Z</time>
      </trkpt>
      <trkpt lat="45.741078" lon="23.877414">
        <ele>1068.921</ele>
        <time>2015-04-19T11:26:40Z</time>
      </trkpt>
      <trkpt lat="45.741020" lon="23.877331">
        <ele>1069.613</ele>
        <time>2015-04-19T11:26:48Z</time>
      </trkpt>
      <trkpt lat="45.740970" lon="23.877223">
        <ele>1070.408</ele>
        <time>2015-04-19T11:26:57Z</time>
      </trkpt>
      <trkpt lat="45.740930" lon="23.877113">
        <ele>1071.637</ele>
        <time>2015-04-19T11:27:06Z</time>
      </trkpt>
      <trkpt lat="45.740886" lon="23.877011">
        <ele>1072.933</ele>
        <time>2015-04-19T11:27:14Z</time>
      </trkpt>
      <trkpt lat="45.740845" lon="23.876906">
        <ele>1074.286</ele>
        <time>2015-04-19T11:27:24Z</time>
      </trkpt>
      <trkpt lat="45.740793" lon="23.876810">
        <ele>1075.965</ele>
        <time>2015-04-19T11:27:31Z</time>
      </trkpt>
      <trkpt lat="45.740740" lon="23.876721">
        <ele>1077.693</ele>
        <time>2015-04-19T11:27:38Z</time>
      </trkpt>
      <trkpt lat="45.740701" lon="23.876616">
        <ele>1078.648</ele>
        <time>2015-04-19T11:27:49Z</time>
      </trkpt>
      <trkpt lat="45.740655" lon="23.876515">
        <ele>1078.482</ele>
        <time>2015-04-19T11:28:00Z</time>
      </trkpt>
      <trkpt lat="45.740611" lon="23.876403">
        <ele>1078.177</ele>
        <time>2015-04-19T11:28:07Z</time>
      </trkpt>
      <trkpt lat="45.740560" lon="23.876313">
        <ele>1077.827</ele>
        <time>2015-04-19T11:28:15Z</time>
      </trkpt>
      <trkpt lat="45.740485" lon="23.876230">
        <ele>1077.568</ele>
        <time>2015-04-19T11:28:24Z</time>
      </trkpt>
      <trkpt lat="45.740430" lon="23.876138">
        <ele>1077.314</ele>
        <time>2015-04-19T11:28:33Z</time>
      </trkpt>
      <trkpt lat="45.740374" lon="23.876036">
        <ele>1077.008</ele>
        <time>2015-04-19T11:28:40Z</time>
      </trkpt>
      <trkpt lat="45.740313" lon="23.875956">
        <ele>1078.153</ele>
        <time>2015-04-19T11:28:49Z</time>
      </trkpt>
      <trkpt lat="45.740255" lon="23.875858">
        <ele>1079.229</ele>
        <time>2015-04-19T11:28:58Z</time>
      </trkpt>
      <trkpt lat="45.740203" lon="23.875765">
        <ele>1079.822</ele>
        <time>2015-04-19T11:29:06Z</time>
      </trkpt>
      <trkpt lat="45.740145" lon="23.875678">
        <ele>1080.511</ele>
        <time>2015-04-19T11:29:13Z</time>
      </trkpt>
      <trkpt lat="45.740093" lon="23.875586">
        <ele>1081.879</ele>
        <time>2015-04-19T11:29:21Z</time>
      </trkpt>
      <trkpt lat="45.740031" lon="23.875498">
        <ele>1083.294</ele>
        <time>2015-04-19T11:29:29Z</time>
      </trkpt>
      <trkpt lat="45.739969" lon="23.875410">
        <ele>1084.578</ele>
        <time>2015-04-19T11:29:38Z</time>
      </trkpt>
      <trkpt lat="45.739906" lon="23.875330">
        <ele>1084.553</ele>
        <time>2015-04-19T11:29:46Z</time>
      </trkpt>
      <trkpt lat="45.739844" lon="23.875233">
        <ele>1084.532</ele>
        <time>2015-04-19T11:29:54Z</time>
      </trkpt>
      <trkpt lat="45.739789" lon="23.875140">
        <ele>1085.492</ele>
        <time>2015-04-19T11:30:01Z</time>
      </trkpt>
      <trkpt lat="45.739733" lon="23.875056">
        <ele>1086.211</ele>
        <time>2015-04-19T11:30:10Z</time>
      </trkpt>
      <trkpt lat="45.739678" lon="23.874964">
        <ele>1085.608</ele>
        <time>2015-04-19T11:30:20Z</time>
      </trkpt>
      <trkpt lat="45.739619" lon="23.874858">
        <ele>1085.174</ele>
        <time>2015-04-19T11:30:28Z</time>
      </trkpt>
      <trkpt lat="45.739574" lon="23.874754">
        <ele>1085.560</ele>
        <time>2015-04-19T11:30:39Z</time>
      </trkpt>
      <trkpt lat="45.739560" lon="23.874633">
        <ele>1085.843</ele>
        <time>2015-04-19T11:30:50Z</time>
      </trkpt>
      <trkpt lat="45.739563" lon="23.874516">
        <ele>1086.272</ele>
        <time>2015-04-19T11:31:01Z</time>
      </trkpt>
      <trkpt lat="45.739555" lon="23.874391">
        <ele>1085.550</ele>
        <time>2015-04-19T11:31:08Z</time>
      </trkpt>
      <trkpt lat="45.739603" lon="23.874256">
        <ele>1084.715</ele>
        <time>2015-04-19T11:31:21Z</time>
      </trkpt>
      <trkpt lat="45.739648" lon="23.874153">
        <ele>1085.249</ele>
        <time>2015-04-19T11:31:31Z</time>
      </trkpt>
      <trkpt lat="45.739703" lon="23.874041">
        <ele>1085.684</ele>
        <time>2015-04-19T11:31:40Z</time>
      </trkpt>
      <trkpt lat="45.739741" lon="23.873904">
        <ele>1085.355</ele>
        <time>2015-04-19T11:31:53Z</time>
      </trkpt>
      <trkpt lat="45.739723" lon="23.873784">
        <ele>1084.907</ele>
        <time>2015-04-19T11:32:02Z</time>
      </trkpt>
      <trkpt lat="45.739686" lon="23.873679">
        <ele>1084.517</ele>
        <time>2015-04-19T11:32:08Z</time>
      </trkpt>
      <trkpt lat="45.739633" lon="23.873546">
        <ele>1084.208</ele>
        <time>2015-04-19T11:32:14Z</time>
      </trkpt>
      <trkpt lat="45.739600" lon="23.873440">
        <ele>1082.946</ele>
        <time>2015-04-19T11:32:20Z</time>
      </trkpt>
      <trkpt lat="45.739526" lon="23.873370">
        <ele>1081.662</ele>
        <time>2015-04-19T11:32:25Z</time>
      </trkpt>
      <trkpt lat="45.739439" lon="23.873383">
        <ele>1080.495</ele>
        <time>2015-04-19T11:32:32Z</time>
      </trkpt>
      <trkpt lat="45.739349" lon="23.873405">
        <ele>1080.284</ele>
        <time>2015-04-19T11:32:40Z</time>
      </trkpt>
      <trkpt lat="45.739264" lon="23.873423">
        <ele>1079.272</ele>
        <time>2015-04-19T11:32:46Z</time>
      </trkpt>
      <trkpt lat="45.739176" lon="23.873420">
        <ele>1078.427</ele>
        <time>2015-04-19T11:32:54Z</time>
      </trkpt>
      <trkpt lat="45.739120" lon="23.873328">
        <ele>1077.581</ele>
        <time>2015-04-19T11:33:01Z</time>
      </trkpt>
      <trkpt lat="45.739063" lon="23.873226">
        <ele>1077.336</ele>
        <time>2015-04-19T11:33:09Z</time>
      </trkpt>
      <trkpt lat="45.739011" lon="23.873136">
        <ele>1077.021</ele>
        <time>2015-04-19T11:33:16Z</time>
      </trkpt>
      <trkpt lat="45.738965" lon="23.873038">
        <ele>1076.741</ele>
        <time>2015-04-19T11:33:23Z</time>
      </trkpt>
      <trkpt lat="45.738921" lon="23.872936">
        <ele>1076.505</ele>
        <time>2015-04-19T11:33:29Z</time>
      </trkpt>
      <trkpt lat="45.738861" lon="23.872848">
        <ele>1076.208</ele>
        <time>2015-04-19T11:33:36Z</time>
      </trkpt>
      <trkpt lat="45.738798" lon="23.872758">
        <ele>1075.953</ele>
        <time>2015-04-19T11:33:43Z</time>
      </trkpt>
      <trkpt lat="45.738740" lon="23.872670">
        <ele>1075.689</ele>
        <time>2015-04-19T11:33:50Z</time>
      </trkpt>
      <trkpt lat="45.738671" lon="23.872601">
        <ele>1075.442</ele>
        <time>2015-04-19T11:33:59Z</time>
      </trkpt>
      <trkpt lat="45.738596" lon="23.872546">
        <ele>1075.951</ele>
        <time>2015-04-19T11:34:07Z</time>
      </trkpt>
      <trkpt lat="45.738526" lon="23.872470">
        <ele>1076.559</ele>
        <time>2015-04-19T11:34:15Z</time>
      </trkpt>
      <trkpt lat="45.738463" lon="23.872396">
        <ele>1077.214</ele>
        <time>2015-04-19T11:34:22Z</time>
      </trkpt>
      <trkpt lat="45.738403" lon="23.872315">
        <ele>1077.318</ele>
        <time>2015-04-19T11:34:28Z</time>
      </trkpt>
      <trkpt lat="45.738351" lon="23.872221">
        <ele>1077.433</ele>
        <time>2015-04-19T11:34:38Z</time>
      </trkpt>
      <trkpt lat="45.738296" lon="23.872131">
        <ele>1077.568</ele>
        <time>2015-04-19T11:34:49Z</time>
      </trkpt>
      <trkpt lat="45.738233" lon="23.872051">
        <ele>1077.542</ele>
        <time>2015-04-19T11:34:59Z</time>
      </trkpt>
      <trkpt lat="45.738188" lon="23.871955">
        <ele>1079.026</ele>
        <time>2015-04-19T11:35:08Z</time>
      </trkpt>
      <trkpt lat="45.738140" lon="23.871861">
        <ele>1080.508</ele>
        <time>2015-04-19T11:35:16Z</time>
      </trkpt>
      <trkpt lat="45.738083" lon="23.871778">
        <ele>1081.997</ele>
        <time>2015-04-19T11:35:26Z</time>
      </trkpt>
      <trkpt lat="45.738016" lon="23.871689">
        <ele>1083.633</ele>
        <time>2015-04-19T11:35:37Z</time>
      </trkpt>
      <trkpt lat="45.737950" lon="23.871595">
        <ele>1085.476</ele>
        <time>2015-04-19T11:35:46Z</time>
      </trkpt>
      <trkpt lat="45.737891" lon="23.871505">
        <ele>1087.065</ele>
        <time>2015-04-19T11:35:55Z</time>
      </trkpt>
      <trkpt lat="45.737840" lon="23.871401">
        <ele>1088.663</ele>
        <time>2015-04-19T11:36:04Z</time>
      </trkpt>
      <trkpt lat="45.737778" lon="23.871311">
        <ele>1090.398</ele>
        <time>2015-04-19T11:36:13Z</time>
      </trkpt>
      <trkpt lat="45.737721" lon="23.871215">
        <ele>1091.922</ele>
        <time>2015-04-19T11:36:22Z</time>
      </trkpt>
      <trkpt lat="45.737661" lon="23.871116">
        <ele>1093.567</ele>
        <time>2015-04-19T11:36:30Z</time>
      </trkpt>
      <trkpt lat="45.737608" lon="23.871028">
        <ele>1095.241</ele>
        <time>2015-04-19T11:36:38Z</time>
      </trkpt>
      <trkpt lat="45.737561" lon="23.870923">
        <ele>1094.981</ele>
        <time>2015-04-19T11:36:44Z</time>
      </trkpt>
      <trkpt lat="45.737496" lon="23.870843">
        <ele>1094.609</ele>
        <time>2015-04-19T11:36:51Z</time>
      </trkpt>
      <trkpt lat="45.737438" lon="23.870749">
        <ele>1094.408</ele>
        <time>2015-04-19T11:36:58Z</time>
      </trkpt>
      <trkpt lat="45.737381" lon="23.870636">
        <ele>1094.955</ele>
        <time>2015-04-19T11:37:04Z</time>
      </trkpt>
      <trkpt lat="45.737333" lon="23.870530">
        <ele>1095.581</ele>
        <time>2015-04-19T11:37:08Z</time>
      </trkpt>
      <trkpt lat="45.737268" lon="23.870438">
        <ele>1096.094</ele>
        <time>2015-04-19T11:37:24Z</time>
      </trkpt>
      <trkpt lat="45.737203" lon="23.870355">
        <ele>1096.573</ele>
        <time>2015-04-19T11:37:34Z</time>
      </trkpt>
      <trkpt lat="45.737146" lon="23.870269">
        <ele>1097.171</ele>
        <time>2015-04-19T11:37:50Z</time>
      </trkpt>
      <trkpt lat="45.737086" lon="23.870171">
        <ele>1097.636</ele>
        <time>2015-04-19T11:38:01Z</time>
      </trkpt>
      <trkpt lat="45.737028" lon="23.870044">
        <ele>1097.840</ele>
        <time>2015-04-19T11:38:24Z</time>
      </trkpt>
      <trkpt lat="45.736955" lon="23.869970">
        <ele>1098.045</ele>
        <time>2015-04-19T11:38:34Z</time>
      </trkpt>
      <trkpt lat="45.736900" lon="23.869883">
        <ele>1098.775</ele>
        <time>2015-04-19T11:38:42Z</time>
      </trkpt>
      <trkpt lat="45.736850" lon="23.869785">
        <ele>1099.528</ele>
        <time>2015-04-19T11:38:51Z</time>
      </trkpt>
      <trkpt lat="45.736790" lon="23.869706">
        <ele>1100.220</ele>
        <time>2015-04-19T11:38:57Z</time>
      </trkpt>
      <trkpt lat="45.736731" lon="23.869596">
        <ele>1099.808</ele>
        <time>2015-04-19T11:39:03Z</time>
      </trkpt>
      <trkpt lat="45.736670" lon="23.869501">
        <ele>1099.578</ele>
        <time>2015-04-19T11:39:09Z</time>
      </trkpt>
      <trkpt lat="45.736604" lon="23.869425">
        <ele>1099.554</ele>
        <time>2015-04-19T11:39:16Z</time>
      </trkpt>
      <trkpt lat="45.736540" lon="23.869333">
        <ele>1099.537</ele>
        <time>2015-04-19T11:39:22Z</time>
      </trkpt>
      <trkpt lat="45.736471" lon="23.869258">
        <ele>1099.556</ele>
        <time>2015-04-19T11:39:28Z</time>
      </trkpt>
      <trkpt lat="45.736405" lon="23.869181">
        <ele>1099.814</ele>
        <time>2015-04-19T11:39:34Z</time>
      </trkpt>
      <trkpt lat="45.736341" lon="23.869095">
        <ele>1100.599</ele>
        <time>2015-04-19T11:39:40Z</time>
      </trkpt>
      <trkpt lat="45.736270" lon="23.869026">
        <ele>1101.363</ele>
        <time>2015-04-19T11:39:47Z</time>
      </trkpt>
      <trkpt lat="45.736220" lon="23.868911">
        <ele>1102.058</ele>
        <time>2015-04-19T11:40:00Z</time>
      </trkpt>
      <trkpt lat="45.736163" lon="23.868801">
        <ele>1102.714</ele>
        <time>2015-04-19T11:40:06Z</time>
      </trkpt>
      <trkpt lat="45.736121" lon="23.868699">
        <ele>1103.554</ele>
        <time>2015-04-19T11:40:13Z</time>
      </trkpt>
      <trkpt lat="45.736094" lon="23.868578">
        <ele>1104.209</ele>
        <time>2015-04-19T11:40:21Z</time>
      </trkpt>
      <trkpt lat="45.736036" lon="23.868476">
        <ele>1104.908</ele>
        <time>2015-04-19T11:40:27Z</time>
      </trkpt>
      <trkpt lat="45.735988" lon="23.868366">
        <ele>1104.922</ele>
        <time>2015-04-19T11:40:34Z</time>
      </trkpt>
      <trkpt lat="45.735946" lon="23.868260">
        <ele>1104.968</ele>
        <time>2015-04-19T11:40:44Z</time>
      </trkpt>
      <trkpt lat="45.735900" lon="23.868161">
        <ele>1104.971</ele>
        <time>2015-04-19T11:40:54Z</time>
      </trkpt>
      <trkpt lat="45.735836" lon="23.868076">
        <ele>1104.530</ele>
        <time>2015-04-19T11:41:04Z</time>
      </trkpt>
      <trkpt lat="45.735775" lon="23.868000">
        <ele>1104.218</ele>
        <time>2015-04-19T11:42:00Z</time>
      </trkpt>
      <trkpt lat="45.735753" lon="23.867880">
        <ele>1103.873</ele>
        <time>2015-04-19T11:42:13Z</time>
      </trkpt>
      <trkpt lat="45.735695" lon="23.867790">
        <ele>1103.567</ele>
        <time>2015-04-19T11:42:21Z</time>
      </trkpt>
      <trkpt lat="45.735640" lon="23.867700">
        <ele>1104.852</ele>
        <time>2015-04-19T11:42:29Z</time>
      </trkpt>
      <trkpt lat="45.735590" lon="23.867585">
        <ele>1106.295</ele>
        <time>2015-04-19T11:42:37Z</time>
      </trkpt>
      <trkpt lat="45.735575" lon="23.867465">
        <ele>1107.549</ele>
        <time>2015-04-19T11:42:45Z</time>
      </trkpt>
      <trkpt lat="45.735546" lon="23.867350">
        <ele>1108.923</ele>
        <time>2015-04-19T11:42:54Z</time>
      </trkpt>
      <trkpt lat="45.735515" lon="23.867241">
        <ele>1110.608</ele>
        <time>2015-04-19T11:43:03Z</time>
      </trkpt>
      <trkpt lat="45.735455" lon="23.867138">
        <ele>1112.450</ele>
        <time>2015-04-19T11:43:10Z</time>
      </trkpt>
      <trkpt lat="45.735413" lon="23.867020">
        <ele>1114.146</ele>
        <time>2015-04-19T11:43:17Z</time>
      </trkpt>
      <trkpt lat="45.735378" lon="23.866910">
        <ele>1114.369</ele>
        <time>2015-04-19T11:43:22Z</time>
      </trkpt>
      <trkpt lat="45.735366" lon="23.866790">
        <ele>1115.158</ele>
        <time>2015-04-19T11:43:38Z</time>
      </trkpt>
      <trkpt lat="45.735350" lon="23.866673">
        <ele>1115.996</ele>
        <time>2015-04-19T11:43:53Z</time>
      </trkpt>
      <trkpt lat="45.735346" lon="23.866546">
        <ele>1116.751</ele>
        <time>2015-04-19T11:44:07Z</time>
      </trkpt>
      <trkpt lat="45.735416" lon="23.866474">
        <ele>1115.875</ele>
        <time>2015-04-19T11:44:14Z</time>
      </trkpt>
      <trkpt lat="45.735473" lon="23.866383">
        <ele>1114.930</ele>
        <time>2015-04-19T11:44:21Z</time>
      </trkpt>
      <trkpt lat="45.735491" lon="23.866266">
        <ele>1114.059</ele>
        <time>2015-04-19T11:44:34Z</time>
      </trkpt>
      <trkpt lat="45.735545" lon="23.866168">
        <ele>1113.103</ele>
        <time>2015-04-19T11:44:42Z</time>
      </trkpt>
      <trkpt lat="45.735598" lon="23.866073">
        <ele>1112.223</ele>
        <time>2015-04-19T11:44:53Z</time>
      </trkpt>
      <trkpt lat="45.735643" lon="23.865966">
        <ele>1111.308</ele>
        <time>2015-04-19T11:45:00Z</time>
      </trkpt>
      <trkpt lat="45.735706" lon="23.865871">
        <ele>1111.056</ele>
        <time>2015-04-19T11:45:06Z</time>
      </trkpt>
      <trkpt lat="45.735780" lon="23.865808">
        <ele>1112.332</ele>
        <time>2015-04-19T11:45:12Z</time>
      </trkpt>
      <trkpt lat="45.735828" lon="23.865705">
        <ele>1112.985</ele>
        <time>2015-04-19T11:45:21Z</time>
      </trkpt>
      <trkpt lat="45.735853" lon="23.865586">
        <ele>1113.544</ele>
        <time>2015-04-19T11:45:28Z</time>
      </trkpt>
      <trkpt lat="45.735921" lon="23.865513">
        <ele>1114.262</ele>
        <time>2015-04-19T11:45:35Z</time>
      </trkpt>
      <trkpt lat="45.735978" lon="23.865416">
        <ele>1114.217</ele>
        <time>2015-04-19T11:45:42Z</time>
      </trkpt>
      <trkpt lat="45.736028" lon="23.865311">
        <ele>1114.211</ele>
        <time>2015-04-19T11:45:50Z</time>
      </trkpt>
      <trkpt lat="45.736090" lon="23.865205">
        <ele>1114.276</ele>
        <time>2015-04-19T11:45:59Z</time>
      </trkpt>
      <trkpt lat="45.736141" lon="23.865108">
        <ele>1114.225</ele>
        <time>2015-04-19T11:46:07Z</time>
      </trkpt>
      <trkpt lat="45.736199" lon="23.865013">
        <ele>1114.526</ele>
        <time>2015-04-19T11:46:19Z</time>
      </trkpt>
      <trkpt lat="45.736293" lon="23.864951">
        <ele>1114.908</ele>
        <time>2015-04-19T11:46:31Z</time>
      </trkpt>
      <trkpt lat="45.736345" lon="23.864851">
        <ele>1114.608</ele>
        <time>2015-04-19T11:46:49Z</time>
      </trkpt>
      <trkpt lat="45.736406" lon="23.864763">
        <ele>1114.443</ele>
        <time>2015-04-19T11:47:01Z</time>
      </trkpt>
      <trkpt lat="45.736478" lon="23.864705">
        <ele>1114.129</ele>
        <time>2015-04-19T11:47:13Z</time>
      </trkpt>
      <trkpt lat="45.736538" lon="23.864620">
        <ele>1113.852</ele>
        <time>2015-04-19T11:47:22Z</time>
      </trkpt>
      <trkpt lat="45.736613" lon="23.864566">
        <ele>1113.571</ele>
        <time>2015-04-19T11:47:30Z</time>
      </trkpt>
      <trkpt lat="45.736660" lon="23.864469">
        <ele>1113.919</ele>
        <time>2015-04-19T11:47:41Z</time>
      </trkpt>
      <trkpt lat="45.736708" lon="23.864368">
        <ele>1114.884</ele>
        <time>2015-04-19T11:48:28Z</time>
      </trkpt>
      <trkpt lat="45.736726" lon="23.864255">
        <ele>1115.758</ele>
        <time>2015-04-19T11:48:52Z</time>
      </trkpt>
      <trkpt lat="45.736750" lon="23.864136">
        <ele>1116.633</ele>
        <time>2015-04-19T11:49:12Z</time>
      </trkpt>
      <trkpt lat="45.736786" lon="23.864025">
        <ele>1117.256</ele>
        <time>2015-04-19T11:49:24Z</time>
      </trkpt>
      <trkpt lat="45.736820" lon="23.863906">
        <ele>1117.759</ele>
        <time>2015-04-19T11:49:34Z</time>
      </trkpt>
      <trkpt lat="45.736855" lon="23.863793">
        <ele>1118.114</ele>
        <time>2015-04-19T11:51:49Z</time>
      </trkpt>
      <trkpt lat="45.736898" lon="23.863691">
        <ele>1118.508</ele>
        <time>2015-04-19T11:51:57Z</time>
      </trkpt>
      <trkpt lat="45.736955" lon="23.863605">
        <ele>1118.836</ele>
        <time>2015-04-19T11:52:06Z</time>
      </trkpt>
      <trkpt lat="45.737023" lon="23.863530">
        <ele>1119.272</ele>
        <time>2015-04-19T11:52:15Z</time>
      </trkpt>
      <trkpt lat="45.737086" lon="23.863453">
        <ele>1119.735</ele>
        <time>2015-04-19T11:52:25Z</time>
      </trkpt>
      <trkpt lat="45.737135" lon="23.863358">
        <ele>1120.384</ele>
        <time>2015-04-19T11:52:32Z</time>
      </trkpt>
      <trkpt lat="45.737189" lon="23.863268">
        <ele>1120.352</ele>
        <time>2015-04-19T11:52:39Z</time>
      </trkpt>
      <trkpt lat="45.737268" lon="23.863191">
        <ele>1120.357</ele>
        <time>2015-04-19T11:52:43Z</time>
      </trkpt>
      <trkpt lat="45.737315" lon="23.863093">
        <ele>1120.361</ele>
        <time>2015-04-19T11:52:49Z</time>
      </trkpt>
      <trkpt lat="45.737358" lon="23.862986">
        <ele>1120.356</ele>
        <time>2015-04-19T11:52:58Z</time>
      </trkpt>
      <trkpt lat="45.737408" lon="23.862875">
        <ele>1120.328</ele>
        <time>2015-04-19T11:53:05Z</time>
      </trkpt>
      <trkpt lat="45.737428" lon="23.862748">
        <ele>1120.589</ele>
        <time>2015-04-19T11:53:12Z</time>
      </trkpt>
      <trkpt lat="45.737425" lon="23.862628">
        <ele>1121.017</ele>
        <time>2015-04-19T11:53:19Z</time>
      </trkpt>
      <trkpt lat="45.737461" lon="23.862521">
        <ele>1121.508</ele>
        <time>2015-04-19T11:53:29Z</time>
      </trkpt>
      <trkpt lat="45.737468" lon="23.862395">
        <ele>1122.133</ele>
        <time>2015-04-19T11:54:03Z</time>
      </trkpt>
      <trkpt lat="45.737503" lon="23.862278">
        <ele>1122.569</ele>
        <time>2015-04-19T11:54:33Z</time>
      </trkpt>
      <trkpt lat="45.737485" lon="23.862164">
        <ele>1122.872</ele>
        <time>2015-04-19T11:54:40Z</time>
      </trkpt>
      <trkpt lat="45.737471" lon="23.862050">
        <ele>1123.291</ele>
        <time>2015-04-19T11:54:47Z</time>
      </trkpt>
      <trkpt lat="45.737438" lon="23.861939">
        <ele>1123.529</ele>
        <time>2015-04-19T11:54:56Z</time>
      </trkpt>
      <trkpt lat="45.737388" lon="23.861843">
        <ele>1124.694</ele>
        <time>2015-04-19T11:55:04Z</time>
      </trkpt>
      <trkpt lat="45.737343" lon="23.861743">
        <ele>1125.718</ele>
        <time>2015-04-19T11:55:12Z</time>
      </trkpt>
      <trkpt lat="45.737276" lon="23.861668">
        <ele>1127.263</ele>
        <time>2015-04-19T11:55:20Z</time>
      </trkpt>
      <trkpt lat="45.737215" lon="23.861588">
        <ele>1128.655</ele>
        <time>2015-04-19T11:55:27Z</time>
      </trkpt>
      <trkpt lat="45.737151" lon="23.861510">
        <ele>1129.707</ele>
        <time>2015-04-19T11:55:36Z</time>
      </trkpt>
      <trkpt lat="45.737081" lon="23.861434">
        <ele>1130.817</ele>
        <time>2015-04-19T11:55:44Z</time>
      </trkpt>
      <trkpt lat="45.737021" lon="23.861348">
        <ele>1131.908</ele>
        <time>2015-04-19T11:55:53Z</time>
      </trkpt>
      <trkpt lat="45.736963" lon="23.861250">
        <ele>1133.056</ele>
        <time>2015-04-19T11:56:01Z</time>
      </trkpt>
      <trkpt lat="45.736904" lon="23.861151">
        <ele>1134.112</ele>
        <time>2015-04-19T11:56:09Z</time>
      </trkpt>
      <trkpt lat="45.736855" lon="23.861056">
        <ele>1135.235</ele>
        <time>2015-04-19T11:56:17Z</time>
      </trkpt>
      <trkpt lat="45.736799" lon="23.860963">
        <ele>1136.314</ele>
        <time>2015-04-19T11:56:25Z</time>
      </trkpt>
      <trkpt lat="45.736766" lon="23.860853">
        <ele>1137.162</ele>
        <time>2015-04-19T11:56:36Z</time>
      </trkpt>
      <trkpt lat="45.736700" lon="23.860755">
        <ele>1137.957</ele>
        <time>2015-04-19T11:56:46Z</time>
      </trkpt>
      <trkpt lat="45.736646" lon="23.860653">
        <ele>1138.451</ele>
        <time>2015-04-19T11:56:55Z</time>
      </trkpt>
      <trkpt lat="45.736599" lon="23.860553">
        <ele>1138.886</ele>
        <time>2015-04-19T11:57:03Z</time>
      </trkpt>
      <trkpt lat="45.736553" lon="23.860450">
        <ele>1140.574</ele>
        <time>2015-04-19T11:57:12Z</time>
      </trkpt>
      <trkpt lat="45.736506" lon="23.860350">
        <ele>1142.356</ele>
        <time>2015-04-19T11:57:21Z</time>
      </trkpt>
      <trkpt lat="45.736439" lon="23.860268">
        <ele>1144.021</ele>
        <time>2015-04-19T11:57:31Z</time>
      </trkpt>
      <trkpt lat="45.736376" lon="23.860180">
        <ele>1145.708</ele>
        <time>2015-04-19T11:57:42Z</time>
      </trkpt>
      <trkpt lat="45.736310" lon="23.860104">
        <ele>1147.548</ele>
        <time>2015-04-19T11:58:02Z</time>
      </trkpt>
      <trkpt lat="45.736228" lon="23.860080">
        <ele>1149.294</ele>
        <time>2015-04-19T11:58:14Z</time>
      </trkpt>
      <trkpt lat="45.736148" lon="23.860053">
        <ele>1150.947</ele>
        <time>2015-04-19T11:58:33Z</time>
      </trkpt>
      <trkpt lat="45.736071" lon="23.860008">
        <ele>1152.236</ele>
        <time>2015-04-19T11:58:42Z</time>
      </trkpt>
      <trkpt lat="45.735985" lon="23.860011">
        <ele>1153.514</ele>
        <time>2015-04-19T11:58:54Z</time>
      </trkpt>
      <trkpt lat="45.735906" lon="23.859975">
        <ele>1154.759</ele>
        <time>2015-04-19T11:59:06Z</time>
      </trkpt>
      <trkpt lat="45.735823" lon="23.859920">
        <ele>1157.983</ele>
        <time>2015-04-19T12:00:03Z</time>
      </trkpt>
      <trkpt lat="45.735741" lon="23.859893">
        <ele>1159.748</ele>
        <time>2015-04-19T12:00:13Z</time>
      </trkpt>
      <trkpt lat="45.735663" lon="23.859843">
        <ele>1161.557</ele>
        <time>2015-04-19T12:00:23Z</time>
      </trkpt>
      <trkpt lat="45.735583" lon="23.859821">
        <ele>1163.400</ele>
        <time>2015-04-19T12:00:33Z</time>
      </trkpt>
      <trkpt lat="45.735511" lon="23.859763">
        <ele>1165.220</ele>
        <time>2015-04-19T12:00:42Z</time>
      </trkpt>
      <trkpt lat="45.735429" lon="23.859705">
        <ele>1167.008</ele>
        <time>2015-04-19T12:00:52Z</time>
      </trkpt>
      <trkpt lat="45.735376" lon="23.859615">
        <ele>1168.856</ele>
        <time>2015-04-19T12:01:09Z</time>
      </trkpt>
      <trkpt lat="45.735321" lon="23.859513">
        <ele>1170.672</ele>
        <time>2015-04-19T12:01:16Z</time>
      </trkpt>
      <trkpt lat="45.735290" lon="23.859391">
        <ele>1172.525</ele>
        <time>2015-04-19T12:01:26Z</time>
      </trkpt>
      <trkpt lat="45.735253" lon="23.859278">
        <ele>1174.364</ele>
        <time>2015-04-19T12:01:35Z</time>
      </trkpt>
      <trkpt lat="45.735186" lon="23.859201">
        <ele>1176.492</ele>
        <time>2015-04-19T12:01:42Z</time>
      </trkpt>
      <trkpt lat="45.735131" lon="23.859106">
        <ele>1176.537</ele>
        <time>2015-04-19T12:01:52Z</time>
      </trkpt>
      <trkpt lat="45.735061" lon="23.859009">
        <ele>1176.891</ele>
        <time>2015-04-19T12:02:04Z</time>
      </trkpt>
      <trkpt lat="45.734995" lon="23.858936">
        <ele>1177.146</ele>
        <time>2015-04-19T12:02:17Z</time>
      </trkpt>
      <trkpt lat="45.734933" lon="23.858858">
        <ele>1177.431</ele>
        <time>2015-04-19T12:02:30Z</time>
      </trkpt>
      <trkpt lat="45.734901" lon="23.858750">
        <ele>1177.661</ele>
        <time>2015-04-19T12:02:38Z</time>
      </trkpt>
      <trkpt lat="45.734915" lon="23.858623">
        <ele>1177.907</ele>
        <time>2015-04-19T12:02:47Z</time>
      </trkpt>
      <trkpt lat="45.734910" lon="23.858483">
        <ele>1178.508</ele>
        <time>2015-04-19T12:02:58Z</time>
      </trkpt>
      <trkpt lat="45.734940" lon="23.858375">
        <ele>1179.274</ele>
        <time>2015-04-19T12:03:07Z</time>
      </trkpt>
      <trkpt lat="45.734973" lon="23.858261">
        <ele>1179.830</ele>
        <time>2015-04-19T12:03:16Z</time>
      </trkpt>
      <trkpt lat="45.735001" lon="23.858141">
        <ele>1180.543</ele>
        <time>2015-04-19T12:03:25Z</time>
      </trkpt>
      <trkpt lat="45.735021" lon="23.858024">
        <ele>1180.842</ele>
        <time>2015-04-19T12:03:35Z</time>
      </trkpt>
      <trkpt lat="45.735045" lon="23.857910">
        <ele>1181.270</ele>
        <time>2015-04-19T12:03:40Z</time>
      </trkpt>
      <trkpt lat="45.735036" lon="23.857790">
        <ele>1181.545</ele>
        <time>2015-04-19T12:03:47Z</time>
      </trkpt>
      <trkpt lat="45.735033" lon="23.857671">
        <ele>1181.899</ele>
        <time>2015-04-19T12:03:57Z</time>
      </trkpt>
      <trkpt lat="45.735040" lon="23.857546">
        <ele>1182.164</ele>
        <time>2015-04-19T12:04:05Z</time>
      </trkpt>
      <trkpt lat="45.735053" lon="23.857424">
        <ele>1182.415</ele>
        <time>2015-04-19T12:04:13Z</time>
      </trkpt>
      <trkpt lat="45.735041" lon="23.857308">
        <ele>1182.665</ele>
        <time>2015-04-19T12:04:25Z</time>
      </trkpt>
      <trkpt lat="45.735018" lon="23.857190">
        <ele>1182.511</ele>
        <time>2015-04-19T12:04:34Z</time>
      </trkpt>
      <trkpt lat="45.734961" lon="23.857094">
        <ele>1182.508</ele>
        <time>2015-04-19T12:04:42Z</time>
      </trkpt>
      <trkpt lat="45.734896" lon="23.857006">
        <ele>1183.582</ele>
        <time>2015-04-19T12:04:49Z</time>
      </trkpt>
      <trkpt lat="45.734846" lon="23.856908">
        <ele>1184.638</ele>
        <time>2015-04-19T12:04:58Z</time>
      </trkpt>
      <trkpt lat="45.734806" lon="23.856798">
        <ele>1185.741</ele>
        <time>2015-04-19T12:05:07Z</time>
      </trkpt>
      <trkpt lat="45.734748" lon="23.856715">
        <ele>1186.850</ele>
        <time>2015-04-19T12:05:16Z</time>
      </trkpt>
      <trkpt lat="45.734698" lon="23.856623">
        <ele>1187.988</ele>
        <time>2015-04-19T12:05:25Z</time>
      </trkpt>
      <trkpt lat="45.734623" lon="23.856541">
        <ele>1189.113</ele>
        <time>2015-04-19T12:05:34Z</time>
      </trkpt>
      <trkpt lat="45.734550" lon="23.856483">
        <ele>1189.467</ele>
        <time>2015-04-19T12:05:43Z</time>
      </trkpt>
      <trkpt lat="45.734471" lon="23.856441">
        <ele>1189.662</ele>
        <time>2015-04-19T12:05:55Z</time>
      </trkpt>
      <trkpt lat="45.734383" lon="23.856405">
        <ele>1189.938</ele>
        <time>2015-04-19T12:06:03Z</time>
      </trkpt>
      <trkpt lat="45.734301" lon="23.856361">
        <ele>1190.270</ele>
        <time>2015-04-19T12:06:10Z</time>
      </trkpt>
      <trkpt lat="45.734220" lon="23.856333">
        <ele>1191.117</ele>
        <time>2015-04-19T12:06:17Z</time>
      </trkpt>
      <trkpt lat="45.734121" lon="23.856318">
        <ele>1190.808</ele>
        <time>2015-04-19T12:06:25Z</time>
      </trkpt>
      <trkpt lat="45.734031" lon="23.856306">
        <ele>1190.544</ele>
        <time>2015-04-19T12:06:32Z</time>
      </trkpt>
      <trkpt lat="45.733948" lon="23.856289">
        <ele>1190.350</ele>
        <time>2015-04-19T12:06:39Z</time>
      </trkpt>
      <trkpt lat="45.733861" lon="23.856260">
        <ele>1190.083</ele>
        <time>2015-04-19T12:06:46Z</time>
      </trkpt>
      <trkpt lat="45.733771" lon="23.856220">
        <ele>1189.752</ele>
        <time>2015-04-19T12:06:53Z</time>
      </trkpt>
      <trkpt lat="45.733676" lon="23.856175">
        <ele>1189.530</ele>
        <time>2015-04-19T12:07:00Z</time>
      </trkpt>
      <trkpt lat="45.733595" lon="23.856151">
        <ele>1190.195</ele>
        <time>2015-04-19T12:07:08Z</time>
      </trkpt>
      <trkpt lat="45.733505" lon="23.856125">
        <ele>1190.779</ele>
        <time>2015-04-19T12:07:17Z</time>
      </trkpt>
      <trkpt lat="45.733415" lon="23.856123">
        <ele>1191.474</ele>
        <time>2015-04-19T12:07:26Z</time>
      </trkpt>
      <trkpt lat="45.733318" lon="23.856126">
        <ele>1192.479</ele>
        <time>2015-04-19T12:07:34Z</time>
      </trkpt>
      <trkpt lat="45.733230" lon="23.856121">
        <ele>1192.705</ele>
        <time>2015-04-19T12:07:39Z</time>
      </trkpt>
      <trkpt lat="45.733140" lon="23.856085">
        <ele>1193.125</ele>
        <time>2015-04-19T12:07:45Z</time>
      </trkpt>
      <trkpt lat="45.733056" lon="23.856116">
        <ele>1193.508</ele>
        <time>2015-04-19T12:07:55Z</time>
      </trkpt>
      <trkpt lat="45.732975" lon="23.856151">
        <ele>1193.828</ele>
        <time>2015-04-19T12:08:04Z</time>
      </trkpt>
      <trkpt lat="45.732893" lon="23.856168">
        <ele>1194.224</ele>
        <time>2015-04-19T12:08:24Z</time>
      </trkpt>
      <trkpt lat="45.732821" lon="23.856108">
        <ele>1194.577</ele>
        <time>2015-04-19T12:08:47Z</time>
      </trkpt>
      <trkpt lat="45.732743" lon="23.856078">
        <ele>1194.946</ele>
        <time>2015-04-19T12:08:56Z</time>
      </trkpt>
      <trkpt lat="45.732661" lon="23.856073">
        <ele>1195.364</ele>
        <time>2015-04-19T12:09:04Z</time>
      </trkpt>
      <trkpt lat="45.732573" lon="23.856036">
        <ele>1195.669</ele>
        <time>2015-04-19T12:09:12Z</time>
      </trkpt>
      <trkpt lat="45.732508" lon="23.855959">
        <ele>1196.023</ele>
        <time>2015-04-19T12:09:22Z</time>
      </trkpt>
      <trkpt lat="45.732438" lon="23.855895">
        <ele>1196.828</ele>
        <time>2015-04-19T12:09:29Z</time>
      </trkpt>
      <trkpt lat="45.732371" lon="23.855824">
        <ele>1198.277</ele>
        <time>2015-04-19T12:09:38Z</time>
      </trkpt>
      <trkpt lat="45.732301" lon="23.855741">
        <ele>1199.561</ele>
        <time>2015-04-19T12:09:47Z</time>
      </trkpt>
      <trkpt lat="45.732229" lon="23.855678">
        <ele>1200.927</ele>
        <time>2015-04-19T12:09:56Z</time>
      </trkpt>
      <trkpt lat="45.732156" lon="23.855605">
        <ele>1202.308</ele>
        <time>2015-04-19T12:10:06Z</time>
      </trkpt>
      <trkpt lat="45.732081" lon="23.855543">
        <ele>1203.638</ele>
        <time>2015-04-19T12:10:15Z</time>
      </trkpt>
      <trkpt lat="45.732006" lon="23.855496">
        <ele>1205.034</ele>
        <time>2015-04-19T12:10:24Z</time>
      </trkpt>
      <trkpt lat="45.731943" lon="23.855418">
        <ele>1206.487</ele>
        <time>2015-04-19T12:10:37Z</time>
      </trkpt>
      <trkpt lat="45.731888" lon="23.855328">
        <ele>1207.746</ele>
        <time>2015-04-19T12:10:46Z</time>
      </trkpt>
      <trkpt lat="45.731838" lon="23.855231">
        <ele>1209.194</ele>
        <time>2015-04-19T12:10:57Z</time>
      </trkpt>
      <trkpt lat="45.731800" lon="23.855124">
        <ele>1209.849</ele>
        <time>2015-04-19T12:11:05Z</time>
      </trkpt>
      <trkpt lat="45.731755" lon="23.855010">
        <ele>1209.723</ele>
        <time>2015-04-19T12:11:14Z</time>
      </trkpt>
      <trkpt lat="45.731706" lon="23.854916">
        <ele>1209.168</ele>
        <time>2015-04-19T12:11:22Z</time>
      </trkpt>
      <trkpt lat="45.731665" lon="23.854805">
        <ele>1208.543</ele>
        <time>2015-04-19T12:11:36Z</time>
      </trkpt>
      <trkpt lat="45.731620" lon="23.854695">
        <ele>1208.764</ele>
        <time>2015-04-19T12:11:47Z</time>
      </trkpt>
      <trkpt lat="45.731560" lon="23.854605">
        <ele>1209.010</ele>
        <time>2015-04-19T12:11:56Z</time>
      </trkpt>
      <trkpt lat="45.731501" lon="23.854513">
        <ele>1209.308</ele>
        <time>2015-04-19T12:12:06Z</time>
      </trkpt>
      <trkpt lat="45.731421" lon="23.854453">
        <ele>1209.515</ele>
        <time>2015-04-19T12:12:15Z</time>
      </trkpt>
      <trkpt lat="45.731345" lon="23.854406">
        <ele>1209.861</ele>
        <time>2015-04-19T12:12:23Z</time>
      </trkpt>
      <trkpt lat="45.731263" lon="23.854378">
        <ele>1210.194</ele>
        <time>2015-04-19T12:12:30Z</time>
      </trkpt>
      <trkpt lat="45.731176" lon="23.854385">
        <ele>1210.483</ele>
        <time>2015-04-19T12:12:36Z</time>
      </trkpt>
      <trkpt lat="45.731093" lon="23.854391">
        <ele>1211.321</ele>
        <time>2015-04-19T12:12:43Z</time>
      </trkpt>
      <trkpt lat="45.731001" lon="23.854391">
        <ele>1212.296</ele>
        <time>2015-04-19T12:12:50Z</time>
      </trkpt>
      <trkpt lat="45.730915" lon="23.854371">
        <ele>1213.110</ele>
        <time>2015-04-19T12:12:59Z</time>
      </trkpt>
      <trkpt lat="45.730833" lon="23.854350">
        <ele>1214.435</ele>
        <time>2015-04-19T12:13:09Z</time>
      </trkpt>
      <trkpt lat="45.730751" lon="23.854338">
        <ele>1214.775</ele>
        <time>2015-04-19T12:13:16Z</time>
      </trkpt>
      <trkpt lat="45.730670" lon="23.854313">
        <ele>1215.128</ele>
        <time>2015-04-19T12:13:24Z</time>
      </trkpt>
      <trkpt lat="45.730586" lon="23.854308">
        <ele>1215.520</ele>
        <time>2015-04-19T12:13:34Z</time>
      </trkpt>
      <trkpt lat="45.730510" lon="23.854263">
        <ele>1215.808</ele>
        <time>2015-04-19T12:13:42Z</time>
      </trkpt>
      <trkpt lat="45.730421" lon="23.854223">
        <ele>1216.218</ele>
        <time>2015-04-19T12:13:49Z</time>
      </trkpt>
      <trkpt lat="45.730324" lon="23.854181">
        <ele>1216.584</ele>
        <time>2015-04-19T12:13:57Z</time>
      </trkpt>
      <trkpt lat="45.730240" lon="23.854173">
        <ele>1216.967</ele>
        <time>2015-04-19T12:14:04Z</time>
      </trkpt>
      <trkpt lat="45.730146" lon="23.854176">
        <ele>1217.386</ele>
        <time>2015-04-19T12:14:12Z</time>
      </trkpt>
      <trkpt lat="45.730063" lon="23.854171">
        <ele>1218.674</ele>
        <time>2015-04-19T12:14:20Z</time>
      </trkpt>
      <trkpt lat="45.729981" lon="23.854179">
        <ele>1220.059</ele>
        <time>2015-04-19T12:14:27Z</time>
      </trkpt>
      <trkpt lat="45.729898" lon="23.854200">
        <ele>1221.023</ele>
        <time>2015-04-19T12:14:36Z</time>
      </trkpt>
      <trkpt lat="45.729811" lon="23.854196">
        <ele>1222.078</ele>
        <time>2015-04-19T12:14:47Z</time>
      </trkpt>
      <trkpt lat="45.729721" lon="23.854193">
        <ele>1223.071</ele>
        <time>2015-04-19T12:14:58Z</time>
      </trkpt>
      <trkpt lat="45.729631" lon="23.854178">
        <ele>1224.041</ele>
        <time>2015-04-19T12:15:08Z</time>
      </trkpt>
      <trkpt lat="45.729548" lon="23.854158">
        <ele>1225.015</ele>
        <time>2015-04-19T12:15:18Z</time>
      </trkpt>
      <trkpt lat="45.729456" lon="23.854139">
        <ele>1226.008</ele>
        <time>2015-04-19T12:15:30Z</time>
      </trkpt>
      <trkpt lat="45.729371" lon="23.854160">
        <ele>1227.018</ele>
        <time>2015-04-19T12:15:39Z</time>
      </trkpt>
      <trkpt lat="45.729285" lon="23.854151">
        <ele>1228.014</ele>
        <time>2015-04-19T12:15:47Z</time>
      </trkpt>
      <trkpt lat="45.729196" lon="23.854176">
        <ele>1230.527</ele>
        <time>2015-04-19T12:15:57Z</time>
      </trkpt>
      <trkpt lat="45.729113" lon="23.854211">
        <ele>1232.176</ele>
        <time>2015-04-19T12:16:07Z</time>
      </trkpt>
      <trkpt lat="45.729029" lon="23.854231">
        <ele>1233.614</ele>
        <time>2015-04-19T12:16:16Z</time>
      </trkpt>
      <trkpt lat="45.728946" lon="23.854248">
        <ele>1235.299</ele>
        <time>2015-04-19T12:16:27Z</time>
      </trkpt>
      <trkpt lat="45.728861" lon="23.854290">
        <ele>1236.783</ele>
        <time>2015-04-19T12:16:38Z</time>
      </trkpt>
      <trkpt lat="45.728783" lon="23.854350">
        <ele>1238.358</ele>
        <time>2015-04-19T12:17:08Z</time>
      </trkpt>
      <trkpt lat="45.728703" lon="23.854386">
        <ele>1239.866</ele>
        <time>2015-04-19T12:17:18Z</time>
      </trkpt>
      <trkpt lat="45.728608" lon="23.854409">
        <ele>1241.429</ele>
        <time>2015-04-19T12:17:41Z</time>
      </trkpt>
      <trkpt lat="45.728526" lon="23.854440">
        <ele>1242.921</ele>
        <time>2015-04-19T12:17:50Z</time>
      </trkpt>
      <trkpt lat="45.728440" lon="23.854488">
        <ele>1243.408</ele>
        <time>2015-04-19T12:17:58Z</time>
      </trkpt>
      <trkpt lat="45.728348" lon="23.854509">
        <ele>1243.817</ele>
        <time>2015-04-19T12:18:05Z</time>
      </trkpt>
      <trkpt lat="45.728260" lon="23.854546">
        <ele>1243.383</ele>
        <time>2015-04-19T12:18:14Z</time>
      </trkpt>
      <trkpt lat="45.728181" lon="23.854601">
        <ele>1242.796</ele>
        <time>2015-04-19T12:18:24Z</time>
      </trkpt>
      <trkpt lat="45.728106" lon="23.854663">
        <ele>1242.275</ele>
        <time>2015-04-19T12:18:33Z</time>
      </trkpt>
      <trkpt lat="45.728024" lon="23.854721">
        <ele>1241.673</ele>
        <time>2015-04-19T12:18:50Z</time>
      </trkpt>
      <trkpt lat="45.727943" lon="23.854761">
        <ele>1241.148</ele>
        <time>2015-04-19T12:19:05Z</time>
      </trkpt>
      <trkpt lat="45.727861" lon="23.854731">
        <ele>1241.682</ele>
        <time>2015-04-19T12:19:54Z</time>
      </trkpt>
      <trkpt lat="45.727781" lon="23.854775">
        <ele>1242.237</ele>
        <time>2015-04-19T12:19:59Z</time>
      </trkpt>
      <trkpt lat="45.727696" lon="23.854750">
        <ele>1242.717</ele>
        <time>2015-04-19T12:20:06Z</time>
      </trkpt>
      <trkpt lat="45.727610" lon="23.854740">
        <ele>1243.387</ele>
        <time>2015-04-19T12:20:15Z</time>
      </trkpt>
      <trkpt lat="45.727531" lon="23.854703">
        <ele>1244.915</ele>
        <time>2015-04-19T12:20:26Z</time>
      </trkpt>
      <trkpt lat="45.727445" lon="23.854676">
        <ele>1246.508</ele>
        <time>2015-04-19T12:20:38Z</time>
      </trkpt>
      <trkpt lat="45.727380" lon="23.854598">
        <ele>1247.682</ele>
        <time>2015-04-19T12:20:46Z</time>
      </trkpt>
      <trkpt lat="45.727348" lon="23.854433">
        <ele>1248.798</ele>
        <time>2015-04-19T12:21:33Z</time>
      </trkpt>
      <trkpt lat="45.727296" lon="23.854335">
        <ele>1251.051</ele>
        <time>2015-04-19T12:21:39Z</time>
      </trkpt>
      <trkpt lat="45.727263" lon="23.854228">
        <ele>1253.350</ele>
        <time>2015-04-19T12:21:47Z</time>
      </trkpt>
      <trkpt lat="45.727251" lon="23.854110">
        <ele>1255.578</ele>
        <time>2015-04-19T12:21:57Z</time>
      </trkpt>
      <trkpt lat="45.727225" lon="23.853990">
        <ele>1254.573</ele>
        <time>2015-04-19T12:22:04Z</time>
      </trkpt>
      <trkpt lat="45.727160" lon="23.853896">
        <ele>1253.457</ele>
        <time>2015-04-19T12:22:12Z</time>
      </trkpt>
      <trkpt lat="45.727108" lon="23.853806">
        <ele>1252.312</ele>
        <time>2015-04-19T12:22:21Z</time>
      </trkpt>
      <trkpt lat="45.727121" lon="23.853681">
        <ele>1251.261</ele>
        <time>2015-04-19T12:22:31Z</time>
      </trkpt>
      <trkpt lat="45.727109" lon="23.853543">
        <ele>1250.621</ele>
        <time>2015-04-19T12:22:38Z</time>
      </trkpt>
      <trkpt lat="45.727076" lon="23.853430">
        <ele>1250.113</ele>
        <time>2015-04-19T12:22:42Z</time>
      </trkpt>
      <trkpt lat="45.727040" lon="23.853325">
        <ele>1249.508</ele>
        <time>2015-04-19T12:22:46Z</time>
      </trkpt>
      <trkpt lat="45.727004" lon="23.853215">
        <ele>1249.037</ele>
        <time>2015-04-19T12:22:53Z</time>
      </trkpt>
      <trkpt lat="45.726970" lon="23.853110">
        <ele>1247.393</ele>
        <time>2015-04-19T12:23:01Z</time>
      </trkpt>
      <trkpt lat="45.726973" lon="23.852986">
        <ele>1245.556</ele>
        <time>2015-04-19T12:23:09Z</time>
      </trkpt>
      <trkpt lat="45.726968" lon="23.852853">
        <ele>1243.855</ele>
        <time>2015-04-19T12:23:18Z</time>
      </trkpt>
      <trkpt lat="45.726965" lon="23.852723">
        <ele>1244.483</ele>
        <time>2015-04-19T12:23:25Z</time>
      </trkpt>
      <trkpt lat="45.726933" lon="23.852600">
        <ele>1245.398</ele>
        <time>2015-04-19T12:23:32Z</time>
      </trkpt>
      <trkpt lat="45.726878" lon="23.852481">
        <ele>1246.222</ele>
        <time>2015-04-19T12:23:37Z</time>
      </trkpt>
      <trkpt lat="45.726841" lon="23.852363">
        <ele>1247.197</ele>
        <time>2015-04-19T12:23:45Z</time>
      </trkpt>
      <trkpt lat="45.726800" lon="23.852261">
        <ele>1247.598</ele>
        <time>2015-04-19T12:23:53Z</time>
      </trkpt>
      <trkpt lat="45.726733" lon="23.852181">
        <ele>1247.815</ele>
        <time>2015-04-19T12:23:59Z</time>
      </trkpt>
      <trkpt lat="45.726711" lon="23.852066">
        <ele>1248.226</ele>
        <time>2015-04-19T12:24:20Z</time>
      </trkpt>
      <trkpt lat="45.726636" lon="23.851995">
        <ele>1249.208</ele>
        <time>2015-04-19T12:24:27Z</time>
      </trkpt>
      <trkpt lat="45.726565" lon="23.851868">
        <ele>1250.240</ele>
        <time>2015-04-19T12:25:30Z</time>
      </trkpt>
      <trkpt lat="45.726486" lon="23.851920">
        <ele>1251.256</ele>
        <time>2015-04-19T12:27:33Z</time>
      </trkpt>
      <trkpt lat="45.726405" lon="23.851909">
        <ele>1252.259</ele>
        <time>2015-04-19T12:27:41Z</time>
      </trkpt>
      <trkpt lat="45.726311" lon="23.851883">
        <ele>1253.218</ele>
        <time>2015-04-19T12:27:47Z</time>
      </trkpt>
      <trkpt lat="45.726228" lon="23.851875">
        <ele>1253.866</ele>
        <time>2015-04-19T12:27:54Z</time>
      </trkpt>
      <trkpt lat="45.726138" lon="23.851879">
        <ele>1254.591</ele>
        <time>2015-04-19T12:28:02Z</time>
      </trkpt>
      <trkpt lat="45.726043" lon="23.851858">
        <ele>1255.165</ele>
        <time>2015-04-19T12:28:08Z</time>
      </trkpt>
      <trkpt lat="45.725964" lon="23.851821">
        <ele>1255.730</ele>
        <time>2015-04-19T12:28:15Z</time>
      </trkpt>
      <trkpt lat="45.725881" lon="23.851810">
        <ele>1256.711</ele>
        <time>2015-04-19T12:28:27Z</time>
      </trkpt>
      <trkpt lat="45.725796" lon="23.851770">
        <ele>1257.721</ele>
        <time>2015-04-19T12:28:37Z</time>
      </trkpt>
      <trkpt lat="45.725706" lon="23.851780">
        <ele>1258.103</ele>
        <time>2015-04-19T12:28:44Z</time>
      </trkpt>
      <trkpt lat="45.725628" lon="23.851735">
        <ele>1258.508</ele>
        <time>2015-04-19T12:28:49Z</time>
      </trkpt>
      <trkpt lat="45.725550" lon="23.851695">
        <ele>1258.812</ele>
        <time>2015-04-19T12:28:55Z</time>
      </trkpt>
      <trkpt lat="45.725456" lon="23.851670">
        <ele>1259.238</ele>
        <time>2015-04-19T12:29:04Z</time>
      </trkpt>
      <trkpt lat="45.725365" lon="23.851681">
        <ele>1259.531</ele>
        <time>2015-04-19T12:29:11Z</time>
      </trkpt>
      <trkpt lat="45.725281" lon="23.851645">
        <ele>1259.940</ele>
        <time>2015-04-19T12:29:20Z</time>
      </trkpt>
      <trkpt lat="45.725193" lon="23.851665">
        <ele>1260.318</ele>
        <time>2015-04-19T12:29:31Z</time>
      </trkpt>
      <trkpt lat="45.725091" lon="23.851660">
        <ele>1260.673</ele>
        <time>2015-04-19T12:29:40Z</time>
      </trkpt>
      <trkpt lat="45.725003" lon="23.851678">
        <ele>1260.567</ele>
        <time>2015-04-19T12:29:49Z</time>
      </trkpt>
      <trkpt lat="45.724913" lon="23.851696">
        <ele>1260.142</ele>
        <time>2015-04-19T12:29:58Z</time>
      </trkpt>
      <trkpt lat="45.724826" lon="23.851690">
        <ele>1259.671</ele>
        <time>2015-04-19T12:30:04Z</time>
      </trkpt>
      <trkpt lat="45.724746" lon="23.851718">
        <ele>1259.241</ele>
        <time>2015-04-19T12:30:08Z</time>
      </trkpt>
      <trkpt lat="45.724663" lon="23.851693">
        <ele>1258.715</ele>
        <time>2015-04-19T12:30:14Z</time>
      </trkpt>
      <trkpt lat="45.724591" lon="23.851638">
        <ele>1259.208</ele>
        <time>2015-04-19T12:30:23Z</time>
      </trkpt>
      <trkpt lat="45.724543" lon="23.851540">
        <ele>1259.638</ele>
        <time>2015-04-19T12:30:32Z</time>
      </trkpt>
      <trkpt lat="45.724479" lon="23.851451">
        <ele>1260.164</ele>
        <time>2015-04-19T12:30:40Z</time>
      </trkpt>
      <trkpt lat="45.724405" lon="23.851405">
        <ele>1260.587</ele>
        <time>2015-04-19T12:30:44Z</time>
      </trkpt>
      <trkpt lat="45.724335" lon="23.851301">
        <ele>1261.066</ele>
        <time>2015-04-19T12:30:48Z</time>
      </trkpt>
      <trkpt lat="45.724263" lon="23.851206">
        <ele>1261.524</ele>
        <time>2015-04-19T12:30:54Z</time>
      </trkpt>
      <trkpt lat="45.724186" lon="23.851121">
        <ele>1262.449</ele>
        <time>2015-04-19T12:30:59Z</time>
      </trkpt>
      <trkpt lat="45.724123" lon="23.851035">
        <ele>1262.193</ele>
        <time>2015-04-19T12:31:03Z</time>
      </trkpt>
      <trkpt lat="45.724035" lon="23.850958">
        <ele>1261.818</ele>
        <time>2015-04-19T12:31:23Z</time>
      </trkpt>
      <trkpt lat="45.724001" lon="23.850844">
        <ele>1261.564</ele>
        <time>2015-04-19T12:31:41Z</time>
      </trkpt>
      <trkpt lat="45.723918" lon="23.850840">
        <ele>1261.306</ele>
        <time>2015-04-19T12:34:34Z</time>
      </trkpt>
      <trkpt lat="45.723843" lon="23.850904">
        <ele>1260.116</ele>
        <time>2015-04-19T12:34:40Z</time>
      </trkpt>
      <trkpt lat="45.723761" lon="23.850926">
        <ele>1258.908</ele>
        <time>2015-04-19T12:34:46Z</time>
      </trkpt>
      <trkpt lat="45.723683" lon="23.850961">
        <ele>1257.767</ele>
        <time>2015-04-19T12:35:02Z</time>
      </trkpt>
      <trkpt lat="45.723588" lon="23.851006">
        <ele>1256.533</ele>
        <time>2015-04-19T12:35:11Z</time>
      </trkpt>
      <trkpt lat="45.723508" lon="23.851053">
        <ele>1255.266</ele>
        <time>2015-04-19T12:35:17Z</time>
      </trkpt>
      <trkpt lat="45.723435" lon="23.851110">
        <ele>1253.935</ele>
        <time>2015-04-19T12:35:26Z</time>
      </trkpt>
      <trkpt lat="45.723326" lon="23.851170">
        <ele>1252.633</ele>
        <time>2015-04-19T12:36:14Z</time>
      </trkpt>
      <trkpt lat="45.723246" lon="23.851208">
        <ele>1252.758</ele>
        <time>2015-04-19T12:36:29Z</time>
      </trkpt>
      <trkpt lat="45.723175" lon="23.851291">
        <ele>1252.862</ele>
        <time>2015-04-19T12:36:39Z</time>
      </trkpt>
      <trkpt lat="45.723100" lon="23.851371">
        <ele>1252.957</ele>
        <time>2015-04-19T12:36:44Z</time>
      </trkpt>
      <trkpt lat="45.723021" lon="23.851428">
        <ele>1253.098</ele>
        <time>2015-04-19T12:36:52Z</time>
      </trkpt>
      <trkpt lat="45.722946" lon="23.851488">
        <ele>1253.115</ele>
        <time>2015-04-19T12:37:03Z</time>
      </trkpt>
      <trkpt lat="45.722906" lon="23.851601">
        <ele>1253.226</ele>
        <time>2015-04-19T12:37:13Z</time>
      </trkpt>
      <trkpt lat="45.722845" lon="23.851678">
        <ele>1253.108</ele>
        <time>2015-04-19T12:37:23Z</time>
      </trkpt>
      <trkpt lat="45.722793" lon="23.851778">
        <ele>1253.190</ele>
        <time>2015-04-19T12:37:31Z</time>
      </trkpt>
      <trkpt lat="45.722740" lon="23.851885">
        <ele>1253.156</ele>
        <time>2015-04-19T12:37:38Z</time>
      </trkpt>
      <trkpt lat="45.722681" lon="23.851986">
        <ele>1253.149</ele>
        <time>2015-04-19T12:37:46Z</time>
      </trkpt>
      <trkpt lat="45.722599" lon="23.852036">
        <ele>1253.168</ele>
        <time>2015-04-19T12:37:54Z</time>
      </trkpt>
      <trkpt lat="45.722535" lon="23.852115">
        <ele>1252.956</ele>
        <time>2015-04-19T12:38:01Z</time>
      </trkpt>
      <trkpt lat="45.722464" lon="23.852200">
        <ele>1252.771</ele>
        <time>2015-04-19T12:38:08Z</time>
      </trkpt>
      <trkpt lat="45.722413" lon="23.852290">
        <ele>1252.555</ele>
        <time>2015-04-19T12:38:16Z</time>
      </trkpt>
      <trkpt lat="45.722351" lon="23.852380">
        <ele>1251.480</ele>
        <time>2015-04-19T12:38:23Z</time>
      </trkpt>
      <trkpt lat="45.722290" lon="23.852458">
        <ele>1250.293</ele>
        <time>2015-04-19T12:38:32Z</time>
      </trkpt>
      <trkpt lat="45.722216" lon="23.852549">
        <ele>1248.365</ele>
        <time>2015-04-19T12:38:40Z</time>
      </trkpt>
      <trkpt lat="45.722176" lon="23.852654">
        <ele>1246.521</ele>
        <time>2015-04-19T12:38:48Z</time>
      </trkpt>
      <trkpt lat="45.722118" lon="23.852743">
        <ele>1244.808</ele>
        <time>2015-04-19T12:38:55Z</time>
      </trkpt>
      <trkpt lat="45.722075" lon="23.852846">
        <ele>1243.110</ele>
        <time>2015-04-19T12:39:03Z</time>
      </trkpt>
      <trkpt lat="45.722031" lon="23.852951">
        <ele>1241.496</ele>
        <time>2015-04-19T12:39:09Z</time>
      </trkpt>
      <trkpt lat="45.721999" lon="23.853063">
        <ele>1239.619</ele>
        <time>2015-04-19T12:39:17Z</time>
      </trkpt>
      <trkpt lat="45.721946" lon="23.853158">
        <ele>1237.988</ele>
        <time>2015-04-19T12:39:25Z</time>
      </trkpt>
      <trkpt lat="45.721906" lon="23.853281">
        <ele>1235.396</ele>
        <time>2015-04-19T12:39:33Z</time>
      </trkpt>
      <trkpt lat="45.721893" lon="23.853405">
        <ele>1232.671</ele>
        <time>2015-04-19T12:39:39Z</time>
      </trkpt>
      <trkpt lat="45.721903" lon="23.853533">
        <ele>1231.075</ele>
        <time>2015-04-19T12:39:46Z</time>
      </trkpt>
      <trkpt lat="45.721923" lon="23.853656">
        <ele>1231.290</ele>
        <time>2015-04-19T12:39:55Z</time>
      </trkpt>
      <trkpt lat="45.721920" lon="23.853788">
        <ele>1232.843</ele>
        <time>2015-04-19T12:40:59Z</time>
      </trkpt>
      <trkpt lat="45.721965" lon="23.853900">
        <ele>1232.864</ele>
        <time>2015-04-19T12:41:26Z</time>
      </trkpt>
      <trkpt lat="45.722003" lon="23.854026">
        <ele>1232.810</ele>
        <time>2015-04-19T12:41:53Z</time>
      </trkpt>
      <trkpt lat="45.722061" lon="23.853926">
        <ele>1232.808</ele>
        <time>2015-04-19T12:45:22Z</time>
      </trkpt>
      <trkpt lat="45.722138" lon="23.853868">
        <ele>1232.835</ele>
        <time>2015-04-19T12:45:33Z</time>
      </trkpt>
      <trkpt lat="45.722149" lon="23.853741">
        <ele>1232.891</ele>
        <time>2015-04-19T12:45:57Z</time>
      </trkpt>
      <trkpt lat="45.722059" lon="23.853701">
        <ele>1232.884</ele>
        <time>2015-04-19T12:48:09Z</time>
      </trkpt>
      <trkpt lat="45.722065" lon="23.853581">
        <ele>1232.813</ele>
        <time>2015-04-19T12:48:50Z</time>
      </trkpt>
      <trkpt lat="45.722089" lon="23.853698">
        <ele>1232.881</ele>
        <time>2015-04-19T12:48:56Z</time>
      </trkpt>
      <trkpt lat="45.722044" lon="23.853808">
        <ele>1232.836</ele>
        <time>2015-04-19T12:49:48Z</time>
      </trkpt>
      <trkpt lat="45.721960" lon="23.853811">
        <ele>1231.950</ele>
        <time>2015-04-19T12:50:20Z</time>
      </trkpt>
      <trkpt lat="45.722035" lon="23.853856">
        <ele>1230.325</ele>
        <time>2015-04-19T12:50:45Z</time>
      </trkpt>
      <trkpt lat="45.722040" lon="23.853978">
        <ele>1230.325</ele>
        <time>2015-04-19T12:51:09Z</time>
      </trkpt>
      <trkpt lat="45.721936" lon="23.854044">
        <ele>1230.326</ele>
        <time>2015-04-19T13:00:32Z</time>
      </trkpt>
      <trkpt lat="45.721908" lon="23.853928">
        <ele>1230.308</ele>
        <time>2015-04-19T13:01:12Z</time>
      </trkpt>
      <trkpt lat="45.721879" lon="23.853800">
        <ele>1230.308</ele>
        <time>2015-04-19T13:01:17Z</time>
      </trkpt>
      <trkpt lat="45.721936" lon="23.853686">
        <ele>1230.373</ele>
        <time>2015-04-19T13:06:15Z</time>
      </trkpt>
      <trkpt lat="45.721853" lon="23.853613">
        <ele>1231.079</ele>
        <time>2015-04-19T13:08:44Z</time>
      </trkpt>
      <trkpt lat="45.721861" lon="23.853488">
        <ele>1232.642</ele>
        <time>2015-04-19T13:10:29Z</time>
      </trkpt>
      <trkpt lat="45.721866" lon="23.853370">
        <ele>1234.381</ele>
        <time>2015-04-19T13:10:38Z</time>
      </trkpt>
      <trkpt lat="45.721896" lon="23.853253">
        <ele>1235.959</ele>
        <time>2015-04-19T13:10:52Z</time>
      </trkpt>
      <trkpt lat="45.721931" lon="23.853131">
        <ele>1237.694</ele>
        <time>2015-04-19T13:11:03Z</time>
      </trkpt>
      <trkpt lat="45.721965" lon="23.853023">
        <ele>1239.438</ele>
        <time>2015-04-19T13:11:12Z</time>
      </trkpt>
      <trkpt lat="45.722023" lon="23.852908">
        <ele>1241.133</ele>
        <time>2015-04-19T13:11:21Z</time>
      </trkpt>
      <trkpt lat="45.722046" lon="23.852788">
        <ele>1242.859</ele>
        <time>2015-04-19T13:11:30Z</time>
      </trkpt>
      <trkpt lat="45.722091" lon="23.852684">
        <ele>1244.503</ele>
        <time>2015-04-19T13:11:39Z</time>
      </trkpt>
      <trkpt lat="45.722143" lon="23.852581">
        <ele>1246.523</ele>
        <time>2015-04-19T13:11:48Z</time>
      </trkpt>
      <trkpt lat="45.722156" lon="23.852459">
        <ele>1248.408</ele>
        <time>2015-04-19T13:11:59Z</time>
      </trkpt>
      <trkpt lat="45.722183" lon="23.852346">
        <ele>1249.556</ele>
        <time>2015-04-19T13:12:07Z</time>
      </trkpt>
      <trkpt lat="45.722233" lon="23.852231">
        <ele>1250.742</ele>
        <time>2015-04-19T13:12:16Z</time>
      </trkpt>
      <trkpt lat="45.722280" lon="23.852134">
        <ele>1251.935</ele>
        <time>2015-04-19T13:12:23Z</time>
      </trkpt>
      <trkpt lat="45.722353" lon="23.852076">
        <ele>1253.124</ele>
        <time>2015-04-19T13:12:31Z</time>
      </trkpt>
      <trkpt lat="45.722436" lon="23.852044">
        <ele>1253.332</ele>
        <time>2015-04-19T13:12:39Z</time>
      </trkpt>
      <trkpt lat="45.722521" lon="23.852033">
        <ele>1253.567</ele>
        <time>2015-04-19T13:12:48Z</time>
      </trkpt>
      <trkpt lat="45.722601" lon="23.852011">
        <ele>1253.591</ele>
        <time>2015-04-19T13:12:55Z</time>
      </trkpt>
      <trkpt lat="45.722673" lon="23.851935">
        <ele>1253.586</ele>
        <time>2015-04-19T13:13:03Z</time>
      </trkpt>
      <trkpt lat="45.722745" lon="23.851843">
        <ele>1253.536</ele>
        <time>2015-04-19T13:13:10Z</time>
      </trkpt>
      <trkpt lat="45.722796" lon="23.851744">
        <ele>1253.317</ele>
        <time>2015-04-19T13:13:22Z</time>
      </trkpt>
      <trkpt lat="45.722860" lon="23.851671">
        <ele>1253.218</ele>
        <time>2015-04-19T13:13:34Z</time>
      </trkpt>
      <trkpt lat="45.722938" lon="23.851615">
        <ele>1253.108</ele>
        <time>2015-04-19T13:13:39Z</time>
      </trkpt>
      <trkpt lat="45.722996" lon="23.851528">
        <ele>1253.024</ele>
        <time>2015-04-19T13:13:49Z</time>
      </trkpt>
      <trkpt lat="45.723066" lon="23.851446">
        <ele>1252.980</ele>
        <time>2015-04-19T13:13:58Z</time>
      </trkpt>
      <trkpt lat="45.723124" lon="23.851348">
        <ele>1252.863</ele>
        <time>2015-04-19T13:14:06Z</time>
      </trkpt>
      <trkpt lat="45.723166" lon="23.851238">
        <ele>1252.742</ele>
        <time>2015-04-19T13:14:13Z</time>
      </trkpt>
      <trkpt lat="45.723251" lon="23.851255">
        <ele>1252.650</ele>
        <time>2015-04-19T13:14:26Z</time>
      </trkpt>
      <trkpt lat="45.723336" lon="23.851219">
        <ele>1252.775</ele>
        <time>2015-04-19T13:14:33Z</time>
      </trkpt>
      <trkpt lat="45.723420" lon="23.851178">
        <ele>1252.869</ele>
        <time>2015-04-19T13:14:38Z</time>
      </trkpt>
      <trkpt lat="45.723489" lon="23.851098">
        <ele>1254.184</ele>
        <time>2015-04-19T13:14:49Z</time>
      </trkpt>
      <trkpt lat="45.723564" lon="23.851024">
        <ele>1255.455</ele>
        <time>2015-04-19T13:15:00Z</time>
      </trkpt>
      <trkpt lat="45.723646" lon="23.851008">
        <ele>1256.507</ele>
        <time>2015-04-19T13:15:14Z</time>
      </trkpt>
      <trkpt lat="45.723731" lon="23.850986">
        <ele>1257.717</ele>
        <time>2015-04-19T13:15:30Z</time>
      </trkpt>
      <trkpt lat="45.723811" lon="23.850963">
        <ele>1258.908</ele>
        <time>2015-04-19T13:15:42Z</time>
      </trkpt>
      <trkpt lat="45.723888" lon="23.850904">
        <ele>1260.196</ele>
        <time>2015-04-19T13:16:12Z</time>
      </trkpt>
      <trkpt lat="45.723966" lon="23.850871">
        <ele>1261.322</ele>
        <time>2015-04-19T13:16:21Z</time>
      </trkpt>
      <trkpt lat="45.724005" lon="23.850768">
        <ele>1262.525</ele>
        <time>2015-04-19T13:16:32Z</time>
      </trkpt>
      <trkpt lat="45.723916" lon="23.850798">
        <ele>1263.694</ele>
        <time>2015-04-19T13:18:53Z</time>
      </trkpt>
      <trkpt lat="45.723993" lon="23.850849">
        <ele>1263.962</ele>
        <time>2015-04-19T13:19:23Z</time>
      </trkpt>
      <trkpt lat="45.724011" lon="23.850964">
        <ele>1264.217</ele>
        <time>2015-04-19T13:19:52Z</time>
      </trkpt>
      <trkpt lat="45.724074" lon="23.851051">
        <ele>1263.361</ele>
        <time>2015-04-19T13:20:28Z</time>
      </trkpt>
      <trkpt lat="45.724149" lon="23.851106">
        <ele>1262.466</ele>
        <time>2015-04-19T13:20:35Z</time>
      </trkpt>
      <trkpt lat="45.724190" lon="23.851221">
        <ele>1261.554</ele>
        <time>2015-04-19T13:20:44Z</time>
      </trkpt>
      <trkpt lat="45.724271" lon="23.851279">
        <ele>1260.556</ele>
        <time>2015-04-19T13:20:50Z</time>
      </trkpt>
      <trkpt lat="45.724351" lon="23.851330">
        <ele>1260.111</ele>
        <time>2015-04-19T13:20:55Z</time>
      </trkpt>
      <trkpt lat="45.724419" lon="23.851410">
        <ele>1259.608</ele>
        <time>2015-04-19T13:21:04Z</time>
      </trkpt>
      <trkpt lat="45.724493" lon="23.851481">
        <ele>1259.296</ele>
        <time>2015-04-19T13:21:12Z</time>
      </trkpt>
      <trkpt lat="45.724553" lon="23.851571">
        <ele>1258.742</ele>
        <time>2015-04-19T13:21:23Z</time>
      </trkpt>
      <trkpt lat="45.724603" lon="23.851670">
        <ele>1258.365</ele>
        <time>2015-04-19T13:21:30Z</time>
      </trkpt>
      <trkpt lat="45.724678" lon="23.851738">
        <ele>1258.744</ele>
        <time>2015-04-19T13:21:35Z</time>
      </trkpt>
      <trkpt lat="45.724760" lon="23.851780">
        <ele>1259.212</ele>
        <time>2015-04-19T13:21:40Z</time>
      </trkpt>
      <trkpt lat="45.724843" lon="23.851819">
        <ele>1259.657</ele>
        <time>2015-04-19T13:21:50Z</time>
      </trkpt>
      <trkpt lat="45.724936" lon="23.851788">
        <ele>1260.151</ele>
        <time>2015-04-19T13:21:56Z</time>
      </trkpt>
      <trkpt lat="45.725018" lon="23.851755">
        <ele>1260.526</ele>
        <time>2015-04-19T13:22:04Z</time>
      </trkpt>
      <trkpt lat="45.725105" lon="23.851751">
        <ele>1260.689</ele>
        <time>2015-04-19T13:22:10Z</time>
      </trkpt>
      <trkpt lat="45.725188" lon="23.851758">
        <ele>1260.306</ele>
        <time>2015-04-19T13:22:16Z</time>
      </trkpt>
      <trkpt lat="45.725280" lon="23.851760">
        <ele>1259.926</ele>
        <time>2015-04-19T13:22:23Z</time>
      </trkpt>
      <trkpt lat="45.725366" lon="23.851773">
        <ele>1259.508</ele>
        <time>2015-04-19T13:22:31Z</time>
      </trkpt>
      <trkpt lat="45.725456" lon="23.851786">
        <ele>1259.289</ele>
        <time>2015-04-19T13:22:38Z</time>
      </trkpt>
      <trkpt lat="45.725543" lon="23.851801">
        <ele>1258.865</ele>
        <time>2015-04-19T13:22:44Z</time>
      </trkpt>
      <trkpt lat="45.725621" lon="23.851863">
        <ele>1258.548</ele>
        <time>2015-04-19T13:22:51Z</time>
      </trkpt>
      <trkpt lat="45.725718" lon="23.851891">
        <ele>1258.127</ele>
        <time>2015-04-19T13:23:01Z</time>
      </trkpt>
      <trkpt lat="45.725806" lon="23.851866">
        <ele>1257.715</ele>
        <time>2015-04-19T13:23:09Z</time>
      </trkpt>
      <trkpt lat="45.725891" lon="23.851851">
        <ele>1256.730</ele>
        <time>2015-04-19T13:23:15Z</time>
      </trkpt>
      <trkpt lat="45.725971" lon="23.851876">
        <ele>1255.734</ele>
        <time>2015-04-19T13:23:25Z</time>
      </trkpt>
      <trkpt lat="45.726051" lon="23.851909">
        <ele>1255.199</ele>
        <time>2015-04-19T13:23:31Z</time>
      </trkpt>
      <trkpt lat="45.726138" lon="23.851930">
        <ele>1254.582</ele>
        <time>2015-04-19T13:23:39Z</time>
      </trkpt>
      <trkpt lat="45.726228" lon="23.851943">
        <ele>1253.843</ele>
        <time>2015-04-19T13:23:46Z</time>
      </trkpt>
      <trkpt lat="45.726303" lon="23.851988">
        <ele>1253.217</ele>
        <time>2015-04-19T13:23:53Z</time>
      </trkpt>
      <trkpt lat="45.726391" lon="23.851958">
        <ele>1252.508</ele>
        <time>2015-04-19T13:24:00Z</time>
      </trkpt>
      <trkpt lat="45.726470" lon="23.851900">
        <ele>1251.979</ele>
        <time>2015-04-19T13:24:05Z</time>
      </trkpt>
      <trkpt lat="45.726513" lon="23.851789">
        <ele>1251.315</ele>
        <time>2015-04-19T13:24:17Z</time>
      </trkpt>
      <trkpt lat="45.726586" lon="23.851736">
        <ele>1250.638</ele>
        <time>2015-04-19T13:24:26Z</time>
      </trkpt>
      <trkpt lat="45.726661" lon="23.851688">
        <ele>1250.067</ele>
        <time>2015-04-19T13:24:34Z</time>
      </trkpt>
      <trkpt lat="45.726741" lon="23.851651">
        <ele>1251.265</ele>
        <time>2015-04-19T13:24:43Z</time>
      </trkpt>
      <trkpt lat="45.726820" lon="23.851605">
        <ele>1252.490</ele>
        <time>2015-04-19T13:24:51Z</time>
      </trkpt>
      <trkpt lat="45.726899" lon="23.851558">
        <ele>1252.684</ele>
        <time>2015-04-19T13:24:58Z</time>
      </trkpt>
      <trkpt lat="45.726974" lon="23.851496">
        <ele>1252.929</ele>
        <time>2015-04-19T13:25:05Z</time>
      </trkpt>
      <trkpt lat="45.727040" lon="23.851425">
        <ele>1253.215</ele>
        <time>2015-04-19T13:25:15Z</time>
      </trkpt>
      <trkpt lat="45.727123" lon="23.851371">
        <ele>1253.565</ele>
        <time>2015-04-19T13:25:24Z</time>
      </trkpt>
      <trkpt lat="45.727173" lon="23.851275">
        <ele>1253.711</ele>
        <time>2015-04-19T13:25:35Z</time>
      </trkpt>
      <trkpt lat="45.727231" lon="23.851183">
        <ele>1252.908</ele>
        <time>2015-04-19T13:25:47Z</time>
      </trkpt>
      <trkpt lat="45.727248" lon="23.851029">
        <ele>1252.192</ele>
        <time>2015-04-19T13:26:03Z</time>
      </trkpt>
      <trkpt lat="45.727293" lon="23.850818">
        <ele>1252.948</ele>
        <time>2015-04-19T13:26:31Z</time>
      </trkpt>
      <trkpt lat="45.727273" lon="23.850681">
        <ele>1253.791</ele>
        <time>2015-04-19T13:26:37Z</time>
      </trkpt>
      <trkpt lat="45.727253" lon="23.850541">
        <ele>1253.450</ele>
        <time>2015-04-19T13:26:42Z</time>
      </trkpt>
      <trkpt lat="45.727223" lon="23.850430">
        <ele>1253.078</ele>
        <time>2015-04-19T13:26:49Z</time>
      </trkpt>
      <trkpt lat="45.727158" lon="23.850356">
        <ele>1253.533</ele>
        <time>2015-04-19T13:27:30Z</time>
      </trkpt>
      <trkpt lat="45.727088" lon="23.850275">
        <ele>1254.177</ele>
        <time>2015-04-19T13:27:47Z</time>
      </trkpt>
      <trkpt lat="45.727026" lon="23.850198">
        <ele>1254.212</ele>
        <time>2015-04-19T13:28:05Z</time>
      </trkpt>
      <trkpt lat="45.726968" lon="23.850070">
        <ele>1254.338</ele>
        <time>2015-04-19T13:29:09Z</time>
      </trkpt>
      <trkpt lat="45.726959" lon="23.849946">
        <ele>1254.470</ele>
        <time>2015-04-19T13:29:22Z</time>
      </trkpt>
      <trkpt lat="45.726953" lon="23.849823">
        <ele>1255.517</ele>
        <time>2015-04-19T13:29:30Z</time>
      </trkpt>
      <trkpt lat="45.726981" lon="23.849705">
        <ele>1254.408</ele>
        <time>2015-04-19T13:29:38Z</time>
      </trkpt>
      <trkpt lat="45.726981" lon="23.849553">
        <ele>1251.524</ele>
        <time>2015-04-19T13:29:46Z</time>
      </trkpt>
      <trkpt lat="45.727013" lon="23.849438">
        <ele>1248.740</ele>
        <time>2015-04-19T13:29:55Z</time>
      </trkpt>
      <trkpt lat="45.727045" lon="23.849316">
        <ele>1244.583</ele>
        <time>2015-04-19T13:30:02Z</time>
      </trkpt>
      <trkpt lat="45.727096" lon="23.849208">
        <ele>1240.292</ele>
        <time>2015-04-19T13:30:07Z</time>
      </trkpt>
      <trkpt lat="45.727158" lon="23.849111">
        <ele>1235.910</ele>
        <time>2015-04-19T13:30:14Z</time>
      </trkpt>
      <trkpt lat="45.727168" lon="23.848991">
        <ele>1231.625</ele>
        <time>2015-04-19T13:30:24Z</time>
      </trkpt>
      <trkpt lat="45.727160" lon="23.848870">
        <ele>1227.859</ele>
        <time>2015-04-19T13:30:36Z</time>
      </trkpt>
      <trkpt lat="45.727186" lon="23.848751">
        <ele>1224.064</ele>
        <time>2015-04-19T13:30:46Z</time>
      </trkpt>
      <trkpt lat="45.727243" lon="23.848664">
        <ele>1220.248</ele>
        <time>2015-04-19T13:31:04Z</time>
      </trkpt>
      <trkpt lat="45.727290" lon="23.848560">
        <ele>1215.661</ele>
        <time>2015-04-19T13:31:14Z</time>
      </trkpt>
      <trkpt lat="45.727335" lon="23.848463">
        <ele>1213.517</ele>
        <time>2015-04-19T13:31:22Z</time>
      </trkpt>
      <trkpt lat="45.727386" lon="23.848364">
        <ele>1211.308</ele>
        <time>2015-04-19T13:31:29Z</time>
      </trkpt>
      <trkpt lat="45.727454" lon="23.848296">
        <ele>1209.135</ele>
        <time>2015-04-19T13:31:43Z</time>
      </trkpt>
      <trkpt lat="45.727466" lon="23.848079">
        <ele>1208.411</ele>
        <time>2015-04-19T13:32:24Z</time>
      </trkpt>
      <trkpt lat="45.727488" lon="23.847903">
        <ele>1207.634</ele>
        <time>2015-04-19T13:32:42Z</time>
      </trkpt>
      <trkpt lat="45.727548" lon="23.847771">
        <ele>1206.113</ele>
        <time>2015-04-19T13:33:09Z</time>
      </trkpt>
      <trkpt lat="45.727551" lon="23.847576">
        <ele>1204.581</ele>
        <time>2015-04-19T13:33:39Z</time>
      </trkpt>
      <trkpt lat="45.727603" lon="23.847441">
        <ele>1203.026</ele>
        <time>2015-04-19T13:34:00Z</time>
      </trkpt>
      <trkpt lat="45.727601" lon="23.847266">
        <ele>1201.520</ele>
        <time>2015-04-19T13:34:20Z</time>
      </trkpt>
      <trkpt lat="45.727648" lon="23.847170">
        <ele>1199.995</ele>
        <time>2015-04-19T13:34:30Z</time>
      </trkpt>
      <trkpt lat="45.727653" lon="23.847053">
        <ele>1199.153</ele>
        <time>2015-04-19T13:34:40Z</time>
      </trkpt>
      <trkpt lat="45.727690" lon="23.846941">
        <ele>1198.304</ele>
        <time>2015-04-19T13:34:51Z</time>
      </trkpt>
      <trkpt lat="45.727733" lon="23.846836">
        <ele>1193.614</ele>
        <time>2015-04-19T13:34:59Z</time>
      </trkpt>
      <trkpt lat="45.727738" lon="23.846681">
        <ele>1189.008</ele>
        <time>2015-04-19T13:35:45Z</time>
      </trkpt>
      <trkpt lat="45.727799" lon="23.846593">
        <ele>1184.486</ele>
        <time>2015-04-19T13:35:56Z</time>
      </trkpt>
      <trkpt lat="45.727865" lon="23.846521">
        <ele>1179.712</ele>
        <time>2015-04-19T13:36:05Z</time>
      </trkpt>
      <trkpt lat="45.727906" lon="23.846421">
        <ele>1175.915</ele>
        <time>2015-04-19T13:36:16Z</time>
      </trkpt>
      <trkpt lat="45.727958" lon="23.846326">
        <ele>1172.184</ele>
        <time>2015-04-19T13:36:26Z</time>
      </trkpt>
      <trkpt lat="45.728006" lon="23.846224">
        <ele>1168.342</ele>
        <time>2015-04-19T13:36:33Z</time>
      </trkpt>
      <trkpt lat="45.728071" lon="23.846143">
        <ele>1164.537</ele>
        <time>2015-04-19T13:36:42Z</time>
      </trkpt>
      <trkpt lat="45.728186" lon="23.846050">
        <ele>1160.621</ele>
        <time>2015-04-19T13:37:06Z</time>
      </trkpt>
      <trkpt lat="45.728255" lon="23.845985">
        <ele>1156.836</ele>
        <time>2015-04-19T13:37:10Z</time>
      </trkpt>
      <trkpt lat="45.728386" lon="23.845959">
        <ele>1150.798</ele>
        <time>2015-04-19T13:37:22Z</time>
      </trkpt>
      <trkpt lat="45.728486" lon="23.845956">
        <ele>1148.515</ele>
        <time>2015-04-19T13:37:30Z</time>
      </trkpt>
      <trkpt lat="45.728593" lon="23.845950">
        <ele>1146.226</ele>
        <time>2015-04-19T13:37:39Z</time>
      </trkpt>
      <trkpt lat="45.728695" lon="23.845946">
        <ele>1143.908</ele>
        <time>2015-04-19T13:37:48Z</time>
      </trkpt>
      <trkpt lat="45.728776" lon="23.845955">
        <ele>1141.750</ele>
        <time>2015-04-19T13:37:56Z</time>
      </trkpt>
      <trkpt lat="45.728856" lon="23.845989">
        <ele>1139.596</ele>
        <time>2015-04-19T13:38:07Z</time>
      </trkpt>
      <trkpt lat="45.728938" lon="23.846025">
        <ele>1137.429</ele>
        <time>2015-04-19T13:38:15Z</time>
      </trkpt>
      <trkpt lat="45.728988" lon="23.846123">
        <ele>1135.258</ele>
        <time>2015-04-19T13:38:28Z</time>
      </trkpt>
      <trkpt lat="45.729028" lon="23.846230">
        <ele>1133.016</ele>
        <time>2015-04-19T13:38:40Z</time>
      </trkpt>
      <trkpt lat="45.729013" lon="23.846355">
        <ele>1130.821</ele>
        <time>2015-04-19T13:38:47Z</time>
      </trkpt>
      <trkpt lat="45.729023" lon="23.846475">
        <ele>1128.655</ele>
        <time>2015-04-19T13:38:53Z</time>
      </trkpt>
      <trkpt lat="45.729055" lon="23.846588">
        <ele>1128.790</ele>
        <time>2015-04-19T13:39:00Z</time>
      </trkpt>
      <trkpt lat="45.729125" lon="23.846670">
        <ele>1128.842</ele>
        <time>2015-04-19T13:39:09Z</time>
      </trkpt>
      <trkpt lat="45.729103" lon="23.846786">
        <ele>1128.922</ele>
        <time>2015-04-19T13:39:16Z</time>
      </trkpt>
      <trkpt lat="45.729051" lon="23.846898">
        <ele>1130.014</ele>
        <time>2015-04-19T13:39:21Z</time>
      </trkpt>
      <trkpt lat="45.729098" lon="23.847003">
        <ele>1131.008</ele>
        <time>2015-04-19T13:39:28Z</time>
      </trkpt>
      <trkpt lat="45.729175" lon="23.847058">
        <ele>1132.075</ele>
        <time>2015-04-19T13:39:36Z</time>
      </trkpt>
      <trkpt lat="45.729250" lon="23.847106">
        <ele>1133.081</ele>
        <time>2015-04-19T13:39:41Z</time>
      </trkpt>
      <trkpt lat="45.729333" lon="23.847103">
        <ele>1134.064</ele>
        <time>2015-04-19T13:39:53Z</time>
      </trkpt>
      <trkpt lat="45.729299" lon="23.847213">
        <ele>1135.053</ele>
        <time>2015-04-19T13:40:04Z</time>
      </trkpt>
      <trkpt lat="45.729276" lon="23.847350">
        <ele>1135.091</ele>
        <time>2015-04-19T13:40:18Z</time>
      </trkpt>
      <trkpt lat="45.729346" lon="23.847448">
        <ele>1135.096</ele>
        <time>2015-04-19T13:40:30Z</time>
      </trkpt>
      <trkpt lat="45.729423" lon="23.847490">
        <ele>1135.070</ele>
        <time>2015-04-19T13:40:49Z</time>
      </trkpt>
      <trkpt lat="45.729331" lon="23.847381">
        <ele>1135.065</ele>
        <time>2015-04-19T13:41:02Z</time>
      </trkpt>
      <trkpt lat="45.729308" lon="23.847265">
        <ele>1135.012</ele>
        <time>2015-04-19T13:41:10Z</time>
      </trkpt>
      <trkpt lat="45.729338" lon="23.847153">
        <ele>1134.032</ele>
        <time>2015-04-19T13:41:16Z</time>
      </trkpt>
      <trkpt lat="45.729398" lon="23.847063">
        <ele>1133.005</ele>
        <time>2015-04-19T13:41:25Z</time>
      </trkpt>
      <trkpt lat="45.729443" lon="23.846923">
        <ele>1130.508</ele>
        <time>2015-04-19T13:42:34Z</time>
      </trkpt>
      <trkpt lat="45.729513" lon="23.846835">
        <ele>1128.172</ele>
        <time>2015-04-19T13:43:01Z</time>
      </trkpt>
      <trkpt lat="45.729610" lon="23.846899">
        <ele>1125.678</ele>
        <time>2015-04-19T13:43:58Z</time>
      </trkpt>
      <trkpt lat="45.729673" lon="23.846974">
        <ele>1123.221</ele>
        <time>2015-04-19T13:44:10Z</time>
      </trkpt>
      <trkpt lat="45.729691" lon="23.847105">
        <ele>1121.720</ele>
        <time>2015-04-19T13:44:37Z</time>
      </trkpt>
      <trkpt lat="45.729683" lon="23.847221">
        <ele>1120.318</ele>
        <time>2015-04-19T13:44:46Z</time>
      </trkpt>
      <trkpt lat="45.729675" lon="23.847381">
        <ele>1118.883</ele>
        <time>2015-04-19T13:45:14Z</time>
      </trkpt>
      <trkpt lat="45.729794" lon="23.847476">
        <ele>1117.457</ele>
        <time>2015-04-19T13:46:56Z</time>
      </trkpt>
      <trkpt lat="45.729798" lon="23.847593">
        <ele>1116.482</ele>
        <time>2015-04-19T13:47:45Z</time>
      </trkpt>
      <trkpt lat="45.729818" lon="23.847713">
        <ele>1115.458</ele>
        <time>2015-04-19T13:47:56Z</time>
      </trkpt>
      <trkpt lat="45.729884" lon="23.847886">
        <ele>1114.452</ele>
        <time>2015-04-19T13:48:12Z</time>
      </trkpt>
      <trkpt lat="45.730000" lon="23.847863">
        <ele>1114.817</ele>
        <time>2015-04-19T13:48:27Z</time>
      </trkpt>
      <trkpt lat="45.730041" lon="23.847970">
        <ele>1115.308</ele>
        <time>2015-04-19T13:48:37Z</time>
      </trkpt>
      <trkpt lat="45.730128" lon="23.848000">
        <ele>1115.716</ele>
        <time>2015-04-19T13:48:45Z</time>
      </trkpt>
      <trkpt lat="45.730193" lon="23.848086">
        <ele>1116.222</ele>
        <time>2015-04-19T13:49:12Z</time>
      </trkpt>
      <trkpt lat="45.730171" lon="23.848241">
        <ele>1115.715</ele>
        <time>2015-04-19T13:49:30Z</time>
      </trkpt>
      <trkpt lat="45.730240" lon="23.848313">
        <ele>1115.364</ele>
        <time>2015-04-19T13:49:46Z</time>
      </trkpt>
      <trkpt lat="45.730331" lon="23.848398">
        <ele>1114.822</ele>
        <time>2015-04-19T13:50:11Z</time>
      </trkpt>
      <trkpt lat="45.730393" lon="23.848308">
        <ele>1114.447</ele>
        <time>2015-04-19T13:50:20Z</time>
      </trkpt>
      <trkpt lat="45.730433" lon="23.848416">
        <ele>1113.561</ele>
        <time>2015-04-19T13:51:19Z</time>
      </trkpt>
      <trkpt lat="45.730513" lon="23.848468">
        <ele>1112.526</ele>
        <time>2015-04-19T13:51:30Z</time>
      </trkpt>
      <trkpt lat="45.730593" lon="23.848578">
        <ele>1111.612</ele>
        <time>2015-04-19T13:52:22Z</time>
      </trkpt>
      <trkpt lat="45.730670" lon="23.848515">
        <ele>1111.232</ele>
        <time>2015-04-19T13:53:42Z</time>
      </trkpt>
      <trkpt lat="45.730761" lon="23.848525">
        <ele>1110.705</ele>
        <time>2015-04-19T13:54:25Z</time>
      </trkpt>
      <trkpt lat="45.730840" lon="23.848568">
        <ele>1110.308</ele>
        <time>2015-04-19T13:54:34Z</time>
      </trkpt>
      <trkpt lat="45.730819" lon="23.848681">
        <ele>1109.822</ele>
        <time>2015-04-19T13:55:23Z</time>
      </trkpt>
      <trkpt lat="45.730879" lon="23.848765">
        <ele>1108.938</ele>
        <time>2015-04-19T13:55:35Z</time>
      </trkpt>
      <trkpt lat="45.730933" lon="23.848853">
        <ele>1108.081</ele>
        <time>2015-04-19T13:55:47Z</time>
      </trkpt>
      <trkpt lat="45.730991" lon="23.848948">
        <ele>1107.150</ele>
        <time>2015-04-19T13:55:56Z</time>
      </trkpt>
      <trkpt lat="45.731076" lon="23.848963">
        <ele>1106.238</ele>
        <time>2015-04-19T13:56:00Z</time>
      </trkpt>
      <trkpt lat="45.731213" lon="23.849055">
        <ele>1105.323</ele>
        <time>2015-04-19T13:56:36Z</time>
      </trkpt>
      <trkpt lat="45.731311" lon="23.849021">
        <ele>1104.427</ele>
        <time>2015-04-19T13:56:46Z</time>
      </trkpt>
      <trkpt lat="45.731403" lon="23.849056">
        <ele>1103.572</ele>
        <time>2015-04-19T13:56:54Z</time>
      </trkpt>
      <trkpt lat="45.731485" lon="23.849110">
        <ele>1102.159</ele>
        <time>2015-04-19T13:57:08Z</time>
      </trkpt>
      <trkpt lat="45.731570" lon="23.849170">
        <ele>1100.703</ele>
        <time>2015-04-19T13:57:24Z</time>
      </trkpt>
      <trkpt lat="45.731651" lon="23.849181">
        <ele>1099.423</ele>
        <time>2015-04-19T13:57:35Z</time>
      </trkpt>
      <trkpt lat="45.731734" lon="23.849173">
        <ele>1097.208</ele>
        <time>2015-04-19T13:57:41Z</time>
      </trkpt>
      <trkpt lat="45.731795" lon="23.849256">
        <ele>1096.456</ele>
        <time>2015-04-19T13:57:53Z</time>
      </trkpt>
      <trkpt lat="45.731871" lon="23.849308">
        <ele>1095.542</ele>
        <time>2015-04-19T13:58:03Z</time>
      </trkpt>
      <trkpt lat="45.731950" lon="23.849273">
        <ele>1094.725</ele>
        <time>2015-04-19T13:58:13Z</time>
      </trkpt>
      <trkpt lat="45.732046" lon="23.849283">
        <ele>1094.534</ele>
        <time>2015-04-19T13:58:34Z</time>
      </trkpt>
      <trkpt lat="45.732195" lon="23.849316">
        <ele>1094.252</ele>
        <time>2015-04-19T13:58:53Z</time>
      </trkpt>
      <trkpt lat="45.732271" lon="23.849361">
        <ele>1093.967</ele>
        <time>2015-04-19T13:59:16Z</time>
      </trkpt>
      <trkpt lat="45.732323" lon="23.849465">
        <ele>1093.641</ele>
        <time>2015-04-19T13:59:25Z</time>
      </trkpt>
      <trkpt lat="45.732395" lon="23.849526">
        <ele>1093.416</ele>
        <time>2015-04-19T13:59:32Z</time>
      </trkpt>
      <trkpt lat="45.732490" lon="23.849646">
        <ele>1091.573</ele>
        <time>2015-04-19T13:59:49Z</time>
      </trkpt>
      <trkpt lat="45.732570" lon="23.849706">
        <ele>1089.785</ele>
        <time>2015-04-19T13:59:55Z</time>
      </trkpt>
      <trkpt lat="45.732668" lon="23.849724">
        <ele>1088.713</ele>
        <time>2015-04-19T14:00:00Z</time>
      </trkpt>
      <trkpt lat="45.732763" lon="23.849750">
        <ele>1087.708</ele>
        <time>2015-04-19T14:00:06Z</time>
      </trkpt>
      <trkpt lat="45.732873" lon="23.849891">
        <ele>1086.788</ele>
        <time>2015-04-19T14:00:29Z</time>
      </trkpt>
      <trkpt lat="45.732949" lon="23.849945">
        <ele>1085.774</ele>
        <time>2015-04-19T14:00:49Z</time>
      </trkpt>
      <trkpt lat="45.733056" lon="23.849943">
        <ele>1084.217</ele>
        <time>2015-04-19T14:01:41Z</time>
      </trkpt>
      <trkpt lat="45.733186" lon="23.850065">
        <ele>1082.656</ele>
        <time>2015-04-19T14:02:51Z</time>
      </trkpt>
      <trkpt lat="45.733271" lon="23.850086">
        <ele>1081.164</ele>
        <time>2015-04-19T14:03:01Z</time>
      </trkpt>
      <trkpt lat="45.733341" lon="23.850173">
        <ele>1079.579</ele>
        <time>2015-04-19T14:03:11Z</time>
      </trkpt>
      <trkpt lat="45.733426" lon="23.850218">
        <ele>1077.693</ele>
        <time>2015-04-19T14:03:19Z</time>
      </trkpt>
      <trkpt lat="45.733506" lon="23.850188">
        <ele>1077.368</ele>
        <time>2015-04-19T14:03:32Z</time>
      </trkpt>
      <trkpt lat="45.733573" lon="23.850263">
        <ele>1077.116</ele>
        <time>2015-04-19T14:03:49Z</time>
      </trkpt>
      <trkpt lat="45.733661" lon="23.850308">
        <ele>1076.776</ele>
        <time>2015-04-19T14:04:06Z</time>
      </trkpt>
      <trkpt lat="45.733743" lon="23.850278">
        <ele>1076.513</ele>
        <time>2015-04-19T14:04:13Z</time>
      </trkpt>
      <trkpt lat="45.733880" lon="23.850291">
        <ele>1076.408</ele>
        <time>2015-04-19T14:04:22Z</time>
      </trkpt>
      <trkpt lat="45.733953" lon="23.850363">
        <ele>1076.212</ele>
        <time>2015-04-19T14:04:28Z</time>
      </trkpt>
      <trkpt lat="45.734011" lon="23.850444">
        <ele>1076.058</ele>
        <time>2015-04-19T14:04:37Z</time>
      </trkpt>
      <trkpt lat="45.734100" lon="23.850441">
        <ele>1075.881</ele>
        <time>2015-04-19T14:04:43Z</time>
      </trkpt>
      <trkpt lat="45.734150" lon="23.850534">
        <ele>1075.630</ele>
        <time>2015-04-19T14:04:52Z</time>
      </trkpt>
      <trkpt lat="45.734221" lon="23.850616">
        <ele>1075.578</ele>
        <time>2015-04-19T14:05:02Z</time>
      </trkpt>
      <trkpt lat="45.734261" lon="23.850721">
        <ele>1075.633</ele>
        <time>2015-04-19T14:05:16Z</time>
      </trkpt>
      <trkpt lat="45.734361" lon="23.850773">
        <ele>1074.547</ele>
        <time>2015-04-19T14:05:22Z</time>
      </trkpt>
      <trkpt lat="45.734433" lon="23.850844">
        <ele>1073.322</ele>
        <time>2015-04-19T14:05:28Z</time>
      </trkpt>
      <trkpt lat="45.734506" lon="23.850923">
        <ele>1072.746</ele>
        <time>2015-04-19T14:05:35Z</time>
      </trkpt>
      <trkpt lat="45.734586" lon="23.850990">
        <ele>1072.088</ele>
        <time>2015-04-19T14:05:43Z</time>
      </trkpt>
      <trkpt lat="45.734633" lon="23.851084">
        <ele>1071.316</ele>
        <time>2015-04-19T14:05:52Z</time>
      </trkpt>
      <trkpt lat="45.734750" lon="23.851103">
        <ele>1070.508</ele>
        <time>2015-04-19T14:06:03Z</time>
      </trkpt>
      <trkpt lat="45.734825" lon="23.851186">
        <ele>1069.885</ele>
        <time>2015-04-19T14:06:11Z</time>
      </trkpt>
      <trkpt lat="45.734868" lon="23.851288">
        <ele>1069.181</ele>
        <time>2015-04-19T14:06:19Z</time>
      </trkpt>
      <trkpt lat="45.734876" lon="23.851405">
        <ele>1068.464</ele>
        <time>2015-04-19T14:06:25Z</time>
      </trkpt>
      <trkpt lat="45.734940" lon="23.851481">
        <ele>1067.693</ele>
        <time>2015-04-19T14:06:33Z</time>
      </trkpt>
      <trkpt lat="45.735018" lon="23.851515">
        <ele>1066.941</ele>
        <time>2015-04-19T14:06:38Z</time>
      </trkpt>
      <trkpt lat="45.735105" lon="23.851519">
        <ele>1065.816</ele>
        <time>2015-04-19T14:06:43Z</time>
      </trkpt>
      <trkpt lat="45.735189" lon="23.851546">
        <ele>1064.740</ele>
        <time>2015-04-19T14:06:51Z</time>
      </trkpt>
      <trkpt lat="45.735271" lon="23.851526">
        <ele>1063.165</ele>
        <time>2015-04-19T14:06:53Z</time>
      </trkpt>
      <trkpt lat="45.735338" lon="23.851598">
        <ele>1061.554</ele>
        <time>2015-04-19T14:07:04Z</time>
      </trkpt>
      <trkpt lat="45.735405" lon="23.851668">
        <ele>1059.856</ele>
        <time>2015-04-19T14:07:15Z</time>
      </trkpt>
      <trkpt lat="45.735480" lon="23.851721">
        <ele>1058.211</ele>
        <time>2015-04-19T14:07:24Z</time>
      </trkpt>
      <trkpt lat="45.735563" lon="23.851744">
        <ele>1056.508</ele>
        <time>2015-04-19T14:07:31Z</time>
      </trkpt>
      <trkpt lat="45.735603" lon="23.851846">
        <ele>1055.976</ele>
        <time>2015-04-19T14:07:57Z</time>
      </trkpt>
      <trkpt lat="45.735730" lon="23.851881">
        <ele>1055.372</ele>
        <time>2015-04-19T14:08:17Z</time>
      </trkpt>
      <trkpt lat="45.735813" lon="23.851856">
        <ele>1054.645</ele>
        <time>2015-04-19T14:08:22Z</time>
      </trkpt>
      <trkpt lat="45.735900" lon="23.851861">
        <ele>1052.814</ele>
        <time>2015-04-19T14:08:46Z</time>
      </trkpt>
      <trkpt lat="45.735973" lon="23.851924">
        <ele>1052.142</ele>
        <time>2015-04-19T14:09:01Z</time>
      </trkpt>
      <trkpt lat="45.736055" lon="23.852086">
        <ele>1051.457</ele>
        <time>2015-04-19T14:09:21Z</time>
      </trkpt>
      <trkpt lat="45.736161" lon="23.852145">
        <ele>1050.681</ele>
        <time>2015-04-19T14:09:33Z</time>
      </trkpt>
      <trkpt lat="45.736223" lon="23.852233">
        <ele>1049.966</ele>
        <time>2015-04-19T14:09:47Z</time>
      </trkpt>
      <trkpt lat="45.736306" lon="23.852163">
        <ele>1049.211</ele>
        <time>2015-04-19T14:09:55Z</time>
      </trkpt>
      <trkpt lat="45.736358" lon="23.852041">
        <ele>1048.521</ele>
        <time>2015-04-19T14:10:04Z</time>
      </trkpt>
      <trkpt lat="45.736441" lon="23.852003">
        <ele>1047.703</ele>
        <time>2015-04-19T14:10:13Z</time>
      </trkpt>
      <trkpt lat="45.736548" lon="23.851941">
        <ele>1046.008</ele>
        <time>2015-04-19T14:10:25Z</time>
      </trkpt>
      <trkpt lat="45.736640" lon="23.851968">
        <ele>1044.372</ele>
        <time>2015-04-19T14:10:37Z</time>
      </trkpt>
      <trkpt lat="45.736731" lon="23.851901">
        <ele>1042.558</ele>
        <time>2015-04-19T14:10:57Z</time>
      </trkpt>
      <trkpt lat="45.736816" lon="23.851993">
        <ele>1042.031</ele>
        <time>2015-04-19T14:11:11Z</time>
      </trkpt>
      <trkpt lat="45.736898" lon="23.851926">
        <ele>1041.290</ele>
        <time>2015-04-19T14:11:22Z</time>
      </trkpt>
      <trkpt lat="45.736986" lon="23.851954">
        <ele>1040.488</ele>
        <time>2015-04-19T14:11:33Z</time>
      </trkpt>
      <trkpt lat="45.737053" lon="23.851823">
        <ele>1040.583</ele>
        <time>2015-04-19T14:11:37Z</time>
      </trkpt>
      <trkpt lat="45.736983" lon="23.851909">
        <ele>1040.597</ele>
        <time>2015-04-19T14:11:58Z</time>
      </trkpt>
      <trkpt lat="45.737051" lon="23.851996">
        <ele>1040.632</ele>
        <time>2015-04-19T14:12:10Z</time>
      </trkpt>
      <trkpt lat="45.737165" lon="23.852050">
        <ele>1040.768</ele>
        <time>2015-04-19T14:12:22Z</time>
      </trkpt>
      <trkpt lat="45.737286" lon="23.851990">
        <ele>1040.842</ele>
        <time>2015-04-19T14:13:30Z</time>
      </trkpt>
      <trkpt lat="45.737318" lon="23.852101">
        <ele>1040.926</ele>
        <time>2015-04-19T14:13:42Z</time>
      </trkpt>
      <trkpt lat="45.737338" lon="23.852221">
        <ele>1041.008</ele>
        <time>2015-04-19T14:13:49Z</time>
      </trkpt>
      <trkpt lat="45.737420" lon="23.852243">
        <ele>1041.157</ele>
        <time>2015-04-19T14:13:56Z</time>
      </trkpt>
      <trkpt lat="45.737508" lon="23.852298">
        <ele>1039.963</ele>
        <time>2015-04-19T14:14:27Z</time>
      </trkpt>
      <trkpt lat="45.737594" lon="23.852260">
        <ele>1039.536</ele>
        <time>2015-04-19T14:14:39Z</time>
      </trkpt>
      <trkpt lat="45.737690" lon="23.852258">
        <ele>1039.245</ele>
        <time>2015-04-19T14:14:50Z</time>
      </trkpt>
      <trkpt lat="45.737778" lon="23.852293">
        <ele>1037.923</ele>
        <time>2015-04-19T14:15:06Z</time>
      </trkpt>
      <trkpt lat="45.737905" lon="23.852245">
        <ele>1036.628</ele>
        <time>2015-04-19T14:15:15Z</time>
      </trkpt>
      <trkpt lat="45.737990" lon="23.852215">
        <ele>1035.472</ele>
        <time>2015-04-19T14:15:32Z</time>
      </trkpt>
      <trkpt lat="45.738116" lon="23.852368">
        <ele>1034.147</ele>
        <time>2015-04-19T14:15:54Z</time>
      </trkpt>
      <trkpt lat="45.738200" lon="23.852435">
        <ele>1032.863</ele>
        <time>2015-04-19T14:16:02Z</time>
      </trkpt>
      <trkpt lat="45.738261" lon="23.852519">
        <ele>1031.544</ele>
        <time>2015-04-19T14:16:11Z</time>
      </trkpt>
      <trkpt lat="45.738351" lon="23.852534">
        <ele>1030.318</ele>
        <time>2015-04-19T14:16:24Z</time>
      </trkpt>
      <trkpt lat="45.738434" lon="23.852526">
        <ele>1027.508</ele>
        <time>2015-04-19T14:16:34Z</time>
      </trkpt>
      <trkpt lat="45.738520" lon="23.852553">
        <ele>1025.917</ele>
        <time>2015-04-19T14:16:41Z</time>
      </trkpt>
      <trkpt lat="45.738600" lon="23.852623">
        <ele>1024.473</ele>
        <time>2015-04-19T14:16:50Z</time>
      </trkpt>
      <trkpt lat="45.738688" lon="23.852629">
        <ele>1022.846</ele>
        <time>2015-04-19T14:16:54Z</time>
      </trkpt>
      <trkpt lat="45.738771" lon="23.852656">
        <ele>1021.385</ele>
        <time>2015-04-19T14:17:02Z</time>
      </trkpt>
      <trkpt lat="45.738856" lon="23.852683">
        <ele>1019.793</ele>
        <time>2015-04-19T14:17:12Z</time>
      </trkpt>
      <trkpt lat="45.738943" lon="23.852626">
        <ele>1018.298</ele>
        <time>2015-04-19T14:17:21Z</time>
      </trkpt>
      <trkpt lat="45.739015" lon="23.852571">
        <ele>1016.652</ele>
        <time>2015-04-19T14:17:26Z</time>
      </trkpt>
      <trkpt lat="45.739090" lon="23.852465">
        <ele>1015.127</ele>
        <time>2015-04-19T14:17:34Z</time>
      </trkpt>
      <trkpt lat="45.739140" lon="23.852346">
        <ele>1013.521</ele>
        <time>2015-04-19T14:17:38Z</time>
      </trkpt>
      <trkpt lat="45.739181" lon="23.852240">
        <ele>1012.041</ele>
        <time>2015-04-19T14:17:43Z</time>
      </trkpt>
      <trkpt lat="45.739198" lon="23.852125">
        <ele>1011.705</ele>
        <time>2015-04-19T14:17:55Z</time>
      </trkpt>
      <trkpt lat="45.739288" lon="23.852098">
        <ele>1011.508</ele>
        <time>2015-04-19T14:18:10Z</time>
      </trkpt>
      <trkpt lat="45.739366" lon="23.852158">
        <ele>1011.263</ele>
        <time>2015-04-19T14:18:17Z</time>
      </trkpt>
      <trkpt lat="45.739473" lon="23.852146">
        <ele>1010.089</ele>
        <time>2015-04-19T14:18:27Z</time>
      </trkpt>
      <trkpt lat="45.739566" lon="23.852161">
        <ele>1008.882</ele>
        <time>2015-04-19T14:18:34Z</time>
      </trkpt>
      <trkpt lat="45.739671" lon="23.852104">
        <ele>1007.661</ele>
        <time>2015-04-19T14:18:46Z</time>
      </trkpt>
      <trkpt lat="45.739758" lon="23.852156">
        <ele>1006.589</ele>
        <time>2015-04-19T14:19:02Z</time>
      </trkpt>
      <trkpt lat="45.739831" lon="23.852095">
        <ele>1005.324</ele>
        <time>2015-04-19T14:19:10Z</time>
      </trkpt>
      <trkpt lat="45.739908" lon="23.852051">
        <ele>1004.148</ele>
        <time>2015-04-19T14:19:17Z</time>
      </trkpt>
      <trkpt lat="45.740016" lon="23.851978">
        <ele>1002.913</ele>
        <time>2015-04-19T14:20:01Z</time>
      </trkpt>
      <trkpt lat="45.740113" lon="23.851888">
        <ele>1001.721</ele>
        <time>2015-04-19T14:20:18Z</time>
      </trkpt>
      <trkpt lat="45.740204" lon="23.851801">
        <ele>1000.841</ele>
        <time>2015-04-19T14:20:22Z</time>
      </trkpt>
      <trkpt lat="45.740281" lon="23.851705">
        <ele>1000.205</ele>
        <time>2015-04-19T14:20:25Z</time>
      </trkpt>
      <trkpt lat="45.740359" lon="23.851650">
        <ele>999.508</ele>
        <time>2015-04-19T14:21:08Z</time>
      </trkpt>
      <trkpt lat="45.740411" lon="23.851546">
        <ele>999.843</ele>
        <time>2015-04-19T14:21:14Z</time>
      </trkpt>
      <trkpt lat="45.740410" lon="23.851423">
        <ele>1000.199</ele>
        <time>2015-04-19T14:21:23Z</time>
      </trkpt>
      <trkpt lat="45.740338" lon="23.851360">
        <ele>1000.032</ele>
        <time>2015-04-19T14:21:50Z</time>
      </trkpt>
      <trkpt lat="45.740480" lon="23.851418">
        <ele>999.911</ele>
        <time>2015-04-19T14:22:29Z</time>
      </trkpt>
      <trkpt lat="45.740599" lon="23.851450">
        <ele>999.879</ele>
        <time>2015-04-19T14:22:45Z</time>
      </trkpt>
      <trkpt lat="45.740676" lon="23.851411">
        <ele>999.794</ele>
        <time>2015-04-19T14:22:50Z</time>
      </trkpt>
      <trkpt lat="45.740745" lon="23.851339">
        <ele>999.638</ele>
        <time>2015-04-19T14:22:56Z</time>
      </trkpt>
      <trkpt lat="45.740805" lon="23.851255">
        <ele>999.513</ele>
        <time>2015-04-19T14:23:00Z</time>
      </trkpt>
      <trkpt lat="45.740875" lon="23.851195">
        <ele>999.553</ele>
        <time>2015-04-19T14:23:09Z</time>
      </trkpt>
      <trkpt lat="45.740983" lon="23.851221">
        <ele>999.204</ele>
        <time>2015-04-19T14:23:23Z</time>
      </trkpt>
      <trkpt lat="45.741075" lon="23.851213">
        <ele>998.914</ele>
        <time>2015-04-19T14:23:28Z</time>
      </trkpt>
      <trkpt lat="45.741148" lon="23.851161">
        <ele>998.608</ele>
        <time>2015-04-19T14:23:39Z</time>
      </trkpt>
      <trkpt lat="45.741180" lon="23.851035">
        <ele>998.426</ele>
        <time>2015-04-19T14:24:04Z</time>
      </trkpt>
      <trkpt lat="45.741226" lon="23.850928">
        <ele>998.572</ele>
        <time>2015-04-19T14:24:11Z</time>
      </trkpt>
      <trkpt lat="45.741283" lon="23.850840">
        <ele>998.515</ele>
        <time>2015-04-19T14:24:23Z</time>
      </trkpt>
      <trkpt lat="45.741288" lon="23.850720">
        <ele>998.644</ele>
        <time>2015-04-19T14:24:38Z</time>
      </trkpt>
      <trkpt lat="45.741341" lon="23.850621">
        <ele>997.912</ele>
        <time>2015-04-19T14:24:48Z</time>
      </trkpt>
      <trkpt lat="45.741425" lon="23.850598">
        <ele>997.237</ele>
        <time>2015-04-19T14:24:52Z</time>
      </trkpt>
      <trkpt lat="45.741505" lon="23.850565">
        <ele>996.541</ele>
        <time>2015-04-19T14:24:56Z</time>
      </trkpt>
      <trkpt lat="45.741586" lon="23.850531">
        <ele>995.786</ele>
        <time>2015-04-19T14:24:59Z</time>
      </trkpt>
      <trkpt lat="45.741656" lon="23.850470">
        <ele>994.954</ele>
        <time>2015-04-19T14:25:02Z</time>
      </trkpt>
      <trkpt lat="45.741716" lon="23.850371">
        <ele>994.156</ele>
        <time>2015-04-19T14:25:07Z</time>
      </trkpt>
      <trkpt lat="45.741785" lon="23.850296">
        <ele>993.311</ele>
        <time>2015-04-19T14:25:14Z</time>
      </trkpt>
      <trkpt lat="45.741813" lon="23.850180">
        <ele>994.208</ele>
        <time>2015-04-19T14:25:24Z</time>
      </trkpt>
      <trkpt lat="45.741866" lon="23.850076">
        <ele>993.456</ele>
        <time>2015-04-19T14:25:31Z</time>
      </trkpt>
      <trkpt lat="45.741904" lon="23.849961">
        <ele>991.912</ele>
        <time>2015-04-19T14:25:37Z</time>
      </trkpt>
      <trkpt lat="45.741936" lon="23.849838">
        <ele>990.565</ele>
        <time>2015-04-19T14:25:42Z</time>
      </trkpt>
      <trkpt lat="45.741953" lon="23.849708">
        <ele>989.864</ele>
        <time>2015-04-19T14:25:48Z</time>
      </trkpt>
      <trkpt lat="45.741971" lon="23.849593">
        <ele>989.242</ele>
        <time>2015-04-19T14:25:58Z</time>
      </trkpt>
      <trkpt lat="45.742093" lon="23.849638">
        <ele>988.527</ele>
        <time>2015-04-19T14:26:16Z</time>
      </trkpt>
      <trkpt lat="45.742185" lon="23.849664">
        <ele>987.911</ele>
        <time>2015-04-19T14:26:24Z</time>
      </trkpt>
      <trkpt lat="45.742266" lon="23.849711">
        <ele>987.356</ele>
        <time>2015-04-19T14:26:31Z</time>
      </trkpt>
      <trkpt lat="45.742316" lon="23.849805">
        <ele>986.694</ele>
        <time>2015-04-19T14:26:38Z</time>
      </trkpt>
      <trkpt lat="45.742376" lon="23.849883">
        <ele>986.057</ele>
        <time>2015-04-19T14:26:46Z</time>
      </trkpt>
      <trkpt lat="45.742428" lon="23.849986">
        <ele>983.622</ele>
        <time>2015-04-19T14:26:54Z</time>
      </trkpt>
      <trkpt lat="45.742520" lon="23.849998">
        <ele>983.008</ele>
        <time>2015-04-19T14:27:01Z</time>
      </trkpt>
      <trkpt lat="45.742608" lon="23.849986">
        <ele>981.310</ele>
        <time>2015-04-19T14:27:09Z</time>
      </trkpt>
      <trkpt lat="45.742655" lon="23.850096">
        <ele>979.546</ele>
        <time>2015-04-19T14:27:15Z</time>
      </trkpt>
      <trkpt lat="45.742741" lon="23.850126">
        <ele>977.819</ele>
        <time>2015-04-19T14:27:21Z</time>
      </trkpt>
      <trkpt lat="45.742818" lon="23.850173">
        <ele>976.188</ele>
        <time>2015-04-19T14:27:27Z</time>
      </trkpt>
      <trkpt lat="45.742908" lon="23.850163">
        <ele>974.486</ele>
        <time>2015-04-19T14:27:33Z</time>
      </trkpt>
      <trkpt lat="45.742995" lon="23.850166">
        <ele>973.551</ele>
        <time>2015-04-19T14:27:39Z</time>
      </trkpt>
      <trkpt lat="45.743071" lon="23.850236">
        <ele>972.765</ele>
        <time>2015-04-19T14:27:47Z</time>
      </trkpt>
      <trkpt lat="45.743154" lon="23.850278">
        <ele>971.930</ele>
        <time>2015-04-19T14:27:53Z</time>
      </trkpt>
      <trkpt lat="45.743231" lon="23.850328">
        <ele>971.197</ele>
        <time>2015-04-19T14:28:00Z</time>
      </trkpt>
      <trkpt lat="45.743311" lon="23.850406">
        <ele>970.323</ele>
        <time>2015-04-19T14:28:12Z</time>
      </trkpt>
      <trkpt lat="45.743356" lon="23.850516">
        <ele>969.525</ele>
        <time>2015-04-19T14:28:19Z</time>
      </trkpt>
      <trkpt lat="45.743376" lon="23.850650">
        <ele>970.408</ele>
        <time>2015-04-19T14:28:27Z</time>
      </trkpt>
      <trkpt lat="45.743456" lon="23.850720">
        <ele>968.870</ele>
        <time>2015-04-19T14:28:38Z</time>
      </trkpt>
      <trkpt lat="45.743543" lon="23.850753">
        <ele>967.386</ele>
        <time>2015-04-19T14:28:43Z</time>
      </trkpt>
      <trkpt lat="45.743623" lon="23.850783">
        <ele>965.729</ele>
        <time>2015-04-19T14:28:51Z</time>
      </trkpt>
      <trkpt lat="45.743720" lon="23.850753">
        <ele>964.218</ele>
        <time>2015-04-19T14:28:55Z</time>
      </trkpt>
      <trkpt lat="45.743806" lon="23.850773">
        <ele>961.796</ele>
        <time>2015-04-19T14:29:02Z</time>
      </trkpt>
      <trkpt lat="45.743900" lon="23.850770">
        <ele>959.371</ele>
        <time>2015-04-19T14:29:08Z</time>
      </trkpt>
      <trkpt lat="45.743964" lon="23.850851">
        <ele>956.815</ele>
        <time>2015-04-19T14:29:17Z</time>
      </trkpt>
      <trkpt lat="45.744001" lon="23.850968">
        <ele>954.480</ele>
        <time>2015-04-19T14:29:23Z</time>
      </trkpt>
      <trkpt lat="45.744080" lon="23.851038">
        <ele>953.569</ele>
        <time>2015-04-19T14:29:30Z</time>
      </trkpt>
      <trkpt lat="45.744146" lon="23.851118">
        <ele>952.704</ele>
        <time>2015-04-19T14:29:38Z</time>
      </trkpt>
      <trkpt lat="45.744178" lon="23.851236">
        <ele>951.924</ele>
        <time>2015-04-19T14:29:46Z</time>
      </trkpt>
      <trkpt lat="45.744263" lon="23.851234">
        <ele>950.608</ele>
        <time>2015-04-19T14:29:50Z</time>
      </trkpt>
      <trkpt lat="45.744343" lon="23.851255">
        <ele>949.457</ele>
        <time>2015-04-19T14:29:55Z</time>
      </trkpt>
      <trkpt lat="45.744423" lon="23.851275">
        <ele>948.163</ele>
        <time>2015-04-19T14:30:01Z</time>
      </trkpt>
      <trkpt lat="45.744481" lon="23.851371">
        <ele>946.816</ele>
        <time>2015-04-19T14:30:07Z</time>
      </trkpt>
      <trkpt lat="45.744560" lon="23.851423">
        <ele>945.595</ele>
        <time>2015-04-19T14:30:16Z</time>
      </trkpt>
      <trkpt lat="45.744656" lon="23.851401">
        <ele>944.343</ele>
        <time>2015-04-19T14:30:21Z</time>
      </trkpt>
      <trkpt lat="45.744761" lon="23.851411">
        <ele>943.088</ele>
        <time>2015-04-19T14:30:26Z</time>
      </trkpt>
      <trkpt lat="45.744845" lon="23.851398">
        <ele>941.722</ele>
        <time>2015-04-19T14:30:30Z</time>
      </trkpt>
      <trkpt lat="45.744898" lon="23.851495">
        <ele>938.847</ele>
        <time>2015-04-19T14:30:40Z</time>
      </trkpt>
      <trkpt lat="45.744928" lon="23.851603">
        <ele>935.987</ele>
        <time>2015-04-19T14:30:47Z</time>
      </trkpt>
      <trkpt lat="45.744991" lon="23.851690">
        <ele>933.042</ele>
        <time>2015-04-19T14:30:55Z</time>
      </trkpt>
      <trkpt lat="45.744993" lon="23.851816">
        <ele>933.026</ele>
        <time>2015-04-19T14:31:02Z</time>
      </trkpt>
      <trkpt lat="45.745053" lon="23.851915">
        <ele>931.108</ele>
        <time>2015-04-19T14:31:10Z</time>
      </trkpt>
      <trkpt lat="45.745151" lon="23.851946">
        <ele>931.589</ele>
        <time>2015-04-19T14:31:16Z</time>
      </trkpt>
      <trkpt lat="45.745239" lon="23.851941">
        <ele>931.895</ele>
        <time>2015-04-19T14:31:20Z</time>
      </trkpt>
      <trkpt lat="45.745323" lon="23.851936">
        <ele>932.238</ele>
        <time>2015-04-19T14:31:24Z</time>
      </trkpt>
      <trkpt lat="45.745396" lon="23.852005">
        <ele>932.557</ele>
        <time>2015-04-19T14:31:32Z</time>
      </trkpt>
      <trkpt lat="45.745468" lon="23.852078">
        <ele>932.965</ele>
        <time>2015-04-19T14:31:39Z</time>
      </trkpt>
      <trkpt lat="45.745514" lon="23.852183">
        <ele>933.390</ele>
        <time>2015-04-19T14:31:50Z</time>
      </trkpt>
      <trkpt lat="45.745576" lon="23.852331">
        <ele>933.634</ele>
        <time>2015-04-19T14:32:03Z</time>
      </trkpt>
      <trkpt lat="45.745655" lon="23.852300">
        <ele>934.029</ele>
        <time>2015-04-19T14:32:04Z</time>
      </trkpt>
      <trkpt lat="45.745745" lon="23.852276">
        <ele>934.427</ele>
        <time>2015-04-19T14:32:08Z</time>
      </trkpt>
      <trkpt lat="45.745818" lon="23.852351">
        <ele>934.768</ele>
        <time>2015-04-19T14:32:24Z</time>
      </trkpt>
      <trkpt lat="45.745898" lon="23.852421">
        <ele>933.414</ele>
        <time>2015-04-19T14:32:30Z</time>
      </trkpt>
      <trkpt lat="45.745993" lon="23.852474">
        <ele>929.708</ele>
        <time>2015-04-19T14:32:36Z</time>
      </trkpt>
      <trkpt lat="45.746069" lon="23.852523">
        <ele>926.153</ele>
        <time>2015-04-19T14:32:42Z</time>
      </trkpt>
      <trkpt lat="45.746141" lon="23.852583">
        <ele>922.539</ele>
        <time>2015-04-19T14:32:48Z</time>
      </trkpt>
      <trkpt lat="45.746196" lon="23.852680">
        <ele>918.832</ele>
        <time>2015-04-19T14:32:57Z</time>
      </trkpt>
      <trkpt lat="45.746285" lon="23.852751">
        <ele>915.261</ele>
        <time>2015-04-19T14:33:05Z</time>
      </trkpt>
      <trkpt lat="45.746366" lon="23.852774">
        <ele>914.349</ele>
        <time>2015-04-19T14:33:09Z</time>
      </trkpt>
      <trkpt lat="45.746433" lon="23.852848">
        <ele>913.444</ele>
        <time>2015-04-19T14:33:15Z</time>
      </trkpt>
      <trkpt lat="45.746516" lon="23.852870">
        <ele>912.528</ele>
        <time>2015-04-19T14:33:21Z</time>
      </trkpt>
      <trkpt lat="45.746576" lon="23.852960">
        <ele>911.553</ele>
        <time>2015-04-19T14:33:28Z</time>
      </trkpt>
      <trkpt lat="45.746658" lon="23.853016">
        <ele>910.652</ele>
        <time>2015-04-19T14:33:36Z</time>
      </trkpt>
      <trkpt lat="45.746725" lon="23.853121">
        <ele>913.453</ele>
        <time>2015-04-19T14:33:44Z</time>
      </trkpt>
      <trkpt lat="45.746710" lon="23.853236">
        <ele>916.108</ele>
        <time>2015-04-19T14:33:48Z</time>
      </trkpt>
      <trkpt lat="45.746676" lon="23.853346">
        <ele>918.808</ele>
        <time>2015-04-19T14:33:53Z</time>
      </trkpt>
      <trkpt lat="45.746653" lon="23.853476">
        <ele>924.216</ele>
        <time>2015-04-19T14:33:59Z</time>
      </trkpt>
      <trkpt lat="45.746636" lon="23.853605">
        <ele>929.572</ele>
        <time>2015-04-19T14:34:06Z</time>
      </trkpt>
      <trkpt lat="45.746636" lon="23.853738">
        <ele>934.965</ele>
        <time>2015-04-19T14:34:14Z</time>
      </trkpt>
      <trkpt lat="45.746703" lon="23.853841">
        <ele>933.064</ele>
        <time>2015-04-19T14:34:22Z</time>
      </trkpt>
      <trkpt lat="45.746800" lon="23.853863">
        <ele>931.112</ele>
        <time>2015-04-19T14:34:27Z</time>
      </trkpt>
      <trkpt lat="45.746885" lon="23.853888">
        <ele>929.277</ele>
        <time>2015-04-19T14:34:33Z</time>
      </trkpt>
      <trkpt lat="45.746970" lon="23.853948">
        <ele>927.321</ele>
        <time>2015-04-19T14:34:39Z</time>
      </trkpt>
      <trkpt lat="45.747040" lon="23.854025">
        <ele>925.436</ele>
        <time>2015-04-19T14:34:46Z</time>
      </trkpt>
      <trkpt lat="45.747123" lon="23.854085">
        <ele>923.593</ele>
        <time>2015-04-19T14:34:53Z</time>
      </trkpt>
      <trkpt lat="45.747170" lon="23.854183">
        <ele>921.565</ele>
        <time>2015-04-19T14:35:02Z</time>
      </trkpt>
      <trkpt lat="45.747246" lon="23.854248">
        <ele>919.621</ele>
        <time>2015-04-19T14:35:12Z</time>
      </trkpt>
      <trkpt lat="45.747404" lon="23.854235">
        <ele>915.108</ele>
        <time>2015-04-19T14:36:37Z</time>
      </trkpt>
      <trkpt lat="45.747453" lon="23.854328">
        <ele>912.530</ele>
        <time>2015-04-19T14:37:12Z</time>
      </trkpt>
      <trkpt lat="45.747516" lon="23.854421">
        <ele>909.826</ele>
        <time>2015-04-19T14:37:23Z</time>
      </trkpt>
      <trkpt lat="45.747596" lon="23.854475">
        <ele>908.489</ele>
        <time>2015-04-19T14:37:28Z</time>
      </trkpt>
      <trkpt lat="45.747674" lon="23.854531">
        <ele>906.958</ele>
        <time>2015-04-19T14:37:35Z</time>
      </trkpt>
      <trkpt lat="45.747746" lon="23.854608">
        <ele>905.566</ele>
        <time>2015-04-19T14:37:43Z</time>
      </trkpt>
      <trkpt lat="45.747806" lon="23.854700">
        <ele>904.051</ele>
        <time>2015-04-19T14:37:52Z</time>
      </trkpt>
      <trkpt lat="45.747885" lon="23.854761">
        <ele>902.515</ele>
        <time>2015-04-19T14:38:02Z</time>
      </trkpt>
      <trkpt lat="45.747968" lon="23.854803">
        <ele>901.130</ele>
        <time>2015-04-19T14:38:08Z</time>
      </trkpt>
      <trkpt lat="45.748048" lon="23.854860">
        <ele>899.664</ele>
        <time>2015-04-19T14:38:14Z</time>
      </trkpt>
      <trkpt lat="45.748123" lon="23.854918">
        <ele>898.206</ele>
        <time>2015-04-19T14:38:19Z</time>
      </trkpt>
      <trkpt lat="45.748195" lon="23.855001">
        <ele>896.716</ele>
        <time>2015-04-19T14:38:26Z</time>
      </trkpt>
      <trkpt lat="45.748258" lon="23.855090">
        <ele>893.408</ele>
        <time>2015-04-19T14:38:33Z</time>
      </trkpt>
      <trkpt lat="45.748320" lon="23.855176">
        <ele>892.197</ele>
        <time>2015-04-19T14:38:40Z</time>
      </trkpt>
      <trkpt lat="45.748358" lon="23.855281">
        <ele>894.283</ele>
        <time>2015-04-19T14:38:48Z</time>
      </trkpt>
      <trkpt lat="45.748430" lon="23.855351">
        <ele>893.056</ele>
        <time>2015-04-19T14:38:55Z</time>
      </trkpt>
      <trkpt lat="45.748498" lon="23.855435">
        <ele>891.885</ele>
        <time>2015-04-19T14:39:02Z</time>
      </trkpt>
      <trkpt lat="45.748581" lon="23.855493">
        <ele>890.653</ele>
        <time>2015-04-19T14:39:07Z</time>
      </trkpt>
      <trkpt lat="45.748669" lon="23.855545">
        <ele>889.598</ele>
        <time>2015-04-19T14:39:14Z</time>
      </trkpt>
      <trkpt lat="45.748756" lon="23.855595">
        <ele>888.392</ele>
        <time>2015-04-19T14:39:21Z</time>
      </trkpt>
      <trkpt lat="45.748836" lon="23.855641">
        <ele>887.197</ele>
        <time>2015-04-19T14:39:27Z</time>
      </trkpt>
      <trkpt lat="45.748915" lon="23.855691">
        <ele>885.911</ele>
        <time>2015-04-19T14:39:34Z</time>
      </trkpt>
      <trkpt lat="45.748983" lon="23.855770">
        <ele>884.721</ele>
        <time>2015-04-19T14:39:41Z</time>
      </trkpt>
      <trkpt lat="45.749046" lon="23.855865">
        <ele>883.503</ele>
        <time>2015-04-19T14:39:49Z</time>
      </trkpt>
      <trkpt lat="45.749089" lon="23.855965">
        <ele>882.508</ele>
        <time>2015-04-19T14:39:54Z</time>
      </trkpt>
      <trkpt lat="45.749155" lon="23.856048">
        <ele>881.412</ele>
        <time>2015-04-19T14:40:00Z</time>
      </trkpt>
      <trkpt lat="45.749201" lon="23.856150">
        <ele>883.578</ele>
        <time>2015-04-19T14:40:06Z</time>
      </trkpt>
      <trkpt lat="45.749268" lon="23.856235">
        <ele>885.731</ele>
        <time>2015-04-19T14:40:13Z</time>
      </trkpt>
      <trkpt lat="45.749331" lon="23.856315">
        <ele>884.320</ele>
        <time>2015-04-19T14:40:20Z</time>
      </trkpt>
      <trkpt lat="45.749408" lon="23.856405">
        <ele>882.848</ele>
        <time>2015-04-19T14:40:27Z</time>
      </trkpt>
      <trkpt lat="45.749471" lon="23.856491">
        <ele>881.483</ele>
        <time>2015-04-19T14:40:34Z</time>
      </trkpt>
      <trkpt lat="45.749546" lon="23.856583">
        <ele>879.977</ele>
        <time>2015-04-19T14:40:41Z</time>
      </trkpt>
      <trkpt lat="45.749611" lon="23.856661">
        <ele>878.582</ele>
        <time>2015-04-19T14:40:47Z</time>
      </trkpt>
      <trkpt lat="45.749673" lon="23.856745">
        <ele>877.081</ele>
        <time>2015-04-19T14:40:52Z</time>
      </trkpt>
      <trkpt lat="45.749748" lon="23.856808">
        <ele>875.561</ele>
        <time>2015-04-19T14:40:59Z</time>
      </trkpt>
      <trkpt lat="45.749838" lon="23.856835">
        <ele>871.917</ele>
        <time>2015-04-19T14:41:20Z</time>
      </trkpt>
      <trkpt lat="45.749926" lon="23.856856">
        <ele>868.308</ele>
        <time>2015-04-19T14:41:31Z</time>
      </trkpt>
      <trkpt lat="45.750015" lon="23.856865">
        <ele>864.629</ele>
        <time>2015-04-19T14:41:38Z</time>
      </trkpt>
      <trkpt lat="45.750100" lon="23.856850">
        <ele>858.895</ele>
        <time>2015-04-19T14:41:47Z</time>
      </trkpt>
      <trkpt lat="45.750188" lon="23.856853">
        <ele>856.638</ele>
        <time>2015-04-19T14:41:56Z</time>
      </trkpt>
      <trkpt lat="45.750250" lon="23.856930">
        <ele>854.517</ele>
        <time>2015-04-19T14:42:06Z</time>
      </trkpt>
      <trkpt lat="45.750336" lon="23.856945">
        <ele>852.375</ele>
        <time>2015-04-19T14:42:15Z</time>
      </trkpt>
      <trkpt lat="45.750415" lon="23.856978">
        <ele>850.140</ele>
        <time>2015-04-19T14:42:22Z</time>
      </trkpt>
      <trkpt lat="45.750496" lon="23.856993">
        <ele>850.784</ele>
        <time>2015-04-19T14:42:30Z</time>
      </trkpt>
      <trkpt lat="45.750578" lon="23.856943">
        <ele>851.419</ele>
        <time>2015-04-19T14:42:39Z</time>
      </trkpt>
      <trkpt lat="45.750673" lon="23.856933">
        <ele>852.019</ele>
        <time>2015-04-19T14:42:47Z</time>
      </trkpt>
      <trkpt lat="45.750773" lon="23.856983">
        <ele>852.609</ele>
        <time>2015-04-19T14:42:53Z</time>
      </trkpt>
      <trkpt lat="45.750821" lon="23.857076">
        <ele>853.319</ele>
        <time>2015-04-19T14:42:59Z</time>
      </trkpt>
      <trkpt lat="45.750846" lon="23.857191">
        <ele>853.908</ele>
        <time>2015-04-19T14:43:05Z</time>
      </trkpt>
      <trkpt lat="45.750913" lon="23.857266">
        <ele>856.792</ele>
        <time>2015-04-19T14:43:12Z</time>
      </trkpt>
      <trkpt lat="45.750983" lon="23.857358">
        <ele>859.518</ele>
        <time>2015-04-19T14:43:19Z</time>
      </trkpt>
      <trkpt lat="45.751035" lon="23.857451">
        <ele>864.341</ele>
        <time>2015-04-19T14:43:26Z</time>
      </trkpt>
      <trkpt lat="45.751025" lon="23.857580">
        <ele>869.080</ele>
        <time>2015-04-19T14:43:34Z</time>
      </trkpt>
      <trkpt lat="45.751063" lon="23.857688">
        <ele>873.798</ele>
        <time>2015-04-19T14:43:41Z</time>
      </trkpt>
      <trkpt lat="45.751133" lon="23.857770">
        <ele>872.143</ele>
        <time>2015-04-19T14:43:47Z</time>
      </trkpt>
      <trkpt lat="45.751168" lon="23.857878">
        <ele>870.517</ele>
        <time>2015-04-19T14:43:55Z</time>
      </trkpt>
      <trkpt lat="45.751148" lon="23.857993">
        <ele>868.882</ele>
        <time>2015-04-19T14:44:01Z</time>
      </trkpt>
      <trkpt lat="45.751178" lon="23.858114">
        <ele>867.217</ele>
        <time>2015-04-19T14:44:08Z</time>
      </trkpt>
      <trkpt lat="45.751250" lon="23.858208">
        <ele>865.587</ele>
        <time>2015-04-19T14:44:15Z</time>
      </trkpt>
      <trkpt lat="45.751311" lon="23.858290">
        <ele>862.515</ele>
        <time>2015-04-19T14:44:23Z</time>
      </trkpt>
      <trkpt lat="45.751386" lon="23.858343">
        <ele>859.408</ele>
        <time>2015-04-19T14:44:34Z</time>
      </trkpt>
      <trkpt lat="45.751453" lon="23.858250">
        <ele>856.382</ele>
        <time>2015-04-19T14:44:40Z</time>
      </trkpt>
      <trkpt lat="45.751450" lon="23.858113">
        <ele>854.428</ele>
        <time>2015-04-19T14:44:51Z</time>
      </trkpt>
      <trkpt lat="45.751393" lon="23.858020">
        <ele>852.591</ele>
        <time>2015-04-19T14:44:57Z</time>
      </trkpt>
      <trkpt lat="45.751383" lon="23.857891">
        <ele>850.520</ele>
        <time>2015-04-19T14:45:02Z</time>
      </trkpt>
      <trkpt lat="45.751350" lon="23.857773">
        <ele>852.258</ele>
        <time>2015-04-19T14:45:08Z</time>
      </trkpt>
      <trkpt lat="45.751295" lon="23.857675">
        <ele>853.843</ele>
        <time>2015-04-19T14:45:13Z</time>
      </trkpt>
      <trkpt lat="45.751240" lon="23.857588">
        <ele>852.637</ele>
        <time>2015-04-19T14:45:20Z</time>
      </trkpt>
      <trkpt lat="45.751183" lon="23.857491">
        <ele>851.592</ele>
        <time>2015-04-19T14:45:31Z</time>
      </trkpt>
      <trkpt lat="45.751155" lon="23.857353">
        <ele>850.329</ele>
        <time>2015-04-19T14:45:40Z</time>
      </trkpt>
      <trkpt lat="45.751123" lon="23.857244">
        <ele>850.500</ele>
        <time>2015-04-19T14:45:49Z</time>
      </trkpt>
      <trkpt lat="45.751063" lon="23.857154">
        <ele>850.820</ele>
        <time>2015-04-19T14:45:55Z</time>
      </trkpt>
      <trkpt lat="45.751025" lon="23.857006">
        <ele>851.108</ele>
        <time>2015-04-19T14:46:03Z</time>
      </trkpt>
      <trkpt lat="45.750986" lon="23.856870">
        <ele>848.333</ele>
        <time>2015-04-19T14:46:09Z</time>
      </trkpt>
      <trkpt lat="45.750943" lon="23.856756">
        <ele>845.519</ele>
        <time>2015-04-19T14:46:15Z</time>
      </trkpt>
      <trkpt lat="45.750918" lon="23.856631">
        <ele>842.642</ele>
        <time>2015-04-19T14:46:25Z</time>
      </trkpt>
      <trkpt lat="45.750993" lon="23.856580">
        <ele>839.861</ele>
        <time>2015-04-19T14:46:30Z</time>
      </trkpt>
      <trkpt lat="45.751058" lon="23.856496">
        <ele>837.019</ele>
        <time>2015-04-19T14:46:35Z</time>
      </trkpt>
      <trkpt lat="45.750993" lon="23.856416">
        <ele>837.054</ele>
        <time>2015-04-19T14:46:44Z</time>
      </trkpt>
      <trkpt lat="45.750906" lon="23.856385">
        <ele>837.038</ele>
        <time>2015-04-19T14:46:53Z</time>
      </trkpt>
      <trkpt lat="45.750825" lon="23.856400">
        <ele>836.393</ele>
        <time>2015-04-19T14:47:02Z</time>
      </trkpt>
      <trkpt lat="45.750724" lon="23.856435">
        <ele>835.517</ele>
        <time>2015-04-19T14:47:13Z</time>
      </trkpt>
      <trkpt lat="45.750653" lon="23.856493">
        <ele>834.887</ele>
        <time>2015-04-19T14:47:33Z</time>
      </trkpt>
      <trkpt lat="45.750544" lon="23.856491">
        <ele>834.115</ele>
        <time>2015-04-19T14:47:49Z</time>
      </trkpt>
      <trkpt lat="45.750475" lon="23.856415">
        <ele>833.408</ele>
        <time>2015-04-19T14:47:52Z</time>
      </trkpt>
      <trkpt lat="45.750361" lon="23.856319">
        <ele>832.622</ele>
        <time>2015-04-19T14:48:05Z</time>
      </trkpt>
      <trkpt lat="45.750261" lon="23.856276">
        <ele>831.988</ele>
        <time>2015-04-19T14:48:11Z</time>
      </trkpt>
      <trkpt lat="45.750171" lon="23.856216">
        <ele>831.251</ele>
        <time>2015-04-19T14:48:15Z</time>
      </trkpt>
      <trkpt lat="45.750090" lon="23.856163">
        <ele>830.580</ele>
        <time>2015-04-19T14:48:17Z</time>
      </trkpt>
      <trkpt lat="45.750038" lon="23.856073">
        <ele>829.278</ele>
        <time>2015-04-19T14:48:24Z</time>
      </trkpt>
      <trkpt lat="45.750016" lon="23.855938">
        <ele>827.923</ele>
        <time>2015-04-19T14:48:30Z</time>
      </trkpt>
      <trkpt lat="45.750010" lon="23.855815">
        <ele>827.447</ele>
        <time>2015-04-19T14:48:37Z</time>
      </trkpt>
      <trkpt lat="45.749985" lon="23.855701">
        <ele>826.882</ele>
        <time>2015-04-19T14:48:40Z</time>
      </trkpt>
      <trkpt lat="45.749951" lon="23.855590">
        <ele>826.318</ele>
        <time>2015-04-19T14:48:44Z</time>
      </trkpt>
      <trkpt lat="45.749891" lon="23.855491">
        <ele>825.798</ele>
        <time>2015-04-19T14:48:46Z</time>
      </trkpt>
      <trkpt lat="45.749850" lon="23.855366">
        <ele>825.217</ele>
        <time>2015-04-19T14:48:49Z</time>
      </trkpt>
      <trkpt lat="45.749850" lon="23.855240">
        <ele>824.608</ele>
        <time>2015-04-19T14:48:59Z</time>
      </trkpt>
      <trkpt lat="45.749828" lon="23.855121">
        <ele>826.512</ele>
        <time>2015-04-19T14:49:06Z</time>
      </trkpt>
      <trkpt lat="45.749776" lon="23.855031">
        <ele>828.348</ele>
        <time>2015-04-19T14:49:10Z</time>
      </trkpt>
      <trkpt lat="45.749738" lon="23.854918">
        <ele>830.121</ele>
        <time>2015-04-19T14:49:15Z</time>
      </trkpt>
      <trkpt lat="45.749785" lon="23.854809">
        <ele>832.550</ele>
        <time>2015-04-19T14:49:25Z</time>
      </trkpt>
      <trkpt lat="45.749756" lon="23.854693">
        <ele>834.818</ele>
        <time>2015-04-19T14:49:33Z</time>
      </trkpt>
      <trkpt lat="45.749720" lon="23.854584">
        <ele>837.253</ele>
        <time>2015-04-19T14:49:39Z</time>
      </trkpt>
      <trkpt lat="45.749749" lon="23.854475">
        <ele>839.587</ele>
        <time>2015-04-19T14:49:46Z</time>
      </trkpt>
      <trkpt lat="45.749785" lon="23.854350">
        <ele>841.922</ele>
        <time>2015-04-19T14:49:52Z</time>
      </trkpt>
      <trkpt lat="45.749810" lon="23.854229">
        <ele>841.918</ele>
        <time>2015-04-19T14:49:59Z</time>
      </trkpt>
      <trkpt lat="45.749896" lon="23.854268">
        <ele>841.998</ele>
        <time>2015-04-19T14:50:14Z</time>
      </trkpt>
      <trkpt lat="45.749926" lon="23.854401">
        <ele>841.917</ele>
        <time>2015-04-19T14:50:28Z</time>
      </trkpt>
      <trkpt lat="45.749911" lon="23.854520">
        <ele>839.508</ele>
        <time>2015-04-19T14:50:38Z</time>
      </trkpt>
      <trkpt lat="45.749888" lon="23.854644">
        <ele>837.242</ele>
        <time>2015-04-19T14:50:44Z</time>
      </trkpt>
      <trkpt lat="45.749878" lon="23.854779">
        <ele>834.868</ele>
        <time>2015-04-19T14:50:49Z</time>
      </trkpt>
      <trkpt lat="45.749911" lon="23.854901">
        <ele>832.541</ele>
        <time>2015-04-19T14:50:55Z</time>
      </trkpt>
      <trkpt lat="45.749946" lon="23.855016">
        <ele>830.120</ele>
        <time>2015-04-19T14:51:00Z</time>
      </trkpt>
      <trkpt lat="45.749980" lon="23.855123">
        <ele>827.738</ele>
        <time>2015-04-19T14:51:04Z</time>
      </trkpt>
      <trkpt lat="45.749976" lon="23.855370">
        <ele>825.413</ele>
        <time>2015-04-19T14:51:24Z</time>
      </trkpt>
      <trkpt lat="45.749921" lon="23.855456">
        <ele>823.067</ele>
        <time>2015-04-19T14:51:35Z</time>
      </trkpt>
      <trkpt lat="45.749998" lon="23.855353">
        <ele>823.062</ele>
        <time>2015-04-19T14:52:11Z</time>
      </trkpt>
      <trkpt lat="45.750086" lon="23.855236">
        <ele>823.082</ele>
        <time>2015-04-19T14:52:14Z</time>
      </trkpt>
      <trkpt lat="45.749980" lon="23.855278">
        <ele>823.043</ele>
        <time>2015-04-19T14:52:59Z</time>
      </trkpt>
      <trkpt lat="45.749913" lon="23.855361">
        <ele>823.017</ele>
        <time>2015-04-19T14:53:09Z</time>
      </trkpt>
      <trkpt lat="45.750026" lon="23.855246">
        <ele>823.008</ele>
        <time>2015-04-19T14:53:17Z</time>
      </trkpt>
      <trkpt lat="45.750100" lon="23.855196">
        <ele>823.539</ele>
        <time>2015-04-19T14:53:25Z</time>
      </trkpt>
      <trkpt lat="45.750186" lon="23.855200">
        <ele>822.715</ele>
        <time>2015-04-19T14:53:33Z</time>
      </trkpt>
      <trkpt lat="45.750228" lon="23.855308">
        <ele>821.958</ele>
        <time>2015-04-19T14:53:44Z</time>
      </trkpt>
      <trkpt lat="45.750265" lon="23.855420">
        <ele>823.017</ele>
        <time>2015-04-19T14:53:51Z</time>
      </trkpt>
      <trkpt lat="45.750355" lon="23.855463">
        <ele>824.115</ele>
        <time>2015-04-19T14:53:58Z</time>
      </trkpt>
      <trkpt lat="45.750401" lon="23.855565">
        <ele>825.290</ele>
        <time>2015-04-19T14:54:06Z</time>
      </trkpt>
      <trkpt lat="45.750488" lon="23.855541">
        <ele>826.374</ele>
        <time>2015-04-19T14:54:15Z</time>
      </trkpt>
      <trkpt lat="45.750566" lon="23.855511">
        <ele>827.499</ele>
        <time>2015-04-19T14:54:22Z</time>
      </trkpt>
      <trkpt lat="45.750660" lon="23.855479">
        <ele>826.572</ele>
        <time>2015-04-19T14:54:32Z</time>
      </trkpt>
      <trkpt lat="45.750743" lon="23.855483">
        <ele>825.713</ele>
        <time>2015-04-19T14:54:41Z</time>
      </trkpt>
      <trkpt lat="45.750828" lon="23.855468">
        <ele>824.914</ele>
        <time>2015-04-19T14:54:51Z</time>
      </trkpt>
      <trkpt lat="45.750938" lon="23.855451">
        <ele>822.508</ele>
        <time>2015-04-19T14:54:59Z</time>
      </trkpt>
      <trkpt lat="45.751021" lon="23.855456">
        <ele>821.438</ele>
        <time>2015-04-19T14:55:07Z</time>
      </trkpt>
      <trkpt lat="45.751033" lon="23.855588">
        <ele>820.334</ele>
        <time>2015-04-19T14:55:14Z</time>
      </trkpt>
      <trkpt lat="45.751121" lon="23.855666">
        <ele>817.327</ele>
        <time>2015-04-19T14:55:23Z</time>
      </trkpt>
      <trkpt lat="45.751200" lon="23.855706">
        <ele>814.316</ele>
        <time>2015-04-19T14:55:31Z</time>
      </trkpt>
      <trkpt lat="45.751288" lon="23.855713">
        <ele>811.344</ele>
        <time>2015-04-19T14:55:35Z</time>
      </trkpt>
      <trkpt lat="45.751376" lon="23.855711">
        <ele>808.399</ele>
        <time>2015-04-19T14:55:40Z</time>
      </trkpt>
      <trkpt lat="45.751463" lon="23.855726">
        <ele>805.353</ele>
        <time>2015-04-19T14:55:46Z</time>
      </trkpt>
      <trkpt lat="45.751551" lon="23.855706">
        <ele>804.238</ele>
        <time>2015-04-19T14:55:52Z</time>
      </trkpt>
      <trkpt lat="45.751646" lon="23.855711">
        <ele>803.155</ele>
        <time>2015-04-19T14:55:57Z</time>
      </trkpt>
      <trkpt lat="45.751743" lon="23.855723">
        <ele>802.007</ele>
        <time>2015-04-19T14:56:02Z</time>
      </trkpt>
      <trkpt lat="45.751819" lon="23.855768">
        <ele>802.517</ele>
        <time>2015-04-19T14:56:09Z</time>
      </trkpt>
      <trkpt lat="45.751909" lon="23.855801">
        <ele>803.108</ele>
        <time>2015-04-19T14:56:14Z</time>
      </trkpt>
      <trkpt lat="45.751976" lon="23.855888">
        <ele>803.646</ele>
        <time>2015-04-19T14:56:20Z</time>
      </trkpt>
      <trkpt lat="45.751995" lon="23.856019">
        <ele>802.342</ele>
        <time>2015-04-19T14:56:26Z</time>
      </trkpt>
      <trkpt lat="45.752070" lon="23.856093">
        <ele>800.985</ele>
        <time>2015-04-19T14:56:32Z</time>
      </trkpt>
      <trkpt lat="45.752131" lon="23.856173">
        <ele>799.514</ele>
        <time>2015-04-19T14:56:38Z</time>
      </trkpt>
      <trkpt lat="45.752208" lon="23.856244">
        <ele>798.232</ele>
        <time>2015-04-19T14:56:45Z</time>
      </trkpt>
      <trkpt lat="45.752291" lon="23.856293">
        <ele>796.847</ele>
        <time>2015-04-19T14:56:50Z</time>
      </trkpt>
      <trkpt lat="45.752363" lon="23.856356">
        <ele>795.561</ele>
        <time>2015-04-19T14:56:57Z</time>
      </trkpt>
      <trkpt lat="45.752428" lon="23.856435">
        <ele>794.156</ele>
        <time>2015-04-19T14:57:06Z</time>
      </trkpt>
      <trkpt lat="45.752518" lon="23.856473">
        <ele>792.711</ele>
        <time>2015-04-19T14:57:12Z</time>
      </trkpt>
      <trkpt lat="45.752595" lon="23.856535">
        <ele>790.821</ele>
        <time>2015-04-19T14:57:18Z</time>
      </trkpt>
      <trkpt lat="45.752668" lon="23.856611">
        <ele>788.903</ele>
        <time>2015-04-19T14:57:24Z</time>
      </trkpt>
      <trkpt lat="45.752741" lon="23.856685">
        <ele>785.608</ele>
        <time>2015-04-19T14:57:29Z</time>
      </trkpt>
      <trkpt lat="45.752811" lon="23.856768">
        <ele>783.322</ele>
        <time>2015-04-19T14:57:36Z</time>
      </trkpt>
      <trkpt lat="45.752831" lon="23.856881">
        <ele>780.938</ele>
        <time>2015-04-19T14:57:41Z</time>
      </trkpt>
      <trkpt lat="45.752891" lon="23.856975">
        <ele>778.511</ele>
        <time>2015-04-19T14:57:49Z</time>
      </trkpt>
      <trkpt lat="45.752901" lon="23.857103">
        <ele>776.260</ele>
        <time>2015-04-19T14:57:54Z</time>
      </trkpt>
      <trkpt lat="45.752981" lon="23.857145">
        <ele>773.838</ele>
        <time>2015-04-19T14:58:01Z</time>
      </trkpt>
      <trkpt lat="45.753046" lon="23.857226">
        <ele>771.523</ele>
        <time>2015-04-19T14:58:06Z</time>
      </trkpt>
      <trkpt lat="45.753136" lon="23.857270">
        <ele>769.157</ele>
        <time>2015-04-19T14:58:11Z</time>
      </trkpt>
      <trkpt lat="45.753241" lon="23.857273">
        <ele>767.752</ele>
        <time>2015-04-19T14:58:16Z</time>
      </trkpt>
      <trkpt lat="45.753325" lon="23.857255">
        <ele>766.476</ele>
        <time>2015-04-19T14:58:21Z</time>
      </trkpt>
      <trkpt lat="45.753411" lon="23.857255">
        <ele>765.090</ele>
        <time>2015-04-19T14:58:26Z</time>
      </trkpt>
      <trkpt lat="45.753506" lon="23.857258">
        <ele>765.019</ele>
        <time>2015-04-19T14:58:32Z</time>
      </trkpt>
      <trkpt lat="45.753591" lon="23.857193">
        <ele>766.008</ele>
        <time>2015-04-19T14:58:36Z</time>
      </trkpt>
      <trkpt lat="45.753666" lon="23.857123">
        <ele>767.028</ele>
        <time>2015-04-19T14:58:41Z</time>
      </trkpt>
      <trkpt lat="45.753718" lon="23.857016">
        <ele>768.034</ele>
        <time>2015-04-19T14:59:21Z</time>
      </trkpt>
      <trkpt lat="45.753775" lon="23.856926">
        <ele>769.787</ele>
        <time>2015-04-19T14:59:29Z</time>
      </trkpt>
      <trkpt lat="45.753788" lon="23.856803">
        <ele>771.586</ele>
        <time>2015-04-19T14:59:39Z</time>
      </trkpt>
      <trkpt lat="45.753768" lon="23.856681">
        <ele>771.414</ele>
        <time>2015-04-19T14:59:48Z</time>
      </trkpt>
      <trkpt lat="45.753736" lon="23.856556">
        <ele>771.349</ele>
        <time>2015-04-19T14:59:53Z</time>
      </trkpt>
      <trkpt lat="45.753726" lon="23.856428">
        <ele>770.213</ele>
        <time>2015-04-19T15:00:02Z</time>
      </trkpt>
      <trkpt lat="45.753701" lon="23.856308">
        <ele>769.198</ele>
        <time>2015-04-19T15:00:11Z</time>
      </trkpt>
      <trkpt lat="45.753770" lon="23.856243">
        <ele>768.037</ele>
        <time>2015-04-19T15:00:45Z</time>
      </trkpt>
      <trkpt lat="45.753851" lon="23.856205">
        <ele>766.949</ele>
        <time>2015-04-19T15:01:03Z</time>
      </trkpt>
      <trkpt lat="45.753896" lon="23.856101">
        <ele>765.813</ele>
        <time>2015-04-19T15:01:19Z</time>
      </trkpt>
      <trkpt lat="45.753948" lon="23.855990">
        <ele>764.008</ele>
        <time>2015-04-19T15:01:34Z</time>
      </trkpt>
      <trkpt lat="45.754036" lon="23.855981">
        <ele>762.244</ele>
        <time>2015-04-19T15:01:53Z</time>
      </trkpt>
      <trkpt lat="45.754028" lon="23.856109">
        <ele>759.660</ele>
        <time>2015-04-19T15:02:10Z</time>
      </trkpt>
      <trkpt lat="45.753975" lon="23.856213">
        <ele>757.113</ele>
        <time>2015-04-19T15:02:16Z</time>
      </trkpt>
      <trkpt lat="45.753950" lon="23.856331">
        <ele>756.412</ele>
        <time>2015-04-19T15:02:27Z</time>
      </trkpt>
      <trkpt lat="45.753923" lon="23.856473">
        <ele>755.610</ele>
        <time>2015-04-19T15:02:36Z</time>
      </trkpt>
      <trkpt lat="45.753878" lon="23.856580">
        <ele>754.995</ele>
        <time>2015-04-19T15:02:41Z</time>
      </trkpt>
      <trkpt lat="45.753891" lon="23.856698">
        <ele>753.799</ele>
        <time>2015-04-19T15:02:48Z</time>
      </trkpt>
      <trkpt lat="45.753930" lon="23.856821">
        <ele>752.564</ele>
        <time>2015-04-19T15:02:55Z</time>
      </trkpt>
      <trkpt lat="45.753965" lon="23.856931">
        <ele>751.477</ele>
        <time>2015-04-19T15:03:02Z</time>
      </trkpt>
      <trkpt lat="45.754001" lon="23.857048">
        <ele>750.261</ele>
        <time>2015-04-19T15:03:11Z</time>
      </trkpt>
      <trkpt lat="45.754056" lon="23.857141">
        <ele>749.727</ele>
        <time>2015-04-19T15:03:21Z</time>
      </trkpt>
      <trkpt lat="45.754138" lon="23.857211">
        <ele>749.308</ele>
        <time>2015-04-19T15:03:29Z</time>
      </trkpt>
      <trkpt lat="45.754180" lon="23.857313">
        <ele>748.838</ele>
        <time>2015-04-19T15:03:36Z</time>
      </trkpt>
      <trkpt lat="45.754220" lon="23.857424">
        <ele>748.454</ele>
        <time>2015-04-19T15:03:45Z</time>
      </trkpt>
      <trkpt lat="45.754248" lon="23.857541">
        <ele>747.767</ele>
        <time>2015-04-19T15:03:51Z</time>
      </trkpt>
      <trkpt lat="45.754311" lon="23.857626">
        <ele>747.146</ele>
        <time>2015-04-19T15:03:58Z</time>
      </trkpt>
      <trkpt lat="45.754374" lon="23.857718">
        <ele>746.564</ele>
        <time>2015-04-19T15:04:05Z</time>
      </trkpt>
      <trkpt lat="45.754426" lon="23.857829">
        <ele>746.369</ele>
        <time>2015-04-19T15:04:12Z</time>
      </trkpt>
      <trkpt lat="45.754471" lon="23.857936">
        <ele>746.173</ele>
        <time>2015-04-19T15:04:19Z</time>
      </trkpt>
      <trkpt lat="45.754528" lon="23.858030">
        <ele>745.968</ele>
        <time>2015-04-19T15:04:26Z</time>
      </trkpt>
      <trkpt lat="45.754585" lon="23.858120">
        <ele>745.779</ele>
        <time>2015-04-19T15:04:32Z</time>
      </trkpt>
      <trkpt lat="45.754621" lon="23.858226">
        <ele>745.505</ele>
        <time>2015-04-19T15:04:38Z</time>
      </trkpt>
      <trkpt lat="45.754631" lon="23.858343">
        <ele>745.525</ele>
        <time>2015-04-19T15:04:45Z</time>
      </trkpt>
      <trkpt lat="45.754630" lon="23.858463">
        <ele>745.408</ele>
        <time>2015-04-19T15:04:52Z</time>
      </trkpt>
      <trkpt lat="45.754563" lon="23.858533">
        <ele>747.378</ele>
        <time>2015-04-19T15:04:58Z</time>
      </trkpt>
      <trkpt lat="45.754535" lon="23.858658">
        <ele>749.454</ele>
        <time>2015-04-19T15:05:04Z</time>
      </trkpt>
      <trkpt lat="45.754493" lon="23.858763">
        <ele>751.527</ele>
        <time>2015-04-19T15:05:09Z</time>
      </trkpt>
      <trkpt lat="45.754515" lon="23.858885">
        <ele>753.586</ele>
        <time>2015-04-19T15:05:17Z</time>
      </trkpt>
      <trkpt lat="45.754610" lon="23.858925">
        <ele>755.624</ele>
        <time>2015-04-19T15:05:23Z</time>
      </trkpt>
      <trkpt lat="45.754698" lon="23.858991">
        <ele>757.759</ele>
        <time>2015-04-19T15:05:27Z</time>
      </trkpt>
      <trkpt lat="45.754751" lon="23.859098">
        <ele>759.023</ele>
        <time>2015-04-19T15:05:34Z</time>
      </trkpt>
      <trkpt lat="45.754730" lon="23.859218">
        <ele>759.348</ele>
        <time>2015-04-19T15:05:43Z</time>
      </trkpt>
      <trkpt lat="45.754733" lon="23.859335">
        <ele>759.586</ele>
        <time>2015-04-19T15:05:49Z</time>
      </trkpt>
      <trkpt lat="45.754688" lon="23.859438">
        <ele>759.760</ele>
        <time>2015-04-19T15:05:55Z</time>
      </trkpt>
      <trkpt lat="45.754656" lon="23.859560">
        <ele>759.926</ele>
        <time>2015-04-19T15:06:03Z</time>
      </trkpt>
      <trkpt lat="45.754638" lon="23.859673">
        <ele>758.108</ele>
        <time>2015-04-19T15:06:08Z</time>
      </trkpt>
      <trkpt lat="45.754605" lon="23.859786">
        <ele>756.349</ele>
        <time>2015-04-19T15:06:14Z</time>
      </trkpt>
      <trkpt lat="45.754540" lon="23.859900">
        <ele>755.225</ele>
        <time>2015-04-19T15:06:22Z</time>
      </trkpt>
      <trkpt lat="45.754483" lon="23.859983">
        <ele>753.158</ele>
        <time>2015-04-19T15:06:28Z</time>
      </trkpt>
      <trkpt lat="45.754533" lon="23.860078">
        <ele>751.077</ele>
        <time>2015-04-19T15:06:33Z</time>
      </trkpt>
      <trkpt lat="45.754531" lon="23.860208">
        <ele>748.965</ele>
        <time>2015-04-19T15:06:40Z</time>
      </trkpt>
      <trkpt lat="45.754563" lon="23.860323">
        <ele>747.640</ele>
        <time>2015-04-19T15:06:46Z</time>
      </trkpt>
      <trkpt lat="45.754580" lon="23.860450">
        <ele>747.464</ele>
        <time>2015-04-19T15:06:53Z</time>
      </trkpt>
      <trkpt lat="45.754673" lon="23.860470">
        <ele>747.139</ele>
        <time>2015-04-19T15:07:02Z</time>
      </trkpt>
      <trkpt lat="45.754731" lon="23.860581">
        <ele>746.896</ele>
        <time>2015-04-19T15:07:08Z</time>
      </trkpt>
      <trkpt lat="45.754735" lon="23.860716">
        <ele>746.531</ele>
        <time>2015-04-19T15:07:14Z</time>
      </trkpt>
      <trkpt lat="45.754760" lon="23.860828">
        <ele>746.324</ele>
        <time>2015-04-19T15:07:19Z</time>
      </trkpt>
      <trkpt lat="45.754838" lon="23.860896">
        <ele>745.008</ele>
        <time>2015-04-19T15:07:23Z</time>
      </trkpt>
      <trkpt lat="45.754916" lon="23.860973">
        <ele>743.090</ele>
        <time>2015-04-19T15:07:28Z</time>
      </trkpt>
      <trkpt lat="45.754990" lon="23.861025">
        <ele>742.096</ele>
        <time>2015-04-19T15:07:33Z</time>
      </trkpt>
      <trkpt lat="45.755048" lon="23.861116">
        <ele>741.029</ele>
        <time>2015-04-19T15:07:38Z</time>
      </trkpt>
      <trkpt lat="45.755105" lon="23.861200">
        <ele>740.048</ele>
        <time>2015-04-19T15:07:45Z</time>
      </trkpt>
      <trkpt lat="45.755150" lon="23.861296">
        <ele>739.016</ele>
        <time>2015-04-19T15:07:52Z</time>
      </trkpt>
      <trkpt lat="45.755198" lon="23.861393">
        <ele>738.061</ele>
        <time>2015-04-19T15:07:58Z</time>
      </trkpt>
      <trkpt lat="45.755231" lon="23.861513">
        <ele>739.135</ele>
        <time>2015-04-19T15:08:03Z</time>
      </trkpt>
      <trkpt lat="45.755285" lon="23.861614">
        <ele>740.220</ele>
        <time>2015-04-19T15:08:09Z</time>
      </trkpt>
      <trkpt lat="45.755320" lon="23.861721">
        <ele>739.576</ele>
        <time>2015-04-19T15:08:16Z</time>
      </trkpt>
      <trkpt lat="45.755368" lon="23.861830">
        <ele>738.790</ele>
        <time>2015-04-19T15:08:23Z</time>
      </trkpt>
      <trkpt lat="45.755438" lon="23.861903">
        <ele>739.019</ele>
        <time>2015-04-19T15:08:30Z</time>
      </trkpt>
      <trkpt lat="45.755501" lon="23.861978">
        <ele>739.308</ele>
        <time>2015-04-19T15:08:36Z</time>
      </trkpt>
      <trkpt lat="45.755566" lon="23.862059">
        <ele>739.538</ele>
        <time>2015-04-19T15:08:43Z</time>
      </trkpt>
      <trkpt lat="45.755615" lon="23.862170">
        <ele>739.834</ele>
        <time>2015-04-19T15:08:49Z</time>
      </trkpt>
      <trkpt lat="45.755681" lon="23.862253">
        <ele>740.127</ele>
        <time>2015-04-19T15:08:58Z</time>
      </trkpt>
      <trkpt lat="45.755688" lon="23.862373">
        <ele>740.476</ele>
        <time>2015-04-19T15:09:08Z</time>
      </trkpt>
      <trkpt lat="45.755733" lon="23.862488">
        <ele>739.744</ele>
        <time>2015-04-19T15:09:16Z</time>
      </trkpt>
      <trkpt lat="45.755756" lon="23.862605">
        <ele>737.039</ele>
        <time>2015-04-19T15:09:23Z</time>
      </trkpt>
      <trkpt lat="45.755748" lon="23.862733">
        <ele>734.333</ele>
        <time>2015-04-19T15:09:31Z</time>
      </trkpt>
      <trkpt lat="45.755793" lon="23.862833">
        <ele>733.428</ele>
        <time>2015-04-19T15:09:39Z</time>
      </trkpt>
      <trkpt lat="45.755840" lon="23.862935">
        <ele>732.535</ele>
        <time>2015-04-19T15:09:47Z</time>
      </trkpt>
      <trkpt lat="45.755861" lon="23.863056">
        <ele>731.586</ele>
        <time>2015-04-19T15:09:55Z</time>
      </trkpt>
      <trkpt lat="45.755896" lon="23.863178">
        <ele>730.614</ele>
        <time>2015-04-19T15:10:01Z</time>
      </trkpt>
      <trkpt lat="45.755886" lon="23.863305">
        <ele>729.708</ele>
        <time>2015-04-19T15:10:08Z</time>
      </trkpt>
      <trkpt lat="45.755903" lon="23.863431">
        <ele>728.884</ele>
        <time>2015-04-19T15:10:14Z</time>
      </trkpt>
      <trkpt lat="45.755931" lon="23.863558">
        <ele>727.920</ele>
        <time>2015-04-19T15:10:20Z</time>
      </trkpt>
      <trkpt lat="45.756023" lon="23.863515">
        <ele>726.923</ele>
        <time>2015-04-19T15:10:36Z</time>
      </trkpt>
      <trkpt lat="45.756106" lon="23.863509">
        <ele>726.852</ele>
        <time>2015-04-19T15:10:45Z</time>
      </trkpt>
      <trkpt lat="45.756033" lon="23.863568">
        <ele>726.780</ele>
        <time>2015-04-19T15:11:00Z</time>
      </trkpt>
      <trkpt lat="45.756063" lon="23.863678">
        <ele>726.665</ele>
        <time>2015-04-19T15:11:19Z</time>
      </trkpt>
      <trkpt lat="45.756023" lon="23.863790">
        <ele>726.589</ele>
        <time>2015-04-19T15:11:25Z</time>
      </trkpt>
      <trkpt lat="45.756035" lon="23.863911">
        <ele>726.594</ele>
        <time>2015-04-19T15:11:30Z</time>
      </trkpt>
      <trkpt lat="45.756033" lon="23.864034">
        <ele>728.466</ele>
        <time>2015-04-19T15:11:40Z</time>
      </trkpt>
      <trkpt lat="45.756088" lon="23.864153">
        <ele>730.329</ele>
        <time>2015-04-19T15:11:47Z</time>
      </trkpt>
      <trkpt lat="45.756140" lon="23.864251">
        <ele>730.421</ele>
        <time>2015-04-19T15:11:52Z</time>
      </trkpt>
      <trkpt lat="45.756175" lon="23.864363">
        <ele>730.508</ele>
        <time>2015-04-19T15:11:58Z</time>
      </trkpt>
      <trkpt lat="45.756223" lon="23.864461">
        <ele>730.517</ele>
        <time>2015-04-19T15:12:05Z</time>
      </trkpt>
      <trkpt lat="45.756286" lon="23.864551">
        <ele>730.733</ele>
        <time>2015-04-19T15:12:10Z</time>
      </trkpt>
      <trkpt lat="45.756343" lon="23.864643">
        <ele>730.936</ele>
        <time>2015-04-19T15:12:16Z</time>
      </trkpt>
      <trkpt lat="45.756401" lon="23.864745">
        <ele>731.125</ele>
        <time>2015-04-19T15:12:22Z</time>
      </trkpt>
      <trkpt lat="45.756445" lon="23.864846">
        <ele>731.373</ele>
        <time>2015-04-19T15:12:28Z</time>
      </trkpt>
      <trkpt lat="45.756506" lon="23.864935">
        <ele>731.598</ele>
        <time>2015-04-19T15:12:34Z</time>
      </trkpt>
      <trkpt lat="45.756511" lon="23.865066">
        <ele>730.992</ele>
        <time>2015-04-19T15:12:40Z</time>
      </trkpt>
      <trkpt lat="45.756581" lon="23.865139">
        <ele>728.417</ele>
        <time>2015-04-19T15:12:44Z</time>
      </trkpt>
      <trkpt lat="45.756601" lon="23.865266">
        <ele>725.811</ele>
        <time>2015-04-19T15:12:51Z</time>
      </trkpt>
      <trkpt lat="45.756596" lon="23.865390">
        <ele>725.121</ele>
        <time>2015-04-19T15:12:56Z</time>
      </trkpt>
      <trkpt lat="45.756565" lon="23.865498">
        <ele>724.403</ele>
        <time>2015-04-19T15:13:01Z</time>
      </trkpt>
      <trkpt lat="45.756588" lon="23.865631">
        <ele>723.608</ele>
        <time>2015-04-19T15:13:07Z</time>
      </trkpt>
      <trkpt lat="45.756605" lon="23.865748">
        <ele>722.982</ele>
        <time>2015-04-19T15:13:13Z</time>
      </trkpt>
      <trkpt lat="45.756670" lon="23.865818">
        <ele>722.288</ele>
        <time>2015-04-19T15:13:20Z</time>
      </trkpt>
      <trkpt lat="45.756753" lon="23.865844">
        <ele>721.571</ele>
        <time>2015-04-19T15:13:23Z</time>
      </trkpt>
      <trkpt lat="45.756835" lon="23.865911">
        <ele>721.070</ele>
        <time>2015-04-19T15:13:28Z</time>
      </trkpt>
      <trkpt lat="45.756908" lon="23.865961">
        <ele>720.518</ele>
        <time>2015-04-19T15:13:32Z</time>
      </trkpt>
      <trkpt lat="45.756981" lon="23.866046">
        <ele>720.883</ele>
        <time>2015-04-19T15:13:37Z</time>
      </trkpt>
      <trkpt lat="45.757046" lon="23.866146">
        <ele>721.117</ele>
        <time>2015-04-19T15:13:44Z</time>
      </trkpt>
      <trkpt lat="45.757079" lon="23.866263">
        <ele>721.422</ele>
        <time>2015-04-19T15:13:49Z</time>
      </trkpt>
      <trkpt lat="45.757143" lon="23.866343">
        <ele>721.628</ele>
        <time>2015-04-19T15:13:54Z</time>
      </trkpt>
      <trkpt lat="45.757214" lon="23.866413">
        <ele>721.989</ele>
        <time>2015-04-19T15:14:00Z</time>
      </trkpt>
      <trkpt lat="45.757285" lon="23.866486">
        <ele>722.217</ele>
        <time>2015-04-19T15:14:05Z</time>
      </trkpt>
      <trkpt lat="45.757376" lon="23.866553">
        <ele>722.508</ele>
        <time>2015-04-19T15:14:10Z</time>
      </trkpt>
      <trkpt lat="45.757471" lon="23.866608">
        <ele>722.723</ele>
        <time>2015-04-19T15:14:15Z</time>
      </trkpt>
      <trkpt lat="45.757538" lon="23.866679">
        <ele>722.139</ele>
        <time>2015-04-19T15:14:21Z</time>
      </trkpt>
      <trkpt lat="45.757591" lon="23.866784">
        <ele>721.222</ele>
        <time>2015-04-19T15:14:28Z</time>
      </trkpt>
      <trkpt lat="45.757618" lon="23.866901">
        <ele>720.391</ele>
        <time>2015-04-19T15:14:34Z</time>
      </trkpt>
      <trkpt lat="45.757685" lon="23.866990">
        <ele>722.399</ele>
        <time>2015-04-19T15:14:41Z</time>
      </trkpt>
      <trkpt lat="45.757746" lon="23.867084">
        <ele>724.354</ele>
        <time>2015-04-19T15:14:48Z</time>
      </trkpt>
      <trkpt lat="45.757816" lon="23.867165">
        <ele>726.398</ele>
        <time>2015-04-19T15:14:55Z</time>
      </trkpt>
      <trkpt lat="45.757858" lon="23.867273">
        <ele>728.333</ele>
        <time>2015-04-19T15:15:02Z</time>
      </trkpt>
      <trkpt lat="45.757900" lon="23.867388">
        <ele>727.669</ele>
        <time>2015-04-19T15:15:09Z</time>
      </trkpt>
      <trkpt lat="45.757946" lon="23.867491">
        <ele>727.004</ele>
        <time>2015-04-19T15:15:15Z</time>
      </trkpt>
      <trkpt lat="45.757975" lon="23.867605">
        <ele>726.424</ele>
        <time>2015-04-19T15:15:22Z</time>
      </trkpt>
      <trkpt lat="45.757973" lon="23.867721">
        <ele>725.708</ele>
        <time>2015-04-19T15:15:28Z</time>
      </trkpt>
      <trkpt lat="45.757976" lon="23.867851">
        <ele>726.097</ele>
        <time>2015-04-19T15:15:34Z</time>
      </trkpt>
      <trkpt lat="45.758010" lon="23.867991">
        <ele>726.383</ele>
        <time>2015-04-19T15:15:41Z</time>
      </trkpt>
      <trkpt lat="45.758056" lon="23.868091">
        <ele>726.596</ele>
        <time>2015-04-19T15:15:47Z</time>
      </trkpt>
      <trkpt lat="45.758089" lon="23.868200">
        <ele>723.975</ele>
        <time>2015-04-19T15:15:53Z</time>
      </trkpt>
      <trkpt lat="45.758140" lon="23.868308">
        <ele>721.323</ele>
        <time>2015-04-19T15:16:02Z</time>
      </trkpt>
      <trkpt lat="45.758176" lon="23.868421">
        <ele>718.658</ele>
        <time>2015-04-19T15:16:09Z</time>
      </trkpt>
      <trkpt lat="45.758250" lon="23.868473">
        <ele>715.862</ele>
        <time>2015-04-19T15:16:15Z</time>
      </trkpt>
      <trkpt lat="45.758291" lon="23.868579">
        <ele>715.627</ele>
        <time>2015-04-19T15:16:27Z</time>
      </trkpt>
      <trkpt lat="45.758351" lon="23.868660">
        <ele>715.522</ele>
        <time>2015-04-19T15:16:34Z</time>
      </trkpt>
      <trkpt lat="45.758436" lon="23.868723">
        <ele>715.362</ele>
        <time>2015-04-19T15:16:38Z</time>
      </trkpt>
      <trkpt lat="45.758505" lon="23.868789">
        <ele>715.108</ele>
        <time>2015-04-19T15:16:45Z</time>
      </trkpt>
      <trkpt lat="45.758513" lon="23.868908">
        <ele>718.008</ele>
        <time>2015-04-19T15:16:53Z</time>
      </trkpt>
      <trkpt lat="45.758580" lon="23.868998">
        <ele>720.943</ele>
        <time>2015-04-19T15:16:59Z</time>
      </trkpt>
      <trkpt lat="45.758653" lon="23.869058">
        <ele>723.849</ele>
        <time>2015-04-19T15:17:02Z</time>
      </trkpt>
      <trkpt lat="45.758726" lon="23.869134">
        <ele>725.052</ele>
        <time>2015-04-19T15:17:07Z</time>
      </trkpt>
      <trkpt lat="45.758776" lon="23.869235">
        <ele>726.291</ele>
        <time>2015-04-19T15:17:13Z</time>
      </trkpt>
      <trkpt lat="45.758815" lon="23.869350">
        <ele>727.449</ele>
        <time>2015-04-19T15:17:20Z</time>
      </trkpt>
      <trkpt lat="45.758866" lon="23.869446">
        <ele>728.774</ele>
        <time>2015-04-19T15:17:26Z</time>
      </trkpt>
      <trkpt lat="45.758895" lon="23.869563">
        <ele>730.168</ele>
        <time>2015-04-19T15:17:32Z</time>
      </trkpt>
      <trkpt lat="45.758895" lon="23.869681">
        <ele>731.593</ele>
        <time>2015-04-19T15:17:37Z</time>
      </trkpt>
      <trkpt lat="45.758946" lon="23.869800">
        <ele>732.827</ele>
        <time>2015-04-19T15:17:43Z</time>
      </trkpt>
      <trkpt lat="45.758923" lon="23.869913">
        <ele>732.568</ele>
        <time>2015-04-19T15:17:51Z</time>
      </trkpt>
      <trkpt lat="45.758913" lon="23.870029">
        <ele>729.214</ele>
        <time>2015-04-19T15:17:59Z</time>
      </trkpt>
      <trkpt lat="45.758898" lon="23.870150">
        <ele>725.808</ele>
        <time>2015-04-19T15:18:04Z</time>
      </trkpt>
      <trkpt lat="45.758935" lon="23.870261">
        <ele>722.513</ele>
        <time>2015-04-19T15:18:10Z</time>
      </trkpt>
      <trkpt lat="45.758978" lon="23.870370">
        <ele>720.819</ele>
        <time>2015-04-19T15:18:21Z</time>
      </trkpt>
      <trkpt lat="45.758985" lon="23.870501">
        <ele>719.242</ele>
        <time>2015-04-19T15:18:28Z</time>
      </trkpt>
      <trkpt lat="45.758983" lon="23.870628">
        <ele>717.511</ele>
        <time>2015-04-19T15:18:34Z</time>
      </trkpt>
      <trkpt lat="45.758996" lon="23.870743">
        <ele>715.979</ele>
        <time>2015-04-19T15:18:40Z</time>
      </trkpt>
      <trkpt lat="45.759004" lon="23.870866">
        <ele>713.734</ele>
        <time>2015-04-19T15:18:47Z</time>
      </trkpt>
      <trkpt lat="45.759060" lon="23.870966">
        <ele>711.578</ele>
        <time>2015-04-19T15:18:54Z</time>
      </trkpt>
      <trkpt lat="45.759109" lon="23.871060">
        <ele>709.453</ele>
        <time>2015-04-19T15:18:59Z</time>
      </trkpt>
      <trkpt lat="45.759170" lon="23.871161">
        <ele>708.874</ele>
        <time>2015-04-19T15:19:05Z</time>
      </trkpt>
      <trkpt lat="45.759235" lon="23.871261">
        <ele>708.356</ele>
        <time>2015-04-19T15:19:12Z</time>
      </trkpt>
      <trkpt lat="45.759280" lon="23.871383">
        <ele>707.721</ele>
        <time>2015-04-19T15:19:21Z</time>
      </trkpt>
      <trkpt lat="45.759188" lon="23.871400">
        <ele>707.208</ele>
        <time>2015-04-19T15:19:42Z</time>
      </trkpt>
      <trkpt lat="45.759093" lon="23.871435">
        <ele>706.678</ele>
        <time>2015-04-19T15:19:46Z</time>
      </trkpt>
      <trkpt lat="45.759071" lon="23.871318">
        <ele>705.974</ele>
        <time>2015-04-19T15:20:03Z</time>
      </trkpt>
      <trkpt lat="45.759141" lon="23.871404">
        <ele>705.247</ele>
        <time>2015-04-19T15:20:20Z</time>
      </trkpt>
      <trkpt lat="45.759015" lon="23.871426">
        <ele>705.056</ele>
        <time>2015-04-19T15:20:45Z</time>
      </trkpt>
      <trkpt lat="45.758929" lon="23.871464">
        <ele>705.494</ele>
        <time>2015-04-19T15:20:50Z</time>
      </trkpt>
      <trkpt lat="45.758845" lon="23.871535">
        <ele>705.239</ele>
        <time>2015-04-19T15:20:54Z</time>
      </trkpt>
      <trkpt lat="45.758800" lon="23.871416">
        <ele>705.093</ele>
        <time>2015-04-19T15:21:13Z</time>
      </trkpt>
      <trkpt lat="45.758756" lon="23.871313">
        <ele>704.888</ele>
        <time>2015-04-19T15:21:14Z</time>
      </trkpt>
      <trkpt lat="45.758704" lon="23.871191">
        <ele>704.633</ele>
        <time>2015-04-19T15:21:16Z</time>
      </trkpt>
      <trkpt lat="45.758626" lon="23.871228">
        <ele>704.523</ele>
        <time>2015-04-19T15:21:49Z</time>
      </trkpt>
      <trkpt lat="45.758614" lon="23.871356">
        <ele>704.315</ele>
        <time>2015-04-19T15:22:00Z</time>
      </trkpt>
      <trkpt lat="45.758670" lon="23.871508">
        <ele>704.208</ele>
        <time>2015-04-19T15:22:05Z</time>
      </trkpt>
      <trkpt lat="45.758698" lon="23.871653">
        <ele>704.354</ele>
        <time>2015-04-19T15:22:10Z</time>
      </trkpt>
      <trkpt lat="45.758733" lon="23.871771">
        <ele>704.430</ele>
        <time>2015-04-19T15:22:14Z</time>
      </trkpt>
      <trkpt lat="45.758746" lon="23.871898">
        <ele>703.993</ele>
        <time>2015-04-19T15:22:22Z</time>
      </trkpt>
      <trkpt lat="45.758765" lon="23.872020">
        <ele>703.542</ele>
        <time>2015-04-19T15:22:29Z</time>
      </trkpt>
      <trkpt lat="45.758818" lon="23.872145">
        <ele>703.560</ele>
        <time>2015-04-19T15:22:36Z</time>
      </trkpt>
      <trkpt lat="45.758865" lon="23.872256">
        <ele>703.685</ele>
        <time>2015-04-19T15:22:41Z</time>
      </trkpt>
      <trkpt lat="45.758886" lon="23.872370">
        <ele>703.799</ele>
        <time>2015-04-19T15:22:50Z</time>
      </trkpt>
      <trkpt lat="45.758903" lon="23.872495">
        <ele>703.284</ele>
        <time>2015-04-19T15:23:01Z</time>
      </trkpt>
      <trkpt lat="45.758921" lon="23.872613">
        <ele>702.695</ele>
        <time>2015-04-19T15:23:09Z</time>
      </trkpt>
      <trkpt lat="45.758940" lon="23.872731">
        <ele>702.149</ele>
        <time>2015-04-19T15:23:17Z</time>
      </trkpt>
      <trkpt lat="45.758943" lon="23.872860">
        <ele>701.623</ele>
        <time>2015-04-19T15:23:27Z</time>
      </trkpt>
      <trkpt lat="45.758950" lon="23.872976">
        <ele>701.208</ele>
        <time>2015-04-19T15:23:36Z</time>
      </trkpt>
      <trkpt lat="45.758935" lon="23.873098">
        <ele>700.710</ele>
        <time>2015-04-19T15:23:50Z</time>
      </trkpt>
      <trkpt lat="45.758886" lon="23.873210">
        <ele>700.366</ele>
        <time>2015-04-19T15:23:59Z</time>
      </trkpt>
      <trkpt lat="45.758863" lon="23.873323">
        <ele>699.679</ele>
        <time>2015-04-19T15:24:08Z</time>
      </trkpt>
      <trkpt lat="45.758813" lon="23.873430">
        <ele>699.068</ele>
        <time>2015-04-19T15:24:16Z</time>
      </trkpt>
      <trkpt lat="45.758790" lon="23.873551">
        <ele>698.456</ele>
        <time>2015-04-19T15:24:24Z</time>
      </trkpt>
      <trkpt lat="45.758773" lon="23.873668">
        <ele>697.741</ele>
        <time>2015-04-19T15:24:33Z</time>
      </trkpt>
      <trkpt lat="45.758726" lon="23.873765">
        <ele>697.725</ele>
        <time>2015-04-19T15:24:43Z</time>
      </trkpt>
      <trkpt lat="45.758731" lon="23.873896">
        <ele>697.510</ele>
        <time>2015-04-19T15:24:50Z</time>
      </trkpt>
      <trkpt lat="45.758726" lon="23.874018">
        <ele>697.285</ele>
        <time>2015-04-19T15:24:55Z</time>
      </trkpt>
      <trkpt lat="45.758731" lon="23.874141">
        <ele>695.689</ele>
        <time>2015-04-19T15:25:02Z</time>
      </trkpt>
      <trkpt lat="45.758776" lon="23.874256">
        <ele>694.117</ele>
        <time>2015-04-19T15:25:08Z</time>
      </trkpt>
      <trkpt lat="45.758810" lon="23.874378">
        <ele>692.508</ele>
        <time>2015-04-19T15:25:15Z</time>
      </trkpt>
      <trkpt lat="45.758839" lon="23.874491">
        <ele>691.079</ele>
        <time>2015-04-19T15:25:21Z</time>
      </trkpt>
      <trkpt lat="45.758893" lon="23.874585">
        <ele>689.665</ele>
        <time>2015-04-19T15:25:29Z</time>
      </trkpt>
      <trkpt lat="45.758921" lon="23.874705">
        <ele>688.358</ele>
        <time>2015-04-19T15:25:36Z</time>
      </trkpt>
      <trkpt lat="45.758956" lon="23.874816">
        <ele>686.957</ele>
        <time>2015-04-19T15:25:43Z</time>
      </trkpt>
      <trkpt lat="45.759004" lon="23.874928">
        <ele>685.535</ele>
        <time>2015-04-19T15:25:50Z</time>
      </trkpt>
      <trkpt lat="45.759056" lon="23.875040">
        <ele>683.260</ele>
        <time>2015-04-19T15:25:58Z</time>
      </trkpt>
      <trkpt lat="45.759091" lon="23.875148">
        <ele>681.124</ele>
        <time>2015-04-19T15:26:06Z</time>
      </trkpt>
      <trkpt lat="45.759131" lon="23.875253">
        <ele>679.069</ele>
        <time>2015-04-19T15:26:13Z</time>
      </trkpt>
      <trkpt lat="45.759166" lon="23.875368">
        <ele>678.016</ele>
        <time>2015-04-19T15:26:21Z</time>
      </trkpt>
      <trkpt lat="45.759195" lon="23.875481">
        <ele>677.076</ele>
        <time>2015-04-19T15:26:28Z</time>
      </trkpt>
      <trkpt lat="45.759244" lon="23.875583">
        <ele>676.013</ele>
        <time>2015-04-19T15:26:37Z</time>
      </trkpt>
      <trkpt lat="45.759286" lon="23.875683">
        <ele>675.008</ele>
        <time>2015-04-19T15:26:45Z</time>
      </trkpt>
      <trkpt lat="45.759346" lon="23.875770">
        <ele>674.062</ele>
        <time>2015-04-19T15:26:51Z</time>
      </trkpt>
      <trkpt lat="45.759406" lon="23.875873">
        <ele>673.218</ele>
        <time>2015-04-19T15:26:58Z</time>
      </trkpt>
      <trkpt lat="45.759471" lon="23.875966">
        <ele>672.791</ele>
        <time>2015-04-19T15:27:06Z</time>
      </trkpt>
      <trkpt lat="45.759514" lon="23.876071">
        <ele>672.320</ele>
        <time>2015-04-19T15:27:15Z</time>
      </trkpt>
      <trkpt lat="45.759559" lon="23.876174">
        <ele>672.878</ele>
        <time>2015-04-19T15:27:25Z</time>
      </trkpt>
      <trkpt lat="45.759575" lon="23.876296">
        <ele>673.433</ele>
        <time>2015-04-19T15:27:35Z</time>
      </trkpt>
      <trkpt lat="45.759633" lon="23.876403">
        <ele>673.997</ele>
        <time>2015-04-19T15:27:41Z</time>
      </trkpt>
      <trkpt lat="45.759683" lon="23.876506">
        <ele>674.512</ele>
        <time>2015-04-19T15:27:48Z</time>
      </trkpt>
      <trkpt lat="45.759751" lon="23.876585">
        <ele>675.048</ele>
        <time>2015-04-19T15:27:56Z</time>
      </trkpt>
      <trkpt lat="45.759823" lon="23.876658">
        <ele>675.561</ele>
        <time>2015-04-19T15:28:02Z</time>
      </trkpt>
      <trkpt lat="45.759898" lon="23.876714">
        <ele>675.417</ele>
        <time>2015-04-19T15:28:08Z</time>
      </trkpt>
      <trkpt lat="45.759968" lon="23.876801">
        <ele>675.208</ele>
        <time>2015-04-19T15:28:16Z</time>
      </trkpt>
      <trkpt lat="45.760030" lon="23.876888">
        <ele>674.875</ele>
        <time>2015-04-19T15:28:23Z</time>
      </trkpt>
      <trkpt lat="45.760085" lon="23.876986">
        <ele>674.151</ele>
        <time>2015-04-19T15:28:32Z</time>
      </trkpt>
      <trkpt lat="45.760113" lon="23.877103">
        <ele>673.464</ele>
        <time>2015-04-19T15:28:39Z</time>
      </trkpt>
      <trkpt lat="45.760161" lon="23.877200">
        <ele>672.613</ele>
        <time>2015-04-19T15:28:47Z</time>
      </trkpt>
      <trkpt lat="45.760191" lon="23.877310">
        <ele>671.911</ele>
        <time>2015-04-19T15:28:54Z</time>
      </trkpt>
      <trkpt lat="45.760180" lon="23.877431">
        <ele>671.226</ele>
        <time>2015-04-19T15:29:03Z</time>
      </trkpt>
      <trkpt lat="45.760140" lon="23.877538">
        <ele>669.910</ele>
        <time>2015-04-19T15:29:12Z</time>
      </trkpt>
      <trkpt lat="45.760093" lon="23.877648">
        <ele>668.635</ele>
        <time>2015-04-19T15:29:19Z</time>
      </trkpt>
      <trkpt lat="45.760016" lon="23.877695">
        <ele>667.438</ele>
        <time>2015-04-19T15:29:27Z</time>
      </trkpt>
      <trkpt lat="45.760000" lon="23.877818">
        <ele>666.870</ele>
        <time>2015-04-19T15:29:39Z</time>
      </trkpt>
      <trkpt lat="45.759995" lon="23.877940">
        <ele>666.317</ele>
        <time>2015-04-19T15:29:45Z</time>
      </trkpt>
      <trkpt lat="45.759961" lon="23.878056">
        <ele>665.708</ele>
        <time>2015-04-19T15:29:52Z</time>
      </trkpt>
      <trkpt lat="45.759955" lon="23.878185">
        <ele>665.274</ele>
        <time>2015-04-19T15:30:00Z</time>
      </trkpt>
      <trkpt lat="45.759971" lon="23.878313">
        <ele>664.650</ele>
        <time>2015-04-19T15:30:06Z</time>
      </trkpt>
      <trkpt lat="45.759961" lon="23.878431">
        <ele>664.173</ele>
        <time>2015-04-19T15:30:12Z</time>
      </trkpt>
      <trkpt lat="45.759985" lon="23.878555">
        <ele>663.512</ele>
        <time>2015-04-19T15:30:19Z</time>
      </trkpt>
      <trkpt lat="45.759986" lon="23.878690">
        <ele>663.070</ele>
        <time>2015-04-19T15:30:27Z</time>
      </trkpt>
      <trkpt lat="45.759985" lon="23.878820">
        <ele>663.085</ele>
        <time>2015-04-19T15:30:35Z</time>
      </trkpt>
      <trkpt lat="45.759955" lon="23.878938">
        <ele>663.089</ele>
        <time>2015-04-19T15:30:45Z</time>
      </trkpt>
      <trkpt lat="45.759928" lon="23.879058">
        <ele>663.114</ele>
        <time>2015-04-19T15:30:51Z</time>
      </trkpt>
      <trkpt lat="45.759916" lon="23.879179">
        <ele>663.265</ele>
        <time>2015-04-19T15:30:57Z</time>
      </trkpt>
      <trkpt lat="45.759913" lon="23.879303">
        <ele>663.368</ele>
        <time>2015-04-19T15:31:04Z</time>
      </trkpt>
      <trkpt lat="45.759926" lon="23.879418">
        <ele>663.414</ele>
        <time>2015-04-19T15:31:11Z</time>
      </trkpt>
      <trkpt lat="45.759926" lon="23.879545">
        <ele>663.508</ele>
        <time>2015-04-19T15:31:18Z</time>
      </trkpt>
      <trkpt lat="45.759936" lon="23.879676">
        <ele>663.537</ele>
        <time>2015-04-19T15:31:26Z</time>
      </trkpt>
      <trkpt lat="45.759919" lon="23.879800">
        <ele>663.653</ele>
        <time>2015-04-19T15:31:32Z</time>
      </trkpt>
      <trkpt lat="45.759919" lon="23.879921">
        <ele>663.656</ele>
        <time>2015-04-19T15:31:39Z</time>
      </trkpt>
      <trkpt lat="45.759905" lon="23.880038">
        <ele>663.645</ele>
        <time>2015-04-19T15:31:45Z</time>
      </trkpt>
      <trkpt lat="45.759888" lon="23.880176">
        <ele>663.673</ele>
        <time>2015-04-19T15:31:54Z</time>
      </trkpt>
      <trkpt lat="45.759871" lon="23.880308">
        <ele>663.688</ele>
        <time>2015-04-19T15:32:02Z</time>
      </trkpt>
      <trkpt lat="45.759851" lon="23.880423">
        <ele>663.592</ele>
        <time>2015-04-19T15:32:09Z</time>
      </trkpt>
      <trkpt lat="45.759848" lon="23.880539">
        <ele>663.577</ele>
        <time>2015-04-19T15:32:17Z</time>
      </trkpt>
      <trkpt lat="45.759826" lon="23.880658">
        <ele>663.435</ele>
        <time>2015-04-19T15:32:26Z</time>
      </trkpt>
      <trkpt lat="45.759835" lon="23.880786">
        <ele>663.286</ele>
        <time>2015-04-19T15:32:34Z</time>
      </trkpt>
      <trkpt lat="45.759826" lon="23.880903">
        <ele>663.014</ele>
        <time>2015-04-19T15:32:41Z</time>
      </trkpt>
      <trkpt lat="45.759858" lon="23.881013">
        <ele>662.808</ele>
        <time>2015-04-19T15:32:48Z</time>
      </trkpt>
      <trkpt lat="45.759886" lon="23.881128">
        <ele>662.664</ele>
        <time>2015-04-19T15:32:56Z</time>
      </trkpt>
      <trkpt lat="45.759926" lon="23.881244">
        <ele>662.520</ele>
        <time>2015-04-19T15:33:04Z</time>
      </trkpt>
      <trkpt lat="45.759933" lon="23.881365">
        <ele>662.513</ele>
        <time>2015-04-19T15:33:12Z</time>
      </trkpt>
      <trkpt lat="45.759964" lon="23.881478">
        <ele>662.472</ele>
        <time>2015-04-19T15:33:20Z</time>
      </trkpt>
      <trkpt lat="45.759993" lon="23.881590">
        <ele>661.780</ele>
        <time>2015-04-19T15:33:25Z</time>
      </trkpt>
      <trkpt lat="45.760020" lon="23.881716">
        <ele>661.165</ele>
        <time>2015-04-19T15:33:33Z</time>
      </trkpt>
      <trkpt lat="45.760031" lon="23.881833">
        <ele>660.599</ele>
        <time>2015-04-19T15:33:40Z</time>
      </trkpt>
      <trkpt lat="45.760054" lon="23.881945">
        <ele>659.824</ele>
        <time>2015-04-19T15:33:48Z</time>
      </trkpt>
      <trkpt lat="45.760078" lon="23.882060">
        <ele>659.323</ele>
        <time>2015-04-19T15:33:56Z</time>
      </trkpt>
      <trkpt lat="45.760111" lon="23.882171">
        <ele>658.783</ele>
        <time>2015-04-19T15:34:04Z</time>
      </trkpt>
      <trkpt lat="45.760118" lon="23.882295">
        <ele>658.211</ele>
        <time>2015-04-19T15:34:12Z</time>
      </trkpt>
      <trkpt lat="45.760128" lon="23.882411">
        <ele>657.608</ele>
        <time>2015-04-19T15:34:21Z</time>
      </trkpt>
      <trkpt lat="45.760155" lon="23.882529">
        <ele>657.163</ele>
        <time>2015-04-19T15:34:28Z</time>
      </trkpt>
      <trkpt lat="45.760191" lon="23.882643">
        <ele>659.989</ele>
        <time>2015-04-19T15:34:36Z</time>
      </trkpt>
      <trkpt lat="45.760234" lon="23.882761">
        <ele>662.772</ele>
        <time>2015-04-19T15:34:43Z</time>
      </trkpt>
      <trkpt lat="45.760291" lon="23.882865">
        <ele>666.121</ele>
        <time>2015-04-19T15:34:51Z</time>
      </trkpt>
      <trkpt lat="45.760351" lon="23.882946">
        <ele>669.569</ele>
        <time>2015-04-19T15:34:57Z</time>
      </trkpt>
      <trkpt lat="45.760426" lon="23.883018">
        <ele>672.814</ele>
        <time>2015-04-19T15:35:05Z</time>
      </trkpt>
      <trkpt lat="45.760488" lon="23.883103">
        <ele>676.218</ele>
        <time>2015-04-19T15:35:13Z</time>
      </trkpt>
      <trkpt lat="45.760570" lon="23.883150">
        <ele>679.573</ele>
        <time>2015-04-19T15:35:21Z</time>
      </trkpt>
      <trkpt lat="45.760650" lon="23.883201">
        <ele>682.922</ele>
        <time>2015-04-19T15:35:29Z</time>
      </trkpt>
      <trkpt lat="45.760731" lon="23.883240">
        <ele>686.362</ele>
        <time>2015-04-19T15:35:35Z</time>
      </trkpt>
      <trkpt lat="45.760795" lon="23.883316">
        <ele>689.608</ele>
        <time>2015-04-19T15:35:42Z</time>
      </trkpt>
      <trkpt lat="45.760863" lon="23.883401">
        <ele>693.008</ele>
        <time>2015-04-19T15:35:50Z</time>
      </trkpt>
      <trkpt lat="45.760940" lon="23.883446">
        <ele>688.923</ele>
        <time>2015-04-19T15:35:56Z</time>
      </trkpt>
      <trkpt lat="45.760998" lon="23.883533">
        <ele>684.859</ele>
        <time>2015-04-19T15:36:02Z</time>
      </trkpt>
      <trkpt lat="45.761058" lon="23.883618">
        <ele>680.782</ele>
        <time>2015-04-19T15:36:13Z</time>
      </trkpt>
      <trkpt lat="45.761079" lon="23.883743">
        <ele>676.661</ele>
        <time>2015-04-19T15:36:24Z</time>
      </trkpt>
      <trkpt lat="45.761094" lon="23.883859">
        <ele>672.579</ele>
        <time>2015-04-19T15:36:36Z</time>
      </trkpt>
      <trkpt lat="45.761063" lon="23.883979">
        <ele>668.544</ele>
        <time>2015-04-19T15:36:44Z</time>
      </trkpt>
      <trkpt lat="45.761013" lon="23.884084">
        <ele>664.488</ele>
        <time>2015-04-19T15:36:53Z</time>
      </trkpt>
      <trkpt lat="45.760985" lon="23.884198">
        <ele>659.613</ele>
        <time>2015-04-19T15:37:01Z</time>
      </trkpt>
      <trkpt lat="45.760936" lon="23.884300">
        <ele>654.963</ele>
        <time>2015-04-19T15:37:08Z</time>
      </trkpt>
      <trkpt lat="45.760930" lon="23.884423">
        <ele>650.244</ele>
        <time>2015-04-19T15:37:15Z</time>
      </trkpt>
      <trkpt lat="45.760918" lon="23.884545">
        <ele>645.518</ele>
        <time>2015-04-19T15:37:23Z</time>
      </trkpt>
      <trkpt lat="45.760905" lon="23.884671">
        <ele>644.808</ele>
        <time>2015-04-19T15:37:32Z</time>
      </trkpt>
      <trkpt lat="45.760868" lon="23.884781">
        <ele>644.217</ele>
        <time>2015-04-19T15:37:40Z</time>
      </trkpt>
      <trkpt lat="45.760816" lon="23.884876">
        <ele>643.553</ele>
        <time>2015-04-19T15:37:48Z</time>
      </trkpt>
      <trkpt lat="45.760783" lon="23.884990">
        <ele>642.866</ele>
        <time>2015-04-19T15:37:56Z</time>
      </trkpt>
      <trkpt lat="45.760756" lon="23.885115">
        <ele>642.175</ele>
        <time>2015-04-19T15:38:03Z</time>
      </trkpt>
      <trkpt lat="45.760768" lon="23.885246">
        <ele>641.473</ele>
        <time>2015-04-19T15:38:12Z</time>
      </trkpt>
      <trkpt lat="45.760771" lon="23.885378">
        <ele>640.628</ele>
        <time>2015-04-19T15:38:19Z</time>
      </trkpt>
      <trkpt lat="45.760770" lon="23.885495">
        <ele>640.532</ele>
        <time>2015-04-19T15:38:25Z</time>
      </trkpt>
      <trkpt lat="45.760760" lon="23.885623">
        <ele>640.537</ele>
        <time>2015-04-19T15:38:34Z</time>
      </trkpt>
      <trkpt lat="45.760780" lon="23.885743">
        <ele>640.549</ele>
        <time>2015-04-19T15:38:42Z</time>
      </trkpt>
      <trkpt lat="45.760760" lon="23.885866">
        <ele>640.502</ele>
        <time>2015-04-19T15:38:49Z</time>
      </trkpt>
      <trkpt lat="45.760743" lon="23.885981">
        <ele>640.522</ele>
        <time>2015-04-19T15:38:56Z</time>
      </trkpt>
      <trkpt lat="45.760735" lon="23.886111">
        <ele>640.508</ele>
        <time>2015-04-19T15:39:02Z</time>
      </trkpt>
      <trkpt lat="45.760756" lon="23.886239">
        <ele>640.545</ele>
        <time>2015-04-19T15:39:09Z</time>
      </trkpt>
      <trkpt lat="45.760766" lon="23.886363">
        <ele>640.521</ele>
        <time>2015-04-19T15:39:17Z</time>
      </trkpt>
      <trkpt lat="45.760778" lon="23.886480">
        <ele>640.694</ele>
        <time>2015-04-19T15:39:25Z</time>
      </trkpt>
      <trkpt lat="45.760768" lon="23.886598">
        <ele>640.333</ele>
        <time>2015-04-19T15:39:32Z</time>
      </trkpt>
      <trkpt lat="45.760780" lon="23.886728">
        <ele>639.991</ele>
        <time>2015-04-19T15:39:39Z</time>
      </trkpt>
      <trkpt lat="45.760795" lon="23.886845">
        <ele>639.526</ele>
        <time>2015-04-19T15:41:41Z</time>
      </trkpt>
      <trkpt lat="45.760808" lon="23.886976">
        <ele>639.240</ele>
        <time>2015-04-19T15:41:49Z</time>
      </trkpt>
      <trkpt lat="45.760791" lon="23.887100">
        <ele>638.785</ele>
        <time>2015-04-19T15:41:56Z</time>
      </trkpt>
      <trkpt lat="45.760771" lon="23.887230">
        <ele>638.388</ele>
        <time>2015-04-19T15:42:02Z</time>
      </trkpt>
      <trkpt lat="45.760745" lon="23.887353">
        <ele>637.824</ele>
        <time>2015-04-19T15:42:09Z</time>
      </trkpt>
      <trkpt lat="45.760720" lon="23.887470">
        <ele>636.926</ele>
        <time>2015-04-19T15:42:18Z</time>
      </trkpt>
      <trkpt lat="45.760693" lon="23.887593">
        <ele>636.008</ele>
        <time>2015-04-19T15:42:26Z</time>
      </trkpt>
      <trkpt lat="45.760658" lon="23.887715">
        <ele>635.169</ele>
        <time>2015-04-19T15:42:34Z</time>
      </trkpt>
      <trkpt lat="45.760630" lon="23.887836">
        <ele>634.215</ele>
        <time>2015-04-19T15:42:41Z</time>
      </trkpt>
      <trkpt lat="45.760601" lon="23.887951">
        <ele>633.788</ele>
        <time>2015-04-19T15:42:48Z</time>
      </trkpt>
      <trkpt lat="45.760575" lon="23.888061">
        <ele>633.397</ele>
        <time>2015-04-19T15:42:56Z</time>
      </trkpt>
      <trkpt lat="45.760556" lon="23.888195">
        <ele>632.525</ele>
        <time>2015-04-19T15:43:02Z</time>
      </trkpt>
      <trkpt lat="45.760566" lon="23.888320">
        <ele>631.690</ele>
        <time>2015-04-19T15:43:09Z</time>
      </trkpt>
      <trkpt lat="45.760575" lon="23.888440">
        <ele>630.894</ele>
        <time>2015-04-19T15:43:17Z</time>
      </trkpt>
      <trkpt lat="45.760601" lon="23.888561">
        <ele>630.059</ele>
        <time>2015-04-19T15:43:28Z</time>
      </trkpt>
      <trkpt lat="45.760616" lon="23.888688">
        <ele>629.238</ele>
        <time>2015-04-19T15:43:37Z</time>
      </trkpt>
      <trkpt lat="45.760620" lon="23.888820">
        <ele>628.870</ele>
        <time>2015-04-19T15:43:44Z</time>
      </trkpt>
      <trkpt lat="45.760620" lon="23.888950">
        <ele>628.517</ele>
        <time>2015-04-19T15:43:51Z</time>
      </trkpt>
      <trkpt lat="45.760611" lon="23.889081">
        <ele>628.508</ele>
        <time>2015-04-19T15:43:57Z</time>
      </trkpt>
      <trkpt lat="45.760610" lon="23.889200">
        <ele>628.124</ele>
        <time>2015-04-19T15:44:03Z</time>
      </trkpt>
      <trkpt lat="45.760605" lon="23.889318">
        <ele>627.780</ele>
        <time>2015-04-19T15:44:08Z</time>
      </trkpt>
      <trkpt lat="45.760588" lon="23.889439">
        <ele>627.423</ele>
        <time>2015-04-19T15:44:15Z</time>
      </trkpt>
      <trkpt lat="45.760540" lon="23.889558">
        <ele>627.492</ele>
        <time>2015-04-19T15:44:22Z</time>
      </trkpt>
      <trkpt lat="45.760491" lon="23.889666">
        <ele>627.480</ele>
        <time>2015-04-19T15:44:29Z</time>
      </trkpt>
      <trkpt lat="45.760443" lon="23.889766">
        <ele>627.435</ele>
        <time>2015-04-19T15:44:37Z</time>
      </trkpt>
      <trkpt lat="45.760386" lon="23.889858">
        <ele>626.769</ele>
        <time>2015-04-19T15:44:45Z</time>
      </trkpt>
      <trkpt lat="45.760353" lon="23.889965">
        <ele>626.134</ele>
        <time>2015-04-19T15:44:54Z</time>
      </trkpt>
      <trkpt lat="45.760355" lon="23.890088">
        <ele>625.529</ele>
        <time>2015-04-19T15:45:02Z</time>
      </trkpt>
      <trkpt lat="45.760350" lon="23.890206">
        <ele>624.800</ele>
        <time>2015-04-19T15:45:08Z</time>
      </trkpt>
      <trkpt lat="45.760340" lon="23.890323">
        <ele>623.820</ele>
        <time>2015-04-19T15:45:14Z</time>
      </trkpt>
      <trkpt lat="45.760336" lon="23.890446">
        <ele>623.208</ele>
        <time>2015-04-19T15:45:20Z</time>
      </trkpt>
      <trkpt lat="45.760346" lon="23.890570">
        <ele>622.513</ele>
        <time>2015-04-19T15:45:27Z</time>
      </trkpt>
      <trkpt lat="45.760358" lon="23.890700">
        <ele>621.439</ele>
        <time>2015-04-19T15:45:33Z</time>
      </trkpt>
      <trkpt lat="45.760338" lon="23.890826">
        <ele>620.222</ele>
        <time>2015-04-19T15:45:40Z</time>
      </trkpt>
      <trkpt lat="45.760340" lon="23.890955">
        <ele>619.021</ele>
        <time>2015-04-19T15:45:50Z</time>
      </trkpt>
      <trkpt lat="45.760351" lon="23.891086">
        <ele>617.899</ele>
        <time>2015-04-19T15:45:57Z</time>
      </trkpt>
      <trkpt lat="45.760340" lon="23.891218">
        <ele>617.384</ele>
        <time>2015-04-19T15:46:04Z</time>
      </trkpt>
      <trkpt lat="45.760330" lon="23.891340">
        <ele>616.748</ele>
        <time>2015-04-19T15:46:11Z</time>
      </trkpt>
      <trkpt lat="45.760303" lon="23.891453">
        <ele>616.283</ele>
        <time>2015-04-19T15:46:17Z</time>
      </trkpt>
      <trkpt lat="45.760276" lon="23.891570">
        <ele>615.571</ele>
        <time>2015-04-19T15:46:24Z</time>
      </trkpt>
      <trkpt lat="45.760268" lon="23.891690">
        <ele>614.741</ele>
        <time>2015-04-19T15:46:30Z</time>
      </trkpt>
      <trkpt lat="45.760208" lon="23.891775">
        <ele>614.015</ele>
        <time>2015-04-19T15:46:35Z</time>
      </trkpt>
      <trkpt lat="45.760150" lon="23.891865">
        <ele>613.308</ele>
        <time>2015-04-19T15:46:40Z</time>
      </trkpt>
      <trkpt lat="45.760101" lon="23.891961">
        <ele>613.188</ele>
        <time>2015-04-19T15:46:46Z</time>
      </trkpt>
      <trkpt lat="45.760083" lon="23.892091">
        <ele>612.994</ele>
        <time>2015-04-19T15:46:56Z</time>
      </trkpt>
      <trkpt lat="45.760061" lon="23.892208">
        <ele>612.757</ele>
        <time>2015-04-19T15:47:04Z</time>
      </trkpt>
      <trkpt lat="45.760086" lon="23.892331">
        <ele>612.556</ele>
        <time>2015-04-19T15:47:15Z</time>
      </trkpt>
      <trkpt lat="45.760091" lon="23.892453">
        <ele>612.424</ele>
        <time>2015-04-19T15:47:23Z</time>
      </trkpt>
      <trkpt lat="45.760111" lon="23.892578">
        <ele>612.289</ele>
        <time>2015-04-19T15:47:32Z</time>
      </trkpt>
      <trkpt lat="45.760138" lon="23.892691">
        <ele>612.023</ele>
        <time>2015-04-19T15:47:41Z</time>
      </trkpt>
      <trkpt lat="45.760203" lon="23.892763">
        <ele>612.058</ele>
        <time>2015-04-19T15:47:51Z</time>
      </trkpt>
      <trkpt lat="45.760281" lon="23.892853">
        <ele>612.063</ele>
        <time>2015-04-19T15:48:12Z</time>
      </trkpt>
      <trkpt lat="45.760375" lon="23.892850">
        <ele>612.044</ele>
        <time>2015-04-19T15:48:24Z</time>
      </trkpt>
      <trkpt lat="45.760376" lon="23.892721">
        <ele>612.018</ele>
        <time>2015-04-19T15:48:36Z</time>
      </trkpt>
      <trkpt lat="45.760375" lon="23.892866">
        <ele>612.008</ele>
        <time>2015-04-19T15:49:08Z</time>
      </trkpt>
      <trkpt lat="45.760383" lon="23.892993">
        <ele>612.057</ele>
        <time>2015-04-19T15:49:12Z</time>
      </trkpt>
      <trkpt lat="45.760380" lon="23.893118">
        <ele>616.023</ele>
        <time>2015-04-19T15:49:17Z</time>
      </trkpt>
      <trkpt lat="45.760388" lon="23.893236">
        <ele>620.036</ele>
        <time>2015-04-19T15:49:21Z</time>
      </trkpt>
      <trkpt lat="45.760396" lon="23.893365">
        <ele>622.915</ele>
        <time>2015-04-19T15:49:25Z</time>
      </trkpt>
      <trkpt lat="45.760413" lon="23.893498">
        <ele>625.863</ele>
        <time>2015-04-19T15:49:31Z</time>
      </trkpt>
      <trkpt lat="45.760451" lon="23.893608">
        <ele>628.778</ele>
        <time>2015-04-19T15:49:38Z</time>
      </trkpt>
      <trkpt lat="45.760488" lon="23.893729">
        <ele>631.612</ele>
        <time>2015-04-19T15:49:46Z</time>
      </trkpt>
      <trkpt lat="45.760521" lon="23.893853">
        <ele>634.557</ele>
        <time>2015-04-19T15:49:52Z</time>
      </trkpt>
      <trkpt lat="45.760561" lon="23.893988">
        <ele>637.593</ele>
        <time>2015-04-19T15:49:57Z</time>
      </trkpt>
      <trkpt lat="45.760588" lon="23.894103">
        <ele>639.065</ele>
        <time>2015-04-19T15:50:02Z</time>
      </trkpt>
      <trkpt lat="45.760628" lon="23.894213">
        <ele>640.521</ele>
        <time>2015-04-19T15:50:08Z</time>
      </trkpt>
      <trkpt lat="45.760621" lon="23.894330">
        <ele>642.108</ele>
        <time>2015-04-19T15:50:14Z</time>
      </trkpt>
      <trkpt lat="45.760618" lon="23.894450">
        <ele>639.620</ele>
        <time>2015-04-19T15:50:22Z</time>
      </trkpt>
      <trkpt lat="45.760598" lon="23.894571">
        <ele>635.016</ele>
        <time>2015-04-19T15:50:30Z</time>
      </trkpt>
      <trkpt lat="45.760600" lon="23.894691">
        <ele>631.569</ele>
        <time>2015-04-19T15:50:35Z</time>
      </trkpt>
      <trkpt lat="45.760586" lon="23.894813">
        <ele>627.918</ele>
        <time>2015-04-19T15:50:41Z</time>
      </trkpt>
      <trkpt lat="45.760536" lon="23.894923">
        <ele>624.476</ele>
        <time>2015-04-19T15:50:48Z</time>
      </trkpt>
      <trkpt lat="45.760500" lon="23.895036">
        <ele>622.421</ele>
        <time>2015-04-19T15:50:56Z</time>
      </trkpt>
      <trkpt lat="45.760455" lon="23.895155">
        <ele>620.015</ele>
        <time>2015-04-19T15:51:01Z</time>
      </trkpt>
      <trkpt lat="45.760423" lon="23.895263">
        <ele>617.010</ele>
        <time>2015-04-19T15:51:06Z</time>
      </trkpt>
      <trkpt lat="45.760378" lon="23.895374">
        <ele>615.366</ele>
        <time>2015-04-19T15:51:13Z</time>
      </trkpt>
      <trkpt lat="45.760333" lon="23.895478">
        <ele>613.029</ele>
        <time>2015-04-19T15:51:20Z</time>
      </trkpt>
    </trkseg>
  </trk></gpx>