<?xml version="1.0" encoding="UTF-8"?>
<gpx creator="Wikiloc - https://www.wikiloc.com" version="1.1" xmlns="http://www.topografix.com/GPX/1/1" xmlns:xsi="http://www.w3.org/2001/XMLSchema-instance" xsi:schemaLocation="http://www.topografix.com/GPX/1/1 http://www.topografix.com/GPX/1/1/gpx.xsd">
  <metadata>
    <name>Wikiloc - Circuitul Galbenei - Hiking 5/2/16 11:02 am</name>
    <author>
      <name>Toni Grecu</name>
      <link href="https://www.wikiloc.com/wikiloc/user.do?id=2082631">
        <text>Toni Grecu on Wikiloc</text>
      </link>
    </author>
    <link href="https://www.wikiloc.com/hiking-trails/circuitul-galbenei-hiking-5-2-16-11-02-am-18029035">
      <text>Circuitul Galbenei - Hiking 5/2/16 11:02 am on Wikiloc</text>
    </link>
    <time>2016-05-02T14:15:22Z</time>
  </metadata>
  <trk>
    <name>Circuitul Galbenei - Hiking 5/2/16 11:02 am - Wikiloc</name>
    <cmt></cmt>
    <desc></desc>
    <trkseg>
      <trkpt lat="46.579973" lon="22.702830">
        <ele>1087.227</ele>
        <time>2016-05-02T08:02:19Z</time>
      </trkpt>
      <trkpt lat="46.579776" lon="22.702508">
        <ele>1087.168</ele>
        <time>2016-05-02T08:02:25Z</time>
      </trkpt>
      <trkpt lat="46.579791" lon="22.702663">
        <ele>1087.114</ele>
        <time>2016-05-02T08:02:26Z</time>
      </trkpt>
      <trkpt lat="46.579711" lon="22.702528">
        <ele>1087.108</ele>
        <time>2016-05-02T08:02:28Z</time>
      </trkpt>
      <trkpt lat="46.579717" lon="22.702217">
        <ele>1087.123</ele>
        <time>2016-05-02T08:02:30Z</time>
      </trkpt>
      <trkpt lat="46.579773" lon="22.702081">
        <ele>1088.020</ele>
        <time>2016-05-02T08:02:31Z</time>
      </trkpt>
      <trkpt lat="46.579923" lon="22.702601">
        <ele>1088.992</ele>
        <time>2016-05-02T08:02:33Z</time>
      </trkpt>
      <trkpt lat="46.579835" lon="22.702672">
        <ele>1089.814</ele>
        <time>2016-05-02T08:02:35Z</time>
      </trkpt>
      <trkpt lat="46.579851" lon="22.702797">
        <ele>1089.721</ele>
        <time>2016-05-02T08:02:37Z</time>
      </trkpt>
      <trkpt lat="46.579839" lon="22.702919">
        <ele>1089.682</ele>
        <time>2016-05-02T08:02:50Z</time>
      </trkpt>
      <trkpt lat="46.579781" lon="22.703024">
        <ele>1089.535</ele>
        <time>2016-05-02T08:02:56Z</time>
      </trkpt>
      <trkpt lat="46.579730" lon="22.703130">
        <ele>1089.457</ele>
        <time>2016-05-02T08:03:03Z</time>
      </trkpt>
      <trkpt lat="46.579640" lon="22.703173">
        <ele>1089.321</ele>
        <time>2016-05-02T08:03:13Z</time>
      </trkpt>
      <trkpt lat="46.579549" lon="22.703231">
        <ele>1089.241</ele>
        <time>2016-05-02T08:03:20Z</time>
      </trkpt>
      <trkpt lat="46.579475" lon="22.703284">
        <ele>1089.105</ele>
        <time>2016-05-02T08:03:26Z</time>
      </trkpt>
      <trkpt lat="46.579399" lon="22.703335">
        <ele>1089.008</ele>
        <time>2016-05-02T08:03:33Z</time>
      </trkpt>
      <trkpt lat="46.579323" lon="22.703381">
        <ele>1088.083</ele>
        <time>2016-05-02T08:03:39Z</time>
      </trkpt>
      <trkpt lat="46.579236" lon="22.703438">
        <ele>1087.030</ele>
        <time>2016-05-02T08:03:46Z</time>
      </trkpt>
      <trkpt lat="46.579152" lon="22.703488">
        <ele>1085.812</ele>
        <time>2016-05-02T08:03:53Z</time>
      </trkpt>
      <trkpt lat="46.579070" lon="22.703534">
        <ele>1085.624</ele>
        <time>2016-05-02T08:04:00Z</time>
      </trkpt>
      <trkpt lat="46.578986" lon="22.703566">
        <ele>1085.571</ele>
        <time>2016-05-02T08:04:08Z</time>
      </trkpt>
      <trkpt lat="46.578903" lon="22.703587">
        <ele>1085.392</ele>
        <time>2016-05-02T08:04:15Z</time>
      </trkpt>
      <trkpt lat="46.578819" lon="22.703604">
        <ele>1085.395</ele>
        <time>2016-05-02T08:04:23Z</time>
      </trkpt>
      <trkpt lat="46.578732" lon="22.703627">
        <ele>1085.397</ele>
        <time>2016-05-02T08:04:29Z</time>
      </trkpt>
      <trkpt lat="46.578653" lon="22.703663">
        <ele>1085.389</ele>
        <time>2016-05-02T08:04:35Z</time>
      </trkpt>
      <trkpt lat="46.578568" lon="22.703701">
        <ele>1085.306</ele>
        <time>2016-05-02T08:04:42Z</time>
      </trkpt>
      <trkpt lat="46.578490" lon="22.703742">
        <ele>1085.326</ele>
        <time>2016-05-02T08:04:48Z</time>
      </trkpt>
      <trkpt lat="46.578415" lon="22.703792">
        <ele>1085.308</ele>
        <time>2016-05-02T08:04:55Z</time>
      </trkpt>
      <trkpt lat="46.578328" lon="22.703813">
        <ele>1084.999</ele>
        <time>2016-05-02T08:05:02Z</time>
      </trkpt>
      <trkpt lat="46.578239" lon="22.703839">
        <ele>1084.746</ele>
        <time>2016-05-02T08:05:10Z</time>
      </trkpt>
      <trkpt lat="46.578146" lon="22.703861">
        <ele>1084.578</ele>
        <time>2016-05-02T08:05:18Z</time>
      </trkpt>
      <trkpt lat="46.578065" lon="22.703882">
        <ele>1084.470</ele>
        <time>2016-05-02T08:05:24Z</time>
      </trkpt>
      <trkpt lat="46.577980" lon="22.703928">
        <ele>1084.267</ele>
        <time>2016-05-02T08:05:30Z</time>
      </trkpt>
      <trkpt lat="46.577894" lon="22.703958">
        <ele>1083.878</ele>
        <time>2016-05-02T08:05:38Z</time>
      </trkpt>
      <trkpt lat="46.577813" lon="22.703977">
        <ele>1083.361</ele>
        <time>2016-05-02T08:05:44Z</time>
      </trkpt>
      <trkpt lat="46.577752" lon="22.704057">
        <ele>1082.713</ele>
        <time>2016-05-02T08:06:43Z</time>
      </trkpt>
      <trkpt lat="46.577822" lon="22.703993">
        <ele>1082.563</ele>
        <time>2016-05-02T08:07:20Z</time>
      </trkpt>
      <trkpt lat="46.577828" lon="22.703869">
        <ele>1082.444</ele>
        <time>2016-05-02T08:07:27Z</time>
      </trkpt>
      <trkpt lat="46.577890" lon="22.703766">
        <ele>1082.218</ele>
        <time>2016-05-02T08:07:33Z</time>
      </trkpt>
      <trkpt lat="46.577890" lon="22.703647">
        <ele>1082.408</ele>
        <time>2016-05-02T08:07:41Z</time>
      </trkpt>
      <trkpt lat="46.577924" lon="22.703510">
        <ele>1082.567</ele>
        <time>2016-05-02T08:07:52Z</time>
      </trkpt>
      <trkpt lat="46.577978" lon="22.703391">
        <ele>1082.744</ele>
        <time>2016-05-02T08:07:58Z</time>
      </trkpt>
      <trkpt lat="46.578010" lon="22.703275">
        <ele>1082.946</ele>
        <time>2016-05-02T08:08:04Z</time>
      </trkpt>
      <trkpt lat="46.578051" lon="22.703174">
        <ele>1083.148</ele>
        <time>2016-05-02T08:08:11Z</time>
      </trkpt>
      <trkpt lat="46.578126" lon="22.703121">
        <ele>1083.315</ele>
        <time>2016-05-02T08:08:23Z</time>
      </trkpt>
      <trkpt lat="46.578205" lon="22.703074">
        <ele>1083.686</ele>
        <time>2016-05-02T08:08:28Z</time>
      </trkpt>
      <trkpt lat="46.578286" lon="22.703094">
        <ele>1084.069</ele>
        <time>2016-05-02T08:08:33Z</time>
      </trkpt>
      <trkpt lat="46.578366" lon="22.703126">
        <ele>1084.371</ele>
        <time>2016-05-02T08:08:40Z</time>
      </trkpt>
      <trkpt lat="46.578451" lon="22.703121">
        <ele>1084.553</ele>
        <time>2016-05-02T08:08:47Z</time>
      </trkpt>
      <trkpt lat="46.578526" lon="22.703059">
        <ele>1084.804</ele>
        <time>2016-05-02T08:08:55Z</time>
      </trkpt>
      <trkpt lat="46.578601" lon="22.703010">
        <ele>1085.014</ele>
        <time>2016-05-02T08:09:03Z</time>
      </trkpt>
      <trkpt lat="46.578686" lon="22.702964">
        <ele>1085.208</ele>
        <time>2016-05-02T08:09:09Z</time>
      </trkpt>
      <trkpt lat="46.578754" lon="22.702887">
        <ele>1085.416</ele>
        <time>2016-05-02T08:09:16Z</time>
      </trkpt>
      <trkpt lat="46.578756" lon="22.702757">
        <ele>1085.533</ele>
        <time>2016-05-02T08:09:30Z</time>
      </trkpt>
      <trkpt lat="46.578765" lon="22.702635">
        <ele>1086.765</ele>
        <time>2016-05-02T08:09:43Z</time>
      </trkpt>
      <trkpt lat="46.578799" lon="22.702516">
        <ele>1087.987</ele>
        <time>2016-05-02T08:09:57Z</time>
      </trkpt>
      <trkpt lat="46.578844" lon="22.702411">
        <ele>1089.164</ele>
        <time>2016-05-02T08:10:20Z</time>
      </trkpt>
      <trkpt lat="46.578816" lon="22.702275">
        <ele>1090.315</ele>
        <time>2016-05-02T08:10:26Z</time>
      </trkpt>
      <trkpt lat="46.578797" lon="22.702157">
        <ele>1091.258</ele>
        <time>2016-05-02T08:10:36Z</time>
      </trkpt>
      <trkpt lat="46.578759" lon="22.702047">
        <ele>1092.150</ele>
        <time>2016-05-02T08:11:00Z</time>
      </trkpt>
      <trkpt lat="46.578723" lon="22.701935">
        <ele>1093.062</ele>
        <time>2016-05-02T08:11:18Z</time>
      </trkpt>
      <trkpt lat="46.578724" lon="22.701809">
        <ele>1095.683</ele>
        <time>2016-05-02T08:11:26Z</time>
      </trkpt>
      <trkpt lat="46.578766" lon="22.701691">
        <ele>1098.311</ele>
        <time>2016-05-02T08:11:32Z</time>
      </trkpt>
      <trkpt lat="46.578699" lon="22.701603">
        <ele>1100.908</ele>
        <time>2016-05-02T08:11:48Z</time>
      </trkpt>
      <trkpt lat="46.578690" lon="22.701468">
        <ele>1103.557</ele>
        <time>2016-05-02T08:12:02Z</time>
      </trkpt>
      <trkpt lat="46.578732" lon="22.701357">
        <ele>1105.224</ele>
        <time>2016-05-02T08:12:14Z</time>
      </trkpt>
      <trkpt lat="46.578739" lon="22.701223">
        <ele>1106.856</ele>
        <time>2016-05-02T08:12:20Z</time>
      </trkpt>
      <trkpt lat="46.578720" lon="22.701104">
        <ele>1108.558</ele>
        <time>2016-05-02T08:12:28Z</time>
      </trkpt>
      <trkpt lat="46.578773" lon="22.701013">
        <ele>1111.335</ele>
        <time>2016-05-02T08:12:34Z</time>
      </trkpt>
      <trkpt lat="46.578766" lon="22.700881">
        <ele>1114.146</ele>
        <time>2016-05-02T08:12:44Z</time>
      </trkpt>
      <trkpt lat="46.578761" lon="22.700739">
        <ele>1116.919</ele>
        <time>2016-05-02T08:12:51Z</time>
      </trkpt>
      <trkpt lat="46.578712" lon="22.700645">
        <ele>1119.711</ele>
        <time>2016-05-02T08:13:03Z</time>
      </trkpt>
      <trkpt lat="46.578723" lon="22.700522">
        <ele>1120.974</ele>
        <time>2016-05-02T08:13:18Z</time>
      </trkpt>
      <trkpt lat="46.578669" lon="22.700413">
        <ele>1122.156</ele>
        <time>2016-05-02T08:13:32Z</time>
      </trkpt>
      <trkpt lat="46.578585" lon="22.700371">
        <ele>1123.321</ele>
        <time>2016-05-02T08:13:43Z</time>
      </trkpt>
      <trkpt lat="46.578555" lon="22.700242">
        <ele>1124.508</ele>
        <time>2016-05-02T08:13:57Z</time>
      </trkpt>
      <trkpt lat="46.578516" lon="22.700123">
        <ele>1125.678</ele>
        <time>2016-05-02T08:14:07Z</time>
      </trkpt>
      <trkpt lat="46.578451" lon="22.700044">
        <ele>1128.635</ele>
        <time>2016-05-02T08:14:19Z</time>
      </trkpt>
      <trkpt lat="46.578391" lon="22.699947">
        <ele>1131.677</ele>
        <time>2016-05-02T08:14:31Z</time>
      </trkpt>
      <trkpt lat="46.578369" lon="22.699833">
        <ele>1133.539</ele>
        <time>2016-05-02T08:14:45Z</time>
      </trkpt>
      <trkpt lat="46.578307" lon="22.699757">
        <ele>1135.086</ele>
        <time>2016-05-02T08:14:52Z</time>
      </trkpt>
      <trkpt lat="46.578225" lon="22.699712">
        <ele>1136.577</ele>
        <time>2016-05-02T08:15:05Z</time>
      </trkpt>
      <trkpt lat="46.578180" lon="22.699610">
        <ele>1138.150</ele>
        <time>2016-05-02T08:15:28Z</time>
      </trkpt>
      <trkpt lat="46.578099" lon="22.699591">
        <ele>1139.622</ele>
        <time>2016-05-02T08:15:58Z</time>
      </trkpt>
      <trkpt lat="46.578015" lon="22.699572">
        <ele>1141.248</ele>
        <time>2016-05-02T08:16:53Z</time>
      </trkpt>
      <trkpt lat="46.577935" lon="22.699544">
        <ele>1142.761</ele>
        <time>2016-05-02T08:17:06Z</time>
      </trkpt>
      <trkpt lat="46.577860" lon="22.699491">
        <ele>1144.317</ele>
        <time>2016-05-02T08:17:43Z</time>
      </trkpt>
      <trkpt lat="46.577775" lon="22.699429">
        <ele>1145.808</ele>
        <time>2016-05-02T08:18:01Z</time>
      </trkpt>
      <trkpt lat="46.577707" lon="22.699358">
        <ele>1146.425</ele>
        <time>2016-05-02T08:18:13Z</time>
      </trkpt>
      <trkpt lat="46.577670" lon="22.699237">
        <ele>1146.982</ele>
        <time>2016-05-02T08:18:25Z</time>
      </trkpt>
      <trkpt lat="46.577641" lon="22.699123">
        <ele>1147.574</ele>
        <time>2016-05-02T08:18:45Z</time>
      </trkpt>
      <trkpt lat="46.577642" lon="22.698997">
        <ele>1148.316</ele>
        <time>2016-05-02T08:18:53Z</time>
      </trkpt>
      <trkpt lat="46.577626" lon="22.698880">
        <ele>1149.193</ele>
        <time>2016-05-02T08:19:02Z</time>
      </trkpt>
      <trkpt lat="46.577613" lon="22.698757">
        <ele>1149.984</ele>
        <time>2016-05-02T08:19:16Z</time>
      </trkpt>
      <trkpt lat="46.577550" lon="22.698676">
        <ele>1150.787</ele>
        <time>2016-05-02T08:19:36Z</time>
      </trkpt>
      <trkpt lat="46.577553" lon="22.698552">
        <ele>1151.539</ele>
        <time>2016-05-02T08:21:13Z</time>
      </trkpt>
      <trkpt lat="46.577608" lon="22.698453">
        <ele>1153.895</ele>
        <time>2016-05-02T08:21:45Z</time>
      </trkpt>
      <trkpt lat="46.577661" lon="22.698359">
        <ele>1156.149</ele>
        <time>2016-05-02T08:21:57Z</time>
      </trkpt>
      <trkpt lat="46.577725" lon="22.698278">
        <ele>1158.423</ele>
        <time>2016-05-02T08:22:07Z</time>
      </trkpt>
      <trkpt lat="46.577673" lon="22.698162">
        <ele>1159.808</ele>
        <time>2016-05-02T08:22:30Z</time>
      </trkpt>
      <trkpt lat="46.577721" lon="22.698053">
        <ele>1162.320</ele>
        <time>2016-05-02T08:22:43Z</time>
      </trkpt>
      <trkpt lat="46.577755" lon="22.697942">
        <ele>1164.727</ele>
        <time>2016-05-02T08:22:52Z</time>
      </trkpt>
      <trkpt lat="46.577774" lon="22.697827">
        <ele>1167.289</ele>
        <time>2016-05-02T08:23:12Z</time>
      </trkpt>
      <trkpt lat="46.577851" lon="22.697770">
        <ele>1169.631</ele>
        <time>2016-05-02T08:23:40Z</time>
      </trkpt>
      <trkpt lat="46.577915" lon="22.697690">
        <ele>1172.148</ele>
        <time>2016-05-02T08:23:46Z</time>
      </trkpt>
      <trkpt lat="46.577985" lon="22.697612">
        <ele>1175.749</ele>
        <time>2016-05-02T08:23:53Z</time>
      </trkpt>
      <trkpt lat="46.578039" lon="22.697522">
        <ele>1179.472</ele>
        <time>2016-05-02T08:24:02Z</time>
      </trkpt>
      <trkpt lat="46.578099" lon="22.697439">
        <ele>1181.584</ele>
        <time>2016-05-02T08:24:12Z</time>
      </trkpt>
      <trkpt lat="46.578170" lon="22.697367">
        <ele>1183.763</ele>
        <time>2016-05-02T08:24:25Z</time>
      </trkpt>
      <trkpt lat="46.578227" lon="22.697279">
        <ele>1185.944</ele>
        <time>2016-05-02T08:24:35Z</time>
      </trkpt>
      <trkpt lat="46.578208" lon="22.697163">
        <ele>1188.118</ele>
        <time>2016-05-02T08:24:43Z</time>
      </trkpt>
      <trkpt lat="46.578196" lon="22.697023">
        <ele>1189.308</ele>
        <time>2016-05-02T08:24:52Z</time>
      </trkpt>
      <trkpt lat="46.578212" lon="22.696892">
        <ele>1190.057</ele>
        <time>2016-05-02T08:25:04Z</time>
      </trkpt>
      <trkpt lat="46.578187" lon="22.696766">
        <ele>1190.734</ele>
        <time>2016-05-02T08:25:22Z</time>
      </trkpt>
      <trkpt lat="46.578121" lon="22.696663">
        <ele>1191.516</ele>
        <time>2016-05-02T08:25:32Z</time>
      </trkpt>
      <trkpt lat="46.578058" lon="22.696576">
        <ele>1193.488</ele>
        <time>2016-05-02T08:25:40Z</time>
      </trkpt>
      <trkpt lat="46.578005" lon="22.696475">
        <ele>1194.155</ele>
        <time>2016-05-02T08:25:51Z</time>
      </trkpt>
      <trkpt lat="46.577926" lon="22.696426">
        <ele>1194.876</ele>
        <time>2016-05-02T08:26:04Z</time>
      </trkpt>
      <trkpt lat="46.577843" lon="22.696422">
        <ele>1195.569</ele>
        <time>2016-05-02T08:26:18Z</time>
      </trkpt>
      <trkpt lat="46.577760" lon="22.696406">
        <ele>1196.331</ele>
        <time>2016-05-02T08:27:15Z</time>
      </trkpt>
      <trkpt lat="46.577681" lon="22.696352">
        <ele>1197.021</ele>
        <time>2016-05-02T08:27:25Z</time>
      </trkpt>
      <trkpt lat="46.577605" lon="22.696281">
        <ele>1197.741</ele>
        <time>2016-05-02T08:27:46Z</time>
      </trkpt>
      <trkpt lat="46.577524" lon="22.696257">
        <ele>1197.605</ele>
        <time>2016-05-02T08:27:56Z</time>
      </trkpt>
      <trkpt lat="46.577433" lon="22.696256">
        <ele>1198.008</ele>
        <time>2016-05-02T08:28:02Z</time>
      </trkpt>
      <trkpt lat="46.577348" lon="22.696222">
        <ele>1198.413</ele>
        <time>2016-05-02T08:28:07Z</time>
      </trkpt>
      <trkpt lat="46.577261" lon="22.696191">
        <ele>1198.750</ele>
        <time>2016-05-02T08:28:16Z</time>
      </trkpt>
      <trkpt lat="46.577182" lon="22.696162">
        <ele>1197.972</ele>
        <time>2016-05-02T08:28:22Z</time>
      </trkpt>
      <trkpt lat="46.577101" lon="22.696132">
        <ele>1197.184</ele>
        <time>2016-05-02T08:28:33Z</time>
      </trkpt>
      <trkpt lat="46.577012" lon="22.696128">
        <ele>1196.321</ele>
        <time>2016-05-02T08:28:38Z</time>
      </trkpt>
      <trkpt lat="46.576925" lon="22.696114">
        <ele>1195.522</ele>
        <time>2016-05-02T08:28:45Z</time>
      </trkpt>
      <trkpt lat="46.576834" lon="22.696120">
        <ele>1194.635</ele>
        <time>2016-05-02T08:28:57Z</time>
      </trkpt>
      <trkpt lat="46.576752" lon="22.696124">
        <ele>1193.837</ele>
        <time>2016-05-02T08:29:10Z</time>
      </trkpt>
      <trkpt lat="46.576670" lon="22.696128">
        <ele>1192.212</ele>
        <time>2016-05-02T08:29:21Z</time>
      </trkpt>
      <trkpt lat="46.576584" lon="22.696110">
        <ele>1191.432</ele>
        <time>2016-05-02T08:29:32Z</time>
      </trkpt>
      <trkpt lat="46.576504" lon="22.696074">
        <ele>1190.505</ele>
        <time>2016-05-02T08:29:42Z</time>
      </trkpt>
      <trkpt lat="46.576410" lon="22.696045">
        <ele>1189.708</ele>
        <time>2016-05-02T08:29:55Z</time>
      </trkpt>
      <trkpt lat="46.576336" lon="22.695977">
        <ele>1188.962</ele>
        <time>2016-05-02T08:29:59Z</time>
      </trkpt>
      <trkpt lat="46.576248" lon="22.696003">
        <ele>1188.169</ele>
        <time>2016-05-02T08:30:03Z</time>
      </trkpt>
      <trkpt lat="46.576166" lon="22.695975">
        <ele>1187.341</ele>
        <time>2016-05-02T08:30:11Z</time>
      </trkpt>
      <trkpt lat="46.576053" lon="22.695935">
        <ele>1186.573</ele>
        <time>2016-05-02T08:30:28Z</time>
      </trkpt>
      <trkpt lat="46.575947" lon="22.695935">
        <ele>1185.640</ele>
        <time>2016-05-02T08:30:33Z</time>
      </trkpt>
      <trkpt lat="46.575867" lon="22.695985">
        <ele>1184.881</ele>
        <time>2016-05-02T08:30:39Z</time>
      </trkpt>
      <trkpt lat="46.575787" lon="22.695935">
        <ele>1183.564</ele>
        <time>2016-05-02T08:30:55Z</time>
      </trkpt>
      <trkpt lat="46.575698" lon="22.695932">
        <ele>1183.156</ele>
        <time>2016-05-02T08:31:44Z</time>
      </trkpt>
      <trkpt lat="46.575721" lon="22.695816">
        <ele>1182.674</ele>
        <time>2016-05-02T08:32:12Z</time>
      </trkpt>
      <trkpt lat="46.575778" lon="22.695720">
        <ele>1182.256</ele>
        <time>2016-05-02T08:32:24Z</time>
      </trkpt>
      <trkpt lat="46.575760" lon="22.695604">
        <ele>1181.721</ele>
        <time>2016-05-02T08:32:33Z</time>
      </trkpt>
      <trkpt lat="46.575780" lon="22.695477">
        <ele>1181.308</ele>
        <time>2016-05-02T08:32:40Z</time>
      </trkpt>
      <trkpt lat="46.575852" lon="22.695393">
        <ele>1180.858</ele>
        <time>2016-05-02T08:32:49Z</time>
      </trkpt>
      <trkpt lat="46.575896" lon="22.695280">
        <ele>1180.445</ele>
        <time>2016-05-02T08:32:56Z</time>
      </trkpt>
      <trkpt lat="46.575928" lon="22.695148">
        <ele>1181.327</ele>
        <time>2016-05-02T08:33:00Z</time>
      </trkpt>
      <trkpt lat="46.575976" lon="22.695051">
        <ele>1182.239</ele>
        <time>2016-05-02T08:33:06Z</time>
      </trkpt>
      <trkpt lat="46.576026" lon="22.694910">
        <ele>1182.816</ele>
        <time>2016-05-02T08:33:12Z</time>
      </trkpt>
      <trkpt lat="46.576126" lon="22.694918">
        <ele>1183.927</ele>
        <time>2016-05-02T08:33:36Z</time>
      </trkpt>
      <trkpt lat="46.576207" lon="22.694831">
        <ele>1185.050</ele>
        <time>2016-05-02T08:33:40Z</time>
      </trkpt>
      <trkpt lat="46.576270" lon="22.694739">
        <ele>1186.192</ele>
        <time>2016-05-02T08:33:51Z</time>
      </trkpt>
      <trkpt lat="46.576328" lon="22.694601">
        <ele>1187.255</ele>
        <time>2016-05-02T08:34:03Z</time>
      </trkpt>
      <trkpt lat="46.576392" lon="22.694528">
        <ele>1188.307</ele>
        <time>2016-05-02T08:34:07Z</time>
      </trkpt>
      <trkpt lat="46.576463" lon="22.694442">
        <ele>1189.417</ele>
        <time>2016-05-02T08:34:17Z</time>
      </trkpt>
      <trkpt lat="46.576494" lon="22.694314">
        <ele>1190.508</ele>
        <time>2016-05-02T08:34:29Z</time>
      </trkpt>
      <trkpt lat="46.576546" lon="22.694199">
        <ele>1191.166</ele>
        <time>2016-05-02T08:34:37Z</time>
      </trkpt>
      <trkpt lat="46.576585" lon="22.694095">
        <ele>1190.433</ele>
        <time>2016-05-02T08:34:43Z</time>
      </trkpt>
      <trkpt lat="46.576573" lon="22.693966">
        <ele>1189.685</ele>
        <time>2016-05-02T08:34:48Z</time>
      </trkpt>
      <trkpt lat="46.576559" lon="22.693847">
        <ele>1189.227</ele>
        <time>2016-05-02T08:34:56Z</time>
      </trkpt>
      <trkpt lat="46.576493" lon="22.693761">
        <ele>1188.754</ele>
        <time>2016-05-02T08:35:03Z</time>
      </trkpt>
      <trkpt lat="46.576445" lon="22.693638">
        <ele>1187.475</ele>
        <time>2016-05-02T08:35:10Z</time>
      </trkpt>
      <trkpt lat="46.576395" lon="22.693533">
        <ele>1186.038</ele>
        <time>2016-05-02T08:35:16Z</time>
      </trkpt>
      <trkpt lat="46.576345" lon="22.693431">
        <ele>1184.530</ele>
        <time>2016-05-02T08:35:21Z</time>
      </trkpt>
      <trkpt lat="46.576300" lon="22.693328">
        <ele>1182.921</ele>
        <time>2016-05-02T08:35:29Z</time>
      </trkpt>
      <trkpt lat="46.576284" lon="22.693211">
        <ele>1181.441</ele>
        <time>2016-05-02T08:35:37Z</time>
      </trkpt>
      <trkpt lat="46.576244" lon="22.693097">
        <ele>1179.805</ele>
        <time>2016-05-02T08:35:44Z</time>
      </trkpt>
      <trkpt lat="46.576216" lon="22.692981">
        <ele>1178.708</ele>
        <time>2016-05-02T08:35:55Z</time>
      </trkpt>
      <trkpt lat="46.576157" lon="22.692876">
        <ele>1177.623</ele>
        <time>2016-05-02T08:36:03Z</time>
      </trkpt>
      <trkpt lat="46.576087" lon="22.692777">
        <ele>1176.510</ele>
        <time>2016-05-02T08:36:09Z</time>
      </trkpt>
      <trkpt lat="46.576042" lon="22.692676">
        <ele>1175.532</ele>
        <time>2016-05-02T08:36:15Z</time>
      </trkpt>
      <trkpt lat="46.575980" lon="22.692580">
        <ele>1173.764</ele>
        <time>2016-05-02T08:36:26Z</time>
      </trkpt>
      <trkpt lat="46.575975" lon="22.692454">
        <ele>1172.981</ele>
        <time>2016-05-02T08:36:35Z</time>
      </trkpt>
      <trkpt lat="46.575966" lon="22.692333">
        <ele>1172.182</ele>
        <time>2016-05-02T08:36:47Z</time>
      </trkpt>
      <trkpt lat="46.575916" lon="22.692235">
        <ele>1171.555</ele>
        <time>2016-05-02T08:36:55Z</time>
      </trkpt>
      <trkpt lat="46.575841" lon="22.692165">
        <ele>1170.817</ele>
        <time>2016-05-02T08:37:00Z</time>
      </trkpt>
      <trkpt lat="46.575783" lon="22.692059">
        <ele>1170.214</ele>
        <time>2016-05-02T08:37:13Z</time>
      </trkpt>
      <trkpt lat="46.575693" lon="22.692008">
        <ele>1169.154</ele>
        <time>2016-05-02T08:37:18Z</time>
      </trkpt>
      <trkpt lat="46.575649" lon="22.691903">
        <ele>1168.009</ele>
        <time>2016-05-02T08:37:27Z</time>
      </trkpt>
      <trkpt lat="46.575591" lon="22.691819">
        <ele>1166.908</ele>
        <time>2016-05-02T08:37:38Z</time>
      </trkpt>
      <trkpt lat="46.575560" lon="22.691705">
        <ele>1165.662</ele>
        <time>2016-05-02T08:37:48Z</time>
      </trkpt>
      <trkpt lat="46.575474" lon="22.691613">
        <ele>1164.499</ele>
        <time>2016-05-02T08:37:59Z</time>
      </trkpt>
      <trkpt lat="46.575388" lon="22.691552">
        <ele>1163.781</ele>
        <time>2016-05-02T08:38:04Z</time>
      </trkpt>
      <trkpt lat="46.575356" lon="22.691438">
        <ele>1163.153</ele>
        <time>2016-05-02T08:38:09Z</time>
      </trkpt>
      <trkpt lat="46.575336" lon="22.691315">
        <ele>1162.540</ele>
        <time>2016-05-02T08:38:23Z</time>
      </trkpt>
      <trkpt lat="46.575301" lon="22.691202">
        <ele>1161.831</ele>
        <time>2016-05-02T08:38:35Z</time>
      </trkpt>
      <trkpt lat="46.575271" lon="22.691089">
        <ele>1161.284</ele>
        <time>2016-05-02T08:38:46Z</time>
      </trkpt>
      <trkpt lat="46.575228" lon="22.690979">
        <ele>1160.566</ele>
        <time>2016-05-02T08:38:52Z</time>
      </trkpt>
      <trkpt lat="46.575235" lon="22.690855">
        <ele>1160.228</ele>
        <time>2016-05-02T08:39:02Z</time>
      </trkpt>
      <trkpt lat="46.575167" lon="22.690785">
        <ele>1159.989</ele>
        <time>2016-05-02T08:39:09Z</time>
      </trkpt>
      <trkpt lat="46.575119" lon="22.690676">
        <ele>1159.617</ele>
        <time>2016-05-02T08:39:20Z</time>
      </trkpt>
      <trkpt lat="46.575087" lon="22.690568">
        <ele>1159.508</ele>
        <time>2016-05-02T08:39:32Z</time>
      </trkpt>
      <trkpt lat="46.575089" lon="22.690414">
        <ele>1159.553</ele>
        <time>2016-05-02T08:39:46Z</time>
      </trkpt>
      <trkpt lat="46.575055" lon="22.690305">
        <ele>1159.470</ele>
        <time>2016-05-02T08:39:52Z</time>
      </trkpt>
      <trkpt lat="46.574995" lon="22.690219">
        <ele>1159.122</ele>
        <time>2016-05-02T08:40:00Z</time>
      </trkpt>
      <trkpt lat="46.574960" lon="22.690093">
        <ele>1158.884</ele>
        <time>2016-05-02T08:40:12Z</time>
      </trkpt>
      <trkpt lat="46.574934" lon="22.689979">
        <ele>1158.571</ele>
        <time>2016-05-02T08:40:21Z</time>
      </trkpt>
      <trkpt lat="46.574957" lon="22.689861">
        <ele>1158.342</ele>
        <time>2016-05-02T08:40:31Z</time>
      </trkpt>
      <trkpt lat="46.574919" lon="22.689751">
        <ele>1158.115</ele>
        <time>2016-05-02T08:40:37Z</time>
      </trkpt>
      <trkpt lat="46.574896" lon="22.689633">
        <ele>1157.927</ele>
        <time>2016-05-02T08:40:44Z</time>
      </trkpt>
      <trkpt lat="46.574876" lon="22.689515">
        <ele>1157.722</ele>
        <time>2016-05-02T08:40:51Z</time>
      </trkpt>
      <trkpt lat="46.574832" lon="22.689412">
        <ele>1157.462</ele>
        <time>2016-05-02T08:41:05Z</time>
      </trkpt>
      <trkpt lat="46.574772" lon="22.689311">
        <ele>1157.008</ele>
        <time>2016-05-02T08:41:16Z</time>
      </trkpt>
      <trkpt lat="46.574731" lon="22.689194">
        <ele>1156.608</ele>
        <time>2016-05-02T08:41:23Z</time>
      </trkpt>
      <trkpt lat="46.574757" lon="22.689067">
        <ele>1156.323</ele>
        <time>2016-05-02T08:41:31Z</time>
      </trkpt>
      <trkpt lat="46.574737" lon="22.688948">
        <ele>1156.120</ele>
        <time>2016-05-02T08:41:43Z</time>
      </trkpt>
      <trkpt lat="46.574747" lon="22.688825">
        <ele>1156.562</ele>
        <time>2016-05-02T08:41:52Z</time>
      </trkpt>
      <trkpt lat="46.574716" lon="22.688716">
        <ele>1157.054</ele>
        <time>2016-05-02T08:42:07Z</time>
      </trkpt>
      <trkpt lat="46.574658" lon="22.688624">
        <ele>1157.591</ele>
        <time>2016-05-02T08:42:13Z</time>
      </trkpt>
      <trkpt lat="46.574665" lon="22.688495">
        <ele>1158.172</ele>
        <time>2016-05-02T08:42:27Z</time>
      </trkpt>
      <trkpt lat="46.574626" lon="22.688383">
        <ele>1158.725</ele>
        <time>2016-05-02T08:42:34Z</time>
      </trkpt>
      <trkpt lat="46.574565" lon="22.688304">
        <ele>1159.487</ele>
        <time>2016-05-02T08:42:43Z</time>
      </trkpt>
      <trkpt lat="46.574585" lon="22.688185">
        <ele>1160.213</ele>
        <time>2016-05-02T08:43:01Z</time>
      </trkpt>
      <trkpt lat="46.574524" lon="22.688100">
        <ele>1161.043</ele>
        <time>2016-05-02T08:43:08Z</time>
      </trkpt>
      <trkpt lat="46.574493" lon="22.687988">
        <ele>1161.807</ele>
        <time>2016-05-02T08:43:20Z</time>
      </trkpt>
      <trkpt lat="46.574436" lon="22.687902">
        <ele>1162.608</ele>
        <time>2016-05-02T08:43:48Z</time>
      </trkpt>
      <trkpt lat="46.574507" lon="22.687840">
        <ele>1163.522</ele>
        <time>2016-05-02T08:45:51Z</time>
      </trkpt>
      <trkpt lat="46.574459" lon="22.687738">
        <ele>1163.699</ele>
        <time>2016-05-02T08:46:35Z</time>
      </trkpt>
      <trkpt lat="46.574385" lon="22.687682">
        <ele>1163.871</ele>
        <time>2016-05-02T08:46:42Z</time>
      </trkpt>
      <trkpt lat="46.574317" lon="22.687601">
        <ele>1164.043</ele>
        <time>2016-05-02T08:47:03Z</time>
      </trkpt>
      <trkpt lat="46.574299" lon="22.687479">
        <ele>1164.360</ele>
        <time>2016-05-02T08:47:10Z</time>
      </trkpt>
      <trkpt lat="46.574226" lon="22.687405">
        <ele>1164.591</ele>
        <time>2016-05-02T08:47:16Z</time>
      </trkpt>
      <trkpt lat="46.574141" lon="22.687341">
        <ele>1164.884</ele>
        <time>2016-05-02T08:47:26Z</time>
      </trkpt>
      <trkpt lat="46.574058" lon="22.687312">
        <ele>1168.016</ele>
        <time>2016-05-02T08:47:30Z</time>
      </trkpt>
      <trkpt lat="46.573982" lon="22.687247">
        <ele>1171.238</ele>
        <time>2016-05-02T08:47:38Z</time>
      </trkpt>
      <trkpt lat="46.573924" lon="22.687156">
        <ele>1174.470</ele>
        <time>2016-05-02T08:47:54Z</time>
      </trkpt>
      <trkpt lat="46.573865" lon="22.687064">
        <ele>1177.517</ele>
        <time>2016-05-02T08:48:10Z</time>
      </trkpt>
      <trkpt lat="46.573810" lon="22.686968">
        <ele>1180.708</ele>
        <time>2016-05-02T08:48:17Z</time>
      </trkpt>
      <trkpt lat="46.573718" lon="22.686881">
        <ele>1183.994</ele>
        <time>2016-05-02T08:48:25Z</time>
      </trkpt>
      <trkpt lat="46.573638" lon="22.686820">
        <ele>1187.151</ele>
        <time>2016-05-02T08:48:34Z</time>
      </trkpt>
      <trkpt lat="46.573619" lon="22.686702">
        <ele>1190.393</ele>
        <time>2016-05-02T08:48:46Z</time>
      </trkpt>
      <trkpt lat="46.573569" lon="22.686590">
        <ele>1193.215</ele>
        <time>2016-05-02T08:49:13Z</time>
      </trkpt>
      <trkpt lat="46.573470" lon="22.686552">
        <ele>1196.192</ele>
        <time>2016-05-02T08:49:25Z</time>
      </trkpt>
      <trkpt lat="46.573383" lon="22.686501">
        <ele>1201.333</ele>
        <time>2016-05-02T08:49:48Z</time>
      </trkpt>
      <trkpt lat="46.573300" lon="22.686489">
        <ele>1203.526</ele>
        <time>2016-05-02T08:50:00Z</time>
      </trkpt>
      <trkpt lat="46.573216" lon="22.686473">
        <ele>1205.968</ele>
        <time>2016-05-02T08:50:45Z</time>
      </trkpt>
      <trkpt lat="46.573127" lon="22.686459">
        <ele>1208.351</ele>
        <time>2016-05-02T08:50:49Z</time>
      </trkpt>
      <trkpt lat="46.573039" lon="22.686419">
        <ele>1210.601</ele>
        <time>2016-05-02T08:51:21Z</time>
      </trkpt>
      <trkpt lat="46.572955" lon="22.686404">
        <ele>1213.011</ele>
        <time>2016-05-02T08:51:31Z</time>
      </trkpt>
      <trkpt lat="46.572871" lon="22.686380">
        <ele>1215.408</ele>
        <time>2016-05-02T08:51:57Z</time>
      </trkpt>
      <trkpt lat="46.572789" lon="22.686349">
        <ele>1217.746</ele>
        <time>2016-05-02T08:52:08Z</time>
      </trkpt>
      <trkpt lat="46.572716" lon="22.686288">
        <ele>1220.113</ele>
        <time>2016-05-02T08:52:21Z</time>
      </trkpt>
      <trkpt lat="46.572626" lon="22.686263">
        <ele>1222.555</ele>
        <time>2016-05-02T08:52:26Z</time>
      </trkpt>
      <trkpt lat="46.572560" lon="22.686185">
        <ele>1224.817</ele>
        <time>2016-05-02T08:52:46Z</time>
      </trkpt>
      <trkpt lat="46.572484" lon="22.686138">
        <ele>1226.164</ele>
        <time>2016-05-02T08:52:57Z</time>
      </trkpt>
      <trkpt lat="46.572399" lon="22.686142">
        <ele>1227.445</ele>
        <time>2016-05-02T08:53:31Z</time>
      </trkpt>
      <trkpt lat="46.572316" lon="22.686108">
        <ele>1229.018</ele>
        <time>2016-05-02T08:53:38Z</time>
      </trkpt>
      <trkpt lat="46.572235" lon="22.686107">
        <ele>1230.270</ele>
        <time>2016-05-02T08:53:50Z</time>
      </trkpt>
      <trkpt lat="46.572150" lon="22.686105">
        <ele>1231.417</ele>
        <time>2016-05-02T08:53:58Z</time>
      </trkpt>
      <trkpt lat="46.572082" lon="22.686220">
        <ele>1232.587</ele>
        <time>2016-05-02T08:54:11Z</time>
      </trkpt>
      <trkpt lat="46.572008" lon="22.686279">
        <ele>1233.715</ele>
        <time>2016-05-02T08:54:58Z</time>
      </trkpt>
      <trkpt lat="46.572063" lon="22.686370">
        <ele>1234.908</ele>
        <time>2016-05-02T08:58:33Z</time>
      </trkpt>
      <trkpt lat="46.571982" lon="22.686336">
        <ele>1236.142</ele>
        <time>2016-05-02T08:59:52Z</time>
      </trkpt>
      <trkpt lat="46.571903" lon="22.686306">
        <ele>1237.329</ele>
        <time>2016-05-02T09:00:01Z</time>
      </trkpt>
      <trkpt lat="46.571814" lon="22.686287">
        <ele>1238.941</ele>
        <time>2016-05-02T09:00:09Z</time>
      </trkpt>
      <trkpt lat="46.571714" lon="22.686272">
        <ele>1239.423</ele>
        <time>2016-05-02T09:00:17Z</time>
      </trkpt>
      <trkpt lat="46.571630" lon="22.686327">
        <ele>1239.490</ele>
        <time>2016-05-02T09:00:23Z</time>
      </trkpt>
      <trkpt lat="46.571552" lon="22.686280">
        <ele>1238.821</ele>
        <time>2016-05-02T09:00:42Z</time>
      </trkpt>
      <trkpt lat="46.571445" lon="22.686329">
        <ele>1238.734</ele>
        <time>2016-05-02T09:01:33Z</time>
      </trkpt>
      <trkpt lat="46.571368" lon="22.686389">
        <ele>1238.626</ele>
        <time>2016-05-02T09:01:49Z</time>
      </trkpt>
      <trkpt lat="46.571283" lon="22.686416">
        <ele>1238.547</ele>
        <time>2016-05-02T09:02:48Z</time>
      </trkpt>
      <trkpt lat="46.571300" lon="22.686293">
        <ele>1238.529</ele>
        <time>2016-05-02T09:03:14Z</time>
      </trkpt>
      <trkpt lat="46.571212" lon="22.686244">
        <ele>1238.421</ele>
        <time>2016-05-02T09:03:23Z</time>
      </trkpt>
      <trkpt lat="46.571159" lon="22.686146">
        <ele>1237.708</ele>
        <time>2016-05-02T09:03:38Z</time>
      </trkpt>
      <trkpt lat="46.571145" lon="22.686027">
        <ele>1237.135</ele>
        <time>2016-05-02T09:03:54Z</time>
      </trkpt>
      <trkpt lat="46.571170" lon="22.685910">
        <ele>1236.092</ele>
        <time>2016-05-02T09:04:06Z</time>
      </trkpt>
      <trkpt lat="46.571189" lon="22.685781">
        <ele>1234.944</ele>
        <time>2016-05-02T09:04:18Z</time>
      </trkpt>
      <trkpt lat="46.571145" lon="22.685670">
        <ele>1234.346</ele>
        <time>2016-05-02T09:04:26Z</time>
      </trkpt>
      <trkpt lat="46.571147" lon="22.685533">
        <ele>1233.763</ele>
        <time>2016-05-02T09:04:41Z</time>
      </trkpt>
      <trkpt lat="46.571127" lon="22.685416">
        <ele>1233.254</ele>
        <time>2016-05-02T09:04:51Z</time>
      </trkpt>
      <trkpt lat="46.571109" lon="22.685286">
        <ele>1232.617</ele>
        <time>2016-05-02T09:05:13Z</time>
      </trkpt>
      <trkpt lat="46.571075" lon="22.685159">
        <ele>1232.149</ele>
        <time>2016-05-02T09:05:23Z</time>
      </trkpt>
      <trkpt lat="46.571048" lon="22.685039">
        <ele>1230.359</ele>
        <time>2016-05-02T09:05:34Z</time>
      </trkpt>
      <trkpt lat="46.571078" lon="22.684919">
        <ele>1228.503</ele>
        <time>2016-05-02T09:06:10Z</time>
      </trkpt>
      <trkpt lat="46.571099" lon="22.684804">
        <ele>1227.223</ele>
        <time>2016-05-02T09:06:17Z</time>
      </trkpt>
      <trkpt lat="46.571060" lon="22.684698">
        <ele>1225.908</ele>
        <time>2016-05-02T09:06:26Z</time>
      </trkpt>
      <trkpt lat="46.570994" lon="22.684613">
        <ele>1224.636</ele>
        <time>2016-05-02T09:06:47Z</time>
      </trkpt>
      <trkpt lat="46.570963" lon="22.684503">
        <ele>1223.453</ele>
        <time>2016-05-02T09:07:09Z</time>
      </trkpt>
      <trkpt lat="46.570962" lon="22.684379">
        <ele>1222.155</ele>
        <time>2016-05-02T09:07:33Z</time>
      </trkpt>
      <trkpt lat="46.570970" lon="22.684247">
        <ele>1220.857</ele>
        <time>2016-05-02T09:08:13Z</time>
      </trkpt>
      <trkpt lat="46.570959" lon="22.684128">
        <ele>1219.594</ele>
        <time>2016-05-02T09:08:36Z</time>
      </trkpt>
      <trkpt lat="46.570891" lon="22.684061">
        <ele>1218.365</ele>
        <time>2016-05-02T09:10:56Z</time>
      </trkpt>
      <trkpt lat="46.570959" lon="22.683998">
        <ele>1218.598</ele>
        <time>2016-05-02T09:17:05Z</time>
      </trkpt>
      <trkpt lat="46.570995" lon="22.683890">
        <ele>1217.540</ele>
        <time>2016-05-02T09:18:07Z</time>
      </trkpt>
      <trkpt lat="46.571063" lon="22.683957">
        <ele>1216.694</ele>
        <time>2016-05-02T09:19:25Z</time>
      </trkpt>
      <trkpt lat="46.571143" lon="22.683895">
        <ele>1217.757</ele>
        <time>2016-05-02T09:20:18Z</time>
      </trkpt>
      <trkpt lat="46.571225" lon="22.683870">
        <ele>1219.222</ele>
        <time>2016-05-02T09:20:47Z</time>
      </trkpt>
      <trkpt lat="46.571305" lon="22.683824">
        <ele>1220.608</ele>
        <time>2016-05-02T09:20:51Z</time>
      </trkpt>
      <trkpt lat="46.571237" lon="22.683746">
        <ele>1222.150</ele>
        <time>2016-05-02T09:20:57Z</time>
      </trkpt>
      <trkpt lat="46.571185" lon="22.683656">
        <ele>1223.577</ele>
        <time>2016-05-02T09:21:20Z</time>
      </trkpt>
      <trkpt lat="46.571268" lon="22.683730">
        <ele>1225.039</ele>
        <time>2016-05-02T09:22:11Z</time>
      </trkpt>
      <trkpt lat="46.571342" lon="22.683779">
        <ele>1226.531</ele>
        <time>2016-05-02T09:22:20Z</time>
      </trkpt>
      <trkpt lat="46.571400" lon="22.683868">
        <ele>1227.998</ele>
        <time>2016-05-02T09:22:49Z</time>
      </trkpt>
      <trkpt lat="46.571487" lon="22.683908">
        <ele>1227.999</ele>
        <time>2016-05-02T09:24:08Z</time>
      </trkpt>
      <trkpt lat="46.571569" lon="22.683909">
        <ele>1230.322</ele>
        <time>2016-05-02T09:24:29Z</time>
      </trkpt>
      <trkpt lat="46.571649" lon="22.683929">
        <ele>1232.634</ele>
        <time>2016-05-02T09:24:54Z</time>
      </trkpt>
      <trkpt lat="46.571727" lon="22.683993">
        <ele>1233.033</ele>
        <time>2016-05-02T09:25:05Z</time>
      </trkpt>
      <trkpt lat="46.571814" lon="22.683990">
        <ele>1233.023</ele>
        <time>2016-05-02T09:25:22Z</time>
      </trkpt>
      <trkpt lat="46.571891" lon="22.684051">
        <ele>1231.515</ele>
        <time>2016-05-02T09:26:14Z</time>
      </trkpt>
      <trkpt lat="46.571904" lon="22.684179">
        <ele>1229.908</ele>
        <time>2016-05-02T09:26:21Z</time>
      </trkpt>
      <trkpt lat="46.571958" lon="22.684293">
        <ele>1228.474</ele>
        <time>2016-05-02T09:26:50Z</time>
      </trkpt>
      <trkpt lat="46.572024" lon="22.684370">
        <ele>1226.871</ele>
        <time>2016-05-02T09:27:03Z</time>
      </trkpt>
      <trkpt lat="46.572119" lon="22.684434">
        <ele>1225.353</ele>
        <time>2016-05-02T09:27:15Z</time>
      </trkpt>
      <trkpt lat="46.572202" lon="22.684383">
        <ele>1223.755</ele>
        <time>2016-05-02T09:27:20Z</time>
      </trkpt>
      <trkpt lat="46.572265" lon="22.684305">
        <ele>1222.262</ele>
        <time>2016-05-02T09:27:25Z</time>
      </trkpt>
      <trkpt lat="46.572168" lon="22.684307">
        <ele>1220.633</ele>
        <time>2016-05-02T09:29:29Z</time>
      </trkpt>
      <trkpt lat="46.572197" lon="22.684427">
        <ele>1219.156</ele>
        <time>2016-05-02T09:29:41Z</time>
      </trkpt>
      <trkpt lat="46.572287" lon="22.684433">
        <ele>1217.578</ele>
        <time>2016-05-02T09:29:52Z</time>
      </trkpt>
      <trkpt lat="46.572375" lon="22.684440">
        <ele>1216.078</ele>
        <time>2016-05-02T09:30:06Z</time>
      </trkpt>
      <trkpt lat="46.572495" lon="22.684379">
        <ele>1216.033</ele>
        <time>2016-05-02T09:30:14Z</time>
      </trkpt>
      <trkpt lat="46.572569" lon="22.684322">
        <ele>1214.126</ele>
        <time>2016-05-02T09:30:25Z</time>
      </trkpt>
      <trkpt lat="46.572660" lon="22.684291">
        <ele>1212.208</ele>
        <time>2016-05-02T09:30:33Z</time>
      </trkpt>
      <trkpt lat="46.572752" lon="22.684319">
        <ele>1210.388</ele>
        <time>2016-05-02T09:30:36Z</time>
      </trkpt>
      <trkpt lat="46.572835" lon="22.684297">
        <ele>1208.465</ele>
        <time>2016-05-02T09:30:41Z</time>
      </trkpt>
      <trkpt lat="46.572937" lon="22.684310">
        <ele>1206.517</ele>
        <time>2016-05-02T09:31:09Z</time>
      </trkpt>
      <trkpt lat="46.573022" lon="22.684334">
        <ele>1204.559</ele>
        <time>2016-05-02T09:31:22Z</time>
      </trkpt>
      <trkpt lat="46.573122" lon="22.684327">
        <ele>1202.646</ele>
        <time>2016-05-02T09:31:56Z</time>
      </trkpt>
      <trkpt lat="46.573207" lon="22.684291">
        <ele>1200.787</ele>
        <time>2016-05-02T09:32:00Z</time>
      </trkpt>
      <trkpt lat="46.573277" lon="22.684213">
        <ele>1198.840</ele>
        <time>2016-05-02T09:32:07Z</time>
      </trkpt>
      <trkpt lat="46.573363" lon="22.684138">
        <ele>1196.952</ele>
        <time>2016-05-02T09:32:13Z</time>
      </trkpt>
      <trkpt lat="46.573444" lon="22.684121">
        <ele>1192.516</ele>
        <time>2016-05-02T09:32:17Z</time>
      </trkpt>
      <trkpt lat="46.573529" lon="22.684090">
        <ele>1190.576</ele>
        <time>2016-05-02T09:32:27Z</time>
      </trkpt>
      <trkpt lat="46.573639" lon="22.684003">
        <ele>1188.513</ele>
        <time>2016-05-02T09:32:44Z</time>
      </trkpt>
      <trkpt lat="46.573695" lon="22.683912">
        <ele>1186.508</ele>
        <time>2016-05-02T09:32:59Z</time>
      </trkpt>
      <trkpt lat="46.573780" lon="22.683883">
        <ele>1184.572</ele>
        <time>2016-05-02T09:33:05Z</time>
      </trkpt>
      <trkpt lat="46.573896" lon="22.683834">
        <ele>1182.129</ele>
        <time>2016-05-02T09:33:10Z</time>
      </trkpt>
      <trkpt lat="46.573943" lon="22.683737">
        <ele>1179.681</ele>
        <time>2016-05-02T09:33:26Z</time>
      </trkpt>
      <trkpt lat="46.574023" lon="22.683683">
        <ele>1177.233</ele>
        <time>2016-05-02T09:33:36Z</time>
      </trkpt>
      <trkpt lat="46.574109" lon="22.683687">
        <ele>1174.730</ele>
        <time>2016-05-02T09:34:00Z</time>
      </trkpt>
      <trkpt lat="46.574195" lon="22.683703">
        <ele>1172.311</ele>
        <time>2016-05-02T09:34:03Z</time>
      </trkpt>
      <trkpt lat="46.574258" lon="22.683796">
        <ele>1169.124</ele>
        <time>2016-05-02T09:34:10Z</time>
      </trkpt>
      <trkpt lat="46.574326" lon="22.683878">
        <ele>1168.476</ele>
        <time>2016-05-02T09:34:16Z</time>
      </trkpt>
      <trkpt lat="46.574393" lon="22.683965">
        <ele>1167.272</ele>
        <time>2016-05-02T09:34:26Z</time>
      </trkpt>
      <trkpt lat="46.574460" lon="22.684037">
        <ele>1166.013</ele>
        <time>2016-05-02T09:34:35Z</time>
      </trkpt>
      <trkpt lat="46.574550" lon="22.684054">
        <ele>1164.814</ele>
        <time>2016-05-02T09:34:41Z</time>
      </trkpt>
      <trkpt lat="46.574645" lon="22.684069">
        <ele>1164.308</ele>
        <time>2016-05-02T09:34:49Z</time>
      </trkpt>
      <trkpt lat="46.574724" lon="22.684102">
        <ele>1164.278</ele>
        <time>2016-05-02T09:34:57Z</time>
      </trkpt>
      <trkpt lat="46.574789" lon="22.683971">
        <ele>1164.125</ele>
        <time>2016-05-02T09:35:05Z</time>
      </trkpt>
      <trkpt lat="46.574771" lon="22.683832">
        <ele>1164.027</ele>
        <time>2016-05-02T09:35:07Z</time>
      </trkpt>
      <trkpt lat="46.574860" lon="22.683795">
        <ele>1163.929</ele>
        <time>2016-05-02T09:35:14Z</time>
      </trkpt>
      <trkpt lat="46.574926" lon="22.683726">
        <ele>1163.866</ele>
        <time>2016-05-02T09:35:16Z</time>
      </trkpt>
      <trkpt lat="46.574990" lon="22.683622">
        <ele>1164.547</ele>
        <time>2016-05-02T09:35:22Z</time>
      </trkpt>
      <trkpt lat="46.574986" lon="22.683492">
        <ele>1165.580</ele>
        <time>2016-05-02T09:35:28Z</time>
      </trkpt>
      <trkpt lat="46.575031" lon="22.683384">
        <ele>1166.512</ele>
        <time>2016-05-02T09:35:39Z</time>
      </trkpt>
      <trkpt lat="46.575035" lon="22.683246">
        <ele>1167.521</ele>
        <time>2016-05-02T09:35:45Z</time>
      </trkpt>
      <trkpt lat="46.575055" lon="22.683122">
        <ele>1168.541</ele>
        <time>2016-05-02T09:35:53Z</time>
      </trkpt>
      <trkpt lat="46.575122" lon="22.683024">
        <ele>1168.805</ele>
        <time>2016-05-02T09:36:03Z</time>
      </trkpt>
      <trkpt lat="46.575106" lon="22.682896">
        <ele>1169.208</ele>
        <time>2016-05-02T09:36:08Z</time>
      </trkpt>
      <trkpt lat="46.575145" lon="22.682770">
        <ele>1169.533</ele>
        <time>2016-05-02T09:36:13Z</time>
      </trkpt>
      <trkpt lat="46.575194" lon="22.682672">
        <ele>1170.220</ele>
        <time>2016-05-02T09:36:20Z</time>
      </trkpt>
      <trkpt lat="46.575148" lon="22.682566">
        <ele>1170.812</ele>
        <time>2016-05-02T09:36:28Z</time>
      </trkpt>
      <trkpt lat="46.575166" lon="22.682434">
        <ele>1171.544</ele>
        <time>2016-05-02T09:36:48Z</time>
      </trkpt>
      <trkpt lat="46.575115" lon="22.682317">
        <ele>1172.141</ele>
        <time>2016-05-02T09:36:52Z</time>
      </trkpt>
      <trkpt lat="46.575155" lon="22.682206">
        <ele>1172.462</ele>
        <time>2016-05-02T09:37:01Z</time>
      </trkpt>
      <trkpt lat="46.575117" lon="22.682094">
        <ele>1172.635</ele>
        <time>2016-05-02T09:37:05Z</time>
      </trkpt>
      <trkpt lat="46.575073" lon="22.681976">
        <ele>1172.957</ele>
        <time>2016-05-02T09:37:10Z</time>
      </trkpt>
      <trkpt lat="46.575092" lon="22.681858">
        <ele>1173.291</ele>
        <time>2016-05-02T09:37:17Z</time>
      </trkpt>
      <trkpt lat="46.575050" lon="22.681710">
        <ele>1173.181</ele>
        <time>2016-05-02T09:37:23Z</time>
      </trkpt>
      <trkpt lat="46.574992" lon="22.681621">
        <ele>1173.019</ele>
        <time>2016-05-02T09:37:31Z</time>
      </trkpt>
      <trkpt lat="46.574984" lon="22.681464">
        <ele>1172.908</ele>
        <time>2016-05-02T09:38:15Z</time>
      </trkpt>
      <trkpt lat="46.575063" lon="22.681396">
        <ele>1172.580</ele>
        <time>2016-05-02T09:38:19Z</time>
      </trkpt>
      <trkpt lat="46.575145" lon="22.681315">
        <ele>1172.247</ele>
        <time>2016-05-02T09:38:23Z</time>
      </trkpt>
      <trkpt lat="46.575099" lon="22.681204">
        <ele>1171.899</ele>
        <time>2016-05-02T09:38:29Z</time>
      </trkpt>
      <trkpt lat="46.575102" lon="22.681082">
        <ele>1171.531</ele>
        <time>2016-05-02T09:38:40Z</time>
      </trkpt>
      <trkpt lat="46.575140" lon="22.680971">
        <ele>1170.238</ele>
        <time>2016-05-02T09:38:45Z</time>
      </trkpt>
      <trkpt lat="46.575134" lon="22.680850">
        <ele>1168.999</ele>
        <time>2016-05-02T09:38:51Z</time>
      </trkpt>
      <trkpt lat="46.575151" lon="22.680728">
        <ele>1167.672</ele>
        <time>2016-05-02T09:38:58Z</time>
      </trkpt>
      <trkpt lat="46.575153" lon="22.680591">
        <ele>1166.484</ele>
        <time>2016-05-02T09:39:04Z</time>
      </trkpt>
      <trkpt lat="46.575202" lon="22.680491">
        <ele>1165.524</ele>
        <time>2016-05-02T09:39:10Z</time>
      </trkpt>
      <trkpt lat="46.575175" lon="22.680358">
        <ele>1164.504</ele>
        <time>2016-05-02T09:39:15Z</time>
      </trkpt>
      <trkpt lat="46.575177" lon="22.680210">
        <ele>1163.614</ele>
        <time>2016-05-02T09:39:22Z</time>
      </trkpt>
      <trkpt lat="46.575131" lon="22.680110">
        <ele>1162.708</ele>
        <time>2016-05-02T09:39:35Z</time>
      </trkpt>
      <trkpt lat="46.575111" lon="22.679984">
        <ele>1161.883</ele>
        <time>2016-05-02T09:40:00Z</time>
      </trkpt>
      <trkpt lat="46.575184" lon="22.680038">
        <ele>1160.970</ele>
        <time>2016-05-02T09:40:50Z</time>
      </trkpt>
      <trkpt lat="46.575252" lon="22.679957">
        <ele>1160.082</ele>
        <time>2016-05-02T09:51:28Z</time>
      </trkpt>
      <trkpt lat="46.575155" lon="22.679942">
        <ele>1160.074</ele>
        <time>2016-05-02T09:52:00Z</time>
      </trkpt>
      <trkpt lat="46.575071" lon="22.679974">
        <ele>1160.051</ele>
        <time>2016-05-02T09:52:06Z</time>
      </trkpt>
      <trkpt lat="46.574997" lon="22.680067">
        <ele>1159.682</ele>
        <time>2016-05-02T09:52:14Z</time>
      </trkpt>
      <trkpt lat="46.574885" lon="22.680101">
        <ele>1159.385</ele>
        <time>2016-05-02T09:52:18Z</time>
      </trkpt>
      <trkpt lat="46.574811" lon="22.680153">
        <ele>1158.937</ele>
        <time>2016-05-02T09:52:25Z</time>
      </trkpt>
      <trkpt lat="46.574728" lon="22.680222">
        <ele>1158.516</ele>
        <time>2016-05-02T09:52:33Z</time>
      </trkpt>
      <trkpt lat="46.574643" lon="22.680215">
        <ele>1158.276</ele>
        <time>2016-05-02T09:52:39Z</time>
      </trkpt>
      <trkpt lat="46.574555" lon="22.680281">
        <ele>1157.813</ele>
        <time>2016-05-02T09:52:43Z</time>
      </trkpt>
      <trkpt lat="46.574467" lon="22.680289">
        <ele>1157.508</ele>
        <time>2016-05-02T09:52:54Z</time>
      </trkpt>
      <trkpt lat="46.574392" lon="22.680334">
        <ele>1157.142</ele>
        <time>2016-05-02T09:53:03Z</time>
      </trkpt>
      <trkpt lat="46.574308" lon="22.680296">
        <ele>1156.739</ele>
        <time>2016-05-02T09:53:09Z</time>
      </trkpt>
      <trkpt lat="46.574228" lon="22.680234">
        <ele>1156.421</ele>
        <time>2016-05-02T09:53:15Z</time>
      </trkpt>
      <trkpt lat="46.574198" lon="22.680121">
        <ele>1156.083</ele>
        <time>2016-05-02T09:53:23Z</time>
      </trkpt>
      <trkpt lat="46.574118" lon="22.680077">
        <ele>1154.550</ele>
        <time>2016-05-02T09:53:30Z</time>
      </trkpt>
      <trkpt lat="46.574054" lon="22.679996">
        <ele>1153.161</ele>
        <time>2016-05-02T09:53:39Z</time>
      </trkpt>
      <trkpt lat="46.574020" lon="22.679870">
        <ele>1151.624</ele>
        <time>2016-05-02T09:53:50Z</time>
      </trkpt>
      <trkpt lat="46.573943" lon="22.679795">
        <ele>1150.286</ele>
        <time>2016-05-02T09:54:07Z</time>
      </trkpt>
      <trkpt lat="46.573905" lon="22.679680">
        <ele>1148.619</ele>
        <time>2016-05-02T09:54:13Z</time>
      </trkpt>
      <trkpt lat="46.573983" lon="22.679646">
        <ele>1147.109</ele>
        <time>2016-05-02T09:54:17Z</time>
      </trkpt>
      <trkpt lat="46.573972" lon="22.679523">
        <ele>1145.519</ele>
        <time>2016-05-02T09:54:24Z</time>
      </trkpt>
      <trkpt lat="46.573916" lon="22.679434">
        <ele>1144.008</ele>
        <time>2016-05-02T09:54:36Z</time>
      </trkpt>
      <trkpt lat="46.573844" lon="22.679344">
        <ele>1142.542</ele>
        <time>2016-05-02T09:54:41Z</time>
      </trkpt>
      <trkpt lat="46.573771" lon="22.679268">
        <ele>1140.949</ele>
        <time>2016-05-02T09:54:49Z</time>
      </trkpt>
      <trkpt lat="46.573715" lon="22.679181">
        <ele>1137.871</ele>
        <time>2016-05-02T09:54:54Z</time>
      </trkpt>
      <trkpt lat="46.573628" lon="22.679115">
        <ele>1137.723</ele>
        <time>2016-05-02T09:55:02Z</time>
      </trkpt>
      <trkpt lat="46.573564" lon="22.679034">
        <ele>1136.170</ele>
        <time>2016-05-02T09:55:07Z</time>
      </trkpt>
      <trkpt lat="46.573497" lon="22.678966">
        <ele>1134.581</ele>
        <time>2016-05-02T09:55:13Z</time>
      </trkpt>
      <trkpt lat="46.573417" lon="22.678911">
        <ele>1132.864</ele>
        <time>2016-05-02T09:55:18Z</time>
      </trkpt>
      <trkpt lat="46.573365" lon="22.678818">
        <ele>1131.336</ele>
        <time>2016-05-02T09:55:23Z</time>
      </trkpt>
      <trkpt lat="46.573282" lon="22.678854">
        <ele>1129.727</ele>
        <time>2016-05-02T09:55:34Z</time>
      </trkpt>
      <trkpt lat="46.573238" lon="22.678735">
        <ele>1128.268</ele>
        <time>2016-05-02T09:55:46Z</time>
      </trkpt>
      <trkpt lat="46.573195" lon="22.678634">
        <ele>1126.614</ele>
        <time>2016-05-02T09:56:01Z</time>
      </trkpt>
      <trkpt lat="46.573159" lon="22.678524">
        <ele>1123.708</ele>
        <time>2016-05-02T09:56:12Z</time>
      </trkpt>
      <trkpt lat="46.573103" lon="22.678408">
        <ele>1120.813</ele>
        <time>2016-05-02T09:56:19Z</time>
      </trkpt>
      <trkpt lat="46.573151" lon="22.678295">
        <ele>1119.520</ele>
        <time>2016-05-02T09:56:28Z</time>
      </trkpt>
      <trkpt lat="46.573201" lon="22.678178">
        <ele>1116.512</ele>
        <time>2016-05-02T09:56:35Z</time>
      </trkpt>
      <trkpt lat="46.573197" lon="22.678055">
        <ele>1115.274</ele>
        <time>2016-05-02T09:56:43Z</time>
      </trkpt>
      <trkpt lat="46.573193" lon="22.677930">
        <ele>1113.861</ele>
        <time>2016-05-02T09:56:55Z</time>
      </trkpt>
      <trkpt lat="46.573174" lon="22.677811">
        <ele>1112.562</ele>
        <time>2016-05-02T09:57:04Z</time>
      </trkpt>
      <trkpt lat="46.573219" lon="22.677700">
        <ele>1109.245</ele>
        <time>2016-05-02T09:57:13Z</time>
      </trkpt>
      <trkpt lat="46.573212" lon="22.677579">
        <ele>1105.927</ele>
        <time>2016-05-02T09:57:33Z</time>
      </trkpt>
      <trkpt lat="46.573248" lon="22.677466">
        <ele>1102.614</ele>
        <time>2016-05-02T09:58:28Z</time>
      </trkpt>
      <trkpt lat="46.573297" lon="22.677361">
        <ele>1099.454</ele>
        <time>2016-05-02T09:58:39Z</time>
      </trkpt>
      <trkpt lat="46.573275" lon="22.677243">
        <ele>1097.509</ele>
        <time>2016-05-02T09:58:49Z</time>
      </trkpt>
      <trkpt lat="46.573283" lon="22.677125">
        <ele>1095.508</ele>
        <time>2016-05-02T09:59:12Z</time>
      </trkpt>
      <trkpt lat="46.573304" lon="22.677004">
        <ele>1093.642</ele>
        <time>2016-05-02T09:59:24Z</time>
      </trkpt>
      <trkpt lat="46.573322" lon="22.676882">
        <ele>1090.059</ele>
        <time>2016-05-02T09:59:37Z</time>
      </trkpt>
      <trkpt lat="46.573309" lon="22.676760">
        <ele>1086.411</ele>
        <time>2016-05-02T10:00:04Z</time>
      </trkpt>
      <trkpt lat="46.573331" lon="22.676644">
        <ele>1082.783</ele>
        <time>2016-05-02T10:00:11Z</time>
      </trkpt>
      <trkpt lat="46.573322" lon="22.676522">
        <ele>1079.130</ele>
        <time>2016-05-02T10:00:44Z</time>
      </trkpt>
      <trkpt lat="46.573322" lon="22.676397">
        <ele>1077.411</ele>
        <time>2016-05-02T10:00:52Z</time>
      </trkpt>
      <trkpt lat="46.573351" lon="22.676287">
        <ele>1075.694</ele>
        <time>2016-05-02T10:01:15Z</time>
      </trkpt>
      <trkpt lat="46.573412" lon="22.676185">
        <ele>1073.966</ele>
        <time>2016-05-02T10:01:24Z</time>
      </trkpt>
      <trkpt lat="46.573442" lon="22.676070">
        <ele>1071.091</ele>
        <time>2016-05-02T10:01:33Z</time>
      </trkpt>
      <trkpt lat="46.573400" lon="22.675958">
        <ele>1068.181</ele>
        <time>2016-05-02T10:01:44Z</time>
      </trkpt>
      <trkpt lat="46.573325" lon="22.675886">
        <ele>1065.219</ele>
        <time>2016-05-02T10:01:52Z</time>
      </trkpt>
      <trkpt lat="46.573335" lon="22.675753">
        <ele>1062.308</ele>
        <time>2016-05-02T10:02:10Z</time>
      </trkpt>
      <trkpt lat="46.573334" lon="22.675630">
        <ele>1061.110</ele>
        <time>2016-05-02T10:02:15Z</time>
      </trkpt>
      <trkpt lat="46.573325" lon="22.675509">
        <ele>1059.997</ele>
        <time>2016-05-02T10:02:23Z</time>
      </trkpt>
      <trkpt lat="46.573278" lon="22.675406">
        <ele>1058.759</ele>
        <time>2016-05-02T10:02:33Z</time>
      </trkpt>
      <trkpt lat="46.573240" lon="22.675290">
        <ele>1057.591</ele>
        <time>2016-05-02T10:02:36Z</time>
      </trkpt>
      <trkpt lat="46.573173" lon="22.675195">
        <ele>1056.418</ele>
        <time>2016-05-02T10:02:41Z</time>
      </trkpt>
      <trkpt lat="46.573144" lon="22.675081">
        <ele>1055.199</ele>
        <time>2016-05-02T10:02:47Z</time>
      </trkpt>
      <trkpt lat="46.573127" lon="22.674964">
        <ele>1052.542</ele>
        <time>2016-05-02T10:02:55Z</time>
      </trkpt>
      <trkpt lat="46.573121" lon="22.674846">
        <ele>1051.274</ele>
        <time>2016-05-02T10:03:01Z</time>
      </trkpt>
      <trkpt lat="46.573062" lon="22.674759">
        <ele>1049.835</ele>
        <time>2016-05-02T10:03:06Z</time>
      </trkpt>
      <trkpt lat="46.573001" lon="22.674676">
        <ele>1048.586</ele>
        <time>2016-05-02T10:03:13Z</time>
      </trkpt>
      <trkpt lat="46.572932" lon="22.674585">
        <ele>1047.114</ele>
        <time>2016-05-02T10:03:19Z</time>
      </trkpt>
      <trkpt lat="46.572848" lon="22.674483">
        <ele>1045.708</ele>
        <time>2016-05-02T10:03:24Z</time>
      </trkpt>
      <trkpt lat="46.572762" lon="22.674446">
        <ele>1044.464</ele>
        <time>2016-05-02T10:03:33Z</time>
      </trkpt>
      <trkpt lat="46.572729" lon="22.674327">
        <ele>1043.021</ele>
        <time>2016-05-02T10:03:40Z</time>
      </trkpt>
      <trkpt lat="46.572662" lon="22.674229">
        <ele>1041.683</ele>
        <time>2016-05-02T10:03:49Z</time>
      </trkpt>
      <trkpt lat="46.572594" lon="22.674153">
        <ele>1040.335</ele>
        <time>2016-05-02T10:03:57Z</time>
      </trkpt>
      <trkpt lat="46.572505" lon="22.674146">
        <ele>1037.322</ele>
        <time>2016-05-02T10:04:05Z</time>
      </trkpt>
      <trkpt lat="46.572422" lon="22.674125">
        <ele>1035.573</ele>
        <time>2016-05-02T10:04:16Z</time>
      </trkpt>
      <trkpt lat="46.572341" lon="22.674088">
        <ele>1033.826</ele>
        <time>2016-05-02T10:04:22Z</time>
      </trkpt>
      <trkpt lat="46.572246" lon="22.674117">
        <ele>1032.188</ele>
        <time>2016-05-02T10:04:29Z</time>
      </trkpt>
      <trkpt lat="46.572193" lon="22.674208">
        <ele>1030.497</ele>
        <time>2016-05-02T10:04:35Z</time>
      </trkpt>
      <trkpt lat="46.572115" lon="22.674254">
        <ele>1028.623</ele>
        <time>2016-05-02T10:04:43Z</time>
      </trkpt>
      <trkpt lat="46.572035" lon="22.674279">
        <ele>1026.925</ele>
        <time>2016-05-02T10:04:53Z</time>
      </trkpt>
      <trkpt lat="46.571956" lon="22.674362">
        <ele>1025.208</ele>
        <time>2016-05-02T10:05:00Z</time>
      </trkpt>
      <trkpt lat="46.571876" lon="22.674339">
        <ele>1021.590</ele>
        <time>2016-05-02T10:05:18Z</time>
      </trkpt>
      <trkpt lat="46.571843" lon="22.674214">
        <ele>1017.737</ele>
        <time>2016-05-02T10:05:32Z</time>
      </trkpt>
      <trkpt lat="46.571800" lon="22.674104">
        <ele>1014.039</ele>
        <time>2016-05-02T10:05:39Z</time>
      </trkpt>
      <trkpt lat="46.571790" lon="22.673984">
        <ele>1012.051</ele>
        <time>2016-05-02T10:05:47Z</time>
      </trkpt>
      <trkpt lat="46.571783" lon="22.673850">
        <ele>1010.038</ele>
        <time>2016-05-02T10:05:54Z</time>
      </trkpt>
      <trkpt lat="46.571756" lon="22.673734">
        <ele>1008.029</ele>
        <time>2016-05-02T10:06:01Z</time>
      </trkpt>
      <trkpt lat="46.571707" lon="22.673639">
        <ele>1006.022</ele>
        <time>2016-05-02T10:06:07Z</time>
      </trkpt>
      <trkpt lat="46.571614" lon="22.673598">
        <ele>1004.094</ele>
        <time>2016-05-02T10:06:11Z</time>
      </trkpt>
      <trkpt lat="46.571564" lon="22.673494">
        <ele>1002.063</ele>
        <time>2016-05-02T10:06:25Z</time>
      </trkpt>
      <trkpt lat="46.571521" lon="22.673386">
        <ele>1000.044</ele>
        <time>2016-05-02T10:06:34Z</time>
      </trkpt>
      <trkpt lat="46.571437" lon="22.673409">
        <ele>996.718</ele>
        <time>2016-05-02T10:06:50Z</time>
      </trkpt>
      <trkpt lat="46.571363" lon="22.673357">
        <ele>995.508</ele>
        <time>2016-05-02T10:19:10Z</time>
      </trkpt>
      <trkpt lat="46.571446" lon="22.673347">
        <ele>994.287</ele>
        <time>2016-05-02T10:21:29Z</time>
      </trkpt>
      <trkpt lat="46.571366" lon="22.673310">
        <ele>992.514</ele>
        <time>2016-05-02T10:28:09Z</time>
      </trkpt>
      <trkpt lat="46.571313" lon="22.673218">
        <ele>990.966</ele>
        <time>2016-05-02T10:28:34Z</time>
      </trkpt>
      <trkpt lat="46.571239" lon="22.673143">
        <ele>989.368</ele>
        <time>2016-05-02T10:28:42Z</time>
      </trkpt>
      <trkpt lat="46.571167" lon="22.673058">
        <ele>987.645</ele>
        <time>2016-05-02T10:28:50Z</time>
      </trkpt>
      <trkpt lat="46.571095" lon="22.672970">
        <ele>986.046</ele>
        <time>2016-05-02T10:28:57Z</time>
      </trkpt>
      <trkpt lat="46.571054" lon="22.672862">
        <ele>984.449</ele>
        <time>2016-05-02T10:29:06Z</time>
      </trkpt>
      <trkpt lat="46.570983" lon="22.672799">
        <ele>982.751</ele>
        <time>2016-05-02T10:29:13Z</time>
      </trkpt>
      <trkpt lat="46.570920" lon="22.672723">
        <ele>981.159</ele>
        <time>2016-05-02T10:29:20Z</time>
      </trkpt>
      <trkpt lat="46.570846" lon="22.672663">
        <ele>980.703</ele>
        <time>2016-05-02T10:29:32Z</time>
      </trkpt>
      <trkpt lat="46.570787" lon="22.672571">
        <ele>980.423</ele>
        <time>2016-05-02T10:29:41Z</time>
      </trkpt>
      <trkpt lat="46.570726" lon="22.672493">
        <ele>978.308</ele>
        <time>2016-05-02T10:29:50Z</time>
      </trkpt>
      <trkpt lat="46.570691" lon="22.672380">
        <ele>976.576</ele>
        <time>2016-05-02T10:30:02Z</time>
      </trkpt>
      <trkpt lat="46.570646" lon="22.672276">
        <ele>974.893</ele>
        <time>2016-05-02T10:30:12Z</time>
      </trkpt>
      <trkpt lat="46.570561" lon="22.672218">
        <ele>973.125</ele>
        <time>2016-05-02T10:30:18Z</time>
      </trkpt>
      <trkpt lat="46.570483" lon="22.672178">
        <ele>971.437</ele>
        <time>2016-05-02T10:30:30Z</time>
      </trkpt>
      <trkpt lat="46.570418" lon="22.672098">
        <ele>969.684</ele>
        <time>2016-05-02T10:30:38Z</time>
      </trkpt>
      <trkpt lat="46.570359" lon="22.671994">
        <ele>967.955</ele>
        <time>2016-05-02T10:31:00Z</time>
      </trkpt>
      <trkpt lat="46.570284" lon="22.671931">
        <ele>966.268</ele>
        <time>2016-05-02T10:31:04Z</time>
      </trkpt>
      <trkpt lat="46.570212" lon="22.671877">
        <ele>964.570</ele>
        <time>2016-05-02T10:31:29Z</time>
      </trkpt>
      <trkpt lat="46.570237" lon="22.671763">
        <ele>962.723</ele>
        <time>2016-05-02T10:31:43Z</time>
      </trkpt>
      <trkpt lat="46.570174" lon="22.671630">
        <ele>961.083</ele>
        <time>2016-05-02T10:31:54Z</time>
      </trkpt>
      <trkpt lat="46.570091" lon="22.671548">
        <ele>959.411</ele>
        <time>2016-05-02T10:31:59Z</time>
      </trkpt>
      <trkpt lat="46.570012" lon="22.671489">
        <ele>957.708</ele>
        <time>2016-05-02T10:32:06Z</time>
      </trkpt>
      <trkpt lat="46.569933" lon="22.671437">
        <ele>955.343</ele>
        <time>2016-05-02T10:32:12Z</time>
      </trkpt>
      <trkpt lat="46.569856" lon="22.671397">
        <ele>952.880</ele>
        <time>2016-05-02T10:32:21Z</time>
      </trkpt>
      <trkpt lat="46.569781" lon="22.671351">
        <ele>950.482</ele>
        <time>2016-05-02T10:32:31Z</time>
      </trkpt>
      <trkpt lat="46.569700" lon="22.671283">
        <ele>947.924</ele>
        <time>2016-05-02T10:32:45Z</time>
      </trkpt>
      <trkpt lat="46.569625" lon="22.671235">
        <ele>945.511</ele>
        <time>2016-05-02T10:33:01Z</time>
      </trkpt>
      <trkpt lat="46.569587" lon="22.671131">
        <ele>943.032</ele>
        <time>2016-05-02T10:33:23Z</time>
      </trkpt>
      <trkpt lat="46.569545" lon="22.671012">
        <ele>940.545</ele>
        <time>2016-05-02T10:33:41Z</time>
      </trkpt>
      <trkpt lat="46.569454" lon="22.670961">
        <ele>938.147</ele>
        <time>2016-05-02T10:33:46Z</time>
      </trkpt>
      <trkpt lat="46.569361" lon="22.670910">
        <ele>935.669</ele>
        <time>2016-05-02T10:33:51Z</time>
      </trkpt>
      <trkpt lat="46.569284" lon="22.670851">
        <ele>934.804</ele>
        <time>2016-05-02T10:33:56Z</time>
      </trkpt>
      <trkpt lat="46.569210" lon="22.670795">
        <ele>934.024</ele>
        <time>2016-05-02T10:34:02Z</time>
      </trkpt>
      <trkpt lat="46.569130" lon="22.670756">
        <ele>932.608</ele>
        <time>2016-05-02T10:34:10Z</time>
      </trkpt>
      <trkpt lat="46.569035" lon="22.670746">
        <ele>931.317</ele>
        <time>2016-05-02T10:34:20Z</time>
      </trkpt>
      <trkpt lat="46.568951" lon="22.670686">
        <ele>929.964</ele>
        <time>2016-05-02T10:34:23Z</time>
      </trkpt>
      <trkpt lat="46.568901" lon="22.670593">
        <ele>928.536</ele>
        <time>2016-05-02T10:34:32Z</time>
      </trkpt>
      <trkpt lat="46.568810" lon="22.670519">
        <ele>926.558</ele>
        <time>2016-05-02T10:34:41Z</time>
      </trkpt>
      <trkpt lat="46.568794" lon="22.670382">
        <ele>924.585</ele>
        <time>2016-05-02T10:34:57Z</time>
      </trkpt>
      <trkpt lat="46.568826" lon="22.670260">
        <ele>922.546</ele>
        <time>2016-05-02T10:35:30Z</time>
      </trkpt>
      <trkpt lat="46.568833" lon="22.670130">
        <ele>920.519</ele>
        <time>2016-05-02T10:35:35Z</time>
      </trkpt>
      <trkpt lat="46.568799" lon="22.670014">
        <ele>918.541</ele>
        <time>2016-05-02T10:35:40Z</time>
      </trkpt>
      <trkpt lat="46.568726" lon="22.669913">
        <ele>916.579</ele>
        <time>2016-05-02T10:35:48Z</time>
      </trkpt>
      <trkpt lat="46.568635" lon="22.669876">
        <ele>914.505</ele>
        <time>2016-05-02T10:35:53Z</time>
      </trkpt>
      <trkpt lat="46.568554" lon="22.669816">
        <ele>913.925</ele>
        <time>2016-05-02T10:35:57Z</time>
      </trkpt>
      <trkpt lat="46.568477" lon="22.669757">
        <ele>913.308</ele>
        <time>2016-05-02T10:35:59Z</time>
      </trkpt>
      <trkpt lat="46.568397" lon="22.669810">
        <ele>912.628</ele>
        <time>2016-05-02T10:36:07Z</time>
      </trkpt>
      <trkpt lat="46.568306" lon="22.669768">
        <ele>909.855</ele>
        <time>2016-05-02T10:36:31Z</time>
      </trkpt>
      <trkpt lat="46.568232" lon="22.669715">
        <ele>907.697</ele>
        <time>2016-05-02T10:36:35Z</time>
      </trkpt>
      <trkpt lat="46.568154" lon="22.669781">
        <ele>905.539</ele>
        <time>2016-05-02T10:36:40Z</time>
      </trkpt>
      <trkpt lat="46.568071" lon="22.669785">
        <ele>903.366</ele>
        <time>2016-05-02T10:36:45Z</time>
      </trkpt>
      <trkpt lat="46.568001" lon="22.669846">
        <ele>901.117</ele>
        <time>2016-05-02T10:36:55Z</time>
      </trkpt>
      <trkpt lat="46.567916" lon="22.669841">
        <ele>898.540</ele>
        <time>2016-05-02T10:37:09Z</time>
      </trkpt>
      <trkpt lat="46.567849" lon="22.669773">
        <ele>896.012</ele>
        <time>2016-05-02T10:37:15Z</time>
      </trkpt>
      <trkpt lat="46.567773" lon="22.669731">
        <ele>893.584</ele>
        <time>2016-05-02T10:37:22Z</time>
      </trkpt>
      <trkpt lat="46.567694" lon="22.669696">
        <ele>890.907</ele>
        <time>2016-05-02T10:37:29Z</time>
      </trkpt>
      <trkpt lat="46.567598" lon="22.669704">
        <ele>888.417</ele>
        <time>2016-05-02T10:37:44Z</time>
      </trkpt>
      <trkpt lat="46.567525" lon="22.669618">
        <ele>885.808</ele>
        <time>2016-05-02T10:38:31Z</time>
      </trkpt>
      <trkpt lat="46.567457" lon="22.669529">
        <ele>884.349</ele>
        <time>2016-05-02T10:38:36Z</time>
      </trkpt>
      <trkpt lat="46.567386" lon="22.669468">
        <ele>882.726</ele>
        <time>2016-05-02T10:38:41Z</time>
      </trkpt>
      <trkpt lat="46.567321" lon="22.669382">
        <ele>881.238</ele>
        <time>2016-05-02T10:38:45Z</time>
      </trkpt>
      <trkpt lat="46.567246" lon="22.669293">
        <ele>879.670</ele>
        <time>2016-05-02T10:38:48Z</time>
      </trkpt>
      <trkpt lat="46.567178" lon="22.669218">
        <ele>878.137</ele>
        <time>2016-05-02T10:38:53Z</time>
      </trkpt>
      <trkpt lat="46.567098" lon="22.669162">
        <ele>876.928</ele>
        <time>2016-05-02T10:38:57Z</time>
      </trkpt>
      <trkpt lat="46.567012" lon="22.669174">
        <ele>875.761</ele>
        <time>2016-05-02T10:39:05Z</time>
      </trkpt>
      <trkpt lat="46.566921" lon="22.669159">
        <ele>874.563</ele>
        <time>2016-05-02T10:39:10Z</time>
      </trkpt>
      <trkpt lat="46.566834" lon="22.669162">
        <ele>873.434</ele>
        <time>2016-05-02T10:39:18Z</time>
      </trkpt>
      <trkpt lat="46.566849" lon="22.669293">
        <ele>872.255</ele>
        <time>2016-05-02T10:39:24Z</time>
      </trkpt>
      <trkpt lat="46.566764" lon="22.669281">
        <ele>871.010</ele>
        <time>2016-05-02T10:39:31Z</time>
      </trkpt>
      <trkpt lat="46.566675" lon="22.669313">
        <ele>871.008</ele>
        <time>2016-05-02T10:39:42Z</time>
      </trkpt>
      <trkpt lat="46.566602" lon="22.669380">
        <ele>870.064</ele>
        <time>2016-05-02T10:39:49Z</time>
      </trkpt>
      <trkpt lat="46.566535" lon="22.669455">
        <ele>869.171</ele>
        <time>2016-05-02T10:39:54Z</time>
      </trkpt>
      <trkpt lat="46.566426" lon="22.669503">
        <ele>868.283</ele>
        <time>2016-05-02T10:40:01Z</time>
      </trkpt>
      <trkpt lat="46.566341" lon="22.669576">
        <ele>864.915</ele>
        <time>2016-05-02T10:40:11Z</time>
      </trkpt>
      <trkpt lat="46.566412" lon="22.669644">
        <ele>861.672</ele>
        <time>2016-05-02T10:40:16Z</time>
      </trkpt>
      <trkpt lat="46.566323" lon="22.669654">
        <ele>858.433</ele>
        <time>2016-05-02T10:40:23Z</time>
      </trkpt>
      <trkpt lat="46.566241" lon="22.669647">
        <ele>855.186</ele>
        <time>2016-05-02T10:40:29Z</time>
      </trkpt>
      <trkpt lat="46.566148" lon="22.669651">
        <ele>851.828</ele>
        <time>2016-05-02T10:40:33Z</time>
      </trkpt>
      <trkpt lat="46.566076" lon="22.669707">
        <ele>848.572</ele>
        <time>2016-05-02T10:40:40Z</time>
      </trkpt>
      <trkpt lat="46.565978" lon="22.669720">
        <ele>845.313</ele>
        <time>2016-05-02T10:40:45Z</time>
      </trkpt>
      <trkpt lat="46.565895" lon="22.669773">
        <ele>842.014</ele>
        <time>2016-05-02T10:40:53Z</time>
      </trkpt>
      <trkpt lat="46.565804" lon="22.669799">
        <ele>837.508</ele>
        <time>2016-05-02T10:40:58Z</time>
      </trkpt>
      <trkpt lat="46.565721" lon="22.669823">
        <ele>833.088</ele>
        <time>2016-05-02T10:41:06Z</time>
      </trkpt>
      <trkpt lat="46.565623" lon="22.669794">
        <ele>828.515</ele>
        <time>2016-05-02T10:41:11Z</time>
      </trkpt>
      <trkpt lat="46.565533" lon="22.669819">
        <ele>826.327</ele>
        <time>2016-05-02T10:41:55Z</time>
      </trkpt>
      <trkpt lat="46.565448" lon="22.669830">
        <ele>824.199</ele>
        <time>2016-05-02T10:42:00Z</time>
      </trkpt>
      <trkpt lat="46.565357" lon="22.669861">
        <ele>821.926</ele>
        <time>2016-05-02T10:42:05Z</time>
      </trkpt>
      <trkpt lat="46.565276" lon="22.669900">
        <ele>819.737</ele>
        <time>2016-05-02T10:42:09Z</time>
      </trkpt>
      <trkpt lat="46.565186" lon="22.669876">
        <ele>817.540</ele>
        <time>2016-05-02T10:42:12Z</time>
      </trkpt>
      <trkpt lat="46.565105" lon="22.669874">
        <ele>815.482</ele>
        <time>2016-05-02T10:42:16Z</time>
      </trkpt>
      <trkpt lat="46.565007" lon="22.669900">
        <ele>813.246</ele>
        <time>2016-05-02T10:42:21Z</time>
      </trkpt>
      <trkpt lat="46.564948" lon="22.669988">
        <ele>811.088</ele>
        <time>2016-05-02T10:42:26Z</time>
      </trkpt>
      <trkpt lat="46.564859" lon="22.670058">
        <ele>808.216</ele>
        <time>2016-05-02T10:42:33Z</time>
      </trkpt>
      <trkpt lat="46.564791" lon="22.670124">
        <ele>805.408</ele>
        <time>2016-05-02T10:42:39Z</time>
      </trkpt>
      <trkpt lat="46.564747" lon="22.670223">
        <ele>802.535</ele>
        <time>2016-05-02T10:42:47Z</time>
      </trkpt>
      <trkpt lat="46.564677" lon="22.670286">
        <ele>799.742</ele>
        <time>2016-05-02T10:42:53Z</time>
      </trkpt>
      <trkpt lat="46.564626" lon="22.670380">
        <ele>796.934</ele>
        <time>2016-05-02T10:42:59Z</time>
      </trkpt>
      <trkpt lat="46.564588" lon="22.670492">
        <ele>794.156</ele>
        <time>2016-05-02T10:43:05Z</time>
      </trkpt>
      <trkpt lat="46.564495" lon="22.670482">
        <ele>791.353</ele>
        <time>2016-05-02T10:43:12Z</time>
      </trkpt>
      <trkpt lat="46.564416" lon="22.670527">
        <ele>788.544</ele>
        <time>2016-05-02T10:43:33Z</time>
      </trkpt>
      <trkpt lat="46.564335" lon="22.670549">
        <ele>785.697</ele>
        <time>2016-05-02T10:43:38Z</time>
      </trkpt>
      <trkpt lat="46.564259" lon="22.670597">
        <ele>782.829</ele>
        <time>2016-05-02T10:43:52Z</time>
      </trkpt>
      <trkpt lat="46.564183" lon="22.670643">
        <ele>780.025</ele>
        <time>2016-05-02T10:44:00Z</time>
      </trkpt>
      <trkpt lat="46.564159" lon="22.670759">
        <ele>778.726</ele>
        <time>2016-05-02T10:44:08Z</time>
      </trkpt>
      <trkpt lat="46.564062" lon="22.670762">
        <ele>777.508</ele>
        <time>2016-05-02T10:44:18Z</time>
      </trkpt>
      <trkpt lat="46.563972" lon="22.670770">
        <ele>776.208</ele>
        <time>2016-05-02T10:44:24Z</time>
      </trkpt>
      <trkpt lat="46.563900" lon="22.670826">
        <ele>774.963</ele>
        <time>2016-05-02T10:44:31Z</time>
      </trkpt>
      <trkpt lat="46.563816" lon="22.670841">
        <ele>773.690</ele>
        <time>2016-05-02T10:44:37Z</time>
      </trkpt>
      <trkpt lat="46.563726" lon="22.670794">
        <ele>772.432</ele>
        <time>2016-05-02T10:44:40Z</time>
      </trkpt>
      <trkpt lat="46.563651" lon="22.670841">
        <ele>771.164</ele>
        <time>2016-05-02T10:44:46Z</time>
      </trkpt>
      <trkpt lat="46.563633" lon="22.670969">
        <ele>771.041</ele>
        <time>2016-05-02T10:44:53Z</time>
      </trkpt>
      <trkpt lat="46.563552" lon="22.671013">
        <ele>770.982</ele>
        <time>2016-05-02T10:45:26Z</time>
      </trkpt>
      <trkpt lat="46.563475" lon="22.671064">
        <ele>770.835</ele>
        <time>2016-05-02T10:45:34Z</time>
      </trkpt>
      <trkpt lat="46.563387" lon="22.671093">
        <ele>770.777</ele>
        <time>2016-05-02T10:46:00Z</time>
      </trkpt>
      <trkpt lat="46.563358" lon="22.671218">
        <ele>771.939</ele>
        <time>2016-05-02T10:46:03Z</time>
      </trkpt>
      <trkpt lat="46.563278" lon="22.671314">
        <ele>773.101</ele>
        <time>2016-05-02T10:46:07Z</time>
      </trkpt>
      <trkpt lat="46.563189" lon="22.671356">
        <ele>773.821</ele>
        <time>2016-05-02T10:46:19Z</time>
      </trkpt>
      <trkpt lat="46.563223" lon="22.671474">
        <ele>773.008</ele>
        <time>2016-05-02T10:46:33Z</time>
      </trkpt>
      <trkpt lat="46.563126" lon="22.671458">
        <ele>772.214</ele>
        <time>2016-05-02T10:46:54Z</time>
      </trkpt>
      <trkpt lat="46.563039" lon="22.671459">
        <ele>771.471</ele>
        <time>2016-05-02T10:47:03Z</time>
      </trkpt>
      <trkpt lat="46.562972" lon="22.671391">
        <ele>770.553</ele>
        <time>2016-05-02T10:47:13Z</time>
      </trkpt>
      <trkpt lat="46.562908" lon="22.671297">
        <ele>768.575</ele>
        <time>2016-05-02T10:47:20Z</time>
      </trkpt>
      <trkpt lat="46.562828" lon="22.671251">
        <ele>766.552</ele>
        <time>2016-05-02T10:47:38Z</time>
      </trkpt>
      <trkpt lat="46.562740" lon="22.671250">
        <ele>764.513</ele>
        <time>2016-05-02T10:48:10Z</time>
      </trkpt>
      <trkpt lat="46.562678" lon="22.671144">
        <ele>762.596</ele>
        <time>2016-05-02T10:48:17Z</time>
      </trkpt>
      <trkpt lat="46.562603" lon="22.671086">
        <ele>762.188</ele>
        <time>2016-05-02T10:48:30Z</time>
      </trkpt>
      <trkpt lat="46.562507" lon="22.671092">
        <ele>761.664</ele>
        <time>2016-05-02T10:48:34Z</time>
      </trkpt>
      <trkpt lat="46.562434" lon="22.671153">
        <ele>761.906</ele>
        <time>2016-05-02T10:48:44Z</time>
      </trkpt>
      <trkpt lat="46.562348" lon="22.671147">
        <ele>763.716</ele>
        <time>2016-05-02T10:49:43Z</time>
      </trkpt>
      <trkpt lat="46.562277" lon="22.671214">
        <ele>763.608</ele>
        <time>2016-05-02T10:49:54Z</time>
      </trkpt>
      <trkpt lat="46.562237" lon="22.671317">
        <ele>763.517</ele>
        <time>2016-05-02T10:50:02Z</time>
      </trkpt>
      <trkpt lat="46.562202" lon="22.671425">
        <ele>763.534</ele>
        <time>2016-05-02T10:50:45Z</time>
      </trkpt>
      <trkpt lat="46.562120" lon="22.671402">
        <ele>763.416</ele>
        <time>2016-05-02T10:51:23Z</time>
      </trkpt>
      <trkpt lat="46.562041" lon="22.671377">
        <ele>763.348</ele>
        <time>2016-05-02T10:51:38Z</time>
      </trkpt>
      <trkpt lat="46.561983" lon="22.671291">
        <ele>763.235</ele>
        <time>2016-05-02T10:51:49Z</time>
      </trkpt>
      <trkpt lat="46.561926" lon="22.671198">
        <ele>763.186</ele>
        <time>2016-05-02T10:51:56Z</time>
      </trkpt>
      <trkpt lat="46.561852" lon="22.671148">
        <ele>761.519</ele>
        <time>2016-05-02T10:52:05Z</time>
      </trkpt>
      <trkpt lat="46.561775" lon="22.671089">
        <ele>759.881</ele>
        <time>2016-05-02T10:52:17Z</time>
      </trkpt>
      <trkpt lat="46.561695" lon="22.671058">
        <ele>757.828</ele>
        <time>2016-05-02T10:52:21Z</time>
      </trkpt>
      <trkpt lat="46.561613" lon="22.671053">
        <ele>755.889</ele>
        <time>2016-05-02T10:52:27Z</time>
      </trkpt>
      <trkpt lat="46.561531" lon="22.671055">
        <ele>755.717</ele>
        <time>2016-05-02T10:52:37Z</time>
      </trkpt>
      <trkpt lat="46.561438" lon="22.671079">
        <ele>755.608</ele>
        <time>2016-05-02T10:52:44Z</time>
      </trkpt>
      <trkpt lat="46.561346" lon="22.671070">
        <ele>755.583</ele>
        <time>2016-05-02T10:52:50Z</time>
      </trkpt>
      <trkpt lat="46.561252" lon="22.671073">
        <ele>755.570</ele>
        <time>2016-05-02T10:53:07Z</time>
      </trkpt>
      <trkpt lat="46.561165" lon="22.671029">
        <ele>755.442</ele>
        <time>2016-05-02T10:53:20Z</time>
      </trkpt>
      <trkpt lat="46.561085" lon="22.670982">
        <ele>755.344</ele>
        <time>2016-05-02T10:53:25Z</time>
      </trkpt>
      <trkpt lat="46.561017" lon="22.671065">
        <ele>755.281</ele>
        <time>2016-05-02T10:53:30Z</time>
      </trkpt>
      <trkpt lat="46.560937" lon="22.671026">
        <ele>755.122</ele>
        <time>2016-05-02T10:53:35Z</time>
      </trkpt>
      <trkpt lat="46.560858" lon="22.670989">
        <ele>754.275</ele>
        <time>2016-05-02T10:53:40Z</time>
      </trkpt>
      <trkpt lat="46.560772" lon="22.670973">
        <ele>753.467</ele>
        <time>2016-05-02T10:53:46Z</time>
      </trkpt>
      <trkpt lat="46.560690" lon="22.670920">
        <ele>752.593</ele>
        <time>2016-05-02T10:53:54Z</time>
      </trkpt>
      <trkpt lat="46.560605" lon="22.670865">
        <ele>751.765</ele>
        <time>2016-05-02T10:54:01Z</time>
      </trkpt>
      <trkpt lat="46.560501" lon="22.670820">
        <ele>750.921</ele>
        <time>2016-05-02T10:54:08Z</time>
      </trkpt>
      <trkpt lat="46.560413" lon="22.670828">
        <ele>750.108</ele>
        <time>2016-05-02T10:54:11Z</time>
      </trkpt>
      <trkpt lat="46.560321" lon="22.670836">
        <ele>749.350</ele>
        <time>2016-05-02T10:54:19Z</time>
      </trkpt>
      <trkpt lat="46.560234" lon="22.670855">
        <ele>748.567</ele>
        <time>2016-05-02T10:54:23Z</time>
      </trkpt>
      <trkpt lat="46.560218" lon="22.670972">
        <ele>747.619</ele>
        <time>2016-05-02T10:55:14Z</time>
      </trkpt>
      <trkpt lat="46.560140" lon="22.671007">
        <ele>746.851</ele>
        <time>2016-05-02T10:55:53Z</time>
      </trkpt>
      <trkpt lat="46.560055" lon="22.671012">
        <ele>746.058</ele>
        <time>2016-05-02T10:56:11Z</time>
      </trkpt>
      <trkpt lat="46.559978" lon="22.670964">
        <ele>744.769</ele>
        <time>2016-05-02T10:56:16Z</time>
      </trkpt>
      <trkpt lat="46.559897" lon="22.670923">
        <ele>743.532</ele>
        <time>2016-05-02T10:56:27Z</time>
      </trkpt>
      <trkpt lat="46.559817" lon="22.670960">
        <ele>742.244</ele>
        <time>2016-05-02T10:56:37Z</time>
      </trkpt>
      <trkpt lat="46.559735" lon="22.670978">
        <ele>740.938</ele>
        <time>2016-05-02T10:56:44Z</time>
      </trkpt>
      <trkpt lat="46.559653" lon="22.670942">
        <ele>739.670</ele>
        <time>2016-05-02T10:56:49Z</time>
      </trkpt>
      <trkpt lat="46.559570" lon="22.670954">
        <ele>738.417</ele>
        <time>2016-05-02T10:57:06Z</time>
      </trkpt>
      <trkpt lat="46.559484" lon="22.670985">
        <ele>737.108</ele>
        <time>2016-05-02T10:57:46Z</time>
      </trkpt>
      <trkpt lat="46.559403" lon="22.671000">
        <ele>735.834</ele>
        <time>2016-05-02T10:59:36Z</time>
      </trkpt>
      <trkpt lat="46.559312" lon="22.670972">
        <ele>734.561</ele>
        <time>2016-05-02T10:59:44Z</time>
      </trkpt>
      <trkpt lat="46.559241" lon="22.671046">
        <ele>733.353</ele>
        <time>2016-05-02T10:59:50Z</time>
      </trkpt>
      <trkpt lat="46.559155" lon="22.671048">
        <ele>732.065</ele>
        <time>2016-05-02T11:00:40Z</time>
      </trkpt>
      <trkpt lat="46.559121" lon="22.670924">
        <ele>730.462</ele>
        <time>2016-05-02T11:01:04Z</time>
      </trkpt>
      <trkpt lat="46.559057" lon="22.670843">
        <ele>727.653</ele>
        <time>2016-05-02T11:01:24Z</time>
      </trkpt>
      <trkpt lat="46.558990" lon="22.670772">
        <ele>724.916</ele>
        <time>2016-05-02T11:01:35Z</time>
      </trkpt>
      <trkpt lat="46.558932" lon="22.670676">
        <ele>722.298</ele>
        <time>2016-05-02T11:01:46Z</time>
      </trkpt>
      <trkpt lat="46.558857" lon="22.670596">
        <ele>719.589</ele>
        <time>2016-05-02T11:02:08Z</time>
      </trkpt>
      <trkpt lat="46.558785" lon="22.670533">
        <ele>716.706</ele>
        <time>2016-05-02T11:02:14Z</time>
      </trkpt>
      <trkpt lat="46.558713" lon="22.670456">
        <ele>715.126</ele>
        <time>2016-05-02T11:02:22Z</time>
      </trkpt>
      <trkpt lat="46.558634" lon="22.670405">
        <ele>713.508</ele>
        <time>2016-05-02T11:02:29Z</time>
      </trkpt>
      <trkpt lat="46.558560" lon="22.670321">
        <ele>711.889</ele>
        <time>2016-05-02T11:02:37Z</time>
      </trkpt>
      <trkpt lat="46.558475" lon="22.670335">
        <ele>710.216</ele>
        <time>2016-05-02T11:02:44Z</time>
      </trkpt>
      <trkpt lat="46.558395" lon="22.670397">
        <ele>708.518</ele>
        <time>2016-05-02T11:02:52Z</time>
      </trkpt>
      <trkpt lat="46.558338" lon="22.670484">
        <ele>708.590</ele>
        <time>2016-05-02T11:02:58Z</time>
      </trkpt>
      <trkpt lat="46.558295" lon="22.670596">
        <ele>709.287</ele>
        <time>2016-05-02T11:03:05Z</time>
      </trkpt>
      <trkpt lat="46.558239" lon="22.670697">
        <ele>709.868</ele>
        <time>2016-05-02T11:03:13Z</time>
      </trkpt>
      <trkpt lat="46.558157" lon="22.670670">
        <ele>710.561</ele>
        <time>2016-05-02T11:03:53Z</time>
      </trkpt>
      <trkpt lat="46.558076" lon="22.670707">
        <ele>711.113</ele>
        <time>2016-05-02T11:04:01Z</time>
      </trkpt>
      <trkpt lat="46.557992" lon="22.670677">
        <ele>711.719</ele>
        <time>2016-05-02T11:04:08Z</time>
      </trkpt>
      <trkpt lat="46.557898" lon="22.670682">
        <ele>711.309</ele>
        <time>2016-05-02T11:04:14Z</time>
      </trkpt>
      <trkpt lat="46.557814" lon="22.670713">
        <ele>710.819</ele>
        <time>2016-05-02T11:04:21Z</time>
      </trkpt>
      <trkpt lat="46.557735" lon="22.670767">
        <ele>710.408</ele>
        <time>2016-05-02T11:04:29Z</time>
      </trkpt>
      <trkpt lat="46.557651" lon="22.670838">
        <ele>709.952</ele>
        <time>2016-05-02T11:04:39Z</time>
      </trkpt>
      <trkpt lat="46.557558" lon="22.670887">
        <ele>709.579</ele>
        <time>2016-05-02T11:04:51Z</time>
      </trkpt>
      <trkpt lat="46.557488" lon="22.670823">
        <ele>710.831</ele>
        <time>2016-05-02T11:05:00Z</time>
      </trkpt>
      <trkpt lat="46.557497" lon="22.670942">
        <ele>712.663</ele>
        <time>2016-05-02T11:05:37Z</time>
      </trkpt>
      <trkpt lat="46.557467" lon="22.671052">
        <ele>714.010</ele>
        <time>2016-05-02T11:05:49Z</time>
      </trkpt>
      <trkpt lat="46.557401" lon="22.671131">
        <ele>715.421</ele>
        <time>2016-05-02T11:05:58Z</time>
      </trkpt>
      <trkpt lat="46.557344" lon="22.671222">
        <ele>716.744</ele>
        <time>2016-05-02T11:06:06Z</time>
      </trkpt>
      <trkpt lat="46.557280" lon="22.671314">
        <ele>718.196</ele>
        <time>2016-05-02T11:06:13Z</time>
      </trkpt>
      <trkpt lat="46.557206" lon="22.671385">
        <ele>719.593</ele>
        <time>2016-05-02T11:06:21Z</time>
      </trkpt>
      <trkpt lat="46.557127" lon="22.671424">
        <ele>720.865</ele>
        <time>2016-05-02T11:06:29Z</time>
      </trkpt>
      <trkpt lat="46.557051" lon="22.671484">
        <ele>722.221</ele>
        <time>2016-05-02T11:06:37Z</time>
      </trkpt>
      <trkpt lat="46.556979" lon="22.671558">
        <ele>723.508</ele>
        <time>2016-05-02T11:06:46Z</time>
      </trkpt>
      <trkpt lat="46.556925" lon="22.671657">
        <ele>724.940</ele>
        <time>2016-05-02T11:06:59Z</time>
      </trkpt>
      <trkpt lat="46.556841" lon="22.671704">
        <ele>724.517</ele>
        <time>2016-05-02T11:07:10Z</time>
      </trkpt>
      <trkpt lat="46.556792" lon="22.671811">
        <ele>725.879</ele>
        <time>2016-05-02T11:07:16Z</time>
      </trkpt>
      <trkpt lat="46.556720" lon="22.671897">
        <ele>727.611</ele>
        <time>2016-05-02T11:07:27Z</time>
      </trkpt>
      <trkpt lat="46.556634" lon="22.671951">
        <ele>729.598</ele>
        <time>2016-05-02T11:07:33Z</time>
      </trkpt>
      <trkpt lat="46.556560" lon="22.672004">
        <ele>731.199</ele>
        <time>2016-05-02T11:07:40Z</time>
      </trkpt>
      <trkpt lat="46.556482" lon="22.672070">
        <ele>732.732</ele>
        <time>2016-05-02T11:07:47Z</time>
      </trkpt>
      <trkpt lat="46.556418" lon="22.672154">
        <ele>734.424</ele>
        <time>2016-05-02T11:07:59Z</time>
      </trkpt>
      <trkpt lat="46.556351" lon="22.672229">
        <ele>736.096</ele>
        <time>2016-05-02T11:08:07Z</time>
      </trkpt>
      <trkpt lat="46.556291" lon="22.672321">
        <ele>737.631</ele>
        <time>2016-05-02T11:08:17Z</time>
      </trkpt>
      <trkpt lat="46.556223" lon="22.672392">
        <ele>739.324</ele>
        <time>2016-05-02T11:08:25Z</time>
      </trkpt>
      <trkpt lat="46.556156" lon="22.672465">
        <ele>740.908</ele>
        <time>2016-05-02T11:08:35Z</time>
      </trkpt>
      <trkpt lat="46.556085" lon="22.672563">
        <ele>742.580</ele>
        <time>2016-05-02T11:08:44Z</time>
      </trkpt>
      <trkpt lat="46.555997" lon="22.672571">
        <ele>742.487</ele>
        <time>2016-05-02T11:08:59Z</time>
      </trkpt>
      <trkpt lat="46.555907" lon="22.672605">
        <ele>742.249</ele>
        <time>2016-05-02T11:09:26Z</time>
      </trkpt>
      <trkpt lat="46.555822" lon="22.672568">
        <ele>739.841</ele>
        <time>2016-05-02T11:09:35Z</time>
      </trkpt>
      <trkpt lat="46.555740" lon="22.672534">
        <ele>737.638</ele>
        <time>2016-05-02T11:09:46Z</time>
      </trkpt>
      <trkpt lat="46.555657" lon="22.672496">
        <ele>735.569</ele>
        <time>2016-05-02T11:09:56Z</time>
      </trkpt>
      <trkpt lat="46.555567" lon="22.672518">
        <ele>733.362</ele>
        <time>2016-05-02T11:10:23Z</time>
      </trkpt>
      <trkpt lat="46.555492" lon="22.672577">
        <ele>731.174</ele>
        <time>2016-05-02T11:10:34Z</time>
      </trkpt>
      <trkpt lat="46.555411" lon="22.672593">
        <ele>728.922</ele>
        <time>2016-05-02T11:10:42Z</time>
      </trkpt>
      <trkpt lat="46.555331" lon="22.672637">
        <ele>726.762</ele>
        <time>2016-05-02T11:10:59Z</time>
      </trkpt>
      <trkpt lat="46.555242" lon="22.672696">
        <ele>724.508</ele>
        <time>2016-05-02T11:11:07Z</time>
      </trkpt>
      <trkpt lat="46.555160" lon="22.672753">
        <ele>722.408</ele>
        <time>2016-05-02T11:11:17Z</time>
      </trkpt>
      <trkpt lat="46.555104" lon="22.672851">
        <ele>720.753</ele>
        <time>2016-05-02T11:11:44Z</time>
      </trkpt>
      <trkpt lat="46.555021" lon="22.672868">
        <ele>715.620</ele>
        <time>2016-05-02T11:11:57Z</time>
      </trkpt>
      <trkpt lat="46.554941" lon="22.672887">
        <ele>712.722</ele>
        <time>2016-05-02T11:12:07Z</time>
      </trkpt>
      <trkpt lat="46.554842" lon="22.672922">
        <ele>709.854</ele>
        <time>2016-05-02T11:12:48Z</time>
      </trkpt>
      <trkpt lat="46.554756" lon="22.672935">
        <ele>706.951</ele>
        <time>2016-05-02T11:12:52Z</time>
      </trkpt>
      <trkpt lat="46.554673" lon="22.672972">
        <ele>704.072</ele>
        <time>2016-05-02T11:12:58Z</time>
      </trkpt>
      <trkpt lat="46.554590" lon="22.673039">
        <ele>701.125</ele>
        <time>2016-05-02T11:13:05Z</time>
      </trkpt>
      <trkpt lat="46.554521" lon="22.673115">
        <ele>698.257</ele>
        <time>2016-05-02T11:13:12Z</time>
      </trkpt>
      <trkpt lat="46.554447" lon="22.673170">
        <ele>695.391</ele>
        <time>2016-05-02T11:13:18Z</time>
      </trkpt>
      <trkpt lat="46.554384" lon="22.673247">
        <ele>692.481</ele>
        <time>2016-05-02T11:13:32Z</time>
      </trkpt>
      <trkpt lat="46.554290" lon="22.673236">
        <ele>689.519</ele>
        <time>2016-05-02T11:13:36Z</time>
      </trkpt>
      <trkpt lat="46.554219" lon="22.673309">
        <ele>686.008</ele>
        <time>2016-05-02T11:13:44Z</time>
      </trkpt>
      <trkpt lat="46.554166" lon="22.673401">
        <ele>686.090</ele>
        <time>2016-05-02T11:14:44Z</time>
      </trkpt>
      <trkpt lat="46.554076" lon="22.673388">
        <ele>686.087</ele>
        <time>2016-05-02T11:15:15Z</time>
      </trkpt>
      <trkpt lat="46.554035" lon="22.673274">
        <ele>686.069</ele>
        <time>2016-05-02T11:15:37Z</time>
      </trkpt>
      <trkpt lat="46.553954" lon="22.673303">
        <ele>687.881</ele>
        <time>2016-05-02T11:15:44Z</time>
      </trkpt>
      <trkpt lat="46.553880" lon="22.673349">
        <ele>689.658</ele>
        <time>2016-05-02T11:16:46Z</time>
      </trkpt>
      <trkpt lat="46.553888" lon="22.673467">
        <ele>691.549</ele>
        <time>2016-05-02T11:20:42Z</time>
      </trkpt>
      <trkpt lat="46.553890" lon="22.673585">
        <ele>693.332</ele>
        <time>2016-05-02T11:21:58Z</time>
      </trkpt>
      <trkpt lat="46.553918" lon="22.673713">
        <ele>695.154</ele>
        <time>2016-05-02T11:23:37Z</time>
      </trkpt>
      <trkpt lat="46.553949" lon="22.673838">
        <ele>696.942</ele>
        <time>2016-05-02T11:23:53Z</time>
      </trkpt>
      <trkpt lat="46.553988" lon="22.673951">
        <ele>698.722</ele>
        <time>2016-05-02T11:24:24Z</time>
      </trkpt>
      <trkpt lat="46.554037" lon="22.674058">
        <ele>700.514</ele>
        <time>2016-05-02T11:25:05Z</time>
      </trkpt>
      <trkpt lat="46.554103" lon="22.674137">
        <ele>702.408</ele>
        <time>2016-05-02T11:26:51Z</time>
      </trkpt>
      <trkpt lat="46.554117" lon="22.674255">
        <ele>704.225</ele>
        <time>2016-05-02T11:28:03Z</time>
      </trkpt>
      <trkpt lat="46.554127" lon="22.674408">
        <ele>706.062</ele>
        <time>2016-05-02T11:30:55Z</time>
      </trkpt>
      <trkpt lat="46.554136" lon="22.674525">
        <ele>706.024</ele>
        <time>2016-05-02T11:31:48Z</time>
      </trkpt>
      <trkpt lat="46.554216" lon="22.674557">
        <ele>707.546</ele>
        <time>2016-05-02T11:32:27Z</time>
      </trkpt>
      <trkpt lat="46.554292" lon="22.674491">
        <ele>709.123</ele>
        <time>2016-05-02T11:32:45Z</time>
      </trkpt>
      <trkpt lat="46.554216" lon="22.674442">
        <ele>710.674</ele>
        <time>2016-05-02T11:35:54Z</time>
      </trkpt>
      <trkpt lat="46.554294" lon="22.674484">
        <ele>712.227</ele>
        <time>2016-05-02T11:38:10Z</time>
      </trkpt>
      <trkpt lat="46.554230" lon="22.674562">
        <ele>713.789</ele>
        <time>2016-05-02T11:39:01Z</time>
      </trkpt>
      <trkpt lat="46.554310" lon="22.674611">
        <ele>715.345</ele>
        <time>2016-05-02T11:39:28Z</time>
      </trkpt>
      <trkpt lat="46.554395" lon="22.674613">
        <ele>716.847</ele>
        <time>2016-05-02T11:40:01Z</time>
      </trkpt>
      <trkpt lat="46.554495" lon="22.674615">
        <ele>718.411</ele>
        <time>2016-05-02T11:40:43Z</time>
      </trkpt>
      <trkpt lat="46.554516" lon="22.674735">
        <ele>719.908</ele>
        <time>2016-05-02T11:41:07Z</time>
      </trkpt>
      <trkpt lat="46.554442" lon="22.674799">
        <ele>721.555</ele>
        <time>2016-05-02T11:42:27Z</time>
      </trkpt>
      <trkpt lat="46.554339" lon="22.674814">
        <ele>723.032</ele>
        <time>2016-05-02T11:43:05Z</time>
      </trkpt>
      <trkpt lat="46.554404" lon="22.674740">
        <ele>723.054</ele>
        <time>2016-05-02T11:43:31Z</time>
      </trkpt>
      <trkpt lat="46.554342" lon="22.674838">
        <ele>723.066</ele>
        <time>2016-05-02T11:43:34Z</time>
      </trkpt>
      <trkpt lat="46.554435" lon="22.674790">
        <ele>723.013</ele>
        <time>2016-05-02T11:43:47Z</time>
      </trkpt>
      <trkpt lat="46.554429" lon="22.674914">
        <ele>723.074</ele>
        <time>2016-05-02T11:44:52Z</time>
      </trkpt>
      <trkpt lat="46.554508" lon="22.674942">
        <ele>723.097</ele>
        <time>2016-05-02T11:45:30Z</time>
      </trkpt>
      <trkpt lat="46.554549" lon="22.675054">
        <ele>724.039</ele>
        <time>2016-05-02T11:45:40Z</time>
      </trkpt>
      <trkpt lat="46.554612" lon="22.675161">
        <ele>725.093</ele>
        <time>2016-05-02T11:46:02Z</time>
      </trkpt>
      <trkpt lat="46.554608" lon="22.675287">
        <ele>726.065</ele>
        <time>2016-05-02T11:46:25Z</time>
      </trkpt>
      <trkpt lat="46.554536" lon="22.675359">
        <ele>727.021</ele>
        <time>2016-05-02T11:46:36Z</time>
      </trkpt>
      <trkpt lat="46.554544" lon="22.675520">
        <ele>728.008</ele>
        <time>2016-05-02T11:50:23Z</time>
      </trkpt>
      <trkpt lat="46.554492" lon="22.675615">
        <ele>729.080</ele>
        <time>2016-05-02T11:51:52Z</time>
      </trkpt>
      <trkpt lat="46.554439" lon="22.675722">
        <ele>730.037</ele>
        <time>2016-05-02T11:52:44Z</time>
      </trkpt>
      <trkpt lat="46.554520" lon="22.675702">
        <ele>731.039</ele>
        <time>2016-05-02T11:52:46Z</time>
      </trkpt>
      <trkpt lat="46.554459" lon="22.675781">
        <ele>732.031</ele>
        <time>2016-05-02T11:52:54Z</time>
      </trkpt>
      <trkpt lat="46.554589" lon="22.675765">
        <ele>733.038</ele>
        <time>2016-05-02T11:53:29Z</time>
      </trkpt>
      <trkpt lat="46.554474" lon="22.675903">
        <ele>734.059</ele>
        <time>2016-05-02T11:53:34Z</time>
      </trkpt>
      <trkpt lat="46.554423" lon="22.676004">
        <ele>734.032</ele>
        <time>2016-05-02T11:53:38Z</time>
      </trkpt>
      <trkpt lat="46.554521" lon="22.675859">
        <ele>734.084</ele>
        <time>2016-05-02T11:54:23Z</time>
      </trkpt>
      <trkpt lat="46.554594" lon="22.675749">
        <ele>734.034</ele>
        <time>2016-05-02T11:54:26Z</time>
      </trkpt>
      <trkpt lat="46.554506" lon="22.675871">
        <ele>734.055</ele>
        <time>2016-05-02T11:55:16Z</time>
      </trkpt>
      <trkpt lat="46.554407" lon="22.675950">
        <ele>734.010</ele>
        <time>2016-05-02T11:55:18Z</time>
      </trkpt>
      <trkpt lat="46.554382" lon="22.676065">
        <ele>734.008</ele>
        <time>2016-05-02T11:56:29Z</time>
      </trkpt>
      <trkpt lat="46.554454" lon="22.675986">
        <ele>734.074</ele>
        <time>2016-05-02T11:57:39Z</time>
      </trkpt>
      <trkpt lat="46.554592" lon="22.676042">
        <ele>734.061</ele>
        <time>2016-05-02T11:57:45Z</time>
      </trkpt>
      <trkpt lat="46.554486" lon="22.676069">
        <ele>734.053</ele>
        <time>2016-05-02T11:57:47Z</time>
      </trkpt>
      <trkpt lat="46.554531" lon="22.676180">
        <ele>734.015</ele>
        <time>2016-05-02T11:57:50Z</time>
      </trkpt>
      <trkpt lat="46.554613" lon="22.676168">
        <ele>734.062</ele>
        <time>2016-05-02T11:57:53Z</time>
      </trkpt>
      <trkpt lat="46.554490" lon="22.676219">
        <ele>734.043</ele>
        <time>2016-05-02T11:57:54Z</time>
      </trkpt>
      <trkpt lat="46.554380" lon="22.676187">
        <ele>734.026</ele>
        <time>2016-05-02T11:57:56Z</time>
      </trkpt>
      <trkpt lat="46.554273" lon="22.676269">
        <ele>734.088</ele>
        <time>2016-05-02T11:57:57Z</time>
      </trkpt>
      <trkpt lat="46.554320" lon="22.676168">
        <ele>734.042</ele>
        <time>2016-05-02T11:58:04Z</time>
      </trkpt>
      <trkpt lat="46.554368" lon="22.676054">
        <ele>734.022</ele>
        <time>2016-05-02T11:58:07Z</time>
      </trkpt>
      <trkpt lat="46.554262" lon="22.676043">
        <ele>734.014</ele>
        <time>2016-05-02T11:58:09Z</time>
      </trkpt>
      <trkpt lat="46.554361" lon="22.676009">
        <ele>734.008</ele>
        <time>2016-05-02T11:58:10Z</time>
      </trkpt>
      <trkpt lat="46.554217" lon="22.676158">
        <ele>734.045</ele>
        <time>2016-05-02T11:58:11Z</time>
      </trkpt>
      <trkpt lat="46.554134" lon="22.676263">
        <ele>734.072</ele>
        <time>2016-05-02T11:58:12Z</time>
      </trkpt>
      <trkpt lat="46.554250" lon="22.676301">
        <ele>734.074</ele>
        <time>2016-05-02T11:58:17Z</time>
      </trkpt>
      <trkpt lat="46.554322" lon="22.676230">
        <ele>734.056</ele>
        <time>2016-05-02T11:58:19Z</time>
      </trkpt>
      <trkpt lat="46.554373" lon="22.676128">
        <ele>734.053</ele>
        <time>2016-05-02T11:58:22Z</time>
      </trkpt>
      <trkpt lat="46.554454" lon="22.676092">
        <ele>734.024</ele>
        <time>2016-05-02T11:58:32Z</time>
      </trkpt>
      <trkpt lat="46.554350" lon="22.676090">
        <ele>734.027</ele>
        <time>2016-05-02T12:00:02Z</time>
      </trkpt>
      <trkpt lat="46.554267" lon="22.676141">
        <ele>733.469</ele>
        <time>2016-05-02T12:00:09Z</time>
      </trkpt>
      <trkpt lat="46.554349" lon="22.676090">
        <ele>732.744</ele>
        <time>2016-05-02T12:01:55Z</time>
      </trkpt>
      <trkpt lat="46.554304" lon="22.676192">
        <ele>732.105</ele>
        <time>2016-05-02T12:03:51Z</time>
      </trkpt>
      <trkpt lat="46.554383" lon="22.676248">
        <ele>731.515</ele>
        <time>2016-05-02T12:06:03Z</time>
      </trkpt>
      <trkpt lat="46.554442" lon="22.676342">
        <ele>730.808</ele>
        <time>2016-05-02T12:10:03Z</time>
      </trkpt>
      <trkpt lat="46.554508" lon="22.676426">
        <ele>730.295</ele>
        <time>2016-05-02T12:10:21Z</time>
      </trkpt>
      <trkpt lat="46.554590" lon="22.676553">
        <ele>729.582</ele>
        <time>2016-05-02T12:10:32Z</time>
      </trkpt>
      <trkpt lat="46.554503" lon="22.676592">
        <ele>728.944</ele>
        <time>2016-05-02T12:10:55Z</time>
      </trkpt>
      <trkpt lat="46.554420" lon="22.676616">
        <ele>728.316</ele>
        <time>2016-05-02T12:11:20Z</time>
      </trkpt>
      <trkpt lat="46.554502" lon="22.676641">
        <ele>727.663</ele>
        <time>2016-05-02T12:16:01Z</time>
      </trkpt>
      <trkpt lat="46.554524" lon="22.676755">
        <ele>727.034</ele>
        <time>2016-05-02T12:17:05Z</time>
      </trkpt>
      <trkpt lat="46.554438" lon="22.676786">
        <ele>727.017</ele>
        <time>2016-05-02T12:17:09Z</time>
      </trkpt>
      <trkpt lat="46.554351" lon="22.676763">
        <ele>728.689</ele>
        <time>2016-05-02T12:17:11Z</time>
      </trkpt>
      <trkpt lat="46.554308" lon="22.676885">
        <ele>730.389</ele>
        <time>2016-05-02T12:17:15Z</time>
      </trkpt>
      <trkpt lat="46.554263" lon="22.677007">
        <ele>731.906</ele>
        <time>2016-05-02T12:17:40Z</time>
      </trkpt>
      <trkpt lat="46.554165" lon="22.677009">
        <ele>733.526</ele>
        <time>2016-05-02T12:17:44Z</time>
      </trkpt>
      <trkpt lat="46.554218" lon="22.677109">
        <ele>735.208</ele>
        <time>2016-05-02T12:18:27Z</time>
      </trkpt>
      <trkpt lat="46.554160" lon="22.677194">
        <ele>736.889</ele>
        <time>2016-05-02T12:18:51Z</time>
      </trkpt>
      <trkpt lat="46.554095" lon="22.677290">
        <ele>738.576</ele>
        <time>2016-05-02T12:19:08Z</time>
      </trkpt>
      <trkpt lat="46.554179" lon="22.677363">
        <ele>740.188</ele>
        <time>2016-05-02T12:22:25Z</time>
      </trkpt>
      <trkpt lat="46.554127" lon="22.677456">
        <ele>741.750</ele>
        <time>2016-05-02T12:23:59Z</time>
      </trkpt>
      <trkpt lat="46.554046" lon="22.677534">
        <ele>743.427</ele>
        <time>2016-05-02T12:24:47Z</time>
      </trkpt>
      <trkpt lat="46.554152" lon="22.677510">
        <ele>745.038</ele>
        <time>2016-05-02T12:27:43Z</time>
      </trkpt>
      <trkpt lat="46.554071" lon="22.677526">
        <ele>745.011</ele>
        <time>2016-05-02T12:28:23Z</time>
      </trkpt>
      <trkpt lat="46.554153" lon="22.677586">
        <ele>745.073</ele>
        <time>2016-05-02T12:28:39Z</time>
      </trkpt>
      <trkpt lat="46.554223" lon="22.677654">
        <ele>745.033</ele>
        <time>2016-05-02T12:29:39Z</time>
      </trkpt>
      <trkpt lat="46.554190" lon="22.677770">
        <ele>745.023</ele>
        <time>2016-05-02T12:30:27Z</time>
      </trkpt>
      <trkpt lat="46.554108" lon="22.677764">
        <ele>745.015</ele>
        <time>2016-05-02T12:32:37Z</time>
      </trkpt>
      <trkpt lat="46.554076" lon="22.677883">
        <ele>745.008</ele>
        <time>2016-05-02T12:39:52Z</time>
      </trkpt>
      <trkpt lat="46.554156" lon="22.677850">
        <ele>751.014</ele>
        <time>2016-05-02T12:40:04Z</time>
      </trkpt>
      <trkpt lat="46.554084" lon="22.677916">
        <ele>751.051</ele>
        <time>2016-05-02T12:42:43Z</time>
      </trkpt>
      <trkpt lat="46.553996" lon="22.677903">
        <ele>751.023</ele>
        <time>2016-05-02T12:47:06Z</time>
      </trkpt>
      <trkpt lat="46.553912" lon="22.677842">
        <ele>751.065</ele>
        <time>2016-05-02T12:48:54Z</time>
      </trkpt>
      <trkpt lat="46.553824" lon="22.677810">
        <ele>751.022</ele>
        <time>2016-05-02T12:50:44Z</time>
      </trkpt>
      <trkpt lat="46.553708" lon="22.677786">
        <ele>752.573</ele>
        <time>2016-05-02T12:50:45Z</time>
      </trkpt>
      <trkpt lat="46.553802" lon="22.677815">
        <ele>752.516</ele>
        <time>2016-05-02T12:50:47Z</time>
      </trkpt>
      <trkpt lat="46.553898" lon="22.677849">
        <ele>758.528</ele>
        <time>2016-05-02T12:50:50Z</time>
      </trkpt>
      <trkpt lat="46.553947" lon="22.677988">
        <ele>758.544</ele>
        <time>2016-05-02T12:51:52Z</time>
      </trkpt>
      <trkpt lat="46.553832" lon="22.677974">
        <ele>764.505</ele>
        <time>2016-05-02T12:51:55Z</time>
      </trkpt>
      <trkpt lat="46.553877" lon="22.678080">
        <ele>764.515</ele>
        <time>2016-05-02T12:52:23Z</time>
      </trkpt>
      <trkpt lat="46.553808" lon="22.677990">
        <ele>758.508</ele>
        <time>2016-05-02T12:53:33Z</time>
      </trkpt>
      <trkpt lat="46.553730" lon="22.677927">
        <ele>758.525</ele>
        <time>2016-05-02T12:53:41Z</time>
      </trkpt>
      <trkpt lat="46.553808" lon="22.677965">
        <ele>760.142</ele>
        <time>2016-05-02T12:54:14Z</time>
      </trkpt>
      <trkpt lat="46.553776" lon="22.677840">
        <ele>761.624</ele>
        <time>2016-05-02T12:54:44Z</time>
      </trkpt>
      <trkpt lat="46.553862" lon="22.677859">
        <ele>763.266</ele>
        <time>2016-05-02T12:55:35Z</time>
      </trkpt>
      <trkpt lat="46.553920" lon="22.677947">
        <ele>763.213</ele>
        <time>2016-05-02T12:55:52Z</time>
      </trkpt>
      <trkpt lat="46.553995" lon="22.677996">
        <ele>764.784</ele>
        <time>2016-05-02T12:56:30Z</time>
      </trkpt>
      <trkpt lat="46.554404" lon="22.678288">
        <ele>762.167</ele>
        <time>2016-05-02T12:58:29Z</time>
      </trkpt>
      <trkpt lat="46.554478" lon="22.678451">
        <ele>765.559</ele>
        <time>2016-05-02T12:58:31Z</time>
      </trkpt>
      <trkpt lat="46.554430" lon="22.678343">
        <ele>762.837</ele>
        <time>2016-05-02T12:58:42Z</time>
      </trkpt>
      <trkpt lat="46.554436" lon="22.678216">
        <ele>766.249</ele>
        <time>2016-05-02T12:58:50Z</time>
      </trkpt>
      <trkpt lat="46.554528" lon="22.678242">
        <ele>769.513</ele>
        <time>2016-05-02T12:59:19Z</time>
      </trkpt>
      <trkpt lat="46.554645" lon="22.678290">
        <ele>772.908</ele>
        <time>2016-05-02T12:59:27Z</time>
      </trkpt>
      <trkpt lat="46.554709" lon="22.678371">
        <ele>774.734</ele>
        <time>2016-05-02T12:59:35Z</time>
      </trkpt>
      <trkpt lat="46.554764" lon="22.678458">
        <ele>776.561</ele>
        <time>2016-05-02T13:00:29Z</time>
      </trkpt>
      <trkpt lat="46.554781" lon="22.678341">
        <ele>778.423</ele>
        <time>2016-05-02T13:01:37Z</time>
      </trkpt>
      <trkpt lat="46.554802" lon="22.678216">
        <ele>780.225</ele>
        <time>2016-05-02T13:01:45Z</time>
      </trkpt>
      <trkpt lat="46.554888" lon="22.678251">
        <ele>782.062</ele>
        <time>2016-05-02T13:02:34Z</time>
      </trkpt>
      <trkpt lat="46.555013" lon="22.678379">
        <ele>782.083</ele>
        <time>2016-05-02T13:02:36Z</time>
      </trkpt>
      <trkpt lat="46.554988" lon="22.678249">
        <ele>782.086</ele>
        <time>2016-05-02T13:02:39Z</time>
      </trkpt>
      <trkpt lat="46.555126" lon="22.678388">
        <ele>782.058</ele>
        <time>2016-05-02T13:02:44Z</time>
      </trkpt>
      <trkpt lat="46.555131" lon="22.678210">
        <ele>782.046</ele>
        <time>2016-05-02T13:02:53Z</time>
      </trkpt>
      <trkpt lat="46.555197" lon="22.678281">
        <ele>781.188</ele>
        <time>2016-05-02T13:02:59Z</time>
      </trkpt>
      <trkpt lat="46.555235" lon="22.678404">
        <ele>780.216</ele>
        <time>2016-05-02T13:03:38Z</time>
      </trkpt>
      <trkpt lat="46.555160" lon="22.678357">
        <ele>779.308</ele>
        <time>2016-05-02T13:04:54Z</time>
      </trkpt>
      <trkpt lat="46.555087" lon="22.678204">
        <ele>779.365</ele>
        <time>2016-05-02T13:05:04Z</time>
      </trkpt>
      <trkpt lat="46.554958" lon="22.678019">
        <ele>779.392</ele>
        <time>2016-05-02T13:07:06Z</time>
      </trkpt>
      <trkpt lat="46.554922" lon="22.677889">
        <ele>779.354</ele>
        <time>2016-05-02T13:07:07Z</time>
      </trkpt>
      <trkpt lat="46.554843" lon="22.677747">
        <ele>779.366</ele>
        <time>2016-05-02T13:07:08Z</time>
      </trkpt>
      <trkpt lat="46.554899" lon="22.677843">
        <ele>779.383</ele>
        <time>2016-05-02T13:07:09Z</time>
      </trkpt>
      <trkpt lat="46.555071" lon="22.678047">
        <ele>779.324</ele>
        <time>2016-05-02T13:08:15Z</time>
      </trkpt>
      <trkpt lat="46.555146" lon="22.678180">
        <ele>779.397</ele>
        <time>2016-05-02T13:08:19Z</time>
      </trkpt>
      <trkpt lat="46.555242" lon="22.678318">
        <ele>781.149</ele>
        <time>2016-05-02T13:08:21Z</time>
      </trkpt>
      <trkpt lat="46.555196" lon="22.678194">
        <ele>783.811</ele>
        <time>2016-05-02T13:08:29Z</time>
      </trkpt>
      <trkpt lat="46.555258" lon="22.678278">
        <ele>786.521</ele>
        <time>2016-05-02T13:08:30Z</time>
      </trkpt>
      <trkpt lat="46.555347" lon="22.678281">
        <ele>789.303</ele>
        <time>2016-05-02T13:09:00Z</time>
      </trkpt>
      <trkpt lat="46.555420" lon="22.678352">
        <ele>791.108</ele>
        <time>2016-05-02T13:09:25Z</time>
      </trkpt>
      <trkpt lat="46.555519" lon="22.678467">
        <ele>792.932</ele>
        <time>2016-05-02T13:09:28Z</time>
      </trkpt>
      <trkpt lat="46.555604" lon="22.678491">
        <ele>794.799</ele>
        <time>2016-05-02T13:09:31Z</time>
      </trkpt>
      <trkpt lat="46.555700" lon="22.678591">
        <ele>796.561</ele>
        <time>2016-05-02T13:09:33Z</time>
      </trkpt>
      <trkpt lat="46.555786" lon="22.678655">
        <ele>798.443</ele>
        <time>2016-05-02T13:09:35Z</time>
      </trkpt>
      <trkpt lat="46.555870" lon="22.678649">
        <ele>800.260</ele>
        <time>2016-05-02T13:09:46Z</time>
      </trkpt>
      <trkpt lat="46.555894" lon="22.678526">
        <ele>802.061</ele>
        <time>2016-05-02T13:09:51Z</time>
      </trkpt>
      <trkpt lat="46.556004" lon="22.678587">
        <ele>804.164</ele>
        <time>2016-05-02T13:10:55Z</time>
      </trkpt>
      <trkpt lat="46.556147" lon="22.678748">
        <ele>806.286</ele>
        <time>2016-05-02T13:11:00Z</time>
      </trkpt>
      <trkpt lat="46.556015" lon="22.678572">
        <ele>813.162</ele>
        <time>2016-05-02T13:11:09Z</time>
      </trkpt>
      <trkpt lat="46.556069" lon="22.678673">
        <ele>815.283</ele>
        <time>2016-05-02T13:11:25Z</time>
      </trkpt>
      <trkpt lat="46.556215" lon="22.678687">
        <ele>817.311</ele>
        <time>2016-05-02T13:13:45Z</time>
      </trkpt>
      <trkpt lat="46.556294" lon="22.678753">
        <ele>824.208</ele>
        <time>2016-05-02T13:13:47Z</time>
      </trkpt>
      <trkpt lat="46.556375" lon="22.678782">
        <ele>831.187</ele>
        <time>2016-05-02T13:13:54Z</time>
      </trkpt>
      <trkpt lat="46.556448" lon="22.678835">
        <ele>838.014</ele>
        <time>2016-05-02T13:13:56Z</time>
      </trkpt>
      <trkpt lat="46.556396" lon="22.678729">
        <ele>844.956</ele>
        <time>2016-05-02T13:13:59Z</time>
      </trkpt>
      <trkpt lat="46.556460" lon="22.678808">
        <ele>851.898</ele>
        <time>2016-05-02T13:14:10Z</time>
      </trkpt>
      <trkpt lat="46.556566" lon="22.678996">
        <ele>858.785</ele>
        <time>2016-05-02T13:14:21Z</time>
      </trkpt>
      <trkpt lat="46.556619" lon="22.679113">
        <ele>863.556</ele>
        <time>2016-05-02T13:14:22Z</time>
      </trkpt>
      <trkpt lat="46.556694" lon="22.679171">
        <ele>868.479</ele>
        <time>2016-05-02T13:14:29Z</time>
      </trkpt>
      <trkpt lat="46.556772" lon="22.679111">
        <ele>868.431</ele>
        <time>2016-05-02T13:14:35Z</time>
      </trkpt>
      <trkpt lat="46.556789" lon="22.678962">
        <ele>871.413</ele>
        <time>2016-05-02T13:14:39Z</time>
      </trkpt>
      <trkpt lat="46.556822" lon="22.678853">
        <ele>874.443</ele>
        <time>2016-05-02T13:14:56Z</time>
      </trkpt>
      <trkpt lat="46.556901" lon="22.678954">
        <ele>872.507</ele>
        <time>2016-05-02T13:15:25Z</time>
      </trkpt>
      <trkpt lat="46.556969" lon="22.679044">
        <ele>870.708</ele>
        <time>2016-05-02T13:15:32Z</time>
      </trkpt>
      <trkpt lat="46.557062" lon="22.679161">
        <ele>868.972</ele>
        <time>2016-05-02T13:15:51Z</time>
      </trkpt>
      <trkpt lat="46.557189" lon="22.679209">
        <ele>867.139</ele>
        <time>2016-05-02T13:15:53Z</time>
      </trkpt>
      <trkpt lat="46.557272" lon="22.679232">
        <ele>865.391</ele>
        <time>2016-05-02T13:15:55Z</time>
      </trkpt>
      <trkpt lat="46.557362" lon="22.679351">
        <ele>863.553</ele>
        <time>2016-05-02T13:17:07Z</time>
      </trkpt>
      <trkpt lat="46.557442" lon="22.679413">
        <ele>861.650</ele>
        <time>2016-05-02T13:17:12Z</time>
      </trkpt>
      <trkpt lat="46.557482" lon="22.679530">
        <ele>859.881</ele>
        <time>2016-05-02T13:17:17Z</time>
      </trkpt>
      <trkpt lat="46.557565" lon="22.679573">
        <ele>858.024</ele>
        <time>2016-05-02T13:19:25Z</time>
      </trkpt>
      <trkpt lat="46.557670" lon="22.679546">
        <ele>858.046</ele>
        <time>2016-05-02T13:19:40Z</time>
      </trkpt>
      <trkpt lat="46.557745" lon="22.679601">
        <ele>858.036</ele>
        <time>2016-05-02T13:19:45Z</time>
      </trkpt>
      <trkpt lat="46.557795" lon="22.679507">
        <ele>864.517</ele>
        <time>2016-05-02T13:19:55Z</time>
      </trkpt>
      <trkpt lat="46.557692" lon="22.679525">
        <ele>871.118</ele>
        <time>2016-05-02T13:20:01Z</time>
      </trkpt>
      <trkpt lat="46.557775" lon="22.679596">
        <ele>871.108</ele>
        <time>2016-05-02T13:20:02Z</time>
      </trkpt>
      <trkpt lat="46.557693" lon="22.679526">
        <ele>871.174</ele>
        <time>2016-05-02T13:20:04Z</time>
      </trkpt>
      <trkpt lat="46.557710" lon="22.679641">
        <ele>871.191</ele>
        <time>2016-05-02T13:28:19Z</time>
      </trkpt>
      <trkpt lat="46.557732" lon="22.679770">
        <ele>871.173</ele>
        <time>2016-05-02T13:31:10Z</time>
      </trkpt>
      <trkpt lat="46.557652" lon="22.679731">
        <ele>871.125</ele>
        <time>2016-05-02T13:33:49Z</time>
      </trkpt>
      <trkpt lat="46.557610" lon="22.679611">
        <ele>871.132</ele>
        <time>2016-05-02T13:35:55Z</time>
      </trkpt>
      <trkpt lat="46.557598" lon="22.679462">
        <ele>871.143</ele>
        <time>2016-05-02T13:35:57Z</time>
      </trkpt>
      <trkpt lat="46.557560" lon="22.679356">
        <ele>871.136</ele>
        <time>2016-05-02T13:36:00Z</time>
      </trkpt>
      <trkpt lat="46.557511" lon="22.679212">
        <ele>869.518</ele>
        <time>2016-05-02T13:36:02Z</time>
      </trkpt>
      <trkpt lat="46.557513" lon="22.679094">
        <ele>861.558</ele>
        <time>2016-05-02T13:36:08Z</time>
      </trkpt>
      <trkpt lat="46.557476" lon="22.678986">
        <ele>854.952</ele>
        <time>2016-05-02T13:36:16Z</time>
      </trkpt>
      <trkpt lat="46.557444" lon="22.678869">
        <ele>854.917</ele>
        <time>2016-05-02T13:36:34Z</time>
      </trkpt>
      <trkpt lat="46.557363" lon="22.678868">
        <ele>854.908</ele>
        <time>2016-05-02T13:37:42Z</time>
      </trkpt>
      <trkpt lat="46.557365" lon="22.678750">
        <ele>853.466</ele>
        <time>2016-05-02T13:39:35Z</time>
      </trkpt>
      <trkpt lat="46.557456" lon="22.678747">
        <ele>851.813</ele>
        <time>2016-05-02T13:40:06Z</time>
      </trkpt>
      <trkpt lat="46.557545" lon="22.678879">
        <ele>850.355</ele>
        <time>2016-05-02T13:40:15Z</time>
      </trkpt>
      <trkpt lat="46.557639" lon="22.678855">
        <ele>848.727</ele>
        <time>2016-05-02T13:40:19Z</time>
      </trkpt>
      <trkpt lat="46.557717" lon="22.678905">
        <ele>848.914</ele>
        <time>2016-05-02T13:40:29Z</time>
      </trkpt>
      <trkpt lat="46.557745" lon="22.678791">
        <ele>849.165</ele>
        <time>2016-05-02T13:40:38Z</time>
      </trkpt>
      <trkpt lat="46.557771" lon="22.678677">
        <ele>850.868</ele>
        <time>2016-05-02T13:41:48Z</time>
      </trkpt>
      <trkpt lat="46.557857" lon="22.678616">
        <ele>852.550</ele>
        <time>2016-05-02T13:42:35Z</time>
      </trkpt>
      <trkpt lat="46.557901" lon="22.678515">
        <ele>852.763</ele>
        <time>2016-05-02T13:42:41Z</time>
      </trkpt>
      <trkpt lat="46.557987" lon="22.678497">
        <ele>852.944</ele>
        <time>2016-05-02T13:43:08Z</time>
      </trkpt>
      <trkpt lat="46.558089" lon="22.678514">
        <ele>854.518</ele>
        <time>2016-05-02T13:43:57Z</time>
      </trkpt>
      <trkpt lat="46.558146" lon="22.678420">
        <ele>857.508</ele>
        <time>2016-05-02T13:44:03Z</time>
      </trkpt>
      <trkpt lat="46.558182" lon="22.678297">
        <ele>860.647</ele>
        <time>2016-05-02T13:44:11Z</time>
      </trkpt>
      <trkpt lat="46.558219" lon="22.678181">
        <ele>863.734</ele>
        <time>2016-05-02T13:44:31Z</time>
      </trkpt>
      <trkpt lat="46.558274" lon="22.678033">
        <ele>866.816</ele>
        <time>2016-05-02T13:44:43Z</time>
      </trkpt>
      <trkpt lat="46.558302" lon="22.677910">
        <ele>868.288</ele>
        <time>2016-05-02T13:44:53Z</time>
      </trkpt>
      <trkpt lat="46.558296" lon="22.677786">
        <ele>869.535</ele>
        <time>2016-05-02T13:44:58Z</time>
      </trkpt>
      <trkpt lat="46.558315" lon="22.677666">
        <ele>870.756</ele>
        <time>2016-05-02T13:45:08Z</time>
      </trkpt>
      <trkpt lat="46.558309" lon="22.677541">
        <ele>871.919</ele>
        <time>2016-05-02T13:45:46Z</time>
      </trkpt>
      <trkpt lat="46.558260" lon="22.677446">
        <ele>873.561</ele>
        <time>2016-05-02T13:46:00Z</time>
      </trkpt>
      <trkpt lat="46.558261" lon="22.677317">
        <ele>875.081</ele>
        <time>2016-05-02T13:46:10Z</time>
      </trkpt>
      <trkpt lat="46.558222" lon="22.677199">
        <ele>875.261</ele>
        <time>2016-05-02T13:48:40Z</time>
      </trkpt>
      <trkpt lat="46.558113" lon="22.677124">
        <ele>875.417</ele>
        <time>2016-05-02T13:49:06Z</time>
      </trkpt>
      <trkpt lat="46.558031" lon="22.677071">
        <ele>875.508</ele>
        <time>2016-05-02T13:49:17Z</time>
      </trkpt>
      <trkpt lat="46.557932" lon="22.677086">
        <ele>875.759</ele>
        <time>2016-05-02T13:49:23Z</time>
      </trkpt>
      <trkpt lat="46.557822" lon="22.677105">
        <ele>875.986</ele>
        <time>2016-05-02T13:49:28Z</time>
      </trkpt>
      <trkpt lat="46.557733" lon="22.677099">
        <ele>876.198</ele>
        <time>2016-05-02T13:49:41Z</time>
      </trkpt>
      <trkpt lat="46.557639" lon="22.677104">
        <ele>876.390</ele>
        <time>2016-05-02T13:49:50Z</time>
      </trkpt>
      <trkpt lat="46.557539" lon="22.677088">
        <ele>876.387</ele>
        <time>2016-05-02T13:49:59Z</time>
      </trkpt>
      <trkpt lat="46.557433" lon="22.677071">
        <ele>876.318</ele>
        <time>2016-05-02T13:50:16Z</time>
      </trkpt>
      <trkpt lat="46.557355" lon="22.677012">
        <ele>875.991</ele>
        <time>2016-05-02T13:50:27Z</time>
      </trkpt>
      <trkpt lat="46.557262" lon="22.677002">
        <ele>875.553</ele>
        <time>2016-05-02T13:50:33Z</time>
      </trkpt>
      <trkpt lat="46.557167" lon="22.676989">
        <ele>875.216</ele>
        <time>2016-05-02T13:50:42Z</time>
      </trkpt>
      <trkpt lat="46.557080" lon="22.676989">
        <ele>874.876</ele>
        <time>2016-05-02T13:50:48Z</time>
      </trkpt>
      <trkpt lat="46.557003" lon="22.677032">
        <ele>874.513</ele>
        <time>2016-05-02T13:50:55Z</time>
      </trkpt>
      <trkpt lat="46.556915" lon="22.677060">
        <ele>872.908</ele>
        <time>2016-05-02T13:51:05Z</time>
      </trkpt>
      <trkpt lat="46.556827" lon="22.677087">
        <ele>871.412</ele>
        <time>2016-05-02T13:51:17Z</time>
      </trkpt>
      <trkpt lat="46.556746" lon="22.677083">
        <ele>869.859</ele>
        <time>2016-05-02T13:51:32Z</time>
      </trkpt>
      <trkpt lat="46.556670" lon="22.677036">
        <ele>868.341</ele>
        <time>2016-05-02T13:51:43Z</time>
      </trkpt>
      <trkpt lat="46.556599" lon="22.677120">
        <ele>867.143</ele>
        <time>2016-05-02T13:52:24Z</time>
      </trkpt>
      <trkpt lat="46.556676" lon="22.677197">
        <ele>867.110</ele>
        <time>2016-05-02T13:52:40Z</time>
      </trkpt>
      <trkpt lat="46.556756" lon="22.677240">
        <ele>867.511</ele>
        <time>2016-05-02T13:52:49Z</time>
      </trkpt>
      <trkpt lat="46.556846" lon="22.677204">
        <ele>867.844</ele>
        <time>2016-05-02T13:53:04Z</time>
      </trkpt>
      <trkpt lat="46.556925" lon="22.677234">
        <ele>867.816</ele>
        <time>2016-05-02T13:53:14Z</time>
      </trkpt>
      <trkpt lat="46.557003" lon="22.677195">
        <ele>867.864</ele>
        <time>2016-05-02T13:53:22Z</time>
      </trkpt>
      <trkpt lat="46.557080" lon="22.677152">
        <ele>867.806</ele>
        <time>2016-05-02T13:53:37Z</time>
      </trkpt>
      <trkpt lat="46.557159" lon="22.677183">
        <ele>869.016</ele>
        <time>2016-05-02T13:53:47Z</time>
      </trkpt>
      <trkpt lat="46.557243" lon="22.677185">
        <ele>870.208</ele>
        <time>2016-05-02T13:53:53Z</time>
      </trkpt>
      <trkpt lat="46.557325" lon="22.677214">
        <ele>871.447</ele>
        <time>2016-05-02T13:54:04Z</time>
      </trkpt>
      <trkpt lat="46.557412" lon="22.677224">
        <ele>872.524</ele>
        <time>2016-05-02T13:54:15Z</time>
      </trkpt>
      <trkpt lat="46.557498" lon="22.677224">
        <ele>873.726</ele>
        <time>2016-05-02T13:54:22Z</time>
      </trkpt>
      <trkpt lat="46.557590" lon="22.677218">
        <ele>873.918</ele>
        <time>2016-05-02T13:54:28Z</time>
      </trkpt>
      <trkpt lat="46.557674" lon="22.677240">
        <ele>873.765</ele>
        <time>2016-05-02T13:54:33Z</time>
      </trkpt>
      <trkpt lat="46.557757" lon="22.677242">
        <ele>873.566</ele>
        <time>2016-05-02T13:54:40Z</time>
      </trkpt>
      <trkpt lat="46.557845" lon="22.677244">
        <ele>873.769</ele>
        <time>2016-05-02T13:54:46Z</time>
      </trkpt>
      <trkpt lat="46.557927" lon="22.677278">
        <ele>873.971</ele>
        <time>2016-05-02T13:54:52Z</time>
      </trkpt>
      <trkpt lat="46.558014" lon="22.677300">
        <ele>874.162</ele>
        <time>2016-05-02T13:55:01Z</time>
      </trkpt>
      <trkpt lat="46.558095" lon="22.677279">
        <ele>874.383</ele>
        <time>2016-05-02T13:55:18Z</time>
      </trkpt>
      <trkpt lat="46.558166" lon="22.677337">
        <ele>874.511</ele>
        <time>2016-05-02T13:55:26Z</time>
      </trkpt>
      <trkpt lat="46.558265" lon="22.677318">
        <ele>874.608</ele>
        <time>2016-05-02T13:55:33Z</time>
      </trkpt>
      <trkpt lat="46.558357" lon="22.677300">
        <ele>874.877</ele>
        <time>2016-05-02T13:55:42Z</time>
      </trkpt>
      <trkpt lat="46.558450" lon="22.677323">
        <ele>876.554</ele>
        <time>2016-05-02T13:55:58Z</time>
      </trkpt>
      <trkpt lat="46.558505" lon="22.677409">
        <ele>878.196</ele>
        <time>2016-05-02T13:56:05Z</time>
      </trkpt>
      <trkpt lat="46.558582" lon="22.677363">
        <ele>879.638</ele>
        <time>2016-05-02T13:56:12Z</time>
      </trkpt>
      <trkpt lat="46.558667" lon="22.677403">
        <ele>881.245</ele>
        <time>2016-05-02T13:56:38Z</time>
      </trkpt>
      <trkpt lat="46.558747" lon="22.677464">
        <ele>882.756</ele>
        <time>2016-05-02T13:56:47Z</time>
      </trkpt>
      <trkpt lat="46.558826" lon="22.677515">
        <ele>884.339</ele>
        <time>2016-05-02T13:56:56Z</time>
      </trkpt>
      <trkpt lat="46.558911" lon="22.677559">
        <ele>885.841</ele>
        <time>2016-05-02T13:57:07Z</time>
      </trkpt>
      <trkpt lat="46.558945" lon="22.677674">
        <ele>887.489</ele>
        <time>2016-05-02T13:57:16Z</time>
      </trkpt>
      <trkpt lat="46.559015" lon="22.677741">
        <ele>888.906</ele>
        <time>2016-05-02T13:57:26Z</time>
      </trkpt>
      <trkpt lat="46.559097" lon="22.677793">
        <ele>890.426</ele>
        <time>2016-05-02T13:57:33Z</time>
      </trkpt>
      <trkpt lat="46.559177" lon="22.677840">
        <ele>891.808</ele>
        <time>2016-05-02T13:57:56Z</time>
      </trkpt>
      <trkpt lat="46.559261" lon="22.677836">
        <ele>891.789</ele>
        <time>2016-05-02T13:58:13Z</time>
      </trkpt>
      <trkpt lat="46.559317" lon="22.677923">
        <ele>894.136</ele>
        <time>2016-05-02T13:58:27Z</time>
      </trkpt>
      <trkpt lat="46.559383" lon="22.677997">
        <ele>896.568</ele>
        <time>2016-05-02T13:58:38Z</time>
      </trkpt>
      <trkpt lat="46.559439" lon="22.678100">
        <ele>898.830</ele>
        <time>2016-05-02T13:58:52Z</time>
      </trkpt>
      <trkpt lat="46.559464" lon="22.678220">
        <ele>901.217</ele>
        <time>2016-05-02T13:59:10Z</time>
      </trkpt>
      <trkpt lat="46.559534" lon="22.678317">
        <ele>903.568</ele>
        <time>2016-05-02T13:59:16Z</time>
      </trkpt>
      <trkpt lat="46.559620" lon="22.678339">
        <ele>906.981</ele>
        <time>2016-05-02T13:59:27Z</time>
      </trkpt>
      <trkpt lat="46.559688" lon="22.678439">
        <ele>910.383</ele>
        <time>2016-05-02T13:59:32Z</time>
      </trkpt>
      <trkpt lat="46.559718" lon="22.678568">
        <ele>913.642</ele>
        <time>2016-05-02T13:59:52Z</time>
      </trkpt>
      <trkpt lat="46.559733" lon="22.678696">
        <ele>917.122</ele>
        <time>2016-05-02T14:00:02Z</time>
      </trkpt>
      <trkpt lat="46.559785" lon="22.678797">
        <ele>920.514</ele>
        <time>2016-05-02T14:00:47Z</time>
      </trkpt>
      <trkpt lat="46.559755" lon="22.678909">
        <ele>924.008</ele>
        <time>2016-05-02T14:00:59Z</time>
      </trkpt>
      <trkpt lat="46.559715" lon="22.679016">
        <ele>925.885</ele>
        <time>2016-05-02T14:01:13Z</time>
      </trkpt>
      <trkpt lat="46.559725" lon="22.679147">
        <ele>927.632</ele>
        <time>2016-05-02T14:01:20Z</time>
      </trkpt>
      <trkpt lat="46.559709" lon="22.679264">
        <ele>929.584</ele>
        <time>2016-05-02T14:01:35Z</time>
      </trkpt>
      <trkpt lat="46.559717" lon="22.679428">
        <ele>931.386</ele>
        <time>2016-05-02T14:01:42Z</time>
      </trkpt>
      <trkpt lat="46.559737" lon="22.679545">
        <ele>933.143</ele>
        <time>2016-05-02T14:01:46Z</time>
      </trkpt>
      <trkpt lat="46.559732" lon="22.679690">
        <ele>933.964</ele>
        <time>2016-05-02T14:01:52Z</time>
      </trkpt>
      <trkpt lat="46.559696" lon="22.679815">
        <ele>935.517</ele>
        <time>2016-05-02T14:02:03Z</time>
      </trkpt>
      <trkpt lat="46.559705" lon="22.679944">
        <ele>937.299</ele>
        <time>2016-05-02T14:02:09Z</time>
      </trkpt>
      <trkpt lat="46.559679" lon="22.680070">
        <ele>938.862</ele>
        <time>2016-05-02T14:02:22Z</time>
      </trkpt>
      <trkpt lat="46.559710" lon="22.680201">
        <ele>940.583</ele>
        <time>2016-05-02T14:02:30Z</time>
      </trkpt>
      <trkpt lat="46.559741" lon="22.680335">
        <ele>942.111</ele>
        <time>2016-05-02T14:02:36Z</time>
      </trkpt>
      <trkpt lat="46.559811" lon="22.680493">
        <ele>942.908</ele>
        <time>2016-05-02T14:02:41Z</time>
      </trkpt>
      <trkpt lat="46.559827" lon="22.680608">
        <ele>943.747</ele>
        <time>2016-05-02T14:02:52Z</time>
      </trkpt>
      <trkpt lat="46.559842" lon="22.680727">
        <ele>944.514</ele>
        <time>2016-05-02T14:03:02Z</time>
      </trkpt>
      <trkpt lat="46.559888" lon="22.680830">
        <ele>945.746</ele>
        <time>2016-05-02T14:03:05Z</time>
      </trkpt>
      <trkpt lat="46.559903" lon="22.680966">
        <ele>946.558</ele>
        <time>2016-05-02T14:03:13Z</time>
      </trkpt>
      <trkpt lat="46.559948" lon="22.681079">
        <ele>947.415</ele>
        <time>2016-05-02T14:03:19Z</time>
      </trkpt>
      <trkpt lat="46.560016" lon="22.681157">
        <ele>947.726</ele>
        <time>2016-05-02T14:03:33Z</time>
      </trkpt>
      <trkpt lat="46.560096" lon="22.681236">
        <ele>948.939</ele>
        <time>2016-05-02T14:03:49Z</time>
      </trkpt>
      <trkpt lat="46.560163" lon="22.681303">
        <ele>950.181</ele>
        <time>2016-05-02T14:04:04Z</time>
      </trkpt>
      <trkpt lat="46.560239" lon="22.681253">
        <ele>951.191</ele>
        <time>2016-05-02T14:04:32Z</time>
      </trkpt>
      <trkpt lat="46.560317" lon="22.681219">
        <ele>952.181</ele>
        <time>2016-05-02T14:04:48Z</time>
      </trkpt>
      <trkpt lat="46.560366" lon="22.681317">
        <ele>953.119</ele>
        <time>2016-05-02T14:06:02Z</time>
      </trkpt>
      <trkpt lat="46.560450" lon="22.681254">
        <ele>954.108</ele>
        <time>2016-05-02T14:06:17Z</time>
      </trkpt>
      <trkpt lat="46.560553" lon="22.681227">
        <ele>955.120</ele>
        <time>2016-05-02T14:06:50Z</time>
      </trkpt>
      <trkpt lat="46.560633" lon="22.681307">
        <ele>955.747</ele>
        <time>2016-05-02T14:06:56Z</time>
      </trkpt>
      <trkpt lat="46.560732" lon="22.681345">
        <ele>956.759</ele>
        <time>2016-05-02T14:07:01Z</time>
      </trkpt>
      <trkpt lat="46.560814" lon="22.681385">
        <ele>957.761</ele>
        <time>2016-05-02T14:07:12Z</time>
      </trkpt>
      <trkpt lat="46.560873" lon="22.681471">
        <ele>958.458</ele>
        <time>2016-05-02T14:07:17Z</time>
      </trkpt>
      <trkpt lat="46.560853" lon="22.681609">
        <ele>959.419</ele>
        <time>2016-05-02T14:07:41Z</time>
      </trkpt>
      <trkpt lat="46.560887" lon="22.681740">
        <ele>960.442</ele>
        <time>2016-05-02T14:07:44Z</time>
      </trkpt>
      <trkpt lat="46.560824" lon="22.681817">
        <ele>961.534</ele>
        <time>2016-05-02T14:07:54Z</time>
      </trkpt>
      <trkpt lat="46.560795" lon="22.681950">
        <ele>962.753</ele>
        <time>2016-05-02T14:08:08Z</time>
      </trkpt>
      <trkpt lat="46.560804" lon="22.682103">
        <ele>963.904</ele>
        <time>2016-05-02T14:08:12Z</time>
      </trkpt>
      <trkpt lat="46.560820" lon="22.682220">
        <ele>965.114</ele>
        <time>2016-05-02T14:08:15Z</time>
      </trkpt>
      <trkpt lat="46.560826" lon="22.682340">
        <ele>968.308</ele>
        <time>2016-05-02T14:08:17Z</time>
      </trkpt>
      <trkpt lat="46.560802" lon="22.682459">
        <ele>971.586</ele>
        <time>2016-05-02T14:08:28Z</time>
      </trkpt>
      <trkpt lat="46.560776" lon="22.682603">
        <ele>974.693</ele>
        <time>2016-05-02T14:08:37Z</time>
      </trkpt>
      <trkpt lat="46.560767" lon="22.682721">
        <ele>977.865</ele>
        <time>2016-05-02T14:08:50Z</time>
      </trkpt>
      <trkpt lat="46.560734" lon="22.682832">
        <ele>980.277</ele>
        <time>2016-05-02T14:09:00Z</time>
      </trkpt>
      <trkpt lat="46.560715" lon="22.682950">
        <ele>981.444</ele>
        <time>2016-05-02T14:09:08Z</time>
      </trkpt>
      <trkpt lat="46.560623" lon="22.682986">
        <ele>982.565</ele>
        <time>2016-05-02T14:09:20Z</time>
      </trkpt>
      <trkpt lat="46.560556" lon="22.683056">
        <ele>983.758</ele>
        <time>2016-05-02T14:09:32Z</time>
      </trkpt>
      <trkpt lat="46.560491" lon="22.683136">
        <ele>984.960</ele>
        <time>2016-05-02T14:09:41Z</time>
      </trkpt>
      <trkpt lat="46.560435" lon="22.683224">
        <ele>986.132</ele>
        <time>2016-05-02T14:09:47Z</time>
      </trkpt>
      <trkpt lat="46.560358" lon="22.683260">
        <ele>987.392</ele>
        <time>2016-05-02T14:09:56Z</time>
      </trkpt>
      <trkpt lat="46.560277" lon="22.683360">
        <ele>986.511</ele>
        <time>2016-05-02T14:10:07Z</time>
      </trkpt>
      <trkpt lat="46.560273" lon="22.683493">
        <ele>985.608</ele>
        <time>2016-05-02T14:10:20Z</time>
      </trkpt>
      <trkpt lat="46.560259" lon="22.683651">
        <ele>984.834</ele>
        <time>2016-05-02T14:10:22Z</time>
      </trkpt>
      <trkpt lat="46.560162" lon="22.683656">
        <ele>984.011</ele>
        <time>2016-05-02T14:10:37Z</time>
      </trkpt>
      <trkpt lat="46.560057" lon="22.683582">
        <ele>984.093</ele>
        <time>2016-05-02T14:11:15Z</time>
      </trkpt>
      <trkpt lat="46.559976" lon="22.683572">
        <ele>984.555</ele>
        <time>2016-05-02T14:11:21Z</time>
      </trkpt>
      <trkpt lat="46.559883" lon="22.683563">
        <ele>984.992</ele>
        <time>2016-05-02T14:11:29Z</time>
      </trkpt>
      <trkpt lat="46.559818" lon="22.683488">
        <ele>985.413</ele>
        <time>2016-05-02T14:11:58Z</time>
      </trkpt>
      <trkpt lat="46.559737" lon="22.683480">
        <ele>985.816</ele>
        <time>2016-05-02T14:12:14Z</time>
      </trkpt>
      <trkpt lat="46.559677" lon="22.683375">
        <ele>986.338</ele>
        <time>2016-05-02T14:12:28Z</time>
      </trkpt>
      <trkpt lat="46.559592" lon="22.683342">
        <ele>986.742</ele>
        <time>2016-05-02T14:12:34Z</time>
      </trkpt>
      <trkpt lat="46.559505" lon="22.683332">
        <ele>987.222</ele>
        <time>2016-05-02T14:12:40Z</time>
      </trkpt>
      <trkpt lat="46.559416" lon="22.683337">
        <ele>987.614</ele>
        <time>2016-05-02T14:12:47Z</time>
      </trkpt>
      <trkpt lat="46.559332" lon="22.683384">
        <ele>988.108</ele>
        <time>2016-05-02T14:12:53Z</time>
      </trkpt>
      <trkpt lat="46.559238" lon="22.683378">
        <ele>988.575</ele>
        <time>2016-05-02T14:12:59Z</time>
      </trkpt>
      <trkpt lat="46.559150" lon="22.683396">
        <ele>990.282</ele>
        <time>2016-05-02T14:13:06Z</time>
      </trkpt>
      <trkpt lat="46.559057" lon="22.683402">
        <ele>991.454</ele>
        <time>2016-05-02T14:13:16Z</time>
      </trkpt>
      <trkpt lat="46.558979" lon="22.683457">
        <ele>992.516</ele>
        <time>2016-05-02T14:14:03Z</time>
      </trkpt>
      <trkpt lat="46.558946" lon="22.683570">
        <ele>993.763</ele>
        <time>2016-05-02T14:14:21Z</time>
      </trkpt>
      <trkpt lat="46.558932" lon="22.683712">
        <ele>994.964</ele>
        <time>2016-05-02T14:14:25Z</time>
      </trkpt>
      <trkpt lat="46.558898" lon="22.683845">
        <ele>996.167</ele>
        <time>2016-05-02T14:14:41Z</time>
      </trkpt>
      <trkpt lat="46.558884" lon="22.683963">
        <ele>998.779</ele>
        <time>2016-05-02T14:14:59Z</time>
      </trkpt>
      <trkpt lat="46.558888" lon="22.684081">
        <ele>1001.458</ele>
        <time>2016-05-02T14:15:03Z</time>
      </trkpt>
      <trkpt lat="46.558900" lon="22.684218">
        <ele>1004.052</ele>
        <time>2016-05-02T14:15:12Z</time>
      </trkpt>
      <trkpt lat="46.558899" lon="22.684347">
        <ele>1006.617</ele>
        <time>2016-05-02T14:15:28Z</time>
      </trkpt>
      <trkpt lat="46.558917" lon="22.684468">
        <ele>1009.308</ele>
        <time>2016-05-02T14:15:39Z</time>
      </trkpt>
      <trkpt lat="46.558906" lon="22.684589">
        <ele>1010.796</ele>
        <time>2016-05-02T14:16:00Z</time>
      </trkpt>
      <trkpt lat="46.558867" lon="22.684700">
        <ele>1012.243</ele>
        <time>2016-05-02T14:16:17Z</time>
      </trkpt>
      <trkpt lat="46.558828" lon="22.684806">
        <ele>1014.795</ele>
        <time>2016-05-02T14:16:34Z</time>
      </trkpt>
      <trkpt lat="46.558801" lon="22.684962">
        <ele>1017.317</ele>
        <time>2016-05-02T14:16:44Z</time>
      </trkpt>
      <trkpt lat="46.558825" lon="22.685079">
        <ele>1020.694</ele>
        <time>2016-05-02T14:21:03Z</time>
      </trkpt>
      <trkpt lat="46.558813" lon="22.685195">
        <ele>1024.055</ele>
        <time>2016-05-02T14:21:25Z</time>
      </trkpt>
      <trkpt lat="46.558797" lon="22.685311">
        <ele>1025.938</ele>
        <time>2016-05-02T14:21:31Z</time>
      </trkpt>
      <trkpt lat="46.558762" lon="22.685421">
        <ele>1027.820</ele>
        <time>2016-05-02T14:21:42Z</time>
      </trkpt>
      <trkpt lat="46.558716" lon="22.685523">
        <ele>1029.744</ele>
        <time>2016-05-02T14:22:01Z</time>
      </trkpt>
      <trkpt lat="46.558711" lon="22.685672">
        <ele>1031.605</ele>
        <time>2016-05-02T14:22:19Z</time>
      </trkpt>
      <trkpt lat="46.558708" lon="22.685793">
        <ele>1033.515</ele>
        <time>2016-05-02T14:22:24Z</time>
      </trkpt>
      <trkpt lat="46.558675" lon="22.685908">
        <ele>1036.308</ele>
        <time>2016-05-02T14:22:36Z</time>
      </trkpt>
      <trkpt lat="46.558680" lon="22.686027">
        <ele>1039.075</ele>
        <time>2016-05-02T14:22:44Z</time>
      </trkpt>
      <trkpt lat="46.558614" lon="22.686118">
        <ele>1040.652</ele>
        <time>2016-05-02T14:23:02Z</time>
      </trkpt>
      <trkpt lat="46.558567" lon="22.686216">
        <ele>1042.344</ele>
        <time>2016-05-02T14:23:09Z</time>
      </trkpt>
      <trkpt lat="46.558552" lon="22.686346">
        <ele>1043.166</ele>
        <time>2016-05-02T14:23:18Z</time>
      </trkpt>
      <trkpt lat="46.558542" lon="22.686478">
        <ele>1043.973</ele>
        <time>2016-05-02T14:23:24Z</time>
      </trkpt>
      <trkpt lat="46.558529" lon="22.686599">
        <ele>1046.384</ele>
        <time>2016-05-02T14:23:31Z</time>
      </trkpt>
      <trkpt lat="46.558532" lon="22.686724">
        <ele>1048.657</ele>
        <time>2016-05-02T14:23:40Z</time>
      </trkpt>
      <trkpt lat="46.558586" lon="22.686820">
        <ele>1051.059</ele>
        <time>2016-05-02T14:23:49Z</time>
      </trkpt>
      <trkpt lat="46.558632" lon="22.686945">
        <ele>1053.483</ele>
        <time>2016-05-02T14:24:02Z</time>
      </trkpt>
      <trkpt lat="46.558659" lon="22.687075">
        <ele>1055.725</ele>
        <time>2016-05-02T14:24:14Z</time>
      </trkpt>
      <trkpt lat="46.558691" lon="22.687213">
        <ele>1057.317</ele>
        <time>2016-05-02T14:24:26Z</time>
      </trkpt>
      <trkpt lat="46.558732" lon="22.687334">
        <ele>1058.808</ele>
        <time>2016-05-02T14:24:34Z</time>
      </trkpt>
      <trkpt lat="46.558815" lon="22.687339">
        <ele>1060.449</ele>
        <time>2016-05-02T14:25:12Z</time>
      </trkpt>
      <trkpt lat="46.558854" lon="22.687492">
        <ele>1063.436</ele>
        <time>2016-05-02T14:25:55Z</time>
      </trkpt>
      <trkpt lat="46.558899" lon="22.687592">
        <ele>1066.448</ele>
        <time>2016-05-02T14:26:01Z</time>
      </trkpt>
      <trkpt lat="46.558937" lon="22.687704">
        <ele>1069.440</ele>
        <time>2016-05-02T14:26:12Z</time>
      </trkpt>
      <trkpt lat="46.558929" lon="22.687826">
        <ele>1070.867</ele>
        <time>2016-05-02T14:26:56Z</time>
      </trkpt>
      <trkpt lat="46.558974" lon="22.687949">
        <ele>1072.398</ele>
        <time>2016-05-02T14:27:08Z</time>
      </trkpt>
      <trkpt lat="46.559009" lon="22.688080">
        <ele>1073.761</ele>
        <time>2016-05-02T14:27:15Z</time>
      </trkpt>
      <trkpt lat="46.559068" lon="22.688164">
        <ele>1075.213</ele>
        <time>2016-05-02T14:27:48Z</time>
      </trkpt>
      <trkpt lat="46.559095" lon="22.688295">
        <ele>1078.454</ele>
        <time>2016-05-02T14:28:38Z</time>
      </trkpt>
      <trkpt lat="46.559130" lon="22.688414">
        <ele>1081.556</ele>
        <time>2016-05-02T14:28:54Z</time>
      </trkpt>
      <trkpt lat="46.559124" lon="22.688544">
        <ele>1084.711</ele>
        <time>2016-05-02T14:29:15Z</time>
      </trkpt>
      <trkpt lat="46.559140" lon="22.688663">
        <ele>1087.908</ele>
        <time>2016-05-02T14:29:27Z</time>
      </trkpt>
      <trkpt lat="46.559198" lon="22.688787">
        <ele>1089.656</ele>
        <time>2016-05-02T14:29:40Z</time>
      </trkpt>
      <trkpt lat="46.559233" lon="22.688909">
        <ele>1091.453</ele>
        <time>2016-05-02T14:29:47Z</time>
      </trkpt>
      <trkpt lat="46.559287" lon="22.689015">
        <ele>1093.175</ele>
        <time>2016-05-02T14:30:06Z</time>
      </trkpt>
      <trkpt lat="46.559313" lon="22.689134">
        <ele>1096.567</ele>
        <time>2016-05-02T14:30:27Z</time>
      </trkpt>
      <trkpt lat="46.559365" lon="22.689225">
        <ele>1099.834</ele>
        <time>2016-05-02T14:30:52Z</time>
      </trkpt>
      <trkpt lat="46.559460" lon="22.689288">
        <ele>1104.585</ele>
        <time>2016-05-02T14:31:06Z</time>
      </trkpt>
      <trkpt lat="46.559504" lon="22.689390">
        <ele>1109.338</ele>
        <time>2016-05-02T14:31:46Z</time>
      </trkpt>
      <trkpt lat="46.559564" lon="22.689472">
        <ele>1112.360</ele>
        <time>2016-05-02T14:32:10Z</time>
      </trkpt>
      <trkpt lat="46.559625" lon="22.689561">
        <ele>1115.325</ele>
        <time>2016-05-02T14:32:48Z</time>
      </trkpt>
      <trkpt lat="46.559695" lon="22.689629">
        <ele>1118.326</ele>
        <time>2016-05-02T14:32:56Z</time>
      </trkpt>
      <trkpt lat="46.559760" lon="22.689710">
        <ele>1121.308</ele>
        <time>2016-05-02T14:33:25Z</time>
      </trkpt>
      <trkpt lat="46.559829" lon="22.689806">
        <ele>1124.308</ele>
        <time>2016-05-02T14:34:20Z</time>
      </trkpt>
      <trkpt lat="46.559915" lon="22.689837">
        <ele>1127.333</ele>
        <time>2016-05-02T14:34:59Z</time>
      </trkpt>
      <trkpt lat="46.559984" lon="22.689931">
        <ele>1131.860</ele>
        <time>2016-05-02T14:35:12Z</time>
      </trkpt>
      <trkpt lat="46.560056" lon="22.690012">
        <ele>1134.792</ele>
        <time>2016-05-02T14:35:43Z</time>
      </trkpt>
      <trkpt lat="46.560091" lon="22.690124">
        <ele>1137.644</ele>
        <time>2016-05-02T14:36:40Z</time>
      </trkpt>
      <trkpt lat="46.560074" lon="22.690244">
        <ele>1139.271</ele>
        <time>2016-05-02T14:37:23Z</time>
      </trkpt>
      <trkpt lat="46.560097" lon="22.690362">
        <ele>1140.732</ele>
        <time>2016-05-02T14:37:33Z</time>
      </trkpt>
      <trkpt lat="46.560103" lon="22.690509">
        <ele>1142.315</ele>
        <time>2016-05-02T14:38:16Z</time>
      </trkpt>
      <trkpt lat="46.560071" lon="22.690620">
        <ele>1143.867</ele>
        <time>2016-05-02T14:38:34Z</time>
      </trkpt>
      <trkpt lat="46.560056" lon="22.690736">
        <ele>1145.478</ele>
        <time>2016-05-02T14:38:48Z</time>
      </trkpt>
      <trkpt lat="46.560017" lon="22.690839">
        <ele>1148.533</ele>
        <time>2016-05-02T14:39:08Z</time>
      </trkpt>
      <trkpt lat="46.559971" lon="22.690944">
        <ele>1151.726</ele>
        <time>2016-05-02T14:39:16Z</time>
      </trkpt>
      <trkpt lat="46.559926" lon="22.691061">
        <ele>1154.908</ele>
        <time>2016-05-02T14:39:22Z</time>
      </trkpt>
      <trkpt lat="46.559888" lon="22.691167">
        <ele>1156.588</ele>
        <time>2016-05-02T14:39:37Z</time>
      </trkpt>
      <trkpt lat="46.559883" lon="22.691293">
        <ele>1158.215</ele>
        <time>2016-05-02T14:39:47Z</time>
      </trkpt>
      <trkpt lat="46.559837" lon="22.691416">
        <ele>1159.897</ele>
        <time>2016-05-02T14:40:17Z</time>
      </trkpt>
      <trkpt lat="46.559792" lon="22.691521">
        <ele>1161.519</ele>
        <time>2016-05-02T14:40:27Z</time>
      </trkpt>
      <trkpt lat="46.559771" lon="22.691637">
        <ele>1164.736</ele>
        <time>2016-05-02T14:40:39Z</time>
      </trkpt>
      <trkpt lat="46.559797" lon="22.691772">
        <ele>1168.047</ele>
        <time>2016-05-02T14:40:48Z</time>
      </trkpt>
      <trkpt lat="46.559802" lon="22.691896">
        <ele>1171.370</ele>
        <time>2016-05-02T14:41:02Z</time>
      </trkpt>
      <trkpt lat="46.559863" lon="22.691975">
        <ele>1174.552</ele>
        <time>2016-05-02T14:41:22Z</time>
      </trkpt>
      <trkpt lat="46.559889" lon="22.692086">
        <ele>1176.253</ele>
        <time>2016-05-02T14:41:57Z</time>
      </trkpt>
      <trkpt lat="46.559907" lon="22.692226">
        <ele>1177.804</ele>
        <time>2016-05-02T14:42:30Z</time>
      </trkpt>
      <trkpt lat="46.559961" lon="22.692314">
        <ele>1179.514</ele>
        <time>2016-05-02T14:42:42Z</time>
      </trkpt>
      <trkpt lat="46.560031" lon="22.692393">
        <ele>1181.108</ele>
        <time>2016-05-02T14:43:32Z</time>
      </trkpt>
      <trkpt lat="46.560086" lon="22.692496">
        <ele>1184.556</ele>
        <time>2016-05-02T14:43:52Z</time>
      </trkpt>
      <trkpt lat="46.560156" lon="22.692561">
        <ele>1187.863</ele>
        <time>2016-05-02T14:44:03Z</time>
      </trkpt>
      <trkpt lat="46.560232" lon="22.692629">
        <ele>1191.225</ele>
        <time>2016-05-02T14:44:39Z</time>
      </trkpt>
      <trkpt lat="46.560249" lon="22.692754">
        <ele>1192.987</ele>
        <time>2016-05-02T14:44:54Z</time>
      </trkpt>
      <trkpt lat="46.560263" lon="22.692893">
        <ele>1194.624</ele>
        <time>2016-05-02T14:45:05Z</time>
      </trkpt>
      <trkpt lat="46.560266" lon="22.693013">
        <ele>1196.455</ele>
        <time>2016-05-02T14:45:32Z</time>
      </trkpt>
      <trkpt lat="46.560207" lon="22.693117">
        <ele>1198.168</ele>
        <time>2016-05-02T14:45:41Z</time>
      </trkpt>
      <trkpt lat="46.560230" lon="22.693233">
        <ele>1199.810</ele>
        <time>2016-05-02T14:46:08Z</time>
      </trkpt>
      <trkpt lat="46.560240" lon="22.693366">
        <ele>1202.546</ele>
        <time>2016-05-02T14:46:20Z</time>
      </trkpt>
      <trkpt lat="46.560326" lon="22.693374">
        <ele>1205.388</ele>
        <time>2016-05-02T14:46:24Z</time>
      </trkpt>
      <trkpt lat="46.560239" lon="22.693447">
        <ele>1209.416</ele>
        <time>2016-05-02T14:46:38Z</time>
      </trkpt>
      <trkpt lat="46.560188" lon="22.693541">
        <ele>1211.708</ele>
        <time>2016-05-02T14:46:45Z</time>
      </trkpt>
      <trkpt lat="46.560199" lon="22.693669">
        <ele>1214.195</ele>
        <time>2016-05-02T14:46:57Z</time>
      </trkpt>
      <trkpt lat="46.560272" lon="22.693763">
        <ele>1216.542</ele>
        <time>2016-05-02T14:47:03Z</time>
      </trkpt>
      <trkpt lat="46.560347" lon="22.693843">
        <ele>1217.544</ele>
        <time>2016-05-02T14:47:10Z</time>
      </trkpt>
      <trkpt lat="46.560447" lon="22.693896">
        <ele>1218.586</ele>
        <time>2016-05-02T14:47:41Z</time>
      </trkpt>
      <trkpt lat="46.560478" lon="22.694011">
        <ele>1219.553</ele>
        <time>2016-05-02T14:47:51Z</time>
      </trkpt>
      <trkpt lat="46.560548" lon="22.694081">
        <ele>1220.524</ele>
        <time>2016-05-02T14:48:05Z</time>
      </trkpt>
      <trkpt lat="46.560465" lon="22.694075">
        <ele>1221.587</ele>
        <time>2016-05-02T14:50:40Z</time>
      </trkpt>
      <trkpt lat="46.560398" lon="22.694159">
        <ele>1221.219</ele>
        <time>2016-05-02T14:51:01Z</time>
      </trkpt>
      <trkpt lat="46.560324" lon="22.694254">
        <ele>1220.917</ele>
        <time>2016-05-02T14:51:23Z</time>
      </trkpt>
      <trkpt lat="46.560257" lon="22.694330">
        <ele>1219.387</ele>
        <time>2016-05-02T14:54:03Z</time>
      </trkpt>
      <trkpt lat="46.560231" lon="22.694451">
        <ele>1217.615</ele>
        <time>2016-05-02T14:55:22Z</time>
      </trkpt>
      <trkpt lat="46.560205" lon="22.694571">
        <ele>1216.008</ele>
        <time>2016-05-02T14:55:35Z</time>
      </trkpt>
      <trkpt lat="46.560162" lon="22.694700">
        <ele>1214.412</ele>
        <time>2016-05-02T14:56:49Z</time>
      </trkpt>
      <trkpt lat="46.560123" lon="22.694816">
        <ele>1214.169</ele>
        <time>2016-05-02T14:56:58Z</time>
      </trkpt>
      <trkpt lat="46.560050" lon="22.694892">
        <ele>1213.821</ele>
        <time>2016-05-02T14:57:20Z</time>
      </trkpt>
      <trkpt lat="46.560012" lon="22.694997">
        <ele>1213.533</ele>
        <time>2016-05-02T14:57:35Z</time>
      </trkpt>
      <trkpt lat="46.559936" lon="22.695076">
        <ele>1210.810</ele>
        <time>2016-05-02T14:57:54Z</time>
      </trkpt>
      <trkpt lat="46.559877" lon="22.695159">
        <ele>1208.661</ele>
        <time>2016-05-02T14:58:03Z</time>
      </trkpt>
      <trkpt lat="46.559809" lon="22.695250">
        <ele>1206.764</ele>
        <time>2016-05-02T14:58:19Z</time>
      </trkpt>
      <trkpt lat="46.559751" lon="22.695349">
        <ele>1204.866</ele>
        <time>2016-05-02T14:58:39Z</time>
      </trkpt>
      <trkpt lat="46.559691" lon="22.695445">
        <ele>1202.995</ele>
        <time>2016-05-02T14:58:45Z</time>
      </trkpt>
      <trkpt lat="46.559646" lon="22.695553">
        <ele>1201.049</ele>
        <time>2016-05-02T14:58:52Z</time>
      </trkpt>
      <trkpt lat="46.559570" lon="22.695667">
        <ele>1199.123</ele>
        <time>2016-05-02T14:59:04Z</time>
      </trkpt>
      <trkpt lat="46.559520" lon="22.695761">
        <ele>1197.208</ele>
        <time>2016-05-02T14:59:31Z</time>
      </trkpt>
      <trkpt lat="46.559447" lon="22.695864">
        <ele>1195.310</ele>
        <time>2016-05-02T14:59:43Z</time>
      </trkpt>
      <trkpt lat="46.559377" lon="22.695924">
        <ele>1191.137</ele>
        <time>2016-05-02T14:59:58Z</time>
      </trkpt>
      <trkpt lat="46.559323" lon="22.696018">
        <ele>1186.949</ele>
        <time>2016-05-02T15:00:39Z</time>
      </trkpt>
      <trkpt lat="46.559287" lon="22.696123">
        <ele>1185.281</ele>
        <time>2016-05-02T15:00:55Z</time>
      </trkpt>
      <trkpt lat="46.559207" lon="22.696220">
        <ele>1182.958</ele>
        <time>2016-05-02T15:01:08Z</time>
      </trkpt>
      <trkpt lat="46.559136" lon="22.696297">
        <ele>1180.679</ele>
        <time>2016-05-02T15:01:17Z</time>
      </trkpt>
      <trkpt lat="46.559082" lon="22.696400">
        <ele>1178.412</ele>
        <time>2016-05-02T15:02:33Z</time>
      </trkpt>
      <trkpt lat="46.559033" lon="22.696505">
        <ele>1176.184</ele>
        <time>2016-05-02T15:02:53Z</time>
      </trkpt>
      <trkpt lat="46.559008" lon="22.696622">
        <ele>1173.864</ele>
        <time>2016-05-02T15:03:06Z</time>
      </trkpt>
      <trkpt lat="46.558939" lon="22.696683">
        <ele>1171.506</ele>
        <time>2016-05-02T15:03:16Z</time>
      </trkpt>
      <trkpt lat="46.558919" lon="22.696800">
        <ele>1169.316</ele>
        <time>2016-05-02T15:03:47Z</time>
      </trkpt>
      <trkpt lat="46.558972" lon="22.696891">
        <ele>1165.708</ele>
        <time>2016-05-02T15:04:04Z</time>
      </trkpt>
      <trkpt lat="46.559009" lon="22.696998">
        <ele>1164.567</ele>
        <time>2016-05-02T15:04:19Z</time>
      </trkpt>
      <trkpt lat="46.559055" lon="22.697105">
        <ele>1163.244</ele>
        <time>2016-05-02T15:04:29Z</time>
      </trkpt>
      <trkpt lat="46.559138" lon="22.697139">
        <ele>1161.976</ele>
        <time>2016-05-02T15:04:33Z</time>
      </trkpt>
      <trkpt lat="46.559226" lon="22.697184">
        <ele>1159.418</ele>
        <time>2016-05-02T15:04:56Z</time>
      </trkpt>
      <trkpt lat="46.559308" lon="22.697213">
        <ele>1156.875</ele>
        <time>2016-05-02T15:06:12Z</time>
      </trkpt>
      <trkpt lat="46.559390" lon="22.697235">
        <ele>1154.376</ele>
        <time>2016-05-02T15:06:24Z</time>
      </trkpt>
      <trkpt lat="46.559469" lon="22.697281">
        <ele>1151.779</ele>
        <time>2016-05-02T15:06:32Z</time>
      </trkpt>
      <trkpt lat="46.559559" lon="22.697325">
        <ele>1149.241</ele>
        <time>2016-05-02T15:06:39Z</time>
      </trkpt>
      <trkpt lat="46.559638" lon="22.697353">
        <ele>1146.625</ele>
        <time>2016-05-02T15:06:50Z</time>
      </trkpt>
      <trkpt lat="46.559713" lon="22.697408">
        <ele>1144.126</ele>
        <time>2016-05-02T15:07:04Z</time>
      </trkpt>
      <trkpt lat="46.559774" lon="22.697495">
        <ele>1142.808</ele>
        <time>2016-05-02T15:07:20Z</time>
      </trkpt>
      <trkpt lat="46.559844" lon="22.697575">
        <ele>1141.508</ele>
        <time>2016-05-02T15:07:33Z</time>
      </trkpt>
      <trkpt lat="46.559934" lon="22.697616">
        <ele>1140.383</ele>
        <time>2016-05-02T15:07:40Z</time>
      </trkpt>
      <trkpt lat="46.559993" lon="22.697700">
        <ele>1139.030</ele>
        <time>2016-05-02T15:07:50Z</time>
      </trkpt>
      <trkpt lat="46.560056" lon="22.697778">
        <ele>1138.532</ele>
        <time>2016-05-02T15:08:07Z</time>
      </trkpt>
      <trkpt lat="46.560138" lon="22.697783">
        <ele>1137.964</ele>
        <time>2016-05-02T15:08:16Z</time>
      </trkpt>
      <trkpt lat="46.560213" lon="22.697737">
        <ele>1137.451</ele>
        <time>2016-05-02T15:08:24Z</time>
      </trkpt>
      <trkpt lat="46.560292" lon="22.697697">
        <ele>1136.892</ele>
        <time>2016-05-02T15:08:35Z</time>
      </trkpt>
      <trkpt lat="46.560401" lon="22.697659">
        <ele>1136.355</ele>
        <time>2016-05-02T15:08:44Z</time>
      </trkpt>
      <trkpt lat="46.560483" lon="22.697684">
        <ele>1135.717</ele>
        <time>2016-05-02T15:09:00Z</time>
      </trkpt>
      <trkpt lat="46.560577" lon="22.697746">
        <ele>1133.559</ele>
        <time>2016-05-02T15:09:13Z</time>
      </trkpt>
      <trkpt lat="46.560597" lon="22.697861">
        <ele>1131.403</ele>
        <time>2016-05-02T15:09:24Z</time>
      </trkpt>
      <trkpt lat="46.560687" lon="22.697862">
        <ele>1129.223</ele>
        <time>2016-05-02T15:09:32Z</time>
      </trkpt>
      <trkpt lat="46.560756" lon="22.697924">
        <ele>1127.008</ele>
        <time>2016-05-02T15:09:52Z</time>
      </trkpt>
      <trkpt lat="46.560823" lon="22.697996">
        <ele>1124.886</ele>
        <time>2016-05-02T15:10:01Z</time>
      </trkpt>
      <trkpt lat="46.560902" lon="22.698043">
        <ele>1123.773</ele>
        <time>2016-05-02T15:10:09Z</time>
      </trkpt>
      <trkpt lat="46.560972" lon="22.698120">
        <ele>1122.695</ele>
        <time>2016-05-02T15:10:15Z</time>
      </trkpt>
      <trkpt lat="46.561053" lon="22.698195">
        <ele>1121.547</ele>
        <time>2016-05-02T15:10:31Z</time>
      </trkpt>
      <trkpt lat="46.561133" lon="22.698236">
        <ele>1120.514</ele>
        <time>2016-05-02T15:10:35Z</time>
      </trkpt>
      <trkpt lat="46.561212" lon="22.698262">
        <ele>1119.465</ele>
        <time>2016-05-02T15:10:52Z</time>
      </trkpt>
      <trkpt lat="46.561302" lon="22.698259">
        <ele>1116.148</ele>
        <time>2016-05-02T15:11:02Z</time>
      </trkpt>
      <trkpt lat="46.561314" lon="22.698376">
        <ele>1114.520</ele>
        <time>2016-05-02T15:11:52Z</time>
      </trkpt>
      <trkpt lat="46.561373" lon="22.698467">
        <ele>1112.865</ele>
        <time>2016-05-02T15:12:18Z</time>
      </trkpt>
      <trkpt lat="46.561343" lon="22.698578">
        <ele>1111.268</ele>
        <time>2016-05-02T15:12:49Z</time>
      </trkpt>
      <trkpt lat="46.561319" lon="22.698697">
        <ele>1109.514</ele>
        <time>2016-05-02T15:13:04Z</time>
      </trkpt>
      <trkpt lat="46.561290" lon="22.698830">
        <ele>1107.908</ele>
        <time>2016-05-02T15:13:08Z</time>
      </trkpt>
      <trkpt lat="46.561270" lon="22.698959">
        <ele>1105.727</ele>
        <time>2016-05-02T15:13:15Z</time>
      </trkpt>
      <trkpt lat="46.561263" lon="22.699091">
        <ele>1103.574</ele>
        <time>2016-05-02T15:13:22Z</time>
      </trkpt>
      <trkpt lat="46.561280" lon="22.699231">
        <ele>1100.456</ele>
        <time>2016-05-02T15:13:28Z</time>
      </trkpt>
      <trkpt lat="46.561282" lon="22.699349">
        <ele>1097.248</ele>
        <time>2016-05-02T15:13:34Z</time>
      </trkpt>
      <trkpt lat="46.561376" lon="22.699409">
        <ele>1094.055</ele>
        <time>2016-05-02T15:13:38Z</time>
      </trkpt>
      <trkpt lat="46.561457" lon="22.699497">
        <ele>1093.056</ele>
        <time>2016-05-02T15:13:44Z</time>
      </trkpt>
      <trkpt lat="46.561463" lon="22.699625">
        <ele>1092.039</ele>
        <time>2016-05-02T15:13:50Z</time>
      </trkpt>
      <trkpt lat="46.561408" lon="22.699719">
        <ele>1091.071</ele>
        <time>2016-05-02T15:13:55Z</time>
      </trkpt>
      <trkpt lat="46.561376" lon="22.699836">
        <ele>1090.033</ele>
        <time>2016-05-02T15:14:06Z</time>
      </trkpt>
      <trkpt lat="46.561366" lon="22.699953">
        <ele>1089.023</ele>
        <time>2016-05-02T15:15:40Z</time>
      </trkpt>
      <trkpt lat="46.561453" lon="22.699992">
        <ele>1088.015</ele>
        <time>2016-05-02T15:15:54Z</time>
      </trkpt>
      <trkpt lat="46.561534" lon="22.700030">
        <ele>1087.008</ele>
        <time>2016-05-02T15:16:04Z</time>
      </trkpt>
      <trkpt lat="46.561616" lon="22.700043">
        <ele>1086.024</ele>
        <time>2016-05-02T15:16:13Z</time>
      </trkpt>
      <trkpt lat="46.561711" lon="22.700060">
        <ele>1085.951</ele>
        <time>2016-05-02T15:16:19Z</time>
      </trkpt>
      <trkpt lat="46.561807" lon="22.700088">
        <ele>1085.833</ele>
        <time>2016-05-02T15:16:29Z</time>
      </trkpt>
      <trkpt lat="46.561907" lon="22.700111">
        <ele>1085.735</ele>
        <time>2016-05-02T15:16:40Z</time>
      </trkpt>
      <trkpt lat="46.561998" lon="22.700142">
        <ele>1085.632</ele>
        <time>2016-05-02T15:16:53Z</time>
      </trkpt>
      <trkpt lat="46.562074" lon="22.700209">
        <ele>1085.553</ele>
        <time>2016-05-02T15:17:09Z</time>
      </trkpt>
      <trkpt lat="46.562150" lon="22.700265">
        <ele>1085.586</ele>
        <time>2016-05-02T15:17:32Z</time>
      </trkpt>
      <trkpt lat="46.562207" lon="22.700365">
        <ele>1085.418</ele>
        <time>2016-05-02T15:18:41Z</time>
      </trkpt>
      <trkpt lat="46.562292" lon="22.700365">
        <ele>1085.392</ele>
        <time>2016-05-02T15:18:51Z</time>
      </trkpt>
      <trkpt lat="46.562375" lon="22.700369">
        <ele>1085.273</ele>
        <time>2016-05-02T15:19:02Z</time>
      </trkpt>
      <trkpt lat="46.562457" lon="22.700414">
        <ele>1085.120</ele>
        <time>2016-05-02T15:19:13Z</time>
      </trkpt>
      <trkpt lat="46.562539" lon="22.700392">
        <ele>1085.008</ele>
        <time>2016-05-02T15:19:20Z</time>
      </trkpt>
      <trkpt lat="46.562623" lon="22.700381">
        <ele>1086.320</ele>
        <time>2016-05-02T15:21:23Z</time>
      </trkpt>
      <trkpt lat="46.562707" lon="22.700398">
        <ele>1087.537</ele>
        <time>2016-05-02T15:22:08Z</time>
      </trkpt>
      <trkpt lat="46.562768" lon="22.700300">
        <ele>1088.859</ele>
        <time>2016-05-02T15:22:15Z</time>
      </trkpt>
      <trkpt lat="46.562847" lon="22.700247">
        <ele>1090.131</ele>
        <time>2016-05-02T15:22:33Z</time>
      </trkpt>
      <trkpt lat="46.562928" lon="22.700246">
        <ele>1091.478</ele>
        <time>2016-05-02T15:22:56Z</time>
      </trkpt>
      <trkpt lat="46.562995" lon="22.700315">
        <ele>1092.659</ele>
        <time>2016-05-02T15:23:19Z</time>
      </trkpt>
      <trkpt lat="46.563037" lon="22.700205">
        <ele>1093.932</ele>
        <time>2016-05-02T15:23:32Z</time>
      </trkpt>
      <trkpt lat="46.563123" lon="22.700219">
        <ele>1095.294</ele>
        <time>2016-05-02T15:23:40Z</time>
      </trkpt>
      <trkpt lat="46.563204" lon="22.700176">
        <ele>1096.524</ele>
        <time>2016-05-02T15:23:52Z</time>
      </trkpt>
      <trkpt lat="46.563294" lon="22.700206">
        <ele>1097.704</ele>
        <time>2016-05-02T15:24:00Z</time>
      </trkpt>
      <trkpt lat="46.563381" lon="22.700206">
        <ele>1099.814</ele>
        <time>2016-05-02T15:24:07Z</time>
      </trkpt>
      <trkpt lat="46.563480" lon="22.700213">
        <ele>1100.608</ele>
        <time>2016-05-02T15:24:17Z</time>
      </trkpt>
      <trkpt lat="46.563564" lon="22.700236">
        <ele>1101.543</ele>
        <time>2016-05-02T15:24:30Z</time>
      </trkpt>
      <trkpt lat="46.563649" lon="22.700238">
        <ele>1102.310</ele>
        <time>2016-05-02T15:24:37Z</time>
      </trkpt>
      <trkpt lat="46.563734" lon="22.700249">
        <ele>1103.172</ele>
        <time>2016-05-02T15:24:45Z</time>
      </trkpt>
      <trkpt lat="46.563819" lon="22.700249">
        <ele>1103.914</ele>
        <time>2016-05-02T15:24:59Z</time>
      </trkpt>
      <trkpt lat="46.563901" lon="22.700269">
        <ele>1104.761</ele>
        <time>2016-05-02T15:25:54Z</time>
      </trkpt>
      <trkpt lat="46.563985" lon="22.700286">
        <ele>1105.562</ele>
        <time>2016-05-02T15:26:03Z</time>
      </trkpt>
      <trkpt lat="46.564048" lon="22.700367">
        <ele>1106.415</ele>
        <time>2016-05-02T15:26:09Z</time>
      </trkpt>
      <trkpt lat="46.564133" lon="22.700366">
        <ele>1107.277</ele>
        <time>2016-05-02T15:26:20Z</time>
      </trkpt>
      <trkpt lat="46.564219" lon="22.700321">
        <ele>1107.183</ele>
        <time>2016-05-02T15:26:30Z</time>
      </trkpt>
      <trkpt lat="46.564299" lon="22.700354">
        <ele>1106.225</ele>
        <time>2016-05-02T15:26:40Z</time>
      </trkpt>
      <trkpt lat="46.564385" lon="22.700379">
        <ele>1105.317</ele>
        <time>2016-05-02T15:26:51Z</time>
      </trkpt>
      <trkpt lat="46.564466" lon="22.700366">
        <ele>1104.408</ele>
        <time>2016-05-02T15:28:14Z</time>
      </trkpt>
      <trkpt lat="46.564548" lon="22.700393">
        <ele>1103.559</ele>
        <time>2016-05-02T15:28:36Z</time>
      </trkpt>
      <trkpt lat="46.564628" lon="22.700424">
        <ele>1101.076</ele>
        <time>2016-05-02T15:28:55Z</time>
      </trkpt>
      <trkpt lat="46.564710" lon="22.700427">
        <ele>1098.578</ele>
        <time>2016-05-02T15:29:08Z</time>
      </trkpt>
      <trkpt lat="46.564789" lon="22.700369">
        <ele>1096.160</ele>
        <time>2016-05-02T15:29:30Z</time>
      </trkpt>
      <trkpt lat="46.564870" lon="22.700389">
        <ele>1093.687</ele>
        <time>2016-05-02T15:29:35Z</time>
      </trkpt>
      <trkpt lat="46.564943" lon="22.700445">
        <ele>1091.238</ele>
        <time>2016-05-02T15:29:50Z</time>
      </trkpt>
      <trkpt lat="46.565025" lon="22.700505">
        <ele>1088.751</ele>
        <time>2016-05-02T15:30:00Z</time>
      </trkpt>
      <trkpt lat="46.565100" lon="22.700588">
        <ele>1087.253</ele>
        <time>2016-05-02T15:30:15Z</time>
      </trkpt>
      <trkpt lat="46.565139" lon="22.700697">
        <ele>1085.687</ele>
        <time>2016-05-02T15:30:45Z</time>
      </trkpt>
      <trkpt lat="46.565134" lon="22.700822">
        <ele>1084.142</ele>
        <time>2016-05-02T15:30:58Z</time>
      </trkpt>
      <trkpt lat="46.565085" lon="22.700916">
        <ele>1082.526</ele>
        <time>2016-05-02T15:31:24Z</time>
      </trkpt>
      <trkpt lat="46.565167" lon="22.700922">
        <ele>1081.008</ele>
        <time>2016-05-02T15:33:25Z</time>
      </trkpt>
      <trkpt lat="46.565254" lon="22.700864">
        <ele>1080.099</ele>
        <time>2016-05-02T15:34:28Z</time>
      </trkpt>
      <trkpt lat="46.565318" lon="22.700952">
        <ele>1077.996</ele>
        <time>2016-05-02T15:34:38Z</time>
      </trkpt>
      <trkpt lat="46.565385" lon="22.701039">
        <ele>1075.848</ele>
        <time>2016-05-02T15:34:51Z</time>
      </trkpt>
      <trkpt lat="46.565385" lon="22.701174">
        <ele>1073.750</ele>
        <time>2016-05-02T15:35:02Z</time>
      </trkpt>
      <trkpt lat="46.565419" lon="22.701287">
        <ele>1071.637</ele>
        <time>2016-05-02T15:35:18Z</time>
      </trkpt>
      <trkpt lat="46.565504" lon="22.701367">
        <ele>1069.598</ele>
        <time>2016-05-02T15:35:28Z</time>
      </trkpt>
      <trkpt lat="46.565417" lon="22.701385">
        <ele>1067.561</ele>
        <time>2016-05-02T15:35:45Z</time>
      </trkpt>
      <trkpt lat="46.565353" lon="22.701464">
        <ele>1065.423</ele>
        <time>2016-05-02T15:36:13Z</time>
      </trkpt>
      <trkpt lat="46.565271" lon="22.701493">
        <ele>1063.335</ele>
        <time>2016-05-02T15:36:29Z</time>
      </trkpt>
      <trkpt lat="46.565277" lon="22.701619">
        <ele>1061.286</ele>
        <time>2016-05-02T15:36:44Z</time>
      </trkpt>
      <trkpt lat="46.565208" lon="22.701700">
        <ele>1060.214</ele>
        <time>2016-05-02T15:37:24Z</time>
      </trkpt>
      <trkpt lat="46.565124" lon="22.701723">
        <ele>1060.208</ele>
        <time>2016-05-02T15:37:33Z</time>
      </trkpt>
      <trkpt lat="46.565201" lon="22.701773">
        <ele>1061.324</ele>
        <time>2016-05-02T15:38:12Z</time>
      </trkpt>
      <trkpt lat="46.565279" lon="22.701811">
        <ele>1062.451</ele>
        <time>2016-05-02T15:38:25Z</time>
      </trkpt>
      <trkpt lat="46.565365" lon="22.701830">
        <ele>1063.513</ele>
        <time>2016-05-02T15:38:50Z</time>
      </trkpt>
      <trkpt lat="46.565438" lon="22.701776">
        <ele>1064.555</ele>
        <time>2016-05-02T15:39:05Z</time>
      </trkpt>
      <trkpt lat="46.565521" lon="22.701757">
        <ele>1065.672</ele>
        <time>2016-05-02T15:39:14Z</time>
      </trkpt>
      <trkpt lat="46.565599" lon="22.701798">
        <ele>1066.763</ele>
        <time>2016-05-02T15:39:40Z</time>
      </trkpt>
      <trkpt lat="46.565659" lon="22.701877">
        <ele>1067.526</ele>
        <time>2016-05-02T15:40:09Z</time>
      </trkpt>
      <trkpt lat="46.565740" lon="22.701854">
        <ele>1068.268</ele>
        <time>2016-05-02T15:40:15Z</time>
      </trkpt>
      <trkpt lat="46.565823" lon="22.701866">
        <ele>1068.944</ele>
        <time>2016-05-02T15:40:22Z</time>
      </trkpt>
      <trkpt lat="46.565909" lon="22.701917">
        <ele>1068.505</ele>
        <time>2016-05-02T15:40:42Z</time>
      </trkpt>
      <trkpt lat="46.565931" lon="22.702035">
        <ele>1068.215</ele>
        <time>2016-05-02T15:41:03Z</time>
      </trkpt>
      <trkpt lat="46.565987" lon="22.702129">
        <ele>1067.808</ele>
        <time>2016-05-02T15:41:09Z</time>
      </trkpt>
      <trkpt lat="46.565992" lon="22.702256">
        <ele>1068.875</ele>
        <time>2016-05-02T15:41:18Z</time>
      </trkpt>
      <trkpt lat="46.566006" lon="22.702384">
        <ele>1069.862</ele>
        <time>2016-05-02T15:41:29Z</time>
      </trkpt>
      <trkpt lat="46.566063" lon="22.702470">
        <ele>1070.824</ele>
        <time>2016-05-02T15:41:38Z</time>
      </trkpt>
      <trkpt lat="46.566132" lon="22.702545">
        <ele>1071.846</ele>
        <time>2016-05-02T15:41:44Z</time>
      </trkpt>
      <trkpt lat="46.566216" lon="22.702569">
        <ele>1072.853</ele>
        <time>2016-05-02T15:41:50Z</time>
      </trkpt>
      <trkpt lat="46.566294" lon="22.702615">
        <ele>1074.294</ele>
        <time>2016-05-02T15:42:09Z</time>
      </trkpt>
      <trkpt lat="46.566370" lon="22.702662">
        <ele>1075.557</ele>
        <time>2016-05-02T15:42:19Z</time>
      </trkpt>
      <trkpt lat="46.566458" lon="22.702685">
        <ele>1076.999</ele>
        <time>2016-05-02T15:42:53Z</time>
      </trkpt>
      <trkpt lat="46.566550" lon="22.702687">
        <ele>1076.749</ele>
        <time>2016-05-02T15:43:11Z</time>
      </trkpt>
      <trkpt lat="46.566619" lon="22.702758">
        <ele>1076.502</ele>
        <time>2016-05-02T15:43:40Z</time>
      </trkpt>
      <trkpt lat="46.566698" lon="22.702813">
        <ele>1076.422</ele>
        <time>2016-05-02T15:43:51Z</time>
      </trkpt>
      <trkpt lat="46.566773" lon="22.702864">
        <ele>1075.908</ele>
        <time>2016-05-02T15:43:58Z</time>
      </trkpt>
      <trkpt lat="46.566852" lon="22.702907">
        <ele>1075.545</ele>
        <time>2016-05-02T15:44:06Z</time>
      </trkpt>
      <trkpt lat="46.566927" lon="22.702994">
        <ele>1075.022</ele>
        <time>2016-05-02T15:44:16Z</time>
      </trkpt>
      <trkpt lat="46.567011" lon="22.703059">
        <ele>1074.544</ele>
        <time>2016-05-02T15:44:25Z</time>
      </trkpt>
      <trkpt lat="46.567083" lon="22.703149">
        <ele>1074.146</ele>
        <time>2016-05-02T15:44:33Z</time>
      </trkpt>
      <trkpt lat="46.567169" lon="22.703208">
        <ele>1073.653</ele>
        <time>2016-05-02T15:44:42Z</time>
      </trkpt>
      <trkpt lat="46.567224" lon="22.703300">
        <ele>1073.234</ele>
        <time>2016-05-02T15:44:48Z</time>
      </trkpt>
      <trkpt lat="46.567308" lon="22.703316">
        <ele>1072.737</ele>
        <time>2016-05-02T15:45:05Z</time>
      </trkpt>
      <trkpt lat="46.567378" lon="22.703250">
        <ele>1073.839</ele>
        <time>2016-05-02T15:45:16Z</time>
      </trkpt>
      <trkpt lat="46.567465" lon="22.703235">
        <ele>1074.927</ele>
        <time>2016-05-02T15:46:55Z</time>
      </trkpt>
      <trkpt lat="46.567553" lon="22.703245">
        <ele>1076.068</ele>
        <time>2016-05-02T15:47:07Z</time>
      </trkpt>
      <trkpt lat="46.567642" lon="22.703258">
        <ele>1076.514</ele>
        <time>2016-05-02T15:47:13Z</time>
      </trkpt>
      <trkpt lat="46.567727" lon="22.703318">
        <ele>1077.108</ele>
        <time>2016-05-02T15:47:20Z</time>
      </trkpt>
      <trkpt lat="46.567808" lon="22.703327">
        <ele>1077.653</ele>
        <time>2016-05-02T15:47:30Z</time>
      </trkpt>
      <trkpt lat="46.567887" lon="22.703376">
        <ele>1078.270</ele>
        <time>2016-05-02T15:47:41Z</time>
      </trkpt>
      <trkpt lat="46.567964" lon="22.703422">
        <ele>1078.772</ele>
        <time>2016-05-02T15:47:48Z</time>
      </trkpt>
      <trkpt lat="46.568037" lon="22.703473">
        <ele>1079.334</ele>
        <time>2016-05-02T15:47:55Z</time>
      </trkpt>
      <trkpt lat="46.568116" lon="22.703502">
        <ele>1079.861</ele>
        <time>2016-05-02T15:48:04Z</time>
      </trkpt>
      <trkpt lat="46.568194" lon="22.703458">
        <ele>1080.462</ele>
        <time>2016-05-02T15:48:12Z</time>
      </trkpt>
      <trkpt lat="46.568292" lon="22.703473">
        <ele>1080.915</ele>
        <time>2016-05-02T15:48:26Z</time>
      </trkpt>
      <trkpt lat="46.568393" lon="22.703506">
        <ele>1081.547</ele>
        <time>2016-05-02T15:48:44Z</time>
      </trkpt>
      <trkpt lat="46.568486" lon="22.703498">
        <ele>1082.253</ele>
        <time>2016-05-02T15:48:55Z</time>
      </trkpt>
      <trkpt lat="46.568580" lon="22.703514">
        <ele>1082.304</ele>
        <time>2016-05-02T15:49:03Z</time>
      </trkpt>
      <trkpt lat="46.568656" lon="22.703446">
        <ele>1082.414</ele>
        <time>2016-05-02T15:49:08Z</time>
      </trkpt>
      <trkpt lat="46.568744" lon="22.703480">
        <ele>1082.508</ele>
        <time>2016-05-02T15:49:17Z</time>
      </trkpt>
      <trkpt lat="46.568826" lon="22.703447">
        <ele>1082.516</ele>
        <time>2016-05-02T15:49:27Z</time>
      </trkpt>
      <trkpt lat="46.568905" lon="22.703404">
        <ele>1082.633</ele>
        <time>2016-05-02T15:49:40Z</time>
      </trkpt>
      <trkpt lat="46.568987" lon="22.703402">
        <ele>1082.765</ele>
        <time>2016-05-02T15:49:54Z</time>
      </trkpt>
      <trkpt lat="46.569069" lon="22.703441">
        <ele>1082.847</ele>
        <time>2016-05-02T15:50:04Z</time>
      </trkpt>
      <trkpt lat="46.569151" lon="22.703456">
        <ele>1082.944</ele>
        <time>2016-05-02T15:50:15Z</time>
      </trkpt>
      <trkpt lat="46.569237" lon="22.703494">
        <ele>1083.765</ele>
        <time>2016-05-02T15:50:21Z</time>
      </trkpt>
      <trkpt lat="46.569321" lon="22.703490">
        <ele>1084.518</ele>
        <time>2016-05-02T15:50:30Z</time>
      </trkpt>
      <trkpt lat="46.569406" lon="22.703494">
        <ele>1085.210</ele>
        <time>2016-05-02T15:50:36Z</time>
      </trkpt>
      <trkpt lat="46.569491" lon="22.703490">
        <ele>1085.961</ele>
        <time>2016-05-02T15:50:42Z</time>
      </trkpt>
      <trkpt lat="46.569581" lon="22.703465">
        <ele>1086.621</ele>
        <time>2016-05-02T15:50:52Z</time>
      </trkpt>
      <trkpt lat="46.569684" lon="22.703478">
        <ele>1087.413</ele>
        <time>2016-05-02T15:51:01Z</time>
      </trkpt>
      <trkpt lat="46.569805" lon="22.703422">
        <ele>1088.108</ele>
        <time>2016-05-02T15:51:16Z</time>
      </trkpt>
      <trkpt lat="46.569894" lon="22.703429">
        <ele>1088.847</ele>
        <time>2016-05-02T15:51:19Z</time>
      </trkpt>
      <trkpt lat="46.569974" lon="22.703445">
        <ele>1089.534</ele>
        <time>2016-05-02T15:51:24Z</time>
      </trkpt>
      <trkpt lat="46.570051" lon="22.703484">
        <ele>1090.376</ele>
        <time>2016-05-02T15:51:31Z</time>
      </trkpt>
      <trkpt lat="46.570123" lon="22.703418">
        <ele>1090.068</ele>
        <time>2016-05-02T15:51:50Z</time>
      </trkpt>
      <trkpt lat="46.570210" lon="22.703457">
        <ele>1089.095</ele>
        <time>2016-05-02T15:51:56Z</time>
      </trkpt>
      <trkpt lat="46.570277" lon="22.703536">
        <ele>1088.056</ele>
        <time>2016-05-02T15:52:01Z</time>
      </trkpt>
      <trkpt lat="46.570354" lon="22.703610">
        <ele>1087.019</ele>
        <time>2016-05-02T15:52:08Z</time>
      </trkpt>
      <trkpt lat="46.570379" lon="22.703723">
        <ele>1086.081</ele>
        <time>2016-05-02T15:52:15Z</time>
      </trkpt>
      <trkpt lat="46.570457" lon="22.703801">
        <ele>1085.078</ele>
        <time>2016-05-02T15:52:33Z</time>
      </trkpt>
      <trkpt lat="46.570522" lon="22.703882">
        <ele>1084.033</ele>
        <time>2016-05-02T15:52:43Z</time>
      </trkpt>
      <trkpt lat="46.570611" lon="22.703890">
        <ele>1083.026</ele>
        <time>2016-05-02T15:53:13Z</time>
      </trkpt>
      <trkpt lat="46.570679" lon="22.703973">
        <ele>1082.008</ele>
        <time>2016-05-02T15:53:25Z</time>
      </trkpt>
      <trkpt lat="46.570748" lon="22.704052">
        <ele>1081.088</ele>
        <time>2016-05-02T15:53:40Z</time>
      </trkpt>
      <trkpt lat="46.570834" lon="22.704098">
        <ele>1080.285</ele>
        <time>2016-05-02T15:53:54Z</time>
      </trkpt>
      <trkpt lat="46.570917" lon="22.704133">
        <ele>1080.497</ele>
        <time>2016-05-02T15:54:00Z</time>
      </trkpt>
      <trkpt lat="46.571013" lon="22.704164">
        <ele>1080.519</ele>
        <time>2016-05-02T15:54:08Z</time>
      </trkpt>
      <trkpt lat="46.571108" lon="22.704197">
        <ele>1080.776</ele>
        <time>2016-05-02T15:54:18Z</time>
      </trkpt>
      <trkpt lat="46.571204" lon="22.704210">
        <ele>1080.987</ele>
        <time>2016-05-02T15:54:27Z</time>
      </trkpt>
      <trkpt lat="46.571290" lon="22.704230">
        <ele>1081.180</ele>
        <time>2016-05-02T15:54:33Z</time>
      </trkpt>
      <trkpt lat="46.571378" lon="22.704256">
        <ele>1081.312</ele>
        <time>2016-05-02T15:54:45Z</time>
      </trkpt>
      <trkpt lat="46.571461" lon="22.704269">
        <ele>1081.554</ele>
        <time>2016-05-02T15:54:52Z</time>
      </trkpt>
      <trkpt lat="46.571543" lon="22.704359">
        <ele>1081.656</ele>
        <time>2016-05-02T15:55:06Z</time>
      </trkpt>
      <trkpt lat="46.571632" lon="22.704372">
        <ele>1081.811</ele>
        <time>2016-05-02T15:55:13Z</time>
      </trkpt>
      <trkpt lat="46.571706" lon="22.704429">
        <ele>1082.008</ele>
        <time>2016-05-02T15:55:18Z</time>
      </trkpt>
      <trkpt lat="46.571801" lon="22.704423">
        <ele>1081.976</ele>
        <time>2016-05-02T15:55:27Z</time>
      </trkpt>
      <trkpt lat="46.571865" lon="22.704346">
        <ele>1081.893</ele>
        <time>2016-05-02T15:55:36Z</time>
      </trkpt>
      <trkpt lat="46.571937" lon="22.704287">
        <ele>1081.755</ele>
        <time>2016-05-02T15:55:46Z</time>
      </trkpt>
      <trkpt lat="46.572033" lon="22.704247">
        <ele>1081.677</ele>
        <time>2016-05-02T15:55:55Z</time>
      </trkpt>
      <trkpt lat="46.572126" lon="22.704261">
        <ele>1081.564</ele>
        <time>2016-05-02T15:56:01Z</time>
      </trkpt>
      <trkpt lat="46.572217" lon="22.704226">
        <ele>1081.525</ele>
        <time>2016-05-02T15:56:10Z</time>
      </trkpt>
      <trkpt lat="46.572290" lon="22.704172">
        <ele>1081.428</ele>
        <time>2016-05-02T15:56:18Z</time>
      </trkpt>
      <trkpt lat="46.572386" lon="22.704168">
        <ele>1081.390</ele>
        <time>2016-05-02T15:56:27Z</time>
      </trkpt>
      <trkpt lat="46.572468" lon="22.704170">
        <ele>1081.853</ele>
        <time>2016-05-02T15:56:33Z</time>
      </trkpt>
      <trkpt lat="46.572554" lon="22.704158">
        <ele>1082.404</ele>
        <time>2016-05-02T15:56:48Z</time>
      </trkpt>
      <trkpt lat="46.572641" lon="22.704182">
        <ele>1082.914</ele>
        <time>2016-05-02T15:56:55Z</time>
      </trkpt>
      <trkpt lat="46.572723" lon="22.704168">
        <ele>1083.508</ele>
        <time>2016-05-02T15:57:06Z</time>
      </trkpt>
      <trkpt lat="46.572922" lon="22.704054">
        <ele>1084.236</ele>
        <time>2016-05-02T15:57:33Z</time>
      </trkpt>
      <trkpt lat="46.573034" lon="22.704140">
        <ele>1084.843</ele>
        <time>2016-05-02T15:58:23Z</time>
      </trkpt>
      <trkpt lat="46.573146" lon="22.704225">
        <ele>1085.555</ele>
        <time>2016-05-02T15:58:25Z</time>
      </trkpt>
      <trkpt lat="46.573064" lon="22.704158">
        <ele>1086.127</ele>
        <time>2016-05-02T15:58:27Z</time>
      </trkpt>
      <trkpt lat="46.573151" lon="22.704183">
        <ele>1086.724</ele>
        <time>2016-05-02T15:58:35Z</time>
      </trkpt>
      <trkpt lat="46.573235" lon="22.704207">
        <ele>1087.465</ele>
        <time>2016-05-02T15:58:39Z</time>
      </trkpt>
      <trkpt lat="46.573319" lon="22.704205">
        <ele>1088.048</ele>
        <time>2016-05-02T15:58:42Z</time>
      </trkpt>
      <trkpt lat="46.573392" lon="22.704131">
        <ele>1088.070</ele>
        <time>2016-05-02T15:59:43Z</time>
      </trkpt>
      <trkpt lat="46.573456" lon="22.704056">
        <ele>1089.412</ele>
        <time>2016-05-02T16:00:07Z</time>
      </trkpt>
      <trkpt lat="46.573541" lon="22.704069">
        <ele>1090.732</ele>
        <time>2016-05-02T16:00:22Z</time>
      </trkpt>
      <trkpt lat="46.573621" lon="22.704039">
        <ele>1090.605</ele>
        <time>2016-05-02T16:00:37Z</time>
      </trkpt>
      <trkpt lat="46.573694" lon="22.703982">
        <ele>1090.508</ele>
        <time>2016-05-02T16:00:45Z</time>
      </trkpt>
      <trkpt lat="46.573777" lon="22.703933">
        <ele>1090.562</ele>
        <time>2016-05-02T16:00:52Z</time>
      </trkpt>
      <trkpt lat="46.573862" lon="22.703879">
        <ele>1090.439</ele>
        <time>2016-05-02T16:00:59Z</time>
      </trkpt>
      <trkpt lat="46.573909" lon="22.703763">
        <ele>1090.371</ele>
        <time>2016-05-02T16:01:06Z</time>
      </trkpt>
      <trkpt lat="46.573985" lon="22.703713">
        <ele>1090.223</ele>
        <time>2016-05-02T16:01:19Z</time>
      </trkpt>
      <trkpt lat="46.574043" lon="22.703630">
        <ele>1090.180</ele>
        <time>2016-05-02T16:02:19Z</time>
      </trkpt>
      <trkpt lat="46.574128" lon="22.703590">
        <ele>1090.021</ele>
        <time>2016-05-02T16:02:25Z</time>
      </trkpt>
      <trkpt lat="46.574205" lon="22.703532">
        <ele>1089.994</ele>
        <time>2016-05-02T16:02:35Z</time>
      </trkpt>
      <trkpt lat="46.574259" lon="22.703441">
        <ele>1090.146</ele>
        <time>2016-05-02T16:02:42Z</time>
      </trkpt>
      <trkpt lat="46.574338" lon="22.703348">
        <ele>1090.315</ele>
        <time>2016-05-02T16:02:52Z</time>
      </trkpt>
      <trkpt lat="46.574420" lon="22.703279">
        <ele>1091.965</ele>
        <time>2016-05-02T16:02:57Z</time>
      </trkpt>
      <trkpt lat="46.574499" lon="22.703237">
        <ele>1091.711</ele>
        <time>2016-05-02T16:03:04Z</time>
      </trkpt>
      <trkpt lat="46.574578" lon="22.703188">
        <ele>1091.508</ele>
        <time>2016-05-02T16:03:11Z</time>
      </trkpt>
      <trkpt lat="46.574649" lon="22.703119">
        <ele>1091.432</ele>
        <time>2016-05-02T16:03:21Z</time>
      </trkpt>
      <trkpt lat="46.574730" lon="22.703108">
        <ele>1091.219</ele>
        <time>2016-05-02T16:03:26Z</time>
      </trkpt>
      <trkpt lat="46.574768" lon="22.703000">
        <ele>1091.071</ele>
        <time>2016-05-02T16:03:34Z</time>
      </trkpt>
      <trkpt lat="46.574812" lon="22.702895">
        <ele>1090.843</ele>
        <time>2016-05-02T16:03:45Z</time>
      </trkpt>
      <trkpt lat="46.574881" lon="22.702795">
        <ele>1090.680</ele>
        <time>2016-05-02T16:03:52Z</time>
      </trkpt>
      <trkpt lat="46.574958" lon="22.702729">
        <ele>1090.531</ele>
        <time>2016-05-02T16:03:59Z</time>
      </trkpt>
      <trkpt lat="46.575030" lon="22.702670">
        <ele>1088.614</ele>
        <time>2016-05-02T16:04:07Z</time>
      </trkpt>
      <trkpt lat="46.575093" lon="22.702587">
        <ele>1087.146</ele>
        <time>2016-05-02T16:04:15Z</time>
      </trkpt>
      <trkpt lat="46.575155" lon="22.702496">
        <ele>1085.581</ele>
        <time>2016-05-02T16:04:28Z</time>
      </trkpt>
      <trkpt lat="46.575220" lon="22.702416">
        <ele>1085.861</ele>
        <time>2016-05-02T16:04:37Z</time>
      </trkpt>
      <trkpt lat="46.575306" lon="22.702393">
        <ele>1086.117</ele>
        <time>2016-05-02T16:04:45Z</time>
      </trkpt>
      <trkpt lat="46.575395" lon="22.702417">
        <ele>1086.408</ele>
        <time>2016-05-02T16:04:54Z</time>
      </trkpt>
      <trkpt lat="46.575479" lon="22.702382">
        <ele>1086.629</ele>
        <time>2016-05-02T16:05:04Z</time>
      </trkpt>
      <trkpt lat="46.575564" lon="22.702397">
        <ele>1086.936</ele>
        <time>2016-05-02T16:05:11Z</time>
      </trkpt>
      <trkpt lat="46.575649" lon="22.702413">
        <ele>1087.218</ele>
        <time>2016-05-02T16:05:20Z</time>
      </trkpt>
      <trkpt lat="46.575734" lon="22.702341">
        <ele>1087.560</ele>
        <time>2016-05-02T16:05:32Z</time>
      </trkpt>
      <trkpt lat="46.575793" lon="22.702256">
        <ele>1087.777</ele>
        <time>2016-05-02T16:07:08Z</time>
      </trkpt>
      <trkpt lat="46.575881" lon="22.702261">
        <ele>1088.078</ele>
        <time>2016-05-02T16:07:44Z</time>
      </trkpt>
      <trkpt lat="46.575928" lon="22.702377">
        <ele>1087.781</ele>
        <time>2016-05-02T16:07:52Z</time>
      </trkpt>
      <trkpt lat="46.576004" lon="22.702425">
        <ele>1087.573</ele>
        <time>2016-05-02T16:08:01Z</time>
      </trkpt>
      <trkpt lat="46.576077" lon="22.702490">
        <ele>1087.256</ele>
        <time>2016-05-02T16:08:07Z</time>
      </trkpt>
      <trkpt lat="46.576160" lon="22.702545">
        <ele>1086.959</ele>
        <time>2016-05-02T16:08:18Z</time>
      </trkpt>
      <trkpt lat="46.576236" lon="22.702598">
        <ele>1086.614</ele>
        <time>2016-05-02T16:08:26Z</time>
      </trkpt>
      <trkpt lat="46.576315" lon="22.702627">
        <ele>1086.908</ele>
        <time>2016-05-02T16:08:32Z</time>
      </trkpt>
      <trkpt lat="46.576401" lon="22.702687">
        <ele>1087.276</ele>
        <time>2016-05-02T16:08:37Z</time>
      </trkpt>
      <trkpt lat="46.576479" lon="22.702756">
        <ele>1087.573</ele>
        <time>2016-05-02T16:08:42Z</time>
      </trkpt>
      <trkpt lat="46.576552" lon="22.702825">
        <ele>1087.795</ele>
        <time>2016-05-02T16:08:49Z</time>
      </trkpt>
      <trkpt lat="46.576633" lon="22.702867">
        <ele>1088.047</ele>
        <time>2016-05-02T16:08:55Z</time>
      </trkpt>
      <trkpt lat="46.576699" lon="22.702958">
        <ele>1088.384</ele>
        <time>2016-05-02T16:09:03Z</time>
      </trkpt>
      <trkpt lat="46.576746" lon="22.703059">
        <ele>1088.845</ele>
        <time>2016-05-02T16:09:11Z</time>
      </trkpt>
      <trkpt lat="46.576752" lon="22.703185">
        <ele>1089.478</ele>
        <time>2016-05-02T16:09:18Z</time>
      </trkpt>
      <trkpt lat="46.576826" lon="22.703265">
        <ele>1088.990</ele>
        <time>2016-05-02T16:09:28Z</time>
      </trkpt>
      <trkpt lat="46.576897" lon="22.703328">
        <ele>1088.682</ele>
        <time>2016-05-02T16:09:38Z</time>
      </trkpt>
      <trkpt lat="46.576956" lon="22.703424">
        <ele>1088.243</ele>
        <time>2016-05-02T16:09:51Z</time>
      </trkpt>
      <trkpt lat="46.577022" lon="22.703509">
        <ele>1087.417</ele>
        <time>2016-05-02T16:09:58Z</time>
      </trkpt>
      <trkpt lat="46.577088" lon="22.703590">
        <ele>1086.508</ele>
        <time>2016-05-02T16:10:03Z</time>
      </trkpt>
      <trkpt lat="46.577148" lon="22.703675">
        <ele>1085.749</ele>
        <time>2016-05-02T16:10:08Z</time>
      </trkpt>
      <trkpt lat="46.577189" lon="22.703782">
        <ele>1084.946</ele>
        <time>2016-05-02T16:10:14Z</time>
      </trkpt>
      <trkpt lat="46.577266" lon="22.703742">
        <ele>1084.118</ele>
        <time>2016-05-02T16:10:22Z</time>
      </trkpt>
      <trkpt lat="46.577346" lon="22.703802">
        <ele>1083.380</ele>
        <time>2016-05-02T16:10:31Z</time>
      </trkpt>
      <trkpt lat="46.577404" lon="22.703890">
        <ele>1082.587</ele>
        <time>2016-05-02T16:10:37Z</time>
      </trkpt>
      <trkpt lat="46.577477" lon="22.703952">
        <ele>1081.698</ele>
        <time>2016-05-02T16:10:43Z</time>
      </trkpt>
      <trkpt lat="46.577550" lon="22.704018">
        <ele>1082.281</ele>
        <time>2016-05-02T16:11:00Z</time>
      </trkpt>
      <trkpt lat="46.577622" lon="22.704080">
        <ele>1082.573</ele>
        <time>2016-05-02T16:11:10Z</time>
      </trkpt>
      <trkpt lat="46.577712" lon="22.704081">
        <ele>1083.167</ele>
        <time>2016-05-02T16:11:20Z</time>
      </trkpt>
      <trkpt lat="46.577801" lon="22.704100">
        <ele>1083.581</ele>
        <time>2016-05-02T16:11:31Z</time>
      </trkpt>
      <trkpt lat="46.577885" lon="22.704112">
        <ele>1083.819</ele>
        <time>2016-05-02T16:11:39Z</time>
      </trkpt>
      <trkpt lat="46.577973" lon="22.704079">
        <ele>1084.208</ele>
        <time>2016-05-02T16:11:46Z</time>
      </trkpt>
      <trkpt lat="46.578053" lon="22.704025">
        <ele>1084.597</ele>
        <time>2016-05-02T16:11:54Z</time>
      </trkpt>
      <trkpt lat="46.578139" lon="22.704002">
        <ele>1084.724</ele>
        <time>2016-05-02T16:12:03Z</time>
      </trkpt>
      <trkpt lat="46.578225" lon="22.703971">
        <ele>1084.916</ele>
        <time>2016-05-02T16:12:10Z</time>
      </trkpt>
      <trkpt lat="46.578302" lon="22.703902">
        <ele>1085.118</ele>
        <time>2016-05-02T16:12:17Z</time>
      </trkpt>
      <trkpt lat="46.578380" lon="22.703830">
        <ele>1085.385</ele>
        <time>2016-05-02T16:12:31Z</time>
      </trkpt>
      <trkpt lat="46.578453" lon="22.703771">
        <ele>1085.326</ele>
        <time>2016-05-02T16:12:39Z</time>
      </trkpt>
      <trkpt lat="46.578532" lon="22.703721">
        <ele>1085.379</ele>
        <time>2016-05-02T16:12:48Z</time>
      </trkpt>
      <trkpt lat="46.578615" lon="22.703675">
        <ele>1085.321</ele>
        <time>2016-05-02T16:12:56Z</time>
      </trkpt>
      <trkpt lat="46.578699" lon="22.703649">
        <ele>1085.397</ele>
        <time>2016-05-02T16:13:03Z</time>
      </trkpt>
      <trkpt lat="46.578780" lon="22.703644">
        <ele>1085.323</ele>
        <time>2016-05-02T16:13:11Z</time>
      </trkpt>
      <trkpt lat="46.578872" lon="22.703608">
        <ele>1085.325</ele>
        <time>2016-05-02T16:13:19Z</time>
      </trkpt>
      <trkpt lat="46.578950" lon="22.703569">
        <ele>1085.308</ele>
        <time>2016-05-02T16:13:26Z</time>
      </trkpt>
      <trkpt lat="46.579030" lon="22.703537">
        <ele>1085.560</ele>
        <time>2016-05-02T16:13:34Z</time>
      </trkpt>
      <trkpt lat="46.579114" lon="22.703480">
        <ele>1085.637</ele>
        <time>2016-05-02T16:13:42Z</time>
      </trkpt>
      <trkpt lat="46.579187" lon="22.703426">
        <ele>1085.829</ele>
        <time>2016-05-02T16:13:49Z</time>
      </trkpt>
      <trkpt lat="46.579274" lon="22.703403">
        <ele>1087.041</ele>
        <time>2016-05-02T16:13:56Z</time>
      </trkpt>
      <trkpt lat="46.579355" lon="22.703393">
        <ele>1088.048</ele>
        <time>2016-05-02T16:14:04Z</time>
      </trkpt>
      <trkpt lat="46.579438" lon="22.703331">
        <ele>1089.079</ele>
        <time>2016-05-02T16:14:12Z</time>
      </trkpt>
      <trkpt lat="46.579516" lon="22.703297">
        <ele>1089.122</ele>
        <time>2016-05-02T16:14:19Z</time>
      </trkpt>
      <trkpt lat="46.579590" lon="22.703231">
        <ele>1089.284</ele>
        <time>2016-05-02T16:14:26Z</time>
      </trkpt>
      <trkpt lat="46.579670" lon="22.703160">
        <ele>1089.321</ele>
        <time>2016-05-02T16:14:34Z</time>
      </trkpt>
      <trkpt lat="46.579745" lon="22.703101">
        <ele>1089.441</ele>
        <time>2016-05-02T16:14:41Z</time>
      </trkpt>
      <trkpt lat="46.579797" lon="22.702987">
        <ele>1089.705</ele>
        <time>2016-05-02T16:14:49Z</time>
      </trkpt>
      <trkpt lat="46.579867" lon="22.702902">
        <ele>1090.108</ele>
        <time>2016-05-02T16:14:57Z</time>
      </trkpt>
      <trkpt lat="46.579916" lon="22.702798">
        <ele>1090.663</ele>
        <time>2016-05-02T16:15:05Z</time>
      </trkpt>
      <trkpt lat="46.579965" lon="22.702684">
        <ele>1091.320</ele>
        <time>2016-05-02T16:15:13Z</time>
      </trkpt>
      <trkpt lat="46.580031" lon="22.702611">
        <ele>1090.312</ele>
        <time>2016-05-02T16:15:22Z</time>
      </trkpt>
    </trkseg>
  </trk></gpx>