<?xml version="1.0" encoding="UTF-8"?>
<gpx creator="Wikiloc - https://www.wikiloc.com" version="1.1" xmlns="http://www.topografix.com/GPX/1/1" xmlns:xsi="http://www.w3.org/2001/XMLSchema-instance" xsi:schemaLocation="http://www.topografix.com/GPX/1/1 http://www.topografix.com/GPX/1/1/gpx.xsd">
  <metadata>
    <name>Wikiloc - Izvoarele - Poarta Zmeilor - Hiking 12/7/14 8:36 am</name>
    <author>
      <name>Toni Grecu</name>
      <link href="https://www.wikiloc.com/wikiloc/user.do?id=2082631">
        <text>Toni Grecu on Wikiloc</text>
      </link>
    </author>
    <link href="https://www.wikiloc.com/hiking-trails/izvoarele-poarta-zmeilor-hiking-12-7-14-8-36-am-17911239">
      <text>Izvoarele - Poarta Zmeilor - Hiking 12/7/14 8:36 am on Wikiloc</text>
    </link>
    <time>2014-12-07T12:40:21Z</time>
  </metadata>
  <trk>
    <name>Izvoarele - Poarta Zmeilor - Hiking 12/7/14 8:36 am - Wikiloc</name>
    <cmt>Izvoarele - Cheile Plaiului - Platou Bedeleu - Poarta Zmeilor - Peștera de la Groși - Balcon(CR) 
Poarta Zmeilor - Platou Bedeleu (CR) - Merii Drecului (BA+BR) - La Rogoaze (CG) - Izvoarele</cmt>
    <desc>Izvoarele - Cheile Plaiului - Platou Bedeleu - Poarta Zmeilor - Peștera de la Groși - Balcon(CR) 
Poarta Zmeilor - Platou Bedeleu (CR) - Merii Drecului (BA+BR) - La Rogoaze (CG) - Izvoarele</desc>
    <trkseg>
      <trkpt lat="46.400431" lon="23.534125">
        <ele>623.019</ele>
        <time>2014-12-07T06:36:37Z</time>
      </trkpt>
      <trkpt lat="46.400473" lon="23.534177">
        <ele>623.609</ele>
        <time>2014-12-07T06:36:38Z</time>
      </trkpt>
      <trkpt lat="46.400570" lon="23.534178">
        <ele>624.019</ele>
        <time>2014-12-07T06:37:30Z</time>
      </trkpt>
      <trkpt lat="46.400623" lon="23.534069">
        <ele>624.308</ele>
        <time>2014-12-07T06:37:41Z</time>
      </trkpt>
      <trkpt lat="46.400690" lon="23.533978">
        <ele>624.642</ele>
        <time>2014-12-07T06:37:47Z</time>
      </trkpt>
      <trkpt lat="46.400761" lon="23.533884">
        <ele>624.828</ele>
        <time>2014-12-07T06:37:56Z</time>
      </trkpt>
      <trkpt lat="46.400797" lon="23.533760">
        <ele>625.270</ele>
        <time>2014-12-07T06:38:05Z</time>
      </trkpt>
      <trkpt lat="46.400811" lon="23.533620">
        <ele>625.562</ele>
        <time>2014-12-07T06:38:13Z</time>
      </trkpt>
      <trkpt lat="46.400832" lon="23.533485">
        <ele>626.592</ele>
        <time>2014-12-07T06:38:21Z</time>
      </trkpt>
      <trkpt lat="46.400853" lon="23.533343">
        <ele>627.483</ele>
        <time>2014-12-07T06:38:29Z</time>
      </trkpt>
      <trkpt lat="46.400839" lon="23.533202">
        <ele>628.334</ele>
        <time>2014-12-07T06:38:35Z</time>
      </trkpt>
      <trkpt lat="46.400872" lon="23.533076">
        <ele>629.260</ele>
        <time>2014-12-07T06:38:43Z</time>
      </trkpt>
      <trkpt lat="46.400936" lon="23.532982">
        <ele>629.755</ele>
        <time>2014-12-07T06:38:51Z</time>
      </trkpt>
      <trkpt lat="46.401014" lon="23.532913">
        <ele>630.307</ele>
        <time>2014-12-07T06:39:00Z</time>
      </trkpt>
      <trkpt lat="46.401108" lon="23.532854">
        <ele>631.017</ele>
        <time>2014-12-07T06:39:10Z</time>
      </trkpt>
      <trkpt lat="46.401184" lon="23.532760">
        <ele>632.308</ele>
        <time>2014-12-07T06:39:18Z</time>
      </trkpt>
      <trkpt lat="46.401208" lon="23.532633">
        <ele>633.536</ele>
        <time>2014-12-07T06:39:25Z</time>
      </trkpt>
      <trkpt lat="46.401217" lon="23.532492">
        <ele>634.812</ele>
        <time>2014-12-07T06:39:36Z</time>
      </trkpt>
      <trkpt lat="46.401231" lon="23.532328">
        <ele>636.144</ele>
        <time>2014-12-07T06:39:47Z</time>
      </trkpt>
      <trkpt lat="46.401263" lon="23.532173">
        <ele>636.886</ele>
        <time>2014-12-07T06:39:58Z</time>
      </trkpt>
      <trkpt lat="46.401277" lon="23.531997">
        <ele>637.536</ele>
        <time>2014-12-07T06:40:09Z</time>
      </trkpt>
      <trkpt lat="46.401298" lon="23.531857">
        <ele>638.797</ele>
        <time>2014-12-07T06:40:19Z</time>
      </trkpt>
      <trkpt lat="46.401297" lon="23.531725">
        <ele>639.938</ele>
        <time>2014-12-07T06:40:31Z</time>
      </trkpt>
      <trkpt lat="46.401292" lon="23.531594">
        <ele>641.124</ele>
        <time>2014-12-07T06:40:41Z</time>
      </trkpt>
      <trkpt lat="46.401366" lon="23.531461">
        <ele>642.338</ele>
        <time>2014-12-07T06:41:00Z</time>
      </trkpt>
      <trkpt lat="46.401451" lon="23.531316">
        <ele>643.370</ele>
        <time>2014-12-07T06:41:10Z</time>
      </trkpt>
      <trkpt lat="46.401491" lon="23.531167">
        <ele>643.717</ele>
        <time>2014-12-07T06:41:20Z</time>
      </trkpt>
      <trkpt lat="46.401574" lon="23.531067">
        <ele>644.208</ele>
        <time>2014-12-07T06:41:30Z</time>
      </trkpt>
      <trkpt lat="46.401636" lon="23.530965">
        <ele>645.394</ele>
        <time>2014-12-07T06:41:38Z</time>
      </trkpt>
      <trkpt lat="46.401690" lon="23.530856">
        <ele>646.490</ele>
        <time>2014-12-07T06:41:51Z</time>
      </trkpt>
      <trkpt lat="46.401751" lon="23.530753">
        <ele>647.562</ele>
        <time>2014-12-07T06:42:06Z</time>
      </trkpt>
      <trkpt lat="46.401764" lon="23.530613">
        <ele>648.574</ele>
        <time>2014-12-07T06:42:16Z</time>
      </trkpt>
      <trkpt lat="46.401840" lon="23.530538">
        <ele>649.244</ele>
        <time>2014-12-07T06:42:26Z</time>
      </trkpt>
      <trkpt lat="46.401892" lon="23.530397">
        <ele>649.885</ele>
        <time>2014-12-07T06:42:34Z</time>
      </trkpt>
      <trkpt lat="46.401956" lon="23.530283">
        <ele>650.946</ele>
        <time>2014-12-07T06:42:44Z</time>
      </trkpt>
      <trkpt lat="46.401999" lon="23.530167">
        <ele>652.062</ele>
        <time>2014-12-07T06:42:52Z</time>
      </trkpt>
      <trkpt lat="46.401984" lon="23.530029">
        <ele>653.132</ele>
        <time>2014-12-07T06:43:00Z</time>
      </trkpt>
      <trkpt lat="46.401963" lon="23.529889">
        <ele>654.292</ele>
        <time>2014-12-07T06:43:08Z</time>
      </trkpt>
      <trkpt lat="46.401897" lon="23.529756">
        <ele>655.311</ele>
        <time>2014-12-07T06:43:17Z</time>
      </trkpt>
      <trkpt lat="46.401877" lon="23.529622">
        <ele>655.708</ele>
        <time>2014-12-07T06:43:27Z</time>
      </trkpt>
      <trkpt lat="46.401888" lon="23.529462">
        <ele>656.824</ele>
        <time>2014-12-07T06:43:36Z</time>
      </trkpt>
      <trkpt lat="46.401954" lon="23.529366">
        <ele>658.460</ele>
        <time>2014-12-07T06:43:43Z</time>
      </trkpt>
      <trkpt lat="46.402014" lon="23.529255">
        <ele>659.912</ele>
        <time>2014-12-07T06:43:53Z</time>
      </trkpt>
      <trkpt lat="46.402019" lon="23.529113">
        <ele>661.554</ele>
        <time>2014-12-07T06:44:03Z</time>
      </trkpt>
      <trkpt lat="46.402055" lon="23.528991">
        <ele>663.094</ele>
        <time>2014-12-07T06:44:10Z</time>
      </trkpt>
      <trkpt lat="46.402094" lon="23.528862">
        <ele>664.195</ele>
        <time>2014-12-07T06:44:23Z</time>
      </trkpt>
      <trkpt lat="46.402099" lon="23.528711">
        <ele>665.266</ele>
        <time>2014-12-07T06:44:32Z</time>
      </trkpt>
      <trkpt lat="46.402114" lon="23.528546">
        <ele>666.742</ele>
        <time>2014-12-07T06:44:44Z</time>
      </trkpt>
      <trkpt lat="46.402150" lon="23.528425">
        <ele>668.315</ele>
        <time>2014-12-07T06:44:52Z</time>
      </trkpt>
      <trkpt lat="46.402179" lon="23.528271">
        <ele>669.865</ele>
        <time>2014-12-07T06:45:02Z</time>
      </trkpt>
      <trkpt lat="46.402204" lon="23.528145">
        <ele>671.411</ele>
        <time>2014-12-07T06:45:11Z</time>
      </trkpt>
      <trkpt lat="46.402232" lon="23.528014">
        <ele>672.308</ele>
        <time>2014-12-07T06:45:21Z</time>
      </trkpt>
      <trkpt lat="46.402233" lon="23.527872">
        <ele>672.752</ele>
        <time>2014-12-07T06:45:31Z</time>
      </trkpt>
      <trkpt lat="46.402252" lon="23.527725">
        <ele>673.618</ele>
        <time>2014-12-07T06:45:44Z</time>
      </trkpt>
      <trkpt lat="46.402301" lon="23.527606">
        <ele>674.550</ele>
        <time>2014-12-07T06:45:53Z</time>
      </trkpt>
      <trkpt lat="46.402324" lon="23.527468">
        <ele>675.592</ele>
        <time>2014-12-07T06:46:03Z</time>
      </trkpt>
      <trkpt lat="46.402346" lon="23.527341">
        <ele>676.462</ele>
        <time>2014-12-07T06:46:11Z</time>
      </trkpt>
      <trkpt lat="46.402387" lon="23.527211">
        <ele>677.353</ele>
        <time>2014-12-07T06:46:21Z</time>
      </trkpt>
      <trkpt lat="46.402426" lon="23.527071">
        <ele>677.744</ele>
        <time>2014-12-07T06:46:31Z</time>
      </trkpt>
      <trkpt lat="46.402465" lon="23.526940">
        <ele>678.760</ele>
        <time>2014-12-07T06:46:40Z</time>
      </trkpt>
      <trkpt lat="46.402521" lon="23.526826">
        <ele>679.715</ele>
        <time>2014-12-07T06:46:49Z</time>
      </trkpt>
      <trkpt lat="46.402558" lon="23.526702">
        <ele>680.765</ele>
        <time>2014-12-07T06:47:00Z</time>
      </trkpt>
      <trkpt lat="46.402555" lon="23.526563">
        <ele>681.711</ele>
        <time>2014-12-07T06:47:38Z</time>
      </trkpt>
      <trkpt lat="46.402568" lon="23.526428">
        <ele>682.708</ele>
        <time>2014-12-07T06:47:47Z</time>
      </trkpt>
      <trkpt lat="46.402595" lon="23.526297">
        <ele>683.332</ele>
        <time>2014-12-07T06:47:57Z</time>
      </trkpt>
      <trkpt lat="46.402635" lon="23.526171">
        <ele>684.838</ele>
        <time>2014-12-07T06:48:07Z</time>
      </trkpt>
      <trkpt lat="46.402675" lon="23.526045">
        <ele>686.490</ele>
        <time>2014-12-07T06:48:16Z</time>
      </trkpt>
      <trkpt lat="46.402710" lon="23.525922">
        <ele>687.992</ele>
        <time>2014-12-07T06:48:24Z</time>
      </trkpt>
      <trkpt lat="46.402732" lon="23.525770">
        <ele>689.532</ele>
        <time>2014-12-07T06:48:35Z</time>
      </trkpt>
      <trkpt lat="46.402753" lon="23.525624">
        <ele>691.023</ele>
        <time>2014-12-07T06:48:46Z</time>
      </trkpt>
      <trkpt lat="46.402770" lon="23.525483">
        <ele>692.084</ele>
        <time>2014-12-07T06:48:56Z</time>
      </trkpt>
      <trkpt lat="46.402794" lon="23.525345">
        <ele>694.260</ele>
        <time>2014-12-07T06:49:06Z</time>
      </trkpt>
      <trkpt lat="46.402807" lon="23.525212">
        <ele>696.483</ele>
        <time>2014-12-07T06:49:16Z</time>
      </trkpt>
      <trkpt lat="46.402798" lon="23.525066">
        <ele>698.525</ele>
        <time>2014-12-07T06:49:25Z</time>
      </trkpt>
      <trkpt lat="46.402829" lon="23.524935">
        <ele>700.717</ele>
        <time>2014-12-07T06:49:37Z</time>
      </trkpt>
      <trkpt lat="46.402847" lon="23.524807">
        <ele>702.908</ele>
        <time>2014-12-07T06:49:58Z</time>
      </trkpt>
      <trkpt lat="46.402870" lon="23.524676">
        <ele>704.199</ele>
        <time>2014-12-07T06:50:11Z</time>
      </trkpt>
      <trkpt lat="46.402883" lon="23.524547">
        <ele>706.315</ele>
        <time>2014-12-07T06:50:19Z</time>
      </trkpt>
      <trkpt lat="46.402914" lon="23.524407">
        <ele>708.557</ele>
        <time>2014-12-07T06:50:35Z</time>
      </trkpt>
      <trkpt lat="46.402916" lon="23.524256">
        <ele>710.659</ele>
        <time>2014-12-07T06:50:44Z</time>
      </trkpt>
      <trkpt lat="46.402946" lon="23.524132">
        <ele>712.839</ele>
        <time>2014-12-07T06:50:49Z</time>
      </trkpt>
      <trkpt lat="46.402941" lon="23.523995">
        <ele>715.010</ele>
        <time>2014-12-07T06:50:59Z</time>
      </trkpt>
      <trkpt lat="46.402931" lon="23.523860">
        <ele>716.591</ele>
        <time>2014-12-07T06:51:05Z</time>
      </trkpt>
      <trkpt lat="46.402922" lon="23.523715">
        <ele>717.577</ele>
        <time>2014-12-07T06:51:14Z</time>
      </trkpt>
      <trkpt lat="46.402887" lon="23.523594">
        <ele>718.565</ele>
        <time>2014-12-07T06:51:24Z</time>
      </trkpt>
      <trkpt lat="46.402922" lon="23.523470">
        <ele>720.268</ele>
        <time>2014-12-07T06:51:35Z</time>
      </trkpt>
      <trkpt lat="46.402971" lon="23.523335">
        <ele>721.814</ele>
        <time>2014-12-07T06:51:45Z</time>
      </trkpt>
      <trkpt lat="46.402994" lon="23.523205">
        <ele>723.508</ele>
        <time>2014-12-07T06:51:57Z</time>
      </trkpt>
      <trkpt lat="46.402906" lon="23.523164">
        <ele>724.167</ele>
        <time>2014-12-07T06:52:59Z</time>
      </trkpt>
      <trkpt lat="46.402933" lon="23.523032">
        <ele>724.753</ele>
        <time>2014-12-07T06:53:35Z</time>
      </trkpt>
      <trkpt lat="46.402964" lon="23.522894">
        <ele>725.465</ele>
        <time>2014-12-07T06:53:42Z</time>
      </trkpt>
      <trkpt lat="46.402970" lon="23.522744">
        <ele>726.657</ele>
        <time>2014-12-07T06:53:51Z</time>
      </trkpt>
      <trkpt lat="46.402950" lon="23.522612">
        <ele>729.577</ele>
        <time>2014-12-07T06:53:58Z</time>
      </trkpt>
      <trkpt lat="46.402928" lon="23.522483">
        <ele>731.938</ele>
        <time>2014-12-07T06:54:08Z</time>
      </trkpt>
      <trkpt lat="46.402915" lon="23.522338">
        <ele>734.889</ele>
        <time>2014-12-07T06:54:17Z</time>
      </trkpt>
      <trkpt lat="46.402952" lon="23.522183">
        <ele>736.185</ele>
        <time>2014-12-07T06:54:29Z</time>
      </trkpt>
      <trkpt lat="46.402974" lon="23.522045">
        <ele>736.776</ele>
        <time>2014-12-07T06:54:37Z</time>
      </trkpt>
      <trkpt lat="46.403005" lon="23.521907">
        <ele>738.490</ele>
        <time>2014-12-07T06:54:51Z</time>
      </trkpt>
      <trkpt lat="46.402986" lon="23.521771">
        <ele>740.019</ele>
        <time>2014-12-07T06:55:00Z</time>
      </trkpt>
      <trkpt lat="46.402994" lon="23.521631">
        <ele>741.608</ele>
        <time>2014-12-07T06:55:16Z</time>
      </trkpt>
      <trkpt lat="46.402972" lon="23.521497">
        <ele>743.358</ele>
        <time>2014-12-07T06:55:24Z</time>
      </trkpt>
      <trkpt lat="46.402944" lon="23.521340">
        <ele>744.974</ele>
        <time>2014-12-07T06:55:36Z</time>
      </trkpt>
      <trkpt lat="46.402925" lon="23.521202">
        <ele>745.996</ele>
        <time>2014-12-07T06:55:43Z</time>
      </trkpt>
      <trkpt lat="46.402900" lon="23.521076">
        <ele>745.338</ele>
        <time>2014-12-07T06:55:53Z</time>
      </trkpt>
      <trkpt lat="46.402869" lon="23.520949">
        <ele>746.198</ele>
        <time>2014-12-07T06:56:01Z</time>
      </trkpt>
      <trkpt lat="46.402794" lon="23.520851">
        <ele>746.999</ele>
        <time>2014-12-07T06:56:42Z</time>
      </trkpt>
      <trkpt lat="46.402748" lon="23.520735">
        <ele>749.470</ele>
        <time>2014-12-07T06:57:09Z</time>
      </trkpt>
      <trkpt lat="46.402696" lon="23.520616">
        <ele>751.856</ele>
        <time>2014-12-07T06:57:32Z</time>
      </trkpt>
      <trkpt lat="46.402672" lon="23.520484">
        <ele>753.311</ele>
        <time>2014-12-07T06:57:42Z</time>
      </trkpt>
      <trkpt lat="46.402659" lon="23.520339">
        <ele>754.721</ele>
        <time>2014-12-07T06:57:52Z</time>
      </trkpt>
      <trkpt lat="46.402665" lon="23.520203">
        <ele>757.603</ele>
        <time>2014-12-07T06:58:00Z</time>
      </trkpt>
      <trkpt lat="46.402688" lon="23.520064">
        <ele>760.508</ele>
        <time>2014-12-07T06:58:11Z</time>
      </trkpt>
      <trkpt lat="46.402678" lon="23.519921">
        <ele>763.572</ele>
        <time>2014-12-07T06:58:24Z</time>
      </trkpt>
      <trkpt lat="46.402697" lon="23.519772">
        <ele>766.488</ele>
        <time>2014-12-07T06:58:36Z</time>
      </trkpt>
      <trkpt lat="46.402717" lon="23.519641">
        <ele>769.380</ele>
        <time>2014-12-07T06:58:52Z</time>
      </trkpt>
      <trkpt lat="46.402754" lon="23.519520">
        <ele>770.742</ele>
        <time>2014-12-07T06:59:01Z</time>
      </trkpt>
      <trkpt lat="46.402820" lon="23.519424">
        <ele>773.212</ele>
        <time>2014-12-07T06:59:28Z</time>
      </trkpt>
      <trkpt lat="46.402808" lon="23.519275">
        <ele>775.673</ele>
        <time>2014-12-07T07:00:46Z</time>
      </trkpt>
      <trkpt lat="46.402871" lon="23.519172">
        <ele>778.114</ele>
        <time>2014-12-07T07:00:56Z</time>
      </trkpt>
      <trkpt lat="46.402891" lon="23.519027">
        <ele>780.540</ele>
        <time>2014-12-07T07:01:05Z</time>
      </trkpt>
      <trkpt lat="46.402883" lon="23.518886">
        <ele>783.058</ele>
        <time>2014-12-07T07:01:17Z</time>
      </trkpt>
      <trkpt lat="46.402842" lon="23.518755">
        <ele>784.052</ele>
        <time>2014-12-07T07:01:25Z</time>
      </trkpt>
      <trkpt lat="46.402838" lon="23.518624">
        <ele>785.017</ele>
        <time>2014-12-07T07:01:34Z</time>
      </trkpt>
      <trkpt lat="46.402833" lon="23.518490">
        <ele>786.008</ele>
        <time>2014-12-07T07:01:49Z</time>
      </trkpt>
      <trkpt lat="46.402832" lon="23.518359">
        <ele>787.516</ele>
        <time>2014-12-07T07:02:00Z</time>
      </trkpt>
      <trkpt lat="46.402829" lon="23.518219">
        <ele>788.952</ele>
        <time>2014-12-07T07:02:12Z</time>
      </trkpt>
      <trkpt lat="46.402831" lon="23.518072">
        <ele>790.434</ele>
        <time>2014-12-07T07:02:21Z</time>
      </trkpt>
      <trkpt lat="46.402824" lon="23.518210">
        <ele>790.826</ele>
        <time>2014-12-07T07:03:30Z</time>
      </trkpt>
      <trkpt lat="46.402921" lon="23.518203">
        <ele>791.396</ele>
        <time>2014-12-07T07:04:20Z</time>
      </trkpt>
      <trkpt lat="46.403045" lon="23.518189">
        <ele>793.317</ele>
        <time>2014-12-07T07:04:42Z</time>
      </trkpt>
      <trkpt lat="46.403109" lon="23.518095">
        <ele>795.328</ele>
        <time>2014-12-07T07:05:13Z</time>
      </trkpt>
      <trkpt lat="46.403200" lon="23.518114">
        <ele>797.334</ele>
        <time>2014-12-07T07:06:07Z</time>
      </trkpt>
      <trkpt lat="46.403299" lon="23.518119">
        <ele>799.311</ele>
        <time>2014-12-07T07:06:20Z</time>
      </trkpt>
      <trkpt lat="46.403233" lon="23.518008">
        <ele>801.321</ele>
        <time>2014-12-07T07:06:56Z</time>
      </trkpt>
      <trkpt lat="46.403255" lon="23.517867">
        <ele>805.503</ele>
        <time>2014-12-07T07:07:05Z</time>
      </trkpt>
      <trkpt lat="46.403211" lon="23.517733">
        <ele>809.208</ele>
        <time>2014-12-07T07:07:26Z</time>
      </trkpt>
      <trkpt lat="46.403152" lon="23.517563">
        <ele>812.992</ele>
        <time>2014-12-07T07:07:51Z</time>
      </trkpt>
      <trkpt lat="46.403146" lon="23.517428">
        <ele>816.628</ele>
        <time>2014-12-07T07:08:14Z</time>
      </trkpt>
      <trkpt lat="46.403160" lon="23.517288">
        <ele>820.470</ele>
        <time>2014-12-07T07:08:27Z</time>
      </trkpt>
      <trkpt lat="46.403181" lon="23.517147">
        <ele>824.192</ele>
        <time>2014-12-07T07:08:47Z</time>
      </trkpt>
      <trkpt lat="46.403134" lon="23.517027">
        <ele>826.392</ele>
        <time>2014-12-07T07:09:05Z</time>
      </trkpt>
      <trkpt lat="46.403094" lon="23.516907">
        <ele>828.513</ele>
        <time>2014-12-07T07:09:36Z</time>
      </trkpt>
      <trkpt lat="46.403191" lon="23.516970">
        <ele>831.934</ele>
        <time>2014-12-07T07:10:57Z</time>
      </trkpt>
      <trkpt lat="46.403142" lon="23.516860">
        <ele>835.450</ele>
        <time>2014-12-07T07:13:09Z</time>
      </trkpt>
      <trkpt lat="46.403102" lon="23.516722">
        <ele>838.847</ele>
        <time>2014-12-07T07:13:22Z</time>
      </trkpt>
      <trkpt lat="46.403085" lon="23.516594">
        <ele>840.129</ele>
        <time>2014-12-07T07:13:46Z</time>
      </trkpt>
      <trkpt lat="46.403097" lon="23.516462">
        <ele>841.421</ele>
        <time>2014-12-07T07:14:20Z</time>
      </trkpt>
      <trkpt lat="46.403057" lon="23.516320">
        <ele>842.608</ele>
        <time>2014-12-07T07:14:49Z</time>
      </trkpt>
      <trkpt lat="46.403067" lon="23.516190">
        <ele>843.915</ele>
        <time>2014-12-07T07:15:16Z</time>
      </trkpt>
      <trkpt lat="46.403139" lon="23.516089">
        <ele>846.581</ele>
        <time>2014-12-07T07:15:36Z</time>
      </trkpt>
      <trkpt lat="46.403183" lon="23.515968">
        <ele>849.283</ele>
        <time>2014-12-07T07:15:54Z</time>
      </trkpt>
      <trkpt lat="46.403219" lon="23.515837">
        <ele>851.815</ele>
        <time>2014-12-07T07:16:06Z</time>
      </trkpt>
      <trkpt lat="46.403243" lon="23.515694">
        <ele>854.545</ele>
        <time>2014-12-07T07:16:26Z</time>
      </trkpt>
      <trkpt lat="46.403289" lon="23.515576">
        <ele>855.876</ele>
        <time>2014-12-07T07:16:40Z</time>
      </trkpt>
      <trkpt lat="46.403339" lon="23.515424">
        <ele>857.227</ele>
        <time>2014-12-07T07:16:52Z</time>
      </trkpt>
      <trkpt lat="46.403379" lon="23.515285">
        <ele>860.243</ele>
        <time>2014-12-07T07:17:19Z</time>
      </trkpt>
      <trkpt lat="46.403440" lon="23.515185">
        <ele>863.277</ele>
        <time>2014-12-07T07:17:31Z</time>
      </trkpt>
      <trkpt lat="46.403367" lon="23.515097">
        <ele>866.261</ele>
        <time>2014-12-07T07:17:52Z</time>
      </trkpt>
      <trkpt lat="46.403312" lon="23.514967">
        <ele>869.227</ele>
        <time>2014-12-07T07:18:28Z</time>
      </trkpt>
      <trkpt lat="46.403329" lon="23.514790">
        <ele>872.208</ele>
        <time>2014-12-07T07:18:43Z</time>
      </trkpt>
      <trkpt lat="46.403307" lon="23.514657">
        <ele>873.828</ele>
        <time>2014-12-07T07:19:03Z</time>
      </trkpt>
      <trkpt lat="46.403308" lon="23.514513">
        <ele>875.584</ele>
        <time>2014-12-07T07:19:15Z</time>
      </trkpt>
      <trkpt lat="46.403334" lon="23.514369">
        <ele>878.526</ele>
        <time>2014-12-07T07:19:27Z</time>
      </trkpt>
      <trkpt lat="46.403390" lon="23.514265">
        <ele>881.638</ele>
        <time>2014-12-07T07:19:48Z</time>
      </trkpt>
      <trkpt lat="46.403422" lon="23.514136">
        <ele>884.768</ele>
        <time>2014-12-07T07:20:07Z</time>
      </trkpt>
      <trkpt lat="46.403488" lon="23.514027">
        <ele>887.899</ele>
        <time>2014-12-07T07:20:19Z</time>
      </trkpt>
      <trkpt lat="46.403509" lon="23.513888">
        <ele>889.320</ele>
        <time>2014-12-07T07:20:29Z</time>
      </trkpt>
      <trkpt lat="46.403460" lon="23.513763">
        <ele>890.756</ele>
        <time>2014-12-07T07:20:44Z</time>
      </trkpt>
      <trkpt lat="46.403432" lon="23.513617">
        <ele>892.244</ele>
        <time>2014-12-07T07:21:13Z</time>
      </trkpt>
      <trkpt lat="46.403434" lon="23.513479">
        <ele>893.605</ele>
        <time>2014-12-07T07:21:24Z</time>
      </trkpt>
      <trkpt lat="46.403435" lon="23.513285">
        <ele>895.115</ele>
        <time>2014-12-07T07:21:49Z</time>
      </trkpt>
      <trkpt lat="46.403541" lon="23.513243">
        <ele>896.508</ele>
        <time>2014-12-07T07:22:29Z</time>
      </trkpt>
      <trkpt lat="46.403522" lon="23.513418">
        <ele>899.915</ele>
        <time>2014-12-07T07:23:18Z</time>
      </trkpt>
      <trkpt lat="46.403611" lon="23.513358">
        <ele>901.881</ele>
        <time>2014-12-07T07:25:33Z</time>
      </trkpt>
      <trkpt lat="46.403668" lon="23.513193">
        <ele>903.743</ele>
        <time>2014-12-07T07:25:54Z</time>
      </trkpt>
      <trkpt lat="46.403726" lon="23.513068">
        <ele>905.695</ele>
        <time>2014-12-07T07:26:11Z</time>
      </trkpt>
      <trkpt lat="46.403767" lon="23.512935">
        <ele>907.555</ele>
        <time>2014-12-07T07:26:29Z</time>
      </trkpt>
      <trkpt lat="46.403796" lon="23.512806">
        <ele>909.576</ele>
        <time>2014-12-07T07:26:48Z</time>
      </trkpt>
      <trkpt lat="46.403713" lon="23.512860">
        <ele>911.427</ele>
        <time>2014-12-07T07:27:11Z</time>
      </trkpt>
      <trkpt lat="46.403604" lon="23.512890">
        <ele>913.323</ele>
        <time>2014-12-07T07:27:17Z</time>
      </trkpt>
      <trkpt lat="46.403725" lon="23.512845">
        <ele>915.253</ele>
        <time>2014-12-07T07:27:53Z</time>
      </trkpt>
      <trkpt lat="46.403765" lon="23.512722">
        <ele>919.304</ele>
        <time>2014-12-07T07:28:05Z</time>
      </trkpt>
      <trkpt lat="46.403724" lon="23.512597">
        <ele>923.414</ele>
        <time>2014-12-07T07:28:22Z</time>
      </trkpt>
      <trkpt lat="46.403675" lon="23.512486">
        <ele>925.508</ele>
        <time>2014-12-07T07:28:38Z</time>
      </trkpt>
      <trkpt lat="46.403633" lon="23.512365">
        <ele>927.796</ele>
        <time>2014-12-07T07:28:51Z</time>
      </trkpt>
      <trkpt lat="46.403636" lon="23.512216">
        <ele>930.532</ele>
        <time>2014-12-07T07:29:04Z</time>
      </trkpt>
      <trkpt lat="46.403643" lon="23.512083">
        <ele>933.474</ele>
        <time>2014-12-07T07:29:19Z</time>
      </trkpt>
      <trkpt lat="46.403641" lon="23.511924">
        <ele>936.216</ele>
        <time>2014-12-07T07:29:36Z</time>
      </trkpt>
      <trkpt lat="46.403687" lon="23.511810">
        <ele>939.066</ele>
        <time>2014-12-07T07:29:50Z</time>
      </trkpt>
      <trkpt lat="46.403760" lon="23.511726">
        <ele>942.577</ele>
        <time>2014-12-07T07:30:03Z</time>
      </trkpt>
      <trkpt lat="46.403833" lon="23.511635">
        <ele>945.938</ele>
        <time>2014-12-07T07:30:14Z</time>
      </trkpt>
      <trkpt lat="46.403860" lon="23.511503">
        <ele>949.424</ele>
        <time>2014-12-07T07:30:35Z</time>
      </trkpt>
      <trkpt lat="46.403805" lon="23.511397">
        <ele>950.663</ele>
        <time>2014-12-07T07:31:06Z</time>
      </trkpt>
      <trkpt lat="46.403859" lon="23.511275">
        <ele>951.944</ele>
        <time>2014-12-07T07:31:13Z</time>
      </trkpt>
      <trkpt lat="46.403862" lon="23.511123">
        <ele>953.218</ele>
        <time>2014-12-07T07:31:55Z</time>
      </trkpt>
      <trkpt lat="46.403891" lon="23.510999">
        <ele>955.508</ele>
        <time>2014-12-07T07:32:03Z</time>
      </trkpt>
      <trkpt lat="46.403921" lon="23.510866">
        <ele>957.317</ele>
        <time>2014-12-07T07:32:18Z</time>
      </trkpt>
      <trkpt lat="46.403861" lon="23.510761">
        <ele>959.073</ele>
        <time>2014-12-07T07:32:52Z</time>
      </trkpt>
      <trkpt lat="46.403904" lon="23.510646">
        <ele>960.735</ele>
        <time>2014-12-07T07:33:07Z</time>
      </trkpt>
      <trkpt lat="46.403937" lon="23.510522">
        <ele>962.537</ele>
        <time>2014-12-07T07:33:16Z</time>
      </trkpt>
      <trkpt lat="46.403980" lon="23.510398">
        <ele>963.577</ele>
        <time>2014-12-07T07:33:30Z</time>
      </trkpt>
      <trkpt lat="46.403941" lon="23.510249">
        <ele>966.998</ele>
        <time>2014-12-07T07:33:51Z</time>
      </trkpt>
      <trkpt lat="46.403922" lon="23.510120">
        <ele>970.829</ele>
        <time>2014-12-07T07:34:01Z</time>
      </trkpt>
      <trkpt lat="46.403923" lon="23.509958">
        <ele>974.785</ele>
        <time>2014-12-07T07:34:15Z</time>
      </trkpt>
      <trkpt lat="46.403894" lon="23.509832">
        <ele>978.651</ele>
        <time>2014-12-07T07:34:51Z</time>
      </trkpt>
      <trkpt lat="46.403884" lon="23.509696">
        <ele>982.501</ele>
        <time>2014-12-07T07:35:08Z</time>
      </trkpt>
      <trkpt lat="46.403812" lon="23.509617">
        <ele>985.411</ele>
        <time>2014-12-07T07:35:26Z</time>
      </trkpt>
      <trkpt lat="46.403729" lon="23.509532">
        <ele>988.208</ele>
        <time>2014-12-07T07:35:43Z</time>
      </trkpt>
      <trkpt lat="46.403654" lon="23.509453">
        <ele>993.136</ele>
        <time>2014-12-07T07:35:52Z</time>
      </trkpt>
      <trkpt lat="46.403586" lon="23.509365">
        <ele>998.022</ele>
        <time>2014-12-07T07:38:13Z</time>
      </trkpt>
      <trkpt lat="46.403607" lon="23.509209">
        <ele>1002.974</ele>
        <time>2014-12-07T07:38:40Z</time>
      </trkpt>
      <trkpt lat="46.403580" lon="23.509039">
        <ele>1007.866</ele>
        <time>2014-12-07T07:39:13Z</time>
      </trkpt>
      <trkpt lat="46.403529" lon="23.508930">
        <ele>1010.566</ele>
        <time>2014-12-07T07:39:22Z</time>
      </trkpt>
      <trkpt lat="46.403565" lon="23.508790">
        <ele>1012.597</ele>
        <time>2014-12-07T07:40:11Z</time>
      </trkpt>
      <trkpt lat="46.403522" lon="23.508666">
        <ele>1014.638</ele>
        <time>2014-12-07T07:40:57Z</time>
      </trkpt>
      <trkpt lat="46.403546" lon="23.508529">
        <ele>1016.714</ele>
        <time>2014-12-07T07:41:27Z</time>
      </trkpt>
      <trkpt lat="46.403636" lon="23.508580">
        <ele>1018.846</ele>
        <time>2014-12-07T07:41:58Z</time>
      </trkpt>
      <trkpt lat="46.403524" lon="23.508620">
        <ele>1020.988</ele>
        <time>2014-12-07T07:43:29Z</time>
      </trkpt>
      <trkpt lat="46.403597" lon="23.508527">
        <ele>1024.416</ele>
        <time>2014-12-07T07:44:02Z</time>
      </trkpt>
      <trkpt lat="46.403615" lon="23.508332">
        <ele>1025.708</ele>
        <time>2014-12-07T07:44:19Z</time>
      </trkpt>
      <trkpt lat="46.403681" lon="23.508211">
        <ele>1024.455</ele>
        <time>2014-12-07T07:44:36Z</time>
      </trkpt>
      <trkpt lat="46.403754" lon="23.508130">
        <ele>1023.011</ele>
        <time>2014-12-07T07:45:08Z</time>
      </trkpt>
      <trkpt lat="46.403752" lon="23.507991">
        <ele>1021.663</ele>
        <time>2014-12-07T07:45:22Z</time>
      </trkpt>
      <trkpt lat="46.403759" lon="23.507849">
        <ele>1020.395</ele>
        <time>2014-12-07T07:45:49Z</time>
      </trkpt>
      <trkpt lat="46.403763" lon="23.507704">
        <ele>1018.965</ele>
        <time>2014-12-07T07:46:05Z</time>
      </trkpt>
      <trkpt lat="46.403834" lon="23.507581">
        <ele>1017.576</ele>
        <time>2014-12-07T07:46:29Z</time>
      </trkpt>
      <trkpt lat="46.403905" lon="23.507497">
        <ele>1016.267</ele>
        <time>2014-12-07T07:47:09Z</time>
      </trkpt>
      <trkpt lat="46.403984" lon="23.507377">
        <ele>1014.853</ele>
        <time>2014-12-07T07:47:19Z</time>
      </trkpt>
      <trkpt lat="46.404075" lon="23.507343">
        <ele>1013.589</ele>
        <time>2014-12-07T07:47:52Z</time>
      </trkpt>
      <trkpt lat="46.404165" lon="23.507256">
        <ele>1010.706</ele>
        <time>2014-12-07T07:48:08Z</time>
      </trkpt>
      <trkpt lat="46.404242" lon="23.507157">
        <ele>1008.026</ele>
        <time>2014-12-07T07:48:20Z</time>
      </trkpt>
      <trkpt lat="46.404264" lon="23.507023">
        <ele>1009.208</ele>
        <time>2014-12-07T07:48:36Z</time>
      </trkpt>
      <trkpt lat="46.404327" lon="23.506918">
        <ele>1010.459</ele>
        <time>2014-12-07T07:48:50Z</time>
      </trkpt>
      <trkpt lat="46.404398" lon="23.506773">
        <ele>1011.575</ele>
        <time>2014-12-07T07:49:07Z</time>
      </trkpt>
      <trkpt lat="46.404469" lon="23.506686">
        <ele>1012.737</ele>
        <time>2014-12-07T07:49:27Z</time>
      </trkpt>
      <trkpt lat="46.404545" lon="23.506609">
        <ele>1014.529</ele>
        <time>2014-12-07T07:49:55Z</time>
      </trkpt>
      <trkpt lat="46.404631" lon="23.506529">
        <ele>1016.299</ele>
        <time>2014-12-07T07:50:05Z</time>
      </trkpt>
      <trkpt lat="46.404710" lon="23.506437">
        <ele>1017.480</ele>
        <time>2014-12-07T07:50:16Z</time>
      </trkpt>
      <trkpt lat="46.404798" lon="23.506359">
        <ele>1019.111</ele>
        <time>2014-12-07T07:50:32Z</time>
      </trkpt>
      <trkpt lat="46.404889" lon="23.506400">
        <ele>1020.867</ele>
        <time>2014-12-07T07:50:47Z</time>
      </trkpt>
      <trkpt lat="46.404934" lon="23.506286">
        <ele>1022.557</ele>
        <time>2014-12-07T07:51:44Z</time>
      </trkpt>
      <trkpt lat="46.405033" lon="23.506276">
        <ele>1024.300</ele>
        <time>2014-12-07T07:52:03Z</time>
      </trkpt>
      <trkpt lat="46.404983" lon="23.506422">
        <ele>1024.820</ele>
        <time>2014-12-07T07:53:09Z</time>
      </trkpt>
      <trkpt lat="46.404976" lon="23.506234">
        <ele>1025.408</ele>
        <time>2014-12-07T07:53:48Z</time>
      </trkpt>
      <trkpt lat="46.405031" lon="23.506131">
        <ele>1025.976</ele>
        <time>2014-12-07T07:54:20Z</time>
      </trkpt>
      <trkpt lat="46.405119" lon="23.506097">
        <ele>1026.532</ele>
        <time>2014-12-07T07:55:00Z</time>
      </trkpt>
      <trkpt lat="46.405205" lon="23.506179">
        <ele>1026.574</ele>
        <time>2014-12-07T07:55:29Z</time>
      </trkpt>
      <trkpt lat="46.405210" lon="23.506331">
        <ele>1026.576</ele>
        <time>2014-12-07T07:56:12Z</time>
      </trkpt>
      <trkpt lat="46.405118" lon="23.506313">
        <ele>1027.016</ele>
        <time>2014-12-07T07:56:33Z</time>
      </trkpt>
      <trkpt lat="46.405177" lon="23.506201">
        <ele>1027.077</ele>
        <time>2014-12-07T07:57:08Z</time>
      </trkpt>
      <trkpt lat="46.405275" lon="23.506112">
        <ele>1027.018</ele>
        <time>2014-12-07T07:57:17Z</time>
      </trkpt>
      <trkpt lat="46.405219" lon="23.506227">
        <ele>1027.074</ele>
        <time>2014-12-07T07:57:53Z</time>
      </trkpt>
      <trkpt lat="46.405127" lon="23.506223">
        <ele>1026.585</ele>
        <time>2014-12-07T07:58:07Z</time>
      </trkpt>
      <trkpt lat="46.405081" lon="23.506107">
        <ele>1025.989</ele>
        <time>2014-12-07T07:58:17Z</time>
      </trkpt>
      <trkpt lat="46.405080" lon="23.505961">
        <ele>1025.917</ele>
        <time>2014-12-07T07:58:33Z</time>
      </trkpt>
      <trkpt lat="46.405105" lon="23.506090">
        <ele>1025.908</ele>
        <time>2014-12-07T07:59:10Z</time>
      </trkpt>
      <trkpt lat="46.405122" lon="23.506223">
        <ele>1025.939</ele>
        <time>2014-12-07T07:59:31Z</time>
      </trkpt>
      <trkpt lat="46.405138" lon="23.506361">
        <ele>1027.575</ele>
        <time>2014-12-07T07:59:38Z</time>
      </trkpt>
      <trkpt lat="46.405223" lon="23.506416">
        <ele>1029.027</ele>
        <time>2014-12-07T08:00:22Z</time>
      </trkpt>
      <trkpt lat="46.405238" lon="23.506284">
        <ele>1030.529</ele>
        <time>2014-12-07T08:01:00Z</time>
      </trkpt>
      <trkpt lat="46.405302" lon="23.506124">
        <ele>1032.159</ele>
        <time>2014-12-07T08:01:29Z</time>
      </trkpt>
      <trkpt lat="46.405366" lon="23.506003">
        <ele>1033.640</ele>
        <time>2014-12-07T08:01:47Z</time>
      </trkpt>
      <trkpt lat="46.405479" lon="23.505953">
        <ele>1035.211</ele>
        <time>2014-12-07T08:02:07Z</time>
      </trkpt>
      <trkpt lat="46.405565" lon="23.505914">
        <ele>1037.327</ele>
        <time>2014-12-07T08:02:13Z</time>
      </trkpt>
      <trkpt lat="46.405620" lon="23.505745">
        <ele>1039.427</ele>
        <time>2014-12-07T08:02:26Z</time>
      </trkpt>
      <trkpt lat="46.405669" lon="23.505630">
        <ele>1040.968</ele>
        <time>2014-12-07T08:02:37Z</time>
      </trkpt>
      <trkpt lat="46.405666" lon="23.505489">
        <ele>1042.514</ele>
        <time>2014-12-07T08:02:45Z</time>
      </trkpt>
      <trkpt lat="46.405757" lon="23.505356">
        <ele>1044.008</ele>
        <time>2014-12-07T08:02:58Z</time>
      </trkpt>
      <trkpt lat="46.405798" lon="23.505210">
        <ele>1043.853</ele>
        <time>2014-12-07T08:03:06Z</time>
      </trkpt>
      <trkpt lat="46.405860" lon="23.505071">
        <ele>1043.619</ele>
        <time>2014-12-07T08:03:19Z</time>
      </trkpt>
      <trkpt lat="46.405924" lon="23.504949">
        <ele>1043.591</ele>
        <time>2014-12-07T08:03:36Z</time>
      </trkpt>
      <trkpt lat="46.405969" lon="23.504830">
        <ele>1043.393</ele>
        <time>2014-12-07T08:03:48Z</time>
      </trkpt>
      <trkpt lat="46.406019" lon="23.504708">
        <ele>1043.193</ele>
        <time>2014-12-07T08:03:58Z</time>
      </trkpt>
      <trkpt lat="46.406057" lon="23.504585">
        <ele>1042.994</ele>
        <time>2014-12-07T08:04:11Z</time>
      </trkpt>
      <trkpt lat="46.406027" lon="23.504455">
        <ele>1042.985</ele>
        <time>2014-12-07T08:04:34Z</time>
      </trkpt>
      <trkpt lat="46.405965" lon="23.504357">
        <ele>1042.971</ele>
        <time>2014-12-07T08:04:41Z</time>
      </trkpt>
      <trkpt lat="46.405902" lon="23.504238">
        <ele>1042.979</ele>
        <time>2014-12-07T08:04:56Z</time>
      </trkpt>
      <trkpt lat="46.405916" lon="23.504107">
        <ele>1042.905</ele>
        <time>2014-12-07T08:05:05Z</time>
      </trkpt>
      <trkpt lat="46.405922" lon="23.503975">
        <ele>1042.925</ele>
        <time>2014-12-07T08:05:12Z</time>
      </trkpt>
      <trkpt lat="46.405962" lon="23.503842">
        <ele>1043.108</ele>
        <time>2014-12-07T08:05:26Z</time>
      </trkpt>
      <trkpt lat="46.405984" lon="23.503704">
        <ele>1043.168</ele>
        <time>2014-12-07T08:05:40Z</time>
      </trkpt>
      <trkpt lat="46.406026" lon="23.503579">
        <ele>1043.164</ele>
        <time>2014-12-07T08:05:51Z</time>
      </trkpt>
      <trkpt lat="46.406111" lon="23.503536">
        <ele>1043.166</ele>
        <time>2014-12-07T08:06:00Z</time>
      </trkpt>
      <trkpt lat="46.406193" lon="23.503467">
        <ele>1043.198</ele>
        <time>2014-12-07T08:06:56Z</time>
      </trkpt>
      <trkpt lat="46.406260" lon="23.503367">
        <ele>1043.178</ele>
        <time>2014-12-07T08:07:08Z</time>
      </trkpt>
      <trkpt lat="46.406348" lon="23.503341">
        <ele>1042.979</ele>
        <time>2014-12-07T08:07:20Z</time>
      </trkpt>
      <trkpt lat="46.406426" lon="23.503260">
        <ele>1042.780</ele>
        <time>2014-12-07T08:07:32Z</time>
      </trkpt>
      <trkpt lat="46.406504" lon="23.503190">
        <ele>1043.066</ele>
        <time>2014-12-07T08:07:46Z</time>
      </trkpt>
      <trkpt lat="46.406594" lon="23.503144">
        <ele>1043.383</ele>
        <time>2014-12-07T08:07:58Z</time>
      </trkpt>
      <trkpt lat="46.406682" lon="23.503108">
        <ele>1043.725</ele>
        <time>2014-12-07T08:08:09Z</time>
      </trkpt>
      <trkpt lat="46.406778" lon="23.503068">
        <ele>1044.217</ele>
        <time>2014-12-07T08:08:19Z</time>
      </trkpt>
      <trkpt lat="46.406864" lon="23.502998">
        <ele>1044.808</ele>
        <time>2014-12-07T08:08:30Z</time>
      </trkpt>
      <trkpt lat="46.406942" lon="23.502911">
        <ele>1045.559</ele>
        <time>2014-12-07T08:08:43Z</time>
      </trkpt>
      <trkpt lat="46.407032" lon="23.502869">
        <ele>1046.175</ele>
        <time>2014-12-07T08:08:54Z</time>
      </trkpt>
      <trkpt lat="46.407124" lon="23.502881">
        <ele>1046.717</ele>
        <time>2014-12-07T08:09:51Z</time>
      </trkpt>
      <trkpt lat="46.407195" lon="23.502796">
        <ele>1047.479</ele>
        <time>2014-12-07T08:26:41Z</time>
      </trkpt>
      <trkpt lat="46.407271" lon="23.502706">
        <ele>1048.059</ele>
        <time>2014-12-07T08:26:51Z</time>
      </trkpt>
      <trkpt lat="46.407339" lon="23.502615">
        <ele>1048.680</ele>
        <time>2014-12-07T08:27:00Z</time>
      </trkpt>
      <trkpt lat="46.407425" lon="23.502539">
        <ele>1048.861</ele>
        <time>2014-12-07T08:27:09Z</time>
      </trkpt>
      <trkpt lat="46.407500" lon="23.502460">
        <ele>1050.117</ele>
        <time>2014-12-07T08:27:18Z</time>
      </trkpt>
      <trkpt lat="46.407602" lon="23.502434">
        <ele>1051.249</ele>
        <time>2014-12-07T08:27:26Z</time>
      </trkpt>
      <trkpt lat="46.407699" lon="23.502447">
        <ele>1052.302</ele>
        <time>2014-12-07T08:27:38Z</time>
      </trkpt>
      <trkpt lat="46.407792" lon="23.502426">
        <ele>1053.422</ele>
        <time>2014-12-07T08:27:48Z</time>
      </trkpt>
      <trkpt lat="46.407886" lon="23.502401">
        <ele>1054.508</ele>
        <time>2014-12-07T08:27:56Z</time>
      </trkpt>
      <trkpt lat="46.407981" lon="23.502400">
        <ele>1055.565</ele>
        <time>2014-12-07T08:28:06Z</time>
      </trkpt>
      <trkpt lat="46.408069" lon="23.502346">
        <ele>1056.751</ele>
        <time>2014-12-07T08:28:16Z</time>
      </trkpt>
      <trkpt lat="46.408156" lon="23.502282">
        <ele>1057.983</ele>
        <time>2014-12-07T08:28:25Z</time>
      </trkpt>
      <trkpt lat="46.408267" lon="23.502244">
        <ele>1059.115</ele>
        <time>2014-12-07T08:28:37Z</time>
      </trkpt>
      <trkpt lat="46.408349" lon="23.502175">
        <ele>1060.315</ele>
        <time>2014-12-07T08:28:47Z</time>
      </trkpt>
      <trkpt lat="46.408435" lon="23.502133">
        <ele>1061.526</ele>
        <time>2014-12-07T08:29:02Z</time>
      </trkpt>
      <trkpt lat="46.408516" lon="23.502060">
        <ele>1061.567</ele>
        <time>2014-12-07T08:29:10Z</time>
      </trkpt>
      <trkpt lat="46.408584" lon="23.501966">
        <ele>1061.633</ele>
        <time>2014-12-07T08:29:21Z</time>
      </trkpt>
      <trkpt lat="46.408654" lon="23.501873">
        <ele>1061.792</ele>
        <time>2014-12-07T08:29:32Z</time>
      </trkpt>
      <trkpt lat="46.408727" lon="23.501795">
        <ele>1062.373</ele>
        <time>2014-12-07T08:29:57Z</time>
      </trkpt>
      <trkpt lat="46.408735" lon="23.501658">
        <ele>1062.820</ele>
        <time>2014-12-07T08:30:09Z</time>
      </trkpt>
      <trkpt lat="46.408698" lon="23.501533">
        <ele>1063.408</ele>
        <time>2014-12-07T08:30:24Z</time>
      </trkpt>
      <trkpt lat="46.408658" lon="23.501411">
        <ele>1063.890</ele>
        <time>2014-12-07T08:31:19Z</time>
      </trkpt>
      <trkpt lat="46.408684" lon="23.501280">
        <ele>1066.116</ele>
        <time>2014-12-07T08:31:27Z</time>
      </trkpt>
      <trkpt lat="46.408707" lon="23.501140">
        <ele>1068.468</ele>
        <time>2014-12-07T08:31:37Z</time>
      </trkpt>
      <trkpt lat="46.408711" lon="23.500985">
        <ele>1070.250</ele>
        <time>2014-12-07T08:31:48Z</time>
      </trkpt>
      <trkpt lat="46.408731" lon="23.500853">
        <ele>1072.040</ele>
        <time>2014-12-07T08:31:57Z</time>
      </trkpt>
      <trkpt lat="46.408791" lon="23.500738">
        <ele>1073.861</ele>
        <time>2014-12-07T08:32:06Z</time>
      </trkpt>
      <trkpt lat="46.408846" lon="23.500630">
        <ele>1075.642</ele>
        <time>2014-12-07T08:32:14Z</time>
      </trkpt>
      <trkpt lat="46.408889" lon="23.500503">
        <ele>1077.528</ele>
        <time>2014-12-07T08:32:24Z</time>
      </trkpt>
      <trkpt lat="46.408959" lon="23.500412">
        <ele>1078.891</ele>
        <time>2014-12-07T08:32:33Z</time>
      </trkpt>
      <trkpt lat="46.409026" lon="23.500290">
        <ele>1080.281</ele>
        <time>2014-12-07T08:32:42Z</time>
      </trkpt>
      <trkpt lat="46.409085" lon="23.500190">
        <ele>1081.519</ele>
        <time>2014-12-07T08:32:51Z</time>
      </trkpt>
      <trkpt lat="46.409153" lon="23.500085">
        <ele>1083.308</ele>
        <time>2014-12-07T08:33:01Z</time>
      </trkpt>
      <trkpt lat="46.409227" lon="23.499990">
        <ele>1083.220</ele>
        <time>2014-12-07T08:33:11Z</time>
      </trkpt>
      <trkpt lat="46.409294" lon="23.499903">
        <ele>1084.566</ele>
        <time>2014-12-07T08:33:19Z</time>
      </trkpt>
      <trkpt lat="46.409359" lon="23.499800">
        <ele>1086.488</ele>
        <time>2014-12-07T08:33:34Z</time>
      </trkpt>
      <trkpt lat="46.409422" lon="23.499699">
        <ele>1088.210</ele>
        <time>2014-12-07T08:33:42Z</time>
      </trkpt>
      <trkpt lat="46.409482" lon="23.499590">
        <ele>1090.010</ele>
        <time>2014-12-07T08:33:52Z</time>
      </trkpt>
      <trkpt lat="46.409553" lon="23.499496">
        <ele>1091.851</ele>
        <time>2014-12-07T08:34:11Z</time>
      </trkpt>
      <trkpt lat="46.409625" lon="23.499395">
        <ele>1093.672</ele>
        <time>2014-12-07T08:34:21Z</time>
      </trkpt>
      <trkpt lat="46.409701" lon="23.499319">
        <ele>1095.568</ele>
        <time>2014-12-07T08:34:32Z</time>
      </trkpt>
      <trkpt lat="46.409781" lon="23.499238">
        <ele>1097.629</ele>
        <time>2014-12-07T08:34:43Z</time>
      </trkpt>
      <trkpt lat="46.409848" lon="23.499150">
        <ele>1099.800</ele>
        <time>2014-12-07T08:34:53Z</time>
      </trkpt>
      <trkpt lat="46.409908" lon="23.499049">
        <ele>1101.620</ele>
        <time>2014-12-07T08:35:02Z</time>
      </trkpt>
      <trkpt lat="46.409986" lon="23.498976">
        <ele>1103.508</ele>
        <time>2014-12-07T08:35:13Z</time>
      </trkpt>
      <trkpt lat="46.410055" lon="23.498874">
        <ele>1104.963</ele>
        <time>2014-12-07T08:35:24Z</time>
      </trkpt>
      <trkpt lat="46.410120" lon="23.498780">
        <ele>1106.429</ele>
        <time>2014-12-07T08:35:34Z</time>
      </trkpt>
      <trkpt lat="46.410192" lon="23.498696">
        <ele>1107.851</ele>
        <time>2014-12-07T08:35:46Z</time>
      </trkpt>
      <trkpt lat="46.410270" lon="23.498625">
        <ele>1109.393</ele>
        <time>2014-12-07T08:36:00Z</time>
      </trkpt>
      <trkpt lat="46.410360" lon="23.498585">
        <ele>1110.793</ele>
        <time>2014-12-07T08:36:11Z</time>
      </trkpt>
      <trkpt lat="46.410449" lon="23.498547">
        <ele>1112.254</ele>
        <time>2014-12-07T08:36:26Z</time>
      </trkpt>
      <trkpt lat="46.410540" lon="23.498534">
        <ele>1113.585</ele>
        <time>2014-12-07T08:36:46Z</time>
      </trkpt>
      <trkpt lat="46.410622" lon="23.498461">
        <ele>1114.471</ele>
        <time>2014-12-07T08:37:03Z</time>
      </trkpt>
      <trkpt lat="46.410689" lon="23.498375">
        <ele>1115.369</ele>
        <time>2014-12-07T08:37:25Z</time>
      </trkpt>
      <trkpt lat="46.410689" lon="23.498239">
        <ele>1116.204</ele>
        <time>2014-12-07T08:38:21Z</time>
      </trkpt>
      <trkpt lat="46.410717" lon="23.498101">
        <ele>1117.124</ele>
        <time>2014-12-07T08:39:13Z</time>
      </trkpt>
      <trkpt lat="46.410754" lon="23.497979">
        <ele>1116.908</ele>
        <time>2014-12-07T08:39:24Z</time>
      </trkpt>
      <trkpt lat="46.410771" lon="23.497834">
        <ele>1116.547</ele>
        <time>2014-12-07T08:39:33Z</time>
      </trkpt>
      <trkpt lat="46.410788" lon="23.497702">
        <ele>1116.063</ele>
        <time>2014-12-07T08:39:42Z</time>
      </trkpt>
      <trkpt lat="46.410820" lon="23.497578">
        <ele>1115.595</ele>
        <time>2014-12-07T08:39:52Z</time>
      </trkpt>
      <trkpt lat="46.410812" lon="23.497434">
        <ele>1115.167</ele>
        <time>2014-12-07T08:40:01Z</time>
      </trkpt>
      <trkpt lat="46.410796" lon="23.497292">
        <ele>1114.627</ele>
        <time>2014-12-07T08:40:12Z</time>
      </trkpt>
      <trkpt lat="46.410825" lon="23.497154">
        <ele>1114.478</ele>
        <time>2014-12-07T08:40:22Z</time>
      </trkpt>
      <trkpt lat="46.410865" lon="23.497022">
        <ele>1114.199</ele>
        <time>2014-12-07T08:40:31Z</time>
      </trkpt>
      <trkpt lat="46.410905" lon="23.496889">
        <ele>1113.375</ele>
        <time>2014-12-07T08:40:40Z</time>
      </trkpt>
      <trkpt lat="46.410954" lon="23.496765">
        <ele>1112.519</ele>
        <time>2014-12-07T08:40:49Z</time>
      </trkpt>
      <trkpt lat="46.410980" lon="23.496631">
        <ele>1111.609</ele>
        <time>2014-12-07T08:40:57Z</time>
      </trkpt>
      <trkpt lat="46.411027" lon="23.496510">
        <ele>1110.819</ele>
        <time>2014-12-07T08:41:06Z</time>
      </trkpt>
      <trkpt lat="46.411065" lon="23.496388">
        <ele>1110.008</ele>
        <time>2014-12-07T08:41:15Z</time>
      </trkpt>
      <trkpt lat="46.411115" lon="23.496270">
        <ele>1109.252</ele>
        <time>2014-12-07T08:41:24Z</time>
      </trkpt>
      <trkpt lat="46.411159" lon="23.496156">
        <ele>1108.468</ele>
        <time>2014-12-07T08:41:32Z</time>
      </trkpt>
      <trkpt lat="46.411206" lon="23.496029">
        <ele>1107.020</ele>
        <time>2014-12-07T08:41:42Z</time>
      </trkpt>
      <trkpt lat="46.411247" lon="23.495911">
        <ele>1105.682</ele>
        <time>2014-12-07T08:41:53Z</time>
      </trkpt>
      <trkpt lat="46.411289" lon="23.495789">
        <ele>1104.332</ele>
        <time>2014-12-07T08:42:01Z</time>
      </trkpt>
      <trkpt lat="46.411336" lon="23.495674">
        <ele>1102.973</ele>
        <time>2014-12-07T08:42:10Z</time>
      </trkpt>
      <trkpt lat="46.411388" lon="23.495553">
        <ele>1102.194</ele>
        <time>2014-12-07T08:42:18Z</time>
      </trkpt>
      <trkpt lat="46.411434" lon="23.495429">
        <ele>1101.330</ele>
        <time>2014-12-07T08:42:27Z</time>
      </trkpt>
      <trkpt lat="46.411478" lon="23.495305">
        <ele>1100.082</ele>
        <time>2014-12-07T08:42:36Z</time>
      </trkpt>
      <trkpt lat="46.411513" lon="23.495175">
        <ele>1098.743</ele>
        <time>2014-12-07T08:42:44Z</time>
      </trkpt>
      <trkpt lat="46.411559" lon="23.495050">
        <ele>1097.717</ele>
        <time>2014-12-07T08:42:55Z</time>
      </trkpt>
      <trkpt lat="46.411599" lon="23.494928">
        <ele>1096.708</ele>
        <time>2014-12-07T08:43:05Z</time>
      </trkpt>
      <trkpt lat="46.411640" lon="23.494803">
        <ele>1095.749</ele>
        <time>2014-12-07T08:43:16Z</time>
      </trkpt>
      <trkpt lat="46.411699" lon="23.494689">
        <ele>1095.385</ele>
        <time>2014-12-07T08:43:25Z</time>
      </trkpt>
      <trkpt lat="46.411764" lon="23.494578">
        <ele>1094.897</ele>
        <time>2014-12-07T08:43:34Z</time>
      </trkpt>
      <trkpt lat="46.411813" lon="23.494468">
        <ele>1094.479</ele>
        <time>2014-12-07T08:43:42Z</time>
      </trkpt>
      <trkpt lat="46.411873" lon="23.494354">
        <ele>1093.919</ele>
        <time>2014-12-07T08:43:50Z</time>
      </trkpt>
      <trkpt lat="46.411903" lon="23.494223">
        <ele>1093.580</ele>
        <time>2014-12-07T08:44:00Z</time>
      </trkpt>
      <trkpt lat="46.411911" lon="23.494078">
        <ele>1092.571</ele>
        <time>2014-12-07T08:44:06Z</time>
      </trkpt>
      <trkpt lat="46.411921" lon="23.493939">
        <ele>1092.127</ele>
        <time>2014-12-07T08:44:14Z</time>
      </trkpt>
      <trkpt lat="46.411951" lon="23.493812">
        <ele>1091.655</ele>
        <time>2014-12-07T08:44:21Z</time>
      </trkpt>
      <trkpt lat="46.411983" lon="23.493678">
        <ele>1091.207</ele>
        <time>2014-12-07T08:44:30Z</time>
      </trkpt>
      <trkpt lat="46.412018" lon="23.493558">
        <ele>1090.717</ele>
        <time>2014-12-07T08:44:41Z</time>
      </trkpt>
      <trkpt lat="46.412086" lon="23.493458">
        <ele>1090.308</ele>
        <time>2014-12-07T08:44:49Z</time>
      </trkpt>
      <trkpt lat="46.412169" lon="23.493397">
        <ele>1089.876</ele>
        <time>2014-12-07T08:44:57Z</time>
      </trkpt>
      <trkpt lat="46.412257" lon="23.493368">
        <ele>1089.452</ele>
        <time>2014-12-07T08:45:05Z</time>
      </trkpt>
      <trkpt lat="46.412354" lon="23.493353">
        <ele>1088.924</ele>
        <time>2014-12-07T08:45:15Z</time>
      </trkpt>
      <trkpt lat="46.412454" lon="23.493327">
        <ele>1088.496</ele>
        <time>2014-12-07T08:45:22Z</time>
      </trkpt>
      <trkpt lat="46.412500" lon="23.493214">
        <ele>1087.876</ele>
        <time>2014-12-07T08:45:32Z</time>
      </trkpt>
      <trkpt lat="46.412573" lon="23.493133">
        <ele>1087.727</ele>
        <time>2014-12-07T08:45:41Z</time>
      </trkpt>
      <trkpt lat="46.412653" lon="23.493044">
        <ele>1087.668</ele>
        <time>2014-12-07T08:45:50Z</time>
      </trkpt>
      <trkpt lat="46.412711" lon="23.492934">
        <ele>1087.554</ele>
        <time>2014-12-07T08:45:58Z</time>
      </trkpt>
      <trkpt lat="46.412736" lon="23.492801">
        <ele>1087.148</ele>
        <time>2014-12-07T08:46:09Z</time>
      </trkpt>
      <trkpt lat="46.412761" lon="23.492667">
        <ele>1086.661</ele>
        <time>2014-12-07T08:46:18Z</time>
      </trkpt>
      <trkpt lat="46.412813" lon="23.492550">
        <ele>1086.017</ele>
        <time>2014-12-07T08:46:29Z</time>
      </trkpt>
      <trkpt lat="46.412887" lon="23.492459">
        <ele>1085.408</ele>
        <time>2014-12-07T08:46:37Z</time>
      </trkpt>
      <trkpt lat="46.412942" lon="23.492353">
        <ele>1084.755</ele>
        <time>2014-12-07T08:46:45Z</time>
      </trkpt>
      <trkpt lat="46.413014" lon="23.492257">
        <ele>1084.121</ele>
        <time>2014-12-07T08:46:53Z</time>
      </trkpt>
      <trkpt lat="46.413082" lon="23.492141">
        <ele>1083.593</ele>
        <time>2014-12-07T08:47:05Z</time>
      </trkpt>
      <trkpt lat="46.413143" lon="23.492037">
        <ele>1083.095</ele>
        <time>2014-12-07T08:47:14Z</time>
      </trkpt>
      <trkpt lat="46.413209" lon="23.491937">
        <ele>1082.565</ele>
        <time>2014-12-07T08:47:21Z</time>
      </trkpt>
      <trkpt lat="46.413276" lon="23.491836">
        <ele>1081.936</ele>
        <time>2014-12-07T08:47:30Z</time>
      </trkpt>
      <trkpt lat="46.413358" lon="23.491760">
        <ele>1081.417</ele>
        <time>2014-12-07T08:47:39Z</time>
      </trkpt>
      <trkpt lat="46.413444" lon="23.491712">
        <ele>1081.143</ele>
        <time>2014-12-07T08:47:48Z</time>
      </trkpt>
      <trkpt lat="46.413532" lon="23.491669">
        <ele>1081.157</ele>
        <time>2014-12-07T08:47:56Z</time>
      </trkpt>
      <trkpt lat="46.413615" lon="23.491611">
        <ele>1081.300</ele>
        <time>2014-12-07T08:48:07Z</time>
      </trkpt>
      <trkpt lat="46.413697" lon="23.491548">
        <ele>1081.520</ele>
        <time>2014-12-07T08:48:18Z</time>
      </trkpt>
      <trkpt lat="46.413765" lon="23.491457">
        <ele>1081.608</ele>
        <time>2014-12-07T08:48:30Z</time>
      </trkpt>
      <trkpt lat="46.413820" lon="23.491351">
        <ele>1081.896</ele>
        <time>2014-12-07T08:48:43Z</time>
      </trkpt>
      <trkpt lat="46.413897" lon="23.491263">
        <ele>1082.092</ele>
        <time>2014-12-07T08:48:53Z</time>
      </trkpt>
      <trkpt lat="46.413972" lon="23.491185">
        <ele>1082.224</ele>
        <time>2014-12-07T08:49:02Z</time>
      </trkpt>
      <trkpt lat="46.414026" lon="23.491069">
        <ele>1082.466</ele>
        <time>2014-12-07T08:49:10Z</time>
      </trkpt>
      <trkpt lat="46.414030" lon="23.490927">
        <ele>1083.736</ele>
        <time>2014-12-07T08:49:37Z</time>
      </trkpt>
      <trkpt lat="46.414079" lon="23.490816">
        <ele>1085.157</ele>
        <time>2014-12-07T08:49:47Z</time>
      </trkpt>
      <trkpt lat="46.414120" lon="23.490695">
        <ele>1086.588</ele>
        <time>2014-12-07T08:49:57Z</time>
      </trkpt>
      <trkpt lat="46.414175" lon="23.490579">
        <ele>1087.744</ele>
        <time>2014-12-07T08:50:08Z</time>
      </trkpt>
      <trkpt lat="46.414234" lon="23.490466">
        <ele>1088.949</ele>
        <time>2014-12-07T08:50:18Z</time>
      </trkpt>
      <trkpt lat="46.414297" lon="23.490358">
        <ele>1089.702</ele>
        <time>2014-12-07T08:50:27Z</time>
      </trkpt>
      <trkpt lat="46.414357" lon="23.490246">
        <ele>1090.522</ele>
        <time>2014-12-07T08:50:36Z</time>
      </trkpt>
      <trkpt lat="46.414417" lon="23.490143">
        <ele>1091.408</ele>
        <time>2014-12-07T08:50:46Z</time>
      </trkpt>
      <trkpt lat="46.414505" lon="23.490085">
        <ele>1093.475</ele>
        <time>2014-12-07T08:51:33Z</time>
      </trkpt>
      <trkpt lat="46.414595" lon="23.490029">
        <ele>1095.421</ele>
        <time>2014-12-07T08:52:24Z</time>
      </trkpt>
      <trkpt lat="46.414668" lon="23.489937">
        <ele>1097.413</ele>
        <time>2014-12-07T08:52:34Z</time>
      </trkpt>
      <trkpt lat="46.414710" lon="23.489816">
        <ele>1098.265</ele>
        <time>2014-12-07T08:52:46Z</time>
      </trkpt>
      <trkpt lat="46.414736" lon="23.489681">
        <ele>1099.015</ele>
        <time>2014-12-07T08:53:01Z</time>
      </trkpt>
      <trkpt lat="46.414730" lon="23.489539">
        <ele>1099.896</ele>
        <time>2014-12-07T08:53:14Z</time>
      </trkpt>
      <trkpt lat="46.414749" lon="23.489409">
        <ele>1101.177</ele>
        <time>2014-12-07T08:53:23Z</time>
      </trkpt>
      <trkpt lat="46.414771" lon="23.489281">
        <ele>1102.493</ele>
        <time>2014-12-07T08:53:33Z</time>
      </trkpt>
      <trkpt lat="46.414757" lon="23.489147">
        <ele>1104.019</ele>
        <time>2014-12-07T08:53:44Z</time>
      </trkpt>
      <trkpt lat="46.414752" lon="23.489004">
        <ele>1105.609</ele>
        <time>2014-12-07T08:53:56Z</time>
      </trkpt>
      <trkpt lat="46.414763" lon="23.488867">
        <ele>1107.319</ele>
        <time>2014-12-07T08:54:05Z</time>
      </trkpt>
      <trkpt lat="46.414806" lon="23.488751">
        <ele>1107.708</ele>
        <time>2014-12-07T08:54:16Z</time>
      </trkpt>
      <trkpt lat="46.414813" lon="23.488617">
        <ele>1108.242</ele>
        <time>2014-12-07T08:54:29Z</time>
      </trkpt>
      <trkpt lat="46.414806" lon="23.488484">
        <ele>1109.388</ele>
        <time>2014-12-07T08:54:39Z</time>
      </trkpt>
      <trkpt lat="46.414854" lon="23.488364">
        <ele>1110.440</ele>
        <time>2014-12-07T08:54:53Z</time>
      </trkpt>
      <trkpt lat="46.414895" lon="23.488233">
        <ele>1111.542</ele>
        <time>2014-12-07T08:55:03Z</time>
      </trkpt>
      <trkpt lat="46.414962" lon="23.488136">
        <ele>1112.592</ele>
        <time>2014-12-07T08:55:10Z</time>
      </trkpt>
      <trkpt lat="46.415000" lon="23.488013">
        <ele>1113.213</ele>
        <time>2014-12-07T08:55:19Z</time>
      </trkpt>
      <trkpt lat="46.415032" lon="23.487888">
        <ele>1113.894</ele>
        <time>2014-12-07T08:55:30Z</time>
      </trkpt>
      <trkpt lat="46.415091" lon="23.487790">
        <ele>1115.620</ele>
        <time>2014-12-07T08:55:46Z</time>
      </trkpt>
      <trkpt lat="46.415070" lon="23.487645">
        <ele>1116.347</ele>
        <time>2014-12-07T08:56:00Z</time>
      </trkpt>
      <trkpt lat="46.415059" lon="23.487515">
        <ele>1118.129</ele>
        <time>2014-12-07T08:56:17Z</time>
      </trkpt>
      <trkpt lat="46.415041" lon="23.487384">
        <ele>1119.921</ele>
        <time>2014-12-07T08:56:36Z</time>
      </trkpt>
      <trkpt lat="46.415028" lon="23.487255">
        <ele>1121.708</ele>
        <time>2014-12-07T08:56:53Z</time>
      </trkpt>
      <trkpt lat="46.415007" lon="23.487125">
        <ele>1122.975</ele>
        <time>2014-12-07T08:57:06Z</time>
      </trkpt>
      <trkpt lat="46.414940" lon="23.487242">
        <ele>1124.141</ele>
        <time>2014-12-07T09:00:26Z</time>
      </trkpt>
      <trkpt lat="46.414953" lon="23.487111">
        <ele>1125.393</ele>
        <time>2014-12-07T09:02:53Z</time>
      </trkpt>
      <trkpt lat="46.414896" lon="23.486976">
        <ele>1127.745</ele>
        <time>2014-12-07T09:03:08Z</time>
      </trkpt>
      <trkpt lat="46.414850" lon="23.486861">
        <ele>1130.235</ele>
        <time>2014-12-07T09:03:17Z</time>
      </trkpt>
      <trkpt lat="46.414818" lon="23.486727">
        <ele>1132.676</ele>
        <time>2014-12-07T09:03:34Z</time>
      </trkpt>
      <trkpt lat="46.414814" lon="23.486596">
        <ele>1133.957</ele>
        <time>2014-12-07T09:03:52Z</time>
      </trkpt>
      <trkpt lat="46.414798" lon="23.486434">
        <ele>1136.493</ele>
        <time>2014-12-07T09:04:19Z</time>
      </trkpt>
      <trkpt lat="46.414812" lon="23.486300">
        <ele>1137.627</ele>
        <time>2014-12-07T09:04:36Z</time>
      </trkpt>
      <trkpt lat="46.414809" lon="23.486166">
        <ele>1138.968</ele>
        <time>2014-12-07T09:04:56Z</time>
      </trkpt>
      <trkpt lat="46.414839" lon="23.486040">
        <ele>1141.314</ele>
        <time>2014-12-07T09:05:11Z</time>
      </trkpt>
      <trkpt lat="46.414890" lon="23.485912">
        <ele>1143.608</ele>
        <time>2014-12-07T09:05:27Z</time>
      </trkpt>
      <trkpt lat="46.414858" lon="23.485787">
        <ele>1146.033</ele>
        <time>2014-12-07T09:05:52Z</time>
      </trkpt>
      <trkpt lat="46.414886" lon="23.485650">
        <ele>1148.469</ele>
        <time>2014-12-07T09:06:12Z</time>
      </trkpt>
      <trkpt lat="46.414947" lon="23.485552">
        <ele>1149.531</ele>
        <time>2014-12-07T09:06:26Z</time>
      </trkpt>
      <trkpt lat="46.414947" lon="23.485410">
        <ele>1150.553</ele>
        <time>2014-12-07T09:06:33Z</time>
      </trkpt>
      <trkpt lat="46.414993" lon="23.485287">
        <ele>1151.663</ele>
        <time>2014-12-07T09:06:45Z</time>
      </trkpt>
      <trkpt lat="46.415023" lon="23.485164">
        <ele>1154.054</ele>
        <time>2014-12-07T09:06:56Z</time>
      </trkpt>
      <trkpt lat="46.415074" lon="23.485047">
        <ele>1156.455</ele>
        <time>2014-12-07T09:07:14Z</time>
      </trkpt>
      <trkpt lat="46.415155" lon="23.484987">
        <ele>1157.391</ele>
        <time>2014-12-07T09:07:26Z</time>
      </trkpt>
      <trkpt lat="46.415231" lon="23.484884">
        <ele>1158.283</ele>
        <time>2014-12-07T09:08:00Z</time>
      </trkpt>
      <trkpt lat="46.415278" lon="23.484762">
        <ele>1158.025</ele>
        <time>2014-12-07T09:08:11Z</time>
      </trkpt>
      <trkpt lat="46.415327" lon="23.484643">
        <ele>1157.817</ele>
        <time>2014-12-07T09:08:23Z</time>
      </trkpt>
      <trkpt lat="46.415395" lon="23.484548">
        <ele>1157.608</ele>
        <time>2014-12-07T09:12:23Z</time>
      </trkpt>
      <trkpt lat="46.415448" lon="23.484438">
        <ele>1157.539</ele>
        <time>2014-12-07T09:12:35Z</time>
      </trkpt>
      <trkpt lat="46.415524" lon="23.484361">
        <ele>1157.375</ele>
        <time>2014-12-07T09:12:48Z</time>
      </trkpt>
      <trkpt lat="46.415606" lon="23.484296">
        <ele>1157.167</ele>
        <time>2014-12-07T09:13:01Z</time>
      </trkpt>
      <trkpt lat="46.415688" lon="23.484230">
        <ele>1156.979</ele>
        <time>2014-12-07T09:13:11Z</time>
      </trkpt>
      <trkpt lat="46.415761" lon="23.484151">
        <ele>1155.569</ele>
        <time>2014-12-07T09:13:21Z</time>
      </trkpt>
      <trkpt lat="46.415845" lon="23.484098">
        <ele>1154.430</ele>
        <time>2014-12-07T09:13:32Z</time>
      </trkpt>
      <trkpt lat="46.415934" lon="23.484157">
        <ele>1154.761</ele>
        <time>2014-12-07T09:13:45Z</time>
      </trkpt>
      <trkpt lat="46.416024" lon="23.484127">
        <ele>1155.177</ele>
        <time>2014-12-07T09:13:53Z</time>
      </trkpt>
      <trkpt lat="46.416092" lon="23.484034">
        <ele>1155.581</ele>
        <time>2014-12-07T09:14:02Z</time>
      </trkpt>
      <trkpt lat="46.416130" lon="23.483906">
        <ele>1155.861</ele>
        <time>2014-12-07T09:14:14Z</time>
      </trkpt>
      <trkpt lat="46.416121" lon="23.483769">
        <ele>1156.217</ele>
        <time>2014-12-07T09:14:25Z</time>
      </trkpt>
      <trkpt lat="46.416111" lon="23.483627">
        <ele>1155.808</ele>
        <time>2014-12-07T09:14:37Z</time>
      </trkpt>
      <trkpt lat="46.416133" lon="23.483500">
        <ele>1154.969</ele>
        <time>2014-12-07T09:14:46Z</time>
      </trkpt>
      <trkpt lat="46.416148" lon="23.483339">
        <ele>1154.035</ele>
        <time>2014-12-07T09:15:01Z</time>
      </trkpt>
      <trkpt lat="46.416196" lon="23.483201">
        <ele>1153.147</ele>
        <time>2014-12-07T09:15:09Z</time>
      </trkpt>
      <trkpt lat="46.416246" lon="23.483090">
        <ele>1152.259</ele>
        <time>2014-12-07T09:15:17Z</time>
      </trkpt>
      <trkpt lat="46.416314" lon="23.482993">
        <ele>1150.939</ele>
        <time>2014-12-07T09:15:24Z</time>
      </trkpt>
      <trkpt lat="46.416379" lon="23.482826">
        <ele>1149.610</ele>
        <time>2014-12-07T09:15:47Z</time>
      </trkpt>
      <trkpt lat="46.416400" lon="23.482654">
        <ele>1148.361</ele>
        <time>2014-12-07T09:15:58Z</time>
      </trkpt>
      <trkpt lat="46.416401" lon="23.482522">
        <ele>1146.977</ele>
        <time>2014-12-07T09:16:07Z</time>
      </trkpt>
      <trkpt lat="46.416441" lon="23.482402">
        <ele>1145.542</ele>
        <time>2014-12-07T09:16:16Z</time>
      </trkpt>
      <trkpt lat="46.416464" lon="23.482261">
        <ele>1144.222</ele>
        <time>2014-12-07T09:16:28Z</time>
      </trkpt>
      <trkpt lat="46.416441" lon="23.482129">
        <ele>1145.314</ele>
        <time>2014-12-07T09:16:44Z</time>
      </trkpt>
      <trkpt lat="46.416392" lon="23.482003">
        <ele>1146.908</ele>
        <time>2014-12-07T09:16:58Z</time>
      </trkpt>
      <trkpt lat="46.416365" lon="23.481864">
        <ele>1148.375</ele>
        <time>2014-12-07T09:17:12Z</time>
      </trkpt>
      <trkpt lat="46.416308" lon="23.481758">
        <ele>1149.621</ele>
        <time>2014-12-07T09:17:20Z</time>
      </trkpt>
      <trkpt lat="46.416286" lon="23.481632">
        <ele>1151.073</ele>
        <time>2014-12-07T09:17:28Z</time>
      </trkpt>
      <trkpt lat="46.416254" lon="23.481478">
        <ele>1152.485</ele>
        <time>2014-12-07T09:17:39Z</time>
      </trkpt>
      <trkpt lat="46.416245" lon="23.481344">
        <ele>1153.735</ele>
        <time>2014-12-07T09:17:56Z</time>
      </trkpt>
      <trkpt lat="46.416215" lon="23.481219">
        <ele>1155.266</ele>
        <time>2014-12-07T09:18:11Z</time>
      </trkpt>
      <trkpt lat="46.416208" lon="23.481067">
        <ele>1156.817</ele>
        <time>2014-12-07T09:18:23Z</time>
      </trkpt>
      <trkpt lat="46.416243" lon="23.480940">
        <ele>1158.553</ele>
        <time>2014-12-07T09:18:33Z</time>
      </trkpt>
      <trkpt lat="46.416209" lon="23.480807">
        <ele>1160.111</ele>
        <time>2014-12-07T09:18:51Z</time>
      </trkpt>
      <trkpt lat="46.416158" lon="23.480684">
        <ele>1160.021</ele>
        <time>2014-12-07T09:19:02Z</time>
      </trkpt>
      <trkpt lat="46.416157" lon="23.480540">
        <ele>1159.903</ele>
        <time>2014-12-07T09:19:18Z</time>
      </trkpt>
      <trkpt lat="46.416165" lon="23.480407">
        <ele>1160.108</ele>
        <time>2014-12-07T09:19:28Z</time>
      </trkpt>
      <trkpt lat="46.416206" lon="23.480290">
        <ele>1160.392</ele>
        <time>2014-12-07T09:19:44Z</time>
      </trkpt>
      <trkpt lat="46.416144" lon="23.480192">
        <ele>1160.278</ele>
        <time>2014-12-07T09:19:53Z</time>
      </trkpt>
      <trkpt lat="46.416092" lon="23.480068">
        <ele>1160.160</ele>
        <time>2014-12-07T09:19:58Z</time>
      </trkpt>
      <trkpt lat="46.416027" lon="23.479961">
        <ele>1160.012</ele>
        <time>2014-12-07T09:20:06Z</time>
      </trkpt>
      <trkpt lat="46.415983" lon="23.479847">
        <ele>1159.932</ele>
        <time>2014-12-07T09:20:14Z</time>
      </trkpt>
      <trkpt lat="46.416011" lon="23.479717">
        <ele>1159.693</ele>
        <time>2014-12-07T09:20:23Z</time>
      </trkpt>
      <trkpt lat="46.416018" lon="23.479584">
        <ele>1159.454</ele>
        <time>2014-12-07T09:20:32Z</time>
      </trkpt>
      <trkpt lat="46.416050" lon="23.479458">
        <ele>1158.420</ele>
        <time>2014-12-07T09:20:42Z</time>
      </trkpt>
      <trkpt lat="46.416040" lon="23.479323">
        <ele>1157.438</ele>
        <time>2014-12-07T09:20:52Z</time>
      </trkpt>
      <trkpt lat="46.416037" lon="23.479178">
        <ele>1156.470</ele>
        <time>2014-12-07T09:21:05Z</time>
      </trkpt>
      <trkpt lat="46.416044" lon="23.479037">
        <ele>1155.417</ele>
        <time>2014-12-07T09:21:14Z</time>
      </trkpt>
      <trkpt lat="46.416084" lon="23.478909">
        <ele>1154.408</ele>
        <time>2014-12-07T09:21:27Z</time>
      </trkpt>
      <trkpt lat="46.416126" lon="23.478784">
        <ele>1153.634</ele>
        <time>2014-12-07T09:21:38Z</time>
      </trkpt>
      <trkpt lat="46.416144" lon="23.478647">
        <ele>1152.390</ele>
        <time>2014-12-07T09:22:05Z</time>
      </trkpt>
      <trkpt lat="46.416195" lon="23.478523">
        <ele>1150.912</ele>
        <time>2014-12-07T09:22:15Z</time>
      </trkpt>
      <trkpt lat="46.416208" lon="23.478389">
        <ele>1149.584</ele>
        <time>2014-12-07T09:22:24Z</time>
      </trkpt>
      <trkpt lat="46.416196" lon="23.478258">
        <ele>1148.284</ele>
        <time>2014-12-07T09:22:33Z</time>
      </trkpt>
      <trkpt lat="46.416151" lon="23.478029">
        <ele>1146.835</ele>
        <time>2014-12-07T09:22:49Z</time>
      </trkpt>
      <trkpt lat="46.416111" lon="23.477900">
        <ele>1146.266</ele>
        <time>2014-12-07T09:23:00Z</time>
      </trkpt>
      <trkpt lat="46.416078" lon="23.477767">
        <ele>1145.532</ele>
        <time>2014-12-07T09:23:10Z</time>
      </trkpt>
      <trkpt lat="46.416038" lon="23.477643">
        <ele>1144.297</ele>
        <time>2014-12-07T09:23:21Z</time>
      </trkpt>
      <trkpt lat="46.415976" lon="23.477539">
        <ele>1142.823</ele>
        <time>2014-12-07T09:23:35Z</time>
      </trkpt>
      <trkpt lat="46.415998" lon="23.477406">
        <ele>1141.525</ele>
        <time>2014-12-07T09:23:47Z</time>
      </trkpt>
      <trkpt lat="46.416008" lon="23.477271">
        <ele>1140.108</ele>
        <time>2014-12-07T09:23:54Z</time>
      </trkpt>
      <trkpt lat="46.415923" lon="23.477204">
        <ele>1139.440</ele>
        <time>2014-12-07T09:24:01Z</time>
      </trkpt>
      <trkpt lat="46.415846" lon="23.477104">
        <ele>1138.696</ele>
        <time>2014-12-07T09:24:08Z</time>
      </trkpt>
      <trkpt lat="46.415807" lon="23.476920">
        <ele>1135.378</ele>
        <time>2014-12-07T09:24:56Z</time>
      </trkpt>
      <trkpt lat="46.415772" lon="23.476787">
        <ele>1131.960</ele>
        <time>2014-12-07T09:25:19Z</time>
      </trkpt>
      <trkpt lat="46.415772" lon="23.476646">
        <ele>1128.510</ele>
        <time>2014-12-07T09:25:24Z</time>
      </trkpt>
      <trkpt lat="46.415758" lon="23.476512">
        <ele>1125.271</ele>
        <time>2014-12-07T09:25:37Z</time>
      </trkpt>
      <trkpt lat="46.415739" lon="23.476379">
        <ele>1121.712</ele>
        <time>2014-12-07T09:26:00Z</time>
      </trkpt>
      <trkpt lat="46.415743" lon="23.476237">
        <ele>1119.098</ele>
        <time>2014-12-07T09:26:22Z</time>
      </trkpt>
      <trkpt lat="46.415652" lon="23.476212">
        <ele>1116.369</ele>
        <time>2014-12-07T09:26:51Z</time>
      </trkpt>
      <trkpt lat="46.415552" lon="23.476206">
        <ele>1113.504</ele>
        <time>2014-12-07T09:27:07Z</time>
      </trkpt>
      <trkpt lat="46.415457" lon="23.476215">
        <ele>1110.824</ele>
        <time>2014-12-07T09:27:16Z</time>
      </trkpt>
      <trkpt lat="46.415367" lon="23.476179">
        <ele>1108.108</ele>
        <time>2014-12-07T09:27:30Z</time>
      </trkpt>
      <trkpt lat="46.415279" lon="23.476228">
        <ele>1105.437</ele>
        <time>2014-12-07T09:27:45Z</time>
      </trkpt>
      <trkpt lat="46.415197" lon="23.476286">
        <ele>1105.353</ele>
        <time>2014-12-07T09:28:07Z</time>
      </trkpt>
      <trkpt lat="46.415102" lon="23.476303">
        <ele>1105.245</ele>
        <time>2014-12-07T09:28:16Z</time>
      </trkpt>
      <trkpt lat="46.415006" lon="23.476319">
        <ele>1104.977</ele>
        <time>2014-12-07T09:28:35Z</time>
      </trkpt>
      <trkpt lat="46.414914" lon="23.476325">
        <ele>1104.657</ele>
        <time>2014-12-07T09:28:41Z</time>
      </trkpt>
      <trkpt lat="46.414819" lon="23.476339">
        <ele>1104.518</ele>
        <time>2014-12-07T09:28:50Z</time>
      </trkpt>
      <trkpt lat="46.414726" lon="23.476311">
        <ele>1107.539</ele>
        <time>2014-12-07T09:29:07Z</time>
      </trkpt>
      <trkpt lat="46.414636" lon="23.476335">
        <ele>1110.525</ele>
        <time>2014-12-07T09:29:21Z</time>
      </trkpt>
      <trkpt lat="46.414542" lon="23.476320">
        <ele>1113.533</ele>
        <time>2014-12-07T09:29:34Z</time>
      </trkpt>
      <trkpt lat="46.414446" lon="23.476324">
        <ele>1116.523</ele>
        <time>2014-12-07T09:29:39Z</time>
      </trkpt>
      <trkpt lat="46.414351" lon="23.476330">
        <ele>1119.515</ele>
        <time>2014-12-07T09:29:51Z</time>
      </trkpt>
      <trkpt lat="46.414254" lon="23.476343">
        <ele>1119.308</ele>
        <time>2014-12-07T09:30:00Z</time>
      </trkpt>
      <trkpt lat="46.414162" lon="23.476372">
        <ele>1120.524</ele>
        <time>2014-12-07T09:30:15Z</time>
      </trkpt>
      <trkpt lat="46.414063" lon="23.476364">
        <ele>1121.690</ele>
        <time>2014-12-07T09:30:32Z</time>
      </trkpt>
      <trkpt lat="46.413973" lon="23.476406">
        <ele>1123.092</ele>
        <time>2014-12-07T09:30:43Z</time>
      </trkpt>
      <trkpt lat="46.413887" lon="23.476349">
        <ele>1124.444</ele>
        <time>2014-12-07T09:30:56Z</time>
      </trkpt>
      <trkpt lat="46.413811" lon="23.476271">
        <ele>1125.774</ele>
        <time>2014-12-07T09:31:07Z</time>
      </trkpt>
      <trkpt lat="46.413745" lon="23.476172">
        <ele>1123.995</ele>
        <time>2014-12-07T09:31:21Z</time>
      </trkpt>
      <trkpt lat="46.413670" lon="23.476083">
        <ele>1122.186</ele>
        <time>2014-12-07T09:31:34Z</time>
      </trkpt>
      <trkpt lat="46.413589" lon="23.476026">
        <ele>1117.932</ele>
        <time>2014-12-07T09:31:49Z</time>
      </trkpt>
      <trkpt lat="46.413513" lon="23.475952">
        <ele>1113.716</ele>
        <time>2014-12-07T09:32:05Z</time>
      </trkpt>
      <trkpt lat="46.413461" lon="23.475841">
        <ele>1109.576</ele>
        <time>2014-12-07T09:32:27Z</time>
      </trkpt>
      <trkpt lat="46.413440" lon="23.475708">
        <ele>1108.513</ele>
        <time>2014-12-07T09:32:54Z</time>
      </trkpt>
      <trkpt lat="46.413419" lon="23.475575">
        <ele>1106.208</ele>
        <time>2014-12-07T09:33:11Z</time>
      </trkpt>
      <trkpt lat="46.413430" lon="23.475369">
        <ele>1103.882</ele>
        <time>2014-12-07T09:33:40Z</time>
      </trkpt>
      <trkpt lat="46.413415" lon="23.475235">
        <ele>1101.538</ele>
        <time>2014-12-07T09:34:11Z</time>
      </trkpt>
      <trkpt lat="46.413387" lon="23.475366">
        <ele>1099.190</ele>
        <time>2014-12-07T09:34:52Z</time>
      </trkpt>
      <trkpt lat="46.413292" lon="23.475458">
        <ele>1096.752</ele>
        <time>2014-12-07T09:35:08Z</time>
      </trkpt>
      <trkpt lat="46.413259" lon="23.475332">
        <ele>1086.282</ele>
        <time>2014-12-07T09:35:31Z</time>
      </trkpt>
      <trkpt lat="46.413255" lon="23.475200">
        <ele>1083.833</ele>
        <time>2014-12-07T09:36:14Z</time>
      </trkpt>
      <trkpt lat="46.413222" lon="23.475077">
        <ele>1083.814</ele>
        <time>2014-12-07T09:36:47Z</time>
      </trkpt>
      <trkpt lat="46.413269" lon="23.474955">
        <ele>1083.820</ele>
        <time>2014-12-07T09:37:03Z</time>
      </trkpt>
      <trkpt lat="46.413287" lon="23.474819">
        <ele>1083.896</ele>
        <time>2014-12-07T09:37:27Z</time>
      </trkpt>
      <trkpt lat="46.413330" lon="23.474696">
        <ele>1083.831</ele>
        <time>2014-12-07T09:45:00Z</time>
      </trkpt>
      <trkpt lat="46.413302" lon="23.474834">
        <ele>1083.824</ele>
        <time>2014-12-07T09:52:42Z</time>
      </trkpt>
      <trkpt lat="46.413339" lon="23.474955">
        <ele>1083.808</ele>
        <time>2014-12-07T09:53:11Z</time>
      </trkpt>
      <trkpt lat="46.413274" lon="23.475068">
        <ele>1083.870</ele>
        <time>2014-12-07T09:53:20Z</time>
      </trkpt>
      <trkpt lat="46.413215" lon="23.475174">
        <ele>1083.876</ele>
        <time>2014-12-07T09:53:27Z</time>
      </trkpt>
      <trkpt lat="46.413182" lon="23.475306">
        <ele>1083.878</ele>
        <time>2014-12-07T09:53:44Z</time>
      </trkpt>
      <trkpt lat="46.413254" lon="23.475384">
        <ele>1092.020</ele>
        <time>2014-12-07T09:55:01Z</time>
      </trkpt>
      <trkpt lat="46.413329" lon="23.475306">
        <ele>1092.010</ele>
        <time>2014-12-07T09:55:34Z</time>
      </trkpt>
      <trkpt lat="46.413412" lon="23.475243">
        <ele>1092.081</ele>
        <time>2014-12-07T09:56:36Z</time>
      </trkpt>
      <trkpt lat="46.413486" lon="23.475160">
        <ele>1092.062</ele>
        <time>2014-12-07T09:56:48Z</time>
      </trkpt>
      <trkpt lat="46.413569" lon="23.475100">
        <ele>1092.058</ele>
        <time>2014-12-07T09:57:00Z</time>
      </trkpt>
      <trkpt lat="46.413566" lon="23.474965">
        <ele>1092.022</ele>
        <time>2014-12-07T09:57:41Z</time>
      </trkpt>
      <trkpt lat="46.413668" lon="23.474978">
        <ele>1092.062</ele>
        <time>2014-12-07T09:58:44Z</time>
      </trkpt>
      <trkpt lat="46.413709" lon="23.475095">
        <ele>1092.008</ele>
        <time>2014-12-07T10:01:02Z</time>
      </trkpt>
      <trkpt lat="46.413617" lon="23.475102">
        <ele>1092.008</ele>
        <time>2014-12-07T10:02:17Z</time>
      </trkpt>
      <trkpt lat="46.413557" lon="23.475002">
        <ele>1092.073</ele>
        <time>2014-12-07T10:03:04Z</time>
      </trkpt>
      <trkpt lat="46.413646" lon="23.474982">
        <ele>1092.079</ele>
        <time>2014-12-07T10:03:55Z</time>
      </trkpt>
      <trkpt lat="46.413696" lon="23.475092">
        <ele>1088.461</ele>
        <time>2014-12-07T10:04:17Z</time>
      </trkpt>
      <trkpt lat="46.413708" lon="23.474954">
        <ele>1084.713</ele>
        <time>2014-12-07T10:04:38Z</time>
      </trkpt>
      <trkpt lat="46.413762" lon="23.475086">
        <ele>1081.083</ele>
        <time>2014-12-07T10:06:31Z</time>
      </trkpt>
      <trkpt lat="46.413687" lon="23.475220">
        <ele>1077.384</ele>
        <time>2014-12-07T10:06:41Z</time>
      </trkpt>
      <trkpt lat="46.413638" lon="23.475095">
        <ele>1073.625</ele>
        <time>2014-12-07T10:06:54Z</time>
      </trkpt>
      <trkpt lat="46.413807" lon="23.475052">
        <ele>1070.051</ele>
        <time>2014-12-07T10:07:45Z</time>
      </trkpt>
      <trkpt lat="46.414306" lon="23.475076">
        <ele>1066.498</ele>
        <time>2014-12-07T10:27:50Z</time>
      </trkpt>
      <trkpt lat="46.414861" lon="23.475183">
        <ele>1062.715</ele>
        <time>2014-12-07T10:27:53Z</time>
      </trkpt>
      <trkpt lat="46.414690" lon="23.475153">
        <ele>1059.126</ele>
        <time>2014-12-07T10:27:54Z</time>
      </trkpt>
      <trkpt lat="46.414532" lon="23.475124">
        <ele>1055.508</ele>
        <time>2014-12-07T10:27:56Z</time>
      </trkpt>
      <trkpt lat="46.414432" lon="23.475200">
        <ele>1051.880</ele>
        <time>2014-12-07T10:28:06Z</time>
      </trkpt>
      <trkpt lat="46.414341" lon="23.475179">
        <ele>1051.836</ele>
        <time>2014-12-07T10:28:24Z</time>
      </trkpt>
      <trkpt lat="46.414041" lon="23.475291">
        <ele>1051.888</ele>
        <time>2014-12-07T10:28:58Z</time>
      </trkpt>
      <trkpt lat="46.414057" lon="23.475123">
        <ele>1051.980</ele>
        <time>2014-12-07T10:29:42Z</time>
      </trkpt>
      <trkpt lat="46.414248" lon="23.475318">
        <ele>1052.030</ele>
        <time>2014-12-07T10:29:44Z</time>
      </trkpt>
      <trkpt lat="46.414337" lon="23.475440">
        <ele>1052.021</ele>
        <time>2014-12-07T10:29:47Z</time>
      </trkpt>
      <trkpt lat="46.414438" lon="23.475447">
        <ele>1052.022</ele>
        <time>2014-12-07T10:29:57Z</time>
      </trkpt>
      <trkpt lat="46.414299" lon="23.475266">
        <ele>1055.628</ele>
        <time>2014-12-07T10:30:02Z</time>
      </trkpt>
      <trkpt lat="46.414169" lon="23.475136">
        <ele>1059.397</ele>
        <time>2014-12-07T10:30:09Z</time>
      </trkpt>
      <trkpt lat="46.414067" lon="23.475100">
        <ele>1062.923</ele>
        <time>2014-12-07T10:30:12Z</time>
      </trkpt>
      <trkpt lat="46.413949" lon="23.475101">
        <ele>1066.525</ele>
        <time>2014-12-07T10:30:15Z</time>
      </trkpt>
      <trkpt lat="46.413857" lon="23.475084">
        <ele>1070.208</ele>
        <time>2014-12-07T10:30:32Z</time>
      </trkpt>
      <trkpt lat="46.413764" lon="23.475095">
        <ele>1073.830</ele>
        <time>2014-12-07T10:30:46Z</time>
      </trkpt>
      <trkpt lat="46.413667" lon="23.475040">
        <ele>1077.546</ele>
        <time>2014-12-07T10:31:25Z</time>
      </trkpt>
      <trkpt lat="46.413780" lon="23.475013">
        <ele>1081.158</ele>
        <time>2014-12-07T10:33:01Z</time>
      </trkpt>
      <trkpt lat="46.413716" lon="23.475122">
        <ele>1084.770</ele>
        <time>2014-12-07T10:33:23Z</time>
      </trkpt>
      <trkpt lat="46.413773" lon="23.474967">
        <ele>1088.410</ele>
        <time>2014-12-07T10:36:00Z</time>
      </trkpt>
      <trkpt lat="46.413702" lon="23.475057">
        <ele>1092.041</ele>
        <time>2014-12-07T10:37:24Z</time>
      </trkpt>
      <trkpt lat="46.413771" lon="23.474945">
        <ele>1092.092</ele>
        <time>2014-12-07T10:39:21Z</time>
      </trkpt>
      <trkpt lat="46.413791" lon="23.475075">
        <ele>1092.068</ele>
        <time>2014-12-07T10:40:14Z</time>
      </trkpt>
      <trkpt lat="46.413693" lon="23.475117">
        <ele>1092.032</ele>
        <time>2014-12-07T10:40:24Z</time>
      </trkpt>
      <trkpt lat="46.413766" lon="23.475035">
        <ele>1092.092</ele>
        <time>2014-12-07T10:41:00Z</time>
      </trkpt>
      <trkpt lat="46.413686" lon="23.475118">
        <ele>1092.011</ele>
        <time>2014-12-07T10:43:26Z</time>
      </trkpt>
      <trkpt lat="46.413595" lon="23.475143">
        <ele>1092.008</ele>
        <time>2014-12-07T10:43:53Z</time>
      </trkpt>
      <trkpt lat="46.413548" lon="23.475265">
        <ele>1092.074</ele>
        <time>2014-12-07T10:44:24Z</time>
      </trkpt>
      <trkpt lat="46.413526" lon="23.475132">
        <ele>1092.070</ele>
        <time>2014-12-07T10:45:55Z</time>
      </trkpt>
      <trkpt lat="46.413616" lon="23.475090">
        <ele>1092.082</ele>
        <time>2014-12-07T10:46:12Z</time>
      </trkpt>
      <trkpt lat="46.413707" lon="23.475049">
        <ele>1092.054</ele>
        <time>2014-12-07T10:46:35Z</time>
      </trkpt>
      <trkpt lat="46.413796" lon="23.474989">
        <ele>1092.084</ele>
        <time>2014-12-07T10:47:02Z</time>
      </trkpt>
      <trkpt lat="46.413779" lon="23.474855">
        <ele>1092.095</ele>
        <time>2014-12-07T10:48:33Z</time>
      </trkpt>
      <trkpt lat="46.413697" lon="23.474703">
        <ele>1092.046</ele>
        <time>2014-12-07T10:48:43Z</time>
      </trkpt>
      <trkpt lat="46.413671" lon="23.474878">
        <ele>1092.042</ele>
        <time>2014-12-07T10:49:20Z</time>
      </trkpt>
      <trkpt lat="46.413764" lon="23.474956">
        <ele>1092.039</ele>
        <time>2014-12-07T10:52:22Z</time>
      </trkpt>
      <trkpt lat="46.413722" lon="23.474812">
        <ele>1092.001</ele>
        <time>2014-12-07T10:53:15Z</time>
      </trkpt>
      <trkpt lat="46.413780" lon="23.474953">
        <ele>1092.021</ele>
        <time>2014-12-07T10:53:56Z</time>
      </trkpt>
      <trkpt lat="46.413770" lon="23.475086">
        <ele>1094.408</ele>
        <time>2014-12-07T10:57:02Z</time>
      </trkpt>
      <trkpt lat="46.413657" lon="23.475106">
        <ele>1096.734</ele>
        <time>2014-12-07T10:57:35Z</time>
      </trkpt>
      <trkpt lat="46.413600" lon="23.475231">
        <ele>1099.140</ele>
        <time>2014-12-07T10:57:54Z</time>
      </trkpt>
      <trkpt lat="46.413511" lon="23.475310">
        <ele>1101.592</ele>
        <time>2014-12-07T10:58:07Z</time>
      </trkpt>
      <trkpt lat="46.413520" lon="23.475460">
        <ele>1103.884</ele>
        <time>2014-12-07T10:58:25Z</time>
      </trkpt>
      <trkpt lat="46.413541" lon="23.475592">
        <ele>1104.894</ele>
        <time>2014-12-07T10:58:37Z</time>
      </trkpt>
      <trkpt lat="46.413593" lon="23.475718">
        <ele>1105.825</ele>
        <time>2014-12-07T10:58:46Z</time>
      </trkpt>
      <trkpt lat="46.413640" lon="23.475836">
        <ele>1106.886</ele>
        <time>2014-12-07T10:59:07Z</time>
      </trkpt>
      <trkpt lat="46.413710" lon="23.475924">
        <ele>1111.082</ele>
        <time>2014-12-07T10:59:28Z</time>
      </trkpt>
      <trkpt lat="46.413775" lon="23.476025">
        <ele>1112.074</ele>
        <time>2014-12-07T10:59:50Z</time>
      </trkpt>
      <trkpt lat="46.413848" lon="23.476104">
        <ele>1116.256</ele>
        <time>2014-12-07T11:00:03Z</time>
      </trkpt>
      <trkpt lat="46.413904" lon="23.476222">
        <ele>1114.821</ele>
        <time>2014-12-07T11:00:21Z</time>
      </trkpt>
      <trkpt lat="46.413985" lon="23.476301">
        <ele>1113.508</ele>
        <time>2014-12-07T11:00:40Z</time>
      </trkpt>
      <trkpt lat="46.414074" lon="23.476349">
        <ele>1112.148</ele>
        <time>2014-12-07T11:00:50Z</time>
      </trkpt>
      <trkpt lat="46.414172" lon="23.476339">
        <ele>1110.954</ele>
        <time>2014-12-07T11:01:05Z</time>
      </trkpt>
      <trkpt lat="46.414271" lon="23.476345">
        <ele>1109.796</ele>
        <time>2014-12-07T11:01:10Z</time>
      </trkpt>
      <trkpt lat="46.414366" lon="23.476314">
        <ele>1109.928</ele>
        <time>2014-12-07T11:01:17Z</time>
      </trkpt>
      <trkpt lat="46.414453" lon="23.476279">
        <ele>1110.118</ele>
        <time>2014-12-07T11:01:25Z</time>
      </trkpt>
      <trkpt lat="46.414549" lon="23.476298">
        <ele>1110.349</ele>
        <time>2014-12-07T11:01:34Z</time>
      </trkpt>
      <trkpt lat="46.414641" lon="23.476291">
        <ele>1107.330</ele>
        <time>2014-12-07T11:01:44Z</time>
      </trkpt>
      <trkpt lat="46.414745" lon="23.476287">
        <ele>1107.556</ele>
        <time>2014-12-07T11:01:53Z</time>
      </trkpt>
      <trkpt lat="46.414841" lon="23.476267">
        <ele>1104.511</ele>
        <time>2014-12-07T11:02:03Z</time>
      </trkpt>
      <trkpt lat="46.414945" lon="23.476274">
        <ele>1104.621</ele>
        <time>2014-12-07T11:02:15Z</time>
      </trkpt>
      <trkpt lat="46.415034" lon="23.476253">
        <ele>1104.903</ele>
        <time>2014-12-07T11:02:24Z</time>
      </trkpt>
      <trkpt lat="46.415130" lon="23.476264">
        <ele>1105.208</ele>
        <time>2014-12-07T11:02:34Z</time>
      </trkpt>
      <trkpt lat="46.415218" lon="23.476203">
        <ele>1105.352</ele>
        <time>2014-12-07T11:02:42Z</time>
      </trkpt>
      <trkpt lat="46.415307" lon="23.476156">
        <ele>1105.468</ele>
        <time>2014-12-07T11:02:51Z</time>
      </trkpt>
      <trkpt lat="46.415403" lon="23.476179">
        <ele>1108.130</ele>
        <time>2014-12-07T11:03:02Z</time>
      </trkpt>
      <trkpt lat="46.415503" lon="23.476186">
        <ele>1110.882</ele>
        <time>2014-12-07T11:03:10Z</time>
      </trkpt>
      <trkpt lat="46.415600" lon="23.476184">
        <ele>1113.572</ele>
        <time>2014-12-07T11:03:18Z</time>
      </trkpt>
      <trkpt lat="46.415696" lon="23.476198">
        <ele>1116.383</ele>
        <time>2014-12-07T11:03:26Z</time>
      </trkpt>
      <trkpt lat="46.415772" lon="23.476270">
        <ele>1119.024</ele>
        <time>2014-12-07T11:03:34Z</time>
      </trkpt>
      <trkpt lat="46.415802" lon="23.476411">
        <ele>1121.740</ele>
        <time>2014-12-07T11:03:42Z</time>
      </trkpt>
      <trkpt lat="46.415784" lon="23.476565">
        <ele>1125.233</ele>
        <time>2014-12-07T11:03:56Z</time>
      </trkpt>
      <trkpt lat="46.415745" lon="23.476691">
        <ele>1128.523</ele>
        <time>2014-12-07T11:04:04Z</time>
      </trkpt>
      <trkpt lat="46.415803" lon="23.476813">
        <ele>1131.915</ele>
        <time>2014-12-07T11:04:25Z</time>
      </trkpt>
      <trkpt lat="46.415871" lon="23.476934">
        <ele>1135.308</ele>
        <time>2014-12-07T11:04:36Z</time>
      </trkpt>
      <trkpt lat="46.415897" lon="23.477070">
        <ele>1138.654</ele>
        <time>2014-12-07T11:04:45Z</time>
      </trkpt>
      <trkpt lat="46.415963" lon="23.477187">
        <ele>1139.410</ele>
        <time>2014-12-07T11:05:13Z</time>
      </trkpt>
      <trkpt lat="46.415914" lon="23.477307">
        <ele>1140.142</ele>
        <time>2014-12-07T11:06:18Z</time>
      </trkpt>
      <trkpt lat="46.415982" lon="23.477395">
        <ele>1141.074</ele>
        <time>2014-12-07T11:06:53Z</time>
      </trkpt>
      <trkpt lat="46.416052" lon="23.477525">
        <ele>1141.994</ele>
        <time>2014-12-07T11:06:58Z</time>
      </trkpt>
      <trkpt lat="46.416115" lon="23.477640">
        <ele>1143.365</ele>
        <time>2014-12-07T11:07:04Z</time>
      </trkpt>
      <trkpt lat="46.416180" lon="23.477747">
        <ele>1144.666</ele>
        <time>2014-12-07T11:07:14Z</time>
      </trkpt>
      <trkpt lat="46.416239" lon="23.477882">
        <ele>1144.882</ele>
        <time>2014-12-07T11:07:26Z</time>
      </trkpt>
      <trkpt lat="46.416294" lon="23.478001">
        <ele>1145.028</ele>
        <time>2014-12-07T11:07:35Z</time>
      </trkpt>
      <trkpt lat="46.416276" lon="23.478137">
        <ele>1145.289</ele>
        <time>2014-12-07T11:07:45Z</time>
      </trkpt>
      <trkpt lat="46.416245" lon="23.478267">
        <ele>1145.417</ele>
        <time>2014-12-07T11:07:51Z</time>
      </trkpt>
      <trkpt lat="46.416250" lon="23.478412">
        <ele>1146.708</ele>
        <time>2014-12-07T11:08:00Z</time>
      </trkpt>
      <trkpt lat="46.416293" lon="23.478536">
        <ele>1148.193</ele>
        <time>2014-12-07T11:08:13Z</time>
      </trkpt>
      <trkpt lat="46.416402" lon="23.478638">
        <ele>1149.549</ele>
        <time>2014-12-07T11:09:18Z</time>
      </trkpt>
      <trkpt lat="46.416316" lon="23.478684">
        <ele>1150.641</ele>
        <time>2014-12-07T11:11:54Z</time>
      </trkpt>
      <trkpt lat="46.416289" lon="23.478814">
        <ele>1151.883</ele>
        <time>2014-12-07T11:12:08Z</time>
      </trkpt>
      <trkpt lat="46.416232" lon="23.478917">
        <ele>1152.533</ele>
        <time>2014-12-07T11:12:21Z</time>
      </trkpt>
      <trkpt lat="46.416160" lon="23.479035">
        <ele>1153.564</ele>
        <time>2014-12-07T11:12:37Z</time>
      </trkpt>
      <trkpt lat="46.416149" lon="23.479171">
        <ele>1155.025</ele>
        <time>2014-12-07T11:12:52Z</time>
      </trkpt>
      <trkpt lat="46.416125" lon="23.479309">
        <ele>1156.581</ele>
        <time>2014-12-07T11:13:04Z</time>
      </trkpt>
      <trkpt lat="46.416122" lon="23.479446">
        <ele>1157.949</ele>
        <time>2014-12-07T11:13:17Z</time>
      </trkpt>
      <trkpt lat="46.416118" lon="23.479586">
        <ele>1159.402</ele>
        <time>2014-12-07T11:13:29Z</time>
      </trkpt>
      <trkpt lat="46.416101" lon="23.479715">
        <ele>1159.622</ele>
        <time>2014-12-07T11:13:39Z</time>
      </trkpt>
      <trkpt lat="46.416077" lon="23.479848">
        <ele>1159.708</ele>
        <time>2014-12-07T11:13:49Z</time>
      </trkpt>
      <trkpt lat="46.416116" lon="23.479967">
        <ele>1159.815</ele>
        <time>2014-12-07T11:14:00Z</time>
      </trkpt>
      <trkpt lat="46.416154" lon="23.480086">
        <ele>1159.931</ele>
        <time>2014-12-07T11:14:09Z</time>
      </trkpt>
      <trkpt lat="46.416142" lon="23.480220">
        <ele>1160.073</ele>
        <time>2014-12-07T11:14:19Z</time>
      </trkpt>
      <trkpt lat="46.416144" lon="23.480353">
        <ele>1160.185</ele>
        <time>2014-12-07T11:14:27Z</time>
      </trkpt>
      <trkpt lat="46.416147" lon="23.480491">
        <ele>1159.945</ele>
        <time>2014-12-07T11:14:38Z</time>
      </trkpt>
      <trkpt lat="46.416211" lon="23.480589">
        <ele>1158.116</ele>
        <time>2014-12-07T11:14:48Z</time>
      </trkpt>
      <trkpt lat="46.416202" lon="23.480723">
        <ele>1156.567</ele>
        <time>2014-12-07T11:15:01Z</time>
      </trkpt>
      <trkpt lat="46.416218" lon="23.480861">
        <ele>1154.853</ele>
        <time>2014-12-07T11:15:09Z</time>
      </trkpt>
      <trkpt lat="46.416202" lon="23.481008">
        <ele>1153.242</ele>
        <time>2014-12-07T11:15:25Z</time>
      </trkpt>
      <trkpt lat="46.416249" lon="23.481135">
        <ele>1151.522</ele>
        <time>2014-12-07T11:15:31Z</time>
      </trkpt>
      <trkpt lat="46.416281" lon="23.481268">
        <ele>1150.114</ele>
        <time>2014-12-07T11:15:41Z</time>
      </trkpt>
      <trkpt lat="46.416298" lon="23.481406">
        <ele>1148.608</ele>
        <time>2014-12-07T11:15:52Z</time>
      </trkpt>
      <trkpt lat="46.416306" lon="23.481552">
        <ele>1147.325</ele>
        <time>2014-12-07T11:16:01Z</time>
      </trkpt>
      <trkpt lat="46.416311" lon="23.481686">
        <ele>1145.921</ele>
        <time>2014-12-07T11:16:10Z</time>
      </trkpt>
      <trkpt lat="46.416359" lon="23.481797">
        <ele>1144.563</ele>
        <time>2014-12-07T11:16:20Z</time>
      </trkpt>
      <trkpt lat="46.416422" lon="23.481907">
        <ele>1143.215</ele>
        <time>2014-12-07T11:16:30Z</time>
      </trkpt>
      <trkpt lat="46.416453" lon="23.482031">
        <ele>1143.535</ele>
        <time>2014-12-07T11:16:42Z</time>
      </trkpt>
      <trkpt lat="46.416506" lon="23.482141">
        <ele>1143.556</ele>
        <time>2014-12-07T11:16:52Z</time>
      </trkpt>
      <trkpt lat="46.416493" lon="23.482287">
        <ele>1144.237</ele>
        <time>2014-12-07T11:17:00Z</time>
      </trkpt>
      <trkpt lat="46.416458" lon="23.482418">
        <ele>1144.833</ele>
        <time>2014-12-07T11:17:05Z</time>
      </trkpt>
      <trkpt lat="46.416470" lon="23.482561">
        <ele>1145.595</ele>
        <time>2014-12-07T11:17:11Z</time>
      </trkpt>
      <trkpt lat="46.416484" lon="23.482697">
        <ele>1146.849</ele>
        <time>2014-12-07T11:17:20Z</time>
      </trkpt>
      <trkpt lat="46.416434" lon="23.482809">
        <ele>1148.223</ele>
        <time>2014-12-07T11:17:34Z</time>
      </trkpt>
      <trkpt lat="46.416387" lon="23.482954">
        <ele>1149.508</ele>
        <time>2014-12-07T11:17:50Z</time>
      </trkpt>
      <trkpt lat="46.416335" lon="23.483062">
        <ele>1150.780</ele>
        <time>2014-12-07T11:18:05Z</time>
      </trkpt>
      <trkpt lat="46.416274" lon="23.483170">
        <ele>1152.056</ele>
        <time>2014-12-07T11:18:16Z</time>
      </trkpt>
      <trkpt lat="46.416218" lon="23.483280">
        <ele>1152.988</ele>
        <time>2014-12-07T11:18:28Z</time>
      </trkpt>
      <trkpt lat="46.416215" lon="23.483414">
        <ele>1153.850</ele>
        <time>2014-12-07T11:18:45Z</time>
      </trkpt>
      <trkpt lat="46.416173" lon="23.483533">
        <ele>1154.780</ele>
        <time>2014-12-07T11:19:00Z</time>
      </trkpt>
      <trkpt lat="46.416136" lon="23.483664">
        <ele>1155.131</ele>
        <time>2014-12-07T11:19:14Z</time>
      </trkpt>
      <trkpt lat="46.416164" lon="23.483788">
        <ele>1155.532</ele>
        <time>2014-12-07T11:19:29Z</time>
      </trkpt>
      <trkpt lat="46.416116" lon="23.483913">
        <ele>1155.838</ele>
        <time>2014-12-07T11:19:48Z</time>
      </trkpt>
      <trkpt lat="46.416091" lon="23.484042">
        <ele>1155.575</ele>
        <time>2014-12-07T11:20:01Z</time>
      </trkpt>
      <trkpt lat="46.416031" lon="23.484151">
        <ele>1155.128</ele>
        <time>2014-12-07T11:20:12Z</time>
      </trkpt>
      <trkpt lat="46.415937" lon="23.484138">
        <ele>1154.720</ele>
        <time>2014-12-07T11:20:22Z</time>
      </trkpt>
      <trkpt lat="46.415832" lon="23.484136">
        <ele>1155.808</ele>
        <time>2014-12-07T11:20:33Z</time>
      </trkpt>
      <trkpt lat="46.415747" lon="23.484211">
        <ele>1156.978</ele>
        <time>2014-12-07T11:20:44Z</time>
      </trkpt>
      <trkpt lat="46.415666" lon="23.484286">
        <ele>1158.494</ele>
        <time>2014-12-07T11:20:56Z</time>
      </trkpt>
      <trkpt lat="46.415580" lon="23.484350">
        <ele>1158.546</ele>
        <time>2014-12-07T11:21:04Z</time>
      </trkpt>
      <trkpt lat="46.415491" lon="23.484384">
        <ele>1158.798</ele>
        <time>2014-12-07T11:21:13Z</time>
      </trkpt>
      <trkpt lat="46.415418" lon="23.484473">
        <ele>1158.948</ele>
        <time>2014-12-07T11:21:27Z</time>
      </trkpt>
      <trkpt lat="46.415371" lon="23.484583">
        <ele>1159.149</ele>
        <time>2014-12-07T11:21:36Z</time>
      </trkpt>
      <trkpt lat="46.415311" lon="23.484683">
        <ele>1159.370</ele>
        <time>2014-12-07T11:21:45Z</time>
      </trkpt>
      <trkpt lat="46.415272" lon="23.484805">
        <ele>1159.586</ele>
        <time>2014-12-07T11:22:02Z</time>
      </trkpt>
      <trkpt lat="46.415214" lon="23.484918">
        <ele>1159.675</ele>
        <time>2014-12-07T11:22:15Z</time>
      </trkpt>
      <trkpt lat="46.415169" lon="23.485036">
        <ele>1158.728</ele>
        <time>2014-12-07T11:22:23Z</time>
      </trkpt>
      <trkpt lat="46.415079" lon="23.485110">
        <ele>1156.420</ele>
        <time>2014-12-07T11:22:39Z</time>
      </trkpt>
      <trkpt lat="46.415010" lon="23.485196">
        <ele>1154.008</ele>
        <time>2014-12-07T11:22:46Z</time>
      </trkpt>
      <trkpt lat="46.414957" lon="23.485304">
        <ele>1151.688</ele>
        <time>2014-12-07T11:22:56Z</time>
      </trkpt>
      <trkpt lat="46.414901" lon="23.485429">
        <ele>1150.564</ele>
        <time>2014-12-07T11:23:04Z</time>
      </trkpt>
      <trkpt lat="46.414864" lon="23.485555">
        <ele>1149.526</ele>
        <time>2014-12-07T11:23:14Z</time>
      </trkpt>
      <trkpt lat="46.414879" lon="23.485688">
        <ele>1147.178</ele>
        <time>2014-12-07T11:23:25Z</time>
      </trkpt>
      <trkpt lat="46.414917" lon="23.485813">
        <ele>1144.768</ele>
        <time>2014-12-07T11:23:39Z</time>
      </trkpt>
      <trkpt lat="46.414908" lon="23.485947">
        <ele>1142.499</ele>
        <time>2014-12-07T11:23:53Z</time>
      </trkpt>
      <trkpt lat="46.414887" lon="23.486084">
        <ele>1140.090</ele>
        <time>2014-12-07T11:24:05Z</time>
      </trkpt>
      <trkpt lat="46.414856" lon="23.486211">
        <ele>1137.616</ele>
        <time>2014-12-07T11:24:21Z</time>
      </trkpt>
      <trkpt lat="46.414833" lon="23.486354">
        <ele>1136.492</ele>
        <time>2014-12-07T11:24:36Z</time>
      </trkpt>
      <trkpt lat="46.414866" lon="23.486480">
        <ele>1135.173</ele>
        <time>2014-12-07T11:24:47Z</time>
      </trkpt>
      <trkpt lat="46.414915" lon="23.486613">
        <ele>1132.620</ele>
        <time>2014-12-07T11:25:00Z</time>
      </trkpt>
      <trkpt lat="46.414929" lon="23.486751">
        <ele>1130.208</ele>
        <time>2014-12-07T11:25:14Z</time>
      </trkpt>
      <trkpt lat="46.414932" lon="23.486904">
        <ele>1127.770</ele>
        <time>2014-12-07T11:25:27Z</time>
      </trkpt>
      <trkpt lat="46.414987" lon="23.487008">
        <ele>1125.336</ele>
        <time>2014-12-07T11:25:40Z</time>
      </trkpt>
      <trkpt lat="46.415046" lon="23.487112">
        <ele>1124.158</ele>
        <time>2014-12-07T11:26:02Z</time>
      </trkpt>
      <trkpt lat="46.415064" lon="23.487243">
        <ele>1122.920</ele>
        <time>2014-12-07T11:26:10Z</time>
      </trkpt>
      <trkpt lat="46.415096" lon="23.487368">
        <ele>1121.140</ele>
        <time>2014-12-07T11:26:20Z</time>
      </trkpt>
      <trkpt lat="46.415139" lon="23.487490">
        <ele>1119.341</ele>
        <time>2014-12-07T11:26:38Z</time>
      </trkpt>
      <trkpt lat="46.415120" lon="23.487618">
        <ele>1117.522</ele>
        <time>2014-12-07T11:26:47Z</time>
      </trkpt>
      <trkpt lat="46.415083" lon="23.487748">
        <ele>1115.638</ele>
        <time>2014-12-07T11:26:57Z</time>
      </trkpt>
      <trkpt lat="46.415029" lon="23.487875">
        <ele>1113.851</ele>
        <time>2014-12-07T11:27:06Z</time>
      </trkpt>
      <trkpt lat="46.414977" lon="23.487994">
        <ele>1113.201</ele>
        <time>2014-12-07T11:27:16Z</time>
      </trkpt>
      <trkpt lat="46.414904" lon="23.488139">
        <ele>1112.111</ele>
        <time>2014-12-07T11:27:30Z</time>
      </trkpt>
      <trkpt lat="46.414859" lon="23.488317">
        <ele>1111.008</ele>
        <time>2014-12-07T11:27:52Z</time>
      </trkpt>
      <trkpt lat="46.414852" lon="23.488453">
        <ele>1109.956</ele>
        <time>2014-12-07T11:28:02Z</time>
      </trkpt>
      <trkpt lat="46.414856" lon="23.488591">
        <ele>1108.872</ele>
        <time>2014-12-07T11:28:12Z</time>
      </trkpt>
      <trkpt lat="46.414845" lon="23.488729">
        <ele>1107.714</ele>
        <time>2014-12-07T11:28:22Z</time>
      </trkpt>
      <trkpt lat="46.414835" lon="23.488887">
        <ele>1107.336</ele>
        <time>2014-12-07T11:28:35Z</time>
      </trkpt>
      <trkpt lat="46.414817" lon="23.489021">
        <ele>1105.616</ele>
        <time>2014-12-07T11:28:45Z</time>
      </trkpt>
      <trkpt lat="46.414801" lon="23.489153">
        <ele>1104.077</ele>
        <time>2014-12-07T11:28:55Z</time>
      </trkpt>
      <trkpt lat="46.414790" lon="23.489294">
        <ele>1102.458</ele>
        <time>2014-12-07T11:29:04Z</time>
      </trkpt>
      <trkpt lat="46.414771" lon="23.489422">
        <ele>1100.764</ele>
        <time>2014-12-07T11:29:12Z</time>
      </trkpt>
      <trkpt lat="46.414737" lon="23.489545">
        <ele>1099.573</ele>
        <time>2014-12-07T11:29:22Z</time>
      </trkpt>
      <trkpt lat="46.414752" lon="23.489683">
        <ele>1098.685</ele>
        <time>2014-12-07T11:29:35Z</time>
      </trkpt>
      <trkpt lat="46.414749" lon="23.489819">
        <ele>1097.813</ele>
        <time>2014-12-07T11:29:46Z</time>
      </trkpt>
      <trkpt lat="46.414711" lon="23.489952">
        <ele>1097.008</ele>
        <time>2014-12-07T11:29:55Z</time>
      </trkpt>
      <trkpt lat="46.414638" lon="23.490030">
        <ele>1096.248</ele>
        <time>2014-12-07T11:30:05Z</time>
      </trkpt>
      <trkpt lat="46.414561" lon="23.490110">
        <ele>1094.234</ele>
        <time>2014-12-07T11:30:14Z</time>
      </trkpt>
      <trkpt lat="46.414470" lon="23.490152">
        <ele>1092.216</ele>
        <time>2014-12-07T11:30:23Z</time>
      </trkpt>
      <trkpt lat="46.414383" lon="23.490200">
        <ele>1091.488</ele>
        <time>2014-12-07T11:30:31Z</time>
      </trkpt>
      <trkpt lat="46.414304" lon="23.490276">
        <ele>1090.558</ele>
        <time>2014-12-07T11:30:50Z</time>
      </trkpt>
      <trkpt lat="46.414245" lon="23.490391">
        <ele>1089.719</ele>
        <time>2014-12-07T11:31:00Z</time>
      </trkpt>
      <trkpt lat="46.414191" lon="23.490503">
        <ele>1088.970</ele>
        <time>2014-12-07T11:31:10Z</time>
      </trkpt>
      <trkpt lat="46.414133" lon="23.490624">
        <ele>1087.736</ele>
        <time>2014-12-07T11:31:21Z</time>
      </trkpt>
      <trkpt lat="46.414090" lon="23.490751">
        <ele>1086.387</ele>
        <time>2014-12-07T11:31:30Z</time>
      </trkpt>
      <trkpt lat="46.414053" lon="23.490885">
        <ele>1084.842</ele>
        <time>2014-12-07T11:31:40Z</time>
      </trkpt>
      <trkpt lat="46.414015" lon="23.491009">
        <ele>1083.426</ele>
        <time>2014-12-07T11:31:50Z</time>
      </trkpt>
      <trkpt lat="46.413972" lon="23.491133">
        <ele>1081.908</ele>
        <time>2014-12-07T11:32:00Z</time>
      </trkpt>
      <trkpt lat="46.413924" lon="23.491244">
        <ele>1081.739</ele>
        <time>2014-12-07T11:32:07Z</time>
      </trkpt>
      <trkpt lat="46.413866" lon="23.491355">
        <ele>1081.515</ele>
        <time>2014-12-07T11:32:16Z</time>
      </trkpt>
      <trkpt lat="46.413854" lon="23.491495">
        <ele>1081.457</ele>
        <time>2014-12-07T11:32:24Z</time>
      </trkpt>
      <trkpt lat="46.413848" lon="23.491634">
        <ele>1081.449</ele>
        <time>2014-12-07T11:32:32Z</time>
      </trkpt>
      <trkpt lat="46.413814" lon="23.491775">
        <ele>1081.479</ele>
        <time>2014-12-07T11:32:40Z</time>
      </trkpt>
      <trkpt lat="46.413774" lon="23.491911">
        <ele>1081.460</ele>
        <time>2014-12-07T11:32:48Z</time>
      </trkpt>
      <trkpt lat="46.413700" lon="23.491997">
        <ele>1081.421</ele>
        <time>2014-12-07T11:32:58Z</time>
      </trkpt>
      <trkpt lat="46.413622" lon="23.492068">
        <ele>1081.697</ele>
        <time>2014-12-07T11:33:07Z</time>
      </trkpt>
      <trkpt lat="46.413540" lon="23.492134">
        <ele>1081.991</ele>
        <time>2014-12-07T11:33:17Z</time>
      </trkpt>
      <trkpt lat="46.413465" lon="23.492212">
        <ele>1082.281</ele>
        <time>2014-12-07T11:33:29Z</time>
      </trkpt>
      <trkpt lat="46.413398" lon="23.492312">
        <ele>1082.519</ele>
        <time>2014-12-07T11:33:41Z</time>
      </trkpt>
      <trkpt lat="46.413316" lon="23.492382">
        <ele>1083.008</ele>
        <time>2014-12-07T11:33:50Z</time>
      </trkpt>
      <trkpt lat="46.413238" lon="23.492475">
        <ele>1083.670</ele>
        <time>2014-12-07T11:33:57Z</time>
      </trkpt>
      <trkpt lat="46.413169" lon="23.492562">
        <ele>1084.356</ele>
        <time>2014-12-07T11:34:04Z</time>
      </trkpt>
      <trkpt lat="46.413117" lon="23.492669">
        <ele>1084.768</ele>
        <time>2014-12-07T11:34:14Z</time>
      </trkpt>
      <trkpt lat="46.413046" lon="23.492772">
        <ele>1085.220</ele>
        <time>2014-12-07T11:34:22Z</time>
      </trkpt>
      <trkpt lat="46.412971" lon="23.492865">
        <ele>1085.620</ele>
        <time>2014-12-07T11:34:29Z</time>
      </trkpt>
      <trkpt lat="46.412896" lon="23.492955">
        <ele>1086.191</ele>
        <time>2014-12-07T11:34:42Z</time>
      </trkpt>
      <trkpt lat="46.412820" lon="23.493059">
        <ele>1086.592</ele>
        <time>2014-12-07T11:34:50Z</time>
      </trkpt>
      <trkpt lat="46.412733" lon="23.493122">
        <ele>1087.048</ele>
        <time>2014-12-07T11:34:59Z</time>
      </trkpt>
      <trkpt lat="46.412650" lon="23.493190">
        <ele>1087.532</ele>
        <time>2014-12-07T11:35:09Z</time>
      </trkpt>
      <trkpt lat="46.412567" lon="23.493255">
        <ele>1087.992</ele>
        <time>2014-12-07T11:35:19Z</time>
      </trkpt>
      <trkpt lat="46.412479" lon="23.493305">
        <ele>1088.511</ele>
        <time>2014-12-07T11:35:31Z</time>
      </trkpt>
      <trkpt lat="46.412399" lon="23.493385">
        <ele>1088.908</ele>
        <time>2014-12-07T11:35:41Z</time>
      </trkpt>
      <trkpt lat="46.412310" lon="23.493443">
        <ele>1089.444</ele>
        <time>2014-12-07T11:35:51Z</time>
      </trkpt>
      <trkpt lat="46.412218" lon="23.493466">
        <ele>1089.810</ele>
        <time>2014-12-07T11:36:02Z</time>
      </trkpt>
      <trkpt lat="46.412127" lon="23.493500">
        <ele>1090.342</ele>
        <time>2014-12-07T11:36:13Z</time>
      </trkpt>
      <trkpt lat="46.412039" lon="23.493525">
        <ele>1090.744</ele>
        <time>2014-12-07T11:37:31Z</time>
      </trkpt>
      <trkpt lat="46.411961" lon="23.493599">
        <ele>1091.294</ele>
        <time>2014-12-07T11:41:06Z</time>
      </trkpt>
      <trkpt lat="46.411894" lon="23.493692">
        <ele>1091.685</ele>
        <time>2014-12-07T11:41:20Z</time>
      </trkpt>
      <trkpt lat="46.411850" lon="23.493808">
        <ele>1092.126</ele>
        <time>2014-12-07T11:41:36Z</time>
      </trkpt>
      <trkpt lat="46.411843" lon="23.493938">
        <ele>1092.592</ele>
        <time>2014-12-07T11:42:02Z</time>
      </trkpt>
      <trkpt lat="46.411821" lon="23.494070">
        <ele>1093.581</ele>
        <time>2014-12-07T11:42:15Z</time>
      </trkpt>
      <trkpt lat="46.411796" lon="23.494204">
        <ele>1093.961</ele>
        <time>2014-12-07T11:42:24Z</time>
      </trkpt>
      <trkpt lat="46.411757" lon="23.494338">
        <ele>1094.417</ele>
        <time>2014-12-07T11:42:34Z</time>
      </trkpt>
      <trkpt lat="46.411715" lon="23.494459">
        <ele>1094.808</ele>
        <time>2014-12-07T11:42:43Z</time>
      </trkpt>
      <trkpt lat="46.411708" lon="23.494601">
        <ele>1095.319</ele>
        <time>2014-12-07T11:42:50Z</time>
      </trkpt>
      <trkpt lat="46.411681" lon="23.494736">
        <ele>1095.765</ele>
        <time>2014-12-07T11:42:59Z</time>
      </trkpt>
      <trkpt lat="46.411622" lon="23.494837">
        <ele>1096.227</ele>
        <time>2014-12-07T11:43:07Z</time>
      </trkpt>
      <trkpt lat="46.411584" lon="23.494972">
        <ele>1097.269</ele>
        <time>2014-12-07T11:43:17Z</time>
      </trkpt>
      <trkpt lat="46.411516" lon="23.495080">
        <ele>1098.219</ele>
        <time>2014-12-07T11:43:26Z</time>
      </trkpt>
      <trkpt lat="46.411472" lon="23.495203">
        <ele>1099.220</ele>
        <time>2014-12-07T11:43:33Z</time>
      </trkpt>
      <trkpt lat="46.411449" lon="23.495331">
        <ele>1100.561</ele>
        <time>2014-12-07T11:43:55Z</time>
      </trkpt>
      <trkpt lat="46.411411" lon="23.495451">
        <ele>1101.377</ele>
        <time>2014-12-07T11:44:04Z</time>
      </trkpt>
      <trkpt lat="46.411380" lon="23.495576">
        <ele>1102.133</ele>
        <time>2014-12-07T11:44:13Z</time>
      </trkpt>
      <trkpt lat="46.411357" lon="23.495718">
        <ele>1102.923</ele>
        <time>2014-12-07T11:44:22Z</time>
      </trkpt>
      <trkpt lat="46.411299" lon="23.495818">
        <ele>1104.315</ele>
        <time>2014-12-07T11:44:31Z</time>
      </trkpt>
      <trkpt lat="46.411234" lon="23.495920">
        <ele>1105.608</ele>
        <time>2014-12-07T11:44:40Z</time>
      </trkpt>
      <trkpt lat="46.411201" lon="23.496044">
        <ele>1107.014</ele>
        <time>2014-12-07T11:44:49Z</time>
      </trkpt>
      <trkpt lat="46.411149" lon="23.496157">
        <ele>1108.440</ele>
        <time>2014-12-07T11:44:58Z</time>
      </trkpt>
      <trkpt lat="46.411102" lon="23.496283">
        <ele>1109.242</ele>
        <time>2014-12-07T11:45:10Z</time>
      </trkpt>
      <trkpt lat="46.411076" lon="23.496408">
        <ele>1110.014</ele>
        <time>2014-12-07T11:45:20Z</time>
      </trkpt>
      <trkpt lat="46.411023" lon="23.496524">
        <ele>1111.144</ele>
        <time>2014-12-07T11:45:31Z</time>
      </trkpt>
      <trkpt lat="46.410982" lon="23.496652">
        <ele>1111.965</ele>
        <time>2014-12-07T11:45:41Z</time>
      </trkpt>
      <trkpt lat="46.410949" lon="23.496784">
        <ele>1112.716</ele>
        <time>2014-12-07T11:45:52Z</time>
      </trkpt>
      <trkpt lat="46.410906" lon="23.496901">
        <ele>1113.552</ele>
        <time>2014-12-07T11:46:00Z</time>
      </trkpt>
      <trkpt lat="46.410884" lon="23.497038">
        <ele>1114.461</ele>
        <time>2014-12-07T11:46:10Z</time>
      </trkpt>
      <trkpt lat="46.410843" lon="23.497168">
        <ele>1114.621</ele>
        <time>2014-12-07T11:46:20Z</time>
      </trkpt>
      <trkpt lat="46.410782" lon="23.497278">
        <ele>1114.913</ele>
        <time>2014-12-07T11:46:30Z</time>
      </trkpt>
      <trkpt lat="46.410741" lon="23.497397">
        <ele>1115.408</ele>
        <time>2014-12-07T11:46:41Z</time>
      </trkpt>
      <trkpt lat="46.410711" lon="23.497531">
        <ele>1115.647</ele>
        <time>2014-12-07T11:46:50Z</time>
      </trkpt>
      <trkpt lat="46.410696" lon="23.497666">
        <ele>1116.183</ele>
        <time>2014-12-07T11:47:00Z</time>
      </trkpt>
      <trkpt lat="46.410686" lon="23.497809">
        <ele>1116.525</ele>
        <time>2014-12-07T11:47:08Z</time>
      </trkpt>
      <trkpt lat="46.410665" lon="23.497949">
        <ele>1116.747</ele>
        <time>2014-12-07T11:47:18Z</time>
      </trkpt>
      <trkpt lat="46.410588" lon="23.498025">
        <ele>1116.967</ele>
        <time>2014-12-07T11:47:31Z</time>
      </trkpt>
      <trkpt lat="46.410500" lon="23.497974">
        <ele>1117.128</ele>
        <time>2014-12-07T11:47:39Z</time>
      </trkpt>
      <trkpt lat="46.410428" lon="23.497883">
        <ele>1117.349</ele>
        <time>2014-12-07T11:47:49Z</time>
      </trkpt>
      <trkpt lat="46.410349" lon="23.497815">
        <ele>1117.575</ele>
        <time>2014-12-07T11:47:58Z</time>
      </trkpt>
      <trkpt lat="46.410269" lon="23.497754">
        <ele>1117.612</ele>
        <time>2014-12-07T11:48:08Z</time>
      </trkpt>
      <trkpt lat="46.410183" lon="23.497676">
        <ele>1118.332</ele>
        <time>2014-12-07T11:48:21Z</time>
      </trkpt>
      <trkpt lat="46.410116" lon="23.497589">
        <ele>1118.705</ele>
        <time>2014-12-07T11:48:29Z</time>
      </trkpt>
      <trkpt lat="46.410049" lon="23.497479">
        <ele>1119.408</ele>
        <time>2014-12-07T11:48:39Z</time>
      </trkpt>
      <trkpt lat="46.409986" lon="23.497379">
        <ele>1119.812</ele>
        <time>2014-12-07T11:48:47Z</time>
      </trkpt>
      <trkpt lat="46.409924" lon="23.497281">
        <ele>1120.568</ele>
        <time>2014-12-07T11:48:56Z</time>
      </trkpt>
      <trkpt lat="46.409864" lon="23.497161">
        <ele>1121.310</ele>
        <time>2014-12-07T11:49:07Z</time>
      </trkpt>
      <trkpt lat="46.409816" lon="23.497045">
        <ele>1122.072</ele>
        <time>2014-12-07T11:49:22Z</time>
      </trkpt>
      <trkpt lat="46.409748" lon="23.496950">
        <ele>1122.752</ele>
        <time>2014-12-07T11:49:34Z</time>
      </trkpt>
      <trkpt lat="46.409669" lon="23.496850">
        <ele>1123.543</ele>
        <time>2014-12-07T11:49:43Z</time>
      </trkpt>
      <trkpt lat="46.409616" lon="23.496745">
        <ele>1124.294</ele>
        <time>2014-12-07T11:49:53Z</time>
      </trkpt>
      <trkpt lat="46.409541" lon="23.496673">
        <ele>1124.950</ele>
        <time>2014-12-07T11:50:02Z</time>
      </trkpt>
      <trkpt lat="46.409478" lon="23.496579">
        <ele>1125.267</ele>
        <time>2014-12-07T11:50:32Z</time>
      </trkpt>
      <trkpt lat="46.409386" lon="23.496576">
        <ele>1126.381</ele>
        <time>2014-12-07T11:51:57Z</time>
      </trkpt>
      <trkpt lat="46.409294" lon="23.496530">
        <ele>1127.419</ele>
        <time>2014-12-07T11:52:06Z</time>
      </trkpt>
      <trkpt lat="46.409214" lon="23.496464">
        <ele>1128.508</ele>
        <time>2014-12-07T11:52:15Z</time>
      </trkpt>
      <trkpt lat="46.409131" lon="23.496410">
        <ele>1130.167</ele>
        <time>2014-12-07T11:52:24Z</time>
      </trkpt>
      <trkpt lat="46.409041" lon="23.496352">
        <ele>1131.743</ele>
        <time>2014-12-07T11:52:34Z</time>
      </trkpt>
      <trkpt lat="46.408956" lon="23.496303">
        <ele>1133.425</ele>
        <time>2014-12-07T11:52:42Z</time>
      </trkpt>
      <trkpt lat="46.408870" lon="23.496245">
        <ele>1135.077</ele>
        <time>2014-12-07T11:53:30Z</time>
      </trkpt>
      <trkpt lat="46.408805" lon="23.496145">
        <ele>1136.637</ele>
        <time>2014-12-07T11:53:39Z</time>
      </trkpt>
      <trkpt lat="46.408750" lon="23.496038">
        <ele>1138.368</ele>
        <time>2014-12-07T11:53:53Z</time>
      </trkpt>
      <trkpt lat="46.408681" lon="23.495940">
        <ele>1141.029</ele>
        <time>2014-12-07T11:54:09Z</time>
      </trkpt>
      <trkpt lat="46.408624" lon="23.495825">
        <ele>1143.715</ele>
        <time>2014-12-07T11:54:20Z</time>
      </trkpt>
      <trkpt lat="46.408559" lon="23.495720">
        <ele>1145.626</ele>
        <time>2014-12-07T11:54:33Z</time>
      </trkpt>
      <trkpt lat="46.408485" lon="23.495641">
        <ele>1147.547</ele>
        <time>2014-12-07T11:54:47Z</time>
      </trkpt>
      <trkpt lat="46.408409" lon="23.495564">
        <ele>1149.511</ele>
        <time>2014-12-07T11:55:01Z</time>
      </trkpt>
      <trkpt lat="46.408345" lon="23.495465">
        <ele>1150.508</ele>
        <time>2014-12-07T11:55:15Z</time>
      </trkpt>
      <trkpt lat="46.408283" lon="23.495357">
        <ele>1151.673</ele>
        <time>2014-12-07T11:55:25Z</time>
      </trkpt>
      <trkpt lat="46.408197" lon="23.495286">
        <ele>1152.749</ele>
        <time>2014-12-07T11:55:38Z</time>
      </trkpt>
      <trkpt lat="46.408101" lon="23.495278">
        <ele>1153.841</ele>
        <time>2014-12-07T11:55:53Z</time>
      </trkpt>
      <trkpt lat="46.408010" lon="23.495261">
        <ele>1154.933</ele>
        <time>2014-12-07T11:56:10Z</time>
      </trkpt>
      <trkpt lat="46.407921" lon="23.495190">
        <ele>1156.053</ele>
        <time>2014-12-07T11:56:23Z</time>
      </trkpt>
      <trkpt lat="46.407828" lon="23.495157">
        <ele>1156.064</ele>
        <time>2014-12-07T11:56:32Z</time>
      </trkpt>
      <trkpt lat="46.407730" lon="23.495125">
        <ele>1156.015</ele>
        <time>2014-12-07T11:56:41Z</time>
      </trkpt>
      <trkpt lat="46.407639" lon="23.495077">
        <ele>1156.011</ele>
        <time>2014-12-07T11:56:50Z</time>
      </trkpt>
      <trkpt lat="46.407545" lon="23.495056">
        <ele>1156.065</ele>
        <time>2014-12-07T11:57:00Z</time>
      </trkpt>
      <trkpt lat="46.407458" lon="23.495010">
        <ele>1156.168</ele>
        <time>2014-12-07T11:57:08Z</time>
      </trkpt>
      <trkpt lat="46.407381" lon="23.494937">
        <ele>1156.214</ele>
        <time>2014-12-07T11:57:17Z</time>
      </trkpt>
      <trkpt lat="46.407303" lon="23.494862">
        <ele>1156.308</ele>
        <time>2014-12-07T11:57:25Z</time>
      </trkpt>
      <trkpt lat="46.407215" lon="23.494800">
        <ele>1156.437</ele>
        <time>2014-12-07T11:57:34Z</time>
      </trkpt>
      <trkpt lat="46.407115" lon="23.494782">
        <ele>1156.573</ele>
        <time>2014-12-07T11:57:42Z</time>
      </trkpt>
      <trkpt lat="46.407022" lon="23.494786">
        <ele>1156.525</ele>
        <time>2014-12-07T11:57:49Z</time>
      </trkpt>
      <trkpt lat="46.406929" lon="23.494794">
        <ele>1156.697</ele>
        <time>2014-12-07T11:57:57Z</time>
      </trkpt>
      <trkpt lat="46.406833" lon="23.494809">
        <ele>1156.797</ele>
        <time>2014-12-07T11:58:05Z</time>
      </trkpt>
      <trkpt lat="46.406741" lon="23.494806">
        <ele>1158.238</ele>
        <time>2014-12-07T11:58:12Z</time>
      </trkpt>
      <trkpt lat="46.406643" lon="23.494817">
        <ele>1159.629</ele>
        <time>2014-12-07T11:58:20Z</time>
      </trkpt>
      <trkpt lat="46.406546" lon="23.494825">
        <ele>1161.145</ele>
        <time>2014-12-07T11:58:28Z</time>
      </trkpt>
      <trkpt lat="46.406442" lon="23.494816">
        <ele>1162.589</ele>
        <time>2014-12-07T11:58:36Z</time>
      </trkpt>
      <trkpt lat="46.406345" lon="23.494798">
        <ele>1163.806</ele>
        <time>2014-12-07T11:58:45Z</time>
      </trkpt>
      <trkpt lat="46.406257" lon="23.494756">
        <ele>1165.826</ele>
        <time>2014-12-07T11:58:58Z</time>
      </trkpt>
      <trkpt lat="46.406167" lon="23.494739">
        <ele>1167.808</ele>
        <time>2014-12-07T11:59:09Z</time>
      </trkpt>
      <trkpt lat="46.406076" lon="23.494726">
        <ele>1169.829</ele>
        <time>2014-12-07T11:59:37Z</time>
      </trkpt>
      <trkpt lat="46.405981" lon="23.494708">
        <ele>1171.865</ele>
        <time>2014-12-07T11:59:49Z</time>
      </trkpt>
      <trkpt lat="46.405891" lon="23.494701">
        <ele>1174.177</ele>
        <time>2014-12-07T12:00:02Z</time>
      </trkpt>
      <trkpt lat="46.405804" lon="23.494648">
        <ele>1176.459</ele>
        <time>2014-12-07T12:00:15Z</time>
      </trkpt>
      <trkpt lat="46.405715" lon="23.494629">
        <ele>1177.339</ele>
        <time>2014-12-07T12:00:24Z</time>
      </trkpt>
      <trkpt lat="46.405621" lon="23.494588">
        <ele>1178.260</ele>
        <time>2014-12-07T12:00:34Z</time>
      </trkpt>
      <trkpt lat="46.405530" lon="23.494606">
        <ele>1179.111</ele>
        <time>2014-12-07T12:02:46Z</time>
      </trkpt>
      <trkpt lat="46.405438" lon="23.494617">
        <ele>1180.067</ele>
        <time>2014-12-07T12:05:26Z</time>
      </trkpt>
      <trkpt lat="46.405338" lon="23.494618">
        <ele>1180.937</ele>
        <time>2014-12-07T12:05:38Z</time>
      </trkpt>
      <trkpt lat="46.405250" lon="23.494556">
        <ele>1181.249</ele>
        <time>2014-12-07T12:05:47Z</time>
      </trkpt>
      <trkpt lat="46.405158" lon="23.494521">
        <ele>1181.513</ele>
        <time>2014-12-07T12:05:58Z</time>
      </trkpt>
      <trkpt lat="46.405058" lon="23.494514">
        <ele>1181.308</ele>
        <time>2014-12-07T12:06:08Z</time>
      </trkpt>
      <trkpt lat="46.404965" lon="23.494486">
        <ele>1181.134</ele>
        <time>2014-12-07T12:06:17Z</time>
      </trkpt>
      <trkpt lat="46.404866" lon="23.494469">
        <ele>1180.680</ele>
        <time>2014-12-07T12:06:26Z</time>
      </trkpt>
      <trkpt lat="46.404767" lon="23.494459">
        <ele>1180.272</ele>
        <time>2014-12-07T12:06:34Z</time>
      </trkpt>
      <trkpt lat="46.404676" lon="23.494451">
        <ele>1179.764</ele>
        <time>2014-12-07T12:06:42Z</time>
      </trkpt>
      <trkpt lat="46.404585" lon="23.494445">
        <ele>1179.354</ele>
        <time>2014-12-07T12:06:50Z</time>
      </trkpt>
      <trkpt lat="46.404497" lon="23.494397">
        <ele>1178.815</ele>
        <time>2014-12-07T12:07:00Z</time>
      </trkpt>
      <trkpt lat="46.404405" lon="23.494354">
        <ele>1178.426</ele>
        <time>2014-12-07T12:07:10Z</time>
      </trkpt>
      <trkpt lat="46.404311" lon="23.494319">
        <ele>1177.912</ele>
        <time>2014-12-07T12:07:19Z</time>
      </trkpt>
      <trkpt lat="46.404216" lon="23.494291">
        <ele>1177.748</ele>
        <time>2014-12-07T12:07:29Z</time>
      </trkpt>
      <trkpt lat="46.404140" lon="23.494211">
        <ele>1177.361</ele>
        <time>2014-12-07T12:07:38Z</time>
      </trkpt>
      <trkpt lat="46.404074" lon="23.494113">
        <ele>1177.317</ele>
        <time>2014-12-07T12:07:48Z</time>
      </trkpt>
      <trkpt lat="46.403998" lon="23.494020">
        <ele>1177.308</ele>
        <time>2014-12-07T12:07:58Z</time>
      </trkpt>
      <trkpt lat="46.403925" lon="23.493929">
        <ele>1177.335</ele>
        <time>2014-12-07T12:08:06Z</time>
      </trkpt>
      <trkpt lat="46.403845" lon="23.493858">
        <ele>1177.331</ele>
        <time>2014-12-07T12:08:16Z</time>
      </trkpt>
      <trkpt lat="46.403761" lon="23.493776">
        <ele>1177.363</ele>
        <time>2014-12-07T12:08:24Z</time>
      </trkpt>
      <trkpt lat="46.403686" lon="23.493687">
        <ele>1177.335</ele>
        <time>2014-12-07T12:08:32Z</time>
      </trkpt>
      <trkpt lat="46.403617" lon="23.493587">
        <ele>1177.395</ele>
        <time>2014-12-07T12:08:43Z</time>
      </trkpt>
      <trkpt lat="46.403600" lon="23.493448">
        <ele>1177.356</ele>
        <time>2014-12-07T12:08:52Z</time>
      </trkpt>
      <trkpt lat="46.403562" lon="23.493319">
        <ele>1177.387</ele>
        <time>2014-12-07T12:09:01Z</time>
      </trkpt>
      <trkpt lat="46.403490" lon="23.493228">
        <ele>1175.773</ele>
        <time>2014-12-07T12:09:13Z</time>
      </trkpt>
      <trkpt lat="46.403399" lon="23.493184">
        <ele>1174.561</ele>
        <time>2014-12-07T12:09:23Z</time>
      </trkpt>
      <trkpt lat="46.403314" lon="23.493132">
        <ele>1173.221</ele>
        <time>2014-12-07T12:09:32Z</time>
      </trkpt>
      <trkpt lat="46.403227" lon="23.493058">
        <ele>1171.913</ele>
        <time>2014-12-07T12:09:43Z</time>
      </trkpt>
      <trkpt lat="46.403142" lon="23.492981">
        <ele>1170.608</ele>
        <time>2014-12-07T12:09:53Z</time>
      </trkpt>
      <trkpt lat="46.403070" lon="23.492888">
        <ele>1169.417</ele>
        <time>2014-12-07T12:10:01Z</time>
      </trkpt>
      <trkpt lat="46.403084" lon="23.492751">
        <ele>1168.173</ele>
        <time>2014-12-07T12:10:20Z</time>
      </trkpt>
      <trkpt lat="46.403142" lon="23.492638">
        <ele>1166.475</ele>
        <time>2014-12-07T12:10:30Z</time>
      </trkpt>
      <trkpt lat="46.403187" lon="23.492513">
        <ele>1162.547</ele>
        <time>2014-12-07T12:10:42Z</time>
      </trkpt>
      <trkpt lat="46.403119" lon="23.492412">
        <ele>1158.757</ele>
        <time>2014-12-07T12:11:00Z</time>
      </trkpt>
      <trkpt lat="46.403040" lon="23.492334">
        <ele>1154.968</ele>
        <time>2014-12-07T12:11:10Z</time>
      </trkpt>
      <trkpt lat="46.402985" lon="23.492229">
        <ele>1152.439</ele>
        <time>2014-12-07T12:11:24Z</time>
      </trkpt>
      <trkpt lat="46.402942" lon="23.492111">
        <ele>1149.865</ele>
        <time>2014-12-07T12:11:36Z</time>
      </trkpt>
      <trkpt lat="46.402864" lon="23.492040">
        <ele>1147.331</ele>
        <time>2014-12-07T12:11:47Z</time>
      </trkpt>
      <trkpt lat="46.402782" lon="23.491983">
        <ele>1144.761</ele>
        <time>2014-12-07T12:11:57Z</time>
      </trkpt>
      <trkpt lat="46.402691" lon="23.491961">
        <ele>1142.207</ele>
        <time>2014-12-07T12:12:09Z</time>
      </trkpt>
      <trkpt lat="46.402610" lon="23.491881">
        <ele>1139.608</ele>
        <time>2014-12-07T12:12:23Z</time>
      </trkpt>
      <trkpt lat="46.402512" lon="23.491836">
        <ele>1137.144</ele>
        <time>2014-12-07T12:12:34Z</time>
      </trkpt>
      <trkpt lat="46.402419" lon="23.491804">
        <ele>1134.290</ele>
        <time>2014-12-07T12:12:44Z</time>
      </trkpt>
      <trkpt lat="46.402332" lon="23.491761">
        <ele>1133.482</ele>
        <time>2014-12-07T12:12:54Z</time>
      </trkpt>
      <trkpt lat="46.402264" lon="23.491670">
        <ele>1132.544</ele>
        <time>2014-12-07T12:13:10Z</time>
      </trkpt>
      <trkpt lat="46.402171" lon="23.491647">
        <ele>1131.734</ele>
        <time>2014-12-07T12:13:19Z</time>
      </trkpt>
      <trkpt lat="46.402085" lon="23.491602">
        <ele>1130.955</ele>
        <time>2014-12-07T12:13:30Z</time>
      </trkpt>
      <trkpt lat="46.401987" lon="23.491580">
        <ele>1130.176</ele>
        <time>2014-12-07T12:13:39Z</time>
      </trkpt>
      <trkpt lat="46.401897" lon="23.491618">
        <ele>1129.372</ele>
        <time>2014-12-07T12:13:51Z</time>
      </trkpt>
      <trkpt lat="46.401802" lon="23.491647">
        <ele>1128.533</ele>
        <time>2014-12-07T12:14:00Z</time>
      </trkpt>
      <trkpt lat="46.401708" lon="23.491651">
        <ele>1126.623</ele>
        <time>2014-12-07T12:14:09Z</time>
      </trkpt>
      <trkpt lat="46.401606" lon="23.491645">
        <ele>1124.815</ele>
        <time>2014-12-07T12:14:21Z</time>
      </trkpt>
      <trkpt lat="46.401514" lon="23.491654">
        <ele>1123.008</ele>
        <time>2014-12-07T12:14:29Z</time>
      </trkpt>
      <trkpt lat="46.401424" lon="23.491674">
        <ele>1122.034</ele>
        <time>2014-12-07T12:14:37Z</time>
      </trkpt>
      <trkpt lat="46.401330" lon="23.491700">
        <ele>1121.040</ele>
        <time>2014-12-07T12:14:46Z</time>
      </trkpt>
      <trkpt lat="46.401234" lon="23.491721">
        <ele>1120.052</ele>
        <time>2014-12-07T12:14:55Z</time>
      </trkpt>
      <trkpt lat="46.401134" lon="23.491725">
        <ele>1119.094</ele>
        <time>2014-12-07T12:15:07Z</time>
      </trkpt>
      <trkpt lat="46.401036" lon="23.491782">
        <ele>1118.064</ele>
        <time>2014-12-07T12:15:19Z</time>
      </trkpt>
      <trkpt lat="46.400941" lon="23.491764">
        <ele>1117.075</ele>
        <time>2014-12-07T12:15:27Z</time>
      </trkpt>
      <trkpt lat="46.400846" lon="23.491735">
        <ele>1115.526</ele>
        <time>2014-12-07T12:15:38Z</time>
      </trkpt>
      <trkpt lat="46.400749" lon="23.491728">
        <ele>1114.112</ele>
        <time>2014-12-07T12:15:46Z</time>
      </trkpt>
      <trkpt lat="46.400668" lon="23.491792">
        <ele>1113.616</ele>
        <time>2014-12-07T12:15:55Z</time>
      </trkpt>
      <trkpt lat="46.400576" lon="23.491820">
        <ele>1113.276</ele>
        <time>2014-12-07T12:16:04Z</time>
      </trkpt>
      <trkpt lat="46.400485" lon="23.491828">
        <ele>1112.713</ele>
        <time>2014-12-07T12:16:14Z</time>
      </trkpt>
      <trkpt lat="46.400387" lon="23.491850">
        <ele>1112.308</ele>
        <time>2014-12-07T12:16:23Z</time>
      </trkpt>
      <trkpt lat="46.400296" lon="23.491907">
        <ele>1111.832</ele>
        <time>2014-12-07T12:16:31Z</time>
      </trkpt>
      <trkpt lat="46.400212" lon="23.491956">
        <ele>1111.418</ele>
        <time>2014-12-07T12:16:41Z</time>
      </trkpt>
      <trkpt lat="46.400113" lon="23.491908">
        <ele>1110.980</ele>
        <time>2014-12-07T12:16:52Z</time>
      </trkpt>
      <trkpt lat="46.400038" lon="23.491834">
        <ele>1110.562</ele>
        <time>2014-12-07T12:17:00Z</time>
      </trkpt>
      <trkpt lat="46.399964" lon="23.491759">
        <ele>1108.592</ele>
        <time>2014-12-07T12:17:10Z</time>
      </trkpt>
      <trkpt lat="46.399862" lon="23.491740">
        <ele>1107.113</ele>
        <time>2014-12-07T12:17:17Z</time>
      </trkpt>
      <trkpt lat="46.399783" lon="23.491802">
        <ele>1105.614</ele>
        <time>2014-12-07T12:17:24Z</time>
      </trkpt>
      <trkpt lat="46.399724" lon="23.491906">
        <ele>1104.290</ele>
        <time>2014-12-07T12:17:35Z</time>
      </trkpt>
      <trkpt lat="46.399660" lon="23.492008">
        <ele>1102.773</ele>
        <time>2014-12-07T12:17:43Z</time>
      </trkpt>
      <trkpt lat="46.399594" lon="23.492097">
        <ele>1101.385</ele>
        <time>2014-12-07T12:17:58Z</time>
      </trkpt>
      <trkpt lat="46.399527" lon="23.492199">
        <ele>1099.813</ele>
        <time>2014-12-07T12:18:07Z</time>
      </trkpt>
      <trkpt lat="46.399469" lon="23.492309">
        <ele>1098.408</ele>
        <time>2014-12-07T12:18:18Z</time>
      </trkpt>
      <trkpt lat="46.399422" lon="23.492421">
        <ele>1096.968</ele>
        <time>2014-12-07T12:18:26Z</time>
      </trkpt>
      <trkpt lat="46.399348" lon="23.492513">
        <ele>1095.564</ele>
        <time>2014-12-07T12:18:37Z</time>
      </trkpt>
      <trkpt lat="46.399270" lon="23.492593">
        <ele>1094.646</ele>
        <time>2014-12-07T12:18:45Z</time>
      </trkpt>
      <trkpt lat="46.399207" lon="23.492708">
        <ele>1095.378</ele>
        <time>2014-12-07T12:18:53Z</time>
      </trkpt>
      <trkpt lat="46.399155" lon="23.492817">
        <ele>1095.958</ele>
        <time>2014-12-07T12:19:00Z</time>
      </trkpt>
      <trkpt lat="46.399066" lon="23.492851">
        <ele>1096.539</ele>
        <time>2014-12-07T12:19:10Z</time>
      </trkpt>
      <trkpt lat="46.398982" lon="23.492900">
        <ele>1095.380</ele>
        <time>2014-12-07T12:19:18Z</time>
      </trkpt>
      <trkpt lat="46.398919" lon="23.493012">
        <ele>1094.096</ele>
        <time>2014-12-07T12:19:35Z</time>
      </trkpt>
      <trkpt lat="46.398868" lon="23.493137">
        <ele>1092.715</ele>
        <time>2014-12-07T12:19:47Z</time>
      </trkpt>
      <trkpt lat="46.398848" lon="23.493269">
        <ele>1091.965</ele>
        <time>2014-12-07T12:22:19Z</time>
      </trkpt>
      <trkpt lat="46.398805" lon="23.493385">
        <ele>1091.111</ele>
        <time>2014-12-07T12:22:28Z</time>
      </trkpt>
      <trkpt lat="46.398766" lon="23.493512">
        <ele>1090.308</ele>
        <time>2014-12-07T12:22:36Z</time>
      </trkpt>
      <trkpt lat="46.398731" lon="23.493642">
        <ele>1089.582</ele>
        <time>2014-12-07T12:22:48Z</time>
      </trkpt>
      <trkpt lat="46.398689" lon="23.493768">
        <ele>1088.068</ele>
        <time>2014-12-07T12:22:57Z</time>
      </trkpt>
      <trkpt lat="46.398645" lon="23.493885">
        <ele>1086.510</ele>
        <time>2014-12-07T12:23:05Z</time>
      </trkpt>
      <trkpt lat="46.398594" lon="23.494003">
        <ele>1085.142</ele>
        <time>2014-12-07T12:23:15Z</time>
      </trkpt>
      <trkpt lat="46.398534" lon="23.494102">
        <ele>1083.692</ele>
        <time>2014-12-07T12:23:23Z</time>
      </trkpt>
      <trkpt lat="46.398475" lon="23.494202">
        <ele>1084.153</ele>
        <time>2014-12-07T12:23:40Z</time>
      </trkpt>
      <trkpt lat="46.398412" lon="23.494316">
        <ele>1085.034</ele>
        <time>2014-12-07T12:23:50Z</time>
      </trkpt>
      <trkpt lat="46.398347" lon="23.494418">
        <ele>1085.950</ele>
        <time>2014-12-07T12:23:58Z</time>
      </trkpt>
      <trkpt lat="46.398275" lon="23.494505">
        <ele>1085.522</ele>
        <time>2014-12-07T12:24:07Z</time>
      </trkpt>
      <trkpt lat="46.398199" lon="23.494600">
        <ele>1085.062</ele>
        <time>2014-12-07T12:24:15Z</time>
      </trkpt>
      <trkpt lat="46.398130" lon="23.494695">
        <ele>1084.508</ele>
        <time>2014-12-07T12:24:24Z</time>
      </trkpt>
      <trkpt lat="46.398059" lon="23.494813">
        <ele>1084.108</ele>
        <time>2014-12-07T12:24:56Z</time>
      </trkpt>
      <trkpt lat="46.398011" lon="23.494924">
        <ele>1083.693</ele>
        <time>2014-12-07T12:25:02Z</time>
      </trkpt>
      <trkpt lat="46.397954" lon="23.495025">
        <ele>1083.079</ele>
        <time>2014-12-07T12:25:10Z</time>
      </trkpt>
      <trkpt lat="46.397897" lon="23.495132">
        <ele>1082.411</ele>
        <time>2014-12-07T12:25:17Z</time>
      </trkpt>
      <trkpt lat="46.397837" lon="23.495241">
        <ele>1081.723</ele>
        <time>2014-12-07T12:25:25Z</time>
      </trkpt>
      <trkpt lat="46.397785" lon="23.495373">
        <ele>1081.163</ele>
        <time>2014-12-07T12:25:33Z</time>
      </trkpt>
      <trkpt lat="46.397773" lon="23.495515">
        <ele>1080.014</ele>
        <time>2014-12-07T12:25:45Z</time>
      </trkpt>
      <trkpt lat="46.397784" lon="23.495648">
        <ele>1078.945</ele>
        <time>2014-12-07T12:25:52Z</time>
      </trkpt>
      <trkpt lat="46.397801" lon="23.495790">
        <ele>1078.291</ele>
        <time>2014-12-07T12:26:00Z</time>
      </trkpt>
      <trkpt lat="46.397801" lon="23.495930">
        <ele>1077.572</ele>
        <time>2014-12-07T12:26:09Z</time>
      </trkpt>
      <trkpt lat="46.397829" lon="23.496056">
        <ele>1076.713</ele>
        <time>2014-12-07T12:26:16Z</time>
      </trkpt>
      <trkpt lat="46.397861" lon="23.496195">
        <ele>1076.014</ele>
        <time>2014-12-07T12:26:24Z</time>
      </trkpt>
      <trkpt lat="46.397870" lon="23.496327">
        <ele>1075.308</ele>
        <time>2014-12-07T12:26:33Z</time>
      </trkpt>
      <trkpt lat="46.397892" lon="23.496455">
        <ele>1076.088</ele>
        <time>2014-12-07T12:26:40Z</time>
      </trkpt>
      <trkpt lat="46.397910" lon="23.496592">
        <ele>1074.984</ele>
        <time>2014-12-07T12:26:47Z</time>
      </trkpt>
      <trkpt lat="46.397936" lon="23.496725">
        <ele>1073.866</ele>
        <time>2014-12-07T12:26:55Z</time>
      </trkpt>
      <trkpt lat="46.397951" lon="23.496859">
        <ele>1072.778</ele>
        <time>2014-12-07T12:27:02Z</time>
      </trkpt>
      <trkpt lat="46.397973" lon="23.496992">
        <ele>1071.658</ele>
        <time>2014-12-07T12:27:09Z</time>
      </trkpt>
      <trkpt lat="46.397978" lon="23.497123">
        <ele>1070.599</ele>
        <time>2014-12-07T12:27:17Z</time>
      </trkpt>
      <trkpt lat="46.397973" lon="23.497269">
        <ele>1070.090</ele>
        <time>2014-12-07T12:27:26Z</time>
      </trkpt>
      <trkpt lat="46.397955" lon="23.497399">
        <ele>1068.566</ele>
        <time>2014-12-07T12:27:33Z</time>
      </trkpt>
      <trkpt lat="46.397936" lon="23.497544">
        <ele>1067.119</ele>
        <time>2014-12-07T12:27:40Z</time>
      </trkpt>
      <trkpt lat="46.397922" lon="23.497678">
        <ele>1067.309</ele>
        <time>2014-12-07T12:27:48Z</time>
      </trkpt>
      <trkpt lat="46.397915" lon="23.497818">
        <ele>1067.519</ele>
        <time>2014-12-07T12:27:55Z</time>
      </trkpt>
      <trkpt lat="46.397915" lon="23.497962">
        <ele>1066.408</ele>
        <time>2014-12-07T12:28:03Z</time>
      </trkpt>
      <trkpt lat="46.397913" lon="23.498111">
        <ele>1067.182</ele>
        <time>2014-12-07T12:28:22Z</time>
      </trkpt>
      <trkpt lat="46.397929" lon="23.498246">
        <ele>1066.838</ele>
        <time>2014-12-07T12:28:32Z</time>
      </trkpt>
      <trkpt lat="46.397977" lon="23.498366">
        <ele>1066.530</ele>
        <time>2014-12-07T12:28:39Z</time>
      </trkpt>
      <trkpt lat="46.398037" lon="23.498497">
        <ele>1066.362</ele>
        <time>2014-12-07T12:28:49Z</time>
      </trkpt>
      <trkpt lat="46.398107" lon="23.498595">
        <ele>1066.082</ele>
        <time>2014-12-07T12:28:58Z</time>
      </trkpt>
      <trkpt lat="46.398138" lon="23.498733">
        <ele>1065.753</ele>
        <time>2014-12-07T12:29:09Z</time>
      </trkpt>
      <trkpt lat="46.398148" lon="23.498882">
        <ele>1066.444</ele>
        <time>2014-12-07T12:29:16Z</time>
      </trkpt>
      <trkpt lat="46.398158" lon="23.499018">
        <ele>1066.530</ele>
        <time>2014-12-07T12:29:26Z</time>
      </trkpt>
      <trkpt lat="46.398168" lon="23.499158">
        <ele>1063.235</ele>
        <time>2014-12-07T12:29:34Z</time>
      </trkpt>
      <trkpt lat="46.398153" lon="23.499305">
        <ele>1059.986</ele>
        <time>2014-12-07T12:29:42Z</time>
      </trkpt>
      <trkpt lat="46.398125" lon="23.499449">
        <ele>1056.614</ele>
        <time>2014-12-07T12:29:51Z</time>
      </trkpt>
      <trkpt lat="46.398089" lon="23.499585">
        <ele>1053.408</ele>
        <time>2014-12-07T12:29:58Z</time>
      </trkpt>
      <trkpt lat="46.398027" lon="23.499681">
        <ele>1051.134</ele>
        <time>2014-12-07T12:30:06Z</time>
      </trkpt>
      <trkpt lat="46.397956" lon="23.499775">
        <ele>1048.860</ele>
        <time>2014-12-07T12:30:15Z</time>
      </trkpt>
      <trkpt lat="46.397898" lon="23.499882">
        <ele>1045.842</ele>
        <time>2014-12-07T12:30:23Z</time>
      </trkpt>
      <trkpt lat="46.397860" lon="23.500006">
        <ele>1042.814</ele>
        <time>2014-12-07T12:30:29Z</time>
      </trkpt>
      <trkpt lat="46.397848" lon="23.500162">
        <ele>1039.814</ele>
        <time>2014-12-07T12:30:38Z</time>
      </trkpt>
      <trkpt lat="46.397837" lon="23.500296">
        <ele>1036.845</ele>
        <time>2014-12-07T12:30:45Z</time>
      </trkpt>
      <trkpt lat="46.397822" lon="23.500449">
        <ele>1034.466</ele>
        <time>2014-12-07T12:30:54Z</time>
      </trkpt>
      <trkpt lat="46.397795" lon="23.500589">
        <ele>1033.632</ele>
        <time>2014-12-07T12:31:01Z</time>
      </trkpt>
      <trkpt lat="46.397764" lon="23.500715">
        <ele>1032.478</ele>
        <time>2014-12-07T12:31:27Z</time>
      </trkpt>
      <trkpt lat="46.397801" lon="23.500846">
        <ele>1031.133</ele>
        <time>2014-12-07T12:31:40Z</time>
      </trkpt>
      <trkpt lat="46.397740" lon="23.500971">
        <ele>1029.826</ele>
        <time>2014-12-07T12:32:51Z</time>
      </trkpt>
      <trkpt lat="46.397781" lon="23.501091">
        <ele>1028.508</ele>
        <time>2014-12-07T12:33:12Z</time>
      </trkpt>
      <trkpt lat="46.397793" lon="23.501240">
        <ele>1027.378</ele>
        <time>2014-12-07T12:33:21Z</time>
      </trkpt>
      <trkpt lat="46.397784" lon="23.501373">
        <ele>1026.784</ele>
        <time>2014-12-07T12:33:30Z</time>
      </trkpt>
      <trkpt lat="46.397788" lon="23.501511">
        <ele>1025.986</ele>
        <time>2014-12-07T12:33:39Z</time>
      </trkpt>
      <trkpt lat="46.397781" lon="23.501658">
        <ele>1025.158</ele>
        <time>2014-12-07T12:33:47Z</time>
      </trkpt>
      <trkpt lat="46.397753" lon="23.501795">
        <ele>1024.338</ele>
        <time>2014-12-07T12:33:55Z</time>
      </trkpt>
      <trkpt lat="46.397716" lon="23.501917">
        <ele>1023.529</ele>
        <time>2014-12-07T12:34:03Z</time>
      </trkpt>
      <trkpt lat="46.397668" lon="23.502037">
        <ele>1022.670</ele>
        <time>2014-12-07T12:34:15Z</time>
      </trkpt>
      <trkpt lat="46.397627" lon="23.502158">
        <ele>1022.426</ele>
        <time>2014-12-07T12:34:24Z</time>
      </trkpt>
      <trkpt lat="46.397580" lon="23.502287">
        <ele>1022.172</ele>
        <time>2014-12-07T12:34:33Z</time>
      </trkpt>
      <trkpt lat="46.397512" lon="23.502373">
        <ele>1022.013</ele>
        <time>2014-12-07T12:34:40Z</time>
      </trkpt>
      <trkpt lat="46.397439" lon="23.502474">
        <ele>1021.914</ele>
        <time>2014-12-07T12:34:48Z</time>
      </trkpt>
      <trkpt lat="46.397382" lon="23.502595">
        <ele>1021.808</ele>
        <time>2014-12-07T12:34:56Z</time>
      </trkpt>
      <trkpt lat="46.397344" lon="23.502720">
        <ele>1021.778</ele>
        <time>2014-12-07T12:35:04Z</time>
      </trkpt>
      <trkpt lat="46.397328" lon="23.502851">
        <ele>1020.914</ele>
        <time>2014-12-07T12:35:14Z</time>
      </trkpt>
      <trkpt lat="46.397322" lon="23.502991">
        <ele>1020.126</ele>
        <time>2014-12-07T12:35:24Z</time>
      </trkpt>
      <trkpt lat="46.397269" lon="23.503107">
        <ele>1019.328</ele>
        <time>2014-12-07T12:35:31Z</time>
      </trkpt>
      <trkpt lat="46.397195" lon="23.503209">
        <ele>1018.588</ele>
        <time>2014-12-07T12:35:39Z</time>
      </trkpt>
      <trkpt lat="46.397131" lon="23.503315">
        <ele>1017.999</ele>
        <time>2014-12-07T12:35:46Z</time>
      </trkpt>
      <trkpt lat="46.397073" lon="23.503432">
        <ele>1017.480</ele>
        <time>2014-12-07T12:35:53Z</time>
      </trkpt>
      <trkpt lat="46.397020" lon="23.503548">
        <ele>1016.836</ele>
        <time>2014-12-07T12:36:02Z</time>
      </trkpt>
      <trkpt lat="46.396993" lon="23.503682">
        <ele>1016.194</ele>
        <time>2014-12-07T12:36:10Z</time>
      </trkpt>
      <trkpt lat="46.396969" lon="23.503831">
        <ele>1015.457</ele>
        <time>2014-12-07T12:36:19Z</time>
      </trkpt>
      <trkpt lat="46.396942" lon="23.503976">
        <ele>1014.622</ele>
        <time>2014-12-07T12:36:27Z</time>
      </trkpt>
      <trkpt lat="46.396894" lon="23.504118">
        <ele>1013.908</ele>
        <time>2014-12-07T12:36:38Z</time>
      </trkpt>
      <trkpt lat="46.396852" lon="23.504236">
        <ele>1014.250</ele>
        <time>2014-12-07T12:36:45Z</time>
      </trkpt>
      <trkpt lat="46.396827" lon="23.504370">
        <ele>1014.546</ele>
        <time>2014-12-07T12:36:53Z</time>
      </trkpt>
      <trkpt lat="46.396807" lon="23.504508">
        <ele>1014.758</ele>
        <time>2014-12-07T12:37:03Z</time>
      </trkpt>
      <trkpt lat="46.396780" lon="23.504645">
        <ele>1015.020</ele>
        <time>2014-12-07T12:37:12Z</time>
      </trkpt>
      <trkpt lat="46.396754" lon="23.504776">
        <ele>1015.030</ele>
        <time>2014-12-07T12:37:21Z</time>
      </trkpt>
      <trkpt lat="46.396699" lon="23.504912">
        <ele>1015.431</ele>
        <time>2014-12-07T12:37:28Z</time>
      </trkpt>
      <trkpt lat="46.396647" lon="23.505024">
        <ele>1015.762</ele>
        <time>2014-12-07T12:37:37Z</time>
      </trkpt>
      <trkpt lat="46.396620" lon="23.505157">
        <ele>1016.198</ele>
        <time>2014-12-07T12:37:47Z</time>
      </trkpt>
      <trkpt lat="46.396594" lon="23.505283">
        <ele>1016.526</ele>
        <time>2014-12-07T12:37:56Z</time>
      </trkpt>
      <trkpt lat="46.396557" lon="23.505416">
        <ele>1016.847</ele>
        <time>2014-12-07T12:38:03Z</time>
      </trkpt>
      <trkpt lat="46.396505" lon="23.505541">
        <ele>1015.911</ele>
        <time>2014-12-07T12:38:13Z</time>
      </trkpt>
      <trkpt lat="46.396443" lon="23.505639">
        <ele>1015.008</ele>
        <time>2014-12-07T12:38:20Z</time>
      </trkpt>
      <trkpt lat="46.396400" lon="23.505765">
        <ele>1014.133</ele>
        <time>2014-12-07T12:38:29Z</time>
      </trkpt>
      <trkpt lat="46.396346" lon="23.505879">
        <ele>1013.289</ele>
        <time>2014-12-07T12:38:39Z</time>
      </trkpt>
      <trkpt lat="46.396274" lon="23.505967">
        <ele>1013.071</ele>
        <time>2014-12-07T12:38:45Z</time>
      </trkpt>
      <trkpt lat="46.396201" lon="23.506054">
        <ele>1012.893</ele>
        <time>2014-12-07T12:38:55Z</time>
      </trkpt>
      <trkpt lat="46.396123" lon="23.506144">
        <ele>1012.353</ele>
        <time>2014-12-07T12:39:02Z</time>
      </trkpt>
      <trkpt lat="46.396052" lon="23.506229">
        <ele>1011.784</ele>
        <time>2014-12-07T12:39:09Z</time>
      </trkpt>
      <trkpt lat="46.395971" lon="23.506313">
        <ele>1011.255</ele>
        <time>2014-12-07T12:39:16Z</time>
      </trkpt>
      <trkpt lat="46.395895" lon="23.506411">
        <ele>1010.681</ele>
        <time>2014-12-07T12:39:24Z</time>
      </trkpt>
      <trkpt lat="46.395827" lon="23.506501">
        <ele>1008.661</ele>
        <time>2014-12-07T12:39:31Z</time>
      </trkpt>
      <trkpt lat="46.395756" lon="23.506599">
        <ele>1007.921</ele>
        <time>2014-12-07T12:39:39Z</time>
      </trkpt>
      <trkpt lat="46.395681" lon="23.506681">
        <ele>1007.213</ele>
        <time>2014-12-07T12:39:48Z</time>
      </trkpt>
      <trkpt lat="46.395600" lon="23.506756">
        <ele>1006.508</ele>
        <time>2014-12-07T12:39:55Z</time>
      </trkpt>
      <trkpt lat="46.395516" lon="23.506831">
        <ele>1006.217</ele>
        <time>2014-12-07T12:40:04Z</time>
      </trkpt>
      <trkpt lat="46.395435" lon="23.506889">
        <ele>1005.243</ele>
        <time>2014-12-07T12:40:12Z</time>
      </trkpt>
      <trkpt lat="46.395351" lon="23.506968">
        <ele>1004.225</ele>
        <time>2014-12-07T12:40:23Z</time>
      </trkpt>
      <trkpt lat="46.395289" lon="23.507065">
        <ele>1003.227</ele>
        <time>2014-12-07T12:40:32Z</time>
      </trkpt>
      <trkpt lat="46.395220" lon="23.507162">
        <ele>1002.277</ele>
        <time>2014-12-07T12:40:41Z</time>
      </trkpt>
      <trkpt lat="46.395149" lon="23.507267">
        <ele>1001.298</ele>
        <time>2014-12-07T12:40:48Z</time>
      </trkpt>
      <trkpt lat="46.395089" lon="23.507383">
        <ele>1000.239</ele>
        <time>2014-12-07T12:40:55Z</time>
      </trkpt>
      <trkpt lat="46.395022" lon="23.507491">
        <ele>1000.525</ele>
        <time>2014-12-07T12:41:06Z</time>
      </trkpt>
      <trkpt lat="46.394949" lon="23.507579">
        <ele>1000.722</ele>
        <time>2014-12-07T12:41:14Z</time>
      </trkpt>
      <trkpt lat="46.394874" lon="23.507676">
        <ele>1001.062</ele>
        <time>2014-12-07T12:41:21Z</time>
      </trkpt>
      <trkpt lat="46.394826" lon="23.507796">
        <ele>1001.308</ele>
        <time>2014-12-07T12:41:29Z</time>
      </trkpt>
      <trkpt lat="46.394788" lon="23.507920">
        <ele>1001.108</ele>
        <time>2014-12-07T12:41:36Z</time>
      </trkpt>
      <trkpt lat="46.394735" lon="23.508028">
        <ele>1000.923</ele>
        <time>2014-12-07T12:41:44Z</time>
      </trkpt>
      <trkpt lat="46.394703" lon="23.508154">
        <ele>1000.799</ele>
        <time>2014-12-07T12:42:10Z</time>
      </trkpt>
      <trkpt lat="46.394705" lon="23.508292">
        <ele>1000.541</ele>
        <time>2014-12-07T12:42:18Z</time>
      </trkpt>
      <trkpt lat="46.394718" lon="23.508432">
        <ele>1000.473</ele>
        <time>2014-12-07T12:42:26Z</time>
      </trkpt>
      <trkpt lat="46.394732" lon="23.508564">
        <ele>1000.223</ele>
        <time>2014-12-07T12:42:33Z</time>
      </trkpt>
      <trkpt lat="46.394740" lon="23.508714">
        <ele>1000.054</ele>
        <time>2014-12-07T12:42:41Z</time>
      </trkpt>
      <trkpt lat="46.394726" lon="23.508844">
        <ele>1000.055</ele>
        <time>2014-12-07T12:42:48Z</time>
      </trkpt>
      <trkpt lat="46.394737" lon="23.508978">
        <ele>999.841</ele>
        <time>2014-12-07T12:42:57Z</time>
      </trkpt>
      <trkpt lat="46.394741" lon="23.509120">
        <ele>999.699</ele>
        <time>2014-12-07T12:43:06Z</time>
      </trkpt>
      <trkpt lat="46.394747" lon="23.509257">
        <ele>999.507</ele>
        <time>2014-12-07T12:43:14Z</time>
      </trkpt>
      <trkpt lat="46.394764" lon="23.509390">
        <ele>999.327</ele>
        <time>2014-12-07T12:43:21Z</time>
      </trkpt>
      <trkpt lat="46.394769" lon="23.509529">
        <ele>999.108</ele>
        <time>2014-12-07T12:43:28Z</time>
      </trkpt>
      <trkpt lat="46.394789" lon="23.509667">
        <ele>998.930</ele>
        <time>2014-12-07T12:43:36Z</time>
      </trkpt>
      <trkpt lat="46.394815" lon="23.509795">
        <ele>998.796</ele>
        <time>2014-12-07T12:43:45Z</time>
      </trkpt>
      <trkpt lat="46.394827" lon="23.509926">
        <ele>998.578</ele>
        <time>2014-12-07T12:43:51Z</time>
      </trkpt>
      <trkpt lat="46.394865" lon="23.510045">
        <ele>998.290</ele>
        <time>2014-12-07T12:44:00Z</time>
      </trkpt>
      <trkpt lat="46.394888" lon="23.510176">
        <ele>997.950</ele>
        <time>2014-12-07T12:44:07Z</time>
      </trkpt>
      <trkpt lat="46.394927" lon="23.510302">
        <ele>997.691</ele>
        <time>2014-12-07T12:44:14Z</time>
      </trkpt>
      <trkpt lat="46.394966" lon="23.510423">
        <ele>997.542</ele>
        <time>2014-12-07T12:44:22Z</time>
      </trkpt>
      <trkpt lat="46.394994" lon="23.510549">
        <ele>997.528</ele>
        <time>2014-12-07T12:44:29Z</time>
      </trkpt>
      <trkpt lat="46.395018" lon="23.510679">
        <ele>997.493</ele>
        <time>2014-12-07T12:44:37Z</time>
      </trkpt>
      <trkpt lat="46.395045" lon="23.510810">
        <ele>997.365</ele>
        <time>2014-12-07T12:44:45Z</time>
      </trkpt>
      <trkpt lat="46.395032" lon="23.510963">
        <ele>997.221</ele>
        <time>2014-12-07T12:45:01Z</time>
      </trkpt>
      <trkpt lat="46.395063" lon="23.511102">
        <ele>997.108</ele>
        <time>2014-12-07T12:45:10Z</time>
      </trkpt>
      <trkpt lat="46.395080" lon="23.511244">
        <ele>997.010</ele>
        <time>2014-12-07T12:45:18Z</time>
      </trkpt>
      <trkpt lat="46.395116" lon="23.511375">
        <ele>997.076</ele>
        <time>2014-12-07T12:45:27Z</time>
      </trkpt>
      <trkpt lat="46.395126" lon="23.511519">
        <ele>997.018</ele>
        <time>2014-12-07T12:45:35Z</time>
      </trkpt>
      <trkpt lat="46.395123" lon="23.511652">
        <ele>997.070</ele>
        <time>2014-12-07T12:45:43Z</time>
      </trkpt>
      <trkpt lat="46.395139" lon="23.511790">
        <ele>997.080</ele>
        <time>2014-12-07T12:45:51Z</time>
      </trkpt>
      <trkpt lat="46.395137" lon="23.511922">
        <ele>997.081</ele>
        <time>2014-12-07T12:46:03Z</time>
      </trkpt>
      <trkpt lat="46.395137" lon="23.512065">
        <ele>997.052</ele>
        <time>2014-12-07T12:46:11Z</time>
      </trkpt>
      <trkpt lat="46.395134" lon="23.512208">
        <ele>997.048</ele>
        <time>2014-12-07T12:46:19Z</time>
      </trkpt>
      <trkpt lat="46.395128" lon="23.512344">
        <ele>997.345</ele>
        <time>2014-12-07T12:46:27Z</time>
      </trkpt>
      <trkpt lat="46.395116" lon="23.512491">
        <ele>997.547</ele>
        <time>2014-12-07T12:46:36Z</time>
      </trkpt>
      <trkpt lat="46.395099" lon="23.512632">
        <ele>997.811</ele>
        <time>2014-12-07T12:46:44Z</time>
      </trkpt>
      <trkpt lat="46.395104" lon="23.512763">
        <ele>998.108</ele>
        <time>2014-12-07T12:46:53Z</time>
      </trkpt>
      <trkpt lat="46.395094" lon="23.512893">
        <ele>998.425</ele>
        <time>2014-12-07T12:47:02Z</time>
      </trkpt>
      <trkpt lat="46.395066" lon="23.513023">
        <ele>998.661</ele>
        <time>2014-12-07T12:47:08Z</time>
      </trkpt>
      <trkpt lat="46.395039" lon="23.513157">
        <ele>998.983</ele>
        <time>2014-12-07T12:47:17Z</time>
      </trkpt>
      <trkpt lat="46.394992" lon="23.513282">
        <ele>999.255</ele>
        <time>2014-12-07T12:47:25Z</time>
      </trkpt>
      <trkpt lat="46.394937" lon="23.513386">
        <ele>998.025</ele>
        <time>2014-12-07T12:47:34Z</time>
      </trkpt>
      <trkpt lat="46.394872" lon="23.513486">
        <ele>996.876</ele>
        <time>2014-12-07T12:47:42Z</time>
      </trkpt>
      <trkpt lat="46.394810" lon="23.513589">
        <ele>994.597</ele>
        <time>2014-12-07T12:47:50Z</time>
      </trkpt>
      <trkpt lat="46.394741" lon="23.513680">
        <ele>992.093</ele>
        <time>2014-12-07T12:48:00Z</time>
      </trkpt>
      <trkpt lat="46.394656" lon="23.513760">
        <ele>989.555</ele>
        <time>2014-12-07T12:48:09Z</time>
      </trkpt>
      <trkpt lat="46.394570" lon="23.513799">
        <ele>986.907</ele>
        <time>2014-12-07T12:48:23Z</time>
      </trkpt>
      <trkpt lat="46.394484" lon="23.513864">
        <ele>984.417</ele>
        <time>2014-12-07T12:48:30Z</time>
      </trkpt>
      <trkpt lat="46.394404" lon="23.513943">
        <ele>981.808</ele>
        <time>2014-12-07T12:48:40Z</time>
      </trkpt>
      <trkpt lat="46.394355" lon="23.514061">
        <ele>979.396</ele>
        <time>2014-12-07T12:48:47Z</time>
      </trkpt>
      <trkpt lat="46.394315" lon="23.514190">
        <ele>977.552</ele>
        <time>2014-12-07T12:48:56Z</time>
      </trkpt>
      <trkpt lat="46.394274" lon="23.514314">
        <ele>975.844</ele>
        <time>2014-12-07T12:49:05Z</time>
      </trkpt>
      <trkpt lat="46.394257" lon="23.514443">
        <ele>975.566</ele>
        <time>2014-12-07T12:49:16Z</time>
      </trkpt>
      <trkpt lat="46.394233" lon="23.514571">
        <ele>975.316</ele>
        <time>2014-12-07T12:49:24Z</time>
      </trkpt>
      <trkpt lat="46.394181" lon="23.514689">
        <ele>976.197</ele>
        <time>2014-12-07T12:49:33Z</time>
      </trkpt>
      <trkpt lat="46.394141" lon="23.514810">
        <ele>976.938</ele>
        <time>2014-12-07T12:49:39Z</time>
      </trkpt>
      <trkpt lat="46.394087" lon="23.514933">
        <ele>977.714</ele>
        <time>2014-12-07T12:49:49Z</time>
      </trkpt>
      <trkpt lat="46.394040" lon="23.515061">
        <ele>975.592</ele>
        <time>2014-12-07T12:50:00Z</time>
      </trkpt>
      <trkpt lat="46.393993" lon="23.515180">
        <ele>973.473</ele>
        <time>2014-12-07T12:50:09Z</time>
      </trkpt>
      <trkpt lat="46.393934" lon="23.515280">
        <ele>971.220</ele>
        <time>2014-12-07T12:50:19Z</time>
      </trkpt>
      <trkpt lat="46.393883" lon="23.515401">
        <ele>969.008</ele>
        <time>2014-12-07T12:50:26Z</time>
      </trkpt>
      <trkpt lat="46.393830" lon="23.515507">
        <ele>966.060</ele>
        <time>2014-12-07T12:50:35Z</time>
      </trkpt>
      <trkpt lat="46.393761" lon="23.515609">
        <ele>963.066</ele>
        <time>2014-12-07T12:50:44Z</time>
      </trkpt>
      <trkpt lat="46.393698" lon="23.515721">
        <ele>960.058</ele>
        <time>2014-12-07T12:50:54Z</time>
      </trkpt>
      <trkpt lat="46.393632" lon="23.515828">
        <ele>957.090</ele>
        <time>2014-12-07T12:51:01Z</time>
      </trkpt>
      <trkpt lat="46.393594" lon="23.515946">
        <ele>954.020</ele>
        <time>2014-12-07T12:51:10Z</time>
      </trkpt>
      <trkpt lat="46.393540" lon="23.516077">
        <ele>952.371</ele>
        <time>2014-12-07T12:51:20Z</time>
      </trkpt>
      <trkpt lat="46.393485" lon="23.516183">
        <ele>950.562</ele>
        <time>2014-12-07T12:51:28Z</time>
      </trkpt>
      <trkpt lat="46.393403" lon="23.516253">
        <ele>951.828</ele>
        <time>2014-12-07T12:51:36Z</time>
      </trkpt>
      <trkpt lat="46.393309" lon="23.516264">
        <ele>949.579</ele>
        <time>2014-12-07T12:51:48Z</time>
      </trkpt>
      <trkpt lat="46.393220" lon="23.516313">
        <ele>947.105</ele>
        <time>2014-12-07T12:51:56Z</time>
      </trkpt>
      <trkpt lat="46.393134" lon="23.516364">
        <ele>944.725</ele>
        <time>2014-12-07T12:52:10Z</time>
      </trkpt>
      <trkpt lat="46.393060" lon="23.516458">
        <ele>942.408</ele>
        <time>2014-12-07T12:52:18Z</time>
      </trkpt>
      <trkpt lat="46.392990" lon="23.516554">
        <ele>940.058</ele>
        <time>2014-12-07T12:52:27Z</time>
      </trkpt>
      <trkpt lat="46.392951" lon="23.516674">
        <ele>937.654</ele>
        <time>2014-12-07T12:52:38Z</time>
      </trkpt>
      <trkpt lat="46.392881" lon="23.516785">
        <ele>935.556</ele>
        <time>2014-12-07T12:52:55Z</time>
      </trkpt>
      <trkpt lat="46.392808" lon="23.516886">
        <ele>933.598</ele>
        <time>2014-12-07T12:53:03Z</time>
      </trkpt>
      <trkpt lat="46.392738" lon="23.516978">
        <ele>930.118</ele>
        <time>2014-12-07T12:53:12Z</time>
      </trkpt>
      <trkpt lat="46.392668" lon="23.517063">
        <ele>926.739</ele>
        <time>2014-12-07T12:53:22Z</time>
      </trkpt>
      <trkpt lat="46.392594" lon="23.517162">
        <ele>923.490</ele>
        <time>2014-12-07T12:53:32Z</time>
      </trkpt>
      <trkpt lat="46.392514" lon="23.517234">
        <ele>923.636</ele>
        <time>2014-12-07T12:53:40Z</time>
      </trkpt>
      <trkpt lat="46.392445" lon="23.517322">
        <ele>923.986</ele>
        <time>2014-12-07T12:53:49Z</time>
      </trkpt>
      <trkpt lat="46.392405" lon="23.517446">
        <ele>924.760</ele>
        <time>2014-12-07T12:53:58Z</time>
      </trkpt>
      <trkpt lat="46.392375" lon="23.517580">
        <ele>925.526</ele>
        <time>2014-12-07T12:54:12Z</time>
      </trkpt>
      <trkpt lat="46.392353" lon="23.517717">
        <ele>926.408</ele>
        <time>2014-12-07T12:54:20Z</time>
      </trkpt>
      <trkpt lat="46.392331" lon="23.517853">
        <ele>927.249</ele>
        <time>2014-12-07T12:54:30Z</time>
      </trkpt>
      <trkpt lat="46.392295" lon="23.517982">
        <ele>924.615</ele>
        <time>2014-12-07T12:54:40Z</time>
      </trkpt>
      <trkpt lat="46.392251" lon="23.518102">
        <ele>922.187</ele>
        <time>2014-12-07T12:54:50Z</time>
      </trkpt>
      <trkpt lat="46.392207" lon="23.518218">
        <ele>918.459</ele>
        <time>2014-12-07T12:55:00Z</time>
      </trkpt>
      <trkpt lat="46.392141" lon="23.518323">
        <ele>914.679</ele>
        <time>2014-12-07T12:55:07Z</time>
      </trkpt>
      <trkpt lat="46.392089" lon="23.518454">
        <ele>910.980</ele>
        <time>2014-12-07T12:55:18Z</time>
      </trkpt>
      <trkpt lat="46.392026" lon="23.518573">
        <ele>907.231</ele>
        <time>2014-12-07T12:55:28Z</time>
      </trkpt>
      <trkpt lat="46.391992" lon="23.518714">
        <ele>903.537</ele>
        <time>2014-12-07T12:55:36Z</time>
      </trkpt>
      <trkpt lat="46.391970" lon="23.518851">
        <ele>899.244</ele>
        <time>2014-12-07T12:55:46Z</time>
      </trkpt>
      <trkpt lat="46.391928" lon="23.518988">
        <ele>893.405</ele>
        <time>2014-12-07T12:55:56Z</time>
      </trkpt>
      <trkpt lat="46.391896" lon="23.519122">
        <ele>887.515</ele>
        <time>2014-12-07T12:56:04Z</time>
      </trkpt>
      <trkpt lat="46.391882" lon="23.519252">
        <ele>881.708</ele>
        <time>2014-12-07T12:56:12Z</time>
      </trkpt>
      <trkpt lat="46.391862" lon="23.519382">
        <ele>879.035</ele>
        <time>2014-12-07T12:56:21Z</time>
      </trkpt>
      <trkpt lat="46.391856" lon="23.519524">
        <ele>876.311</ele>
        <time>2014-12-07T12:56:34Z</time>
      </trkpt>
      <trkpt lat="46.391880" lon="23.519661">
        <ele>874.743</ele>
        <time>2014-12-07T13:00:56Z</time>
      </trkpt>
      <trkpt lat="46.391928" lon="23.519779">
        <ele>873.295</ele>
        <time>2014-12-07T13:01:05Z</time>
      </trkpt>
      <trkpt lat="46.391976" lon="23.519903">
        <ele>873.865</ele>
        <time>2014-12-07T13:01:15Z</time>
      </trkpt>
      <trkpt lat="46.392006" lon="23.520036">
        <ele>874.596</ele>
        <time>2014-12-07T13:01:23Z</time>
      </trkpt>
      <trkpt lat="46.392032" lon="23.520166">
        <ele>875.137</ele>
        <time>2014-12-07T13:01:36Z</time>
      </trkpt>
      <trkpt lat="46.392078" lon="23.520287">
        <ele>875.793</ele>
        <time>2014-12-07T13:01:46Z</time>
      </trkpt>
      <trkpt lat="46.392074" lon="23.520428">
        <ele>877.941</ele>
        <time>2014-12-07T13:01:56Z</time>
      </trkpt>
      <trkpt lat="46.392088" lon="23.520566">
        <ele>880.181</ele>
        <time>2014-12-07T13:02:03Z</time>
      </trkpt>
      <trkpt lat="46.392118" lon="23.520694">
        <ele>879.609</ele>
        <time>2014-12-07T13:02:11Z</time>
      </trkpt>
      <trkpt lat="46.392136" lon="23.520834">
        <ele>879.208</ele>
        <time>2014-12-07T13:02:27Z</time>
      </trkpt>
      <trkpt lat="46.392167" lon="23.520977">
        <ele>878.785</ele>
        <time>2014-12-07T13:02:45Z</time>
      </trkpt>
      <trkpt lat="46.392214" lon="23.521108">
        <ele>878.311</ele>
        <time>2014-12-07T13:02:53Z</time>
      </trkpt>
      <trkpt lat="46.392277" lon="23.521213">
        <ele>877.863</ele>
        <time>2014-12-07T13:03:02Z</time>
      </trkpt>
      <trkpt lat="46.392346" lon="23.521297">
        <ele>875.275</ele>
        <time>2014-12-07T13:03:10Z</time>
      </trkpt>
      <trkpt lat="46.392399" lon="23.521422">
        <ele>872.515</ele>
        <time>2014-12-07T13:03:18Z</time>
      </trkpt>
      <trkpt lat="46.392442" lon="23.521555">
        <ele>867.996</ele>
        <time>2014-12-07T13:03:26Z</time>
      </trkpt>
      <trkpt lat="46.392483" lon="23.521678">
        <ele>863.317</ele>
        <time>2014-12-07T13:03:33Z</time>
      </trkpt>
      <trkpt lat="46.392533" lon="23.521803">
        <ele>858.683</ele>
        <time>2014-12-07T13:03:42Z</time>
      </trkpt>
      <trkpt lat="46.392594" lon="23.521908">
        <ele>854.016</ele>
        <time>2014-12-07T13:03:49Z</time>
      </trkpt>
      <trkpt lat="46.392655" lon="23.522030">
        <ele>852.076</ele>
        <time>2014-12-07T13:03:58Z</time>
      </trkpt>
      <trkpt lat="46.392702" lon="23.522158">
        <ele>850.013</ele>
        <time>2014-12-07T13:04:06Z</time>
      </trkpt>
      <trkpt lat="46.392725" lon="23.522300">
        <ele>848.008</ele>
        <time>2014-12-07T13:04:15Z</time>
      </trkpt>
      <trkpt lat="46.392782" lon="23.522418">
        <ele>847.282</ele>
        <time>2014-12-07T13:04:23Z</time>
      </trkpt>
      <trkpt lat="46.392843" lon="23.522527">
        <ele>846.448</ele>
        <time>2014-12-07T13:04:31Z</time>
      </trkpt>
      <trkpt lat="46.392903" lon="23.522638">
        <ele>845.560</ele>
        <time>2014-12-07T13:04:40Z</time>
      </trkpt>
      <trkpt lat="46.392938" lon="23.522763">
        <ele>844.782</ele>
        <time>2014-12-07T13:04:48Z</time>
      </trkpt>
      <trkpt lat="46.392970" lon="23.522901">
        <ele>845.932</ele>
        <time>2014-12-07T13:04:57Z</time>
      </trkpt>
      <trkpt lat="46.393015" lon="23.523021">
        <ele>847.173</ele>
        <time>2014-12-07T13:05:05Z</time>
      </trkpt>
      <trkpt lat="46.393068" lon="23.523146">
        <ele>848.324</ele>
        <time>2014-12-07T13:05:17Z</time>
      </trkpt>
      <trkpt lat="46.393105" lon="23.523275">
        <ele>848.460</ele>
        <time>2014-12-07T13:05:26Z</time>
      </trkpt>
      <trkpt lat="46.393128" lon="23.523404">
        <ele>848.517</ele>
        <time>2014-12-07T13:05:34Z</time>
      </trkpt>
      <trkpt lat="46.393158" lon="23.523532">
        <ele>848.587</ele>
        <time>2014-12-07T13:05:41Z</time>
      </trkpt>
      <trkpt lat="46.393196" lon="23.523661">
        <ele>848.615</ele>
        <time>2014-12-07T13:05:49Z</time>
      </trkpt>
      <trkpt lat="46.393225" lon="23.523793">
        <ele>847.508</ele>
        <time>2014-12-07T13:05:58Z</time>
      </trkpt>
      <trkpt lat="46.393271" lon="23.523905">
        <ele>846.582</ele>
        <time>2014-12-07T13:06:07Z</time>
      </trkpt>
      <trkpt lat="46.393320" lon="23.524026">
        <ele>845.458</ele>
        <time>2014-12-07T13:06:15Z</time>
      </trkpt>
      <trkpt lat="46.393377" lon="23.524143">
        <ele>843.260</ele>
        <time>2014-12-07T13:06:23Z</time>
      </trkpt>
      <trkpt lat="46.393422" lon="23.524275">
        <ele>841.012</ele>
        <time>2014-12-07T13:06:32Z</time>
      </trkpt>
      <trkpt lat="46.393484" lon="23.524387">
        <ele>838.872</ele>
        <time>2014-12-07T13:06:41Z</time>
      </trkpt>
      <trkpt lat="46.393518" lon="23.524518">
        <ele>836.943</ele>
        <time>2014-12-07T13:06:48Z</time>
      </trkpt>
      <trkpt lat="46.393551" lon="23.524644">
        <ele>836.154</ele>
        <time>2014-12-07T13:06:57Z</time>
      </trkpt>
      <trkpt lat="46.393581" lon="23.524772">
        <ele>835.370</ele>
        <time>2014-12-07T13:07:04Z</time>
      </trkpt>
      <trkpt lat="46.393637" lon="23.524890">
        <ele>834.555</ele>
        <time>2014-12-07T13:07:11Z</time>
      </trkpt>
      <trkpt lat="46.393721" lon="23.524970">
        <ele>833.607</ele>
        <time>2014-12-07T13:07:20Z</time>
      </trkpt>
      <trkpt lat="46.393809" lon="23.525063">
        <ele>832.817</ele>
        <time>2014-12-07T13:07:29Z</time>
      </trkpt>
      <trkpt lat="46.393877" lon="23.525162">
        <ele>832.008</ele>
        <time>2014-12-07T13:07:38Z</time>
      </trkpt>
      <trkpt lat="46.393969" lon="23.525214">
        <ele>831.246</ele>
        <time>2014-12-07T13:07:46Z</time>
      </trkpt>
      <trkpt lat="46.394066" lon="23.525242">
        <ele>831.592</ele>
        <time>2014-12-07T13:07:54Z</time>
      </trkpt>
      <trkpt lat="46.394157" lon="23.525243">
        <ele>831.754</ele>
        <time>2014-12-07T13:08:04Z</time>
      </trkpt>
      <trkpt lat="46.394258" lon="23.525221">
        <ele>830.186</ele>
        <time>2014-12-07T13:08:12Z</time>
      </trkpt>
      <trkpt lat="46.394353" lon="23.525203">
        <ele>828.276</ele>
        <time>2014-12-07T13:08:21Z</time>
      </trkpt>
      <trkpt lat="46.394443" lon="23.525162">
        <ele>826.377</ele>
        <time>2014-12-07T13:08:29Z</time>
      </trkpt>
      <trkpt lat="46.394528" lon="23.525096">
        <ele>824.438</ele>
        <time>2014-12-07T13:08:36Z</time>
      </trkpt>
      <trkpt lat="46.394610" lon="23.525028">
        <ele>822.524</ele>
        <time>2014-12-07T13:08:44Z</time>
      </trkpt>
      <trkpt lat="46.394694" lon="23.524973">
        <ele>822.141</ele>
        <time>2014-12-07T13:08:52Z</time>
      </trkpt>
      <trkpt lat="46.394781" lon="23.524914">
        <ele>821.781</ele>
        <time>2014-12-07T13:09:00Z</time>
      </trkpt>
      <trkpt lat="46.394863" lon="23.524832">
        <ele>821.409</ele>
        <time>2014-12-07T13:09:08Z</time>
      </trkpt>
      <trkpt lat="46.394943" lon="23.524753">
        <ele>821.008</ele>
        <time>2014-12-07T13:09:19Z</time>
      </trkpt>
      <trkpt lat="46.395031" lon="23.524726">
        <ele>820.285</ele>
        <time>2014-12-07T13:09:26Z</time>
      </trkpt>
      <trkpt lat="46.395128" lon="23.524694">
        <ele>819.491</ele>
        <time>2014-12-07T13:09:34Z</time>
      </trkpt>
      <trkpt lat="46.395221" lon="23.524662">
        <ele>820.513</ele>
        <time>2014-12-07T13:09:41Z</time>
      </trkpt>
      <trkpt lat="46.395308" lon="23.524623">
        <ele>821.585</ele>
        <time>2014-12-07T13:09:48Z</time>
      </trkpt>
      <trkpt lat="46.395405" lon="23.524598">
        <ele>822.685</ele>
        <time>2014-12-07T13:09:56Z</time>
      </trkpt>
      <trkpt lat="46.395498" lon="23.524547">
        <ele>823.756</ele>
        <time>2014-12-07T13:10:03Z</time>
      </trkpt>
      <trkpt lat="46.395596" lon="23.524554">
        <ele>824.887</ele>
        <time>2014-12-07T13:10:12Z</time>
      </trkpt>
      <trkpt lat="46.395700" lon="23.524554">
        <ele>824.453</ele>
        <time>2014-12-07T13:10:20Z</time>
      </trkpt>
      <trkpt lat="46.395791" lon="23.524549">
        <ele>823.934</ele>
        <time>2014-12-07T13:10:27Z</time>
      </trkpt>
      <trkpt lat="46.395880" lon="23.524520">
        <ele>822.555</ele>
        <time>2014-12-07T13:10:34Z</time>
      </trkpt>
      <trkpt lat="46.395972" lon="23.524486">
        <ele>821.210</ele>
        <time>2014-12-07T13:10:42Z</time>
      </trkpt>
      <trkpt lat="46.396064" lon="23.524464">
        <ele>820.308</ele>
        <time>2014-12-07T13:10:49Z</time>
      </trkpt>
      <trkpt lat="46.396160" lon="23.524457">
        <ele>819.434</ele>
        <time>2014-12-07T13:10:57Z</time>
      </trkpt>
      <trkpt lat="46.396256" lon="23.524409">
        <ele>818.590</ele>
        <time>2014-12-07T13:11:04Z</time>
      </trkpt>
      <trkpt lat="46.396346" lon="23.524369">
        <ele>817.542</ele>
        <time>2014-12-07T13:11:11Z</time>
      </trkpt>
      <trkpt lat="46.396432" lon="23.524306">
        <ele>816.654</ele>
        <time>2014-12-07T13:11:19Z</time>
      </trkpt>
      <trkpt lat="46.396527" lon="23.524251">
        <ele>815.794</ele>
        <time>2014-12-07T13:11:27Z</time>
      </trkpt>
      <trkpt lat="46.396621" lon="23.524232">
        <ele>814.155</ele>
        <time>2014-12-07T13:11:35Z</time>
      </trkpt>
      <trkpt lat="46.396718" lon="23.524241">
        <ele>812.556</ele>
        <time>2014-12-07T13:11:42Z</time>
      </trkpt>
      <trkpt lat="46.396819" lon="23.524241">
        <ele>810.822</ele>
        <time>2014-12-07T13:11:50Z</time>
      </trkpt>
      <trkpt lat="46.396912" lon="23.524254">
        <ele>810.132</ele>
        <time>2014-12-07T13:11:58Z</time>
      </trkpt>
      <trkpt lat="46.397017" lon="23.524257">
        <ele>809.492</ele>
        <time>2014-12-07T13:12:06Z</time>
      </trkpt>
      <trkpt lat="46.397125" lon="23.524254">
        <ele>808.611</ele>
        <time>2014-12-07T13:12:14Z</time>
      </trkpt>
      <trkpt lat="46.397219" lon="23.524278">
        <ele>807.908</ele>
        <time>2014-12-07T13:12:23Z</time>
      </trkpt>
      <trkpt lat="46.397318" lon="23.524274">
        <ele>807.234</ele>
        <time>2014-12-07T13:12:30Z</time>
      </trkpt>
      <trkpt lat="46.397420" lon="23.524270">
        <ele>806.530</ele>
        <time>2014-12-07T13:12:38Z</time>
      </trkpt>
      <trkpt lat="46.397512" lon="23.524252">
        <ele>804.662</ele>
        <time>2014-12-07T13:12:45Z</time>
      </trkpt>
      <trkpt lat="46.397604" lon="23.524251">
        <ele>802.884</ele>
        <time>2014-12-07T13:12:51Z</time>
      </trkpt>
      <trkpt lat="46.397704" lon="23.524260">
        <ele>801.744</ele>
        <time>2014-12-07T13:13:00Z</time>
      </trkpt>
      <trkpt lat="46.397797" lon="23.524258">
        <ele>800.655</ele>
        <time>2014-12-07T13:13:05Z</time>
      </trkpt>
      <trkpt lat="46.397893" lon="23.524254">
        <ele>799.596</ele>
        <time>2014-12-07T13:13:13Z</time>
      </trkpt>
      <trkpt lat="46.397994" lon="23.524228">
        <ele>798.522</ele>
        <time>2014-12-07T13:13:20Z</time>
      </trkpt>
      <trkpt lat="46.398084" lon="23.524183">
        <ele>799.347</ele>
        <time>2014-12-07T13:13:27Z</time>
      </trkpt>
      <trkpt lat="46.398165" lon="23.524122">
        <ele>800.129</ele>
        <time>2014-12-07T13:13:36Z</time>
      </trkpt>
      <trkpt lat="46.398254" lon="23.524060">
        <ele>800.921</ele>
        <time>2014-12-07T13:13:46Z</time>
      </trkpt>
      <trkpt lat="46.398334" lon="23.523988">
        <ele>801.708</ele>
        <time>2014-12-07T13:13:56Z</time>
      </trkpt>
      <trkpt lat="46.398416" lon="23.523917">
        <ele>800.745</ele>
        <time>2014-12-07T13:14:05Z</time>
      </trkpt>
      <trkpt lat="46.398505" lon="23.523840">
        <ele>800.841</ele>
        <time>2014-12-07T13:14:16Z</time>
      </trkpt>
      <trkpt lat="46.398586" lon="23.523774">
        <ele>800.943</ele>
        <time>2014-12-07T13:14:23Z</time>
      </trkpt>
      <trkpt lat="46.398666" lon="23.523701">
        <ele>801.065</ele>
        <time>2014-12-07T13:14:31Z</time>
      </trkpt>
      <trkpt lat="46.398739" lon="23.523610">
        <ele>801.135</ele>
        <time>2014-12-07T13:14:39Z</time>
      </trkpt>
      <trkpt lat="46.398808" lon="23.523527">
        <ele>801.286</ele>
        <time>2014-12-07T13:14:48Z</time>
      </trkpt>
      <trkpt lat="46.398893" lon="23.523469">
        <ele>801.317</ele>
        <time>2014-12-07T13:14:56Z</time>
      </trkpt>
      <trkpt lat="46.398982" lon="23.523438">
        <ele>799.513</ele>
        <time>2014-12-07T13:15:04Z</time>
      </trkpt>
      <trkpt lat="46.399074" lon="23.523449">
        <ele>797.699</ele>
        <time>2014-12-07T13:15:13Z</time>
      </trkpt>
      <trkpt lat="46.399175" lon="23.523482">
        <ele>794.307</ele>
        <time>2014-12-07T13:15:22Z</time>
      </trkpt>
      <trkpt lat="46.399266" lon="23.523533">
        <ele>790.927</ele>
        <time>2014-12-07T13:15:29Z</time>
      </trkpt>
      <trkpt lat="46.399369" lon="23.523559">
        <ele>789.408</ele>
        <time>2014-12-07T13:15:39Z</time>
      </trkpt>
      <trkpt lat="46.399459" lon="23.523545">
        <ele>787.820</ele>
        <time>2014-12-07T13:15:47Z</time>
      </trkpt>
      <trkpt lat="46.399548" lon="23.523515">
        <ele>786.346</ele>
        <time>2014-12-07T13:15:54Z</time>
      </trkpt>
      <trkpt lat="46.399634" lon="23.523469">
        <ele>784.788</ele>
        <time>2014-12-07T13:16:02Z</time>
      </trkpt>
      <trkpt lat="46.399724" lon="23.523421">
        <ele>783.280</ele>
        <time>2014-12-07T13:16:11Z</time>
      </trkpt>
      <trkpt lat="46.399804" lon="23.523350">
        <ele>781.610</ele>
        <time>2014-12-07T13:16:19Z</time>
      </trkpt>
      <trkpt lat="46.399894" lon="23.523318">
        <ele>780.191</ele>
        <time>2014-12-07T13:16:27Z</time>
      </trkpt>
      <trkpt lat="46.399985" lon="23.523272">
        <ele>778.592</ele>
        <time>2014-12-07T13:16:34Z</time>
      </trkpt>
      <trkpt lat="46.400071" lon="23.523201">
        <ele>775.018</ele>
        <time>2014-12-07T13:16:43Z</time>
      </trkpt>
      <trkpt lat="46.400157" lon="23.523155">
        <ele>773.021</ele>
        <time>2014-12-07T13:16:50Z</time>
      </trkpt>
      <trkpt lat="46.400245" lon="23.523114">
        <ele>771.041</ele>
        <time>2014-12-07T13:16:57Z</time>
      </trkpt>
      <trkpt lat="46.400332" lon="23.523056">
        <ele>770.405</ele>
        <time>2014-12-07T13:17:05Z</time>
      </trkpt>
      <trkpt lat="46.400422" lon="23.523012">
        <ele>769.708</ele>
        <time>2014-12-07T13:17:12Z</time>
      </trkpt>
      <trkpt lat="46.400508" lon="23.522971">
        <ele>769.183</ele>
        <time>2014-12-07T13:17:20Z</time>
      </trkpt>
      <trkpt lat="46.400599" lon="23.522974">
        <ele>768.529</ele>
        <time>2014-12-07T13:17:30Z</time>
      </trkpt>
      <trkpt lat="46.400694" lon="23.522961">
        <ele>767.881</ele>
        <time>2014-12-07T13:17:39Z</time>
      </trkpt>
      <trkpt lat="46.400787" lon="23.522914">
        <ele>767.283</ele>
        <time>2014-12-07T13:17:47Z</time>
      </trkpt>
      <trkpt lat="46.400872" lon="23.522845">
        <ele>766.533</ele>
        <time>2014-12-07T13:17:54Z</time>
      </trkpt>
      <trkpt lat="46.400952" lon="23.522764">
        <ele>763.574</ele>
        <time>2014-12-07T13:18:03Z</time>
      </trkpt>
      <trkpt lat="46.401033" lon="23.522703">
        <ele>762.515</ele>
        <time>2014-12-07T13:18:11Z</time>
      </trkpt>
      <trkpt lat="46.401084" lon="23.522584">
        <ele>761.531</ele>
        <time>2014-12-07T13:18:19Z</time>
      </trkpt>
      <trkpt lat="46.401123" lon="23.522461">
        <ele>760.593</ele>
        <time>2014-12-07T13:18:29Z</time>
      </trkpt>
      <trkpt lat="46.401215" lon="23.522415">
        <ele>759.265</ele>
        <time>2014-12-07T13:18:36Z</time>
      </trkpt>
      <trkpt lat="46.401296" lon="23.522334">
        <ele>757.821</ele>
        <time>2014-12-07T13:18:44Z</time>
      </trkpt>
      <trkpt lat="46.401384" lon="23.522280">
        <ele>756.508</ele>
        <time>2014-12-07T13:18:53Z</time>
      </trkpt>
      <trkpt lat="46.401469" lon="23.522236">
        <ele>755.150</ele>
        <time>2014-12-07T13:19:00Z</time>
      </trkpt>
      <trkpt lat="46.401550" lon="23.522167">
        <ele>753.786</ele>
        <time>2014-12-07T13:19:08Z</time>
      </trkpt>
      <trkpt lat="46.401636" lon="23.522094">
        <ele>752.428</ele>
        <time>2014-12-07T13:19:16Z</time>
      </trkpt>
      <trkpt lat="46.401714" lon="23.522016">
        <ele>751.060</ele>
        <time>2014-12-07T13:19:23Z</time>
      </trkpt>
      <trkpt lat="46.401802" lon="23.521965">
        <ele>750.250</ele>
        <time>2014-12-07T13:19:32Z</time>
      </trkpt>
      <trkpt lat="46.401880" lon="23.521895">
        <ele>749.411</ele>
        <time>2014-12-07T13:19:40Z</time>
      </trkpt>
      <trkpt lat="46.401967" lon="23.521816">
        <ele>748.522</ele>
        <time>2014-12-07T13:19:55Z</time>
      </trkpt>
      <trkpt lat="46.402021" lon="23.521709">
        <ele>748.738</ele>
        <time>2014-12-07T13:20:05Z</time>
      </trkpt>
      <trkpt lat="46.402079" lon="23.521607">
        <ele>747.918</ele>
        <time>2014-12-07T13:20:14Z</time>
      </trkpt>
      <trkpt lat="46.402161" lon="23.521516">
        <ele>747.198</ele>
        <time>2014-12-07T13:20:23Z</time>
      </trkpt>
      <trkpt lat="46.402236" lon="23.521428">
        <ele>746.317</ele>
        <time>2014-12-07T13:20:30Z</time>
      </trkpt>
      <trkpt lat="46.402312" lon="23.521353">
        <ele>745.508</ele>
        <time>2014-12-07T13:20:40Z</time>
      </trkpt>
      <trkpt lat="46.402381" lon="23.521266">
        <ele>744.662</ele>
        <time>2014-12-07T13:20:48Z</time>
      </trkpt>
      <trkpt lat="46.402468" lon="23.521181">
        <ele>743.838</ele>
        <time>2014-12-07T13:20:56Z</time>
      </trkpt>
      <trkpt lat="46.402527" lon="23.521080">
        <ele>743.030</ele>
        <time>2014-12-07T13:21:05Z</time>
      </trkpt>
      <trkpt lat="46.402588" lon="23.520979">
        <ele>744.092</ele>
        <time>2014-12-07T13:21:13Z</time>
      </trkpt>
      <trkpt lat="46.402658" lon="23.520882">
        <ele>745.022</ele>
        <time>2014-12-07T13:21:22Z</time>
      </trkpt>
      <trkpt lat="46.402731" lon="23.520804">
        <ele>747.623</ele>
        <time>2014-12-07T13:21:36Z</time>
      </trkpt>
      <trkpt lat="46.402826" lon="23.520788">
        <ele>748.384</ele>
        <time>2014-12-07T13:21:51Z</time>
      </trkpt>
      <trkpt lat="46.402903" lon="23.520870">
        <ele>748.960</ele>
        <time>2014-12-07T13:22:02Z</time>
      </trkpt>
      <trkpt lat="46.402944" lon="23.520996">
        <ele>749.565</ele>
        <time>2014-12-07T13:22:28Z</time>
      </trkpt>
      <trkpt lat="46.402960" lon="23.521129">
        <ele>750.268</ele>
        <time>2014-12-07T13:22:40Z</time>
      </trkpt>
      <trkpt lat="46.402984" lon="23.521258">
        <ele>750.814</ele>
        <time>2014-12-07T13:23:45Z</time>
      </trkpt>
      <trkpt lat="46.403009" lon="23.521389">
        <ele>751.508</ele>
        <time>2014-12-07T13:24:02Z</time>
      </trkpt>
      <trkpt lat="46.403017" lon="23.521524">
        <ele>750.887</ele>
        <time>2014-12-07T13:24:12Z</time>
      </trkpt>
      <trkpt lat="46.403023" lon="23.521658">
        <ele>750.233</ele>
        <time>2014-12-07T13:24:19Z</time>
      </trkpt>
      <trkpt lat="46.403048" lon="23.521794">
        <ele>749.565</ele>
        <time>2014-12-07T13:24:27Z</time>
      </trkpt>
      <trkpt lat="46.403054" lon="23.521935">
        <ele>748.977</ele>
        <time>2014-12-07T13:24:36Z</time>
      </trkpt>
      <trkpt lat="46.403027" lon="23.522070">
        <ele>746.617</ele>
        <time>2014-12-07T13:24:44Z</time>
      </trkpt>
      <trkpt lat="46.403009" lon="23.522210">
        <ele>744.378</ele>
        <time>2014-12-07T13:24:52Z</time>
      </trkpt>
      <trkpt lat="46.403002" lon="23.522349">
        <ele>741.949</ele>
        <time>2014-12-07T13:25:01Z</time>
      </trkpt>
      <trkpt lat="46.403003" lon="23.522492">
        <ele>739.565</ele>
        <time>2014-12-07T13:25:10Z</time>
      </trkpt>
      <trkpt lat="46.403012" lon="23.522634">
        <ele>736.689</ele>
        <time>2014-12-07T13:25:18Z</time>
      </trkpt>
      <trkpt lat="46.403018" lon="23.522776">
        <ele>733.706</ele>
        <time>2014-12-07T13:25:26Z</time>
      </trkpt>
      <trkpt lat="46.403023" lon="23.522921">
        <ele>730.826</ele>
        <time>2014-12-07T13:25:35Z</time>
      </trkpt>
      <trkpt lat="46.403014" lon="23.523054">
        <ele>729.208</ele>
        <time>2014-12-07T13:25:42Z</time>
      </trkpt>
      <trkpt lat="46.402999" lon="23.523205">
        <ele>726.549</ele>
        <time>2014-12-07T13:25:52Z</time>
      </trkpt>
      <trkpt lat="46.402957" lon="23.523345">
        <ele>723.995</ele>
        <time>2014-12-07T13:26:03Z</time>
      </trkpt>
      <trkpt lat="46.402952" lon="23.523481">
        <ele>721.367</ele>
        <time>2014-12-07T13:26:11Z</time>
      </trkpt>
      <trkpt lat="46.402974" lon="23.523616">
        <ele>718.689</ele>
        <time>2014-12-07T13:26:20Z</time>
      </trkpt>
      <trkpt lat="46.402963" lon="23.523753">
        <ele>717.199</ele>
        <time>2014-12-07T13:26:33Z</time>
      </trkpt>
      <trkpt lat="46.402952" lon="23.523896">
        <ele>715.590</ele>
        <time>2014-12-07T13:26:42Z</time>
      </trkpt>
      <trkpt lat="46.402965" lon="23.524035">
        <ele>712.871</ele>
        <time>2014-12-07T13:26:49Z</time>
      </trkpt>
      <trkpt lat="46.402960" lon="23.524184">
        <ele>710.647</ele>
        <time>2014-12-07T13:26:56Z</time>
      </trkpt>
      <trkpt lat="46.402950" lon="23.524318">
        <ele>708.551</ele>
        <time>2014-12-07T13:27:04Z</time>
      </trkpt>
      <trkpt lat="46.402937" lon="23.524454">
        <ele>706.301</ele>
        <time>2014-12-07T13:27:11Z</time>
      </trkpt>
      <trkpt lat="46.402920" lon="23.524591">
        <ele>704.111</ele>
        <time>2014-12-07T13:27:19Z</time>
      </trkpt>
      <trkpt lat="46.402916" lon="23.524727">
        <ele>702.908</ele>
        <time>2014-12-07T13:27:26Z</time>
      </trkpt>
      <trkpt lat="46.402902" lon="23.524865">
        <ele>700.736</ele>
        <time>2014-12-07T13:27:34Z</time>
      </trkpt>
      <trkpt lat="46.402879" lon="23.525002">
        <ele>698.582</ele>
        <time>2014-12-07T13:27:43Z</time>
      </trkpt>
      <trkpt lat="46.402873" lon="23.525135">
        <ele>696.434</ele>
        <time>2014-12-07T13:27:51Z</time>
      </trkpt>
      <trkpt lat="46.402892" lon="23.525274">
        <ele>694.236</ele>
        <time>2014-12-07T13:27:58Z</time>
      </trkpt>
      <trkpt lat="46.402859" lon="23.525419">
        <ele>692.066</ele>
        <time>2014-12-07T13:28:06Z</time>
      </trkpt>
      <trkpt lat="46.402820" lon="23.525541">
        <ele>691.097</ele>
        <time>2014-12-07T13:28:11Z</time>
      </trkpt>
      <trkpt lat="46.402785" lon="23.525686">
        <ele>690.028</ele>
        <time>2014-12-07T13:28:19Z</time>
      </trkpt>
      <trkpt lat="46.402766" lon="23.525824">
        <ele>688.534</ele>
        <time>2014-12-07T13:28:28Z</time>
      </trkpt>
      <trkpt lat="46.402751" lon="23.525958">
        <ele>686.952</ele>
        <time>2014-12-07T13:28:36Z</time>
      </trkpt>
      <trkpt lat="46.402721" lon="23.526085">
        <ele>685.453</ele>
        <time>2014-12-07T13:28:45Z</time>
      </trkpt>
      <trkpt lat="46.402683" lon="23.526213">
        <ele>683.808</ele>
        <time>2014-12-07T13:28:52Z</time>
      </trkpt>
      <trkpt lat="46.402650" lon="23.526337">
        <ele>683.308</ele>
        <time>2014-12-07T13:29:00Z</time>
      </trkpt>
      <trkpt lat="46.402617" lon="23.526476">
        <ele>682.776</ele>
        <time>2014-12-07T13:29:11Z</time>
      </trkpt>
      <trkpt lat="46.402616" lon="23.526619">
        <ele>681.712</ele>
        <time>2014-12-07T13:29:20Z</time>
      </trkpt>
      <trkpt lat="46.402603" lon="23.526760">
        <ele>680.794</ele>
        <time>2014-12-07T13:29:27Z</time>
      </trkpt>
      <trkpt lat="46.402547" lon="23.526867">
        <ele>679.746</ele>
        <time>2014-12-07T13:29:41Z</time>
      </trkpt>
      <trkpt lat="46.402512" lon="23.526989">
        <ele>678.766</ele>
        <time>2014-12-07T13:30:56Z</time>
      </trkpt>
      <trkpt lat="46.402482" lon="23.527117">
        <ele>677.777</ele>
        <time>2014-12-07T13:31:03Z</time>
      </trkpt>
      <trkpt lat="46.402439" lon="23.527238">
        <ele>677.388</ele>
        <time>2014-12-07T13:31:11Z</time>
      </trkpt>
      <trkpt lat="46.402400" lon="23.527369">
        <ele>676.414</ele>
        <time>2014-12-07T13:31:24Z</time>
      </trkpt>
      <trkpt lat="46.402365" lon="23.527493">
        <ele>675.511</ele>
        <time>2014-12-07T13:31:33Z</time>
      </trkpt>
      <trkpt lat="46.402340" lon="23.527632">
        <ele>674.521</ele>
        <time>2014-12-07T13:31:39Z</time>
      </trkpt>
      <trkpt lat="46.402314" lon="23.527760">
        <ele>673.603</ele>
        <time>2014-12-07T13:31:48Z</time>
      </trkpt>
      <trkpt lat="46.402295" lon="23.527894">
        <ele>672.708</ele>
        <time>2014-12-07T13:31:54Z</time>
      </trkpt>
      <trkpt lat="46.402281" lon="23.528026">
        <ele>672.352</ele>
        <time>2014-12-07T13:32:02Z</time>
      </trkpt>
      <trkpt lat="46.402259" lon="23.528164">
        <ele>671.478</ele>
        <time>2014-12-07T13:32:08Z</time>
      </trkpt>
      <trkpt lat="46.402233" lon="23.528309">
        <ele>670.590</ele>
        <time>2014-12-07T13:32:16Z</time>
      </trkpt>
      <trkpt lat="46.402228" lon="23.528443">
        <ele>669.572</ele>
        <time>2014-12-07T13:32:26Z</time>
      </trkpt>
      <trkpt lat="46.402203" lon="23.528577">
        <ele>668.042</ele>
        <time>2014-12-07T13:32:33Z</time>
      </trkpt>
      <trkpt lat="46.402165" lon="23.528713">
        <ele>666.523</ele>
        <time>2014-12-07T13:32:40Z</time>
      </trkpt>
      <trkpt lat="46.402149" lon="23.528851">
        <ele>665.494</ele>
        <time>2014-12-07T13:32:48Z</time>
      </trkpt>
      <trkpt lat="46.402127" lon="23.528993">
        <ele>664.380</ele>
        <time>2014-12-07T13:32:54Z</time>
      </trkpt>
      <trkpt lat="46.402100" lon="23.529127">
        <ele>662.723</ele>
        <time>2014-12-07T13:33:02Z</time>
      </trkpt>
      <trkpt lat="46.402069" lon="23.529265">
        <ele>661.283</ele>
        <time>2014-12-07T13:33:11Z</time>
      </trkpt>
      <trkpt lat="46.402031" lon="23.529390">
        <ele>659.611</ele>
        <time>2014-12-07T13:33:18Z</time>
      </trkpt>
      <trkpt lat="46.401964" lon="23.529488">
        <ele>658.108</ele>
        <time>2014-12-07T13:33:44Z</time>
      </trkpt>
      <trkpt lat="46.401914" lon="23.529612">
        <ele>657.073</ele>
        <time>2014-12-07T13:33:51Z</time>
      </trkpt>
      <trkpt lat="46.401935" lon="23.529744">
        <ele>655.969</ele>
        <time>2014-12-07T13:34:02Z</time>
      </trkpt>
      <trkpt lat="46.401968" lon="23.529873">
        <ele>654.231</ele>
        <time>2014-12-07T13:34:11Z</time>
      </trkpt>
      <trkpt lat="46.402000" lon="23.529996">
        <ele>653.133</ele>
        <time>2014-12-07T13:34:18Z</time>
      </trkpt>
      <trkpt lat="46.402006" lon="23.530138">
        <ele>652.073</ele>
        <time>2014-12-07T13:34:25Z</time>
      </trkpt>
      <trkpt lat="46.401994" lon="23.530271">
        <ele>650.974</ele>
        <time>2014-12-07T13:34:38Z</time>
      </trkpt>
      <trkpt lat="46.401960" lon="23.530418">
        <ele>649.845</ele>
        <time>2014-12-07T13:34:46Z</time>
      </trkpt>
      <trkpt lat="46.401901" lon="23.530519">
        <ele>649.291</ele>
        <time>2014-12-07T13:34:57Z</time>
      </trkpt>
      <trkpt lat="46.401870" lon="23.530652">
        <ele>648.581</ele>
        <time>2014-12-07T13:35:12Z</time>
      </trkpt>
      <trkpt lat="46.401827" lon="23.530773">
        <ele>647.561</ele>
        <time>2014-12-07T13:35:20Z</time>
      </trkpt>
      <trkpt lat="46.401766" lon="23.530885">
        <ele>646.417</ele>
        <time>2014-12-07T13:35:25Z</time>
      </trkpt>
      <trkpt lat="46.401708" lon="23.531010">
        <ele>645.308</ele>
        <time>2014-12-07T13:35:31Z</time>
      </trkpt>
      <trkpt lat="46.401637" lon="23.531106">
        <ele>644.249</ele>
        <time>2014-12-07T13:35:40Z</time>
      </trkpt>
      <trkpt lat="46.401574" lon="23.531203">
        <ele>643.735</ele>
        <time>2014-12-07T13:36:04Z</time>
      </trkpt>
      <trkpt lat="46.401518" lon="23.531316">
        <ele>643.397</ele>
        <time>2014-12-07T13:36:19Z</time>
      </trkpt>
      <trkpt lat="46.401450" lon="23.531408">
        <ele>642.819</ele>
        <time>2014-12-07T13:36:29Z</time>
      </trkpt>
      <trkpt lat="46.401383" lon="23.531498">
        <ele>641.899</ele>
        <time>2014-12-07T13:36:36Z</time>
      </trkpt>
      <trkpt lat="46.401341" lon="23.531614">
        <ele>640.880</ele>
        <time>2014-12-07T13:36:45Z</time>
      </trkpt>
      <trkpt lat="46.401348" lon="23.531750">
        <ele>639.811</ele>
        <time>2014-12-07T13:36:56Z</time>
      </trkpt>
      <trkpt lat="46.401349" lon="23.531894">
        <ele>638.897</ele>
        <time>2014-12-07T13:37:04Z</time>
      </trkpt>
      <trkpt lat="46.401368" lon="23.532028">
        <ele>638.373</ele>
        <time>2014-12-07T13:37:12Z</time>
      </trkpt>
      <trkpt lat="46.401403" lon="23.532157">
        <ele>637.585</ele>
        <time>2014-12-07T13:37:22Z</time>
      </trkpt>
      <trkpt lat="46.401372" lon="23.532296">
        <ele>636.813</ele>
        <time>2014-12-07T13:37:29Z</time>
      </trkpt>
      <trkpt lat="46.401331" lon="23.532428">
        <ele>635.508</ele>
        <time>2014-12-07T13:37:38Z</time>
      </trkpt>
      <trkpt lat="46.401301" lon="23.532570">
        <ele>634.398</ele>
        <time>2014-12-07T13:37:46Z</time>
      </trkpt>
      <trkpt lat="46.401278" lon="23.532700">
        <ele>633.044</ele>
        <time>2014-12-07T13:37:56Z</time>
      </trkpt>
      <trkpt lat="46.401215" lon="23.532803">
        <ele>631.726</ele>
        <time>2014-12-07T13:38:05Z</time>
      </trkpt>
      <trkpt lat="46.401135" lon="23.532895">
        <ele>631.088</ele>
        <time>2014-12-07T13:38:10Z</time>
      </trkpt>
      <trkpt lat="46.401065" lon="23.532984">
        <ele>630.348</ele>
        <time>2014-12-07T13:38:17Z</time>
      </trkpt>
      <trkpt lat="46.400995" lon="23.533072">
        <ele>629.569</ele>
        <time>2014-12-07T13:38:24Z</time>
      </trkpt>
      <trkpt lat="46.400923" lon="23.533164">
        <ele>628.820</ele>
        <time>2014-12-07T13:38:32Z</time>
      </trkpt>
      <trkpt lat="46.400864" lon="23.533280">
        <ele>627.786</ele>
        <time>2014-12-07T13:38:42Z</time>
      </trkpt>
      <trkpt lat="46.400854" lon="23.533419">
        <ele>626.881</ele>
        <time>2014-12-07T13:38:51Z</time>
      </trkpt>
      <trkpt lat="46.400804" lon="23.533535">
        <ele>625.961</ele>
        <time>2014-12-07T13:38:59Z</time>
      </trkpt>
      <trkpt lat="46.400763" lon="23.533664">
        <ele>625.517</ele>
        <time>2014-12-07T13:39:07Z</time>
      </trkpt>
      <trkpt lat="46.400715" lon="23.533806">
        <ele>625.208</ele>
        <time>2014-12-07T13:39:15Z</time>
      </trkpt>
      <trkpt lat="46.400683" lon="23.533932">
        <ele>625.039</ele>
        <time>2014-12-07T13:39:22Z</time>
      </trkpt>
      <trkpt lat="46.400674" lon="23.534063">
        <ele>624.895</ele>
        <time>2014-12-07T13:39:30Z</time>
      </trkpt>
      <trkpt lat="46.400675" lon="23.534209">
        <ele>624.527</ele>
        <time>2014-12-07T13:39:39Z</time>
      </trkpt>
      <trkpt lat="46.400604" lon="23.534301">
        <ele>624.169</ele>
        <time>2014-12-07T13:40:04Z</time>
      </trkpt>
      <trkpt lat="46.400604" lon="23.534301">
        <ele>623.719</ele>
        <time>2014-12-07T13:40:21Z</time>
      </trkpt>
    </trkseg>
  </trk></gpx>