<?xml version="1.0" encoding="UTF-8"?>
<gpx creator="Wikiloc - https://www.wikiloc.com" version="1.1" xmlns="http://www.topografix.com/GPX/1/1" xmlns:xsi="http://www.w3.org/2001/XMLSchema-instance" xsi:schemaLocation="http://www.topografix.com/GPX/1/1 http://www.topografix.com/GPX/1/1/gpx.xsd">
  <metadata>
    <name>Wikiloc - Jidostina - Hiking 2/15/15 9:05 am</name>
    <author>
      <name>Toni Grecu</name>
      <link href="https://www.wikiloc.com/wikiloc/user.do?id=2082631">
        <text>Toni Grecu on Wikiloc</text>
      </link>
    </author>
    <link href="https://www.wikiloc.com/hiking-trails/jidostina-hiking-2-15-15-9-05-am-17096897">
      <text>Jidostina - Hiking 2/15/15 9:05 am on Wikiloc</text>
    </link>
    <time>2015-02-15T13:09:38Z</time>
  </metadata>
  <trk>
    <name>Jidostina - Hiking 2/15/15 9:05 am - Wikiloc</name>
    <cmt></cmt>
    <desc></desc>
    <trkseg>
      <trkpt lat="45.678605" lon="23.591208">
        <ele>812.712</ele>
        <time>2015-02-15T07:05:03Z</time>
      </trkpt>
      <trkpt lat="45.678686" lon="23.591230">
        <ele>811.932</ele>
        <time>2015-02-15T07:05:15Z</time>
      </trkpt>
      <trkpt lat="45.678766" lon="23.591248">
        <ele>811.205</ele>
        <time>2015-02-15T07:05:23Z</time>
      </trkpt>
      <trkpt lat="45.678853" lon="23.591238">
        <ele>810.808</ele>
        <time>2015-02-15T07:12:23Z</time>
      </trkpt>
      <trkpt lat="45.678823" lon="23.591121">
        <ele>810.462</ele>
        <time>2015-02-15T07:12:30Z</time>
      </trkpt>
      <trkpt lat="45.678773" lon="23.591026">
        <ele>810.158</ele>
        <time>2015-02-15T07:12:37Z</time>
      </trkpt>
      <trkpt lat="45.678713" lon="23.590941">
        <ele>811.191</ele>
        <time>2015-02-15T07:12:44Z</time>
      </trkpt>
      <trkpt lat="45.678650" lon="23.590853">
        <ele>812.130</ele>
        <time>2015-02-15T07:12:51Z</time>
      </trkpt>
      <trkpt lat="45.678598" lon="23.590758">
        <ele>813.137</ele>
        <time>2015-02-15T07:12:59Z</time>
      </trkpt>
      <trkpt lat="45.678615" lon="23.590631">
        <ele>812.539</ele>
        <time>2015-02-15T07:13:26Z</time>
      </trkpt>
      <trkpt lat="45.678593" lon="23.590505">
        <ele>812.090</ele>
        <time>2015-02-15T07:13:35Z</time>
      </trkpt>
      <trkpt lat="45.678553" lon="23.590394">
        <ele>813.098</ele>
        <time>2015-02-15T07:13:42Z</time>
      </trkpt>
      <trkpt lat="45.678511" lon="23.590286">
        <ele>814.045</ele>
        <time>2015-02-15T07:13:47Z</time>
      </trkpt>
      <trkpt lat="45.678491" lon="23.590165">
        <ele>815.147</ele>
        <time>2015-02-15T07:14:13Z</time>
      </trkpt>
      <trkpt lat="45.678430" lon="23.590066">
        <ele>816.211</ele>
        <time>2015-02-15T07:14:21Z</time>
      </trkpt>
      <trkpt lat="45.678375" lon="23.589974">
        <ele>817.308</ele>
        <time>2015-02-15T07:14:27Z</time>
      </trkpt>
      <trkpt lat="45.678341" lon="23.589859">
        <ele>818.435</ele>
        <time>2015-02-15T07:14:35Z</time>
      </trkpt>
      <trkpt lat="45.678328" lon="23.589728">
        <ele>818.571</ele>
        <time>2015-02-15T07:14:44Z</time>
      </trkpt>
      <trkpt lat="45.678303" lon="23.589608">
        <ele>818.554</ele>
        <time>2015-02-15T07:14:51Z</time>
      </trkpt>
      <trkpt lat="45.678250" lon="23.589506">
        <ele>818.623</ele>
        <time>2015-02-15T07:14:56Z</time>
      </trkpt>
      <trkpt lat="45.678258" lon="23.589371">
        <ele>819.770</ele>
        <time>2015-02-15T07:15:03Z</time>
      </trkpt>
      <trkpt lat="45.678240" lon="23.589258">
        <ele>820.832</ele>
        <time>2015-02-15T07:15:10Z</time>
      </trkpt>
      <trkpt lat="45.678228" lon="23.589128">
        <ele>821.913</ele>
        <time>2015-02-15T07:15:17Z</time>
      </trkpt>
      <trkpt lat="45.678238" lon="23.589004">
        <ele>823.091</ele>
        <time>2015-02-15T07:15:24Z</time>
      </trkpt>
      <trkpt lat="45.678248" lon="23.588880">
        <ele>824.083</ele>
        <time>2015-02-15T07:15:32Z</time>
      </trkpt>
      <trkpt lat="45.678281" lon="23.588761">
        <ele>825.025</ele>
        <time>2015-02-15T07:15:38Z</time>
      </trkpt>
      <trkpt lat="45.678335" lon="23.588651">
        <ele>826.017</ele>
        <time>2015-02-15T07:15:44Z</time>
      </trkpt>
      <trkpt lat="45.678375" lon="23.588550">
        <ele>827.008</ele>
        <time>2015-02-15T07:15:50Z</time>
      </trkpt>
      <trkpt lat="45.678441" lon="23.588466">
        <ele>828.019</ele>
        <time>2015-02-15T07:15:57Z</time>
      </trkpt>
      <trkpt lat="45.678520" lon="23.588431">
        <ele>828.865</ele>
        <time>2015-02-15T07:16:03Z</time>
      </trkpt>
      <trkpt lat="45.678594" lon="23.588381">
        <ele>830.598</ele>
        <time>2015-02-15T07:16:10Z</time>
      </trkpt>
      <trkpt lat="45.678646" lon="23.588273">
        <ele>831.367</ele>
        <time>2015-02-15T07:16:18Z</time>
      </trkpt>
      <trkpt lat="45.678703" lon="23.588180">
        <ele>832.024</ele>
        <time>2015-02-15T07:16:27Z</time>
      </trkpt>
      <trkpt lat="45.678768" lon="23.588086">
        <ele>832.736</ele>
        <time>2015-02-15T07:16:34Z</time>
      </trkpt>
      <trkpt lat="45.678831" lon="23.587996">
        <ele>833.527</ele>
        <time>2015-02-15T07:16:42Z</time>
      </trkpt>
      <trkpt lat="45.678911" lon="23.587966">
        <ele>834.235</ele>
        <time>2015-02-15T07:16:49Z</time>
      </trkpt>
      <trkpt lat="45.678999" lon="23.587925">
        <ele>834.955</ele>
        <time>2015-02-15T07:16:57Z</time>
      </trkpt>
      <trkpt lat="45.679091" lon="23.587925">
        <ele>835.607</ele>
        <time>2015-02-15T07:17:04Z</time>
      </trkpt>
      <trkpt lat="45.679191" lon="23.587905">
        <ele>836.417</ele>
        <time>2015-02-15T07:17:11Z</time>
      </trkpt>
      <trkpt lat="45.679273" lon="23.587866">
        <ele>837.008</ele>
        <time>2015-02-15T07:17:20Z</time>
      </trkpt>
      <trkpt lat="45.679356" lon="23.587846">
        <ele>837.816</ele>
        <time>2015-02-15T07:17:27Z</time>
      </trkpt>
      <trkpt lat="45.679443" lon="23.587818">
        <ele>837.712</ele>
        <time>2015-02-15T07:17:35Z</time>
      </trkpt>
      <trkpt lat="45.679526" lon="23.587761">
        <ele>837.645</ele>
        <time>2015-02-15T07:17:45Z</time>
      </trkpt>
      <trkpt lat="45.679601" lon="23.587710">
        <ele>837.524</ele>
        <time>2015-02-15T07:17:54Z</time>
      </trkpt>
      <trkpt lat="45.679673" lon="23.587653">
        <ele>837.551</ele>
        <time>2015-02-15T07:18:02Z</time>
      </trkpt>
      <trkpt lat="45.679735" lon="23.587561">
        <ele>837.433</ele>
        <time>2015-02-15T07:18:11Z</time>
      </trkpt>
      <trkpt lat="45.679791" lon="23.587471">
        <ele>837.324</ele>
        <time>2015-02-15T07:18:21Z</time>
      </trkpt>
      <trkpt lat="45.679870" lon="23.587440">
        <ele>839.622</ele>
        <time>2015-02-15T07:18:27Z</time>
      </trkpt>
      <trkpt lat="45.679953" lon="23.587376">
        <ele>842.013</ele>
        <time>2015-02-15T07:18:34Z</time>
      </trkpt>
      <trkpt lat="45.680020" lon="23.587305">
        <ele>844.443</ele>
        <time>2015-02-15T07:18:41Z</time>
      </trkpt>
      <trkpt lat="45.680101" lon="23.587258">
        <ele>845.507</ele>
        <time>2015-02-15T07:18:47Z</time>
      </trkpt>
      <trkpt lat="45.680173" lon="23.587183">
        <ele>846.508</ele>
        <time>2015-02-15T07:18:54Z</time>
      </trkpt>
      <trkpt lat="45.680251" lon="23.587118">
        <ele>847.622</ele>
        <time>2015-02-15T07:19:04Z</time>
      </trkpt>
      <trkpt lat="45.680339" lon="23.587119">
        <ele>848.758</ele>
        <time>2015-02-15T07:19:10Z</time>
      </trkpt>
      <trkpt lat="45.680433" lon="23.587130">
        <ele>849.811</ele>
        <time>2015-02-15T07:19:18Z</time>
      </trkpt>
      <trkpt lat="45.680516" lon="23.587131">
        <ele>850.940</ele>
        <time>2015-02-15T07:19:24Z</time>
      </trkpt>
      <trkpt lat="45.680605" lon="23.587134">
        <ele>852.067</ele>
        <time>2015-02-15T07:19:31Z</time>
      </trkpt>
      <trkpt lat="45.680696" lon="23.587143">
        <ele>853.179</ele>
        <time>2015-02-15T07:19:37Z</time>
      </trkpt>
      <trkpt lat="45.680780" lon="23.587139">
        <ele>851.750</ele>
        <time>2015-02-15T07:19:43Z</time>
      </trkpt>
      <trkpt lat="45.680855" lon="23.587083">
        <ele>850.418</ele>
        <time>2015-02-15T07:19:50Z</time>
      </trkpt>
      <trkpt lat="45.680886" lon="23.586968">
        <ele>849.058</ele>
        <time>2015-02-15T07:20:01Z</time>
      </trkpt>
      <trkpt lat="45.680900" lon="23.586849">
        <ele>849.052</ele>
        <time>2015-02-15T07:20:07Z</time>
      </trkpt>
      <trkpt lat="45.680930" lon="23.586740">
        <ele>849.017</ele>
        <time>2015-02-15T07:20:15Z</time>
      </trkpt>
      <trkpt lat="45.681008" lon="23.586700">
        <ele>849.008</ele>
        <time>2015-02-15T07:21:35Z</time>
      </trkpt>
      <trkpt lat="45.680930" lon="23.586646">
        <ele>851.416</ele>
        <time>2015-02-15T07:23:49Z</time>
      </trkpt>
      <trkpt lat="45.681016" lon="23.586658">
        <ele>853.732</ele>
        <time>2015-02-15T07:26:21Z</time>
      </trkpt>
      <trkpt lat="45.681076" lon="23.586566">
        <ele>853.965</ele>
        <time>2015-02-15T07:31:57Z</time>
      </trkpt>
      <trkpt lat="45.681066" lon="23.586445">
        <ele>854.154</ele>
        <time>2015-02-15T07:32:04Z</time>
      </trkpt>
      <trkpt lat="45.681118" lon="23.586351">
        <ele>854.341</ele>
        <time>2015-02-15T07:32:13Z</time>
      </trkpt>
      <trkpt lat="45.681196" lon="23.586283">
        <ele>854.583</ele>
        <time>2015-02-15T07:32:21Z</time>
      </trkpt>
      <trkpt lat="45.681254" lon="23.586186">
        <ele>854.654</ele>
        <time>2015-02-15T07:32:30Z</time>
      </trkpt>
      <trkpt lat="45.681318" lon="23.586100">
        <ele>854.892</ele>
        <time>2015-02-15T07:32:38Z</time>
      </trkpt>
      <trkpt lat="45.681373" lon="23.586008">
        <ele>855.062</ele>
        <time>2015-02-15T07:32:46Z</time>
      </trkpt>
      <trkpt lat="45.681428" lon="23.585898">
        <ele>855.283</ele>
        <time>2015-02-15T07:32:53Z</time>
      </trkpt>
      <trkpt lat="45.681450" lon="23.585781">
        <ele>855.411</ele>
        <time>2015-02-15T07:33:01Z</time>
      </trkpt>
      <trkpt lat="45.681506" lon="23.585693">
        <ele>853.208</ele>
        <time>2015-02-15T07:33:10Z</time>
      </trkpt>
      <trkpt lat="45.681568" lon="23.585608">
        <ele>851.067</ele>
        <time>2015-02-15T07:33:19Z</time>
      </trkpt>
      <trkpt lat="45.681610" lon="23.585708">
        <ele>851.043</ele>
        <time>2015-02-15T07:33:32Z</time>
      </trkpt>
      <trkpt lat="45.681596" lon="23.585828">
        <ele>851.576</ele>
        <time>2015-02-15T07:33:43Z</time>
      </trkpt>
      <trkpt lat="45.681590" lon="23.585953">
        <ele>852.165</ele>
        <time>2015-02-15T07:33:51Z</time>
      </trkpt>
      <trkpt lat="45.681575" lon="23.586076">
        <ele>852.622</ele>
        <time>2015-02-15T07:33:57Z</time>
      </trkpt>
      <trkpt lat="45.681508" lon="23.586181">
        <ele>853.254</ele>
        <time>2015-02-15T07:34:34Z</time>
      </trkpt>
      <trkpt lat="45.681450" lon="23.586276">
        <ele>853.745</ele>
        <time>2015-02-15T07:34:43Z</time>
      </trkpt>
      <trkpt lat="45.681411" lon="23.586383">
        <ele>854.393</ele>
        <time>2015-02-15T07:34:50Z</time>
      </trkpt>
      <trkpt lat="45.681395" lon="23.586501">
        <ele>854.873</ele>
        <time>2015-02-15T07:35:06Z</time>
      </trkpt>
      <trkpt lat="45.681400" lon="23.586625">
        <ele>856.885</ele>
        <time>2015-02-15T07:35:23Z</time>
      </trkpt>
      <trkpt lat="45.681388" lon="23.586743">
        <ele>858.813</ele>
        <time>2015-02-15T07:35:34Z</time>
      </trkpt>
      <trkpt lat="45.681426" lon="23.586851">
        <ele>860.808</ele>
        <time>2015-02-15T07:35:49Z</time>
      </trkpt>
      <trkpt lat="45.681440" lon="23.586966">
        <ele>862.868</ele>
        <time>2015-02-15T07:36:00Z</time>
      </trkpt>
      <trkpt lat="45.681445" lon="23.587083">
        <ele>864.344</ele>
        <time>2015-02-15T07:36:16Z</time>
      </trkpt>
      <trkpt lat="45.681460" lon="23.587208">
        <ele>865.717</ele>
        <time>2015-02-15T07:36:27Z</time>
      </trkpt>
      <trkpt lat="45.681440" lon="23.587325">
        <ele>867.286</ele>
        <time>2015-02-15T07:36:36Z</time>
      </trkpt>
      <trkpt lat="45.681415" lon="23.587441">
        <ele>870.763</ele>
        <time>2015-02-15T07:36:51Z</time>
      </trkpt>
      <trkpt lat="45.681413" lon="23.587563">
        <ele>871.225</ele>
        <time>2015-02-15T07:37:03Z</time>
      </trkpt>
      <trkpt lat="45.681383" lon="23.587674">
        <ele>871.696</ele>
        <time>2015-02-15T07:37:14Z</time>
      </trkpt>
      <trkpt lat="45.681350" lon="23.587790">
        <ele>872.124</ele>
        <time>2015-02-15T07:37:25Z</time>
      </trkpt>
      <trkpt lat="45.681340" lon="23.587915">
        <ele>874.282</ele>
        <time>2015-02-15T07:37:34Z</time>
      </trkpt>
      <trkpt lat="45.681283" lon="23.587998">
        <ele>876.343</ele>
        <time>2015-02-15T07:40:47Z</time>
      </trkpt>
      <trkpt lat="45.681278" lon="23.588118">
        <ele>875.317</ele>
        <time>2015-02-15T07:40:59Z</time>
      </trkpt>
      <trkpt lat="45.681258" lon="23.588231">
        <ele>874.308</ele>
        <time>2015-02-15T07:41:09Z</time>
      </trkpt>
      <trkpt lat="45.681268" lon="23.588348">
        <ele>874.659</ele>
        <time>2015-02-15T07:41:17Z</time>
      </trkpt>
      <trkpt lat="45.681299" lon="23.588466">
        <ele>875.025</ele>
        <time>2015-02-15T07:41:27Z</time>
      </trkpt>
      <trkpt lat="45.681298" lon="23.588583">
        <ele>875.428</ele>
        <time>2015-02-15T07:41:37Z</time>
      </trkpt>
      <trkpt lat="45.681256" lon="23.588693">
        <ele>873.667</ele>
        <time>2015-02-15T07:41:47Z</time>
      </trkpt>
      <trkpt lat="45.681211" lon="23.588801">
        <ele>875.024</ele>
        <time>2015-02-15T07:41:57Z</time>
      </trkpt>
      <trkpt lat="45.681180" lon="23.588910">
        <ele>876.426</ele>
        <time>2015-02-15T07:42:08Z</time>
      </trkpt>
      <trkpt lat="45.681143" lon="23.589023">
        <ele>880.317</ele>
        <time>2015-02-15T07:42:18Z</time>
      </trkpt>
      <trkpt lat="45.681113" lon="23.589133">
        <ele>881.185</ele>
        <time>2015-02-15T07:42:29Z</time>
      </trkpt>
      <trkpt lat="45.681091" lon="23.589248">
        <ele>881.922</ele>
        <time>2015-02-15T07:42:41Z</time>
      </trkpt>
      <trkpt lat="45.681138" lon="23.589345">
        <ele>885.862</ele>
        <time>2015-02-15T07:42:54Z</time>
      </trkpt>
      <trkpt lat="45.681221" lon="23.589383">
        <ele>889.708</ele>
        <time>2015-02-15T07:44:30Z</time>
      </trkpt>
      <trkpt lat="45.681298" lon="23.589331">
        <ele>892.308</ele>
        <time>2015-02-15T07:44:39Z</time>
      </trkpt>
      <trkpt lat="45.681381" lon="23.589253">
        <ele>894.843</ele>
        <time>2015-02-15T07:45:01Z</time>
      </trkpt>
      <trkpt lat="45.681456" lon="23.589184">
        <ele>897.479</ele>
        <time>2015-02-15T07:45:09Z</time>
      </trkpt>
      <trkpt lat="45.681530" lon="23.589106">
        <ele>899.912</ele>
        <time>2015-02-15T07:45:18Z</time>
      </trkpt>
      <trkpt lat="45.681601" lon="23.589045">
        <ele>902.541</ele>
        <time>2015-02-15T07:45:26Z</time>
      </trkpt>
      <trkpt lat="45.681666" lon="23.589116">
        <ele>905.518</ele>
        <time>2015-02-15T07:45:38Z</time>
      </trkpt>
      <trkpt lat="45.681700" lon="23.589226">
        <ele>905.970</ele>
        <time>2015-02-15T07:45:47Z</time>
      </trkpt>
      <trkpt lat="45.681760" lon="23.589313">
        <ele>906.471</ele>
        <time>2015-02-15T07:45:57Z</time>
      </trkpt>
      <trkpt lat="45.681761" lon="23.589440">
        <ele>906.859</ele>
        <time>2015-02-15T07:46:05Z</time>
      </trkpt>
      <trkpt lat="45.681734" lon="23.589550">
        <ele>907.373</ele>
        <time>2015-02-15T07:46:22Z</time>
      </trkpt>
      <trkpt lat="45.681691" lon="23.589660">
        <ele>907.785</ele>
        <time>2015-02-15T07:46:30Z</time>
      </trkpt>
      <trkpt lat="45.681675" lon="23.589786">
        <ele>908.213</ele>
        <time>2015-02-15T07:46:39Z</time>
      </trkpt>
      <trkpt lat="45.681673" lon="23.589906">
        <ele>908.308</ele>
        <time>2015-02-15T07:46:49Z</time>
      </trkpt>
      <trkpt lat="45.681700" lon="23.590018">
        <ele>908.458</ele>
        <time>2015-02-15T07:47:01Z</time>
      </trkpt>
      <trkpt lat="45.681720" lon="23.590145">
        <ele>908.594</ele>
        <time>2015-02-15T07:47:14Z</time>
      </trkpt>
      <trkpt lat="45.681733" lon="23.590259">
        <ele>908.567</ele>
        <time>2015-02-15T07:47:36Z</time>
      </trkpt>
      <trkpt lat="45.681761" lon="23.590373">
        <ele>908.526</ele>
        <time>2015-02-15T07:47:57Z</time>
      </trkpt>
      <trkpt lat="45.681791" lon="23.590488">
        <ele>908.563</ele>
        <time>2015-02-15T07:48:09Z</time>
      </trkpt>
      <trkpt lat="45.681826" lon="23.590593">
        <ele>908.595</ele>
        <time>2015-02-15T07:48:30Z</time>
      </trkpt>
      <trkpt lat="45.681908" lon="23.590568">
        <ele>908.516</ele>
        <time>2015-02-15T07:49:41Z</time>
      </trkpt>
      <trkpt lat="45.681921" lon="23.590450">
        <ele>908.584</ele>
        <time>2015-02-15T07:49:51Z</time>
      </trkpt>
      <trkpt lat="45.681896" lon="23.590328">
        <ele>908.513</ele>
        <time>2015-02-15T07:49:59Z</time>
      </trkpt>
      <trkpt lat="45.681900" lon="23.590199">
        <ele>908.543</ele>
        <time>2015-02-15T07:50:08Z</time>
      </trkpt>
      <trkpt lat="45.681936" lon="23.590085">
        <ele>908.507</ele>
        <time>2015-02-15T07:50:18Z</time>
      </trkpt>
      <trkpt lat="45.681970" lon="23.589978">
        <ele>911.808</ele>
        <time>2015-02-15T07:50:40Z</time>
      </trkpt>
      <trkpt lat="45.682000" lon="23.589854">
        <ele>915.272</ele>
        <time>2015-02-15T07:50:49Z</time>
      </trkpt>
      <trkpt lat="45.682030" lon="23.589741">
        <ele>918.548</ele>
        <time>2015-02-15T07:50:58Z</time>
      </trkpt>
      <trkpt lat="45.682056" lon="23.589630">
        <ele>921.541</ele>
        <time>2015-02-15T07:51:08Z</time>
      </trkpt>
      <trkpt lat="45.682083" lon="23.589511">
        <ele>924.580</ele>
        <time>2015-02-15T07:51:19Z</time>
      </trkpt>
      <trkpt lat="45.682109" lon="23.589396">
        <ele>927.517</ele>
        <time>2015-02-15T07:51:35Z</time>
      </trkpt>
      <trkpt lat="45.682141" lon="23.589283">
        <ele>929.529</ele>
        <time>2015-02-15T07:51:44Z</time>
      </trkpt>
      <trkpt lat="45.682166" lon="23.589161">
        <ele>931.510</ele>
        <time>2015-02-15T07:51:54Z</time>
      </trkpt>
      <trkpt lat="45.682188" lon="23.589048">
        <ele>933.518</ele>
        <time>2015-02-15T07:52:03Z</time>
      </trkpt>
      <trkpt lat="45.682206" lon="23.588929">
        <ele>935.584</ele>
        <time>2015-02-15T07:52:12Z</time>
      </trkpt>
      <trkpt lat="45.682228" lon="23.588813">
        <ele>938.007</ele>
        <time>2015-02-15T07:52:21Z</time>
      </trkpt>
      <trkpt lat="45.682248" lon="23.588689">
        <ele>937.017</ele>
        <time>2015-02-15T07:52:30Z</time>
      </trkpt>
      <trkpt lat="45.682293" lon="23.588585">
        <ele>936.008</ele>
        <time>2015-02-15T07:52:39Z</time>
      </trkpt>
      <trkpt lat="45.682373" lon="23.588531">
        <ele>935.079</ele>
        <time>2015-02-15T07:52:56Z</time>
      </trkpt>
      <trkpt lat="45.682456" lon="23.588561">
        <ele>934.035</ele>
        <time>2015-02-15T07:53:04Z</time>
      </trkpt>
      <trkpt lat="45.682530" lon="23.588618">
        <ele>933.098</ele>
        <time>2015-02-15T07:53:12Z</time>
      </trkpt>
      <trkpt lat="45.682606" lon="23.588666">
        <ele>935.027</ele>
        <time>2015-02-15T07:53:23Z</time>
      </trkpt>
      <trkpt lat="45.682685" lon="23.588721">
        <ele>938.044</ele>
        <time>2015-02-15T07:53:36Z</time>
      </trkpt>
      <trkpt lat="45.682768" lon="23.588721">
        <ele>941.066</ele>
        <time>2015-02-15T07:53:46Z</time>
      </trkpt>
      <trkpt lat="45.682848" lon="23.588676">
        <ele>944.087</ele>
        <time>2015-02-15T07:53:56Z</time>
      </trkpt>
      <trkpt lat="45.682901" lon="23.588580">
        <ele>947.015</ele>
        <time>2015-02-15T07:54:05Z</time>
      </trkpt>
      <trkpt lat="45.682950" lon="23.588471">
        <ele>950.077</ele>
        <time>2015-02-15T07:54:16Z</time>
      </trkpt>
      <trkpt lat="45.682999" lon="23.588378">
        <ele>951.761</ele>
        <time>2015-02-15T07:54:24Z</time>
      </trkpt>
      <trkpt lat="45.683051" lon="23.588288">
        <ele>953.527</ele>
        <time>2015-02-15T07:54:32Z</time>
      </trkpt>
      <trkpt lat="45.683110" lon="23.588190">
        <ele>955.208</ele>
        <time>2015-02-15T07:54:41Z</time>
      </trkpt>
      <trkpt lat="45.683163" lon="23.588090">
        <ele>956.978</ele>
        <time>2015-02-15T07:54:50Z</time>
      </trkpt>
      <trkpt lat="45.683220" lon="23.587991">
        <ele>958.664</ele>
        <time>2015-02-15T07:55:00Z</time>
      </trkpt>
      <trkpt lat="45.683278" lon="23.587905">
        <ele>957.427</ele>
        <time>2015-02-15T07:55:25Z</time>
      </trkpt>
      <trkpt lat="45.683348" lon="23.587845">
        <ele>956.136</ele>
        <time>2015-02-15T07:55:45Z</time>
      </trkpt>
      <trkpt lat="45.683423" lon="23.587790">
        <ele>954.853</ele>
        <time>2015-02-15T07:57:11Z</time>
      </trkpt>
      <trkpt lat="45.683494" lon="23.587726">
        <ele>956.555</ele>
        <time>2015-02-15T07:57:21Z</time>
      </trkpt>
      <trkpt lat="45.683563" lon="23.587663">
        <ele>958.176</ele>
        <time>2015-02-15T07:58:06Z</time>
      </trkpt>
      <trkpt lat="45.683628" lon="23.587590">
        <ele>959.764</ele>
        <time>2015-02-15T07:58:14Z</time>
      </trkpt>
      <trkpt lat="45.683696" lon="23.587524">
        <ele>961.494</ele>
        <time>2015-02-15T07:58:23Z</time>
      </trkpt>
      <trkpt lat="45.683768" lon="23.587463">
        <ele>963.057</ele>
        <time>2015-02-15T07:58:31Z</time>
      </trkpt>
      <trkpt lat="45.683850" lon="23.587404">
        <ele>964.622</ele>
        <time>2015-02-15T07:58:39Z</time>
      </trkpt>
      <trkpt lat="45.683905" lon="23.587313">
        <ele>966.308</ele>
        <time>2015-02-15T07:58:47Z</time>
      </trkpt>
      <trkpt lat="45.683953" lon="23.587218">
        <ele>967.970</ele>
        <time>2015-02-15T07:58:55Z</time>
      </trkpt>
      <trkpt lat="45.683996" lon="23.587118">
        <ele>969.536</ele>
        <time>2015-02-15T07:59:03Z</time>
      </trkpt>
      <trkpt lat="45.684021" lon="23.587006">
        <ele>971.229</ele>
        <time>2015-02-15T07:59:10Z</time>
      </trkpt>
      <trkpt lat="45.684045" lon="23.586894">
        <ele>972.898</ele>
        <time>2015-02-15T07:59:18Z</time>
      </trkpt>
      <trkpt lat="45.684083" lon="23.586788">
        <ele>970.595</ele>
        <time>2015-02-15T07:59:26Z</time>
      </trkpt>
      <trkpt lat="45.684139" lon="23.586688">
        <ele>968.357</ele>
        <time>2015-02-15T07:59:35Z</time>
      </trkpt>
      <trkpt lat="45.684195" lon="23.586591">
        <ele>966.028</ele>
        <time>2015-02-15T07:59:43Z</time>
      </trkpt>
      <trkpt lat="45.684229" lon="23.586470">
        <ele>965.036</ele>
        <time>2015-02-15T07:59:51Z</time>
      </trkpt>
      <trkpt lat="45.684246" lon="23.586343">
        <ele>964.097</ele>
        <time>2015-02-15T07:59:59Z</time>
      </trkpt>
      <trkpt lat="45.684268" lon="23.586220">
        <ele>963.023</ele>
        <time>2015-02-15T08:00:07Z</time>
      </trkpt>
      <trkpt lat="45.684293" lon="23.586101">
        <ele>962.025</ele>
        <time>2015-02-15T08:00:15Z</time>
      </trkpt>
      <trkpt lat="45.684323" lon="23.585988">
        <ele>960.108</ele>
        <time>2015-02-15T08:00:23Z</time>
      </trkpt>
      <trkpt lat="45.684366" lon="23.585881">
        <ele>960.790</ele>
        <time>2015-02-15T08:00:32Z</time>
      </trkpt>
      <trkpt lat="45.684413" lon="23.585783">
        <ele>961.496</ele>
        <time>2015-02-15T08:00:40Z</time>
      </trkpt>
      <trkpt lat="45.684463" lon="23.585690">
        <ele>962.049</ele>
        <time>2015-02-15T08:00:59Z</time>
      </trkpt>
      <trkpt lat="45.684503" lon="23.585586">
        <ele>963.698</ele>
        <time>2015-02-15T08:01:08Z</time>
      </trkpt>
      <trkpt lat="45.684565" lon="23.585498">
        <ele>965.375</ele>
        <time>2015-02-15T08:01:19Z</time>
      </trkpt>
      <trkpt lat="45.684643" lon="23.585428">
        <ele>966.987</ele>
        <time>2015-02-15T08:01:28Z</time>
      </trkpt>
      <trkpt lat="45.684724" lon="23.585390">
        <ele>968.588</ele>
        <time>2015-02-15T08:01:36Z</time>
      </trkpt>
      <trkpt lat="45.684813" lon="23.585359">
        <ele>970.276</ele>
        <time>2015-02-15T08:01:45Z</time>
      </trkpt>
      <trkpt lat="45.684889" lon="23.585298">
        <ele>971.813</ele>
        <time>2015-02-15T08:01:53Z</time>
      </trkpt>
      <trkpt lat="45.684943" lon="23.585201">
        <ele>973.543</ele>
        <time>2015-02-15T08:02:03Z</time>
      </trkpt>
      <trkpt lat="45.684983" lon="23.585089">
        <ele>976.007</ele>
        <time>2015-02-15T08:02:12Z</time>
      </trkpt>
      <trkpt lat="45.685041" lon="23.585008">
        <ele>976.008</ele>
        <time>2015-02-15T08:02:21Z</time>
      </trkpt>
      <trkpt lat="45.685111" lon="23.584935">
        <ele>978.642</ele>
        <time>2015-02-15T08:02:32Z</time>
      </trkpt>
      <trkpt lat="45.685195" lon="23.584898">
        <ele>981.368</ele>
        <time>2015-02-15T08:02:43Z</time>
      </trkpt>
      <trkpt lat="45.685283" lon="23.584881">
        <ele>983.371</ele>
        <time>2015-02-15T08:02:53Z</time>
      </trkpt>
      <trkpt lat="45.685370" lon="23.584875">
        <ele>985.380</ele>
        <time>2015-02-15T08:03:03Z</time>
      </trkpt>
      <trkpt lat="45.685450" lon="23.584843">
        <ele>987.347</ele>
        <time>2015-02-15T08:03:12Z</time>
      </trkpt>
      <trkpt lat="45.685528" lon="23.584795">
        <ele>989.339</ele>
        <time>2015-02-15T08:03:35Z</time>
      </trkpt>
      <trkpt lat="45.685596" lon="23.584726">
        <ele>991.390</ele>
        <time>2015-02-15T08:03:57Z</time>
      </trkpt>
      <trkpt lat="45.685658" lon="23.584641">
        <ele>993.398</ele>
        <time>2015-02-15T08:04:07Z</time>
      </trkpt>
      <trkpt lat="45.685720" lon="23.584563">
        <ele>995.325</ele>
        <time>2015-02-15T08:04:19Z</time>
      </trkpt>
      <trkpt lat="45.685785" lon="23.584478">
        <ele>997.326</ele>
        <time>2015-02-15T08:04:32Z</time>
      </trkpt>
      <trkpt lat="45.685833" lon="23.584371">
        <ele>998.608</ele>
        <time>2015-02-15T08:04:41Z</time>
      </trkpt>
      <trkpt lat="45.685858" lon="23.584253">
        <ele>997.408</ele>
        <time>2015-02-15T08:04:50Z</time>
      </trkpt>
      <trkpt lat="45.685881" lon="23.584141">
        <ele>996.163</ele>
        <time>2015-02-15T08:04:59Z</time>
      </trkpt>
      <trkpt lat="45.685910" lon="23.584024">
        <ele>995.559</ele>
        <time>2015-02-15T08:05:23Z</time>
      </trkpt>
      <trkpt lat="45.685939" lon="23.583906">
        <ele>994.832</ele>
        <time>2015-02-15T08:05:32Z</time>
      </trkpt>
      <trkpt lat="45.685970" lon="23.583796">
        <ele>994.281</ele>
        <time>2015-02-15T08:05:42Z</time>
      </trkpt>
      <trkpt lat="45.686016" lon="23.583655">
        <ele>993.538</ele>
        <time>2015-02-15T08:07:02Z</time>
      </trkpt>
      <trkpt lat="45.686048" lon="23.583543">
        <ele>991.970</ele>
        <time>2015-02-15T08:07:15Z</time>
      </trkpt>
      <trkpt lat="45.686103" lon="23.583446">
        <ele>992.141</ele>
        <time>2015-02-15T08:07:27Z</time>
      </trkpt>
      <trkpt lat="45.686146" lon="23.583346">
        <ele>992.379</ele>
        <time>2015-02-15T08:07:36Z</time>
      </trkpt>
      <trkpt lat="45.686193" lon="23.583251">
        <ele>993.621</ele>
        <time>2015-02-15T08:07:44Z</time>
      </trkpt>
      <trkpt lat="45.686233" lon="23.583138">
        <ele>995.641</ele>
        <time>2015-02-15T08:07:54Z</time>
      </trkpt>
      <trkpt lat="45.686280" lon="23.583043">
        <ele>997.605</ele>
        <time>2015-02-15T08:08:03Z</time>
      </trkpt>
      <trkpt lat="45.686348" lon="23.582978">
        <ele>999.608</ele>
        <time>2015-02-15T08:08:13Z</time>
      </trkpt>
      <trkpt lat="45.686430" lon="23.583015">
        <ele>1001.623</ele>
        <time>2015-02-15T08:08:34Z</time>
      </trkpt>
      <trkpt lat="45.686469" lon="23.583121">
        <ele>1003.649</ele>
        <time>2015-02-15T08:08:46Z</time>
      </trkpt>
      <trkpt lat="45.686454" lon="23.583245">
        <ele>1005.672</ele>
        <time>2015-02-15T08:08:58Z</time>
      </trkpt>
      <trkpt lat="45.686398" lon="23.583341">
        <ele>1008.871</ele>
        <time>2015-02-15T08:09:14Z</time>
      </trkpt>
      <trkpt lat="45.686356" lon="23.583446">
        <ele>1013.088</ele>
        <time>2015-02-15T08:10:23Z</time>
      </trkpt>
      <trkpt lat="45.686351" lon="23.583570">
        <ele>1015.410</ele>
        <time>2015-02-15T08:10:39Z</time>
      </trkpt>
      <trkpt lat="45.686360" lon="23.583690">
        <ele>1017.781</ele>
        <time>2015-02-15T08:10:50Z</time>
      </trkpt>
      <trkpt lat="45.686360" lon="23.583808">
        <ele>1018.949</ele>
        <time>2015-02-15T08:11:08Z</time>
      </trkpt>
      <trkpt lat="45.686358" lon="23.583930">
        <ele>1020.187</ele>
        <time>2015-02-15T08:11:32Z</time>
      </trkpt>
      <trkpt lat="45.686355" lon="23.584053">
        <ele>1021.342</ele>
        <time>2015-02-15T08:11:42Z</time>
      </trkpt>
      <trkpt lat="45.686360" lon="23.584173">
        <ele>1023.426</ele>
        <time>2015-02-15T08:11:51Z</time>
      </trkpt>
      <trkpt lat="45.686356" lon="23.584291">
        <ele>1025.508</ele>
        <time>2015-02-15T08:11:58Z</time>
      </trkpt>
      <trkpt lat="45.686375" lon="23.584416">
        <ele>1027.589</ele>
        <time>2015-02-15T08:12:14Z</time>
      </trkpt>
      <trkpt lat="45.686378" lon="23.584540">
        <ele>1029.625</ele>
        <time>2015-02-15T08:12:23Z</time>
      </trkpt>
      <trkpt lat="45.686386" lon="23.584660">
        <ele>1030.558</ele>
        <time>2015-02-15T08:12:31Z</time>
      </trkpt>
      <trkpt lat="45.686391" lon="23.584778">
        <ele>1031.577</ele>
        <time>2015-02-15T08:12:39Z</time>
      </trkpt>
      <trkpt lat="45.686406" lon="23.584895">
        <ele>1032.454</ele>
        <time>2015-02-15T08:12:46Z</time>
      </trkpt>
      <trkpt lat="45.686415" lon="23.585015">
        <ele>1034.066</ele>
        <time>2015-02-15T08:12:53Z</time>
      </trkpt>
      <trkpt lat="45.686416" lon="23.585133">
        <ele>1035.617</ele>
        <time>2015-02-15T08:13:00Z</time>
      </trkpt>
      <trkpt lat="45.686416" lon="23.585249">
        <ele>1037.375</ele>
        <time>2015-02-15T08:13:07Z</time>
      </trkpt>
      <trkpt lat="45.686420" lon="23.585371">
        <ele>1036.477</ele>
        <time>2015-02-15T08:13:15Z</time>
      </trkpt>
      <trkpt lat="45.686411" lon="23.585488">
        <ele>1034.561</ele>
        <time>2015-02-15T08:13:22Z</time>
      </trkpt>
      <trkpt lat="45.686385" lon="23.585605">
        <ele>1032.727</ele>
        <time>2015-02-15T08:13:32Z</time>
      </trkpt>
      <trkpt lat="45.686340" lon="23.585703">
        <ele>1030.908</ele>
        <time>2015-02-15T08:13:59Z</time>
      </trkpt>
      <trkpt lat="45.686289" lon="23.585803">
        <ele>1029.618</ele>
        <time>2015-02-15T08:14:50Z</time>
      </trkpt>
      <trkpt lat="45.686251" lon="23.585913">
        <ele>1028.424</ele>
        <time>2015-02-15T08:15:00Z</time>
      </trkpt>
      <trkpt lat="45.686218" lon="23.586029">
        <ele>1027.117</ele>
        <time>2015-02-15T08:15:11Z</time>
      </trkpt>
      <trkpt lat="45.686196" lon="23.586149">
        <ele>1025.856</ele>
        <time>2015-02-15T08:15:22Z</time>
      </trkpt>
      <trkpt lat="45.686186" lon="23.586265">
        <ele>1023.853</ele>
        <time>2015-02-15T08:20:03Z</time>
      </trkpt>
      <trkpt lat="45.686161" lon="23.586386">
        <ele>1021.895</ele>
        <time>2015-02-15T08:20:12Z</time>
      </trkpt>
      <trkpt lat="45.686146" lon="23.586503">
        <ele>1019.876</ele>
        <time>2015-02-15T08:20:20Z</time>
      </trkpt>
      <trkpt lat="45.686135" lon="23.586623">
        <ele>1021.194</ele>
        <time>2015-02-15T08:20:28Z</time>
      </trkpt>
      <trkpt lat="45.686121" lon="23.586750">
        <ele>1022.457</ele>
        <time>2015-02-15T08:20:36Z</time>
      </trkpt>
      <trkpt lat="45.686121" lon="23.586878">
        <ele>1023.600</ele>
        <time>2015-02-15T08:20:44Z</time>
      </trkpt>
      <trkpt lat="45.686119" lon="23.587001">
        <ele>1024.920</ele>
        <time>2015-02-15T08:20:51Z</time>
      </trkpt>
      <trkpt lat="45.686113" lon="23.587130">
        <ele>1025.608</ele>
        <time>2015-02-15T08:20:59Z</time>
      </trkpt>
      <trkpt lat="45.686091" lon="23.587258">
        <ele>1026.486</ele>
        <time>2015-02-15T08:21:07Z</time>
      </trkpt>
      <trkpt lat="45.686073" lon="23.587381">
        <ele>1027.142</ele>
        <time>2015-02-15T08:21:16Z</time>
      </trkpt>
      <trkpt lat="45.686056" lon="23.587498">
        <ele>1028.515</ele>
        <time>2015-02-15T08:21:29Z</time>
      </trkpt>
      <trkpt lat="45.686016" lon="23.587611">
        <ele>1029.844</ele>
        <time>2015-02-15T08:21:37Z</time>
      </trkpt>
      <trkpt lat="45.685995" lon="23.587723">
        <ele>1031.221</ele>
        <time>2015-02-15T08:21:44Z</time>
      </trkpt>
      <trkpt lat="45.685973" lon="23.587845">
        <ele>1032.553</ele>
        <time>2015-02-15T08:21:53Z</time>
      </trkpt>
      <trkpt lat="45.685936" lon="23.587950">
        <ele>1033.254</ele>
        <time>2015-02-15T08:22:01Z</time>
      </trkpt>
      <trkpt lat="45.685898" lon="23.588064">
        <ele>1033.882</ele>
        <time>2015-02-15T08:22:09Z</time>
      </trkpt>
      <trkpt lat="45.685871" lon="23.588176">
        <ele>1033.885</ele>
        <time>2015-02-15T08:22:18Z</time>
      </trkpt>
      <trkpt lat="45.685865" lon="23.588295">
        <ele>1033.889</ele>
        <time>2015-02-15T08:22:28Z</time>
      </trkpt>
      <trkpt lat="45.685951" lon="23.588281">
        <ele>1033.817</ele>
        <time>2015-02-15T08:23:01Z</time>
      </trkpt>
      <trkpt lat="45.685989" lon="23.588168">
        <ele>1033.808</ele>
        <time>2015-02-15T08:23:11Z</time>
      </trkpt>
      <trkpt lat="45.686023" lon="23.588058">
        <ele>1033.899</ele>
        <time>2015-02-15T08:23:19Z</time>
      </trkpt>
      <trkpt lat="45.686061" lon="23.587944">
        <ele>1035.565</ele>
        <time>2015-02-15T08:23:27Z</time>
      </trkpt>
      <trkpt lat="45.686111" lon="23.587848">
        <ele>1037.398</ele>
        <time>2015-02-15T08:23:35Z</time>
      </trkpt>
      <trkpt lat="45.686164" lon="23.587758">
        <ele>1039.087</ele>
        <time>2015-02-15T08:23:43Z</time>
      </trkpt>
      <trkpt lat="45.686216" lon="23.587666">
        <ele>1040.334</ele>
        <time>2015-02-15T08:23:51Z</time>
      </trkpt>
      <trkpt lat="45.686265" lon="23.587558">
        <ele>1041.546</ele>
        <time>2015-02-15T08:23:59Z</time>
      </trkpt>
      <trkpt lat="45.686310" lon="23.587461">
        <ele>1042.857</ele>
        <time>2015-02-15T08:24:07Z</time>
      </trkpt>
      <trkpt lat="45.686356" lon="23.587355">
        <ele>1044.785</ele>
        <time>2015-02-15T08:24:15Z</time>
      </trkpt>
      <trkpt lat="45.686405" lon="23.587246">
        <ele>1046.697</ele>
        <time>2015-02-15T08:24:24Z</time>
      </trkpt>
      <trkpt lat="45.686453" lon="23.587141">
        <ele>1048.523</ele>
        <time>2015-02-15T08:24:33Z</time>
      </trkpt>
      <trkpt lat="45.686505" lon="23.587036">
        <ele>1050.525</ele>
        <time>2015-02-15T08:24:43Z</time>
      </trkpt>
      <trkpt lat="45.686543" lon="23.586931">
        <ele>1052.408</ele>
        <time>2015-02-15T08:24:50Z</time>
      </trkpt>
      <trkpt lat="45.686606" lon="23.586848">
        <ele>1051.990</ele>
        <time>2015-02-15T08:25:01Z</time>
      </trkpt>
      <trkpt lat="45.686675" lon="23.586776">
        <ele>1051.566</ele>
        <time>2015-02-15T08:25:15Z</time>
      </trkpt>
      <trkpt lat="45.686748" lon="23.586713">
        <ele>1052.379</ele>
        <time>2015-02-15T08:30:02Z</time>
      </trkpt>
      <trkpt lat="45.686821" lon="23.586656">
        <ele>1053.568</ele>
        <time>2015-02-15T08:30:14Z</time>
      </trkpt>
      <trkpt lat="45.686903" lon="23.586628">
        <ele>1054.885</ele>
        <time>2015-02-15T08:30:25Z</time>
      </trkpt>
      <trkpt lat="45.686985" lon="23.586633">
        <ele>1056.117</ele>
        <time>2015-02-15T08:30:38Z</time>
      </trkpt>
      <trkpt lat="45.687056" lon="23.586696">
        <ele>1057.448</ele>
        <time>2015-02-15T08:31:07Z</time>
      </trkpt>
      <trkpt lat="45.687131" lon="23.586758">
        <ele>1058.666</ele>
        <time>2015-02-15T08:31:21Z</time>
      </trkpt>
      <trkpt lat="45.687206" lon="23.586818">
        <ele>1059.947</ele>
        <time>2015-02-15T08:31:30Z</time>
      </trkpt>
      <trkpt lat="45.687273" lon="23.586885">
        <ele>1061.229</ele>
        <time>2015-02-15T08:32:07Z</time>
      </trkpt>
      <trkpt lat="45.687348" lon="23.586939">
        <ele>1062.521</ele>
        <time>2015-02-15T08:32:20Z</time>
      </trkpt>
      <trkpt lat="45.687421" lon="23.587004">
        <ele>1063.708</ele>
        <time>2015-02-15T08:32:29Z</time>
      </trkpt>
      <trkpt lat="45.687488" lon="23.587076">
        <ele>1065.055</ele>
        <time>2015-02-15T08:32:39Z</time>
      </trkpt>
      <trkpt lat="45.687555" lon="23.587153">
        <ele>1065.061</ele>
        <time>2015-02-15T08:32:49Z</time>
      </trkpt>
      <trkpt lat="45.687615" lon="23.587236">
        <ele>1065.094</ele>
        <time>2015-02-15T08:32:59Z</time>
      </trkpt>
      <trkpt lat="45.687691" lon="23.587301">
        <ele>1064.833</ele>
        <time>2015-02-15T08:33:10Z</time>
      </trkpt>
      <trkpt lat="45.687771" lon="23.587250">
        <ele>1064.670</ele>
        <time>2015-02-15T08:33:20Z</time>
      </trkpt>
      <trkpt lat="45.687830" lon="23.587155">
        <ele>1064.512</ele>
        <time>2015-02-15T08:33:29Z</time>
      </trkpt>
      <trkpt lat="45.687878" lon="23.587049">
        <ele>1064.333</ele>
        <time>2015-02-15T08:33:38Z</time>
      </trkpt>
      <trkpt lat="45.687924" lon="23.586950">
        <ele>1064.111</ele>
        <time>2015-02-15T08:33:46Z</time>
      </trkpt>
      <trkpt lat="45.687978" lon="23.586843">
        <ele>1063.975</ele>
        <time>2015-02-15T08:33:55Z</time>
      </trkpt>
      <trkpt lat="45.688030" lon="23.586736">
        <ele>1064.628</ele>
        <time>2015-02-15T08:34:04Z</time>
      </trkpt>
      <trkpt lat="45.688078" lon="23.586640">
        <ele>1065.420</ele>
        <time>2015-02-15T08:34:12Z</time>
      </trkpt>
      <trkpt lat="45.688123" lon="23.586543">
        <ele>1066.108</ele>
        <time>2015-02-15T08:34:20Z</time>
      </trkpt>
      <trkpt lat="45.688173" lon="23.586440">
        <ele>1066.828</ele>
        <time>2015-02-15T08:34:29Z</time>
      </trkpt>
      <trkpt lat="45.688218" lon="23.586343">
        <ele>1067.574</ele>
        <time>2015-02-15T08:34:37Z</time>
      </trkpt>
      <trkpt lat="45.688260" lon="23.586236">
        <ele>1068.517</ele>
        <time>2015-02-15T08:34:46Z</time>
      </trkpt>
      <trkpt lat="45.688305" lon="23.586133">
        <ele>1069.486</ele>
        <time>2015-02-15T08:34:56Z</time>
      </trkpt>
      <trkpt lat="45.688358" lon="23.586041">
        <ele>1070.323</ele>
        <time>2015-02-15T08:35:56Z</time>
      </trkpt>
      <trkpt lat="45.688401" lon="23.585941">
        <ele>1071.545</ele>
        <time>2015-02-15T08:36:06Z</time>
      </trkpt>
      <trkpt lat="45.688448" lon="23.585841">
        <ele>1072.626</ele>
        <time>2015-02-15T08:36:15Z</time>
      </trkpt>
      <trkpt lat="45.688491" lon="23.585743">
        <ele>1073.874</ele>
        <time>2015-02-15T08:36:25Z</time>
      </trkpt>
      <trkpt lat="45.688531" lon="23.585636">
        <ele>1074.195</ele>
        <time>2015-02-15T08:36:35Z</time>
      </trkpt>
      <trkpt lat="45.688571" lon="23.585525">
        <ele>1074.449</ele>
        <time>2015-02-15T08:36:46Z</time>
      </trkpt>
      <trkpt lat="45.688605" lon="23.585414">
        <ele>1074.623</ele>
        <time>2015-02-15T08:36:55Z</time>
      </trkpt>
      <trkpt lat="45.688631" lon="23.585296">
        <ele>1076.508</ele>
        <time>2015-02-15T08:37:05Z</time>
      </trkpt>
      <trkpt lat="45.688673" lon="23.585196">
        <ele>1078.530</ele>
        <time>2015-02-15T08:37:17Z</time>
      </trkpt>
      <trkpt lat="45.688718" lon="23.585093">
        <ele>1080.556</ele>
        <time>2015-02-15T08:37:28Z</time>
      </trkpt>
      <trkpt lat="45.688763" lon="23.584995">
        <ele>1082.569</ele>
        <time>2015-02-15T08:38:15Z</time>
      </trkpt>
      <trkpt lat="45.688805" lon="23.584885">
        <ele>1084.568</ele>
        <time>2015-02-15T08:38:28Z</time>
      </trkpt>
      <trkpt lat="45.688853" lon="23.584785">
        <ele>1086.275</ele>
        <time>2015-02-15T08:38:36Z</time>
      </trkpt>
      <trkpt lat="45.688905" lon="23.584691">
        <ele>1087.977</ele>
        <time>2015-02-15T08:38:45Z</time>
      </trkpt>
      <trkpt lat="45.688970" lon="23.584615">
        <ele>1089.688</ele>
        <time>2015-02-15T08:38:55Z</time>
      </trkpt>
      <trkpt lat="45.689026" lon="23.584523">
        <ele>1091.476</ele>
        <time>2015-02-15T08:39:05Z</time>
      </trkpt>
      <trkpt lat="45.689093" lon="23.584441">
        <ele>1093.197</ele>
        <time>2015-02-15T08:39:17Z</time>
      </trkpt>
      <trkpt lat="45.689170" lon="23.584376">
        <ele>1094.823</ele>
        <time>2015-02-15T08:39:27Z</time>
      </trkpt>
      <trkpt lat="45.689251" lon="23.584324">
        <ele>1095.025</ele>
        <time>2015-02-15T08:39:37Z</time>
      </trkpt>
      <trkpt lat="45.689321" lon="23.584258">
        <ele>1096.808</ele>
        <time>2015-02-15T08:39:48Z</time>
      </trkpt>
      <trkpt lat="45.689396" lon="23.584200">
        <ele>1098.330</ele>
        <time>2015-02-15T08:40:30Z</time>
      </trkpt>
      <trkpt lat="45.689473" lon="23.584143">
        <ele>1099.736</ele>
        <time>2015-02-15T08:40:43Z</time>
      </trkpt>
      <trkpt lat="45.689548" lon="23.584075">
        <ele>1101.239</ele>
        <time>2015-02-15T08:40:55Z</time>
      </trkpt>
      <trkpt lat="45.689620" lon="23.584009">
        <ele>1102.658</ele>
        <time>2015-02-15T08:41:11Z</time>
      </trkpt>
      <trkpt lat="45.689688" lon="23.583940">
        <ele>1104.125</ele>
        <time>2015-02-15T08:41:27Z</time>
      </trkpt>
      <trkpt lat="45.689755" lon="23.583873">
        <ele>1105.547</ele>
        <time>2015-02-15T08:41:38Z</time>
      </trkpt>
      <trkpt lat="45.689826" lon="23.583806">
        <ele>1107.058</ele>
        <time>2015-02-15T08:42:08Z</time>
      </trkpt>
      <trkpt lat="45.689900" lon="23.583753">
        <ele>1108.596</ele>
        <time>2015-02-15T08:42:18Z</time>
      </trkpt>
      <trkpt lat="45.689969" lon="23.583693">
        <ele>1109.971</ele>
        <time>2015-02-15T08:42:28Z</time>
      </trkpt>
      <trkpt lat="45.690044" lon="23.583634">
        <ele>1111.441</ele>
        <time>2015-02-15T08:42:39Z</time>
      </trkpt>
      <trkpt lat="45.690130" lon="23.583596">
        <ele>1112.615</ele>
        <time>2015-02-15T08:42:53Z</time>
      </trkpt>
      <trkpt lat="45.690209" lon="23.583553">
        <ele>1114.308</ele>
        <time>2015-02-15T08:43:18Z</time>
      </trkpt>
      <trkpt lat="45.690290" lon="23.583526">
        <ele>1115.998</ele>
        <time>2015-02-15T08:43:30Z</time>
      </trkpt>
      <trkpt lat="45.690374" lon="23.583489">
        <ele>1117.574</ele>
        <time>2015-02-15T08:43:43Z</time>
      </trkpt>
      <trkpt lat="45.690453" lon="23.583453">
        <ele>1119.267</ele>
        <time>2015-02-15T08:43:54Z</time>
      </trkpt>
      <trkpt lat="45.690535" lon="23.583410">
        <ele>1120.816</ele>
        <time>2015-02-15T08:44:05Z</time>
      </trkpt>
      <trkpt lat="45.690613" lon="23.583361">
        <ele>1122.523</ele>
        <time>2015-02-15T08:44:22Z</time>
      </trkpt>
      <trkpt lat="45.690700" lon="23.583331">
        <ele>1124.125</ele>
        <time>2015-02-15T08:44:33Z</time>
      </trkpt>
      <trkpt lat="45.690780" lon="23.583309">
        <ele>1125.746</ele>
        <time>2015-02-15T08:44:44Z</time>
      </trkpt>
      <trkpt lat="45.690858" lon="23.583278">
        <ele>1127.494</ele>
        <time>2015-02-15T08:44:55Z</time>
      </trkpt>
      <trkpt lat="45.690941" lon="23.583241">
        <ele>1130.311</ele>
        <time>2015-02-15T08:45:07Z</time>
      </trkpt>
      <trkpt lat="45.691030" lon="23.583221">
        <ele>1131.521</ele>
        <time>2015-02-15T08:45:28Z</time>
      </trkpt>
      <trkpt lat="45.691106" lon="23.583166">
        <ele>1132.803</ele>
        <time>2015-02-15T08:45:38Z</time>
      </trkpt>
      <trkpt lat="45.691178" lon="23.583111">
        <ele>1134.108</ele>
        <time>2015-02-15T08:45:47Z</time>
      </trkpt>
      <trkpt lat="45.691261" lon="23.583063">
        <ele>1135.462</ele>
        <time>2015-02-15T08:45:57Z</time>
      </trkpt>
      <trkpt lat="45.691338" lon="23.583013">
        <ele>1136.648</ele>
        <time>2015-02-15T08:46:07Z</time>
      </trkpt>
      <trkpt lat="45.691405" lon="23.582945">
        <ele>1137.981</ele>
        <time>2015-02-15T08:46:17Z</time>
      </trkpt>
      <trkpt lat="45.691463" lon="23.582861">
        <ele>1139.280</ele>
        <time>2015-02-15T08:46:33Z</time>
      </trkpt>
      <trkpt lat="45.691516" lon="23.582771">
        <ele>1140.517</ele>
        <time>2015-02-15T08:46:43Z</time>
      </trkpt>
      <trkpt lat="45.691580" lon="23.582698">
        <ele>1141.739</ele>
        <time>2015-02-15T08:46:56Z</time>
      </trkpt>
      <trkpt lat="45.691658" lon="23.582648">
        <ele>1143.040</ele>
        <time>2015-02-15T08:50:51Z</time>
      </trkpt>
      <trkpt lat="45.691723" lon="23.582573">
        <ele>1143.038</ele>
        <time>2015-02-15T08:51:00Z</time>
      </trkpt>
      <trkpt lat="45.691790" lon="23.582495">
        <ele>1142.834</ele>
        <time>2015-02-15T08:51:10Z</time>
      </trkpt>
      <trkpt lat="45.691851" lon="23.582413">
        <ele>1145.555</ele>
        <time>2015-02-15T08:51:20Z</time>
      </trkpt>
      <trkpt lat="45.691915" lon="23.582331">
        <ele>1148.110</ele>
        <time>2015-02-15T08:51:33Z</time>
      </trkpt>
      <trkpt lat="45.691979" lon="23.582250">
        <ele>1150.708</ele>
        <time>2015-02-15T08:51:45Z</time>
      </trkpt>
      <trkpt lat="45.692035" lon="23.582151">
        <ele>1153.484</ele>
        <time>2015-02-15T08:51:58Z</time>
      </trkpt>
      <trkpt lat="45.692076" lon="23.582045">
        <ele>1156.040</ele>
        <time>2015-02-15T08:52:30Z</time>
      </trkpt>
      <trkpt lat="45.692114" lon="23.581940">
        <ele>1158.693</ele>
        <time>2015-02-15T08:52:41Z</time>
      </trkpt>
      <trkpt lat="45.692165" lon="23.581841">
        <ele>1161.342</ele>
        <time>2015-02-15T08:53:10Z</time>
      </trkpt>
      <trkpt lat="45.692213" lon="23.581743">
        <ele>1163.949</ele>
        <time>2015-02-15T08:53:20Z</time>
      </trkpt>
      <trkpt lat="45.692265" lon="23.581646">
        <ele>1166.571</ele>
        <time>2015-02-15T08:53:31Z</time>
      </trkpt>
      <trkpt lat="45.692311" lon="23.581543">
        <ele>1169.242</ele>
        <time>2015-02-15T08:53:42Z</time>
      </trkpt>
      <trkpt lat="45.692351" lon="23.581435">
        <ele>1172.090</ele>
        <time>2015-02-15T08:53:53Z</time>
      </trkpt>
      <trkpt lat="45.692391" lon="23.581321">
        <ele>1172.086</ele>
        <time>2015-02-15T08:54:04Z</time>
      </trkpt>
      <trkpt lat="45.692418" lon="23.581210">
        <ele>1172.060</ele>
        <time>2015-02-15T08:54:12Z</time>
      </trkpt>
      <trkpt lat="45.692449" lon="23.581103">
        <ele>1172.026</ele>
        <time>2015-02-15T08:54:21Z</time>
      </trkpt>
      <trkpt lat="45.692476" lon="23.580986">
        <ele>1172.008</ele>
        <time>2015-02-15T08:54:31Z</time>
      </trkpt>
      <trkpt lat="45.692526" lon="23.580881">
        <ele>1172.029</ele>
        <time>2015-02-15T08:56:16Z</time>
      </trkpt>
      <trkpt lat="45.692563" lon="23.580773">
        <ele>1172.045</ele>
        <time>2015-02-15T08:56:38Z</time>
      </trkpt>
      <trkpt lat="45.692596" lon="23.580663">
        <ele>1172.078</ele>
        <time>2015-02-15T08:57:12Z</time>
      </trkpt>
      <trkpt lat="45.692656" lon="23.580571">
        <ele>1172.077</ele>
        <time>2015-02-15T08:57:26Z</time>
      </trkpt>
      <trkpt lat="45.692706" lon="23.580473">
        <ele>1174.334</ele>
        <time>2015-02-15T08:57:51Z</time>
      </trkpt>
      <trkpt lat="45.692753" lon="23.580375">
        <ele>1176.526</ele>
        <time>2015-02-15T08:58:04Z</time>
      </trkpt>
      <trkpt lat="45.692803" lon="23.580276">
        <ele>1178.827</ele>
        <time>2015-02-15T08:58:22Z</time>
      </trkpt>
      <trkpt lat="45.692858" lon="23.580184">
        <ele>1181.185</ele>
        <time>2015-02-15T08:58:47Z</time>
      </trkpt>
      <trkpt lat="45.692913" lon="23.580096">
        <ele>1183.464</ele>
        <time>2015-02-15T08:59:02Z</time>
      </trkpt>
      <trkpt lat="45.692989" lon="23.580035">
        <ele>1185.606</ele>
        <time>2015-02-15T08:59:16Z</time>
      </trkpt>
      <trkpt lat="45.693053" lon="23.579951">
        <ele>1187.816</ele>
        <time>2015-02-15T08:59:37Z</time>
      </trkpt>
      <trkpt lat="45.693115" lon="23.579875">
        <ele>1190.008</ele>
        <time>2015-02-15T08:59:46Z</time>
      </trkpt>
      <trkpt lat="45.693181" lon="23.579794">
        <ele>1192.287</ele>
        <time>2015-02-15T08:59:59Z</time>
      </trkpt>
      <trkpt lat="45.693253" lon="23.579738">
        <ele>1194.463</ele>
        <time>2015-02-15T09:00:12Z</time>
      </trkpt>
      <trkpt lat="45.693318" lon="23.579668">
        <ele>1196.546</ele>
        <time>2015-02-15T09:00:30Z</time>
      </trkpt>
      <trkpt lat="45.693401" lon="23.579621">
        <ele>1196.535</ele>
        <time>2015-02-15T09:01:22Z</time>
      </trkpt>
      <trkpt lat="45.693475" lon="23.579571">
        <ele>1196.442</ele>
        <time>2015-02-15T09:03:02Z</time>
      </trkpt>
      <trkpt lat="45.693536" lon="23.579493">
        <ele>1197.664</ele>
        <time>2015-02-15T09:03:43Z</time>
      </trkpt>
      <trkpt lat="45.693601" lon="23.579413">
        <ele>1198.985</ele>
        <time>2015-02-15T09:03:56Z</time>
      </trkpt>
      <trkpt lat="45.693673" lon="23.579341">
        <ele>1200.293</ele>
        <time>2015-02-15T09:04:28Z</time>
      </trkpt>
      <trkpt lat="45.693715" lon="23.579238">
        <ele>1201.522</ele>
        <time>2015-02-15T09:04:39Z</time>
      </trkpt>
      <trkpt lat="45.693791" lon="23.579191">
        <ele>1202.862</ele>
        <time>2015-02-15T09:04:51Z</time>
      </trkpt>
      <trkpt lat="45.693843" lon="23.579101">
        <ele>1204.908</ele>
        <time>2015-02-15T09:10:32Z</time>
      </trkpt>
      <trkpt lat="45.693928" lon="23.579076">
        <ele>1207.008</ele>
        <time>2015-02-15T09:10:41Z</time>
      </trkpt>
      <trkpt lat="45.693988" lon="23.578986">
        <ele>1209.183</ele>
        <time>2015-02-15T09:10:52Z</time>
      </trkpt>
      <trkpt lat="45.694051" lon="23.578899">
        <ele>1211.229</ele>
        <time>2015-02-15T09:11:03Z</time>
      </trkpt>
      <trkpt lat="45.694115" lon="23.578820">
        <ele>1213.372</ele>
        <time>2015-02-15T09:11:15Z</time>
      </trkpt>
      <trkpt lat="45.694166" lon="23.578728">
        <ele>1215.411</ele>
        <time>2015-02-15T09:11:27Z</time>
      </trkpt>
      <trkpt lat="45.694226" lon="23.578650">
        <ele>1216.128</ele>
        <time>2015-02-15T09:11:38Z</time>
      </trkpt>
      <trkpt lat="45.694298" lon="23.578588">
        <ele>1216.820</ele>
        <time>2015-02-15T09:11:51Z</time>
      </trkpt>
      <trkpt lat="45.694333" lon="23.578480">
        <ele>1218.231</ele>
        <time>2015-02-15T09:12:04Z</time>
      </trkpt>
      <trkpt lat="45.694375" lon="23.578378">
        <ele>1219.539</ele>
        <time>2015-02-15T09:12:17Z</time>
      </trkpt>
      <trkpt lat="45.694410" lon="23.578271">
        <ele>1220.911</ele>
        <time>2015-02-15T09:12:30Z</time>
      </trkpt>
      <trkpt lat="45.694451" lon="23.578168">
        <ele>1221.821</ele>
        <time>2015-02-15T09:12:43Z</time>
      </trkpt>
      <trkpt lat="45.694476" lon="23.578051">
        <ele>1222.703</ele>
        <time>2015-02-15T09:12:56Z</time>
      </trkpt>
      <trkpt lat="45.694508" lon="23.577943">
        <ele>1223.608</ele>
        <time>2015-02-15T09:13:12Z</time>
      </trkpt>
      <trkpt lat="45.694560" lon="23.577848">
        <ele>1224.552</ele>
        <time>2015-02-15T09:13:26Z</time>
      </trkpt>
      <trkpt lat="45.694605" lon="23.577741">
        <ele>1225.598</ele>
        <time>2015-02-15T09:13:48Z</time>
      </trkpt>
      <trkpt lat="45.694653" lon="23.577641">
        <ele>1226.551</ele>
        <time>2015-02-15T09:14:01Z</time>
      </trkpt>
      <trkpt lat="45.694680" lon="23.577531">
        <ele>1227.630</ele>
        <time>2015-02-15T09:14:15Z</time>
      </trkpt>
      <trkpt lat="45.694725" lon="23.577428">
        <ele>1228.717</ele>
        <time>2015-02-15T09:14:28Z</time>
      </trkpt>
      <trkpt lat="45.694776" lon="23.577335">
        <ele>1229.289</ele>
        <time>2015-02-15T09:14:38Z</time>
      </trkpt>
      <trkpt lat="45.694820" lon="23.577236">
        <ele>1229.670</ele>
        <time>2015-02-15T09:14:50Z</time>
      </trkpt>
      <trkpt lat="45.694849" lon="23.577128">
        <ele>1230.178</ele>
        <time>2015-02-15T09:15:54Z</time>
      </trkpt>
      <trkpt lat="45.694866" lon="23.577005">
        <ele>1230.334</ele>
        <time>2015-02-15T09:16:18Z</time>
      </trkpt>
      <trkpt lat="45.694888" lon="23.576886">
        <ele>1230.555</ele>
        <time>2015-02-15T09:16:39Z</time>
      </trkpt>
      <trkpt lat="45.694921" lon="23.576774">
        <ele>1230.810</ele>
        <time>2015-02-15T09:17:08Z</time>
      </trkpt>
      <trkpt lat="45.694970" lon="23.576681">
        <ele>1231.208</ele>
        <time>2015-02-15T09:17:28Z</time>
      </trkpt>
      <trkpt lat="45.694995" lon="23.576568">
        <ele>1231.534</ele>
        <time>2015-02-15T09:17:58Z</time>
      </trkpt>
      <trkpt lat="45.695051" lon="23.576470">
        <ele>1231.720</ele>
        <time>2015-02-15T09:18:37Z</time>
      </trkpt>
      <trkpt lat="45.695091" lon="23.576368">
        <ele>1231.933</ele>
        <time>2015-02-15T09:18:49Z</time>
      </trkpt>
      <trkpt lat="45.695143" lon="23.576264">
        <ele>1232.162</ele>
        <time>2015-02-15T09:19:33Z</time>
      </trkpt>
      <trkpt lat="45.695153" lon="23.576138">
        <ele>1232.389</ele>
        <time>2015-02-15T09:22:04Z</time>
      </trkpt>
      <trkpt lat="45.695209" lon="23.576039">
        <ele>1232.741</ele>
        <time>2015-02-15T09:27:43Z</time>
      </trkpt>
      <trkpt lat="45.695206" lon="23.575916">
        <ele>1233.262</ele>
        <time>2015-02-15T09:27:51Z</time>
      </trkpt>
      <trkpt lat="45.695209" lon="23.575799">
        <ele>1233.670</ele>
        <time>2015-02-15T09:27:59Z</time>
      </trkpt>
      <trkpt lat="45.695235" lon="23.575680">
        <ele>1234.153</ele>
        <time>2015-02-15T09:28:07Z</time>
      </trkpt>
      <trkpt lat="45.695246" lon="23.575563">
        <ele>1234.404</ele>
        <time>2015-02-15T09:28:19Z</time>
      </trkpt>
      <trkpt lat="45.695265" lon="23.575441">
        <ele>1234.614</ele>
        <time>2015-02-15T09:28:35Z</time>
      </trkpt>
      <trkpt lat="45.695299" lon="23.575328">
        <ele>1235.708</ele>
        <time>2015-02-15T09:28:46Z</time>
      </trkpt>
      <trkpt lat="45.695325" lon="23.575204">
        <ele>1238.496</ele>
        <time>2015-02-15T09:28:57Z</time>
      </trkpt>
      <trkpt lat="45.695364" lon="23.575100">
        <ele>1241.022</ele>
        <time>2015-02-15T09:30:50Z</time>
      </trkpt>
      <trkpt lat="45.695398" lon="23.574990">
        <ele>1243.645</ele>
        <time>2015-02-15T09:30:59Z</time>
      </trkpt>
      <trkpt lat="45.695448" lon="23.574893">
        <ele>1246.354</ele>
        <time>2015-02-15T09:31:10Z</time>
      </trkpt>
      <trkpt lat="45.695496" lon="23.574788">
        <ele>1248.611</ele>
        <time>2015-02-15T09:31:22Z</time>
      </trkpt>
      <trkpt lat="45.695531" lon="23.574679">
        <ele>1251.083</ele>
        <time>2015-02-15T09:31:34Z</time>
      </trkpt>
      <trkpt lat="45.695563" lon="23.574561">
        <ele>1253.484</ele>
        <time>2015-02-15T09:32:05Z</time>
      </trkpt>
      <trkpt lat="45.695603" lon="23.574458">
        <ele>1255.712</ele>
        <time>2015-02-15T09:32:28Z</time>
      </trkpt>
      <trkpt lat="45.695649" lon="23.574346">
        <ele>1258.185</ele>
        <time>2015-02-15T09:33:28Z</time>
      </trkpt>
      <trkpt lat="45.695685" lon="23.574229">
        <ele>1260.989</ele>
        <time>2015-02-15T09:33:38Z</time>
      </trkpt>
      <trkpt lat="45.695730" lon="23.574128">
        <ele>1262.917</ele>
        <time>2015-02-15T09:33:48Z</time>
      </trkpt>
      <trkpt lat="45.695793" lon="23.574050">
        <ele>1263.408</ele>
        <time>2015-02-15T09:33:59Z</time>
      </trkpt>
      <trkpt lat="45.695858" lon="23.573968">
        <ele>1263.879</ele>
        <time>2015-02-15T09:34:48Z</time>
      </trkpt>
      <trkpt lat="45.695926" lon="23.573896">
        <ele>1264.385</ele>
        <time>2015-02-15T09:35:07Z</time>
      </trkpt>
      <trkpt lat="45.695976" lon="23.573801">
        <ele>1264.778</ele>
        <time>2015-02-15T09:35:17Z</time>
      </trkpt>
      <trkpt lat="45.696023" lon="23.573694">
        <ele>1265.277</ele>
        <time>2015-02-15T09:35:47Z</time>
      </trkpt>
      <trkpt lat="45.696054" lon="23.573588">
        <ele>1267.164</ele>
        <time>2015-02-15T09:36:26Z</time>
      </trkpt>
      <trkpt lat="45.696095" lon="23.573480">
        <ele>1269.266</ele>
        <time>2015-02-15T09:36:37Z</time>
      </trkpt>
      <trkpt lat="45.696143" lon="23.573381">
        <ele>1271.397</ele>
        <time>2015-02-15T09:36:45Z</time>
      </trkpt>
      <trkpt lat="45.696213" lon="23.573288">
        <ele>1273.485</ele>
        <time>2015-02-15T09:36:49Z</time>
      </trkpt>
      <trkpt lat="45.696261" lon="23.573180">
        <ele>1275.049</ele>
        <time>2015-02-15T09:36:54Z</time>
      </trkpt>
      <trkpt lat="45.696333" lon="23.573114">
        <ele>1276.602</ele>
        <time>2015-02-15T09:37:45Z</time>
      </trkpt>
      <trkpt lat="45.696401" lon="23.573038">
        <ele>1278.322</ele>
        <time>2015-02-15T09:37:57Z</time>
      </trkpt>
      <trkpt lat="45.696458" lon="23.572950">
        <ele>1279.908</ele>
        <time>2015-02-15T09:38:07Z</time>
      </trkpt>
      <trkpt lat="45.696523" lon="23.572861">
        <ele>1281.555</ele>
        <time>2015-02-15T09:38:18Z</time>
      </trkpt>
      <trkpt lat="45.696580" lon="23.572764">
        <ele>1283.271</ele>
        <time>2015-02-15T09:38:37Z</time>
      </trkpt>
      <trkpt lat="45.696639" lon="23.572673">
        <ele>1284.834</ele>
        <time>2015-02-15T09:38:49Z</time>
      </trkpt>
      <trkpt lat="45.696684" lon="23.572574">
        <ele>1285.033</ele>
        <time>2015-02-15T09:39:34Z</time>
      </trkpt>
      <trkpt lat="45.696760" lon="23.572513">
        <ele>1285.030</ele>
        <time>2015-02-15T09:40:28Z</time>
      </trkpt>
      <trkpt lat="45.696834" lon="23.572451">
        <ele>1285.832</ele>
        <time>2015-02-15T09:40:40Z</time>
      </trkpt>
      <trkpt lat="45.696893" lon="23.572360">
        <ele>1286.613</ele>
        <time>2015-02-15T09:40:54Z</time>
      </trkpt>
      <trkpt lat="45.696950" lon="23.572276">
        <ele>1287.511</ele>
        <time>2015-02-15T09:41:14Z</time>
      </trkpt>
      <trkpt lat="45.697013" lon="23.572193">
        <ele>1288.338</ele>
        <time>2015-02-15T09:41:27Z</time>
      </trkpt>
      <trkpt lat="45.697073" lon="23.572110">
        <ele>1289.170</ele>
        <time>2015-02-15T09:41:38Z</time>
      </trkpt>
      <trkpt lat="45.697141" lon="23.572040">
        <ele>1289.917</ele>
        <time>2015-02-15T09:41:50Z</time>
      </trkpt>
      <trkpt lat="45.697200" lon="23.571956">
        <ele>1290.708</ele>
        <time>2015-02-15T09:42:02Z</time>
      </trkpt>
      <trkpt lat="45.697269" lon="23.571898">
        <ele>1291.524</ele>
        <time>2015-02-15T09:42:17Z</time>
      </trkpt>
      <trkpt lat="45.697341" lon="23.571824">
        <ele>1292.450</ele>
        <time>2015-02-15T09:42:27Z</time>
      </trkpt>
      <trkpt lat="45.697410" lon="23.571736">
        <ele>1293.233</ele>
        <time>2015-02-15T09:42:37Z</time>
      </trkpt>
      <trkpt lat="45.697478" lon="23.571670">
        <ele>1293.422</ele>
        <time>2015-02-15T09:42:44Z</time>
      </trkpt>
      <trkpt lat="45.697554" lon="23.571613">
        <ele>1292.739</ele>
        <time>2015-02-15T09:43:12Z</time>
      </trkpt>
      <trkpt lat="45.697611" lon="23.571528">
        <ele>1292.181</ele>
        <time>2015-02-15T09:43:21Z</time>
      </trkpt>
      <trkpt lat="45.697675" lon="23.571445">
        <ele>1291.572</ele>
        <time>2015-02-15T09:43:30Z</time>
      </trkpt>
      <trkpt lat="45.697731" lon="23.571353">
        <ele>1290.820</ele>
        <time>2015-02-15T09:43:43Z</time>
      </trkpt>
      <trkpt lat="45.697775" lon="23.571253">
        <ele>1290.245</ele>
        <time>2015-02-15T09:43:51Z</time>
      </trkpt>
      <trkpt lat="45.697796" lon="23.571131">
        <ele>1289.547</ele>
        <time>2015-02-15T09:43:59Z</time>
      </trkpt>
      <trkpt lat="45.697826" lon="23.571023">
        <ele>1289.511</ele>
        <time>2015-02-15T09:44:07Z</time>
      </trkpt>
      <trkpt lat="45.697824" lon="23.570906">
        <ele>1289.408</ele>
        <time>2015-02-15T09:44:24Z</time>
      </trkpt>
      <trkpt lat="45.697821" lon="23.570785">
        <ele>1289.355</ele>
        <time>2015-02-15T09:44:33Z</time>
      </trkpt>
      <trkpt lat="45.697838" lon="23.570666">
        <ele>1291.621</ele>
        <time>2015-02-15T09:44:47Z</time>
      </trkpt>
      <trkpt lat="45.697845" lon="23.570550">
        <ele>1294.654</ele>
        <time>2015-02-15T09:45:05Z</time>
      </trkpt>
      <trkpt lat="45.697835" lon="23.570430">
        <ele>1297.663</ele>
        <time>2015-02-15T09:45:25Z</time>
      </trkpt>
      <trkpt lat="45.697883" lon="23.570331">
        <ele>1300.670</ele>
        <time>2015-02-15T09:45:50Z</time>
      </trkpt>
      <trkpt lat="45.697901" lon="23.570205">
        <ele>1304.422</ele>
        <time>2015-02-15T09:47:15Z</time>
      </trkpt>
      <trkpt lat="45.697928" lon="23.570088">
        <ele>1308.173</ele>
        <time>2015-02-15T09:47:35Z</time>
      </trkpt>
      <trkpt lat="45.697956" lon="23.569976">
        <ele>1311.851</ele>
        <time>2015-02-15T09:47:51Z</time>
      </trkpt>
      <trkpt lat="45.697970" lon="23.569856">
        <ele>1315.567</ele>
        <time>2015-02-15T09:48:08Z</time>
      </trkpt>
      <trkpt lat="45.697975" lon="23.569734">
        <ele>1318.781</ele>
        <time>2015-02-15T09:48:22Z</time>
      </trkpt>
      <trkpt lat="45.697978" lon="23.569618">
        <ele>1321.919</ele>
        <time>2015-02-15T09:48:42Z</time>
      </trkpt>
      <trkpt lat="45.697975" lon="23.569495">
        <ele>1325.108</ele>
        <time>2015-02-15T09:48:54Z</time>
      </trkpt>
      <trkpt lat="45.698000" lon="23.569374">
        <ele>1325.867</ele>
        <time>2015-02-15T09:50:24Z</time>
      </trkpt>
      <trkpt lat="45.698018" lon="23.569261">
        <ele>1327.093</ele>
        <time>2015-02-15T09:50:34Z</time>
      </trkpt>
      <trkpt lat="45.698049" lon="23.569146">
        <ele>1328.286</ele>
        <time>2015-02-15T09:50:46Z</time>
      </trkpt>
      <trkpt lat="45.698105" lon="23.569059">
        <ele>1329.475</ele>
        <time>2015-02-15T09:50:59Z</time>
      </trkpt>
      <trkpt lat="45.698143" lon="23.568955">
        <ele>1329.812</ele>
        <time>2015-02-15T09:51:11Z</time>
      </trkpt>
      <trkpt lat="45.698180" lon="23.568846">
        <ele>1330.394</ele>
        <time>2015-02-15T09:51:35Z</time>
      </trkpt>
      <trkpt lat="45.698208" lon="23.568736">
        <ele>1330.795</ele>
        <time>2015-02-15T09:51:53Z</time>
      </trkpt>
      <trkpt lat="45.698256" lon="23.568640">
        <ele>1331.273</ele>
        <time>2015-02-15T09:52:05Z</time>
      </trkpt>
      <trkpt lat="45.698303" lon="23.568545">
        <ele>1332.242</ele>
        <time>2015-02-15T09:52:18Z</time>
      </trkpt>
      <trkpt lat="45.698328" lon="23.568431">
        <ele>1333.222</ele>
        <time>2015-02-15T09:52:30Z</time>
      </trkpt>
      <trkpt lat="45.698336" lon="23.568311">
        <ele>1334.214</ele>
        <time>2015-02-15T09:52:45Z</time>
      </trkpt>
      <trkpt lat="45.698331" lon="23.568189">
        <ele>1335.208</ele>
        <time>2015-02-15T09:52:59Z</time>
      </trkpt>
      <trkpt lat="45.698310" lon="23.568069">
        <ele>1335.785</ele>
        <time>2015-02-15T09:54:12Z</time>
      </trkpt>
      <trkpt lat="45.698295" lon="23.567950">
        <ele>1336.341</ele>
        <time>2015-02-15T09:54:20Z</time>
      </trkpt>
      <trkpt lat="45.698271" lon="23.567835">
        <ele>1336.884</ele>
        <time>2015-02-15T09:54:29Z</time>
      </trkpt>
      <trkpt lat="45.698263" lon="23.567716">
        <ele>1338.093</ele>
        <time>2015-02-15T09:56:07Z</time>
      </trkpt>
      <trkpt lat="45.698221" lon="23.567605">
        <ele>1339.250</ele>
        <time>2015-02-15T09:56:18Z</time>
      </trkpt>
      <trkpt lat="45.698195" lon="23.567490">
        <ele>1340.412</ele>
        <time>2015-02-15T09:56:28Z</time>
      </trkpt>
      <trkpt lat="45.698171" lon="23.567376">
        <ele>1341.513</ele>
        <time>2015-02-15T09:56:42Z</time>
      </trkpt>
      <trkpt lat="45.698138" lon="23.567265">
        <ele>1342.271</ele>
        <time>2015-02-15T09:56:55Z</time>
      </trkpt>
      <trkpt lat="45.698115" lon="23.567151">
        <ele>1342.888</ele>
        <time>2015-02-15T09:57:09Z</time>
      </trkpt>
      <trkpt lat="45.698100" lon="23.567036">
        <ele>1343.524</ele>
        <time>2015-02-15T09:57:24Z</time>
      </trkpt>
      <trkpt lat="45.698090" lon="23.566916">
        <ele>1344.526</ele>
        <time>2015-02-15T09:57:48Z</time>
      </trkpt>
      <trkpt lat="45.698075" lon="23.566801">
        <ele>1345.508</ele>
        <time>2015-02-15T09:57:59Z</time>
      </trkpt>
      <trkpt lat="45.698056" lon="23.566681">
        <ele>1346.519</ele>
        <time>2015-02-15T09:58:11Z</time>
      </trkpt>
      <trkpt lat="45.698041" lon="23.566561">
        <ele>1347.555</ele>
        <time>2015-02-15T09:58:23Z</time>
      </trkpt>
      <trkpt lat="45.698026" lon="23.566443">
        <ele>1347.868</ele>
        <time>2015-02-15T09:58:32Z</time>
      </trkpt>
      <trkpt lat="45.698026" lon="23.566325">
        <ele>1348.227</ele>
        <time>2015-02-15T09:58:45Z</time>
      </trkpt>
      <trkpt lat="45.698031" lon="23.566205">
        <ele>1348.534</ele>
        <time>2015-02-15T09:58:56Z</time>
      </trkpt>
      <trkpt lat="45.698040" lon="23.566083">
        <ele>1349.156</ele>
        <time>2015-02-15T09:59:07Z</time>
      </trkpt>
      <trkpt lat="45.698045" lon="23.565965">
        <ele>1349.687</ele>
        <time>2015-02-15T09:59:20Z</time>
      </trkpt>
      <trkpt lat="45.698053" lon="23.565845">
        <ele>1350.295</ele>
        <time>2015-02-15T09:59:33Z</time>
      </trkpt>
      <trkpt lat="45.698063" lon="23.565726">
        <ele>1350.751</ele>
        <time>2015-02-15T09:59:57Z</time>
      </trkpt>
      <trkpt lat="45.698066" lon="23.565604">
        <ele>1350.901</ele>
        <time>2015-02-15T10:00:10Z</time>
      </trkpt>
      <trkpt lat="45.698071" lon="23.565480">
        <ele>1351.111</ele>
        <time>2015-02-15T10:00:31Z</time>
      </trkpt>
      <trkpt lat="45.698100" lon="23.565358">
        <ele>1351.308</ele>
        <time>2015-02-15T10:02:28Z</time>
      </trkpt>
      <trkpt lat="45.698116" lon="23.565240">
        <ele>1351.656</ele>
        <time>2015-02-15T10:02:38Z</time>
      </trkpt>
      <trkpt lat="45.698138" lon="23.565118">
        <ele>1352.032</ele>
        <time>2015-02-15T10:02:49Z</time>
      </trkpt>
      <trkpt lat="45.698148" lon="23.565000">
        <ele>1352.465</ele>
        <time>2015-02-15T10:02:58Z</time>
      </trkpt>
      <trkpt lat="45.698163" lon="23.564881">
        <ele>1352.774</ele>
        <time>2015-02-15T10:03:08Z</time>
      </trkpt>
      <trkpt lat="45.698168" lon="23.564754">
        <ele>1352.941</ele>
        <time>2015-02-15T10:03:18Z</time>
      </trkpt>
      <trkpt lat="45.698178" lon="23.564630">
        <ele>1353.183</ele>
        <time>2015-02-15T10:03:28Z</time>
      </trkpt>
      <trkpt lat="45.698186" lon="23.564510">
        <ele>1353.334</ele>
        <time>2015-02-15T10:03:39Z</time>
      </trkpt>
      <trkpt lat="45.698184" lon="23.564391">
        <ele>1354.032</ele>
        <time>2015-02-15T10:04:02Z</time>
      </trkpt>
      <trkpt lat="45.698160" lon="23.564280">
        <ele>1354.724</ele>
        <time>2015-02-15T10:04:11Z</time>
      </trkpt>
      <trkpt lat="45.698125" lon="23.564171">
        <ele>1355.504</ele>
        <time>2015-02-15T10:04:19Z</time>
      </trkpt>
      <trkpt lat="45.698096" lon="23.564050">
        <ele>1356.214</ele>
        <time>2015-02-15T10:04:27Z</time>
      </trkpt>
      <trkpt lat="45.698055" lon="23.563940">
        <ele>1355.308</ele>
        <time>2015-02-15T10:04:37Z</time>
      </trkpt>
      <trkpt lat="45.698006" lon="23.563836">
        <ele>1354.453</ele>
        <time>2015-02-15T10:04:47Z</time>
      </trkpt>
      <trkpt lat="45.697986" lon="23.563721">
        <ele>1353.539</ele>
        <time>2015-02-15T10:04:55Z</time>
      </trkpt>
      <trkpt lat="45.697988" lon="23.563598">
        <ele>1352.512</ele>
        <time>2015-02-15T10:05:04Z</time>
      </trkpt>
      <trkpt lat="45.697955" lon="23.563478">
        <ele>1352.061</ele>
        <time>2015-02-15T10:05:13Z</time>
      </trkpt>
      <trkpt lat="45.697918" lon="23.563370">
        <ele>1351.528</ele>
        <time>2015-02-15T10:05:22Z</time>
      </trkpt>
      <trkpt lat="45.697855" lon="23.563284">
        <ele>1350.980</ele>
        <time>2015-02-15T10:05:33Z</time>
      </trkpt>
      <trkpt lat="45.697808" lon="23.563178">
        <ele>1349.851</ele>
        <time>2015-02-15T10:05:43Z</time>
      </trkpt>
      <trkpt lat="45.697786" lon="23.563066">
        <ele>1348.719</ele>
        <time>2015-02-15T10:05:53Z</time>
      </trkpt>
      <trkpt lat="45.697765" lon="23.562943">
        <ele>1347.677</ele>
        <time>2015-02-15T10:06:02Z</time>
      </trkpt>
      <trkpt lat="45.697741" lon="23.562826">
        <ele>1346.561</ele>
        <time>2015-02-15T10:06:10Z</time>
      </trkpt>
      <trkpt lat="45.697748" lon="23.562698">
        <ele>1346.927</ele>
        <time>2015-02-15T10:06:20Z</time>
      </trkpt>
      <trkpt lat="45.697788" lon="23.562590">
        <ele>1348.808</ele>
        <time>2015-02-15T10:06:33Z</time>
      </trkpt>
      <trkpt lat="45.697798" lon="23.562466">
        <ele>1350.728</ele>
        <time>2015-02-15T10:06:44Z</time>
      </trkpt>
      <trkpt lat="45.697806" lon="23.562346">
        <ele>1352.684</ele>
        <time>2015-02-15T10:06:55Z</time>
      </trkpt>
      <trkpt lat="45.697806" lon="23.562223">
        <ele>1353.147</ele>
        <time>2015-02-15T10:07:06Z</time>
      </trkpt>
      <trkpt lat="45.697858" lon="23.562131">
        <ele>1353.716</ele>
        <time>2015-02-15T10:07:19Z</time>
      </trkpt>
      <trkpt lat="45.697941" lon="23.562143">
        <ele>1354.493</ele>
        <time>2015-02-15T10:07:31Z</time>
      </trkpt>
      <trkpt lat="45.698023" lon="23.562206">
        <ele>1355.345</ele>
        <time>2015-02-15T10:08:41Z</time>
      </trkpt>
      <trkpt lat="45.697946" lon="23.562155">
        <ele>1356.576</ele>
        <time>2015-02-15T10:08:49Z</time>
      </trkpt>
      <trkpt lat="45.697914" lon="23.562231">
        <ele>1360.954</ele>
        <time>2015-02-15T10:13:18Z</time>
      </trkpt>
      <trkpt lat="45.697918" lon="23.562238">
        <ele>1360.744</ele>
        <time>2015-02-15T10:13:19Z</time>
      </trkpt>
      <trkpt lat="45.697886" lon="23.562126">
        <ele>1360.705</ele>
        <time>2015-02-15T10:14:12Z</time>
      </trkpt>
      <trkpt lat="45.698025" lon="23.562133">
        <ele>1360.615</ele>
        <time>2015-02-15T10:17:57Z</time>
      </trkpt>
      <trkpt lat="45.698101" lon="23.562209">
        <ele>1360.308</ele>
        <time>2015-02-15T10:18:15Z</time>
      </trkpt>
      <trkpt lat="45.698004" lon="23.562151">
        <ele>1360.115</ele>
        <time>2015-02-15T10:19:41Z</time>
      </trkpt>
      <trkpt lat="45.697963" lon="23.562029">
        <ele>1359.671</ele>
        <time>2015-02-15T10:20:16Z</time>
      </trkpt>
      <trkpt lat="45.697998" lon="23.562141">
        <ele>1359.384</ele>
        <time>2015-02-15T10:20:56Z</time>
      </trkpt>
      <trkpt lat="45.697935" lon="23.562048">
        <ele>1358.973</ele>
        <time>2015-02-15T10:22:43Z</time>
      </trkpt>
      <trkpt lat="45.697893" lon="23.562158">
        <ele>1358.680</ele>
        <time>2015-02-15T10:27:21Z</time>
      </trkpt>
      <trkpt lat="45.697841" lon="23.562258">
        <ele>1358.342</ele>
        <time>2015-02-15T10:30:48Z</time>
      </trkpt>
      <trkpt lat="45.697846" lon="23.562374">
        <ele>1358.183</ele>
        <time>2015-02-15T10:31:02Z</time>
      </trkpt>
      <trkpt lat="45.697840" lon="23.562493">
        <ele>1357.731</ele>
        <time>2015-02-15T10:31:50Z</time>
      </trkpt>
      <trkpt lat="45.697831" lon="23.562611">
        <ele>1357.333</ele>
        <time>2015-02-15T10:31:57Z</time>
      </trkpt>
      <trkpt lat="45.697821" lon="23.562731">
        <ele>1356.923</ele>
        <time>2015-02-15T10:32:04Z</time>
      </trkpt>
      <trkpt lat="45.697833" lon="23.562850">
        <ele>1356.715</ele>
        <time>2015-02-15T10:32:14Z</time>
      </trkpt>
      <trkpt lat="45.697855" lon="23.562974">
        <ele>1356.508</ele>
        <time>2015-02-15T10:32:22Z</time>
      </trkpt>
      <trkpt lat="45.697851" lon="23.563106">
        <ele>1356.484</ele>
        <time>2015-02-15T10:32:31Z</time>
      </trkpt>
      <trkpt lat="45.697861" lon="23.563238">
        <ele>1356.110</ele>
        <time>2015-02-15T10:32:38Z</time>
      </trkpt>
      <trkpt lat="45.697908" lon="23.563341">
        <ele>1356.013</ele>
        <time>2015-02-15T10:32:48Z</time>
      </trkpt>
      <trkpt lat="45.697943" lon="23.563456">
        <ele>1355.812</ele>
        <time>2015-02-15T10:32:56Z</time>
      </trkpt>
      <trkpt lat="45.697998" lon="23.563558">
        <ele>1355.689</ele>
        <time>2015-02-15T10:33:02Z</time>
      </trkpt>
      <trkpt lat="45.698036" lon="23.563663">
        <ele>1355.441</ele>
        <time>2015-02-15T10:33:09Z</time>
      </trkpt>
      <trkpt lat="45.698056" lon="23.563776">
        <ele>1355.252</ele>
        <time>2015-02-15T10:33:18Z</time>
      </trkpt>
      <trkpt lat="45.698090" lon="23.563884">
        <ele>1354.820</ele>
        <time>2015-02-15T10:33:27Z</time>
      </trkpt>
      <trkpt lat="45.698170" lon="23.563933">
        <ele>1354.429</ele>
        <time>2015-02-15T10:33:35Z</time>
      </trkpt>
      <trkpt lat="45.698251" lon="23.563951">
        <ele>1354.000</ele>
        <time>2015-02-15T10:33:43Z</time>
      </trkpt>
      <trkpt lat="45.698323" lon="23.563869">
        <ele>1353.520</ele>
        <time>2015-02-15T10:34:10Z</time>
      </trkpt>
      <trkpt lat="45.698398" lon="23.563816">
        <ele>1352.808</ele>
        <time>2015-02-15T10:34:25Z</time>
      </trkpt>
      <trkpt lat="45.698436" lon="23.563711">
        <ele>1352.143</ele>
        <time>2015-02-15T10:35:04Z</time>
      </trkpt>
      <trkpt lat="45.698466" lon="23.563588">
        <ele>1351.279</ele>
        <time>2015-02-15T10:35:20Z</time>
      </trkpt>
      <trkpt lat="45.698486" lon="23.563470">
        <ele>1350.342</ele>
        <time>2015-02-15T10:35:30Z</time>
      </trkpt>
      <trkpt lat="45.698530" lon="23.563366">
        <ele>1349.351</ele>
        <time>2015-02-15T10:35:39Z</time>
      </trkpt>
      <trkpt lat="45.698548" lon="23.563250">
        <ele>1348.468</ele>
        <time>2015-02-15T10:35:47Z</time>
      </trkpt>
      <trkpt lat="45.698560" lon="23.563130">
        <ele>1347.480</ele>
        <time>2015-02-15T10:36:08Z</time>
      </trkpt>
      <trkpt lat="45.698586" lon="23.563013">
        <ele>1346.481</ele>
        <time>2015-02-15T10:36:20Z</time>
      </trkpt>
      <trkpt lat="45.698578" lon="23.562891">
        <ele>1345.429</ele>
        <time>2015-02-15T10:36:30Z</time>
      </trkpt>
      <trkpt lat="45.698641" lon="23.562800">
        <ele>1344.467</ele>
        <time>2015-02-15T10:36:42Z</time>
      </trkpt>
      <trkpt lat="45.698666" lon="23.562676">
        <ele>1343.381</ele>
        <time>2015-02-15T10:36:53Z</time>
      </trkpt>
      <trkpt lat="45.698645" lon="23.562538">
        <ele>1342.419</ele>
        <time>2015-02-15T10:37:00Z</time>
      </trkpt>
      <trkpt lat="45.698675" lon="23.562418">
        <ele>1341.508</ele>
        <time>2015-02-15T10:37:11Z</time>
      </trkpt>
      <trkpt lat="45.698695" lon="23.562303">
        <ele>1340.747</ele>
        <time>2015-02-15T10:37:20Z</time>
      </trkpt>
      <trkpt lat="45.698718" lon="23.562186">
        <ele>1339.913</ele>
        <time>2015-02-15T10:37:32Z</time>
      </trkpt>
      <trkpt lat="45.698720" lon="23.562065">
        <ele>1339.126</ele>
        <time>2015-02-15T10:37:40Z</time>
      </trkpt>
      <trkpt lat="45.698714" lon="23.561948">
        <ele>1338.455</ele>
        <time>2015-02-15T10:37:56Z</time>
      </trkpt>
      <trkpt lat="45.698710" lon="23.561828">
        <ele>1337.762</ele>
        <time>2015-02-15T10:38:04Z</time>
      </trkpt>
      <trkpt lat="45.698711" lon="23.561701">
        <ele>1337.174</ele>
        <time>2015-02-15T10:38:17Z</time>
      </trkpt>
      <trkpt lat="45.698724" lon="23.561586">
        <ele>1336.715</ele>
        <time>2015-02-15T10:38:26Z</time>
      </trkpt>
      <trkpt lat="45.698756" lon="23.561470">
        <ele>1336.363</ele>
        <time>2015-02-15T10:38:37Z</time>
      </trkpt>
      <trkpt lat="45.698774" lon="23.561356">
        <ele>1335.934</ele>
        <time>2015-02-15T10:38:49Z</time>
      </trkpt>
      <trkpt lat="45.698808" lon="23.561243">
        <ele>1335.555</ele>
        <time>2015-02-15T10:39:00Z</time>
      </trkpt>
      <trkpt lat="45.698843" lon="23.561133">
        <ele>1334.910</ele>
        <time>2015-02-15T10:39:11Z</time>
      </trkpt>
      <trkpt lat="45.698863" lon="23.560991">
        <ele>1334.408</ele>
        <time>2015-02-15T10:40:46Z</time>
      </trkpt>
      <trkpt lat="45.698890" lon="23.560878">
        <ele>1333.744</ele>
        <time>2015-02-15T10:40:58Z</time>
      </trkpt>
      <trkpt lat="45.698906" lon="23.560758">
        <ele>1333.070</ele>
        <time>2015-02-15T10:41:06Z</time>
      </trkpt>
      <trkpt lat="45.698936" lon="23.560646">
        <ele>1332.233</ele>
        <time>2015-02-15T10:41:18Z</time>
      </trkpt>
      <trkpt lat="45.698951" lon="23.560521">
        <ele>1331.562</ele>
        <time>2015-02-15T10:41:29Z</time>
      </trkpt>
      <trkpt lat="45.698988" lon="23.560418">
        <ele>1330.889</ele>
        <time>2015-02-15T10:41:40Z</time>
      </trkpt>
      <trkpt lat="45.699023" lon="23.560303">
        <ele>1330.181</ele>
        <time>2015-02-15T10:41:50Z</time>
      </trkpt>
      <trkpt lat="45.699028" lon="23.560174">
        <ele>1329.512</ele>
        <time>2015-02-15T10:41:57Z</time>
      </trkpt>
      <trkpt lat="45.699043" lon="23.559990">
        <ele>1329.140</ele>
        <time>2015-02-15T10:42:54Z</time>
      </trkpt>
      <trkpt lat="45.699080" lon="23.559871">
        <ele>1328.783</ele>
        <time>2015-02-15T10:43:04Z</time>
      </trkpt>
      <trkpt lat="45.699110" lon="23.559751">
        <ele>1328.425</ele>
        <time>2015-02-15T10:43:12Z</time>
      </trkpt>
      <trkpt lat="45.699163" lon="23.559658">
        <ele>1328.217</ele>
        <time>2015-02-15T10:43:21Z</time>
      </trkpt>
      <trkpt lat="45.699228" lon="23.559515">
        <ele>1328.008</ele>
        <time>2015-02-15T10:45:52Z</time>
      </trkpt>
      <trkpt lat="45.699314" lon="23.559496">
        <ele>1327.649</ele>
        <time>2015-02-15T10:46:07Z</time>
      </trkpt>
      <trkpt lat="45.699396" lon="23.559475">
        <ele>1327.335</ele>
        <time>2015-02-15T10:46:15Z</time>
      </trkpt>
      <trkpt lat="45.699491" lon="23.559485">
        <ele>1326.878</ele>
        <time>2015-02-15T10:46:24Z</time>
      </trkpt>
      <trkpt lat="45.699575" lon="23.559470">
        <ele>1326.447</ele>
        <time>2015-02-15T10:46:33Z</time>
      </trkpt>
      <trkpt lat="45.699659" lon="23.559475">
        <ele>1325.954</ele>
        <time>2015-02-15T10:46:43Z</time>
      </trkpt>
      <trkpt lat="45.699741" lon="23.559448">
        <ele>1325.376</ele>
        <time>2015-02-15T10:46:56Z</time>
      </trkpt>
      <trkpt lat="45.699820" lon="23.559408">
        <ele>1324.667</ele>
        <time>2015-02-15T10:47:18Z</time>
      </trkpt>
      <trkpt lat="45.699901" lon="23.559386">
        <ele>1323.955</ele>
        <time>2015-02-15T10:47:30Z</time>
      </trkpt>
      <trkpt lat="45.699963" lon="23.559298">
        <ele>1323.369</ele>
        <time>2015-02-15T10:48:26Z</time>
      </trkpt>
      <trkpt lat="45.700040" lon="23.559255">
        <ele>1322.604</ele>
        <time>2015-02-15T10:48:37Z</time>
      </trkpt>
      <trkpt lat="45.700128" lon="23.559223">
        <ele>1322.024</ele>
        <time>2015-02-15T10:48:54Z</time>
      </trkpt>
      <trkpt lat="45.700205" lon="23.559156">
        <ele>1321.808</ele>
        <time>2015-02-15T10:49:05Z</time>
      </trkpt>
      <trkpt lat="45.700281" lon="23.559043">
        <ele>1321.757</ele>
        <time>2015-02-15T10:50:20Z</time>
      </trkpt>
      <trkpt lat="45.700230" lon="23.558933">
        <ele>1321.743</ele>
        <time>2015-02-15T10:50:33Z</time>
      </trkpt>
      <trkpt lat="45.700221" lon="23.558814">
        <ele>1321.796</ele>
        <time>2015-02-15T10:50:48Z</time>
      </trkpt>
      <trkpt lat="45.700243" lon="23.558661">
        <ele>1321.795</ele>
        <time>2015-02-15T10:51:12Z</time>
      </trkpt>
      <trkpt lat="45.700308" lon="23.558490">
        <ele>1321.762</ele>
        <time>2015-02-15T10:51:59Z</time>
      </trkpt>
      <trkpt lat="45.700388" lon="23.558456">
        <ele>1321.714</ele>
        <time>2015-02-15T10:52:25Z</time>
      </trkpt>
      <trkpt lat="45.700453" lon="23.558386">
        <ele>1321.855</ele>
        <time>2015-02-15T10:52:34Z</time>
      </trkpt>
      <trkpt lat="45.700536" lon="23.558365">
        <ele>1321.773</ele>
        <time>2015-02-15T10:52:50Z</time>
      </trkpt>
      <trkpt lat="45.700618" lon="23.558366">
        <ele>1321.714</ele>
        <time>2015-02-15T10:53:03Z</time>
      </trkpt>
      <trkpt lat="45.700686" lon="23.558294">
        <ele>1321.654</ele>
        <time>2015-02-15T10:53:41Z</time>
      </trkpt>
      <trkpt lat="45.700751" lon="23.558208">
        <ele>1321.409</ele>
        <time>2015-02-15T10:53:51Z</time>
      </trkpt>
      <trkpt lat="45.700816" lon="23.558138">
        <ele>1321.008</ele>
        <time>2015-02-15T10:54:01Z</time>
      </trkpt>
      <trkpt lat="45.700895" lon="23.558080">
        <ele>1320.632</ele>
        <time>2015-02-15T10:54:11Z</time>
      </trkpt>
      <trkpt lat="45.700975" lon="23.558040">
        <ele>1320.118</ele>
        <time>2015-02-15T10:54:22Z</time>
      </trkpt>
      <trkpt lat="45.701053" lon="23.557991">
        <ele>1319.571</ele>
        <time>2015-02-15T10:54:37Z</time>
      </trkpt>
      <trkpt lat="45.701126" lon="23.557931">
        <ele>1319.070</ele>
        <time>2015-02-15T10:54:51Z</time>
      </trkpt>
      <trkpt lat="45.701201" lon="23.557870">
        <ele>1318.517</ele>
        <time>2015-02-15T10:55:00Z</time>
      </trkpt>
      <trkpt lat="45.701258" lon="23.557785">
        <ele>1317.949</ele>
        <time>2015-02-15T10:55:10Z</time>
      </trkpt>
      <trkpt lat="45.701328" lon="23.557718">
        <ele>1317.390</ele>
        <time>2015-02-15T10:55:21Z</time>
      </trkpt>
      <trkpt lat="45.701373" lon="23.557621">
        <ele>1316.678</ele>
        <time>2015-02-15T10:55:28Z</time>
      </trkpt>
      <trkpt lat="45.701443" lon="23.557560">
        <ele>1316.043</ele>
        <time>2015-02-15T10:55:59Z</time>
      </trkpt>
      <trkpt lat="45.701506" lon="23.557475">
        <ele>1315.464</ele>
        <time>2015-02-15T10:56:11Z</time>
      </trkpt>
      <trkpt lat="45.701558" lon="23.557376">
        <ele>1314.810</ele>
        <time>2015-02-15T10:56:23Z</time>
      </trkpt>
      <trkpt lat="45.701640" lon="23.557330">
        <ele>1314.208</ele>
        <time>2015-02-15T10:56:39Z</time>
      </trkpt>
      <trkpt lat="45.701703" lon="23.557253">
        <ele>1313.755</ele>
        <time>2015-02-15T10:56:55Z</time>
      </trkpt>
      <trkpt lat="45.701616" lon="23.557235">
        <ele>1313.241</ele>
        <time>2015-02-15T11:00:17Z</time>
      </trkpt>
      <trkpt lat="45.701704" lon="23.557228">
        <ele>1312.684</ele>
        <time>2015-02-15T11:00:49Z</time>
      </trkpt>
      <trkpt lat="45.701756" lon="23.557138">
        <ele>1312.253</ele>
        <time>2015-02-15T11:01:04Z</time>
      </trkpt>
      <trkpt lat="45.701808" lon="23.557043">
        <ele>1311.840</ele>
        <time>2015-02-15T11:01:14Z</time>
      </trkpt>
      <trkpt lat="45.701846" lon="23.556936">
        <ele>1311.492</ele>
        <time>2015-02-15T11:01:27Z</time>
      </trkpt>
      <trkpt lat="45.701911" lon="23.556851">
        <ele>1311.153</ele>
        <time>2015-02-15T11:01:41Z</time>
      </trkpt>
      <trkpt lat="45.701971" lon="23.556771">
        <ele>1310.841</ele>
        <time>2015-02-15T11:01:54Z</time>
      </trkpt>
      <trkpt lat="45.702033" lon="23.556694">
        <ele>1310.567</ele>
        <time>2015-02-15T11:02:07Z</time>
      </trkpt>
      <trkpt lat="45.702093" lon="23.556603">
        <ele>1310.381</ele>
        <time>2015-02-15T11:02:15Z</time>
      </trkpt>
      <trkpt lat="45.702160" lon="23.556528">
        <ele>1310.019</ele>
        <time>2015-02-15T11:02:26Z</time>
      </trkpt>
      <trkpt lat="45.702239" lon="23.556475">
        <ele>1309.608</ele>
        <time>2015-02-15T11:02:36Z</time>
      </trkpt>
      <trkpt lat="45.702280" lon="23.556370">
        <ele>1309.297</ele>
        <time>2015-02-15T11:02:48Z</time>
      </trkpt>
      <trkpt lat="45.702353" lon="23.556305">
        <ele>1308.873</ele>
        <time>2015-02-15T11:02:58Z</time>
      </trkpt>
      <trkpt lat="45.702428" lon="23.556246">
        <ele>1308.526</ele>
        <time>2015-02-15T11:03:10Z</time>
      </trkpt>
      <trkpt lat="45.702505" lon="23.556201">
        <ele>1308.165</ele>
        <time>2015-02-15T11:03:17Z</time>
      </trkpt>
      <trkpt lat="45.702578" lon="23.556151">
        <ele>1307.892</ele>
        <time>2015-02-15T11:03:25Z</time>
      </trkpt>
      <trkpt lat="45.702655" lon="23.556101">
        <ele>1307.594</ele>
        <time>2015-02-15T11:03:34Z</time>
      </trkpt>
      <trkpt lat="45.702739" lon="23.556071">
        <ele>1307.435</ele>
        <time>2015-02-15T11:03:42Z</time>
      </trkpt>
      <trkpt lat="45.702823" lon="23.556073">
        <ele>1307.223</ele>
        <time>2015-02-15T11:03:52Z</time>
      </trkpt>
      <trkpt lat="45.702908" lon="23.556033">
        <ele>1307.087</ele>
        <time>2015-02-15T11:04:03Z</time>
      </trkpt>
      <trkpt lat="45.702983" lon="23.555988">
        <ele>1307.042</ele>
        <time>2015-02-15T11:04:12Z</time>
      </trkpt>
      <trkpt lat="45.703061" lon="23.555953">
        <ele>1307.126</ele>
        <time>2015-02-15T11:04:22Z</time>
      </trkpt>
      <trkpt lat="45.703146" lon="23.555920">
        <ele>1307.408</ele>
        <time>2015-02-15T11:04:34Z</time>
      </trkpt>
      <trkpt lat="45.703233" lon="23.555896">
        <ele>1307.839</ele>
        <time>2015-02-15T11:04:45Z</time>
      </trkpt>
      <trkpt lat="45.703316" lon="23.555860">
        <ele>1308.395</ele>
        <time>2015-02-15T11:04:54Z</time>
      </trkpt>
      <trkpt lat="45.703399" lon="23.555850">
        <ele>1308.818</ele>
        <time>2015-02-15T11:05:06Z</time>
      </trkpt>
      <trkpt lat="45.703476" lon="23.555809">
        <ele>1309.467</ele>
        <time>2015-02-15T11:05:21Z</time>
      </trkpt>
      <trkpt lat="45.703556" lon="23.555776">
        <ele>1310.074</ele>
        <time>2015-02-15T11:05:37Z</time>
      </trkpt>
      <trkpt lat="45.703643" lon="23.555753">
        <ele>1310.626</ele>
        <time>2015-02-15T11:05:51Z</time>
      </trkpt>
      <trkpt lat="45.703726" lon="23.555719">
        <ele>1311.337</ele>
        <time>2015-02-15T11:09:19Z</time>
      </trkpt>
      <trkpt lat="45.703811" lon="23.555716">
        <ele>1312.215</ele>
        <time>2015-02-15T11:09:28Z</time>
      </trkpt>
      <trkpt lat="45.703891" lon="23.555753">
        <ele>1312.822</ele>
        <time>2015-02-15T11:09:35Z</time>
      </trkpt>
      <trkpt lat="45.703971" lon="23.555733">
        <ele>1313.262</ele>
        <time>2015-02-15T11:09:48Z</time>
      </trkpt>
      <trkpt lat="45.704058" lon="23.555734">
        <ele>1313.708</ele>
        <time>2015-02-15T11:09:59Z</time>
      </trkpt>
      <trkpt lat="45.704148" lon="23.555746">
        <ele>1314.208</ele>
        <time>2015-02-15T11:10:14Z</time>
      </trkpt>
      <trkpt lat="45.704233" lon="23.555704">
        <ele>1314.573</ele>
        <time>2015-02-15T11:10:23Z</time>
      </trkpt>
      <trkpt lat="45.704318" lon="23.555646">
        <ele>1314.889</ele>
        <time>2015-02-15T11:10:31Z</time>
      </trkpt>
      <trkpt lat="45.704400" lon="23.555641">
        <ele>1315.162</ele>
        <time>2015-02-15T11:10:41Z</time>
      </trkpt>
      <trkpt lat="45.704481" lon="23.555610">
        <ele>1315.361</ele>
        <time>2015-02-15T11:12:19Z</time>
      </trkpt>
      <trkpt lat="45.704548" lon="23.555526">
        <ele>1315.528</ele>
        <time>2015-02-15T11:12:47Z</time>
      </trkpt>
      <trkpt lat="45.704641" lon="23.555484">
        <ele>1315.710</ele>
        <time>2015-02-15T11:13:26Z</time>
      </trkpt>
      <trkpt lat="45.704719" lon="23.555431">
        <ele>1315.871</ele>
        <time>2015-02-15T11:13:39Z</time>
      </trkpt>
      <trkpt lat="45.704796" lon="23.555380">
        <ele>1316.199</ele>
        <time>2015-02-15T11:13:54Z</time>
      </trkpt>
      <trkpt lat="45.704881" lon="23.555341">
        <ele>1316.774</ele>
        <time>2015-02-15T11:14:03Z</time>
      </trkpt>
      <trkpt lat="45.704956" lon="23.555296">
        <ele>1317.456</ele>
        <time>2015-02-15T11:14:22Z</time>
      </trkpt>
      <trkpt lat="45.705028" lon="23.555229">
        <ele>1318.221</ele>
        <time>2015-02-15T11:14:32Z</time>
      </trkpt>
      <trkpt lat="45.705099" lon="23.555173">
        <ele>1319.208</ele>
        <time>2015-02-15T11:14:38Z</time>
      </trkpt>
      <trkpt lat="45.705181" lon="23.555160">
        <ele>1320.398</ele>
        <time>2015-02-15T11:14:49Z</time>
      </trkpt>
      <trkpt lat="45.705266" lon="23.555168">
        <ele>1321.444</ele>
        <time>2015-02-15T11:14:57Z</time>
      </trkpt>
      <trkpt lat="45.705349" lon="23.555184">
        <ele>1322.517</ele>
        <time>2015-02-15T11:15:08Z</time>
      </trkpt>
      <trkpt lat="45.705436" lon="23.555211">
        <ele>1323.496</ele>
        <time>2015-02-15T11:15:18Z</time>
      </trkpt>
      <trkpt lat="45.705519" lon="23.555220">
        <ele>1324.113</ele>
        <time>2015-02-15T11:15:32Z</time>
      </trkpt>
      <trkpt lat="45.705598" lon="23.555268">
        <ele>1324.945</ele>
        <time>2015-02-15T11:17:05Z</time>
      </trkpt>
      <trkpt lat="45.705683" lon="23.555281">
        <ele>1325.576</ele>
        <time>2015-02-15T11:17:17Z</time>
      </trkpt>
      <trkpt lat="45.705765" lon="23.555311">
        <ele>1325.914</ele>
        <time>2015-02-15T11:17:28Z</time>
      </trkpt>
      <trkpt lat="45.705901" lon="23.555349">
        <ele>1326.191</ele>
        <time>2015-02-15T11:20:12Z</time>
      </trkpt>
      <trkpt lat="45.706001" lon="23.555376">
        <ele>1326.181</ele>
        <time>2015-02-15T11:20:20Z</time>
      </trkpt>
      <trkpt lat="45.706098" lon="23.555390">
        <ele>1326.019</ele>
        <time>2015-02-15T11:20:27Z</time>
      </trkpt>
      <trkpt lat="45.706194" lon="23.555403">
        <ele>1325.708</ele>
        <time>2015-02-15T11:20:32Z</time>
      </trkpt>
      <trkpt lat="45.706281" lon="23.555423">
        <ele>1325.480</ele>
        <time>2015-02-15T11:20:42Z</time>
      </trkpt>
      <trkpt lat="45.706371" lon="23.555460">
        <ele>1325.286</ele>
        <time>2015-02-15T11:20:52Z</time>
      </trkpt>
      <trkpt lat="45.706461" lon="23.555481">
        <ele>1325.019</ele>
        <time>2015-02-15T11:21:02Z</time>
      </trkpt>
      <trkpt lat="45.706541" lon="23.555515">
        <ele>1324.978</ele>
        <time>2015-02-15T11:22:02Z</time>
      </trkpt>
      <trkpt lat="45.706625" lon="23.555535">
        <ele>1324.815</ele>
        <time>2015-02-15T11:22:11Z</time>
      </trkpt>
      <trkpt lat="45.706704" lon="23.555563">
        <ele>1324.767</ele>
        <time>2015-02-15T11:22:19Z</time>
      </trkpt>
      <trkpt lat="45.706794" lon="23.555608">
        <ele>1324.778</ele>
        <time>2015-02-15T11:22:30Z</time>
      </trkpt>
      <trkpt lat="45.706869" lon="23.555659">
        <ele>1324.676</ele>
        <time>2015-02-15T11:22:41Z</time>
      </trkpt>
      <trkpt lat="45.706950" lon="23.555683">
        <ele>1324.554</ele>
        <time>2015-02-15T11:23:14Z</time>
      </trkpt>
      <trkpt lat="45.707026" lon="23.555746">
        <ele>1324.456</ele>
        <time>2015-02-15T11:23:26Z</time>
      </trkpt>
      <trkpt lat="45.707113" lon="23.555791">
        <ele>1324.111</ele>
        <time>2015-02-15T11:23:33Z</time>
      </trkpt>
      <trkpt lat="45.707184" lon="23.555853">
        <ele>1323.808</ele>
        <time>2015-02-15T11:23:42Z</time>
      </trkpt>
      <trkpt lat="45.707253" lon="23.555920">
        <ele>1323.436</ele>
        <time>2015-02-15T11:23:50Z</time>
      </trkpt>
      <trkpt lat="45.707308" lon="23.556008">
        <ele>1322.962</ele>
        <time>2015-02-15T11:23:59Z</time>
      </trkpt>
      <trkpt lat="45.707321" lon="23.556128">
        <ele>1322.565</ele>
        <time>2015-02-15T11:24:07Z</time>
      </trkpt>
      <trkpt lat="45.707358" lon="23.556235">
        <ele>1322.094</ele>
        <time>2015-02-15T11:24:18Z</time>
      </trkpt>
      <trkpt lat="45.707411" lon="23.556331">
        <ele>1321.691</ele>
        <time>2015-02-15T11:24:27Z</time>
      </trkpt>
      <trkpt lat="45.707468" lon="23.556423">
        <ele>1321.343</ele>
        <time>2015-02-15T11:24:38Z</time>
      </trkpt>
      <trkpt lat="45.707499" lon="23.556535">
        <ele>1321.014</ele>
        <time>2015-02-15T11:24:53Z</time>
      </trkpt>
      <trkpt lat="45.707518" lon="23.556661">
        <ele>1320.892</ele>
        <time>2015-02-15T11:25:03Z</time>
      </trkpt>
      <trkpt lat="45.707588" lon="23.556739">
        <ele>1320.792</ele>
        <time>2015-02-15T11:25:11Z</time>
      </trkpt>
      <trkpt lat="45.707571" lon="23.556873">
        <ele>1320.573</ele>
        <time>2015-02-15T11:25:59Z</time>
      </trkpt>
      <trkpt lat="45.707585" lon="23.556988">
        <ele>1320.420</ele>
        <time>2015-02-15T11:26:03Z</time>
      </trkpt>
      <trkpt lat="45.707578" lon="23.557109">
        <ele>1320.408</ele>
        <time>2015-02-15T11:26:10Z</time>
      </trkpt>
      <trkpt lat="45.707578" lon="23.557243">
        <ele>1320.480</ele>
        <time>2015-02-15T11:26:21Z</time>
      </trkpt>
      <trkpt lat="45.707563" lon="23.557360">
        <ele>1320.466</ele>
        <time>2015-02-15T11:26:30Z</time>
      </trkpt>
      <trkpt lat="45.707581" lon="23.557480">
        <ele>1320.749</ele>
        <time>2015-02-15T11:27:30Z</time>
      </trkpt>
      <trkpt lat="45.707568" lon="23.557605">
        <ele>1320.818</ele>
        <time>2015-02-15T11:27:40Z</time>
      </trkpt>
      <trkpt lat="45.707530" lon="23.557708">
        <ele>1320.865</ele>
        <time>2015-02-15T11:28:06Z</time>
      </trkpt>
      <trkpt lat="45.707495" lon="23.557820">
        <ele>1320.877</ele>
        <time>2015-02-15T11:28:30Z</time>
      </trkpt>
      <trkpt lat="45.707516" lon="23.557933">
        <ele>1320.858</ele>
        <time>2015-02-15T11:28:38Z</time>
      </trkpt>
      <trkpt lat="45.707531" lon="23.558048">
        <ele>1320.776</ele>
        <time>2015-02-15T11:29:25Z</time>
      </trkpt>
      <trkpt lat="45.707516" lon="23.558163">
        <ele>1320.897</ele>
        <time>2015-02-15T11:29:36Z</time>
      </trkpt>
      <trkpt lat="45.707498" lon="23.558283">
        <ele>1320.923</ele>
        <time>2015-02-15T11:29:44Z</time>
      </trkpt>
      <trkpt lat="45.707478" lon="23.558401">
        <ele>1321.025</ele>
        <time>2015-02-15T11:29:54Z</time>
      </trkpt>
      <trkpt lat="45.707473" lon="23.558528">
        <ele>1321.108</ele>
        <time>2015-02-15T11:30:03Z</time>
      </trkpt>
      <trkpt lat="45.707448" lon="23.558640">
        <ele>1321.310</ele>
        <time>2015-02-15T11:30:13Z</time>
      </trkpt>
      <trkpt lat="45.707406" lon="23.558741">
        <ele>1321.336</ele>
        <time>2015-02-15T11:30:23Z</time>
      </trkpt>
      <trkpt lat="45.707381" lon="23.558863">
        <ele>1321.419</ele>
        <time>2015-02-15T11:30:33Z</time>
      </trkpt>
      <trkpt lat="45.707333" lon="23.558961">
        <ele>1321.468</ele>
        <time>2015-02-15T11:30:43Z</time>
      </trkpt>
      <trkpt lat="45.707361" lon="23.559080">
        <ele>1321.445</ele>
        <time>2015-02-15T11:31:19Z</time>
      </trkpt>
      <trkpt lat="45.707318" lon="23.559188">
        <ele>1321.537</ele>
        <time>2015-02-15T11:31:30Z</time>
      </trkpt>
      <trkpt lat="45.707288" lon="23.559300">
        <ele>1321.568</ele>
        <time>2015-02-15T11:31:39Z</time>
      </trkpt>
      <trkpt lat="45.707281" lon="23.559416">
        <ele>1321.566</ele>
        <time>2015-02-15T11:31:50Z</time>
      </trkpt>
      <trkpt lat="45.707288" lon="23.559536">
        <ele>1321.597</ele>
        <time>2015-02-15T11:32:01Z</time>
      </trkpt>
      <trkpt lat="45.707276" lon="23.559658">
        <ele>1321.523</ele>
        <time>2015-02-15T11:32:15Z</time>
      </trkpt>
      <trkpt lat="45.707229" lon="23.559755">
        <ele>1321.425</ele>
        <time>2015-02-15T11:32:24Z</time>
      </trkpt>
      <trkpt lat="45.707223" lon="23.559921">
        <ele>1321.408</ele>
        <time>2015-02-15T11:32:54Z</time>
      </trkpt>
      <trkpt lat="45.707178" lon="23.560020">
        <ele>1321.460</ele>
        <time>2015-02-15T11:33:05Z</time>
      </trkpt>
      <trkpt lat="45.707154" lon="23.560133">
        <ele>1321.576</ele>
        <time>2015-02-15T11:33:16Z</time>
      </trkpt>
      <trkpt lat="45.707150" lon="23.560256">
        <ele>1321.639</ele>
        <time>2015-02-15T11:33:31Z</time>
      </trkpt>
      <trkpt lat="45.707131" lon="23.560375">
        <ele>1321.748</ele>
        <time>2015-02-15T11:33:43Z</time>
      </trkpt>
      <trkpt lat="45.707118" lon="23.560493">
        <ele>1321.755</ele>
        <time>2015-02-15T11:35:45Z</time>
      </trkpt>
      <trkpt lat="45.707070" lon="23.560598">
        <ele>1321.847</ele>
        <time>2015-02-15T11:36:03Z</time>
      </trkpt>
      <trkpt lat="45.707030" lon="23.560708">
        <ele>1322.088</ele>
        <time>2015-02-15T11:36:17Z</time>
      </trkpt>
      <trkpt lat="45.707010" lon="23.560823">
        <ele>1322.266</ele>
        <time>2015-02-15T11:36:29Z</time>
      </trkpt>
      <trkpt lat="45.706998" lon="23.560948">
        <ele>1322.533</ele>
        <time>2015-02-15T11:36:42Z</time>
      </trkpt>
      <trkpt lat="45.707001" lon="23.561070">
        <ele>1322.723</ele>
        <time>2015-02-15T11:36:52Z</time>
      </trkpt>
      <trkpt lat="45.707001" lon="23.561196">
        <ele>1322.915</ele>
        <time>2015-02-15T11:37:03Z</time>
      </trkpt>
      <trkpt lat="45.706974" lon="23.561308">
        <ele>1322.908</ele>
        <time>2015-02-15T11:37:22Z</time>
      </trkpt>
      <trkpt lat="45.706920" lon="23.561408">
        <ele>1323.074</ele>
        <time>2015-02-15T11:37:33Z</time>
      </trkpt>
      <trkpt lat="45.706959" lon="23.561593">
        <ele>1322.990</ele>
        <time>2015-02-15T11:38:09Z</time>
      </trkpt>
      <trkpt lat="45.706935" lon="23.561715">
        <ele>1322.843</ele>
        <time>2015-02-15T11:38:23Z</time>
      </trkpt>
      <trkpt lat="45.706931" lon="23.561834">
        <ele>1322.682</ele>
        <time>2015-02-15T11:38:34Z</time>
      </trkpt>
      <trkpt lat="45.706951" lon="23.561951">
        <ele>1322.469</ele>
        <time>2015-02-15T11:38:43Z</time>
      </trkpt>
      <trkpt lat="45.706963" lon="23.562085">
        <ele>1322.051</ele>
        <time>2015-02-15T11:38:51Z</time>
      </trkpt>
      <trkpt lat="45.706935" lon="23.562198">
        <ele>1321.632</ele>
        <time>2015-02-15T11:39:00Z</time>
      </trkpt>
      <trkpt lat="45.706966" lon="23.562305">
        <ele>1321.080</ele>
        <time>2015-02-15T11:39:12Z</time>
      </trkpt>
      <trkpt lat="45.707021" lon="23.562393">
        <ele>1320.447</ele>
        <time>2015-02-15T11:39:22Z</time>
      </trkpt>
      <trkpt lat="45.707090" lon="23.562460">
        <ele>1319.729</ele>
        <time>2015-02-15T11:39:33Z</time>
      </trkpt>
      <trkpt lat="45.707168" lon="23.562530">
        <ele>1319.121</ele>
        <time>2015-02-15T11:39:48Z</time>
      </trkpt>
      <trkpt lat="45.707235" lon="23.562613">
        <ele>1318.608</ele>
        <time>2015-02-15T11:39:55Z</time>
      </trkpt>
      <trkpt lat="45.707308" lon="23.562676">
        <ele>1318.385</ele>
        <time>2015-02-15T11:40:08Z</time>
      </trkpt>
      <trkpt lat="45.707386" lon="23.562731">
        <ele>1318.211</ele>
        <time>2015-02-15T11:40:20Z</time>
      </trkpt>
      <trkpt lat="45.707463" lon="23.562781">
        <ele>1318.144</ele>
        <time>2015-02-15T11:40:34Z</time>
      </trkpt>
      <trkpt lat="45.707546" lon="23.562823">
        <ele>1318.183</ele>
        <time>2015-02-15T11:40:45Z</time>
      </trkpt>
      <trkpt lat="45.707623" lon="23.562868">
        <ele>1318.230</ele>
        <time>2015-02-15T11:40:55Z</time>
      </trkpt>
      <trkpt lat="45.707703" lon="23.562916">
        <ele>1318.392</ele>
        <time>2015-02-15T11:42:10Z</time>
      </trkpt>
      <trkpt lat="45.707783" lon="23.562970">
        <ele>1318.523</ele>
        <time>2015-02-15T11:42:21Z</time>
      </trkpt>
      <trkpt lat="45.707855" lon="23.563030">
        <ele>1318.891</ele>
        <time>2015-02-15T11:42:30Z</time>
      </trkpt>
      <trkpt lat="45.707938" lon="23.563090">
        <ele>1319.099</ele>
        <time>2015-02-15T11:42:40Z</time>
      </trkpt>
      <trkpt lat="45.708011" lon="23.563145">
        <ele>1319.207</ele>
        <time>2015-02-15T11:42:50Z</time>
      </trkpt>
      <trkpt lat="45.708106" lon="23.563223">
        <ele>1319.227</ele>
        <time>2015-02-15T11:43:14Z</time>
      </trkpt>
      <trkpt lat="45.708188" lon="23.563198">
        <ele>1319.108</ele>
        <time>2015-02-15T11:43:24Z</time>
      </trkpt>
      <trkpt lat="45.708260" lon="23.563263">
        <ele>1318.840</ele>
        <time>2015-02-15T11:43:35Z</time>
      </trkpt>
      <trkpt lat="45.708336" lon="23.563325">
        <ele>1318.346</ele>
        <time>2015-02-15T11:43:44Z</time>
      </trkpt>
      <trkpt lat="45.708410" lon="23.563403">
        <ele>1317.859</ele>
        <time>2015-02-15T11:43:51Z</time>
      </trkpt>
      <trkpt lat="45.708485" lon="23.563464">
        <ele>1317.218</ele>
        <time>2015-02-15T11:44:00Z</time>
      </trkpt>
      <trkpt lat="45.708555" lon="23.563526">
        <ele>1316.595</ele>
        <time>2015-02-15T11:44:12Z</time>
      </trkpt>
      <trkpt lat="45.708631" lon="23.563589">
        <ele>1315.877</ele>
        <time>2015-02-15T11:44:21Z</time>
      </trkpt>
      <trkpt lat="45.708693" lon="23.563674">
        <ele>1315.018</ele>
        <time>2015-02-15T11:44:33Z</time>
      </trkpt>
      <trkpt lat="45.708768" lon="23.563743">
        <ele>1314.286</ele>
        <time>2015-02-15T11:44:43Z</time>
      </trkpt>
      <trkpt lat="45.708853" lon="23.563801">
        <ele>1313.423</ele>
        <time>2015-02-15T11:44:52Z</time>
      </trkpt>
      <trkpt lat="45.708896" lon="23.563908">
        <ele>1312.683</ele>
        <time>2015-02-15T11:45:04Z</time>
      </trkpt>
      <trkpt lat="45.708936" lon="23.564013">
        <ele>1311.711</ele>
        <time>2015-02-15T11:45:16Z</time>
      </trkpt>
      <trkpt lat="45.708974" lon="23.564120">
        <ele>1310.808</ele>
        <time>2015-02-15T11:45:27Z</time>
      </trkpt>
      <trkpt lat="45.709036" lon="23.564201">
        <ele>1309.983</ele>
        <time>2015-02-15T11:45:39Z</time>
      </trkpt>
      <trkpt lat="45.709103" lon="23.564271">
        <ele>1309.199</ele>
        <time>2015-02-15T11:45:47Z</time>
      </trkpt>
      <trkpt lat="45.709146" lon="23.564371">
        <ele>1308.242</ele>
        <time>2015-02-15T11:45:58Z</time>
      </trkpt>
      <trkpt lat="45.709211" lon="23.564446">
        <ele>1307.271</ele>
        <time>2015-02-15T11:46:06Z</time>
      </trkpt>
      <trkpt lat="45.709268" lon="23.564536">
        <ele>1306.398</ele>
        <time>2015-02-15T11:46:18Z</time>
      </trkpt>
      <trkpt lat="45.709331" lon="23.564615">
        <ele>1305.460</ele>
        <time>2015-02-15T11:46:30Z</time>
      </trkpt>
      <trkpt lat="45.709396" lon="23.564700">
        <ele>1304.761</ele>
        <time>2015-02-15T11:46:46Z</time>
      </trkpt>
      <trkpt lat="45.709473" lon="23.564763">
        <ele>1304.089</ele>
        <time>2015-02-15T11:46:56Z</time>
      </trkpt>
      <trkpt lat="45.709543" lon="23.564829">
        <ele>1303.449</ele>
        <time>2015-02-15T11:47:05Z</time>
      </trkpt>
      <trkpt lat="45.709604" lon="23.564914">
        <ele>1302.802</ele>
        <time>2015-02-15T11:47:17Z</time>
      </trkpt>
      <trkpt lat="45.709735" lon="23.565008">
        <ele>1302.322</ele>
        <time>2015-02-15T11:48:25Z</time>
      </trkpt>
      <trkpt lat="45.709748" lon="23.565126">
        <ele>1301.908</ele>
        <time>2015-02-15T11:48:34Z</time>
      </trkpt>
      <trkpt lat="45.709825" lon="23.565166">
        <ele>1301.425</ele>
        <time>2015-02-15T11:48:49Z</time>
      </trkpt>
      <trkpt lat="45.709893" lon="23.565246">
        <ele>1301.091</ele>
        <time>2015-02-15T11:48:59Z</time>
      </trkpt>
      <trkpt lat="45.709920" lon="23.565369">
        <ele>1300.594</ele>
        <time>2015-02-15T11:49:14Z</time>
      </trkpt>
      <trkpt lat="45.709965" lon="23.565466">
        <ele>1299.913</ele>
        <time>2015-02-15T11:49:25Z</time>
      </trkpt>
      <trkpt lat="45.710030" lon="23.565544">
        <ele>1299.280</ele>
        <time>2015-02-15T11:49:33Z</time>
      </trkpt>
      <trkpt lat="45.710110" lon="23.565580">
        <ele>1298.582</ele>
        <time>2015-02-15T11:49:42Z</time>
      </trkpt>
      <trkpt lat="45.710176" lon="23.565656">
        <ele>1297.713</ele>
        <time>2015-02-15T11:49:55Z</time>
      </trkpt>
      <trkpt lat="45.710220" lon="23.565763">
        <ele>1296.821</ele>
        <time>2015-02-15T11:50:06Z</time>
      </trkpt>
      <trkpt lat="45.710313" lon="23.565883">
        <ele>1295.929</ele>
        <time>2015-02-15T11:52:02Z</time>
      </trkpt>
      <trkpt lat="45.710368" lon="23.565975">
        <ele>1295.100</ele>
        <time>2015-02-15T11:52:14Z</time>
      </trkpt>
      <trkpt lat="45.710435" lon="23.566043">
        <ele>1294.320</ele>
        <time>2015-02-15T11:52:23Z</time>
      </trkpt>
      <trkpt lat="45.710496" lon="23.566123">
        <ele>1293.508</ele>
        <time>2015-02-15T11:52:36Z</time>
      </trkpt>
      <trkpt lat="45.710566" lon="23.566195">
        <ele>1292.773</ele>
        <time>2015-02-15T11:52:49Z</time>
      </trkpt>
      <trkpt lat="45.710640" lon="23.566251">
        <ele>1291.999</ele>
        <time>2015-02-15T11:53:01Z</time>
      </trkpt>
      <trkpt lat="45.710716" lon="23.566313">
        <ele>1291.482</ele>
        <time>2015-02-15T11:53:14Z</time>
      </trkpt>
      <trkpt lat="45.710778" lon="23.566393">
        <ele>1290.991</ele>
        <time>2015-02-15T11:53:26Z</time>
      </trkpt>
      <trkpt lat="45.710841" lon="23.566475">
        <ele>1290.498</ele>
        <time>2015-02-15T11:53:39Z</time>
      </trkpt>
      <trkpt lat="45.710895" lon="23.566568">
        <ele>1290.010</ele>
        <time>2015-02-15T11:53:51Z</time>
      </trkpt>
      <trkpt lat="45.710966" lon="23.566631">
        <ele>1289.611</ele>
        <time>2015-02-15T11:54:16Z</time>
      </trkpt>
      <trkpt lat="45.711028" lon="23.566721">
        <ele>1289.129</ele>
        <time>2015-02-15T11:54:28Z</time>
      </trkpt>
      <trkpt lat="45.711111" lon="23.566758">
        <ele>1288.619</ele>
        <time>2015-02-15T11:54:39Z</time>
      </trkpt>
      <trkpt lat="45.711190" lon="23.566788">
        <ele>1288.009</ele>
        <time>2015-02-15T11:54:46Z</time>
      </trkpt>
      <trkpt lat="45.711271" lon="23.566790">
        <ele>1287.519</ele>
        <time>2015-02-15T11:54:58Z</time>
      </trkpt>
      <trkpt lat="45.711331" lon="23.566873">
        <ele>1286.908</ele>
        <time>2015-02-15T11:55:08Z</time>
      </trkpt>
      <trkpt lat="45.711381" lon="23.566964">
        <ele>1286.392</ele>
        <time>2015-02-15T11:55:26Z</time>
      </trkpt>
      <trkpt lat="45.711428" lon="23.567066">
        <ele>1285.638</ele>
        <time>2015-02-15T11:55:37Z</time>
      </trkpt>
      <trkpt lat="45.711431" lon="23.567186">
        <ele>1284.971</ele>
        <time>2015-02-15T11:55:49Z</time>
      </trkpt>
      <trkpt lat="45.711490" lon="23.567270">
        <ele>1284.240</ele>
        <time>2015-02-15T11:56:00Z</time>
      </trkpt>
      <trkpt lat="45.711563" lon="23.567330">
        <ele>1283.497</ele>
        <time>2015-02-15T11:56:09Z</time>
      </trkpt>
      <trkpt lat="45.711634" lon="23.567391">
        <ele>1282.639</ele>
        <time>2015-02-15T11:56:16Z</time>
      </trkpt>
      <trkpt lat="45.711711" lon="23.567451">
        <ele>1281.830</ele>
        <time>2015-02-15T11:56:24Z</time>
      </trkpt>
      <trkpt lat="45.711776" lon="23.567536">
        <ele>1281.158</ele>
        <time>2015-02-15T11:56:33Z</time>
      </trkpt>
      <trkpt lat="45.711855" lon="23.567588">
        <ele>1280.425</ele>
        <time>2015-02-15T11:56:41Z</time>
      </trkpt>
      <trkpt lat="45.711928" lon="23.567658">
        <ele>1279.726</ele>
        <time>2015-02-15T11:57:00Z</time>
      </trkpt>
      <trkpt lat="45.712001" lon="23.567721">
        <ele>1279.108</ele>
        <time>2015-02-15T11:57:10Z</time>
      </trkpt>
      <trkpt lat="45.712080" lon="23.567766">
        <ele>1278.608</ele>
        <time>2015-02-15T11:57:32Z</time>
      </trkpt>
      <trkpt lat="45.712140" lon="23.567858">
        <ele>1278.143</ele>
        <time>2015-02-15T11:57:43Z</time>
      </trkpt>
      <trkpt lat="45.712208" lon="23.567928">
        <ele>1277.689</ele>
        <time>2015-02-15T11:57:52Z</time>
      </trkpt>
      <trkpt lat="45.712288" lon="23.567983">
        <ele>1277.282</ele>
        <time>2015-02-15T11:58:09Z</time>
      </trkpt>
      <trkpt lat="45.712366" lon="23.568036">
        <ele>1276.911</ele>
        <time>2015-02-15T11:58:18Z</time>
      </trkpt>
      <trkpt lat="45.712435" lon="23.568103">
        <ele>1276.568</ele>
        <time>2015-02-15T11:58:29Z</time>
      </trkpt>
      <trkpt lat="45.712511" lon="23.568165">
        <ele>1276.270</ele>
        <time>2015-02-15T11:58:38Z</time>
      </trkpt>
      <trkpt lat="45.712585" lon="23.568223">
        <ele>1276.041</ele>
        <time>2015-02-15T11:58:46Z</time>
      </trkpt>
      <trkpt lat="45.712669" lon="23.568234">
        <ele>1275.829</ele>
        <time>2015-02-15T11:58:54Z</time>
      </trkpt>
      <trkpt lat="45.712759" lon="23.568215">
        <ele>1275.583</ele>
        <time>2015-02-15T11:59:06Z</time>
      </trkpt>
      <trkpt lat="45.712841" lon="23.568173">
        <ele>1275.225</ele>
        <time>2015-02-15T11:59:14Z</time>
      </trkpt>
      <trkpt lat="45.712926" lon="23.568148">
        <ele>1275.017</ele>
        <time>2015-02-15T11:59:27Z</time>
      </trkpt>
      <trkpt lat="45.713006" lon="23.568193">
        <ele>1274.808</ele>
        <time>2015-02-15T12:00:19Z</time>
      </trkpt>
      <trkpt lat="45.713089" lon="23.568203">
        <ele>1274.669</ele>
        <time>2015-02-15T12:00:33Z</time>
      </trkpt>
      <trkpt lat="45.713126" lon="23.568320">
        <ele>1274.415</ele>
        <time>2015-02-15T12:00:52Z</time>
      </trkpt>
      <trkpt lat="45.713171" lon="23.568416">
        <ele>1274.268</ele>
        <time>2015-02-15T12:01:02Z</time>
      </trkpt>
      <trkpt lat="45.713255" lon="23.568480">
        <ele>1274.027</ele>
        <time>2015-02-15T12:01:14Z</time>
      </trkpt>
      <trkpt lat="45.713348" lon="23.568500">
        <ele>1273.814</ele>
        <time>2015-02-15T12:01:21Z</time>
      </trkpt>
      <trkpt lat="45.713431" lon="23.568538">
        <ele>1273.726</ele>
        <time>2015-02-15T12:01:31Z</time>
      </trkpt>
      <trkpt lat="45.713505" lon="23.568596">
        <ele>1273.787</ele>
        <time>2015-02-15T12:01:43Z</time>
      </trkpt>
      <trkpt lat="45.713581" lon="23.568650">
        <ele>1273.965</ele>
        <time>2015-02-15T12:01:56Z</time>
      </trkpt>
      <trkpt lat="45.713671" lon="23.568668">
        <ele>1274.415</ele>
        <time>2015-02-15T12:02:02Z</time>
      </trkpt>
      <trkpt lat="45.713755" lon="23.568658">
        <ele>1275.065</ele>
        <time>2015-02-15T12:02:09Z</time>
      </trkpt>
      <trkpt lat="45.713835" lon="23.568636">
        <ele>1275.711</ele>
        <time>2015-02-15T12:02:17Z</time>
      </trkpt>
      <trkpt lat="45.713916" lon="23.568641">
        <ele>1276.508</ele>
        <time>2015-02-15T12:02:28Z</time>
      </trkpt>
      <trkpt lat="45.714001" lon="23.568658">
        <ele>1277.592</ele>
        <time>2015-02-15T12:02:35Z</time>
      </trkpt>
      <trkpt lat="45.714090" lon="23.568669">
        <ele>1278.578</ele>
        <time>2015-02-15T12:02:44Z</time>
      </trkpt>
      <trkpt lat="45.714180" lon="23.568666">
        <ele>1279.531</ele>
        <time>2015-02-15T12:02:50Z</time>
      </trkpt>
      <trkpt lat="45.714261" lon="23.568680">
        <ele>1280.480</ele>
        <time>2015-02-15T12:02:59Z</time>
      </trkpt>
      <trkpt lat="45.714346" lon="23.568669">
        <ele>1281.357</ele>
        <time>2015-02-15T12:03:06Z</time>
      </trkpt>
      <trkpt lat="45.714428" lon="23.568673">
        <ele>1282.059</ele>
        <time>2015-02-15T12:03:13Z</time>
      </trkpt>
      <trkpt lat="45.714513" lon="23.568668">
        <ele>1282.670</ele>
        <time>2015-02-15T12:03:29Z</time>
      </trkpt>
      <trkpt lat="45.714600" lon="23.568690">
        <ele>1282.978</ele>
        <time>2015-02-15T12:03:49Z</time>
      </trkpt>
      <trkpt lat="45.714668" lon="23.568756">
        <ele>1283.111</ele>
        <time>2015-02-15T12:03:58Z</time>
      </trkpt>
      <trkpt lat="45.714729" lon="23.568841">
        <ele>1283.121</ele>
        <time>2015-02-15T12:04:14Z</time>
      </trkpt>
      <trkpt lat="45.714786" lon="23.568928">
        <ele>1283.003</ele>
        <time>2015-02-15T12:04:27Z</time>
      </trkpt>
      <trkpt lat="45.714858" lon="23.569006">
        <ele>1282.808</ele>
        <time>2015-02-15T12:05:14Z</time>
      </trkpt>
      <trkpt lat="45.714840" lon="23.569121">
        <ele>1282.632</ele>
        <time>2015-02-15T12:05:21Z</time>
      </trkpt>
      <trkpt lat="45.714819" lon="23.569239">
        <ele>1282.418</ele>
        <time>2015-02-15T12:05:30Z</time>
      </trkpt>
      <trkpt lat="45.714813" lon="23.569366">
        <ele>1282.361</ele>
        <time>2015-02-15T12:05:39Z</time>
      </trkpt>
      <trkpt lat="45.714796" lon="23.569485">
        <ele>1282.230</ele>
        <time>2015-02-15T12:05:47Z</time>
      </trkpt>
      <trkpt lat="45.714816" lon="23.569601">
        <ele>1282.147</ele>
        <time>2015-02-15T12:05:55Z</time>
      </trkpt>
      <trkpt lat="45.714808" lon="23.569723">
        <ele>1282.069</ele>
        <time>2015-02-15T12:06:04Z</time>
      </trkpt>
      <trkpt lat="45.714816" lon="23.569841">
        <ele>1281.990</ele>
        <time>2015-02-15T12:06:14Z</time>
      </trkpt>
      <trkpt lat="45.714818" lon="23.569958">
        <ele>1281.948</ele>
        <time>2015-02-15T12:06:22Z</time>
      </trkpt>
      <trkpt lat="45.714826" lon="23.570074">
        <ele>1281.916</ele>
        <time>2015-02-15T12:06:41Z</time>
      </trkpt>
      <trkpt lat="45.714845" lon="23.570201">
        <ele>1281.876</ele>
        <time>2015-02-15T12:07:22Z</time>
      </trkpt>
      <trkpt lat="45.714825" lon="23.570314">
        <ele>1281.813</ele>
        <time>2015-02-15T12:07:33Z</time>
      </trkpt>
      <trkpt lat="45.714819" lon="23.570438">
        <ele>1282.008</ele>
        <time>2015-02-15T12:07:43Z</time>
      </trkpt>
      <trkpt lat="45.714788" lon="23.570546">
        <ele>1282.272</ele>
        <time>2015-02-15T12:07:51Z</time>
      </trkpt>
      <trkpt lat="45.714768" lon="23.570665">
        <ele>1282.488</ele>
        <time>2015-02-15T12:08:01Z</time>
      </trkpt>
      <trkpt lat="45.714738" lon="23.570786">
        <ele>1282.711</ele>
        <time>2015-02-15T12:08:08Z</time>
      </trkpt>
      <trkpt lat="45.714756" lon="23.570908">
        <ele>1283.010</ele>
        <time>2015-02-15T12:08:18Z</time>
      </trkpt>
      <trkpt lat="45.714816" lon="23.571038">
        <ele>1283.227</ele>
        <time>2015-02-15T12:08:28Z</time>
      </trkpt>
      <trkpt lat="45.714801" lon="23.571153">
        <ele>1283.479</ele>
        <time>2015-02-15T12:08:49Z</time>
      </trkpt>
      <trkpt lat="45.714796" lon="23.571281">
        <ele>1283.560</ele>
        <time>2015-02-15T12:08:57Z</time>
      </trkpt>
      <trkpt lat="45.714746" lon="23.571378">
        <ele>1283.618</ele>
        <time>2015-02-15T12:09:08Z</time>
      </trkpt>
      <trkpt lat="45.714714" lon="23.571490">
        <ele>1283.776</ele>
        <time>2015-02-15T12:09:15Z</time>
      </trkpt>
      <trkpt lat="45.714678" lon="23.571598">
        <ele>1283.690</ele>
        <time>2015-02-15T12:09:22Z</time>
      </trkpt>
      <trkpt lat="45.714638" lon="23.571715">
        <ele>1283.319</ele>
        <time>2015-02-15T12:09:30Z</time>
      </trkpt>
      <trkpt lat="45.714594" lon="23.571815">
        <ele>1282.908</ele>
        <time>2015-02-15T12:09:37Z</time>
      </trkpt>
      <trkpt lat="45.714570" lon="23.571931">
        <ele>1282.428</ele>
        <time>2015-02-15T12:09:44Z</time>
      </trkpt>
      <trkpt lat="45.714525" lon="23.572038">
        <ele>1281.994</ele>
        <time>2015-02-15T12:09:52Z</time>
      </trkpt>
      <trkpt lat="45.714503" lon="23.572178">
        <ele>1281.227</ele>
        <time>2015-02-15T12:11:39Z</time>
      </trkpt>
      <trkpt lat="45.714448" lon="23.572274">
        <ele>1280.656</ele>
        <time>2015-02-15T12:11:50Z</time>
      </trkpt>
      <trkpt lat="45.714391" lon="23.572366">
        <ele>1280.023</ele>
        <time>2015-02-15T12:11:58Z</time>
      </trkpt>
      <trkpt lat="45.714316" lon="23.572508">
        <ele>1279.335</ele>
        <time>2015-02-15T12:12:36Z</time>
      </trkpt>
      <trkpt lat="45.714255" lon="23.572586">
        <ele>1278.726</ele>
        <time>2015-02-15T12:13:03Z</time>
      </trkpt>
      <trkpt lat="45.714195" lon="23.572801">
        <ele>1278.134</ele>
        <time>2015-02-15T12:14:59Z</time>
      </trkpt>
      <trkpt lat="45.714146" lon="23.572895">
        <ele>1277.472</ele>
        <time>2015-02-15T12:15:08Z</time>
      </trkpt>
      <trkpt lat="45.714088" lon="23.572988">
        <ele>1276.713</ele>
        <time>2015-02-15T12:15:14Z</time>
      </trkpt>
      <trkpt lat="45.714038" lon="23.573079">
        <ele>1276.014</ele>
        <time>2015-02-15T12:15:22Z</time>
      </trkpt>
      <trkpt lat="45.713986" lon="23.573180">
        <ele>1275.308</ele>
        <time>2015-02-15T12:15:30Z</time>
      </trkpt>
      <trkpt lat="45.713955" lon="23.573298">
        <ele>1274.678</ele>
        <time>2015-02-15T12:15:37Z</time>
      </trkpt>
      <trkpt lat="45.713928" lon="23.573408">
        <ele>1273.884</ele>
        <time>2015-02-15T12:15:44Z</time>
      </trkpt>
      <trkpt lat="45.713886" lon="23.573511">
        <ele>1273.037</ele>
        <time>2015-02-15T12:15:51Z</time>
      </trkpt>
      <trkpt lat="45.713863" lon="23.573625">
        <ele>1272.196</ele>
        <time>2015-02-15T12:15:59Z</time>
      </trkpt>
      <trkpt lat="45.713833" lon="23.573736">
        <ele>1271.133</ele>
        <time>2015-02-15T12:16:06Z</time>
      </trkpt>
      <trkpt lat="45.713820" lon="23.573855">
        <ele>1270.075</ele>
        <time>2015-02-15T12:16:13Z</time>
      </trkpt>
      <trkpt lat="45.713805" lon="23.573981">
        <ele>1268.866</ele>
        <time>2015-02-15T12:16:21Z</time>
      </trkpt>
      <trkpt lat="45.713783" lon="23.574111">
        <ele>1267.744</ele>
        <time>2015-02-15T12:16:27Z</time>
      </trkpt>
      <trkpt lat="45.713783" lon="23.574231">
        <ele>1266.454</ele>
        <time>2015-02-15T12:16:33Z</time>
      </trkpt>
      <trkpt lat="45.713786" lon="23.574355">
        <ele>1265.056</ele>
        <time>2015-02-15T12:16:39Z</time>
      </trkpt>
      <trkpt lat="45.713818" lon="23.574481">
        <ele>1263.311</ele>
        <time>2015-02-15T12:17:16Z</time>
      </trkpt>
      <trkpt lat="45.713853" lon="23.574593">
        <ele>1261.608</ele>
        <time>2015-02-15T12:17:24Z</time>
      </trkpt>
      <trkpt lat="45.713875" lon="23.574709">
        <ele>1260.126</ele>
        <time>2015-02-15T12:17:33Z</time>
      </trkpt>
      <trkpt lat="45.713901" lon="23.574821">
        <ele>1258.552</ele>
        <time>2015-02-15T12:17:44Z</time>
      </trkpt>
      <trkpt lat="45.713923" lon="23.574934">
        <ele>1256.945</ele>
        <time>2015-02-15T12:20:41Z</time>
      </trkpt>
      <trkpt lat="45.713953" lon="23.575050">
        <ele>1255.364</ele>
        <time>2015-02-15T12:21:32Z</time>
      </trkpt>
      <trkpt lat="45.713996" lon="23.575165">
        <ele>1253.851</ele>
        <time>2015-02-15T12:21:40Z</time>
      </trkpt>
      <trkpt lat="45.714040" lon="23.575266">
        <ele>1252.373</ele>
        <time>2015-02-15T12:21:52Z</time>
      </trkpt>
      <trkpt lat="45.714091" lon="23.575370">
        <ele>1250.844</ele>
        <time>2015-02-15T12:22:18Z</time>
      </trkpt>
      <trkpt lat="45.714133" lon="23.575478">
        <ele>1249.342</ele>
        <time>2015-02-15T12:22:25Z</time>
      </trkpt>
      <trkpt lat="45.714163" lon="23.575586">
        <ele>1248.228</ele>
        <time>2015-02-15T12:22:41Z</time>
      </trkpt>
      <trkpt lat="45.714188" lon="23.575699">
        <ele>1247.189</ele>
        <time>2015-02-15T12:22:49Z</time>
      </trkpt>
      <trkpt lat="45.714246" lon="23.575796">
        <ele>1246.017</ele>
        <time>2015-02-15T12:22:58Z</time>
      </trkpt>
      <trkpt lat="45.714301" lon="23.575889">
        <ele>1244.908</ele>
        <time>2015-02-15T12:23:06Z</time>
      </trkpt>
      <trkpt lat="45.714339" lon="23.576000">
        <ele>1243.883</ele>
        <time>2015-02-15T12:23:14Z</time>
      </trkpt>
      <trkpt lat="45.714394" lon="23.576093">
        <ele>1242.619</ele>
        <time>2015-02-15T12:23:21Z</time>
      </trkpt>
      <trkpt lat="45.714426" lon="23.576221">
        <ele>1241.342</ele>
        <time>2015-02-15T12:23:28Z</time>
      </trkpt>
      <trkpt lat="45.714473" lon="23.576320">
        <ele>1239.991</ele>
        <time>2015-02-15T12:23:34Z</time>
      </trkpt>
      <trkpt lat="45.714510" lon="23.576436">
        <ele>1238.558</ele>
        <time>2015-02-15T12:23:41Z</time>
      </trkpt>
      <trkpt lat="45.714560" lon="23.576540">
        <ele>1237.190</ele>
        <time>2015-02-15T12:23:49Z</time>
      </trkpt>
      <trkpt lat="45.714628" lon="23.576618">
        <ele>1235.931</ele>
        <time>2015-02-15T12:23:57Z</time>
      </trkpt>
      <trkpt lat="45.714688" lon="23.576713">
        <ele>1234.619</ele>
        <time>2015-02-15T12:24:05Z</time>
      </trkpt>
      <trkpt lat="45.714761" lon="23.576816">
        <ele>1233.324</ele>
        <time>2015-02-15T12:24:41Z</time>
      </trkpt>
      <trkpt lat="45.714821" lon="23.576903">
        <ele>1232.104</ele>
        <time>2015-02-15T12:24:50Z</time>
      </trkpt>
      <trkpt lat="45.714876" lon="23.576991">
        <ele>1230.814</ele>
        <time>2015-02-15T12:24:59Z</time>
      </trkpt>
      <trkpt lat="45.714953" lon="23.577045">
        <ele>1229.508</ele>
        <time>2015-02-15T12:25:04Z</time>
      </trkpt>
      <trkpt lat="45.714975" lon="23.577170">
        <ele>1228.353</ele>
        <time>2015-02-15T12:25:12Z</time>
      </trkpt>
      <trkpt lat="45.715006" lon="23.577286">
        <ele>1227.159</ele>
        <time>2015-02-15T12:25:20Z</time>
      </trkpt>
      <trkpt lat="45.715088" lon="23.577331">
        <ele>1226.162</ele>
        <time>2015-02-15T12:25:27Z</time>
      </trkpt>
      <trkpt lat="45.715145" lon="23.577429">
        <ele>1225.041</ele>
        <time>2015-02-15T12:25:38Z</time>
      </trkpt>
      <trkpt lat="45.715171" lon="23.577553">
        <ele>1223.718</ele>
        <time>2015-02-15T12:25:48Z</time>
      </trkpt>
      <trkpt lat="45.715201" lon="23.577671">
        <ele>1222.490</ele>
        <time>2015-02-15T12:25:56Z</time>
      </trkpt>
      <trkpt lat="45.715213" lon="23.577803">
        <ele>1221.141</ele>
        <time>2015-02-15T12:26:04Z</time>
      </trkpt>
      <trkpt lat="45.715235" lon="23.577920">
        <ele>1219.779</ele>
        <time>2015-02-15T12:26:12Z</time>
      </trkpt>
      <trkpt lat="45.715265" lon="23.578031">
        <ele>1218.244</ele>
        <time>2015-02-15T12:26:20Z</time>
      </trkpt>
      <trkpt lat="45.715236" lon="23.578148">
        <ele>1216.805</ele>
        <time>2015-02-15T12:26:28Z</time>
      </trkpt>
      <trkpt lat="45.715201" lon="23.578263">
        <ele>1215.415</ele>
        <time>2015-02-15T12:26:35Z</time>
      </trkpt>
      <trkpt lat="45.715160" lon="23.578380">
        <ele>1213.808</ele>
        <time>2015-02-15T12:26:42Z</time>
      </trkpt>
      <trkpt lat="45.715119" lon="23.578481">
        <ele>1212.335</ele>
        <time>2015-02-15T12:26:49Z</time>
      </trkpt>
      <trkpt lat="45.715071" lon="23.578584">
        <ele>1210.811</ele>
        <time>2015-02-15T12:26:55Z</time>
      </trkpt>
      <trkpt lat="45.715041" lon="23.578701">
        <ele>1209.264</ele>
        <time>2015-02-15T12:27:02Z</time>
      </trkpt>
      <trkpt lat="45.715048" lon="23.578830">
        <ele>1207.723</ele>
        <time>2015-02-15T12:27:09Z</time>
      </trkpt>
      <trkpt lat="45.715076" lon="23.578958">
        <ele>1206.340</ele>
        <time>2015-02-15T12:27:17Z</time>
      </trkpt>
      <trkpt lat="45.715108" lon="23.579074">
        <ele>1204.892</ele>
        <time>2015-02-15T12:27:24Z</time>
      </trkpt>
      <trkpt lat="45.715080" lon="23.579188">
        <ele>1203.463</ele>
        <time>2015-02-15T12:27:32Z</time>
      </trkpt>
      <trkpt lat="45.715046" lon="23.579299">
        <ele>1202.061</ele>
        <time>2015-02-15T12:27:40Z</time>
      </trkpt>
      <trkpt lat="45.715020" lon="23.579418">
        <ele>1200.664</ele>
        <time>2015-02-15T12:27:48Z</time>
      </trkpt>
      <trkpt lat="45.714973" lon="23.579530">
        <ele>1199.306</ele>
        <time>2015-02-15T12:27:54Z</time>
      </trkpt>
      <trkpt lat="45.714981" lon="23.579653">
        <ele>1198.116</ele>
        <time>2015-02-15T12:28:03Z</time>
      </trkpt>
      <trkpt lat="45.715001" lon="23.579773">
        <ele>1196.908</ele>
        <time>2015-02-15T12:28:11Z</time>
      </trkpt>
      <trkpt lat="45.714966" lon="23.579883">
        <ele>1195.667</ele>
        <time>2015-02-15T12:28:18Z</time>
      </trkpt>
      <trkpt lat="45.714953" lon="23.580019">
        <ele>1194.583</ele>
        <time>2015-02-15T12:28:26Z</time>
      </trkpt>
      <trkpt lat="45.714923" lon="23.580131">
        <ele>1193.386</ele>
        <time>2015-02-15T12:28:38Z</time>
      </trkpt>
      <trkpt lat="45.714878" lon="23.580236">
        <ele>1192.185</ele>
        <time>2015-02-15T12:28:47Z</time>
      </trkpt>
      <trkpt lat="45.714831" lon="23.580336">
        <ele>1190.842</ele>
        <time>2015-02-15T12:28:53Z</time>
      </trkpt>
      <trkpt lat="45.714811" lon="23.580454">
        <ele>1189.544</ele>
        <time>2015-02-15T12:29:06Z</time>
      </trkpt>
      <trkpt lat="45.714768" lon="23.580556">
        <ele>1188.395</ele>
        <time>2015-02-15T12:29:13Z</time>
      </trkpt>
      <trkpt lat="45.714706" lon="23.580640">
        <ele>1187.143</ele>
        <time>2015-02-15T12:29:19Z</time>
      </trkpt>
      <trkpt lat="45.714646" lon="23.580721">
        <ele>1185.956</ele>
        <time>2015-02-15T12:29:25Z</time>
      </trkpt>
      <trkpt lat="45.714575" lon="23.580803">
        <ele>1184.759</ele>
        <time>2015-02-15T12:29:33Z</time>
      </trkpt>
      <trkpt lat="45.714501" lon="23.580890">
        <ele>1183.614</ele>
        <time>2015-02-15T12:29:40Z</time>
      </trkpt>
      <trkpt lat="45.714441" lon="23.580991">
        <ele>1182.508</ele>
        <time>2015-02-15T12:29:48Z</time>
      </trkpt>
      <trkpt lat="45.714394" lon="23.581103">
        <ele>1181.486</ele>
        <time>2015-02-15T12:29:57Z</time>
      </trkpt>
      <trkpt lat="45.714311" lon="23.581178">
        <ele>1180.432</ele>
        <time>2015-02-15T12:30:05Z</time>
      </trkpt>
      <trkpt lat="45.714258" lon="23.581280">
        <ele>1179.485</ele>
        <time>2015-02-15T12:30:11Z</time>
      </trkpt>
      <trkpt lat="45.714180" lon="23.581326">
        <ele>1178.514</ele>
        <time>2015-02-15T12:30:16Z</time>
      </trkpt>
      <trkpt lat="45.714128" lon="23.581425">
        <ele>1177.541</ele>
        <time>2015-02-15T12:30:23Z</time>
      </trkpt>
      <trkpt lat="45.714095" lon="23.581545">
        <ele>1176.633</ele>
        <time>2015-02-15T12:30:29Z</time>
      </trkpt>
      <trkpt lat="45.714131" lon="23.581658">
        <ele>1175.514</ele>
        <time>2015-02-15T12:30:38Z</time>
      </trkpt>
      <trkpt lat="45.714188" lon="23.581745">
        <ele>1174.362</ele>
        <time>2015-02-15T12:30:43Z</time>
      </trkpt>
      <trkpt lat="45.714266" lon="23.581806">
        <ele>1173.179</ele>
        <time>2015-02-15T12:30:51Z</time>
      </trkpt>
      <trkpt lat="45.714341" lon="23.581858">
        <ele>1171.905</ele>
        <time>2015-02-15T12:30:57Z</time>
      </trkpt>
      <trkpt lat="45.714413" lon="23.581921">
        <ele>1170.425</ele>
        <time>2015-02-15T12:31:04Z</time>
      </trkpt>
      <trkpt lat="45.714484" lon="23.581996">
        <ele>1169.008</ele>
        <time>2015-02-15T12:31:12Z</time>
      </trkpt>
      <trkpt lat="45.714561" lon="23.582063">
        <ele>1167.468</ele>
        <time>2015-02-15T12:31:21Z</time>
      </trkpt>
      <trkpt lat="45.714646" lon="23.582116">
        <ele>1165.854</ele>
        <time>2015-02-15T12:31:29Z</time>
      </trkpt>
      <trkpt lat="45.714720" lon="23.582183">
        <ele>1164.387</ele>
        <time>2015-02-15T12:31:37Z</time>
      </trkpt>
      <trkpt lat="45.714776" lon="23.582270">
        <ele>1162.926</ele>
        <time>2015-02-15T12:31:49Z</time>
      </trkpt>
      <trkpt lat="45.714710" lon="23.582340">
        <ele>1161.673</ele>
        <time>2015-02-15T12:32:02Z</time>
      </trkpt>
      <trkpt lat="45.714635" lon="23.582400">
        <ele>1160.415</ele>
        <time>2015-02-15T12:32:14Z</time>
      </trkpt>
      <trkpt lat="45.714540" lon="23.582466">
        <ele>1159.316</ele>
        <time>2015-02-15T12:32:42Z</time>
      </trkpt>
      <trkpt lat="45.714450" lon="23.582478">
        <ele>1158.484</ele>
        <time>2015-02-15T12:32:51Z</time>
      </trkpt>
      <trkpt lat="45.714354" lon="23.582490">
        <ele>1157.585</ele>
        <time>2015-02-15T12:32:58Z</time>
      </trkpt>
      <trkpt lat="45.714273" lon="23.582488">
        <ele>1157.089</ele>
        <time>2015-02-15T12:33:04Z</time>
      </trkpt>
      <trkpt lat="45.714183" lon="23.582485">
        <ele>1156.517</ele>
        <time>2015-02-15T12:33:12Z</time>
      </trkpt>
      <trkpt lat="45.714101" lon="23.582511">
        <ele>1156.108</ele>
        <time>2015-02-15T12:33:22Z</time>
      </trkpt>
      <trkpt lat="45.714006" lon="23.582555">
        <ele>1155.749</ele>
        <time>2015-02-15T12:33:45Z</time>
      </trkpt>
      <trkpt lat="45.713925" lon="23.582568">
        <ele>1155.475</ele>
        <time>2015-02-15T12:33:53Z</time>
      </trkpt>
      <trkpt lat="45.713836" lon="23.582593">
        <ele>1155.088</ele>
        <time>2015-02-15T12:33:58Z</time>
      </trkpt>
      <trkpt lat="45.713758" lon="23.582631">
        <ele>1154.697</ele>
        <time>2015-02-15T12:34:04Z</time>
      </trkpt>
      <trkpt lat="45.713686" lon="23.582700">
        <ele>1154.214</ele>
        <time>2015-02-15T12:34:11Z</time>
      </trkpt>
      <trkpt lat="45.713605" lon="23.582746">
        <ele>1153.956</ele>
        <time>2015-02-15T12:34:18Z</time>
      </trkpt>
      <trkpt lat="45.713516" lon="23.582761">
        <ele>1153.487</ele>
        <time>2015-02-15T12:34:25Z</time>
      </trkpt>
      <trkpt lat="45.713438" lon="23.582791">
        <ele>1153.055</ele>
        <time>2015-02-15T12:34:33Z</time>
      </trkpt>
      <trkpt lat="45.713341" lon="23.582813">
        <ele>1152.512</ele>
        <time>2015-02-15T12:34:41Z</time>
      </trkpt>
      <trkpt lat="45.713258" lon="23.582798">
        <ele>1152.132</ele>
        <time>2015-02-15T12:34:50Z</time>
      </trkpt>
      <trkpt lat="45.713176" lon="23.582783">
        <ele>1151.605</ele>
        <time>2015-02-15T12:34:57Z</time>
      </trkpt>
      <trkpt lat="45.713125" lon="23.582679">
        <ele>1151.108</ele>
        <time>2015-02-15T12:35:05Z</time>
      </trkpt>
      <trkpt lat="45.713076" lon="23.582573">
        <ele>1150.612</ele>
        <time>2015-02-15T12:35:12Z</time>
      </trkpt>
      <trkpt lat="45.713070" lon="23.582454">
        <ele>1150.168</ele>
        <time>2015-02-15T12:35:19Z</time>
      </trkpt>
      <trkpt lat="45.713065" lon="23.582336">
        <ele>1149.641</ele>
        <time>2015-02-15T12:35:27Z</time>
      </trkpt>
      <trkpt lat="45.713073" lon="23.582220">
        <ele>1149.160</ele>
        <time>2015-02-15T12:35:35Z</time>
      </trkpt>
      <trkpt lat="45.713083" lon="23.582100">
        <ele>1148.437</ele>
        <time>2015-02-15T12:35:43Z</time>
      </trkpt>
      <trkpt lat="45.713105" lon="23.581983">
        <ele>1147.819</ele>
        <time>2015-02-15T12:35:50Z</time>
      </trkpt>
      <trkpt lat="45.713145" lon="23.581876">
        <ele>1147.160</ele>
        <time>2015-02-15T12:35:57Z</time>
      </trkpt>
      <trkpt lat="45.713153" lon="23.581751">
        <ele>1146.348</ele>
        <time>2015-02-15T12:36:07Z</time>
      </trkpt>
      <trkpt lat="45.713078" lon="23.581796">
        <ele>1145.573</ele>
        <time>2015-02-15T12:36:17Z</time>
      </trkpt>
      <trkpt lat="45.713013" lon="23.581866">
        <ele>1144.685</ele>
        <time>2015-02-15T12:36:24Z</time>
      </trkpt>
      <trkpt lat="45.712954" lon="23.581958">
        <ele>1143.713</ele>
        <time>2015-02-15T12:36:38Z</time>
      </trkpt>
      <trkpt lat="45.712886" lon="23.582021">
        <ele>1142.708</ele>
        <time>2015-02-15T12:36:47Z</time>
      </trkpt>
      <trkpt lat="45.712818" lon="23.582101">
        <ele>1141.778</ele>
        <time>2015-02-15T12:37:00Z</time>
      </trkpt>
      <trkpt lat="45.712746" lon="23.582180">
        <ele>1140.624</ele>
        <time>2015-02-15T12:37:10Z</time>
      </trkpt>
      <trkpt lat="45.712686" lon="23.582266">
        <ele>1139.577</ele>
        <time>2015-02-15T12:37:18Z</time>
      </trkpt>
      <trkpt lat="45.712616" lon="23.582341">
        <ele>1138.436</ele>
        <time>2015-02-15T12:37:27Z</time>
      </trkpt>
      <trkpt lat="45.712549" lon="23.582411">
        <ele>1137.393</ele>
        <time>2015-02-15T12:37:35Z</time>
      </trkpt>
      <trkpt lat="45.712471" lon="23.582475">
        <ele>1136.185</ele>
        <time>2015-02-15T12:37:43Z</time>
      </trkpt>
      <trkpt lat="45.712406" lon="23.582551">
        <ele>1134.936</ele>
        <time>2015-02-15T12:37:51Z</time>
      </trkpt>
      <trkpt lat="45.712338" lon="23.582636">
        <ele>1133.834</ele>
        <time>2015-02-15T12:37:59Z</time>
      </trkpt>
      <trkpt lat="45.712275" lon="23.582733">
        <ele>1132.562</ele>
        <time>2015-02-15T12:38:07Z</time>
      </trkpt>
      <trkpt lat="45.712188" lon="23.582776">
        <ele>1131.283</ele>
        <time>2015-02-15T12:38:14Z</time>
      </trkpt>
      <trkpt lat="45.712116" lon="23.582836">
        <ele>1130.011</ele>
        <time>2015-02-15T12:38:24Z</time>
      </trkpt>
      <trkpt lat="45.712065" lon="23.582935">
        <ele>1128.708</ele>
        <time>2015-02-15T12:38:35Z</time>
      </trkpt>
      <trkpt lat="45.711990" lon="23.582983">
        <ele>1127.517</ele>
        <time>2015-02-15T12:38:42Z</time>
      </trkpt>
      <trkpt lat="45.711933" lon="23.583066">
        <ele>1126.343</ele>
        <time>2015-02-15T12:38:52Z</time>
      </trkpt>
      <trkpt lat="45.711900" lon="23.583186">
        <ele>1125.066</ele>
        <time>2015-02-15T12:39:00Z</time>
      </trkpt>
      <trkpt lat="45.711850" lon="23.583285">
        <ele>1123.655</ele>
        <time>2015-02-15T12:39:06Z</time>
      </trkpt>
      <trkpt lat="45.711833" lon="23.583408">
        <ele>1122.332</ele>
        <time>2015-02-15T12:39:15Z</time>
      </trkpt>
      <trkpt lat="45.711773" lon="23.583491">
        <ele>1121.064</ele>
        <time>2015-02-15T12:39:23Z</time>
      </trkpt>
      <trkpt lat="45.711730" lon="23.583591">
        <ele>1119.525</ele>
        <time>2015-02-15T12:39:30Z</time>
      </trkpt>
      <trkpt lat="45.711705" lon="23.583705">
        <ele>1118.173</ele>
        <time>2015-02-15T12:39:38Z</time>
      </trkpt>
      <trkpt lat="45.711690" lon="23.583825">
        <ele>1116.739</ele>
        <time>2015-02-15T12:39:46Z</time>
      </trkpt>
      <trkpt lat="45.711743" lon="23.583913">
        <ele>1115.201</ele>
        <time>2015-02-15T12:39:52Z</time>
      </trkpt>
      <trkpt lat="45.711739" lon="23.584038">
        <ele>1113.721</ele>
        <time>2015-02-15T12:39:58Z</time>
      </trkpt>
      <trkpt lat="45.711708" lon="23.584146">
        <ele>1112.308</ele>
        <time>2015-02-15T12:40:04Z</time>
      </trkpt>
      <trkpt lat="45.711700" lon="23.584275">
        <ele>1110.964</ele>
        <time>2015-02-15T12:40:11Z</time>
      </trkpt>
      <trkpt lat="45.711676" lon="23.584386">
        <ele>1109.510</ele>
        <time>2015-02-15T12:40:18Z</time>
      </trkpt>
      <trkpt lat="45.711690" lon="23.584508">
        <ele>1108.333</ele>
        <time>2015-02-15T12:40:28Z</time>
      </trkpt>
      <trkpt lat="45.711665" lon="23.584635">
        <ele>1107.192</ele>
        <time>2015-02-15T12:40:37Z</time>
      </trkpt>
      <trkpt lat="45.711675" lon="23.584758">
        <ele>1105.949</ele>
        <time>2015-02-15T12:40:46Z</time>
      </trkpt>
      <trkpt lat="45.711710" lon="23.584863">
        <ele>1104.931</ele>
        <time>2015-02-15T12:40:55Z</time>
      </trkpt>
      <trkpt lat="45.711720" lon="23.584991">
        <ele>1104.122</ele>
        <time>2015-02-15T12:41:03Z</time>
      </trkpt>
      <trkpt lat="45.711723" lon="23.585110">
        <ele>1103.360</ele>
        <time>2015-02-15T12:41:10Z</time>
      </trkpt>
      <trkpt lat="45.711723" lon="23.585236">
        <ele>1102.584</ele>
        <time>2015-02-15T12:41:18Z</time>
      </trkpt>
      <trkpt lat="45.711746" lon="23.585354">
        <ele>1101.807</ele>
        <time>2015-02-15T12:41:25Z</time>
      </trkpt>
      <trkpt lat="45.711761" lon="23.585476">
        <ele>1101.017</ele>
        <time>2015-02-15T12:41:34Z</time>
      </trkpt>
      <trkpt lat="45.711753" lon="23.585594">
        <ele>1100.308</ele>
        <time>2015-02-15T12:41:42Z</time>
      </trkpt>
      <trkpt lat="45.711780" lon="23.585711">
        <ele>1099.699</ele>
        <time>2015-02-15T12:41:51Z</time>
      </trkpt>
      <trkpt lat="45.711861" lon="23.585696">
        <ele>1098.875</ele>
        <time>2015-02-15T12:41:58Z</time>
      </trkpt>
      <trkpt lat="45.711940" lon="23.585654">
        <ele>1098.198</ele>
        <time>2015-02-15T12:42:07Z</time>
      </trkpt>
      <trkpt lat="45.712021" lon="23.585608">
        <ele>1097.477</ele>
        <time>2015-02-15T12:42:15Z</time>
      </trkpt>
      <trkpt lat="45.712091" lon="23.585528">
        <ele>1096.634</ele>
        <time>2015-02-15T12:42:23Z</time>
      </trkpt>
      <trkpt lat="45.712170" lon="23.585461">
        <ele>1095.796</ele>
        <time>2015-02-15T12:42:31Z</time>
      </trkpt>
      <trkpt lat="45.712228" lon="23.585373">
        <ele>1094.987</ele>
        <time>2015-02-15T12:42:38Z</time>
      </trkpt>
      <trkpt lat="45.712301" lon="23.585318">
        <ele>1094.075</ele>
        <time>2015-02-15T12:42:45Z</time>
      </trkpt>
      <trkpt lat="45.712386" lon="23.585281">
        <ele>1093.183</ele>
        <time>2015-02-15T12:42:54Z</time>
      </trkpt>
      <trkpt lat="45.712463" lon="23.585236">
        <ele>1092.325</ele>
        <time>2015-02-15T12:43:02Z</time>
      </trkpt>
      <trkpt lat="45.712538" lon="23.585185">
        <ele>1091.417</ele>
        <time>2015-02-15T12:43:12Z</time>
      </trkpt>
      <trkpt lat="45.712623" lon="23.585134">
        <ele>1090.508</ele>
        <time>2015-02-15T12:43:21Z</time>
      </trkpt>
      <trkpt lat="45.712711" lon="23.585096">
        <ele>1089.669</ele>
        <time>2015-02-15T12:43:27Z</time>
      </trkpt>
      <trkpt lat="45.712810" lon="23.585068">
        <ele>1088.735</ele>
        <time>2015-02-15T12:43:35Z</time>
      </trkpt>
      <trkpt lat="45.712900" lon="23.585048">
        <ele>1087.758</ele>
        <time>2015-02-15T12:43:42Z</time>
      </trkpt>
      <trkpt lat="45.712978" lon="23.584998">
        <ele>1086.897</ele>
        <time>2015-02-15T12:43:49Z</time>
      </trkpt>
      <trkpt lat="45.713061" lon="23.584965">
        <ele>1085.724</ele>
        <time>2015-02-15T12:43:58Z</time>
      </trkpt>
      <trkpt lat="45.713150" lon="23.584930">
        <ele>1084.716</ele>
        <time>2015-02-15T12:44:06Z</time>
      </trkpt>
      <trkpt lat="45.713231" lon="23.584906">
        <ele>1083.597</ele>
        <time>2015-02-15T12:44:12Z</time>
      </trkpt>
      <trkpt lat="45.713323" lon="23.584891">
        <ele>1082.285</ele>
        <time>2015-02-15T12:44:19Z</time>
      </trkpt>
      <trkpt lat="45.713401" lon="23.584855">
        <ele>1081.033</ele>
        <time>2015-02-15T12:44:29Z</time>
      </trkpt>
      <trkpt lat="45.713461" lon="23.584941">
        <ele>1079.623</ele>
        <time>2015-02-15T12:44:43Z</time>
      </trkpt>
      <trkpt lat="45.713510" lon="23.585041">
        <ele>1078.215</ele>
        <time>2015-02-15T12:44:49Z</time>
      </trkpt>
      <trkpt lat="45.713451" lon="23.585145">
        <ele>1076.708</ele>
        <time>2015-02-15T12:44:59Z</time>
      </trkpt>
      <trkpt lat="45.713385" lon="23.585216">
        <ele>1075.114</ele>
        <time>2015-02-15T12:45:06Z</time>
      </trkpt>
      <trkpt lat="45.713314" lon="23.585294">
        <ele>1073.560</ele>
        <time>2015-02-15T12:45:13Z</time>
      </trkpt>
      <trkpt lat="45.713240" lon="23.585368">
        <ele>1071.813</ele>
        <time>2015-02-15T12:45:22Z</time>
      </trkpt>
      <trkpt lat="45.713178" lon="23.585446">
        <ele>1070.292</ele>
        <time>2015-02-15T12:45:32Z</time>
      </trkpt>
      <trkpt lat="45.713093" lon="23.585504">
        <ele>1068.549</ele>
        <time>2015-02-15T12:45:42Z</time>
      </trkpt>
      <trkpt lat="45.713020" lon="23.585581">
        <ele>1067.061</ele>
        <time>2015-02-15T12:45:51Z</time>
      </trkpt>
      <trkpt lat="45.712951" lon="23.585663">
        <ele>1065.692</ele>
        <time>2015-02-15T12:46:00Z</time>
      </trkpt>
      <trkpt lat="45.712891" lon="23.585756">
        <ele>1064.290</ele>
        <time>2015-02-15T12:46:11Z</time>
      </trkpt>
      <trkpt lat="45.712819" lon="23.585820">
        <ele>1062.951</ele>
        <time>2015-02-15T12:46:21Z</time>
      </trkpt>
      <trkpt lat="45.712761" lon="23.585908">
        <ele>1061.701</ele>
        <time>2015-02-15T12:46:30Z</time>
      </trkpt>
      <trkpt lat="45.712708" lon="23.586000">
        <ele>1060.611</ele>
        <time>2015-02-15T12:46:39Z</time>
      </trkpt>
      <trkpt lat="45.712638" lon="23.586065">
        <ele>1059.608</ele>
        <time>2015-02-15T12:46:43Z</time>
      </trkpt>
      <trkpt lat="45.712563" lon="23.586130">
        <ele>1058.966</ele>
        <time>2015-02-15T12:46:50Z</time>
      </trkpt>
      <trkpt lat="45.712521" lon="23.586241">
        <ele>1058.332</ele>
        <time>2015-02-15T12:47:00Z</time>
      </trkpt>
      <trkpt lat="45.712485" lon="23.586356">
        <ele>1057.855</ele>
        <time>2015-02-15T12:47:08Z</time>
      </trkpt>
      <trkpt lat="45.712433" lon="23.586453">
        <ele>1057.594</ele>
        <time>2015-02-15T12:47:16Z</time>
      </trkpt>
      <trkpt lat="45.712393" lon="23.586566">
        <ele>1057.151</ele>
        <time>2015-02-15T12:49:08Z</time>
      </trkpt>
      <trkpt lat="45.712350" lon="23.586678">
        <ele>1056.833</ele>
        <time>2015-02-15T12:49:34Z</time>
      </trkpt>
      <trkpt lat="45.712295" lon="23.586776">
        <ele>1056.444</ele>
        <time>2015-02-15T12:49:42Z</time>
      </trkpt>
      <trkpt lat="45.712251" lon="23.586875">
        <ele>1056.162</ele>
        <time>2015-02-15T12:49:50Z</time>
      </trkpt>
      <trkpt lat="45.712219" lon="23.586988">
        <ele>1055.891</ele>
        <time>2015-02-15T12:49:56Z</time>
      </trkpt>
      <trkpt lat="45.712185" lon="23.587101">
        <ele>1055.581</ele>
        <time>2015-02-15T12:50:02Z</time>
      </trkpt>
      <trkpt lat="45.712148" lon="23.587215">
        <ele>1055.119</ele>
        <time>2015-02-15T12:50:11Z</time>
      </trkpt>
      <trkpt lat="45.712121" lon="23.587326">
        <ele>1054.708</ele>
        <time>2015-02-15T12:50:19Z</time>
      </trkpt>
      <trkpt lat="45.712078" lon="23.587451">
        <ele>1054.190</ele>
        <time>2015-02-15T12:50:27Z</time>
      </trkpt>
      <trkpt lat="45.712051" lon="23.587568">
        <ele>1053.566</ele>
        <time>2015-02-15T12:50:33Z</time>
      </trkpt>
      <trkpt lat="45.711994" lon="23.587668">
        <ele>1052.979</ele>
        <time>2015-02-15T12:50:41Z</time>
      </trkpt>
      <trkpt lat="45.711926" lon="23.587743">
        <ele>1052.338</ele>
        <time>2015-02-15T12:50:46Z</time>
      </trkpt>
      <trkpt lat="45.711871" lon="23.587845">
        <ele>1051.755</ele>
        <time>2015-02-15T12:50:54Z</time>
      </trkpt>
      <trkpt lat="45.711833" lon="23.587955">
        <ele>1051.097</ele>
        <time>2015-02-15T12:51:02Z</time>
      </trkpt>
      <trkpt lat="45.711805" lon="23.588070">
        <ele>1050.458</ele>
        <time>2015-02-15T12:51:09Z</time>
      </trkpt>
      <trkpt lat="45.711893" lon="23.588073">
        <ele>1049.726</ele>
        <time>2015-02-15T12:51:21Z</time>
      </trkpt>
      <trkpt lat="45.711973" lon="23.588013">
        <ele>1049.076</ele>
        <time>2015-02-15T12:51:30Z</time>
      </trkpt>
      <trkpt lat="45.712056" lon="23.587956">
        <ele>1048.490</ele>
        <time>2015-02-15T12:51:37Z</time>
      </trkpt>
      <trkpt lat="45.712133" lon="23.587890">
        <ele>1047.719</ele>
        <time>2015-02-15T12:51:46Z</time>
      </trkpt>
      <trkpt lat="45.712200" lon="23.587820">
        <ele>1047.108</ele>
        <time>2015-02-15T12:51:52Z</time>
      </trkpt>
      <trkpt lat="45.712278" lon="23.587761">
        <ele>1046.598</ele>
        <time>2015-02-15T12:52:03Z</time>
      </trkpt>
      <trkpt lat="45.712360" lon="23.587701">
        <ele>1045.774</ele>
        <time>2015-02-15T12:52:10Z</time>
      </trkpt>
      <trkpt lat="45.712430" lon="23.587643">
        <ele>1045.067</ele>
        <time>2015-02-15T12:52:16Z</time>
      </trkpt>
      <trkpt lat="45.712500" lon="23.587581">
        <ele>1044.166</ele>
        <time>2015-02-15T12:52:22Z</time>
      </trkpt>
      <trkpt lat="45.712588" lon="23.587530">
        <ele>1043.233</ele>
        <time>2015-02-15T12:52:29Z</time>
      </trkpt>
      <trkpt lat="45.712669" lon="23.587486">
        <ele>1042.195</ele>
        <time>2015-02-15T12:52:37Z</time>
      </trkpt>
      <trkpt lat="45.712755" lon="23.587440">
        <ele>1040.936</ele>
        <time>2015-02-15T12:52:44Z</time>
      </trkpt>
      <trkpt lat="45.712845" lon="23.587434">
        <ele>1039.584</ele>
        <time>2015-02-15T12:52:50Z</time>
      </trkpt>
      <trkpt lat="45.712931" lon="23.587403">
        <ele>1038.018</ele>
        <time>2015-02-15T12:52:57Z</time>
      </trkpt>
      <trkpt lat="45.713023" lon="23.587381">
        <ele>1036.498</ele>
        <time>2015-02-15T12:53:05Z</time>
      </trkpt>
      <trkpt lat="45.713101" lon="23.587351">
        <ele>1034.417</ele>
        <time>2015-02-15T12:53:13Z</time>
      </trkpt>
      <trkpt lat="45.713183" lon="23.587311">
        <ele>1032.408</ele>
        <time>2015-02-15T12:53:20Z</time>
      </trkpt>
      <trkpt lat="45.713256" lon="23.587248">
        <ele>1030.272</ele>
        <time>2015-02-15T12:53:27Z</time>
      </trkpt>
      <trkpt lat="45.713343" lon="23.587231">
        <ele>1028.148</ele>
        <time>2015-02-15T12:53:33Z</time>
      </trkpt>
      <trkpt lat="45.713426" lon="23.587200">
        <ele>1026.061</ele>
        <time>2015-02-15T12:53:43Z</time>
      </trkpt>
      <trkpt lat="45.713521" lon="23.587208">
        <ele>1024.050</ele>
        <time>2015-02-15T12:54:02Z</time>
      </trkpt>
      <trkpt lat="45.713566" lon="23.587329">
        <ele>1022.297</ele>
        <time>2015-02-15T12:54:11Z</time>
      </trkpt>
      <trkpt lat="45.713626" lon="23.587421">
        <ele>1020.779</ele>
        <time>2015-02-15T12:54:17Z</time>
      </trkpt>
      <trkpt lat="45.713640" lon="23.587536">
        <ele>1019.240</ele>
        <time>2015-02-15T12:54:25Z</time>
      </trkpt>
      <trkpt lat="45.713628" lon="23.587655">
        <ele>1017.928</ele>
        <time>2015-02-15T12:54:35Z</time>
      </trkpt>
      <trkpt lat="45.713645" lon="23.587770">
        <ele>1016.621</ele>
        <time>2015-02-15T12:54:41Z</time>
      </trkpt>
      <trkpt lat="45.713705" lon="23.587850">
        <ele>1015.841</ele>
        <time>2015-02-15T12:54:47Z</time>
      </trkpt>
      <trkpt lat="45.713778" lon="23.587946">
        <ele>1015.105</ele>
        <time>2015-02-15T12:54:52Z</time>
      </trkpt>
      <trkpt lat="45.713825" lon="23.588046">
        <ele>1014.508</ele>
        <time>2015-02-15T12:54:57Z</time>
      </trkpt>
      <trkpt lat="45.713885" lon="23.588124">
        <ele>1014.013</ele>
        <time>2015-02-15T12:55:03Z</time>
      </trkpt>
      <trkpt lat="45.713905" lon="23.588246">
        <ele>1013.689</ele>
        <time>2015-02-15T12:55:14Z</time>
      </trkpt>
      <trkpt lat="45.713918" lon="23.588361">
        <ele>1013.272</ele>
        <time>2015-02-15T12:55:23Z</time>
      </trkpt>
      <trkpt lat="45.713931" lon="23.588481">
        <ele>1012.841</ele>
        <time>2015-02-15T12:55:30Z</time>
      </trkpt>
      <trkpt lat="45.713981" lon="23.588576">
        <ele>1012.438</ele>
        <time>2015-02-15T12:55:37Z</time>
      </trkpt>
      <trkpt lat="45.714058" lon="23.588665">
        <ele>1011.980</ele>
        <time>2015-02-15T12:55:48Z</time>
      </trkpt>
      <trkpt lat="45.714123" lon="23.588739">
        <ele>1011.451</ele>
        <time>2015-02-15T12:55:55Z</time>
      </trkpt>
      <trkpt lat="45.714201" lon="23.588773">
        <ele>1011.069</ele>
        <time>2015-02-15T12:56:05Z</time>
      </trkpt>
      <trkpt lat="45.714279" lon="23.588846">
        <ele>1010.659</ele>
        <time>2015-02-15T12:56:13Z</time>
      </trkpt>
      <trkpt lat="45.714381" lon="23.588848">
        <ele>1010.203</ele>
        <time>2015-02-15T12:56:18Z</time>
      </trkpt>
      <trkpt lat="45.714465" lon="23.588869">
        <ele>1009.823</ele>
        <time>2015-02-15T12:56:27Z</time>
      </trkpt>
      <trkpt lat="45.714533" lon="23.588953">
        <ele>1009.308</ele>
        <time>2015-02-15T12:56:44Z</time>
      </trkpt>
      <trkpt lat="45.714568" lon="23.589064">
        <ele>1008.896</ele>
        <time>2015-02-15T12:57:10Z</time>
      </trkpt>
      <trkpt lat="45.714600" lon="23.589175">
        <ele>1008.042</ele>
        <time>2015-02-15T12:57:17Z</time>
      </trkpt>
      <trkpt lat="45.714638" lon="23.589288">
        <ele>1007.035</ele>
        <time>2015-02-15T12:57:23Z</time>
      </trkpt>
      <trkpt lat="45.714624" lon="23.589405">
        <ele>1006.114</ele>
        <time>2015-02-15T12:57:27Z</time>
      </trkpt>
      <trkpt lat="45.714624" lon="23.589535">
        <ele>1005.241</ele>
        <time>2015-02-15T12:57:36Z</time>
      </trkpt>
      <trkpt lat="45.714633" lon="23.589653">
        <ele>1004.423</ele>
        <time>2015-02-15T12:57:46Z</time>
      </trkpt>
      <trkpt lat="45.714669" lon="23.589795">
        <ele>1003.554</ele>
        <time>2015-02-15T12:58:47Z</time>
      </trkpt>
      <trkpt lat="45.714693" lon="23.589914">
        <ele>1002.792</ele>
        <time>2015-02-15T12:59:03Z</time>
      </trkpt>
      <trkpt lat="45.714718" lon="23.590028">
        <ele>1001.815</ele>
        <time>2015-02-15T12:59:14Z</time>
      </trkpt>
      <trkpt lat="45.714781" lon="23.590120">
        <ele>1000.865</ele>
        <time>2015-02-15T12:59:24Z</time>
      </trkpt>
      <trkpt lat="45.714803" lon="23.590235">
        <ele>999.911</ele>
        <time>2015-02-15T12:59:31Z</time>
      </trkpt>
      <trkpt lat="45.714763" lon="23.590368">
        <ele>999.108</ele>
        <time>2015-02-15T12:59:52Z</time>
      </trkpt>
      <trkpt lat="45.714766" lon="23.590493">
        <ele>998.672</ele>
        <time>2015-02-15T12:59:59Z</time>
      </trkpt>
      <trkpt lat="45.714718" lon="23.590688">
        <ele>998.188</ele>
        <time>2015-02-15T13:00:26Z</time>
      </trkpt>
      <trkpt lat="45.714686" lon="23.590799">
        <ele>997.541</ele>
        <time>2015-02-15T13:00:33Z</time>
      </trkpt>
      <trkpt lat="45.714695" lon="23.590921">
        <ele>996.940</ele>
        <time>2015-02-15T13:00:39Z</time>
      </trkpt>
      <trkpt lat="45.714698" lon="23.591040">
        <ele>996.177</ele>
        <time>2015-02-15T13:00:47Z</time>
      </trkpt>
      <trkpt lat="45.714690" lon="23.591158">
        <ele>995.169</ele>
        <time>2015-02-15T13:00:53Z</time>
      </trkpt>
      <trkpt lat="45.714691" lon="23.591283">
        <ele>994.050</ele>
        <time>2015-02-15T13:00:59Z</time>
      </trkpt>
      <trkpt lat="45.714680" lon="23.591413">
        <ele>992.728</ele>
        <time>2015-02-15T13:01:05Z</time>
      </trkpt>
      <trkpt lat="45.714705" lon="23.591525">
        <ele>991.461</ele>
        <time>2015-02-15T13:01:13Z</time>
      </trkpt>
      <trkpt lat="45.714731" lon="23.591640">
        <ele>990.121</ele>
        <time>2015-02-15T13:01:21Z</time>
      </trkpt>
      <trkpt lat="45.714773" lon="23.591739">
        <ele>988.913</ele>
        <time>2015-02-15T13:01:30Z</time>
      </trkpt>
      <trkpt lat="45.714843" lon="23.591846">
        <ele>987.708</ele>
        <time>2015-02-15T13:01:46Z</time>
      </trkpt>
      <trkpt lat="45.714858" lon="23.591973">
        <ele>986.557</ele>
        <time>2015-02-15T13:02:03Z</time>
      </trkpt>
      <trkpt lat="45.714883" lon="23.592103">
        <ele>985.173</ele>
        <time>2015-02-15T13:02:15Z</time>
      </trkpt>
      <trkpt lat="45.714935" lon="23.592195">
        <ele>983.686</ele>
        <time>2015-02-15T13:02:44Z</time>
      </trkpt>
      <trkpt lat="45.714988" lon="23.592285">
        <ele>982.195</ele>
        <time>2015-02-15T13:02:59Z</time>
      </trkpt>
      <trkpt lat="45.714960" lon="23.592159">
        <ele>980.822</ele>
        <time>2015-02-15T13:03:08Z</time>
      </trkpt>
      <trkpt lat="45.714903" lon="23.592253">
        <ele>979.464</ele>
        <time>2015-02-15T13:03:21Z</time>
      </trkpt>
      <trkpt lat="45.714921" lon="23.592383">
        <ele>978.035</ele>
        <time>2015-02-15T13:03:28Z</time>
      </trkpt>
      <trkpt lat="45.714905" lon="23.592505">
        <ele>976.573</ele>
        <time>2015-02-15T13:03:35Z</time>
      </trkpt>
      <trkpt lat="45.714900" lon="23.592628">
        <ele>974.923</ele>
        <time>2015-02-15T13:03:41Z</time>
      </trkpt>
      <trkpt lat="45.714893" lon="23.592753">
        <ele>973.083</ele>
        <time>2015-02-15T13:03:48Z</time>
      </trkpt>
      <trkpt lat="45.714891" lon="23.592881">
        <ele>971.011</ele>
        <time>2015-02-15T13:03:56Z</time>
      </trkpt>
      <trkpt lat="45.714909" lon="23.593000">
        <ele>968.908</ele>
        <time>2015-02-15T13:04:01Z</time>
      </trkpt>
      <trkpt lat="45.714909" lon="23.593123">
        <ele>967.083</ele>
        <time>2015-02-15T13:04:08Z</time>
      </trkpt>
      <trkpt lat="45.714920" lon="23.593246">
        <ele>965.129</ele>
        <time>2015-02-15T13:04:16Z</time>
      </trkpt>
      <trkpt lat="45.714926" lon="23.593373">
        <ele>963.162</ele>
        <time>2015-02-15T13:04:24Z</time>
      </trkpt>
      <trkpt lat="45.714965" lon="23.593489">
        <ele>961.121</ele>
        <time>2015-02-15T13:04:31Z</time>
      </trkpt>
      <trkpt lat="45.715001" lon="23.593601">
        <ele>959.288</ele>
        <time>2015-02-15T13:04:38Z</time>
      </trkpt>
      <trkpt lat="45.715038" lon="23.593716">
        <ele>957.480</ele>
        <time>2015-02-15T13:04:44Z</time>
      </trkpt>
      <trkpt lat="45.715078" lon="23.593826">
        <ele>955.691</ele>
        <time>2015-02-15T13:04:52Z</time>
      </trkpt>
      <trkpt lat="45.715125" lon="23.593935">
        <ele>954.029</ele>
        <time>2015-02-15T13:05:00Z</time>
      </trkpt>
      <trkpt lat="45.715158" lon="23.594046">
        <ele>952.535</ele>
        <time>2015-02-15T13:05:08Z</time>
      </trkpt>
      <trkpt lat="45.715203" lon="23.594148">
        <ele>951.286</ele>
        <time>2015-02-15T13:05:14Z</time>
      </trkpt>
      <trkpt lat="45.715243" lon="23.594250">
        <ele>950.014</ele>
        <time>2015-02-15T13:05:19Z</time>
      </trkpt>
      <trkpt lat="45.715258" lon="23.594365">
        <ele>949.008</ele>
        <time>2015-02-15T13:05:25Z</time>
      </trkpt>
      <trkpt lat="45.715286" lon="23.594485">
        <ele>948.044</ele>
        <time>2015-02-15T13:05:34Z</time>
      </trkpt>
      <trkpt lat="45.715323" lon="23.594616">
        <ele>947.180</ele>
        <time>2015-02-15T13:05:42Z</time>
      </trkpt>
      <trkpt lat="45.715374" lon="23.594711">
        <ele>946.363</ele>
        <time>2015-02-15T13:05:50Z</time>
      </trkpt>
      <trkpt lat="45.715426" lon="23.594808">
        <ele>945.522</ele>
        <time>2015-02-15T13:05:57Z</time>
      </trkpt>
      <trkpt lat="45.715473" lon="23.594916">
        <ele>944.789</ele>
        <time>2015-02-15T13:06:05Z</time>
      </trkpt>
      <trkpt lat="45.715541" lon="23.594993">
        <ele>944.051</ele>
        <time>2015-02-15T13:06:16Z</time>
      </trkpt>
      <trkpt lat="45.715603" lon="23.595071">
        <ele>943.272</ele>
        <time>2015-02-15T13:06:24Z</time>
      </trkpt>
      <trkpt lat="45.715678" lon="23.595130">
        <ele>942.460</ele>
        <time>2015-02-15T13:06:30Z</time>
      </trkpt>
      <trkpt lat="45.715756" lon="23.595181">
        <ele>941.454</ele>
        <time>2015-02-15T13:06:37Z</time>
      </trkpt>
      <trkpt lat="45.715830" lon="23.595231">
        <ele>940.356</ele>
        <time>2015-02-15T13:06:44Z</time>
      </trkpt>
      <trkpt lat="45.715881" lon="23.595321">
        <ele>939.011</ele>
        <time>2015-02-15T13:06:50Z</time>
      </trkpt>
      <trkpt lat="45.715943" lon="23.595406">
        <ele>937.808</ele>
        <time>2015-02-15T13:06:58Z</time>
      </trkpt>
      <trkpt lat="45.715990" lon="23.595518">
        <ele>936.576</ele>
        <time>2015-02-15T13:07:06Z</time>
      </trkpt>
      <trkpt lat="45.716063" lon="23.595596">
        <ele>935.262</ele>
        <time>2015-02-15T13:07:13Z</time>
      </trkpt>
      <trkpt lat="45.716133" lon="23.595660">
        <ele>933.965</ele>
        <time>2015-02-15T13:07:20Z</time>
      </trkpt>
      <trkpt lat="45.716213" lon="23.595701">
        <ele>932.464</ele>
        <time>2015-02-15T13:07:27Z</time>
      </trkpt>
      <trkpt lat="45.716295" lon="23.595745">
        <ele>931.011</ele>
        <time>2015-02-15T13:07:36Z</time>
      </trkpt>
      <trkpt lat="45.716373" lon="23.595798">
        <ele>929.633</ele>
        <time>2015-02-15T13:07:44Z</time>
      </trkpt>
      <trkpt lat="45.716460" lon="23.595824">
        <ele>928.494</ele>
        <time>2015-02-15T13:07:52Z</time>
      </trkpt>
      <trkpt lat="45.716550" lon="23.595845">
        <ele>927.392</ele>
        <time>2015-02-15T13:07:58Z</time>
      </trkpt>
      <trkpt lat="45.716621" lon="23.595903">
        <ele>926.428</ele>
        <time>2015-02-15T13:08:06Z</time>
      </trkpt>
      <trkpt lat="45.716711" lon="23.595935">
        <ele>925.589</ele>
        <time>2015-02-15T13:08:35Z</time>
      </trkpt>
      <trkpt lat="45.716790" lon="23.595991">
        <ele>924.717</ele>
        <time>2015-02-15T13:08:44Z</time>
      </trkpt>
      <trkpt lat="45.716870" lon="23.596038">
        <ele>924.008</ele>
        <time>2015-02-15T13:08:52Z</time>
      </trkpt>
      <trkpt lat="45.716940" lon="23.596103">
        <ele>923.493</ele>
        <time>2015-02-15T13:09:02Z</time>
      </trkpt>
      <trkpt lat="45.717028" lon="23.596101">
        <ele>922.849</ele>
        <time>2015-02-15T13:09:10Z</time>
      </trkpt>
      <trkpt lat="45.717120" lon="23.596106">
        <ele>922.372</ele>
        <time>2015-02-15T13:09:18Z</time>
      </trkpt>
      <trkpt lat="45.717203" lon="23.596164">
        <ele>921.931</ele>
        <time>2015-02-15T13:09:25Z</time>
      </trkpt>
      <trkpt lat="45.717291" lon="23.596179">
        <ele>921.418</ele>
        <time>2015-02-15T13:09:30Z</time>
      </trkpt>
      <trkpt lat="45.717378" lon="23.596169">
        <ele>920.870</ele>
        <time>2015-02-15T13:09:34Z</time>
      </trkpt>
      <trkpt lat="45.717436" lon="23.596266">
        <ele>920.171</ele>
        <time>2015-02-15T13:09:40Z</time>
      </trkpt>
      <trkpt lat="45.717468" lon="23.596391">
        <ele>919.399</ele>
        <time>2015-02-15T13:09:47Z</time>
      </trkpt>
      <trkpt lat="45.717513" lon="23.596505">
        <ele>918.378</ele>
        <time>2015-02-15T13:09:55Z</time>
      </trkpt>
      <trkpt lat="45.717558" lon="23.596610">
        <ele>917.233</ele>
        <time>2015-02-15T13:10:03Z</time>
      </trkpt>
      <trkpt lat="45.717628" lon="23.596673">
        <ele>916.126</ele>
        <time>2015-02-15T13:10:08Z</time>
      </trkpt>
      <trkpt lat="45.717686" lon="23.596773">
        <ele>914.808</ele>
        <time>2015-02-15T13:10:15Z</time>
      </trkpt>
      <trkpt lat="45.717633" lon="23.596865">
        <ele>913.428</ele>
        <time>2015-02-15T13:10:25Z</time>
      </trkpt>
      <trkpt lat="45.717599" lon="23.596991">
        <ele>911.924</ele>
        <time>2015-02-15T13:10:35Z</time>
      </trkpt>
      <trkpt lat="45.717545" lon="23.597080">
        <ele>910.487</ele>
        <time>2015-02-15T13:10:42Z</time>
      </trkpt>
      <trkpt lat="45.717491" lon="23.597178">
        <ele>908.986</ele>
        <time>2015-02-15T13:10:51Z</time>
      </trkpt>
      <trkpt lat="45.717438" lon="23.597268">
        <ele>907.363</ele>
        <time>2015-02-15T13:11:02Z</time>
      </trkpt>
      <trkpt lat="45.717356" lon="23.597238">
        <ele>905.745</ele>
        <time>2015-02-15T13:11:13Z</time>
      </trkpt>
      <trkpt lat="45.717273" lon="23.597198">
        <ele>904.186</ele>
        <time>2015-02-15T13:11:19Z</time>
      </trkpt>
      <trkpt lat="45.717185" lon="23.597195">
        <ele>902.864</ele>
        <time>2015-02-15T13:11:29Z</time>
      </trkpt>
      <trkpt lat="45.717101" lon="23.597178">
        <ele>901.334</ele>
        <time>2015-02-15T13:11:38Z</time>
      </trkpt>
      <trkpt lat="45.717018" lon="23.597181">
        <ele>900.155</ele>
        <time>2015-02-15T13:11:46Z</time>
      </trkpt>
      <trkpt lat="45.716943" lon="23.597125">
        <ele>899.010</ele>
        <time>2015-02-15T13:11:51Z</time>
      </trkpt>
      <trkpt lat="45.716855" lon="23.597133">
        <ele>898.008</ele>
        <time>2015-02-15T13:11:59Z</time>
      </trkpt>
      <trkpt lat="45.716766" lon="23.597143">
        <ele>897.174</ele>
        <time>2015-02-15T13:12:07Z</time>
      </trkpt>
      <trkpt lat="45.716688" lon="23.597255">
        <ele>896.480</ele>
        <time>2015-02-15T13:12:59Z</time>
      </trkpt>
      <trkpt lat="45.716625" lon="23.597168">
        <ele>895.693</ele>
        <time>2015-02-15T13:13:07Z</time>
      </trkpt>
      <trkpt lat="45.716540" lon="23.597173">
        <ele>895.022</ele>
        <time>2015-02-15T13:13:15Z</time>
      </trkpt>
      <trkpt lat="45.716451" lon="23.597168">
        <ele>894.439</ele>
        <time>2015-02-15T13:13:22Z</time>
      </trkpt>
      <trkpt lat="45.716364" lon="23.597210">
        <ele>893.741</ele>
        <time>2015-02-15T13:13:30Z</time>
      </trkpt>
      <trkpt lat="45.716278" lon="23.597190">
        <ele>893.112</ele>
        <time>2015-02-15T13:13:38Z</time>
      </trkpt>
      <trkpt lat="45.716190" lon="23.597199">
        <ele>892.550</ele>
        <time>2015-02-15T13:13:45Z</time>
      </trkpt>
      <trkpt lat="45.716116" lon="23.597253">
        <ele>891.876</ele>
        <time>2015-02-15T13:13:51Z</time>
      </trkpt>
      <trkpt lat="45.716038" lon="23.597283">
        <ele>891.090</ele>
        <time>2015-02-15T13:13:58Z</time>
      </trkpt>
      <trkpt lat="45.715958" lon="23.597315">
        <ele>890.119</ele>
        <time>2015-02-15T13:14:13Z</time>
      </trkpt>
      <trkpt lat="45.715873" lon="23.597316">
        <ele>889.208</ele>
        <time>2015-02-15T13:14:24Z</time>
      </trkpt>
      <trkpt lat="45.715793" lon="23.597351">
        <ele>888.258</ele>
        <time>2015-02-15T13:14:32Z</time>
      </trkpt>
      <trkpt lat="45.715721" lon="23.597413">
        <ele>887.294</ele>
        <time>2015-02-15T13:14:40Z</time>
      </trkpt>
      <trkpt lat="45.715646" lon="23.597458">
        <ele>886.137</ele>
        <time>2015-02-15T13:14:50Z</time>
      </trkpt>
      <trkpt lat="45.715560" lon="23.597503">
        <ele>884.936</ele>
        <time>2015-02-15T13:14:57Z</time>
      </trkpt>
      <trkpt lat="45.715483" lon="23.597553">
        <ele>883.763</ele>
        <time>2015-02-15T13:15:04Z</time>
      </trkpt>
      <trkpt lat="45.715411" lon="23.597608">
        <ele>882.485</ele>
        <time>2015-02-15T13:15:10Z</time>
      </trkpt>
      <trkpt lat="45.715323" lon="23.597641">
        <ele>880.786</ele>
        <time>2015-02-15T13:15:17Z</time>
      </trkpt>
      <trkpt lat="45.715251" lon="23.597713">
        <ele>879.094</ele>
        <time>2015-02-15T13:15:22Z</time>
      </trkpt>
      <trkpt lat="45.715168" lon="23.597711">
        <ele>877.316</ele>
        <time>2015-02-15T13:15:29Z</time>
      </trkpt>
      <trkpt lat="45.715085" lon="23.597696">
        <ele>875.576</ele>
        <time>2015-02-15T13:15:37Z</time>
      </trkpt>
      <trkpt lat="45.714995" lon="23.597694">
        <ele>873.813</ele>
        <time>2015-02-15T13:15:45Z</time>
      </trkpt>
      <trkpt lat="45.714913" lon="23.597611">
        <ele>872.008</ele>
        <time>2015-02-15T13:16:03Z</time>
      </trkpt>
      <trkpt lat="45.714831" lon="23.597606">
        <ele>870.242</ele>
        <time>2015-02-15T13:16:11Z</time>
      </trkpt>
      <trkpt lat="45.714740" lon="23.597596">
        <ele>868.578</ele>
        <time>2015-02-15T13:16:21Z</time>
      </trkpt>
      <trkpt lat="45.714654" lon="23.597571">
        <ele>866.821</ele>
        <time>2015-02-15T13:16:28Z</time>
      </trkpt>
      <trkpt lat="45.714566" lon="23.597541">
        <ele>865.160</ele>
        <time>2015-02-15T13:16:35Z</time>
      </trkpt>
      <trkpt lat="45.714478" lon="23.597525">
        <ele>863.437</ele>
        <time>2015-02-15T13:16:43Z</time>
      </trkpt>
      <trkpt lat="45.714393" lon="23.597491">
        <ele>862.019</ele>
        <time>2015-02-15T13:16:52Z</time>
      </trkpt>
      <trkpt lat="45.714304" lon="23.597445">
        <ele>860.650</ele>
        <time>2015-02-15T13:16:58Z</time>
      </trkpt>
      <trkpt lat="45.714223" lon="23.597416">
        <ele>859.228</ele>
        <time>2015-02-15T13:17:05Z</time>
      </trkpt>
      <trkpt lat="45.714138" lon="23.597376">
        <ele>858.016</ele>
        <time>2015-02-15T13:17:13Z</time>
      </trkpt>
      <trkpt lat="45.714028" lon="23.597365">
        <ele>856.776</ele>
        <time>2015-02-15T13:17:39Z</time>
      </trkpt>
      <trkpt lat="45.713940" lon="23.597310">
        <ele>855.613</ele>
        <time>2015-02-15T13:18:16Z</time>
      </trkpt>
      <trkpt lat="45.713854" lon="23.597330">
        <ele>854.408</ele>
        <time>2015-02-15T13:18:26Z</time>
      </trkpt>
      <trkpt lat="45.713775" lon="23.597393">
        <ele>853.382</ele>
        <time>2015-02-15T13:18:34Z</time>
      </trkpt>
      <trkpt lat="45.713685" lon="23.597403">
        <ele>852.218</ele>
        <time>2015-02-15T13:18:42Z</time>
      </trkpt>
      <trkpt lat="45.713591" lon="23.597418">
        <ele>851.141</ele>
        <time>2015-02-15T13:18:51Z</time>
      </trkpt>
      <trkpt lat="45.713505" lon="23.597446">
        <ele>850.130</ele>
        <time>2015-02-15T13:18:59Z</time>
      </trkpt>
      <trkpt lat="45.713420" lon="23.597443">
        <ele>849.257</ele>
        <time>2015-02-15T13:19:06Z</time>
      </trkpt>
      <trkpt lat="45.713351" lon="23.597365">
        <ele>848.299</ele>
        <time>2015-02-15T13:19:16Z</time>
      </trkpt>
      <trkpt lat="45.713305" lon="23.597270">
        <ele>847.250</ele>
        <time>2015-02-15T13:19:24Z</time>
      </trkpt>
      <trkpt lat="45.713268" lon="23.597165">
        <ele>846.288</ele>
        <time>2015-02-15T13:19:32Z</time>
      </trkpt>
      <trkpt lat="45.713256" lon="23.597038">
        <ele>845.171</ele>
        <time>2015-02-15T13:19:40Z</time>
      </trkpt>
      <trkpt lat="45.713191" lon="23.596963">
        <ele>844.041</ele>
        <time>2015-02-15T13:19:52Z</time>
      </trkpt>
      <trkpt lat="45.713138" lon="23.597055">
        <ele>842.815</ele>
        <time>2015-02-15T13:20:01Z</time>
      </trkpt>
      <trkpt lat="45.713115" lon="23.597166">
        <ele>841.608</ele>
        <time>2015-02-15T13:20:09Z</time>
      </trkpt>
      <trkpt lat="45.713098" lon="23.597285">
        <ele>840.128</ele>
        <time>2015-02-15T13:20:16Z</time>
      </trkpt>
      <trkpt lat="45.713078" lon="23.597411">
        <ele>838.174</ele>
        <time>2015-02-15T13:20:25Z</time>
      </trkpt>
      <trkpt lat="45.713071" lon="23.597545">
        <ele>836.137</ele>
        <time>2015-02-15T13:20:34Z</time>
      </trkpt>
      <trkpt lat="45.713089" lon="23.597680">
        <ele>834.186</ele>
        <time>2015-02-15T13:20:41Z</time>
      </trkpt>
      <trkpt lat="45.713061" lon="23.597791">
        <ele>832.183</ele>
        <time>2015-02-15T13:20:51Z</time>
      </trkpt>
      <trkpt lat="45.713008" lon="23.597884">
        <ele>830.035</ele>
        <time>2015-02-15T13:21:02Z</time>
      </trkpt>
      <trkpt lat="45.712915" lon="23.597923">
        <ele>827.956</ele>
        <time>2015-02-15T13:21:28Z</time>
      </trkpt>
      <trkpt lat="45.712843" lon="23.598006">
        <ele>825.924</ele>
        <time>2015-02-15T13:21:42Z</time>
      </trkpt>
      <trkpt lat="45.712758" lon="23.598043">
        <ele>823.916</ele>
        <time>2015-02-15T13:21:54Z</time>
      </trkpt>
      <trkpt lat="45.712681" lon="23.598096">
        <ele>821.976</ele>
        <time>2015-02-15T13:22:06Z</time>
      </trkpt>
      <trkpt lat="45.712616" lon="23.597920">
        <ele>820.013</ele>
        <time>2015-02-15T13:22:53Z</time>
      </trkpt>
      <trkpt lat="45.712603" lon="23.597805">
        <ele>818.208</ele>
        <time>2015-02-15T13:23:06Z</time>
      </trkpt>
      <trkpt lat="45.712578" lon="23.597646">
        <ele>816.922</ele>
        <time>2015-02-15T13:23:19Z</time>
      </trkpt>
      <trkpt lat="45.712516" lon="23.597559">
        <ele>815.658</ele>
        <time>2015-02-15T13:23:25Z</time>
      </trkpt>
      <trkpt lat="45.712448" lon="23.597631">
        <ele>814.411</ele>
        <time>2015-02-15T13:23:35Z</time>
      </trkpt>
      <trkpt lat="45.712391" lon="23.597716">
        <ele>813.150</ele>
        <time>2015-02-15T13:23:46Z</time>
      </trkpt>
      <trkpt lat="45.712323" lon="23.597805">
        <ele>811.987</ele>
        <time>2015-02-15T13:24:00Z</time>
      </trkpt>
      <trkpt lat="45.712278" lon="23.597706">
        <ele>810.739</ele>
        <time>2015-02-15T13:24:22Z</time>
      </trkpt>
      <trkpt lat="45.712270" lon="23.597583">
        <ele>809.420</ele>
        <time>2015-02-15T13:24:30Z</time>
      </trkpt>
      <trkpt lat="45.712255" lon="23.597465">
        <ele>807.928</ele>
        <time>2015-02-15T13:24:40Z</time>
      </trkpt>
      <trkpt lat="45.712173" lon="23.597383">
        <ele>806.535</ele>
        <time>2015-02-15T13:24:54Z</time>
      </trkpt>
      <trkpt lat="45.712101" lon="23.597328">
        <ele>804.586</ele>
        <time>2015-02-15T13:25:02Z</time>
      </trkpt>
      <trkpt lat="45.712020" lon="23.597360">
        <ele>802.314</ele>
        <time>2015-02-15T13:25:11Z</time>
      </trkpt>
      <trkpt lat="45.711936" lon="23.597350">
        <ele>800.208</ele>
        <time>2015-02-15T13:25:19Z</time>
      </trkpt>
      <trkpt lat="45.711856" lon="23.597321">
        <ele>798.134</ele>
        <time>2015-02-15T13:25:26Z</time>
      </trkpt>
      <trkpt lat="45.711781" lon="23.597263">
        <ele>796.090</ele>
        <time>2015-02-15T13:25:36Z</time>
      </trkpt>
      <trkpt lat="45.711723" lon="23.597178">
        <ele>793.963</ele>
        <time>2015-02-15T13:26:01Z</time>
      </trkpt>
      <trkpt lat="45.711681" lon="23.597280">
        <ele>791.712</ele>
        <time>2015-02-15T13:26:19Z</time>
      </trkpt>
      <trkpt lat="45.711720" lon="23.597386">
        <ele>789.179</ele>
        <time>2015-02-15T13:26:38Z</time>
      </trkpt>
      <trkpt lat="45.711765" lon="23.597506">
        <ele>786.151</ele>
        <time>2015-02-15T13:26:52Z</time>
      </trkpt>
      <trkpt lat="45.711769" lon="23.597623">
        <ele>782.962</ele>
        <time>2015-02-15T13:27:02Z</time>
      </trkpt>
      <trkpt lat="45.711768" lon="23.597740">
        <ele>779.720</ele>
        <time>2015-02-15T13:27:12Z</time>
      </trkpt>
      <trkpt lat="45.711715" lon="23.597646">
        <ele>776.868</ele>
        <time>2015-02-15T13:28:39Z</time>
      </trkpt>
      <trkpt lat="45.711698" lon="23.597779">
        <ele>774.142</ele>
        <time>2015-02-15T13:29:43Z</time>
      </trkpt>
      <trkpt lat="45.711625" lon="23.597726">
        <ele>771.426</ele>
        <time>2015-02-15T13:30:03Z</time>
      </trkpt>
      <trkpt lat="45.711511" lon="23.597674">
        <ele>768.408</ele>
        <time>2015-02-15T13:30:30Z</time>
      </trkpt>
      <trkpt lat="45.711469" lon="23.597575">
        <ele>764.427</ele>
        <time>2015-02-15T13:30:39Z</time>
      </trkpt>
      <trkpt lat="45.711394" lon="23.597525">
        <ele>760.483</ele>
        <time>2015-02-15T13:30:49Z</time>
      </trkpt>
      <trkpt lat="45.711420" lon="23.597641">
        <ele>756.386</ele>
        <time>2015-02-15T13:31:09Z</time>
      </trkpt>
      <trkpt lat="45.711450" lon="23.597749">
        <ele>752.535</ele>
        <time>2015-02-15T13:31:19Z</time>
      </trkpt>
      <trkpt lat="45.711446" lon="23.597881">
        <ele>749.162</ele>
        <time>2015-02-15T13:31:33Z</time>
      </trkpt>
      <trkpt lat="45.711379" lon="23.597745">
        <ele>745.924</ele>
        <time>2015-02-15T13:32:22Z</time>
      </trkpt>
      <trkpt lat="45.711304" lon="23.597686">
        <ele>742.795</ele>
        <time>2015-02-15T13:32:42Z</time>
      </trkpt>
      <trkpt lat="45.711274" lon="23.597798">
        <ele>739.593</ele>
        <time>2015-02-15T13:33:02Z</time>
      </trkpt>
      <trkpt lat="45.711255" lon="23.597920">
        <ele>736.655</ele>
        <time>2015-02-15T13:33:10Z</time>
      </trkpt>
      <trkpt lat="45.711238" lon="23.598034">
        <ele>733.407</ele>
        <time>2015-02-15T13:33:20Z</time>
      </trkpt>
      <trkpt lat="45.711183" lon="23.598138">
        <ele>730.217</ele>
        <time>2015-02-15T13:33:35Z</time>
      </trkpt>
      <trkpt lat="45.711135" lon="23.598243">
        <ele>727.808</ele>
        <time>2015-02-15T13:33:49Z</time>
      </trkpt>
      <trkpt lat="45.711138" lon="23.598123">
        <ele>725.456</ele>
        <time>2015-02-15T13:34:02Z</time>
      </trkpt>
      <trkpt lat="45.711090" lon="23.598030">
        <ele>723.132</ele>
        <time>2015-02-15T13:34:13Z</time>
      </trkpt>
      <trkpt lat="45.710953" lon="23.598010">
        <ele>720.645</ele>
        <time>2015-02-15T13:34:36Z</time>
      </trkpt>
      <trkpt lat="45.710989" lon="23.597846">
        <ele>718.274</ele>
        <time>2015-02-15T13:34:57Z</time>
      </trkpt>
      <trkpt lat="45.710940" lon="23.597755">
        <ele>715.931</ele>
        <time>2015-02-15T13:35:27Z</time>
      </trkpt>
      <trkpt lat="45.710865" lon="23.597626">
        <ele>713.853</ele>
        <time>2015-02-15T13:35:49Z</time>
      </trkpt>
      <trkpt lat="45.710776" lon="23.597443">
        <ele>711.994</ele>
        <time>2015-02-15T13:36:15Z</time>
      </trkpt>
      <trkpt lat="45.710693" lon="23.597393">
        <ele>709.982</ele>
        <time>2015-02-15T13:36:31Z</time>
      </trkpt>
      <trkpt lat="45.710623" lon="23.597451">
        <ele>708.261</ele>
        <time>2015-02-15T13:36:41Z</time>
      </trkpt>
      <trkpt lat="45.710553" lon="23.597526">
        <ele>706.621</ele>
        <time>2015-02-15T13:36:52Z</time>
      </trkpt>
      <trkpt lat="45.710473" lon="23.597580">
        <ele>705.113</ele>
        <time>2015-02-15T13:37:04Z</time>
      </trkpt>
      <trkpt lat="45.710388" lon="23.597618">
        <ele>703.708</ele>
        <time>2015-02-15T13:37:17Z</time>
      </trkpt>
      <trkpt lat="45.710320" lon="23.597694">
        <ele>702.557</ele>
        <time>2015-02-15T13:37:31Z</time>
      </trkpt>
      <trkpt lat="45.710283" lon="23.597816">
        <ele>701.193</ele>
        <time>2015-02-15T13:37:40Z</time>
      </trkpt>
      <trkpt lat="45.710245" lon="23.597708">
        <ele>699.886</ele>
        <time>2015-02-15T13:37:54Z</time>
      </trkpt>
      <trkpt lat="45.710235" lon="23.597590">
        <ele>698.675</ele>
        <time>2015-02-15T13:38:04Z</time>
      </trkpt>
      <trkpt lat="45.710248" lon="23.597471">
        <ele>697.372</ele>
        <time>2015-02-15T13:38:14Z</time>
      </trkpt>
      <trkpt lat="45.710161" lon="23.597413">
        <ele>695.974</ele>
        <time>2015-02-15T13:38:33Z</time>
      </trkpt>
      <trkpt lat="45.710071" lon="23.597548">
        <ele>694.615</ele>
        <time>2015-02-15T13:39:04Z</time>
      </trkpt>
      <trkpt lat="45.710018" lon="23.597636">
        <ele>692.483</ele>
        <time>2015-02-15T13:39:16Z</time>
      </trkpt>
      <trkpt lat="45.709930" lon="23.597645">
        <ele>690.258</ele>
        <time>2015-02-15T13:39:42Z</time>
      </trkpt>
      <trkpt lat="45.709846" lon="23.597659">
        <ele>687.952</ele>
        <time>2015-02-15T13:39:53Z</time>
      </trkpt>
      <trkpt lat="45.709761" lon="23.597670">
        <ele>685.517</ele>
        <time>2015-02-15T13:39:59Z</time>
      </trkpt>
      <trkpt lat="45.709731" lon="23.597556">
        <ele>683.308</ele>
        <time>2015-02-15T13:40:06Z</time>
      </trkpt>
      <trkpt lat="45.709785" lon="23.597461">
        <ele>681.536</ele>
        <time>2015-02-15T13:41:05Z</time>
      </trkpt>
      <trkpt lat="45.709835" lon="23.597366">
        <ele>679.652</ele>
        <time>2015-02-15T13:41:23Z</time>
      </trkpt>
      <trkpt lat="45.709825" lon="23.597248">
        <ele>677.795</ele>
        <time>2015-02-15T13:41:48Z</time>
      </trkpt>
      <trkpt lat="45.709750" lon="23.597201">
        <ele>675.914</ele>
        <time>2015-02-15T13:41:54Z</time>
      </trkpt>
      <trkpt lat="45.709678" lon="23.597146">
        <ele>674.071</ele>
        <time>2015-02-15T13:42:01Z</time>
      </trkpt>
      <trkpt lat="45.709601" lon="23.597100">
        <ele>672.393</ele>
        <time>2015-02-15T13:42:09Z</time>
      </trkpt>
      <trkpt lat="45.709536" lon="23.597019">
        <ele>671.424</ele>
        <time>2015-02-15T13:42:17Z</time>
      </trkpt>
      <trkpt lat="45.709476" lon="23.596918">
        <ele>670.892</ele>
        <time>2015-02-15T13:42:26Z</time>
      </trkpt>
      <trkpt lat="45.709420" lon="23.596821">
        <ele>670.484</ele>
        <time>2015-02-15T13:42:33Z</time>
      </trkpt>
      <trkpt lat="45.709361" lon="23.596723">
        <ele>670.107</ele>
        <time>2015-02-15T13:42:41Z</time>
      </trkpt>
      <trkpt lat="45.709268" lon="23.596735">
        <ele>669.817</ele>
        <time>2015-02-15T13:42:49Z</time>
      </trkpt>
      <trkpt lat="45.709180" lon="23.596723">
        <ele>669.508</ele>
        <time>2015-02-15T13:42:57Z</time>
      </trkpt>
      <trkpt lat="45.709093" lon="23.596696">
        <ele>669.219</ele>
        <time>2015-02-15T13:43:06Z</time>
      </trkpt>
      <trkpt lat="45.709011" lon="23.596671">
        <ele>668.975</ele>
        <time>2015-02-15T13:43:14Z</time>
      </trkpt>
      <trkpt lat="45.708963" lon="23.596565">
        <ele>668.578</ele>
        <time>2015-02-15T13:43:20Z</time>
      </trkpt>
      <trkpt lat="45.708905" lon="23.596468">
        <ele>668.067</ele>
        <time>2015-02-15T13:43:27Z</time>
      </trkpt>
      <trkpt lat="45.708870" lon="23.596363">
        <ele>667.484</ele>
        <time>2015-02-15T13:43:33Z</time>
      </trkpt>
      <trkpt lat="45.708831" lon="23.596256">
        <ele>666.986</ele>
        <time>2015-02-15T13:43:39Z</time>
      </trkpt>
      <trkpt lat="45.708755" lon="23.596196">
        <ele>666.427</ele>
        <time>2015-02-15T13:43:49Z</time>
      </trkpt>
      <trkpt lat="45.708686" lon="23.596106">
        <ele>665.955</ele>
        <time>2015-02-15T13:44:37Z</time>
      </trkpt>
      <trkpt lat="45.708613" lon="23.596051">
        <ele>665.412</ele>
        <time>2015-02-15T13:44:53Z</time>
      </trkpt>
      <trkpt lat="45.708573" lon="23.595940">
        <ele>664.832</ele>
        <time>2015-02-15T13:44:59Z</time>
      </trkpt>
      <trkpt lat="45.708504" lon="23.595858">
        <ele>664.405</ele>
        <time>2015-02-15T13:45:07Z</time>
      </trkpt>
      <trkpt lat="45.708434" lon="23.595775">
        <ele>664.008</ele>
        <time>2015-02-15T13:45:14Z</time>
      </trkpt>
      <trkpt lat="45.708366" lon="23.595705">
        <ele>663.752</ele>
        <time>2015-02-15T13:45:21Z</time>
      </trkpt>
      <trkpt lat="45.708288" lon="23.595629">
        <ele>663.668</ele>
        <time>2015-02-15T13:45:29Z</time>
      </trkpt>
      <trkpt lat="45.708201" lon="23.595599">
        <ele>663.611</ele>
        <time>2015-02-15T13:45:35Z</time>
      </trkpt>
      <trkpt lat="45.708116" lon="23.595558">
        <ele>663.730</ele>
        <time>2015-02-15T13:45:40Z</time>
      </trkpt>
      <trkpt lat="45.708021" lon="23.595545">
        <ele>663.737</ele>
        <time>2015-02-15T13:45:45Z</time>
      </trkpt>
      <trkpt lat="45.707933" lon="23.595571">
        <ele>663.849</ele>
        <time>2015-02-15T13:45:50Z</time>
      </trkpt>
      <trkpt lat="45.707849" lon="23.595553">
        <ele>663.890</ele>
        <time>2015-02-15T13:45:56Z</time>
      </trkpt>
      <trkpt lat="45.707780" lon="23.595629">
        <ele>663.768</ele>
        <time>2015-02-15T13:46:02Z</time>
      </trkpt>
      <trkpt lat="45.707733" lon="23.595726">
        <ele>663.615</ele>
        <time>2015-02-15T13:46:08Z</time>
      </trkpt>
      <trkpt lat="45.707693" lon="23.595828">
        <ele>663.465</ele>
        <time>2015-02-15T13:46:14Z</time>
      </trkpt>
      <trkpt lat="45.707691" lon="23.595956">
        <ele>663.111</ele>
        <time>2015-02-15T13:46:24Z</time>
      </trkpt>
      <trkpt lat="45.707658" lon="23.596070">
        <ele>662.808</ele>
        <time>2015-02-15T13:46:31Z</time>
      </trkpt>
      <trkpt lat="45.707625" lon="23.596194">
        <ele>662.372</ele>
        <time>2015-02-15T13:46:43Z</time>
      </trkpt>
      <trkpt lat="45.707621" lon="23.596320">
        <ele>661.728</ele>
        <time>2015-02-15T13:46:54Z</time>
      </trkpt>
      <trkpt lat="45.707671" lon="23.596418">
        <ele>661.181</ele>
        <time>2015-02-15T13:47:05Z</time>
      </trkpt>
      <trkpt lat="45.707638" lon="23.596543">
        <ele>660.440</ele>
        <time>2015-02-15T13:47:12Z</time>
      </trkpt>
      <trkpt lat="45.707601" lon="23.596650">
        <ele>659.887</ele>
        <time>2015-02-15T13:47:17Z</time>
      </trkpt>
      <trkpt lat="45.707591" lon="23.596775">
        <ele>659.179</ele>
        <time>2015-02-15T13:47:26Z</time>
      </trkpt>
      <trkpt lat="45.707580" lon="23.596895">
        <ele>658.620</ele>
        <time>2015-02-15T13:47:40Z</time>
      </trkpt>
      <trkpt lat="45.707511" lon="23.596973">
        <ele>658.188</ele>
        <time>2015-02-15T13:47:46Z</time>
      </trkpt>
      <trkpt lat="45.707466" lon="23.597080">
        <ele>657.632</ele>
        <time>2015-02-15T13:47:54Z</time>
      </trkpt>
      <trkpt lat="45.707424" lon="23.597191">
        <ele>657.292</ele>
        <time>2015-02-15T13:47:59Z</time>
      </trkpt>
      <trkpt lat="45.707376" lon="23.597303">
        <ele>656.611</ele>
        <time>2015-02-15T13:48:04Z</time>
      </trkpt>
      <trkpt lat="45.707313" lon="23.597401">
        <ele>656.108</ele>
        <time>2015-02-15T13:48:11Z</time>
      </trkpt>
      <trkpt lat="45.707226" lon="23.597446">
        <ele>655.664</ele>
        <time>2015-02-15T13:48:15Z</time>
      </trkpt>
      <trkpt lat="45.707154" lon="23.597521">
        <ele>655.190</ele>
        <time>2015-02-15T13:48:20Z</time>
      </trkpt>
      <trkpt lat="45.707101" lon="23.597651">
        <ele>654.683</ele>
        <time>2015-02-15T13:48:27Z</time>
      </trkpt>
      <trkpt lat="45.707040" lon="23.597745">
        <ele>654.212</ele>
        <time>2015-02-15T13:48:37Z</time>
      </trkpt>
      <trkpt lat="45.706966" lon="23.597818">
        <ele>653.839</ele>
        <time>2015-02-15T13:48:47Z</time>
      </trkpt>
      <trkpt lat="45.706903" lon="23.597891">
        <ele>653.571</ele>
        <time>2015-02-15T13:48:53Z</time>
      </trkpt>
      <trkpt lat="45.706831" lon="23.597955">
        <ele>653.192</ele>
        <time>2015-02-15T13:49:01Z</time>
      </trkpt>
      <trkpt lat="45.706741" lon="23.597995">
        <ele>652.720</ele>
        <time>2015-02-15T13:49:08Z</time>
      </trkpt>
      <trkpt lat="45.706656" lon="23.598008">
        <ele>652.468</ele>
        <time>2015-02-15T13:49:14Z</time>
      </trkpt>
      <trkpt lat="45.706565" lon="23.597991">
        <ele>652.342</ele>
        <time>2015-02-15T13:49:22Z</time>
      </trkpt>
      <trkpt lat="45.706485" lon="23.597968">
        <ele>652.226</ele>
        <time>2015-02-15T13:49:30Z</time>
      </trkpt>
      <trkpt lat="45.706405" lon="23.597906">
        <ele>652.308</ele>
        <time>2015-02-15T13:49:36Z</time>
      </trkpt>
      <trkpt lat="45.706325" lon="23.597873">
        <ele>652.597</ele>
        <time>2015-02-15T13:49:42Z</time>
      </trkpt>
      <trkpt lat="45.706246" lon="23.597835">
        <ele>652.783</ele>
        <time>2015-02-15T13:49:50Z</time>
      </trkpt>
      <trkpt lat="45.706168" lon="23.597866">
        <ele>652.996</ele>
        <time>2015-02-15T13:49:55Z</time>
      </trkpt>
      <trkpt lat="45.706093" lon="23.597809">
        <ele>653.185</ele>
        <time>2015-02-15T13:50:02Z</time>
      </trkpt>
      <trkpt lat="45.706011" lon="23.597768">
        <ele>653.432</ele>
        <time>2015-02-15T13:50:09Z</time>
      </trkpt>
      <trkpt lat="45.705928" lon="23.597711">
        <ele>653.724</ele>
        <time>2015-02-15T13:50:16Z</time>
      </trkpt>
      <trkpt lat="45.705855" lon="23.597640">
        <ele>654.075</ele>
        <time>2015-02-15T13:50:23Z</time>
      </trkpt>
      <trkpt lat="45.705783" lon="23.597563">
        <ele>654.583</ele>
        <time>2015-02-15T13:50:30Z</time>
      </trkpt>
      <trkpt lat="45.705718" lon="23.597480">
        <ele>654.951</ele>
        <time>2015-02-15T13:50:36Z</time>
      </trkpt>
      <trkpt lat="45.705675" lon="23.597381">
        <ele>655.501</ele>
        <time>2015-02-15T13:50:41Z</time>
      </trkpt>
      <trkpt lat="45.705618" lon="23.597289">
        <ele>656.011</ele>
        <time>2015-02-15T13:50:48Z</time>
      </trkpt>
      <trkpt lat="45.705531" lon="23.597244">
        <ele>656.508</ele>
        <time>2015-02-15T13:50:55Z</time>
      </trkpt>
      <trkpt lat="45.705473" lon="23.597151">
        <ele>657.146</ele>
        <time>2015-02-15T13:51:00Z</time>
      </trkpt>
      <trkpt lat="45.705403" lon="23.597080">
        <ele>657.642</ele>
        <time>2015-02-15T13:51:07Z</time>
      </trkpt>
      <trkpt lat="45.705313" lon="23.597050">
        <ele>658.215</ele>
        <time>2015-02-15T13:51:15Z</time>
      </trkpt>
      <trkpt lat="45.705226" lon="23.597008">
        <ele>658.894</ele>
        <time>2015-02-15T13:51:24Z</time>
      </trkpt>
      <trkpt lat="45.705141" lon="23.597008">
        <ele>659.491</ele>
        <time>2015-02-15T13:51:30Z</time>
      </trkpt>
      <trkpt lat="45.705058" lon="23.597028">
        <ele>660.043</ele>
        <time>2015-02-15T13:51:36Z</time>
      </trkpt>
      <trkpt lat="45.704964" lon="23.597041">
        <ele>660.654</ele>
        <time>2015-02-15T13:51:43Z</time>
      </trkpt>
      <trkpt lat="45.704885" lon="23.597000">
        <ele>661.222</ele>
        <time>2015-02-15T13:51:51Z</time>
      </trkpt>
      <trkpt lat="45.704798" lon="23.596983">
        <ele>661.752</ele>
        <time>2015-02-15T13:51:58Z</time>
      </trkpt>
      <trkpt lat="45.704713" lon="23.596953">
        <ele>662.253</ele>
        <time>2015-02-15T13:52:05Z</time>
      </trkpt>
      <trkpt lat="45.704635" lon="23.596998">
        <ele>662.808</ele>
        <time>2015-02-15T13:52:13Z</time>
      </trkpt>
      <trkpt lat="45.704566" lon="23.597076">
        <ele>663.308</ele>
        <time>2015-02-15T13:52:55Z</time>
      </trkpt>
      <trkpt lat="45.704476" lon="23.597055">
        <ele>663.876</ele>
        <time>2015-02-15T13:53:02Z</time>
      </trkpt>
      <trkpt lat="45.704390" lon="23.597043">
        <ele>664.462</ele>
        <time>2015-02-15T13:53:09Z</time>
      </trkpt>
      <trkpt lat="45.704305" lon="23.597036">
        <ele>665.045</ele>
        <time>2015-02-15T13:53:15Z</time>
      </trkpt>
      <trkpt lat="45.704243" lon="23.597138">
        <ele>665.764</ele>
        <time>2015-02-15T13:53:19Z</time>
      </trkpt>
      <trkpt lat="45.704143" lon="23.597125">
        <ele>666.311</ele>
        <time>2015-02-15T13:53:26Z</time>
      </trkpt>
      <trkpt lat="45.704056" lon="23.597083">
        <ele>666.843</ele>
        <time>2015-02-15T13:53:32Z</time>
      </trkpt>
      <trkpt lat="45.703976" lon="23.597053">
        <ele>667.444</ele>
        <time>2015-02-15T13:53:41Z</time>
      </trkpt>
      <trkpt lat="45.703891" lon="23.597030">
        <ele>668.052</ele>
        <time>2015-02-15T13:53:49Z</time>
      </trkpt>
      <trkpt lat="45.703798" lon="23.596966">
        <ele>668.616</ele>
        <time>2015-02-15T13:53:56Z</time>
      </trkpt>
      <trkpt lat="45.703716" lon="23.596898">
        <ele>669.076</ele>
        <time>2015-02-15T13:54:03Z</time>
      </trkpt>
      <trkpt lat="45.703630" lon="23.596833">
        <ele>669.413</ele>
        <time>2015-02-15T13:54:10Z</time>
      </trkpt>
      <trkpt lat="45.703581" lon="23.596721">
        <ele>669.808</ele>
        <time>2015-02-15T13:54:17Z</time>
      </trkpt>
      <trkpt lat="45.703534" lon="23.596610">
        <ele>670.182</ele>
        <time>2015-02-15T13:54:25Z</time>
      </trkpt>
      <trkpt lat="45.703510" lon="23.596496">
        <ele>670.388</ele>
        <time>2015-02-15T13:54:29Z</time>
      </trkpt>
      <trkpt lat="45.703465" lon="23.596349">
        <ele>670.451</ele>
        <time>2015-02-15T13:54:34Z</time>
      </trkpt>
      <trkpt lat="45.703421" lon="23.596238">
        <ele>670.530</ele>
        <time>2015-02-15T13:54:39Z</time>
      </trkpt>
      <trkpt lat="45.703395" lon="23.596126">
        <ele>670.697</ele>
        <time>2015-02-15T13:54:45Z</time>
      </trkpt>
      <trkpt lat="45.703356" lon="23.596013">
        <ele>670.619</ele>
        <time>2015-02-15T13:54:51Z</time>
      </trkpt>
      <trkpt lat="45.703348" lon="23.595893">
        <ele>670.650</ele>
        <time>2015-02-15T13:54:56Z</time>
      </trkpt>
      <trkpt lat="45.703353" lon="23.595764">
        <ele>670.878</ele>
        <time>2015-02-15T13:55:02Z</time>
      </trkpt>
      <trkpt lat="45.703351" lon="23.595648">
        <ele>670.944</ele>
        <time>2015-02-15T13:55:08Z</time>
      </trkpt>
      <trkpt lat="45.703338" lon="23.595513">
        <ele>671.105</ele>
        <time>2015-02-15T13:55:14Z</time>
      </trkpt>
      <trkpt lat="45.703358" lon="23.595400">
        <ele>671.415</ele>
        <time>2015-02-15T13:55:19Z</time>
      </trkpt>
      <trkpt lat="45.703405" lon="23.595290">
        <ele>671.808</ele>
        <time>2015-02-15T13:55:25Z</time>
      </trkpt>
      <trkpt lat="45.703453" lon="23.595188">
        <ele>672.215</ele>
        <time>2015-02-15T13:55:31Z</time>
      </trkpt>
      <trkpt lat="45.703471" lon="23.595056">
        <ele>672.711</ele>
        <time>2015-02-15T13:55:39Z</time>
      </trkpt>
      <trkpt lat="45.703506" lon="23.594941">
        <ele>673.314</ele>
        <time>2015-02-15T13:55:44Z</time>
      </trkpt>
      <trkpt lat="45.703526" lon="23.594810">
        <ele>674.093</ele>
        <time>2015-02-15T13:55:50Z</time>
      </trkpt>
      <trkpt lat="45.703593" lon="23.594733">
        <ele>674.690</ele>
        <time>2015-02-15T13:55:55Z</time>
      </trkpt>
      <trkpt lat="45.703636" lon="23.594631">
        <ele>675.322</ele>
        <time>2015-02-15T13:56:03Z</time>
      </trkpt>
      <trkpt lat="45.703666" lon="23.594510">
        <ele>676.053</ele>
        <time>2015-02-15T13:56:10Z</time>
      </trkpt>
      <trkpt lat="45.703696" lon="23.594400">
        <ele>676.851</ele>
        <time>2015-02-15T13:56:16Z</time>
      </trkpt>
      <trkpt lat="45.703780" lon="23.594301">
        <ele>677.731</ele>
        <time>2015-02-15T13:56:24Z</time>
      </trkpt>
      <trkpt lat="45.703831" lon="23.594203">
        <ele>678.661</ele>
        <time>2015-02-15T13:56:30Z</time>
      </trkpt>
      <trkpt lat="45.703886" lon="23.594106">
        <ele>679.707</ele>
        <time>2015-02-15T13:56:38Z</time>
      </trkpt>
      <trkpt lat="45.703960" lon="23.594028">
        <ele>680.908</ele>
        <time>2015-02-15T13:56:45Z</time>
      </trkpt>
      <trkpt lat="45.704006" lon="23.593925">
        <ele>682.144</ele>
        <time>2015-02-15T13:57:01Z</time>
      </trkpt>
      <trkpt lat="45.704058" lon="23.593833">
        <ele>683.510</ele>
        <time>2015-02-15T13:57:09Z</time>
      </trkpt>
      <trkpt lat="45.704133" lon="23.593780">
        <ele>684.963</ele>
        <time>2015-02-15T13:57:17Z</time>
      </trkpt>
      <trkpt lat="45.704224" lon="23.593723">
        <ele>686.592</ele>
        <time>2015-02-15T13:57:30Z</time>
      </trkpt>
      <trkpt lat="45.704310" lon="23.593681">
        <ele>688.349</ele>
        <time>2015-02-15T13:57:36Z</time>
      </trkpt>
      <trkpt lat="45.704391" lon="23.593683">
        <ele>690.161</ele>
        <time>2015-02-15T13:57:42Z</time>
      </trkpt>
      <trkpt lat="45.704473" lon="23.593641">
        <ele>691.732</ele>
        <time>2015-02-15T13:57:49Z</time>
      </trkpt>
      <trkpt lat="45.704555" lon="23.593651">
        <ele>693.390</ele>
        <time>2015-02-15T13:57:54Z</time>
      </trkpt>
      <trkpt lat="45.704636" lon="23.593691">
        <ele>694.813</ele>
        <time>2015-02-15T13:58:03Z</time>
      </trkpt>
      <trkpt lat="45.704724" lon="23.593675">
        <ele>696.043</ele>
        <time>2015-02-15T13:58:08Z</time>
      </trkpt>
      <trkpt lat="45.704814" lon="23.593663">
        <ele>697.007</ele>
        <time>2015-02-15T13:58:15Z</time>
      </trkpt>
      <trkpt lat="45.704916" lon="23.593666">
        <ele>697.708</ele>
        <time>2015-02-15T13:58:24Z</time>
      </trkpt>
      <trkpt lat="45.704998" lon="23.593676">
        <ele>697.952</ele>
        <time>2015-02-15T13:58:33Z</time>
      </trkpt>
      <trkpt lat="45.705071" lon="23.593726">
        <ele>697.798</ele>
        <time>2015-02-15T13:58:43Z</time>
      </trkpt>
      <trkpt lat="45.705151" lon="23.593785">
        <ele>697.151</ele>
        <time>2015-02-15T13:58:50Z</time>
      </trkpt>
      <trkpt lat="45.705231" lon="23.593803">
        <ele>696.170</ele>
        <time>2015-02-15T13:58:56Z</time>
      </trkpt>
      <trkpt lat="45.705323" lon="23.593845">
        <ele>694.797</ele>
        <time>2015-02-15T13:59:02Z</time>
      </trkpt>
      <trkpt lat="45.705426" lon="23.593920">
        <ele>693.249</ele>
        <time>2015-02-15T13:59:07Z</time>
      </trkpt>
      <trkpt lat="45.705501" lon="23.593971">
        <ele>691.620</ele>
        <time>2015-02-15T13:59:12Z</time>
      </trkpt>
      <trkpt lat="45.705588" lon="23.593999">
        <ele>690.018</ele>
        <time>2015-02-15T13:59:21Z</time>
      </trkpt>
      <trkpt lat="45.705673" lon="23.593990">
        <ele>688.333</ele>
        <time>2015-02-15T13:59:28Z</time>
      </trkpt>
      <trkpt lat="45.705755" lon="23.593938">
        <ele>686.623</ele>
        <time>2015-02-15T13:59:36Z</time>
      </trkpt>
      <trkpt lat="45.705821" lon="23.593858">
        <ele>685.115</ele>
        <time>2015-02-15T13:59:44Z</time>
      </trkpt>
      <trkpt lat="45.705863" lon="23.593750">
        <ele>683.708</ele>
        <time>2015-02-15T13:59:52Z</time>
      </trkpt>
      <trkpt lat="45.705890" lon="23.593636">
        <ele>682.654</ele>
        <time>2015-02-15T13:59:59Z</time>
      </trkpt>
      <trkpt lat="45.705918" lon="23.593516">
        <ele>681.730</ele>
        <time>2015-02-15T14:00:08Z</time>
      </trkpt>
      <trkpt lat="45.705926" lon="23.593388">
        <ele>681.083</ele>
        <time>2015-02-15T14:00:16Z</time>
      </trkpt>
      <trkpt lat="45.705900" lon="23.593253">
        <ele>680.432</ele>
        <time>2015-02-15T14:00:24Z</time>
      </trkpt>
      <trkpt lat="45.705876" lon="23.593141">
        <ele>679.869</ele>
        <time>2015-02-15T14:00:32Z</time>
      </trkpt>
      <trkpt lat="45.705821" lon="23.593053">
        <ele>679.221</ele>
        <time>2015-02-15T14:00:41Z</time>
      </trkpt>
      <trkpt lat="45.705755" lon="23.592971">
        <ele>678.782</ele>
        <time>2015-02-15T14:00:51Z</time>
      </trkpt>
      <trkpt lat="45.705690" lon="23.592895">
        <ele>678.230</ele>
        <time>2015-02-15T14:00:58Z</time>
      </trkpt>
      <trkpt lat="45.705608" lon="23.592841">
        <ele>677.785</ele>
        <time>2015-02-15T14:01:07Z</time>
      </trkpt>
      <trkpt lat="45.705518" lon="23.592808">
        <ele>677.389</ele>
        <time>2015-02-15T14:01:15Z</time>
      </trkpt>
      <trkpt lat="45.705450" lon="23.592730">
        <ele>677.017</ele>
        <time>2015-02-15T14:01:22Z</time>
      </trkpt>
      <trkpt lat="45.705394" lon="23.592631">
        <ele>676.608</ele>
        <time>2015-02-15T14:01:29Z</time>
      </trkpt>
      <trkpt lat="45.705333" lon="23.592555">
        <ele>676.489</ele>
        <time>2015-02-15T14:01:37Z</time>
      </trkpt>
      <trkpt lat="45.705253" lon="23.592523">
        <ele>676.175</ele>
        <time>2015-02-15T14:01:42Z</time>
      </trkpt>
      <trkpt lat="45.705165" lon="23.592500">
        <ele>675.878</ele>
        <time>2015-02-15T14:01:52Z</time>
      </trkpt>
      <trkpt lat="45.705084" lon="23.592466">
        <ele>675.687</ele>
        <time>2015-02-15T14:01:58Z</time>
      </trkpt>
      <trkpt lat="45.705005" lon="23.592376">
        <ele>675.334</ele>
        <time>2015-02-15T14:02:08Z</time>
      </trkpt>
      <trkpt lat="45.704963" lon="23.592276">
        <ele>675.086</ele>
        <time>2015-02-15T14:02:13Z</time>
      </trkpt>
      <trkpt lat="45.704904" lon="23.592188">
        <ele>674.737</ele>
        <time>2015-02-15T14:02:20Z</time>
      </trkpt>
      <trkpt lat="45.704840" lon="23.592091">
        <ele>674.415</ele>
        <time>2015-02-15T14:02:27Z</time>
      </trkpt>
      <trkpt lat="45.704773" lon="23.592020">
        <ele>674.082</ele>
        <time>2015-02-15T14:02:34Z</time>
      </trkpt>
      <trkpt lat="45.704690" lon="23.591961">
        <ele>673.643</ele>
        <time>2015-02-15T14:02:41Z</time>
      </trkpt>
      <trkpt lat="45.704638" lon="23.591856">
        <ele>673.217</ele>
        <time>2015-02-15T14:02:48Z</time>
      </trkpt>
      <trkpt lat="45.704566" lon="23.591784">
        <ele>672.808</ele>
        <time>2015-02-15T14:02:56Z</time>
      </trkpt>
      <trkpt lat="45.704488" lon="23.591700">
        <ele>672.499</ele>
        <time>2015-02-15T14:03:03Z</time>
      </trkpt>
      <trkpt lat="45.704428" lon="23.591615">
        <ele>672.165</ele>
        <time>2015-02-15T14:03:10Z</time>
      </trkpt>
      <trkpt lat="45.704371" lon="23.591513">
        <ele>671.888</ele>
        <time>2015-02-15T14:03:17Z</time>
      </trkpt>
      <trkpt lat="45.704326" lon="23.591411">
        <ele>671.537</ele>
        <time>2015-02-15T14:03:23Z</time>
      </trkpt>
      <trkpt lat="45.704273" lon="23.591300">
        <ele>671.344</ele>
        <time>2015-02-15T14:03:31Z</time>
      </trkpt>
      <trkpt lat="45.704245" lon="23.591183">
        <ele>671.046</ele>
        <time>2015-02-15T14:03:38Z</time>
      </trkpt>
      <trkpt lat="45.704188" lon="23.591099">
        <ele>670.897</ele>
        <time>2015-02-15T14:03:44Z</time>
      </trkpt>
      <trkpt lat="45.704134" lon="23.591001">
        <ele>670.795</ele>
        <time>2015-02-15T14:03:51Z</time>
      </trkpt>
      <trkpt lat="45.704095" lon="23.590880">
        <ele>670.865</ele>
        <time>2015-02-15T14:03:58Z</time>
      </trkpt>
      <trkpt lat="45.704048" lon="23.590766">
        <ele>670.968</ele>
        <time>2015-02-15T14:04:06Z</time>
      </trkpt>
      <trkpt lat="45.704029" lon="23.590653">
        <ele>671.214</ele>
        <time>2015-02-15T14:04:14Z</time>
      </trkpt>
      <trkpt lat="45.703993" lon="23.590538">
        <ele>671.608</ele>
        <time>2015-02-15T14:04:22Z</time>
      </trkpt>
      <trkpt lat="45.703956" lon="23.590413">
        <ele>672.127</ele>
        <time>2015-02-15T14:04:30Z</time>
      </trkpt>
      <trkpt lat="45.703928" lon="23.590303">
        <ele>672.743</ele>
        <time>2015-02-15T14:04:36Z</time>
      </trkpt>
      <trkpt lat="45.703891" lon="23.590199">
        <ele>673.516</ele>
        <time>2015-02-15T14:04:42Z</time>
      </trkpt>
      <trkpt lat="45.703840" lon="23.590109">
        <ele>674.475</ele>
        <time>2015-02-15T14:04:50Z</time>
      </trkpt>
      <trkpt lat="45.703830" lon="23.589991">
        <ele>675.372</ele>
        <time>2015-02-15T14:04:56Z</time>
      </trkpt>
      <trkpt lat="45.703793" lon="23.589884">
        <ele>676.324</ele>
        <time>2015-02-15T14:05:03Z</time>
      </trkpt>
      <trkpt lat="45.703751" lon="23.589781">
        <ele>677.355</ele>
        <time>2015-02-15T14:05:12Z</time>
      </trkpt>
      <trkpt lat="45.703716" lon="23.589675">
        <ele>678.383</ele>
        <time>2015-02-15T14:05:19Z</time>
      </trkpt>
      <trkpt lat="45.703666" lon="23.589571">
        <ele>679.311</ele>
        <time>2015-02-15T14:05:27Z</time>
      </trkpt>
      <trkpt lat="45.703616" lon="23.589473">
        <ele>680.421</ele>
        <time>2015-02-15T14:05:35Z</time>
      </trkpt>
      <trkpt lat="45.703551" lon="23.589383">
        <ele>681.303</ele>
        <time>2015-02-15T14:05:41Z</time>
      </trkpt>
      <trkpt lat="45.703478" lon="23.589308">
        <ele>682.208</ele>
        <time>2015-02-15T14:05:50Z</time>
      </trkpt>
      <trkpt lat="45.703420" lon="23.589225">
        <ele>682.942</ele>
        <time>2015-02-15T14:05:59Z</time>
      </trkpt>
      <trkpt lat="45.703350" lon="23.589161">
        <ele>683.578</ele>
        <time>2015-02-15T14:06:06Z</time>
      </trkpt>
      <trkpt lat="45.703275" lon="23.589094">
        <ele>684.021</ele>
        <time>2015-02-15T14:06:12Z</time>
      </trkpt>
      <trkpt lat="45.703203" lon="23.589035">
        <ele>684.640</ele>
        <time>2015-02-15T14:06:21Z</time>
      </trkpt>
      <trkpt lat="45.703121" lon="23.589040">
        <ele>685.317</ele>
        <time>2015-02-15T14:06:27Z</time>
      </trkpt>
      <trkpt lat="45.703039" lon="23.589013">
        <ele>686.029</ele>
        <time>2015-02-15T14:06:33Z</time>
      </trkpt>
      <trkpt lat="45.702958" lon="23.589010">
        <ele>686.640</ele>
        <time>2015-02-15T14:06:39Z</time>
      </trkpt>
      <trkpt lat="45.702871" lon="23.589011">
        <ele>687.168</ele>
        <time>2015-02-15T14:06:46Z</time>
      </trkpt>
      <trkpt lat="45.702778" lon="23.589036">
        <ele>687.786</ele>
        <time>2015-02-15T14:06:53Z</time>
      </trkpt>
      <trkpt lat="45.702693" lon="23.589004">
        <ele>688.360</ele>
        <time>2015-02-15T14:07:01Z</time>
      </trkpt>
      <trkpt lat="45.702606" lon="23.589031">
        <ele>688.926</ele>
        <time>2015-02-15T14:07:07Z</time>
      </trkpt>
      <trkpt lat="45.702523" lon="23.589078">
        <ele>689.608</ele>
        <time>2015-02-15T14:07:12Z</time>
      </trkpt>
      <trkpt lat="45.702435" lon="23.589060">
        <ele>690.449</ele>
        <time>2015-02-15T14:07:19Z</time>
      </trkpt>
      <trkpt lat="45.702364" lon="23.588996">
        <ele>691.245</ele>
        <time>2015-02-15T14:07:25Z</time>
      </trkpt>
      <trkpt lat="45.702276" lon="23.588985">
        <ele>692.088</ele>
        <time>2015-02-15T14:07:33Z</time>
      </trkpt>
      <trkpt lat="45.702193" lon="23.589015">
        <ele>692.737</ele>
        <time>2015-02-15T14:07:39Z</time>
      </trkpt>
      <trkpt lat="45.702103" lon="23.589035">
        <ele>693.354</ele>
        <time>2015-02-15T14:07:47Z</time>
      </trkpt>
      <trkpt lat="45.702013" lon="23.589063">
        <ele>694.156</ele>
        <time>2015-02-15T14:07:54Z</time>
      </trkpt>
      <trkpt lat="45.701920" lon="23.589021">
        <ele>694.817</ele>
        <time>2015-02-15T14:08:02Z</time>
      </trkpt>
      <trkpt lat="45.701831" lon="23.589040">
        <ele>695.655</ele>
        <time>2015-02-15T14:08:09Z</time>
      </trkpt>
      <trkpt lat="45.701758" lon="23.588983">
        <ele>696.397</ele>
        <time>2015-02-15T14:08:17Z</time>
      </trkpt>
      <trkpt lat="45.701678" lon="23.588918">
        <ele>696.923</ele>
        <time>2015-02-15T14:08:26Z</time>
      </trkpt>
      <trkpt lat="45.701725" lon="23.588816">
        <ele>697.625</ele>
        <time>2015-02-15T14:08:41Z</time>
      </trkpt>
      <trkpt lat="45.701796" lon="23.588878">
        <ele>698.208</ele>
        <time>2015-02-15T14:08:46Z</time>
      </trkpt>
      <trkpt lat="45.701860" lon="23.588801">
        <ele>698.720</ele>
        <time>2015-02-15T14:08:53Z</time>
      </trkpt>
      <trkpt lat="45.701886" lon="23.588680">
        <ele>699.286</ele>
        <time>2015-02-15T14:09:00Z</time>
      </trkpt>
      <trkpt lat="45.701863" lon="23.588545">
        <ele>699.749</ele>
        <time>2015-02-15T14:09:09Z</time>
      </trkpt>
      <trkpt lat="45.701816" lon="23.588648">
        <ele>700.258</ele>
        <time>2015-02-15T14:09:14Z</time>
      </trkpt>
      <trkpt lat="45.701706" lon="23.588706">
        <ele>700.555</ele>
        <time>2015-02-15T14:09:20Z</time>
      </trkpt>
      <trkpt lat="45.701626" lon="23.588826">
        <ele>700.777</ele>
        <time>2015-02-15T14:09:22Z</time>
      </trkpt>
      <trkpt lat="45.701545" lon="23.588843">
        <ele>700.838</ele>
        <time>2015-02-15T14:09:24Z</time>
      </trkpt>
      <trkpt lat="45.701405" lon="23.588835">
        <ele>700.996</ele>
        <time>2015-02-15T14:09:27Z</time>
      </trkpt>
      <trkpt lat="45.701251" lon="23.588866">
        <ele>701.053</ele>
        <time>2015-02-15T14:09:29Z</time>
      </trkpt>
      <trkpt lat="45.701118" lon="23.588851">
        <ele>701.104</ele>
        <time>2015-02-15T14:09:31Z</time>
      </trkpt>
      <trkpt lat="45.701030" lon="23.588851">
        <ele>701.114</ele>
        <time>2015-02-15T14:09:32Z</time>
      </trkpt>
      <trkpt lat="45.700943" lon="23.588848">
        <ele>701.208</ele>
        <time>2015-02-15T14:09:33Z</time>
      </trkpt>
      <trkpt lat="45.700860" lon="23.588881">
        <ele>701.256</ele>
        <time>2015-02-15T14:09:34Z</time>
      </trkpt>
      <trkpt lat="45.700739" lon="23.588945">
        <ele>701.222</ele>
        <time>2015-02-15T14:09:35Z</time>
      </trkpt>
      <trkpt lat="45.700631" lon="23.588991">
        <ele>701.255</ele>
        <time>2015-02-15T14:09:36Z</time>
      </trkpt>
      <trkpt lat="45.700541" lon="23.589048">
        <ele>701.354</ele>
        <time>2015-02-15T14:09:37Z</time>
      </trkpt>
      <trkpt lat="45.700455" lon="23.589076">
        <ele>701.361</ele>
        <time>2015-02-15T14:09:38Z</time>
      </trkpt>
    </trkseg>
  </trk></gpx>