<?xml version="1.0" encoding="UTF-8"?>
<gpx creator="Wikiloc - https://www.wikiloc.com" version="1.1" xmlns="http://www.topografix.com/GPX/1/1" xmlns:xsi="http://www.w3.org/2001/XMLSchema-instance" xsi:schemaLocation="http://www.topografix.com/GPX/1/1 http://www.topografix.com/GPX/1/1/gpx.xsd">
  <metadata>
    <name>Wikiloc - Masivul Muntele Mare - Walking 11/29/15 9:46 am</name>
    <author>
      <name>Toni Grecu</name>
      <link href="https://www.wikiloc.com/wikiloc/user.do?id=2082631">
        <text>Toni Grecu on Wikiloc</text>
      </link>
    </author>
    <link href="https://www.wikiloc.com/hiking-trails/masivul-muntele-mare-walking-11-29-15-9-46-am-17192741">
      <text>Masivul Muntele Mare - Walking 11/29/15 9:46 am on Wikiloc</text>
    </link>
    <time>2015-11-29T11:36:03Z</time>
  </metadata>
  <trk>
    <name>Masivul Muntele Mare - Walking 11/29/15 9:46 am - Wikiloc</name>
    <cmt></cmt>
    <desc></desc>
    <trkseg>
      <trkpt lat="46.527651" lon="23.274896">
        <ele>1556.071</ele>
        <time>2015-11-29T07:46:18Z</time>
      </trkpt>
      <trkpt lat="46.527698" lon="23.274851">
        <ele>1556.041</ele>
        <time>2015-11-29T07:46:20Z</time>
      </trkpt>
      <trkpt lat="46.527627" lon="23.274791">
        <ele>1556.015</ele>
        <time>2015-11-29T07:46:21Z</time>
      </trkpt>
      <trkpt lat="46.527689" lon="23.274918">
        <ele>1556.008</ele>
        <time>2015-11-29T07:46:24Z</time>
      </trkpt>
      <trkpt lat="46.527621" lon="23.274848">
        <ele>1556.028</ele>
        <time>2015-11-29T07:48:31Z</time>
      </trkpt>
      <trkpt lat="46.527535" lon="23.274858">
        <ele>1556.394</ele>
        <time>2015-11-29T07:48:38Z</time>
      </trkpt>
      <trkpt lat="46.527467" lon="23.274785">
        <ele>1556.538</ele>
        <time>2015-11-29T07:48:47Z</time>
      </trkpt>
      <trkpt lat="46.527380" lon="23.274781">
        <ele>1556.896</ele>
        <time>2015-11-29T07:48:56Z</time>
      </trkpt>
      <trkpt lat="46.527297" lon="23.274748">
        <ele>1557.119</ele>
        <time>2015-11-29T07:49:09Z</time>
      </trkpt>
      <trkpt lat="46.527220" lon="23.274710">
        <ele>1557.454</ele>
        <time>2015-11-29T07:49:16Z</time>
      </trkpt>
      <trkpt lat="46.527134" lon="23.274694">
        <ele>1557.611</ele>
        <time>2015-11-29T07:49:24Z</time>
      </trkpt>
      <trkpt lat="46.527055" lon="23.274642">
        <ele>1557.978</ele>
        <time>2015-11-29T07:49:32Z</time>
      </trkpt>
      <trkpt lat="46.526972" lon="23.274605">
        <ele>1558.245</ele>
        <time>2015-11-29T07:49:39Z</time>
      </trkpt>
      <trkpt lat="46.526883" lon="23.274588">
        <ele>1558.547</ele>
        <time>2015-11-29T07:49:47Z</time>
      </trkpt>
      <trkpt lat="46.526800" lon="23.274543">
        <ele>1558.711</ele>
        <time>2015-11-29T07:49:55Z</time>
      </trkpt>
      <trkpt lat="46.526715" lon="23.274508">
        <ele>1559.008</ele>
        <time>2015-11-29T07:50:02Z</time>
      </trkpt>
      <trkpt lat="46.526637" lon="23.274478">
        <ele>1559.095</ele>
        <time>2015-11-29T07:50:08Z</time>
      </trkpt>
      <trkpt lat="46.526566" lon="23.274417">
        <ele>1559.091</ele>
        <time>2015-11-29T07:50:15Z</time>
      </trkpt>
      <trkpt lat="46.526475" lon="23.274374">
        <ele>1559.075</ele>
        <time>2015-11-29T07:50:46Z</time>
      </trkpt>
      <trkpt lat="46.526395" lon="23.274321">
        <ele>1559.023</ele>
        <time>2015-11-29T07:51:02Z</time>
      </trkpt>
      <trkpt lat="46.526311" lon="23.274303">
        <ele>1559.016</ele>
        <time>2015-11-29T07:51:09Z</time>
      </trkpt>
      <trkpt lat="46.526229" lon="23.274260">
        <ele>1559.021</ele>
        <time>2015-11-29T07:51:20Z</time>
      </trkpt>
      <trkpt lat="46.526148" lon="23.274209">
        <ele>1559.098</ele>
        <time>2015-11-29T07:51:27Z</time>
      </trkpt>
      <trkpt lat="46.526056" lon="23.274172">
        <ele>1559.065</ele>
        <time>2015-11-29T07:51:35Z</time>
      </trkpt>
      <trkpt lat="46.525973" lon="23.274134">
        <ele>1559.089</ele>
        <time>2015-11-29T07:51:43Z</time>
      </trkpt>
      <trkpt lat="46.525876" lon="23.274128">
        <ele>1559.506</ele>
        <time>2015-11-29T07:51:50Z</time>
      </trkpt>
      <trkpt lat="46.525786" lon="23.274145">
        <ele>1559.926</ele>
        <time>2015-11-29T07:51:56Z</time>
      </trkpt>
      <trkpt lat="46.525702" lon="23.274126">
        <ele>1560.408</ele>
        <time>2015-11-29T07:52:03Z</time>
      </trkpt>
      <trkpt lat="46.525610" lon="23.274131">
        <ele>1560.859</ele>
        <time>2015-11-29T07:52:10Z</time>
      </trkpt>
      <trkpt lat="46.525522" lon="23.274144">
        <ele>1561.345</ele>
        <time>2015-11-29T07:52:16Z</time>
      </trkpt>
      <trkpt lat="46.525432" lon="23.274142">
        <ele>1561.769</ele>
        <time>2015-11-29T07:52:23Z</time>
      </trkpt>
      <trkpt lat="46.525350" lon="23.274161">
        <ele>1562.277</ele>
        <time>2015-11-29T07:52:29Z</time>
      </trkpt>
      <trkpt lat="46.525262" lon="23.274171">
        <ele>1562.650</ele>
        <time>2015-11-29T07:52:36Z</time>
      </trkpt>
      <trkpt lat="46.525172" lon="23.274191">
        <ele>1563.135</ele>
        <time>2015-11-29T07:52:43Z</time>
      </trkpt>
      <trkpt lat="46.525091" lon="23.274153">
        <ele>1563.572</ele>
        <time>2015-11-29T07:52:50Z</time>
      </trkpt>
      <trkpt lat="46.524995" lon="23.274165">
        <ele>1564.099</ele>
        <time>2015-11-29T07:52:57Z</time>
      </trkpt>
      <trkpt lat="46.524919" lon="23.274219">
        <ele>1565.355</ele>
        <time>2015-11-29T07:53:04Z</time>
      </trkpt>
      <trkpt lat="46.524845" lon="23.274279">
        <ele>1566.507</ele>
        <time>2015-11-29T07:53:12Z</time>
      </trkpt>
      <trkpt lat="46.524773" lon="23.274357">
        <ele>1567.817</ele>
        <time>2015-11-29T07:53:22Z</time>
      </trkpt>
      <trkpt lat="46.524700" lon="23.274425">
        <ele>1569.108</ele>
        <time>2015-11-29T07:53:31Z</time>
      </trkpt>
      <trkpt lat="46.524630" lon="23.274497">
        <ele>1570.436</ele>
        <time>2015-11-29T07:53:38Z</time>
      </trkpt>
      <trkpt lat="46.524560" lon="23.274569">
        <ele>1571.142</ele>
        <time>2015-11-29T07:53:45Z</time>
      </trkpt>
      <trkpt lat="46.524482" lon="23.274635">
        <ele>1571.836</ele>
        <time>2015-11-29T07:53:53Z</time>
      </trkpt>
      <trkpt lat="46.524402" lon="23.274626">
        <ele>1572.584</ele>
        <time>2015-11-29T07:54:42Z</time>
      </trkpt>
      <trkpt lat="46.524336" lon="23.274702">
        <ele>1573.367</ele>
        <time>2015-11-29T07:55:03Z</time>
      </trkpt>
      <trkpt lat="46.524255" lon="23.274698">
        <ele>1574.062</ele>
        <time>2015-11-29T07:55:20Z</time>
      </trkpt>
      <trkpt lat="46.524175" lon="23.274745">
        <ele>1575.719</ele>
        <time>2015-11-29T07:55:38Z</time>
      </trkpt>
      <trkpt lat="46.524106" lon="23.274814">
        <ele>1576.296</ele>
        <time>2015-11-29T07:55:53Z</time>
      </trkpt>
      <trkpt lat="46.524028" lon="23.274860">
        <ele>1576.679</ele>
        <time>2015-11-29T07:56:01Z</time>
      </trkpt>
      <trkpt lat="46.523945" lon="23.274883">
        <ele>1577.105</ele>
        <time>2015-11-29T07:56:11Z</time>
      </trkpt>
      <trkpt lat="46.523861" lon="23.274902">
        <ele>1577.525</ele>
        <time>2015-11-29T07:56:22Z</time>
      </trkpt>
      <trkpt lat="46.523779" lon="23.274907">
        <ele>1578.008</ele>
        <time>2015-11-29T07:56:35Z</time>
      </trkpt>
      <trkpt lat="46.523697" lon="23.274907">
        <ele>1579.028</ele>
        <time>2015-11-29T07:56:44Z</time>
      </trkpt>
      <trkpt lat="46.523611" lon="23.274891">
        <ele>1580.094</ele>
        <time>2015-11-29T07:56:59Z</time>
      </trkpt>
      <trkpt lat="46.523535" lon="23.274938">
        <ele>1581.028</ele>
        <time>2015-11-29T07:57:08Z</time>
      </trkpt>
      <trkpt lat="46.523451" lon="23.274981">
        <ele>1582.056</ele>
        <time>2015-11-29T07:57:21Z</time>
      </trkpt>
      <trkpt lat="46.523520" lon="23.274891">
        <ele>1583.029</ele>
        <time>2015-11-29T07:58:13Z</time>
      </trkpt>
      <trkpt lat="46.523440" lon="23.274920">
        <ele>1583.014</ele>
        <time>2015-11-29T07:58:49Z</time>
      </trkpt>
      <trkpt lat="46.523358" lon="23.274865">
        <ele>1583.711</ele>
        <time>2015-11-29T07:58:57Z</time>
      </trkpt>
      <trkpt lat="46.523277" lon="23.274859">
        <ele>1584.868</ele>
        <time>2015-11-29T07:59:24Z</time>
      </trkpt>
      <trkpt lat="46.523182" lon="23.274823">
        <ele>1585.941</ele>
        <time>2015-11-29T07:59:32Z</time>
      </trkpt>
      <trkpt lat="46.523097" lon="23.274779">
        <ele>1587.081</ele>
        <time>2015-11-29T07:59:38Z</time>
      </trkpt>
      <trkpt lat="46.523008" lon="23.274749">
        <ele>1588.109</ele>
        <time>2015-11-29T07:59:46Z</time>
      </trkpt>
      <trkpt lat="46.522930" lon="23.274712">
        <ele>1589.208</ele>
        <time>2015-11-29T07:59:56Z</time>
      </trkpt>
      <trkpt lat="46.522842" lon="23.274666">
        <ele>1590.335</ele>
        <time>2015-11-29T08:00:03Z</time>
      </trkpt>
      <trkpt lat="46.522760" lon="23.274625">
        <ele>1591.411</ele>
        <time>2015-11-29T08:00:17Z</time>
      </trkpt>
      <trkpt lat="46.522671" lon="23.274600">
        <ele>1592.575</ele>
        <time>2015-11-29T08:00:29Z</time>
      </trkpt>
      <trkpt lat="46.522593" lon="23.274567">
        <ele>1593.513</ele>
        <time>2015-11-29T08:00:38Z</time>
      </trkpt>
      <trkpt lat="46.522508" lon="23.274542">
        <ele>1594.686</ele>
        <time>2015-11-29T08:00:46Z</time>
      </trkpt>
      <trkpt lat="46.522424" lon="23.274512">
        <ele>1595.491</ele>
        <time>2015-11-29T08:00:54Z</time>
      </trkpt>
      <trkpt lat="46.522351" lon="23.274450">
        <ele>1595.798</ele>
        <time>2015-11-29T08:01:02Z</time>
      </trkpt>
      <trkpt lat="46.522274" lon="23.274376">
        <ele>1596.125</ele>
        <time>2015-11-29T08:01:10Z</time>
      </trkpt>
      <trkpt lat="46.522214" lon="23.274288">
        <ele>1596.629</ele>
        <time>2015-11-29T08:01:20Z</time>
      </trkpt>
      <trkpt lat="46.522150" lon="23.274203">
        <ele>1597.200</ele>
        <time>2015-11-29T08:01:29Z</time>
      </trkpt>
      <trkpt lat="46.522105" lon="23.274104">
        <ele>1597.720</ele>
        <time>2015-11-29T08:01:55Z</time>
      </trkpt>
      <trkpt lat="46.522042" lon="23.274020">
        <ele>1598.308</ele>
        <time>2015-11-29T08:02:16Z</time>
      </trkpt>
      <trkpt lat="46.521970" lon="23.273940">
        <ele>1598.893</ele>
        <time>2015-11-29T08:02:22Z</time>
      </trkpt>
      <trkpt lat="46.521892" lon="23.273879">
        <ele>1599.419</ele>
        <time>2015-11-29T08:02:31Z</time>
      </trkpt>
      <trkpt lat="46.521815" lon="23.273819">
        <ele>1599.943</ele>
        <time>2015-11-29T08:02:39Z</time>
      </trkpt>
      <trkpt lat="46.521738" lon="23.273779">
        <ele>1600.591</ele>
        <time>2015-11-29T08:02:45Z</time>
      </trkpt>
      <trkpt lat="46.521660" lon="23.273724">
        <ele>1600.654</ele>
        <time>2015-11-29T08:02:55Z</time>
      </trkpt>
      <trkpt lat="46.521580" lon="23.273659">
        <ele>1601.279</ele>
        <time>2015-11-29T08:03:04Z</time>
      </trkpt>
      <trkpt lat="46.521497" lon="23.273599">
        <ele>1601.726</ele>
        <time>2015-11-29T08:03:13Z</time>
      </trkpt>
      <trkpt lat="46.521421" lon="23.273546">
        <ele>1602.153</ele>
        <time>2015-11-29T08:03:21Z</time>
      </trkpt>
      <trkpt lat="46.521348" lon="23.273491">
        <ele>1602.536</ele>
        <time>2015-11-29T08:03:30Z</time>
      </trkpt>
      <trkpt lat="46.521274" lon="23.273425">
        <ele>1602.817</ele>
        <time>2015-11-29T08:03:41Z</time>
      </trkpt>
      <trkpt lat="46.521198" lon="23.273368">
        <ele>1603.218</ele>
        <time>2015-11-29T08:03:59Z</time>
      </trkpt>
      <trkpt lat="46.521118" lon="23.273327">
        <ele>1603.508</ele>
        <time>2015-11-29T08:04:09Z</time>
      </trkpt>
      <trkpt lat="46.521040" lon="23.273295">
        <ele>1603.994</ele>
        <time>2015-11-29T08:04:17Z</time>
      </trkpt>
      <trkpt lat="46.520959" lon="23.273259">
        <ele>1604.370</ele>
        <time>2015-11-29T08:04:30Z</time>
      </trkpt>
      <trkpt lat="46.520884" lon="23.273214">
        <ele>1604.684</ele>
        <time>2015-11-29T08:04:39Z</time>
      </trkpt>
      <trkpt lat="46.520801" lon="23.273179">
        <ele>1605.792</ele>
        <time>2015-11-29T08:04:49Z</time>
      </trkpt>
      <trkpt lat="46.520721" lon="23.273128">
        <ele>1606.395</ele>
        <time>2015-11-29T08:04:57Z</time>
      </trkpt>
      <trkpt lat="46.520631" lon="23.273114">
        <ele>1606.850</ele>
        <time>2015-11-29T08:05:05Z</time>
      </trkpt>
      <trkpt lat="46.520543" lon="23.273074">
        <ele>1607.497</ele>
        <time>2015-11-29T08:05:17Z</time>
      </trkpt>
      <trkpt lat="46.520458" lon="23.273032">
        <ele>1607.984</ele>
        <time>2015-11-29T08:05:27Z</time>
      </trkpt>
      <trkpt lat="46.520394" lon="23.272948">
        <ele>1608.576</ele>
        <time>2015-11-29T08:05:37Z</time>
      </trkpt>
      <trkpt lat="46.520306" lon="23.272923">
        <ele>1609.090</ele>
        <time>2015-11-29T08:05:46Z</time>
      </trkpt>
      <trkpt lat="46.520222" lon="23.272897">
        <ele>1609.519</ele>
        <time>2015-11-29T08:06:01Z</time>
      </trkpt>
      <trkpt lat="46.520142" lon="23.272875">
        <ele>1610.108</ele>
        <time>2015-11-29T08:06:11Z</time>
      </trkpt>
      <trkpt lat="46.520056" lon="23.272842">
        <ele>1610.688</ele>
        <time>2015-11-29T08:06:33Z</time>
      </trkpt>
      <trkpt lat="46.519974" lon="23.272809">
        <ele>1612.154</ele>
        <time>2015-11-29T08:06:41Z</time>
      </trkpt>
      <trkpt lat="46.519897" lon="23.272773">
        <ele>1612.898</ele>
        <time>2015-11-29T08:06:53Z</time>
      </trkpt>
      <trkpt lat="46.519807" lon="23.272730">
        <ele>1613.726</ele>
        <time>2015-11-29T08:07:02Z</time>
      </trkpt>
      <trkpt lat="46.519723" lon="23.272699">
        <ele>1614.679</ele>
        <time>2015-11-29T08:07:11Z</time>
      </trkpt>
      <trkpt lat="46.519639" lon="23.272667">
        <ele>1615.554</ele>
        <time>2015-11-29T08:07:24Z</time>
      </trkpt>
      <trkpt lat="46.519558" lon="23.272646">
        <ele>1616.541</ele>
        <time>2015-11-29T08:07:34Z</time>
      </trkpt>
      <trkpt lat="46.519480" lon="23.272615">
        <ele>1617.498</ele>
        <time>2015-11-29T08:07:47Z</time>
      </trkpt>
      <trkpt lat="46.519400" lon="23.272587">
        <ele>1618.376</ele>
        <time>2015-11-29T08:07:55Z</time>
      </trkpt>
      <trkpt lat="46.519325" lon="23.272533">
        <ele>1619.290</ele>
        <time>2015-11-29T08:08:04Z</time>
      </trkpt>
      <trkpt lat="46.519256" lon="23.272468">
        <ele>1620.119</ele>
        <time>2015-11-29T08:08:15Z</time>
      </trkpt>
      <trkpt lat="46.519184" lon="23.272407">
        <ele>1622.008</ele>
        <time>2015-11-29T08:08:25Z</time>
      </trkpt>
      <trkpt lat="46.519110" lon="23.272339">
        <ele>1623.088</ele>
        <time>2015-11-29T08:08:34Z</time>
      </trkpt>
      <trkpt lat="46.519032" lon="23.272298">
        <ele>1624.084</ele>
        <time>2015-11-29T08:08:44Z</time>
      </trkpt>
      <trkpt lat="46.518949" lon="23.272263">
        <ele>1625.078</ele>
        <time>2015-11-29T08:08:52Z</time>
      </trkpt>
      <trkpt lat="46.518865" lon="23.272228">
        <ele>1626.036</ele>
        <time>2015-11-29T08:09:02Z</time>
      </trkpt>
      <trkpt lat="46.518781" lon="23.272185">
        <ele>1627.019</ele>
        <time>2015-11-29T08:09:16Z</time>
      </trkpt>
      <trkpt lat="46.518698" lon="23.272155">
        <ele>1628.054</ele>
        <time>2015-11-29T08:09:27Z</time>
      </trkpt>
      <trkpt lat="46.518613" lon="23.272147">
        <ele>1629.061</ele>
        <time>2015-11-29T08:09:35Z</time>
      </trkpt>
      <trkpt lat="46.518532" lon="23.272156">
        <ele>1630.088</ele>
        <time>2015-11-29T08:09:48Z</time>
      </trkpt>
      <trkpt lat="46.518445" lon="23.272157">
        <ele>1631.095</ele>
        <time>2015-11-29T08:09:56Z</time>
      </trkpt>
      <trkpt lat="46.518362" lon="23.272177">
        <ele>1631.949</ele>
        <time>2015-11-29T08:10:05Z</time>
      </trkpt>
      <trkpt lat="46.518283" lon="23.272218">
        <ele>1631.823</ele>
        <time>2015-11-29T08:10:13Z</time>
      </trkpt>
      <trkpt lat="46.518201" lon="23.272241">
        <ele>1631.708</ele>
        <time>2015-11-29T08:10:21Z</time>
      </trkpt>
      <trkpt lat="46.518127" lon="23.272293">
        <ele>1631.660</ele>
        <time>2015-11-29T08:10:27Z</time>
      </trkpt>
      <trkpt lat="46.518039" lon="23.272305">
        <ele>1631.546</ele>
        <time>2015-11-29T08:10:37Z</time>
      </trkpt>
      <trkpt lat="46.517951" lon="23.272332">
        <ele>1631.530</ele>
        <time>2015-11-29T08:10:47Z</time>
      </trkpt>
      <trkpt lat="46.517873" lon="23.272408">
        <ele>1631.468</ele>
        <time>2015-11-29T08:10:56Z</time>
      </trkpt>
      <trkpt lat="46.517800" lon="23.272470">
        <ele>1631.311</ele>
        <time>2015-11-29T08:11:05Z</time>
      </trkpt>
      <trkpt lat="46.517730" lon="23.272530">
        <ele>1631.256</ele>
        <time>2015-11-29T08:11:14Z</time>
      </trkpt>
      <trkpt lat="46.517663" lon="23.272602">
        <ele>1631.193</ele>
        <time>2015-11-29T08:11:22Z</time>
      </trkpt>
      <trkpt lat="46.517580" lon="23.272647">
        <ele>1631.580</ele>
        <time>2015-11-29T08:11:39Z</time>
      </trkpt>
      <trkpt lat="46.517505" lon="23.272721">
        <ele>1632.071</ele>
        <time>2015-11-29T08:11:57Z</time>
      </trkpt>
      <trkpt lat="46.517431" lon="23.272778">
        <ele>1632.541</ele>
        <time>2015-11-29T08:12:15Z</time>
      </trkpt>
      <trkpt lat="46.517346" lon="23.272836">
        <ele>1632.915</ele>
        <time>2015-11-29T08:12:26Z</time>
      </trkpt>
      <trkpt lat="46.517254" lon="23.272883">
        <ele>1633.408</ele>
        <time>2015-11-29T08:12:37Z</time>
      </trkpt>
      <trkpt lat="46.517179" lon="23.272938">
        <ele>1633.888</ele>
        <time>2015-11-29T08:12:52Z</time>
      </trkpt>
      <trkpt lat="46.517091" lon="23.272978">
        <ele>1634.344</ele>
        <time>2015-11-29T08:13:00Z</time>
      </trkpt>
      <trkpt lat="46.517029" lon="23.273056">
        <ele>1634.768</ele>
        <time>2015-11-29T08:13:11Z</time>
      </trkpt>
      <trkpt lat="46.516951" lon="23.273092">
        <ele>1635.276</ele>
        <time>2015-11-29T08:13:19Z</time>
      </trkpt>
      <trkpt lat="46.516870" lon="23.273111">
        <ele>1635.649</ele>
        <time>2015-11-29T08:13:26Z</time>
      </trkpt>
      <trkpt lat="46.516791" lon="23.273083">
        <ele>1636.154</ele>
        <time>2015-11-29T08:13:33Z</time>
      </trkpt>
      <trkpt lat="46.516737" lon="23.273173">
        <ele>1636.091</ele>
        <time>2015-11-29T08:14:59Z</time>
      </trkpt>
      <trkpt lat="46.516649" lon="23.273156">
        <ele>1635.958</ele>
        <time>2015-11-29T08:15:08Z</time>
      </trkpt>
      <trkpt lat="46.516562" lon="23.273120">
        <ele>1635.836</ele>
        <time>2015-11-29T08:15:18Z</time>
      </trkpt>
      <trkpt lat="46.516480" lon="23.273088">
        <ele>1635.717</ele>
        <time>2015-11-29T08:15:25Z</time>
      </trkpt>
      <trkpt lat="46.516398" lon="23.273065">
        <ele>1635.618</ele>
        <time>2015-11-29T08:15:32Z</time>
      </trkpt>
      <trkpt lat="46.516307" lon="23.273035">
        <ele>1634.608</ele>
        <time>2015-11-29T08:15:40Z</time>
      </trkpt>
      <trkpt lat="46.516219" lon="23.273015">
        <ele>1633.684</ele>
        <time>2015-11-29T08:15:47Z</time>
      </trkpt>
      <trkpt lat="46.516132" lon="23.272994">
        <ele>1632.660</ele>
        <time>2015-11-29T08:15:55Z</time>
      </trkpt>
      <trkpt lat="46.516041" lon="23.272968">
        <ele>1631.654</ele>
        <time>2015-11-29T08:16:03Z</time>
      </trkpt>
      <trkpt lat="46.515961" lon="23.272943">
        <ele>1630.632</ele>
        <time>2015-11-29T08:16:11Z</time>
      </trkpt>
      <trkpt lat="46.515880" lon="23.272910">
        <ele>1629.665</ele>
        <time>2015-11-29T08:16:18Z</time>
      </trkpt>
      <trkpt lat="46.515792" lon="23.272888">
        <ele>1628.480</ele>
        <time>2015-11-29T08:16:26Z</time>
      </trkpt>
      <trkpt lat="46.515709" lon="23.272851">
        <ele>1627.227</ele>
        <time>2015-11-29T08:16:34Z</time>
      </trkpt>
      <trkpt lat="46.515629" lon="23.272835">
        <ele>1626.084</ele>
        <time>2015-11-29T08:16:42Z</time>
      </trkpt>
      <trkpt lat="46.515548" lon="23.272802">
        <ele>1624.817</ele>
        <time>2015-11-29T08:16:49Z</time>
      </trkpt>
      <trkpt lat="46.515461" lon="23.272782">
        <ele>1623.687</ele>
        <time>2015-11-29T08:16:57Z</time>
      </trkpt>
      <trkpt lat="46.515378" lon="23.272763">
        <ele>1623.415</ele>
        <time>2015-11-29T08:17:05Z</time>
      </trkpt>
      <trkpt lat="46.515288" lon="23.272727">
        <ele>1623.108</ele>
        <time>2015-11-29T08:17:15Z</time>
      </trkpt>
      <trkpt lat="46.515193" lon="23.272725">
        <ele>1622.862</ele>
        <time>2015-11-29T08:17:23Z</time>
      </trkpt>
      <trkpt lat="46.515102" lon="23.272725">
        <ele>1622.568</ele>
        <time>2015-11-29T08:17:30Z</time>
      </trkpt>
      <trkpt lat="46.515010" lon="23.272733">
        <ele>1622.512</ele>
        <time>2015-11-29T08:17:37Z</time>
      </trkpt>
      <trkpt lat="46.514926" lon="23.272719">
        <ele>1622.450</ele>
        <time>2015-11-29T08:17:44Z</time>
      </trkpt>
      <trkpt lat="46.514840" lon="23.272699">
        <ele>1622.553</ele>
        <time>2015-11-29T08:17:52Z</time>
      </trkpt>
      <trkpt lat="46.514759" lon="23.272668">
        <ele>1622.778</ele>
        <time>2015-11-29T08:17:59Z</time>
      </trkpt>
      <trkpt lat="46.514680" lon="23.272617">
        <ele>1622.985</ele>
        <time>2015-11-29T08:18:06Z</time>
      </trkpt>
      <trkpt lat="46.514613" lon="23.272547">
        <ele>1623.122</ele>
        <time>2015-11-29T08:18:14Z</time>
      </trkpt>
      <trkpt lat="46.514533" lon="23.272507">
        <ele>1623.366</ele>
        <time>2015-11-29T08:18:21Z</time>
      </trkpt>
      <trkpt lat="46.514451" lon="23.272464">
        <ele>1623.529</ele>
        <time>2015-11-29T08:18:28Z</time>
      </trkpt>
      <trkpt lat="46.514373" lon="23.272416">
        <ele>1623.621</ele>
        <time>2015-11-29T08:18:36Z</time>
      </trkpt>
      <trkpt lat="46.514300" lon="23.272357">
        <ele>1623.808</ele>
        <time>2015-11-29T08:18:45Z</time>
      </trkpt>
      <trkpt lat="46.514216" lon="23.272325">
        <ele>1624.047</ele>
        <time>2015-11-29T08:18:53Z</time>
      </trkpt>
      <trkpt lat="46.514135" lon="23.272307">
        <ele>1624.383</ele>
        <time>2015-11-29T08:19:01Z</time>
      </trkpt>
      <trkpt lat="46.514058" lon="23.272242">
        <ele>1624.537</ele>
        <time>2015-11-29T08:19:16Z</time>
      </trkpt>
      <trkpt lat="46.513968" lon="23.272225">
        <ele>1624.845</ele>
        <time>2015-11-29T08:19:22Z</time>
      </trkpt>
      <trkpt lat="46.513881" lon="23.272198">
        <ele>1625.118</ele>
        <time>2015-11-29T08:19:30Z</time>
      </trkpt>
      <trkpt lat="46.513798" lon="23.272183">
        <ele>1625.423</ele>
        <time>2015-11-29T08:19:40Z</time>
      </trkpt>
      <trkpt lat="46.513709" lon="23.272172">
        <ele>1625.640</ele>
        <time>2015-11-29T08:19:49Z</time>
      </trkpt>
      <trkpt lat="46.513620" lon="23.272150">
        <ele>1625.937</ele>
        <time>2015-11-29T08:19:58Z</time>
      </trkpt>
      <trkpt lat="46.513535" lon="23.272153">
        <ele>1625.253</ele>
        <time>2015-11-29T08:20:06Z</time>
      </trkpt>
      <trkpt lat="46.513448" lon="23.272132">
        <ele>1624.504</ele>
        <time>2015-11-29T08:20:13Z</time>
      </trkpt>
      <trkpt lat="46.513360" lon="23.272139">
        <ele>1623.814</ele>
        <time>2015-11-29T08:20:21Z</time>
      </trkpt>
      <trkpt lat="46.513276" lon="23.272124">
        <ele>1623.208</ele>
        <time>2015-11-29T08:20:29Z</time>
      </trkpt>
      <trkpt lat="46.513193" lon="23.272116">
        <ele>1622.326</ele>
        <time>2015-11-29T08:20:38Z</time>
      </trkpt>
      <trkpt lat="46.513112" lon="23.272087">
        <ele>1621.492</ele>
        <time>2015-11-29T08:20:45Z</time>
      </trkpt>
      <trkpt lat="46.513027" lon="23.272063">
        <ele>1620.556</ele>
        <time>2015-11-29T08:20:53Z</time>
      </trkpt>
      <trkpt lat="46.512950" lon="23.272024">
        <ele>1619.584</ele>
        <time>2015-11-29T08:21:01Z</time>
      </trkpt>
      <trkpt lat="46.512861" lon="23.272001">
        <ele>1618.627</ele>
        <time>2015-11-29T08:21:10Z</time>
      </trkpt>
      <trkpt lat="46.512778" lon="23.271981">
        <ele>1617.732</ele>
        <time>2015-11-29T08:21:23Z</time>
      </trkpt>
      <trkpt lat="46.512697" lon="23.271957">
        <ele>1616.899</ele>
        <time>2015-11-29T08:21:35Z</time>
      </trkpt>
      <trkpt lat="46.512611" lon="23.271930">
        <ele>1616.986</ele>
        <time>2015-11-29T08:22:03Z</time>
      </trkpt>
      <trkpt lat="46.512527" lon="23.271870">
        <ele>1617.724</ele>
        <time>2015-11-29T08:22:11Z</time>
      </trkpt>
      <trkpt lat="46.512452" lon="23.271813">
        <ele>1618.504</ele>
        <time>2015-11-29T08:22:19Z</time>
      </trkpt>
      <trkpt lat="46.512375" lon="23.271750">
        <ele>1619.214</ele>
        <time>2015-11-29T08:22:26Z</time>
      </trkpt>
      <trkpt lat="46.512291" lon="23.271694">
        <ele>1619.908</ele>
        <time>2015-11-29T08:22:34Z</time>
      </trkpt>
      <trkpt lat="46.512214" lon="23.271650">
        <ele>1620.623</ele>
        <time>2015-11-29T08:22:41Z</time>
      </trkpt>
      <trkpt lat="46.512133" lon="23.271603">
        <ele>1621.449</ele>
        <time>2015-11-29T08:22:49Z</time>
      </trkpt>
      <trkpt lat="46.512054" lon="23.271539">
        <ele>1622.143</ele>
        <time>2015-11-29T08:22:56Z</time>
      </trkpt>
      <trkpt lat="46.511982" lon="23.271478">
        <ele>1622.811</ele>
        <time>2015-11-29T08:23:03Z</time>
      </trkpt>
      <trkpt lat="46.511897" lon="23.271436">
        <ele>1623.514</ele>
        <time>2015-11-29T08:23:12Z</time>
      </trkpt>
      <trkpt lat="46.511821" lon="23.271386">
        <ele>1624.399</ele>
        <time>2015-11-29T08:23:19Z</time>
      </trkpt>
      <trkpt lat="46.511730" lon="23.271400">
        <ele>1623.946</ele>
        <time>2015-11-29T08:23:58Z</time>
      </trkpt>
      <trkpt lat="46.511643" lon="23.271376">
        <ele>1623.963</ele>
        <time>2015-11-29T08:24:45Z</time>
      </trkpt>
      <trkpt lat="46.511565" lon="23.271326">
        <ele>1623.994</ele>
        <time>2015-11-29T08:25:01Z</time>
      </trkpt>
      <trkpt lat="46.511479" lon="23.271318">
        <ele>1623.957</ele>
        <time>2015-11-29T08:25:16Z</time>
      </trkpt>
      <trkpt lat="46.511398" lon="23.271308">
        <ele>1623.922</ele>
        <time>2015-11-29T08:25:23Z</time>
      </trkpt>
      <trkpt lat="46.511312" lon="23.271276">
        <ele>1623.908</ele>
        <time>2015-11-29T08:25:37Z</time>
      </trkpt>
      <trkpt lat="46.511227" lon="23.271270">
        <ele>1623.920</ele>
        <time>2015-11-29T08:25:52Z</time>
      </trkpt>
      <trkpt lat="46.511140" lon="23.271246">
        <ele>1623.956</ele>
        <time>2015-11-29T08:26:00Z</time>
      </trkpt>
      <trkpt lat="46.511052" lon="23.271209">
        <ele>1623.930</ele>
        <time>2015-11-29T08:26:08Z</time>
      </trkpt>
      <trkpt lat="46.510972" lon="23.271168">
        <ele>1623.968</ele>
        <time>2015-11-29T08:26:15Z</time>
      </trkpt>
      <trkpt lat="46.510904" lon="23.271098">
        <ele>1623.921</ele>
        <time>2015-11-29T08:26:24Z</time>
      </trkpt>
      <trkpt lat="46.510826" lon="23.271040">
        <ele>1625.066</ele>
        <time>2015-11-29T08:26:32Z</time>
      </trkpt>
      <trkpt lat="46.510764" lon="23.270957">
        <ele>1625.023</ele>
        <time>2015-11-29T08:26:46Z</time>
      </trkpt>
      <trkpt lat="46.510692" lon="23.270890">
        <ele>1625.110</ele>
        <time>2015-11-29T08:26:53Z</time>
      </trkpt>
      <trkpt lat="46.510634" lon="23.270796">
        <ele>1625.293</ele>
        <time>2015-11-29T08:27:00Z</time>
      </trkpt>
      <trkpt lat="46.510573" lon="23.270702">
        <ele>1625.365</ele>
        <time>2015-11-29T08:27:09Z</time>
      </trkpt>
      <trkpt lat="46.510525" lon="23.270598">
        <ele>1625.421</ele>
        <time>2015-11-29T08:27:22Z</time>
      </trkpt>
      <trkpt lat="46.510470" lon="23.270509">
        <ele>1625.508</ele>
        <time>2015-11-29T08:27:35Z</time>
      </trkpt>
      <trkpt lat="46.510429" lon="23.270393">
        <ele>1625.540</ele>
        <time>2015-11-29T08:27:43Z</time>
      </trkpt>
      <trkpt lat="46.510396" lon="23.270278">
        <ele>1625.696</ele>
        <time>2015-11-29T08:27:50Z</time>
      </trkpt>
      <trkpt lat="46.510369" lon="23.270153">
        <ele>1625.760</ele>
        <time>2015-11-29T08:27:58Z</time>
      </trkpt>
      <trkpt lat="46.510347" lon="23.270039">
        <ele>1624.948</ele>
        <time>2015-11-29T08:28:06Z</time>
      </trkpt>
      <trkpt lat="46.510319" lon="23.269927">
        <ele>1624.111</ele>
        <time>2015-11-29T08:28:13Z</time>
      </trkpt>
      <trkpt lat="46.510270" lon="23.269820">
        <ele>1623.386</ele>
        <time>2015-11-29T08:28:20Z</time>
      </trkpt>
      <trkpt lat="46.510196" lon="23.269744">
        <ele>1622.453</ele>
        <time>2015-11-29T08:28:27Z</time>
      </trkpt>
      <trkpt lat="46.510140" lon="23.269639">
        <ele>1621.550</ele>
        <time>2015-11-29T08:28:35Z</time>
      </trkpt>
      <trkpt lat="46.510072" lon="23.269553">
        <ele>1620.544</ele>
        <time>2015-11-29T08:28:44Z</time>
      </trkpt>
      <trkpt lat="46.509996" lon="23.269478">
        <ele>1620.305</ele>
        <time>2015-11-29T08:28:52Z</time>
      </trkpt>
      <trkpt lat="46.509920" lon="23.269430">
        <ele>1620.015</ele>
        <time>2015-11-29T08:28:59Z</time>
      </trkpt>
      <trkpt lat="46.509841" lon="23.269400">
        <ele>1619.708</ele>
        <time>2015-11-29T08:31:16Z</time>
      </trkpt>
      <trkpt lat="46.509765" lon="23.269341">
        <ele>1619.555</ele>
        <time>2015-11-29T08:33:19Z</time>
      </trkpt>
      <trkpt lat="46.509684" lon="23.269300">
        <ele>1619.261</ele>
        <time>2015-11-29T08:33:26Z</time>
      </trkpt>
      <trkpt lat="46.509603" lon="23.269250">
        <ele>1619.855</ele>
        <time>2015-11-29T08:33:35Z</time>
      </trkpt>
      <trkpt lat="46.509520" lon="23.269187">
        <ele>1620.513</ele>
        <time>2015-11-29T08:33:43Z</time>
      </trkpt>
      <trkpt lat="46.509441" lon="23.269150">
        <ele>1621.196</ele>
        <time>2015-11-29T08:33:50Z</time>
      </trkpt>
      <trkpt lat="46.509362" lon="23.269087">
        <ele>1621.721</ele>
        <time>2015-11-29T08:33:58Z</time>
      </trkpt>
      <trkpt lat="46.509278" lon="23.269082">
        <ele>1621.478</ele>
        <time>2015-11-29T08:34:08Z</time>
      </trkpt>
      <trkpt lat="46.509198" lon="23.269045">
        <ele>1621.065</ele>
        <time>2015-11-29T08:34:14Z</time>
      </trkpt>
      <trkpt lat="46.509121" lon="23.268974">
        <ele>1620.673</ele>
        <time>2015-11-29T08:34:22Z</time>
      </trkpt>
      <trkpt lat="46.509042" lon="23.268918">
        <ele>1620.385</ele>
        <time>2015-11-29T08:34:30Z</time>
      </trkpt>
      <trkpt lat="46.508967" lon="23.268847">
        <ele>1619.913</ele>
        <time>2015-11-29T08:34:39Z</time>
      </trkpt>
      <trkpt lat="46.508892" lon="23.268795">
        <ele>1619.508</ele>
        <time>2015-11-29T08:34:56Z</time>
      </trkpt>
      <trkpt lat="46.508813" lon="23.268731">
        <ele>1619.258</ele>
        <time>2015-11-29T08:35:05Z</time>
      </trkpt>
      <trkpt lat="46.508739" lon="23.268656">
        <ele>1618.894</ele>
        <time>2015-11-29T08:35:13Z</time>
      </trkpt>
      <trkpt lat="46.508669" lon="23.268576">
        <ele>1618.548</ele>
        <time>2015-11-29T08:35:22Z</time>
      </trkpt>
      <trkpt lat="46.508583" lon="23.268516">
        <ele>1618.116</ele>
        <time>2015-11-29T08:35:30Z</time>
      </trkpt>
      <trkpt lat="46.508505" lon="23.268442">
        <ele>1617.779</ele>
        <time>2015-11-29T08:35:40Z</time>
      </trkpt>
      <trkpt lat="46.508436" lon="23.268370">
        <ele>1617.574</ele>
        <time>2015-11-29T08:35:48Z</time>
      </trkpt>
      <trkpt lat="46.508373" lon="23.268293">
        <ele>1617.281</ele>
        <time>2015-11-29T08:35:55Z</time>
      </trkpt>
      <trkpt lat="46.508313" lon="23.268198">
        <ele>1617.368</ele>
        <time>2015-11-29T08:36:03Z</time>
      </trkpt>
      <trkpt lat="46.508237" lon="23.268150">
        <ele>1617.448</ele>
        <time>2015-11-29T08:36:12Z</time>
      </trkpt>
      <trkpt lat="46.508181" lon="23.268051">
        <ele>1617.561</ele>
        <time>2015-11-29T08:36:21Z</time>
      </trkpt>
      <trkpt lat="46.508117" lon="23.267973">
        <ele>1617.517</ele>
        <time>2015-11-29T08:36:28Z</time>
      </trkpt>
      <trkpt lat="46.508036" lon="23.267916">
        <ele>1617.608</ele>
        <time>2015-11-29T08:36:37Z</time>
      </trkpt>
      <trkpt lat="46.507966" lon="23.267853">
        <ele>1617.725</ele>
        <time>2015-11-29T08:36:49Z</time>
      </trkpt>
      <trkpt lat="46.507893" lon="23.267786">
        <ele>1617.831</ele>
        <time>2015-11-29T08:36:56Z</time>
      </trkpt>
      <trkpt lat="46.507831" lon="23.267702">
        <ele>1617.965</ele>
        <time>2015-11-29T08:37:05Z</time>
      </trkpt>
      <trkpt lat="46.507739" lon="23.267707">
        <ele>1618.043</ele>
        <time>2015-11-29T08:37:13Z</time>
      </trkpt>
      <trkpt lat="46.507654" lon="23.267671">
        <ele>1619.066</ele>
        <time>2015-11-29T08:37:18Z</time>
      </trkpt>
      <trkpt lat="46.507569" lon="23.267656">
        <ele>1620.881</ele>
        <time>2015-11-29T08:37:39Z</time>
      </trkpt>
      <trkpt lat="46.507486" lon="23.267609">
        <ele>1621.668</ele>
        <time>2015-11-29T08:37:53Z</time>
      </trkpt>
      <trkpt lat="46.507402" lon="23.267566">
        <ele>1622.545</ele>
        <time>2015-11-29T08:37:58Z</time>
      </trkpt>
      <trkpt lat="46.507321" lon="23.267579">
        <ele>1623.387</ele>
        <time>2015-11-29T08:38:18Z</time>
      </trkpt>
      <trkpt lat="46.507234" lon="23.267561">
        <ele>1624.142</ele>
        <time>2015-11-29T08:38:26Z</time>
      </trkpt>
      <trkpt lat="46.507144" lon="23.267543">
        <ele>1624.926</ele>
        <time>2015-11-29T08:38:36Z</time>
      </trkpt>
      <trkpt lat="46.507059" lon="23.267543">
        <ele>1625.708</ele>
        <time>2015-11-29T08:38:45Z</time>
      </trkpt>
      <trkpt lat="46.506973" lon="23.267520">
        <ele>1626.539</ele>
        <time>2015-11-29T08:38:54Z</time>
      </trkpt>
      <trkpt lat="46.506892" lon="23.267482">
        <ele>1627.485</ele>
        <time>2015-11-29T08:39:01Z</time>
      </trkpt>
      <trkpt lat="46.506815" lon="23.267437">
        <ele>1627.069</ele>
        <time>2015-11-29T08:39:13Z</time>
      </trkpt>
      <trkpt lat="46.506741" lon="23.267374">
        <ele>1626.677</ele>
        <time>2015-11-29T08:39:23Z</time>
      </trkpt>
      <trkpt lat="46.506663" lon="23.267318">
        <ele>1625.540</ele>
        <time>2015-11-29T08:39:30Z</time>
      </trkpt>
      <trkpt lat="46.506584" lon="23.267270">
        <ele>1624.835</ele>
        <time>2015-11-29T08:39:40Z</time>
      </trkpt>
      <trkpt lat="46.506510" lon="23.267212">
        <ele>1624.212</ele>
        <time>2015-11-29T08:39:48Z</time>
      </trkpt>
      <trkpt lat="46.506445" lon="23.267131">
        <ele>1623.539</ele>
        <time>2015-11-29T08:39:55Z</time>
      </trkpt>
      <trkpt lat="46.506377" lon="23.267041">
        <ele>1622.988</ele>
        <time>2015-11-29T08:40:04Z</time>
      </trkpt>
      <trkpt lat="46.506298" lon="23.266990">
        <ele>1622.324</ele>
        <time>2015-11-29T08:40:11Z</time>
      </trkpt>
      <trkpt lat="46.506227" lon="23.266910">
        <ele>1621.626</ele>
        <time>2015-11-29T08:40:37Z</time>
      </trkpt>
      <trkpt lat="46.506143" lon="23.266867">
        <ele>1621.008</ele>
        <time>2015-11-29T08:40:48Z</time>
      </trkpt>
      <trkpt lat="46.506062" lon="23.266811">
        <ele>1620.449</ele>
        <time>2015-11-29T08:40:56Z</time>
      </trkpt>
      <trkpt lat="46.505982" lon="23.266755">
        <ele>1620.965</ele>
        <time>2015-11-29T08:41:09Z</time>
      </trkpt>
      <trkpt lat="46.505896" lon="23.266735">
        <ele>1621.569</ele>
        <time>2015-11-29T08:41:25Z</time>
      </trkpt>
      <trkpt lat="46.505832" lon="23.266662">
        <ele>1622.727</ele>
        <time>2015-11-29T08:42:24Z</time>
      </trkpt>
      <trkpt lat="46.505750" lon="23.266642">
        <ele>1623.540</ele>
        <time>2015-11-29T08:42:31Z</time>
      </trkpt>
      <trkpt lat="46.505666" lon="23.266612">
        <ele>1624.275</ele>
        <time>2015-11-29T08:42:38Z</time>
      </trkpt>
      <trkpt lat="46.505583" lon="23.266579">
        <ele>1624.092</ele>
        <time>2015-11-29T08:43:22Z</time>
      </trkpt>
      <trkpt lat="46.505502" lon="23.266542">
        <ele>1623.899</ele>
        <time>2015-11-29T08:43:30Z</time>
      </trkpt>
      <trkpt lat="46.505425" lon="23.266484">
        <ele>1623.623</ele>
        <time>2015-11-29T08:43:37Z</time>
      </trkpt>
      <trkpt lat="46.505353" lon="23.266407">
        <ele>1623.583</ele>
        <time>2015-11-29T08:43:45Z</time>
      </trkpt>
      <trkpt lat="46.505270" lon="23.266368">
        <ele>1623.311</ele>
        <time>2015-11-29T08:43:54Z</time>
      </trkpt>
      <trkpt lat="46.505192" lon="23.266303">
        <ele>1623.108</ele>
        <time>2015-11-29T08:44:03Z</time>
      </trkpt>
      <trkpt lat="46.505116" lon="23.266238">
        <ele>1622.953</ele>
        <time>2015-11-29T08:44:13Z</time>
      </trkpt>
      <trkpt lat="46.505051" lon="23.266164">
        <ele>1622.749</ele>
        <time>2015-11-29T08:44:20Z</time>
      </trkpt>
      <trkpt lat="46.504986" lon="23.266081">
        <ele>1621.883</ele>
        <time>2015-11-29T08:44:27Z</time>
      </trkpt>
      <trkpt lat="46.504918" lon="23.266015">
        <ele>1621.131</ele>
        <time>2015-11-29T08:44:33Z</time>
      </trkpt>
      <trkpt lat="46.504835" lon="23.265939">
        <ele>1619.694</ele>
        <time>2015-11-29T08:44:43Z</time>
      </trkpt>
      <trkpt lat="46.504777" lon="23.265840">
        <ele>1619.119</ele>
        <time>2015-11-29T08:44:51Z</time>
      </trkpt>
      <trkpt lat="46.504716" lon="23.265741">
        <ele>1618.556</ele>
        <time>2015-11-29T08:45:02Z</time>
      </trkpt>
      <trkpt lat="46.504649" lon="23.265665">
        <ele>1618.013</ele>
        <time>2015-11-29T08:45:09Z</time>
      </trkpt>
      <trkpt lat="46.504593" lon="23.265562">
        <ele>1617.562</ele>
        <time>2015-11-29T08:45:17Z</time>
      </trkpt>
      <trkpt lat="46.504551" lon="23.265452">
        <ele>1616.983</ele>
        <time>2015-11-29T08:45:24Z</time>
      </trkpt>
      <trkpt lat="46.504522" lon="23.265340">
        <ele>1616.411</ele>
        <time>2015-11-29T08:45:31Z</time>
      </trkpt>
      <trkpt lat="46.504525" lon="23.265214">
        <ele>1615.208</ele>
        <time>2015-11-29T08:45:37Z</time>
      </trkpt>
      <trkpt lat="46.504559" lon="23.265094">
        <ele>1614.057</ele>
        <time>2015-11-29T08:45:51Z</time>
      </trkpt>
      <trkpt lat="46.504586" lon="23.264966">
        <ele>1612.813</ele>
        <time>2015-11-29T08:45:58Z</time>
      </trkpt>
      <trkpt lat="46.504612" lon="23.264854">
        <ele>1611.577</ele>
        <time>2015-11-29T08:46:05Z</time>
      </trkpt>
      <trkpt lat="46.504686" lon="23.264795">
        <ele>1610.815</ele>
        <time>2015-11-29T08:46:23Z</time>
      </trkpt>
      <trkpt lat="46.504749" lon="23.264695">
        <ele>1610.278</ele>
        <time>2015-11-29T08:46:57Z</time>
      </trkpt>
      <trkpt lat="46.504814" lon="23.264620">
        <ele>1609.523</ele>
        <time>2015-11-29T08:47:05Z</time>
      </trkpt>
      <trkpt lat="46.504893" lon="23.264562">
        <ele>1608.940</ele>
        <time>2015-11-29T08:47:23Z</time>
      </trkpt>
      <trkpt lat="46.504965" lon="23.264481">
        <ele>1608.367</ele>
        <time>2015-11-29T08:47:31Z</time>
      </trkpt>
      <trkpt lat="46.504992" lon="23.264355">
        <ele>1607.696</ele>
        <time>2015-11-29T08:47:35Z</time>
      </trkpt>
      <trkpt lat="46.505062" lon="23.264282">
        <ele>1606.431</ele>
        <time>2015-11-29T08:47:52Z</time>
      </trkpt>
      <trkpt lat="46.505129" lon="23.264192">
        <ele>1605.724</ele>
        <time>2015-11-29T08:48:06Z</time>
      </trkpt>
      <trkpt lat="46.505189" lon="23.264102">
        <ele>1604.908</ele>
        <time>2015-11-29T08:48:13Z</time>
      </trkpt>
      <trkpt lat="46.505246" lon="23.264010">
        <ele>1604.180</ele>
        <time>2015-11-29T08:48:21Z</time>
      </trkpt>
      <trkpt lat="46.505312" lon="23.263941">
        <ele>1603.316</ele>
        <time>2015-11-29T08:48:32Z</time>
      </trkpt>
      <trkpt lat="46.505372" lon="23.263855">
        <ele>1602.590</ele>
        <time>2015-11-29T08:48:41Z</time>
      </trkpt>
      <trkpt lat="46.505435" lon="23.263767">
        <ele>1601.628</ele>
        <time>2015-11-29T08:48:56Z</time>
      </trkpt>
      <trkpt lat="46.505502" lon="23.263686">
        <ele>1600.841</ele>
        <time>2015-11-29T08:49:04Z</time>
      </trkpt>
      <trkpt lat="46.505578" lon="23.263606">
        <ele>1600.096</ele>
        <time>2015-11-29T08:49:12Z</time>
      </trkpt>
      <trkpt lat="46.505660" lon="23.263571">
        <ele>1599.243</ele>
        <time>2015-11-29T08:49:20Z</time>
      </trkpt>
      <trkpt lat="46.505733" lon="23.263495">
        <ele>1598.460</ele>
        <time>2015-11-29T08:49:29Z</time>
      </trkpt>
      <trkpt lat="46.505812" lon="23.263451">
        <ele>1598.279</ele>
        <time>2015-11-29T08:49:38Z</time>
      </trkpt>
      <trkpt lat="46.505878" lon="23.263379">
        <ele>1597.705</ele>
        <time>2015-11-29T08:49:46Z</time>
      </trkpt>
      <trkpt lat="46.505958" lon="23.263347">
        <ele>1597.525</ele>
        <time>2015-11-29T08:49:56Z</time>
      </trkpt>
      <trkpt lat="46.506030" lon="23.263277">
        <ele>1597.208</ele>
        <time>2015-11-29T08:50:05Z</time>
      </trkpt>
      <trkpt lat="46.506102" lon="23.263220">
        <ele>1596.388</ele>
        <time>2015-11-29T08:50:12Z</time>
      </trkpt>
      <trkpt lat="46.506184" lon="23.263196">
        <ele>1595.414</ele>
        <time>2015-11-29T08:50:20Z</time>
      </trkpt>
      <trkpt lat="46.506266" lon="23.263149">
        <ele>1594.538</ele>
        <time>2015-11-29T08:50:42Z</time>
      </trkpt>
      <trkpt lat="46.506339" lon="23.263092">
        <ele>1593.556</ele>
        <time>2015-11-29T08:50:50Z</time>
      </trkpt>
      <trkpt lat="46.506402" lon="23.263008">
        <ele>1592.629</ele>
        <time>2015-11-29T08:50:58Z</time>
      </trkpt>
      <trkpt lat="46.506447" lon="23.262908">
        <ele>1591.754</ele>
        <time>2015-11-29T08:51:05Z</time>
      </trkpt>
      <trkpt lat="46.506486" lon="23.262796">
        <ele>1590.811</ele>
        <time>2015-11-29T08:51:15Z</time>
      </trkpt>
      <trkpt lat="46.506531" lon="23.262693">
        <ele>1589.758</ele>
        <time>2015-11-29T08:51:21Z</time>
      </trkpt>
      <trkpt lat="46.506557" lon="23.262580">
        <ele>1588.916</ele>
        <time>2015-11-29T08:51:28Z</time>
      </trkpt>
      <trkpt lat="46.506570" lon="23.262459">
        <ele>1588.176</ele>
        <time>2015-11-29T08:51:35Z</time>
      </trkpt>
      <trkpt lat="46.506575" lon="23.262335">
        <ele>1587.313</ele>
        <time>2015-11-29T08:51:45Z</time>
      </trkpt>
      <trkpt lat="46.506552" lon="23.262215">
        <ele>1587.108</ele>
        <time>2015-11-29T08:51:54Z</time>
      </trkpt>
      <trkpt lat="46.506514" lon="23.262094">
        <ele>1586.942</ele>
        <time>2015-11-29T08:52:04Z</time>
      </trkpt>
      <trkpt lat="46.506457" lon="23.262006">
        <ele>1586.918</ele>
        <time>2015-11-29T08:52:14Z</time>
      </trkpt>
      <trkpt lat="46.506401" lon="23.261907">
        <ele>1586.962</ele>
        <time>2015-11-29T08:54:15Z</time>
      </trkpt>
      <trkpt lat="46.506373" lon="23.261784">
        <ele>1586.380</ele>
        <time>2015-11-29T08:54:22Z</time>
      </trkpt>
      <trkpt lat="46.506319" lon="23.261694">
        <ele>1585.683</ele>
        <time>2015-11-29T08:54:29Z</time>
      </trkpt>
      <trkpt lat="46.506278" lon="23.261571">
        <ele>1585.058</ele>
        <time>2015-11-29T08:54:37Z</time>
      </trkpt>
      <trkpt lat="46.506232" lon="23.261464">
        <ele>1584.595</ele>
        <time>2015-11-29T08:54:46Z</time>
      </trkpt>
      <trkpt lat="46.506189" lon="23.261346">
        <ele>1584.122</ele>
        <time>2015-11-29T08:54:55Z</time>
      </trkpt>
      <trkpt lat="46.506137" lon="23.261251">
        <ele>1583.679</ele>
        <time>2015-11-29T08:56:12Z</time>
      </trkpt>
      <trkpt lat="46.506080" lon="23.261158">
        <ele>1583.205</ele>
        <time>2015-11-29T08:56:23Z</time>
      </trkpt>
      <trkpt lat="46.506029" lon="23.261055">
        <ele>1582.725</ele>
        <time>2015-11-29T08:56:30Z</time>
      </trkpt>
      <trkpt lat="46.505970" lon="23.260966">
        <ele>1582.308</ele>
        <time>2015-11-29T08:56:37Z</time>
      </trkpt>
      <trkpt lat="46.505915" lon="23.260872">
        <ele>1581.148</ele>
        <time>2015-11-29T08:56:46Z</time>
      </trkpt>
      <trkpt lat="46.505845" lon="23.260791">
        <ele>1579.954</ele>
        <time>2015-11-29T08:56:55Z</time>
      </trkpt>
      <trkpt lat="46.505785" lon="23.260704">
        <ele>1579.478</ele>
        <time>2015-11-29T08:57:08Z</time>
      </trkpt>
      <trkpt lat="46.505718" lon="23.260614">
        <ele>1578.826</ele>
        <time>2015-11-29T08:57:16Z</time>
      </trkpt>
      <trkpt lat="46.505668" lon="23.260520">
        <ele>1578.359</ele>
        <time>2015-11-29T08:57:25Z</time>
      </trkpt>
      <trkpt lat="46.505610" lon="23.260410">
        <ele>1577.754</ele>
        <time>2015-11-29T08:57:33Z</time>
      </trkpt>
      <trkpt lat="46.505566" lon="23.260309">
        <ele>1577.241</ele>
        <time>2015-11-29T08:57:45Z</time>
      </trkpt>
      <trkpt lat="46.505505" lon="23.260213">
        <ele>1576.618</ele>
        <time>2015-11-29T08:57:53Z</time>
      </trkpt>
      <trkpt lat="46.505436" lon="23.260151">
        <ele>1576.193</ele>
        <time>2015-11-29T08:58:04Z</time>
      </trkpt>
      <trkpt lat="46.505354" lon="23.260095">
        <ele>1575.565</ele>
        <time>2015-11-29T08:58:11Z</time>
      </trkpt>
      <trkpt lat="46.505273" lon="23.260039">
        <ele>1575.021</ele>
        <time>2015-11-29T08:58:19Z</time>
      </trkpt>
      <trkpt lat="46.505186" lon="23.259984">
        <ele>1575.008</ele>
        <time>2015-11-29T08:58:28Z</time>
      </trkpt>
      <trkpt lat="46.505099" lon="23.259922">
        <ele>1575.070</ele>
        <time>2015-11-29T08:58:45Z</time>
      </trkpt>
      <trkpt lat="46.505031" lon="23.259859">
        <ele>1574.656</ele>
        <time>2015-11-29T08:58:53Z</time>
      </trkpt>
      <trkpt lat="46.504957" lon="23.259806">
        <ele>1574.820</ele>
        <time>2015-11-29T08:59:00Z</time>
      </trkpt>
      <trkpt lat="46.504870" lon="23.259763">
        <ele>1575.038</ele>
        <time>2015-11-29T08:59:07Z</time>
      </trkpt>
      <trkpt lat="46.504789" lon="23.259700">
        <ele>1575.251</ele>
        <time>2015-11-29T08:59:14Z</time>
      </trkpt>
      <trkpt lat="46.504706" lon="23.259653">
        <ele>1575.446</ele>
        <time>2015-11-29T08:59:21Z</time>
      </trkpt>
      <trkpt lat="46.504633" lon="23.259598">
        <ele>1575.513</ele>
        <time>2015-11-29T08:59:28Z</time>
      </trkpt>
      <trkpt lat="46.504547" lon="23.259593">
        <ele>1575.740</ele>
        <time>2015-11-29T08:59:35Z</time>
      </trkpt>
      <trkpt lat="46.504466" lon="23.259551">
        <ele>1575.979</ele>
        <time>2015-11-29T08:59:45Z</time>
      </trkpt>
      <trkpt lat="46.504384" lon="23.259562">
        <ele>1576.105</ele>
        <time>2015-11-29T09:01:46Z</time>
      </trkpt>
      <trkpt lat="46.504302" lon="23.259528">
        <ele>1576.325</ele>
        <time>2015-11-29T09:02:03Z</time>
      </trkpt>
      <trkpt lat="46.504223" lon="23.259500">
        <ele>1576.508</ele>
        <time>2015-11-29T09:02:09Z</time>
      </trkpt>
      <trkpt lat="46.504136" lon="23.259496">
        <ele>1577.618</ele>
        <time>2015-11-29T09:02:17Z</time>
      </trkpt>
      <trkpt lat="46.504057" lon="23.259466">
        <ele>1578.344</ele>
        <time>2015-11-29T09:02:38Z</time>
      </trkpt>
      <trkpt lat="46.503973" lon="23.259436">
        <ele>1578.918</ele>
        <time>2015-11-29T09:02:52Z</time>
      </trkpt>
      <trkpt lat="46.503898" lon="23.259386">
        <ele>1579.526</ele>
        <time>2015-11-29T09:03:02Z</time>
      </trkpt>
      <trkpt lat="46.503826" lon="23.259324">
        <ele>1580.259</ele>
        <time>2015-11-29T09:03:11Z</time>
      </trkpt>
      <trkpt lat="46.503751" lon="23.259279">
        <ele>1580.854</ele>
        <time>2015-11-29T09:03:19Z</time>
      </trkpt>
      <trkpt lat="46.503676" lon="23.259229">
        <ele>1581.541</ele>
        <time>2015-11-29T09:03:29Z</time>
      </trkpt>
      <trkpt lat="46.503596" lon="23.259186">
        <ele>1582.178</ele>
        <time>2015-11-29T09:03:38Z</time>
      </trkpt>
      <trkpt lat="46.503517" lon="23.259151">
        <ele>1582.777</ele>
        <time>2015-11-29T09:03:47Z</time>
      </trkpt>
      <trkpt lat="46.503440" lon="23.259103">
        <ele>1583.461</ele>
        <time>2015-11-29T09:03:56Z</time>
      </trkpt>
      <trkpt lat="46.503358" lon="23.259094">
        <ele>1584.727</ele>
        <time>2015-11-29T09:04:07Z</time>
      </trkpt>
      <trkpt lat="46.503273" lon="23.259096">
        <ele>1585.508</ele>
        <time>2015-11-29T09:04:20Z</time>
      </trkpt>
      <trkpt lat="46.503189" lon="23.259109">
        <ele>1586.278</ele>
        <time>2015-11-29T09:04:35Z</time>
      </trkpt>
      <trkpt lat="46.503095" lon="23.259110">
        <ele>1586.954</ele>
        <time>2015-11-29T09:04:45Z</time>
      </trkpt>
      <trkpt lat="46.503004" lon="23.259114">
        <ele>1587.648</ele>
        <time>2015-11-29T09:04:57Z</time>
      </trkpt>
      <trkpt lat="46.502923" lon="23.259090">
        <ele>1588.436</ele>
        <time>2015-11-29T09:05:05Z</time>
      </trkpt>
      <trkpt lat="46.502841" lon="23.259085">
        <ele>1589.199</ele>
        <time>2015-11-29T09:05:13Z</time>
      </trkpt>
      <trkpt lat="46.502758" lon="23.259054">
        <ele>1589.844</ele>
        <time>2015-11-29T09:05:24Z</time>
      </trkpt>
      <trkpt lat="46.502668" lon="23.259019">
        <ele>1590.591</ele>
        <time>2015-11-29T09:05:34Z</time>
      </trkpt>
      <trkpt lat="46.502587" lon="23.259002">
        <ele>1591.348</ele>
        <time>2015-11-29T09:05:45Z</time>
      </trkpt>
      <trkpt lat="46.502497" lon="23.258996">
        <ele>1593.314</ele>
        <time>2015-11-29T09:06:04Z</time>
      </trkpt>
      <trkpt lat="46.502412" lon="23.258965">
        <ele>1594.554</ele>
        <time>2015-11-29T09:06:15Z</time>
      </trkpt>
      <trkpt lat="46.502333" lon="23.258937">
        <ele>1595.809</ele>
        <time>2015-11-29T09:06:25Z</time>
      </trkpt>
      <trkpt lat="46.502254" lon="23.258894">
        <ele>1597.108</ele>
        <time>2015-11-29T09:06:34Z</time>
      </trkpt>
      <trkpt lat="46.502169" lon="23.258890">
        <ele>1598.422</ele>
        <time>2015-11-29T09:06:42Z</time>
      </trkpt>
      <trkpt lat="46.502106" lon="23.258808">
        <ele>1599.648</ele>
        <time>2015-11-29T09:06:51Z</time>
      </trkpt>
      <trkpt lat="46.502055" lon="23.258710">
        <ele>1600.972</ele>
        <time>2015-11-29T09:07:19Z</time>
      </trkpt>
      <trkpt lat="46.502024" lon="23.258597">
        <ele>1602.220</ele>
        <time>2015-11-29T09:07:27Z</time>
      </trkpt>
      <trkpt lat="46.502018" lon="23.258472">
        <ele>1602.943</ele>
        <time>2015-11-29T09:07:36Z</time>
      </trkpt>
      <trkpt lat="46.502020" lon="23.258348">
        <ele>1603.638</ele>
        <time>2015-11-29T09:07:48Z</time>
      </trkpt>
      <trkpt lat="46.502049" lon="23.258233">
        <ele>1604.465</ele>
        <time>2015-11-29T09:07:57Z</time>
      </trkpt>
      <trkpt lat="46.502081" lon="23.258111">
        <ele>1603.882</ele>
        <time>2015-11-29T09:08:05Z</time>
      </trkpt>
      <trkpt lat="46.502130" lon="23.258004">
        <ele>1603.358</ele>
        <time>2015-11-29T09:08:24Z</time>
      </trkpt>
      <trkpt lat="46.502190" lon="23.257899">
        <ele>1602.752</ele>
        <time>2015-11-29T09:08:32Z</time>
      </trkpt>
      <trkpt lat="46.502243" lon="23.257799">
        <ele>1602.217</ele>
        <time>2015-11-29T09:08:40Z</time>
      </trkpt>
      <trkpt lat="46.502298" lon="23.257697">
        <ele>1602.508</ele>
        <time>2015-11-29T09:08:48Z</time>
      </trkpt>
      <trkpt lat="46.502351" lon="23.257588">
        <ele>1602.996</ele>
        <time>2015-11-29T09:08:56Z</time>
      </trkpt>
      <trkpt lat="46.502397" lon="23.257486">
        <ele>1603.362</ele>
        <time>2015-11-29T09:09:03Z</time>
      </trkpt>
      <trkpt lat="46.502449" lon="23.257378">
        <ele>1603.646</ele>
        <time>2015-11-29T09:09:11Z</time>
      </trkpt>
      <trkpt lat="46.502503" lon="23.257272">
        <ele>1604.574</ele>
        <time>2015-11-29T09:09:19Z</time>
      </trkpt>
      <trkpt lat="46.502540" lon="23.257160">
        <ele>1605.527</ele>
        <time>2015-11-29T09:09:26Z</time>
      </trkpt>
      <trkpt lat="46.502594" lon="23.257069">
        <ele>1606.472</ele>
        <time>2015-11-29T09:09:35Z</time>
      </trkpt>
      <trkpt lat="46.502631" lon="23.256962">
        <ele>1607.389</ele>
        <time>2015-11-29T09:09:42Z</time>
      </trkpt>
      <trkpt lat="46.502663" lon="23.256850">
        <ele>1608.216</ele>
        <time>2015-11-29T09:09:50Z</time>
      </trkpt>
      <trkpt lat="46.502712" lon="23.256729">
        <ele>1609.114</ele>
        <time>2015-11-29T09:10:26Z</time>
      </trkpt>
      <trkpt lat="46.502708" lon="23.256856">
        <ele>1610.654</ele>
        <time>2015-11-29T09:11:02Z</time>
      </trkpt>
      <trkpt lat="46.502709" lon="23.256736">
        <ele>1611.309</ele>
        <time>2015-11-29T09:11:47Z</time>
      </trkpt>
      <trkpt lat="46.502727" lon="23.256616">
        <ele>1611.908</ele>
        <time>2015-11-29T09:11:54Z</time>
      </trkpt>
      <trkpt lat="46.502747" lon="23.256502">
        <ele>1612.532</ele>
        <time>2015-11-29T09:12:02Z</time>
      </trkpt>
      <trkpt lat="46.502734" lon="23.256378">
        <ele>1613.238</ele>
        <time>2015-11-29T09:12:11Z</time>
      </trkpt>
      <trkpt lat="46.502700" lon="23.256264">
        <ele>1613.812</ele>
        <time>2015-11-29T09:12:22Z</time>
      </trkpt>
      <trkpt lat="46.502636" lon="23.256190">
        <ele>1614.510</ele>
        <time>2015-11-29T09:13:46Z</time>
      </trkpt>
      <trkpt lat="46.502571" lon="23.256118">
        <ele>1615.143</ele>
        <time>2015-11-29T09:15:26Z</time>
      </trkpt>
      <trkpt lat="46.502495" lon="23.256073">
        <ele>1616.918</ele>
        <time>2015-11-29T09:15:42Z</time>
      </trkpt>
      <trkpt lat="46.502411" lon="23.256060">
        <ele>1618.725</ele>
        <time>2015-11-29T09:16:05Z</time>
      </trkpt>
      <trkpt lat="46.502330" lon="23.256106">
        <ele>1620.522</ele>
        <time>2015-11-29T09:16:18Z</time>
      </trkpt>
      <trkpt lat="46.502251" lon="23.256135">
        <ele>1621.715</ele>
        <time>2015-11-29T09:16:32Z</time>
      </trkpt>
      <trkpt lat="46.502170" lon="23.256155">
        <ele>1622.965</ele>
        <time>2015-11-29T09:16:46Z</time>
      </trkpt>
      <trkpt lat="46.502083" lon="23.256171">
        <ele>1624.111</ele>
        <time>2015-11-29T09:37:24Z</time>
      </trkpt>
      <trkpt lat="46.502004" lon="23.256215">
        <ele>1625.308</ele>
        <time>2015-11-29T09:37:34Z</time>
      </trkpt>
      <trkpt lat="46.501924" lon="23.256252">
        <ele>1626.592</ele>
        <time>2015-11-29T09:37:45Z</time>
      </trkpt>
      <trkpt lat="46.501865" lon="23.256166">
        <ele>1627.638</ele>
        <time>2015-11-29T09:38:05Z</time>
      </trkpt>
      <trkpt lat="46.501933" lon="23.256059">
        <ele>1628.862</ele>
        <time>2015-11-29T09:38:12Z</time>
      </trkpt>
      <trkpt lat="46.501869" lon="23.256159">
        <ele>1630.050</ele>
        <time>2015-11-29T09:38:14Z</time>
      </trkpt>
      <trkpt lat="46.501799" lon="23.256220">
        <ele>1630.063</ele>
        <time>2015-11-29T09:38:21Z</time>
      </trkpt>
      <trkpt lat="46.501715" lon="23.256221">
        <ele>1630.078</ele>
        <time>2015-11-29T09:38:35Z</time>
      </trkpt>
      <trkpt lat="46.501633" lon="23.256235">
        <ele>1631.515</ele>
        <time>2015-11-29T09:38:46Z</time>
      </trkpt>
      <trkpt lat="46.501551" lon="23.256242">
        <ele>1632.932</ele>
        <time>2015-11-29T09:38:58Z</time>
      </trkpt>
      <trkpt lat="46.501471" lon="23.256264">
        <ele>1634.498</ele>
        <time>2015-11-29T09:39:16Z</time>
      </trkpt>
      <trkpt lat="46.501376" lon="23.256269">
        <ele>1635.815</ele>
        <time>2015-11-29T09:39:29Z</time>
      </trkpt>
      <trkpt lat="46.501292" lon="23.256277">
        <ele>1637.326</ele>
        <time>2015-11-29T09:39:52Z</time>
      </trkpt>
      <trkpt lat="46.501204" lon="23.256293">
        <ele>1638.708</ele>
        <time>2015-11-29T09:40:00Z</time>
      </trkpt>
      <trkpt lat="46.501120" lon="23.256273">
        <ele>1640.270</ele>
        <time>2015-11-29T09:40:12Z</time>
      </trkpt>
      <trkpt lat="46.501029" lon="23.256265">
        <ele>1640.516</ele>
        <time>2015-11-29T09:40:38Z</time>
      </trkpt>
      <trkpt lat="46.500947" lon="23.256285">
        <ele>1640.790</ele>
        <time>2015-11-29T09:40:50Z</time>
      </trkpt>
      <trkpt lat="46.500850" lon="23.256307">
        <ele>1641.758</ele>
        <time>2015-11-29T09:41:06Z</time>
      </trkpt>
      <trkpt lat="46.500766" lon="23.256314">
        <ele>1642.771</ele>
        <time>2015-11-29T09:41:18Z</time>
      </trkpt>
      <trkpt lat="46.500684" lon="23.256329">
        <ele>1642.346</ele>
        <time>2015-11-29T09:41:27Z</time>
      </trkpt>
      <trkpt lat="46.500603" lon="23.256375">
        <ele>1641.883</ele>
        <time>2015-11-29T09:41:37Z</time>
      </trkpt>
      <trkpt lat="46.500519" lon="23.256375">
        <ele>1641.470</ele>
        <time>2015-11-29T09:42:01Z</time>
      </trkpt>
      <trkpt lat="46.500431" lon="23.256399">
        <ele>1640.999</ele>
        <time>2015-11-29T09:42:24Z</time>
      </trkpt>
      <trkpt lat="46.500352" lon="23.256428">
        <ele>1640.507</ele>
        <time>2015-11-29T09:42:35Z</time>
      </trkpt>
      <trkpt lat="46.500276" lon="23.256487">
        <ele>1640.027</ele>
        <time>2015-11-29T09:42:44Z</time>
      </trkpt>
      <trkpt lat="46.500202" lon="23.256535">
        <ele>1639.508</ele>
        <time>2015-11-29T09:42:54Z</time>
      </trkpt>
      <trkpt lat="46.500119" lon="23.256548">
        <ele>1640.370</ele>
        <time>2015-11-29T09:43:09Z</time>
      </trkpt>
      <trkpt lat="46.500040" lon="23.256577">
        <ele>1641.486</ele>
        <time>2015-11-29T09:43:23Z</time>
      </trkpt>
      <trkpt lat="46.499956" lon="23.256608">
        <ele>1641.740</ele>
        <time>2015-11-29T09:43:39Z</time>
      </trkpt>
      <trkpt lat="46.499877" lon="23.256645">
        <ele>1642.158</ele>
        <time>2015-11-29T09:43:52Z</time>
      </trkpt>
      <trkpt lat="46.499791" lon="23.256669">
        <ele>1642.531</ele>
        <time>2015-11-29T09:44:16Z</time>
      </trkpt>
      <trkpt lat="46.499696" lon="23.256713">
        <ele>1642.866</ele>
        <time>2015-11-29T09:44:28Z</time>
      </trkpt>
      <trkpt lat="46.499613" lon="23.256742">
        <ele>1643.233</ele>
        <time>2015-11-29T09:44:38Z</time>
      </trkpt>
      <trkpt lat="46.499527" lon="23.256762">
        <ele>1643.590</ele>
        <time>2015-11-29T09:44:51Z</time>
      </trkpt>
      <trkpt lat="46.499443" lon="23.256775">
        <ele>1643.939</ele>
        <time>2015-11-29T09:45:04Z</time>
      </trkpt>
      <trkpt lat="46.499361" lon="23.256792">
        <ele>1644.301</ele>
        <time>2015-11-29T09:45:17Z</time>
      </trkpt>
      <trkpt lat="46.499278" lon="23.256815">
        <ele>1644.621</ele>
        <time>2015-11-29T09:45:28Z</time>
      </trkpt>
      <trkpt lat="46.499191" lon="23.256813">
        <ele>1645.508</ele>
        <time>2015-11-29T09:45:48Z</time>
      </trkpt>
      <trkpt lat="46.499104" lon="23.256791">
        <ele>1646.124</ele>
        <time>2015-11-29T09:46:00Z</time>
      </trkpt>
      <trkpt lat="46.499020" lon="23.256792">
        <ele>1646.620</ele>
        <time>2015-11-29T09:46:27Z</time>
      </trkpt>
      <trkpt lat="46.498932" lon="23.256762">
        <ele>1647.234</ele>
        <time>2015-11-29T09:46:39Z</time>
      </trkpt>
      <trkpt lat="46.498850" lon="23.256744">
        <ele>1647.752</ele>
        <time>2015-11-29T09:46:56Z</time>
      </trkpt>
      <trkpt lat="46.498762" lon="23.256722">
        <ele>1648.335</ele>
        <time>2015-11-29T09:47:09Z</time>
      </trkpt>
      <trkpt lat="46.498684" lon="23.256685">
        <ele>1648.860</ele>
        <time>2015-11-29T09:47:19Z</time>
      </trkpt>
      <trkpt lat="46.498593" lon="23.256636">
        <ele>1650.667</ele>
        <time>2015-11-29T09:49:14Z</time>
      </trkpt>
      <trkpt lat="46.498513" lon="23.256570">
        <ele>1652.564</ele>
        <time>2015-11-29T09:49:27Z</time>
      </trkpt>
      <trkpt lat="46.498443" lon="23.256509">
        <ele>1654.353</ele>
        <time>2015-11-29T09:49:39Z</time>
      </trkpt>
      <trkpt lat="46.498362" lon="23.256453">
        <ele>1656.104</ele>
        <time>2015-11-29T09:49:53Z</time>
      </trkpt>
      <trkpt lat="46.498289" lon="23.256402">
        <ele>1657.214</ele>
        <time>2015-11-29T09:50:04Z</time>
      </trkpt>
      <trkpt lat="46.498223" lon="23.256323">
        <ele>1658.308</ele>
        <time>2015-11-29T09:50:17Z</time>
      </trkpt>
      <trkpt lat="46.498154" lon="23.256249">
        <ele>1659.446</ele>
        <time>2015-11-29T09:50:43Z</time>
      </trkpt>
      <trkpt lat="46.498086" lon="23.256177">
        <ele>1660.522</ele>
        <time>2015-11-29T09:51:08Z</time>
      </trkpt>
      <trkpt lat="46.498006" lon="23.256140">
        <ele>1661.586</ele>
        <time>2015-11-29T09:51:21Z</time>
      </trkpt>
      <trkpt lat="46.497929" lon="23.256094">
        <ele>1662.694</ele>
        <time>2015-11-29T09:51:34Z</time>
      </trkpt>
      <trkpt lat="46.497857" lon="23.256040">
        <ele>1663.717</ele>
        <time>2015-11-29T09:51:47Z</time>
      </trkpt>
      <trkpt lat="46.497787" lon="23.255979">
        <ele>1663.572</ele>
        <time>2015-11-29T09:52:01Z</time>
      </trkpt>
      <trkpt lat="46.497711" lon="23.255913">
        <ele>1663.489</ele>
        <time>2015-11-29T09:52:30Z</time>
      </trkpt>
      <trkpt lat="46.497635" lon="23.255865">
        <ele>1663.296</ele>
        <time>2015-11-29T09:52:43Z</time>
      </trkpt>
      <trkpt lat="46.497551" lon="23.255821">
        <ele>1662.993</ele>
        <time>2015-11-29T09:52:54Z</time>
      </trkpt>
      <trkpt lat="46.497463" lon="23.255788">
        <ele>1662.865</ele>
        <time>2015-11-29T09:53:08Z</time>
      </trkpt>
      <trkpt lat="46.497385" lon="23.255743">
        <ele>1662.721</ele>
        <time>2015-11-29T09:53:20Z</time>
      </trkpt>
      <trkpt lat="46.497302" lon="23.255703">
        <ele>1662.608</ele>
        <time>2015-11-29T09:53:31Z</time>
      </trkpt>
      <trkpt lat="46.497224" lon="23.255646">
        <ele>1663.920</ele>
        <time>2015-11-29T09:53:49Z</time>
      </trkpt>
      <trkpt lat="46.497136" lon="23.255623">
        <ele>1665.216</ele>
        <time>2015-11-29T09:53:59Z</time>
      </trkpt>
      <trkpt lat="46.497058" lon="23.255588">
        <ele>1666.570</ele>
        <time>2015-11-29T09:54:12Z</time>
      </trkpt>
      <trkpt lat="46.496978" lon="23.255566">
        <ele>1667.798</ele>
        <time>2015-11-29T09:54:25Z</time>
      </trkpt>
      <trkpt lat="46.496900" lon="23.255532">
        <ele>1669.031</ele>
        <time>2015-11-29T09:54:39Z</time>
      </trkpt>
      <trkpt lat="46.496822" lon="23.255472">
        <ele>1670.356</ele>
        <time>2015-11-29T09:55:11Z</time>
      </trkpt>
      <trkpt lat="46.496757" lon="23.255387">
        <ele>1671.563</ele>
        <time>2015-11-29T09:55:26Z</time>
      </trkpt>
      <trkpt lat="46.496688" lon="23.255315">
        <ele>1672.960</ele>
        <time>2015-11-29T09:55:40Z</time>
      </trkpt>
      <trkpt lat="46.496624" lon="23.255227">
        <ele>1674.339</ele>
        <time>2015-11-29T09:55:56Z</time>
      </trkpt>
      <trkpt lat="46.496562" lon="23.255142">
        <ele>1675.601</ele>
        <time>2015-11-29T09:56:10Z</time>
      </trkpt>
      <trkpt lat="46.496498" lon="23.255061">
        <ele>1677.921</ele>
        <time>2015-11-29T09:56:24Z</time>
      </trkpt>
      <trkpt lat="46.496442" lon="23.254974">
        <ele>1678.808</ele>
        <time>2015-11-29T09:56:43Z</time>
      </trkpt>
      <trkpt lat="46.496387" lon="23.254887">
        <ele>1679.734</ele>
        <time>2015-11-29T09:57:19Z</time>
      </trkpt>
      <trkpt lat="46.496324" lon="23.254805">
        <ele>1680.650</ele>
        <time>2015-11-29T09:57:34Z</time>
      </trkpt>
      <trkpt lat="46.496263" lon="23.254725">
        <ele>1681.574</ele>
        <time>2015-11-29T09:57:47Z</time>
      </trkpt>
      <trkpt lat="46.496202" lon="23.254644">
        <ele>1682.572</ele>
        <time>2015-11-29T09:58:02Z</time>
      </trkpt>
      <trkpt lat="46.496130" lon="23.254579">
        <ele>1683.415</ele>
        <time>2015-11-29T09:58:33Z</time>
      </trkpt>
      <trkpt lat="46.496075" lon="23.254477">
        <ele>1684.370</ele>
        <time>2015-11-29T09:58:50Z</time>
      </trkpt>
      <trkpt lat="46.496022" lon="23.254384">
        <ele>1685.297</ele>
        <time>2015-11-29T09:59:01Z</time>
      </trkpt>
      <trkpt lat="46.495969" lon="23.254290">
        <ele>1686.154</ele>
        <time>2015-11-29T09:59:15Z</time>
      </trkpt>
      <trkpt lat="46.495904" lon="23.254214">
        <ele>1688.151</ele>
        <time>2015-11-29T09:59:51Z</time>
      </trkpt>
      <trkpt lat="46.495835" lon="23.254146">
        <ele>1689.201</ele>
        <time>2015-11-29T10:00:06Z</time>
      </trkpt>
      <trkpt lat="46.495773" lon="23.254064">
        <ele>1690.311</ele>
        <time>2015-11-29T10:00:18Z</time>
      </trkpt>
      <trkpt lat="46.495715" lon="23.253979">
        <ele>1690.608</ele>
        <time>2015-11-29T10:00:31Z</time>
      </trkpt>
      <trkpt lat="46.495650" lon="23.253897">
        <ele>1691.036</ele>
        <time>2015-11-29T10:00:45Z</time>
      </trkpt>
      <trkpt lat="46.495585" lon="23.253818">
        <ele>1691.452</ele>
        <time>2015-11-29T10:01:11Z</time>
      </trkpt>
      <trkpt lat="46.495527" lon="23.253733">
        <ele>1691.746</ele>
        <time>2015-11-29T10:01:24Z</time>
      </trkpt>
      <trkpt lat="46.495455" lon="23.253676">
        <ele>1692.184</ele>
        <time>2015-11-29T10:01:38Z</time>
      </trkpt>
      <trkpt lat="46.495379" lon="23.253631">
        <ele>1692.557</ele>
        <time>2015-11-29T10:01:52Z</time>
      </trkpt>
      <trkpt lat="46.495319" lon="23.253549">
        <ele>1692.852</ele>
        <time>2015-11-29T10:02:18Z</time>
      </trkpt>
      <trkpt lat="46.495252" lon="23.253481">
        <ele>1693.289</ele>
        <time>2015-11-29T10:03:20Z</time>
      </trkpt>
      <trkpt lat="46.495179" lon="23.253419">
        <ele>1692.586</ele>
        <time>2015-11-29T10:03:32Z</time>
      </trkpt>
      <trkpt lat="46.495114" lon="23.253332">
        <ele>1693.042</ele>
        <time>2015-11-29T10:03:49Z</time>
      </trkpt>
      <trkpt lat="46.495047" lon="23.253263">
        <ele>1693.522</ele>
        <time>2015-11-29T10:03:59Z</time>
      </trkpt>
      <trkpt lat="46.494984" lon="23.253159">
        <ele>1694.814</ele>
        <time>2015-11-29T10:04:27Z</time>
      </trkpt>
      <trkpt lat="46.494933" lon="23.253057">
        <ele>1696.108</ele>
        <time>2015-11-29T10:04:45Z</time>
      </trkpt>
      <trkpt lat="46.494879" lon="23.252965">
        <ele>1697.095</ele>
        <time>2015-11-29T10:04:56Z</time>
      </trkpt>
      <trkpt lat="46.494833" lon="23.252865">
        <ele>1697.931</ele>
        <time>2015-11-29T10:05:05Z</time>
      </trkpt>
      <trkpt lat="46.494780" lon="23.252766">
        <ele>1698.855</ele>
        <time>2015-11-29T10:05:15Z</time>
      </trkpt>
      <trkpt lat="46.494706" lon="23.252679">
        <ele>1699.793</ele>
        <time>2015-11-29T10:05:28Z</time>
      </trkpt>
      <trkpt lat="46.494646" lon="23.252585">
        <ele>1700.676</ele>
        <time>2015-11-29T10:05:51Z</time>
      </trkpt>
      <trkpt lat="46.494584" lon="23.252489">
        <ele>1702.791</ele>
        <time>2015-11-29T10:06:02Z</time>
      </trkpt>
      <trkpt lat="46.494525" lon="23.252395">
        <ele>1704.838</ele>
        <time>2015-11-29T10:06:16Z</time>
      </trkpt>
      <trkpt lat="46.494456" lon="23.252332">
        <ele>1705.685</ele>
        <time>2015-11-29T10:06:34Z</time>
      </trkpt>
      <trkpt lat="46.494399" lon="23.252247">
        <ele>1706.577</ele>
        <time>2015-11-29T10:06:54Z</time>
      </trkpt>
      <trkpt lat="46.494343" lon="23.252156">
        <ele>1707.361</ele>
        <time>2015-11-29T10:07:07Z</time>
      </trkpt>
      <trkpt lat="46.494274" lon="23.252088">
        <ele>1708.127</ele>
        <time>2015-11-29T10:07:36Z</time>
      </trkpt>
      <trkpt lat="46.494211" lon="23.251996">
        <ele>1709.308</ele>
        <time>2015-11-29T10:07:47Z</time>
      </trkpt>
      <trkpt lat="46.494140" lon="23.251937">
        <ele>1710.528</ele>
        <time>2015-11-29T10:07:58Z</time>
      </trkpt>
      <trkpt lat="46.494060" lon="23.251913">
        <ele>1711.654</ele>
        <time>2015-11-29T10:08:30Z</time>
      </trkpt>
      <trkpt lat="46.494010" lon="23.251810">
        <ele>1712.858</ele>
        <time>2015-11-29T10:08:49Z</time>
      </trkpt>
      <trkpt lat="46.493928" lon="23.251764">
        <ele>1714.016</ele>
        <time>2015-11-29T10:09:00Z</time>
      </trkpt>
      <trkpt lat="46.493849" lon="23.251705">
        <ele>1714.029</ele>
        <time>2015-11-29T10:09:36Z</time>
      </trkpt>
      <trkpt lat="46.493774" lon="23.251647">
        <ele>1714.054</ele>
        <time>2015-11-29T10:09:50Z</time>
      </trkpt>
      <trkpt lat="46.493700" lon="23.251590">
        <ele>1714.081</ele>
        <time>2015-11-29T10:14:46Z</time>
      </trkpt>
      <trkpt lat="46.493620" lon="23.251555">
        <ele>1714.098</ele>
        <time>2015-11-29T10:15:00Z</time>
      </trkpt>
      <trkpt lat="46.493545" lon="23.251499">
        <ele>1715.099</ele>
        <time>2015-11-29T10:15:16Z</time>
      </trkpt>
      <trkpt lat="46.493467" lon="23.251449">
        <ele>1716.007</ele>
        <time>2015-11-29T10:15:25Z</time>
      </trkpt>
      <trkpt lat="46.493389" lon="23.251401">
        <ele>1717.027</ele>
        <time>2015-11-29T10:15:36Z</time>
      </trkpt>
      <trkpt lat="46.493309" lon="23.251356">
        <ele>1718.108</ele>
        <time>2015-11-29T10:15:48Z</time>
      </trkpt>
      <trkpt lat="46.493219" lon="23.251296">
        <ele>1719.230</ele>
        <time>2015-11-29T10:15:56Z</time>
      </trkpt>
      <trkpt lat="46.493147" lon="23.251218">
        <ele>1720.366</ele>
        <time>2015-11-29T10:16:07Z</time>
      </trkpt>
      <trkpt lat="46.493092" lon="23.251123">
        <ele>1721.480</ele>
        <time>2015-11-29T10:16:32Z</time>
      </trkpt>
      <trkpt lat="46.493031" lon="23.251038">
        <ele>1722.598</ele>
        <time>2015-11-29T10:16:45Z</time>
      </trkpt>
      <trkpt lat="46.492969" lon="23.250929">
        <ele>1724.541</ele>
        <time>2015-11-29T10:16:59Z</time>
      </trkpt>
      <trkpt lat="46.492922" lon="23.250822">
        <ele>1726.696</ele>
        <time>2015-11-29T10:17:14Z</time>
      </trkpt>
      <trkpt lat="46.492888" lon="23.250713">
        <ele>1728.733</ele>
        <time>2015-11-29T10:17:31Z</time>
      </trkpt>
      <trkpt lat="46.492855" lon="23.250605">
        <ele>1729.850</ele>
        <time>2015-11-29T10:18:01Z</time>
      </trkpt>
      <trkpt lat="46.492836" lon="23.250487">
        <ele>1730.977</ele>
        <time>2015-11-29T10:18:57Z</time>
      </trkpt>
      <trkpt lat="46.492808" lon="23.250375">
        <ele>1732.061</ele>
        <time>2015-11-29T10:19:11Z</time>
      </trkpt>
      <trkpt lat="46.492802" lon="23.250252">
        <ele>1733.027</ele>
        <time>2015-11-29T10:19:25Z</time>
      </trkpt>
      <trkpt lat="46.492798" lon="23.250123">
        <ele>1735.008</ele>
        <time>2015-11-29T10:20:01Z</time>
      </trkpt>
      <trkpt lat="46.492795" lon="23.250006">
        <ele>1737.068</ele>
        <time>2015-11-29T10:21:50Z</time>
      </trkpt>
      <trkpt lat="46.492775" lon="23.249877">
        <ele>1739.084</ele>
        <time>2015-11-29T10:23:07Z</time>
      </trkpt>
      <trkpt lat="46.492760" lon="23.249755">
        <ele>1741.048</ele>
        <time>2015-11-29T10:23:24Z</time>
      </trkpt>
      <trkpt lat="46.492718" lon="23.249654">
        <ele>1742.036</ele>
        <time>2015-11-29T10:23:57Z</time>
      </trkpt>
      <trkpt lat="46.492679" lon="23.249544">
        <ele>1743.039</ele>
        <time>2015-11-29T10:24:45Z</time>
      </trkpt>
      <trkpt lat="46.492648" lon="23.249425">
        <ele>1744.014</ele>
        <time>2015-11-29T10:24:57Z</time>
      </trkpt>
      <trkpt lat="46.492557" lon="23.249413">
        <ele>1745.081</ele>
        <time>2015-11-29T10:26:06Z</time>
      </trkpt>
      <trkpt lat="46.492491" lon="23.249486">
        <ele>1746.068</ele>
        <time>2015-11-29T10:26:22Z</time>
      </trkpt>
      <trkpt lat="46.492423" lon="23.249562">
        <ele>1747.021</ele>
        <time>2015-11-29T10:26:41Z</time>
      </trkpt>
      <trkpt lat="46.492485" lon="23.249482">
        <ele>1747.041</ele>
        <time>2015-11-29T10:27:29Z</time>
      </trkpt>
      <trkpt lat="46.492547" lon="23.249402">
        <ele>1746.005</ele>
        <time>2015-11-29T10:27:44Z</time>
      </trkpt>
      <trkpt lat="46.492627" lon="23.249384">
        <ele>1745.008</ele>
        <time>2015-11-29T10:31:47Z</time>
      </trkpt>
      <trkpt lat="46.492658" lon="23.249510">
        <ele>1744.013</ele>
        <time>2015-11-29T10:34:05Z</time>
      </trkpt>
      <trkpt lat="46.492670" lon="23.249630">
        <ele>1743.089</ele>
        <time>2015-11-29T10:34:15Z</time>
      </trkpt>
      <trkpt lat="46.492717" lon="23.249726">
        <ele>1742.063</ele>
        <time>2015-11-29T10:34:48Z</time>
      </trkpt>
      <trkpt lat="46.492747" lon="23.249841">
        <ele>1741.091</ele>
        <time>2015-11-29T10:35:00Z</time>
      </trkpt>
      <trkpt lat="46.492771" lon="23.249958">
        <ele>1739.054</ele>
        <time>2015-11-29T10:35:12Z</time>
      </trkpt>
      <trkpt lat="46.492804" lon="23.250071">
        <ele>1737.019</ele>
        <time>2015-11-29T10:35:30Z</time>
      </trkpt>
      <trkpt lat="46.492806" lon="23.250190">
        <ele>1735.076</ele>
        <time>2015-11-29T10:35:50Z</time>
      </trkpt>
      <trkpt lat="46.492799" lon="23.250313">
        <ele>1733.063</ele>
        <time>2015-11-29T10:36:14Z</time>
      </trkpt>
      <trkpt lat="46.492818" lon="23.250437">
        <ele>1731.914</ele>
        <time>2015-11-29T10:36:26Z</time>
      </trkpt>
      <trkpt lat="46.492846" lon="23.250547">
        <ele>1730.854</ele>
        <time>2015-11-29T10:36:53Z</time>
      </trkpt>
      <trkpt lat="46.492897" lon="23.250640">
        <ele>1729.709</ele>
        <time>2015-11-29T10:37:05Z</time>
      </trkpt>
      <trkpt lat="46.492927" lon="23.250749">
        <ele>1728.608</ele>
        <time>2015-11-29T10:37:13Z</time>
      </trkpt>
      <trkpt lat="46.492966" lon="23.250866">
        <ele>1726.572</ele>
        <time>2015-11-29T10:37:23Z</time>
      </trkpt>
      <trkpt lat="46.493008" lon="23.250977">
        <ele>1724.538</ele>
        <time>2015-11-29T10:37:33Z</time>
      </trkpt>
      <trkpt lat="46.493076" lon="23.251064">
        <ele>1722.422</ele>
        <time>2015-11-29T10:37:59Z</time>
      </trkpt>
      <trkpt lat="46.493131" lon="23.251162">
        <ele>1721.310</ele>
        <time>2015-11-29T10:38:10Z</time>
      </trkpt>
      <trkpt lat="46.493206" lon="23.251212">
        <ele>1720.253</ele>
        <time>2015-11-29T10:38:26Z</time>
      </trkpt>
      <trkpt lat="46.493279" lon="23.251290">
        <ele>1719.118</ele>
        <time>2015-11-29T10:38:36Z</time>
      </trkpt>
      <trkpt lat="46.493368" lon="23.251332">
        <ele>1718.075</ele>
        <time>2015-11-29T10:38:43Z</time>
      </trkpt>
      <trkpt lat="46.493441" lon="23.251393">
        <ele>1717.092</ele>
        <time>2015-11-29T10:38:57Z</time>
      </trkpt>
      <trkpt lat="46.493511" lon="23.251456">
        <ele>1716.053</ele>
        <time>2015-11-29T10:39:10Z</time>
      </trkpt>
      <trkpt lat="46.493587" lon="23.251510">
        <ele>1715.004</ele>
        <time>2015-11-29T10:39:21Z</time>
      </trkpt>
      <trkpt lat="46.493652" lon="23.251584">
        <ele>1714.014</ele>
        <time>2015-11-29T10:39:32Z</time>
      </trkpt>
      <trkpt lat="46.493733" lon="23.251633">
        <ele>1714.008</ele>
        <time>2015-11-29T10:39:43Z</time>
      </trkpt>
      <trkpt lat="46.493812" lon="23.251678">
        <ele>1714.096</ele>
        <time>2015-11-29T10:39:51Z</time>
      </trkpt>
      <trkpt lat="46.493889" lon="23.251717">
        <ele>1714.022</ele>
        <time>2015-11-29T10:40:01Z</time>
      </trkpt>
      <trkpt lat="46.493966" lon="23.251781">
        <ele>1712.876</ele>
        <time>2015-11-29T10:40:15Z</time>
      </trkpt>
      <trkpt lat="46.494041" lon="23.251827">
        <ele>1711.684</ele>
        <time>2015-11-29T10:40:23Z</time>
      </trkpt>
      <trkpt lat="46.494117" lon="23.251890">
        <ele>1710.517</ele>
        <time>2015-11-29T10:40:33Z</time>
      </trkpt>
      <trkpt lat="46.494188" lon="23.251950">
        <ele>1709.362</ele>
        <time>2015-11-29T10:40:41Z</time>
      </trkpt>
      <trkpt lat="46.494232" lon="23.252058">
        <ele>1708.169</ele>
        <time>2015-11-29T10:41:10Z</time>
      </trkpt>
      <trkpt lat="46.494304" lon="23.252131">
        <ele>1707.376</ele>
        <time>2015-11-29T10:41:20Z</time>
      </trkpt>
      <trkpt lat="46.494379" lon="23.252185">
        <ele>1706.572</ele>
        <time>2015-11-29T10:41:32Z</time>
      </trkpt>
      <trkpt lat="46.494447" lon="23.252269">
        <ele>1705.613</ele>
        <time>2015-11-29T10:41:43Z</time>
      </trkpt>
      <trkpt lat="46.494505" lon="23.252357">
        <ele>1704.814</ele>
        <time>2015-11-29T10:41:52Z</time>
      </trkpt>
      <trkpt lat="46.494570" lon="23.252433">
        <ele>1704.008</ele>
        <time>2015-11-29T10:42:01Z</time>
      </trkpt>
      <trkpt lat="46.494628" lon="23.252517">
        <ele>1701.948</ele>
        <time>2015-11-29T10:42:11Z</time>
      </trkpt>
      <trkpt lat="46.494685" lon="23.252614">
        <ele>1701.064</ele>
        <time>2015-11-29T10:42:22Z</time>
      </trkpt>
      <trkpt lat="46.494753" lon="23.252702">
        <ele>1700.118</ele>
        <time>2015-11-29T10:42:31Z</time>
      </trkpt>
      <trkpt lat="46.494797" lon="23.252808">
        <ele>1699.236</ele>
        <time>2015-11-29T10:42:46Z</time>
      </trkpt>
      <trkpt lat="46.494843" lon="23.252910">
        <ele>1698.369</ele>
        <time>2015-11-29T10:42:58Z</time>
      </trkpt>
      <trkpt lat="46.494893" lon="23.253003">
        <ele>1697.484</ele>
        <time>2015-11-29T10:43:21Z</time>
      </trkpt>
      <trkpt lat="46.494950" lon="23.253093">
        <ele>1696.131</ele>
        <time>2015-11-29T10:43:35Z</time>
      </trkpt>
      <trkpt lat="46.494999" lon="23.253196">
        <ele>1694.898</ele>
        <time>2015-11-29T10:43:44Z</time>
      </trkpt>
      <trkpt lat="46.495056" lon="23.253298">
        <ele>1693.567</ele>
        <time>2015-11-29T10:43:53Z</time>
      </trkpt>
      <trkpt lat="46.495155" lon="23.253362">
        <ele>1693.081</ele>
        <time>2015-11-29T10:44:02Z</time>
      </trkpt>
      <trkpt lat="46.495212" lon="23.253451">
        <ele>1692.519</ele>
        <time>2015-11-29T10:44:11Z</time>
      </trkpt>
      <trkpt lat="46.495282" lon="23.253518">
        <ele>1692.108</ele>
        <time>2015-11-29T10:44:21Z</time>
      </trkpt>
      <trkpt lat="46.495352" lon="23.253589">
        <ele>1691.727</ele>
        <time>2015-11-29T10:44:30Z</time>
      </trkpt>
      <trkpt lat="46.495414" lon="23.253667">
        <ele>1691.433</ele>
        <time>2015-11-29T10:44:43Z</time>
      </trkpt>
      <trkpt lat="46.495482" lon="23.253743">
        <ele>1691.087</ele>
        <time>2015-11-29T10:44:54Z</time>
      </trkpt>
      <trkpt lat="46.495552" lon="23.253812">
        <ele>1690.625</ele>
        <time>2015-11-29T10:45:03Z</time>
      </trkpt>
      <trkpt lat="46.495613" lon="23.253911">
        <ele>1690.398</ele>
        <time>2015-11-29T10:45:20Z</time>
      </trkpt>
      <trkpt lat="46.495662" lon="23.254011">
        <ele>1689.993</ele>
        <time>2015-11-29T10:45:35Z</time>
      </trkpt>
      <trkpt lat="46.495729" lon="23.254078">
        <ele>1689.570</ele>
        <time>2015-11-29T10:45:42Z</time>
      </trkpt>
      <trkpt lat="46.495812" lon="23.254158">
        <ele>1689.267</ele>
        <time>2015-11-29T10:45:54Z</time>
      </trkpt>
      <trkpt lat="46.495871" lon="23.254272">
        <ele>1688.159</ele>
        <time>2015-11-29T10:46:08Z</time>
      </trkpt>
      <trkpt lat="46.495946" lon="23.254348">
        <ele>1686.103</ele>
        <time>2015-11-29T10:46:18Z</time>
      </trkpt>
      <trkpt lat="46.495996" lon="23.254452">
        <ele>1685.223</ele>
        <time>2015-11-29T10:46:26Z</time>
      </trkpt>
      <trkpt lat="46.496041" lon="23.254558">
        <ele>1684.308</ele>
        <time>2015-11-29T10:46:49Z</time>
      </trkpt>
      <trkpt lat="46.496131" lon="23.254613">
        <ele>1683.416</ele>
        <time>2015-11-29T10:47:00Z</time>
      </trkpt>
      <trkpt lat="46.496206" lon="23.254658">
        <ele>1682.522</ele>
        <time>2015-11-29T10:47:10Z</time>
      </trkpt>
      <trkpt lat="46.496272" lon="23.254729">
        <ele>1681.546</ele>
        <time>2015-11-29T10:47:18Z</time>
      </trkpt>
      <trkpt lat="46.496340" lon="23.254802">
        <ele>1680.614</ele>
        <time>2015-11-29T10:47:27Z</time>
      </trkpt>
      <trkpt lat="46.496410" lon="23.254893">
        <ele>1679.787</ele>
        <time>2015-11-29T10:47:39Z</time>
      </trkpt>
      <trkpt lat="46.496476" lon="23.254974">
        <ele>1678.822</ele>
        <time>2015-11-29T10:47:49Z</time>
      </trkpt>
      <trkpt lat="46.496532" lon="23.255074">
        <ele>1677.989</ele>
        <time>2015-11-29T10:48:02Z</time>
      </trkpt>
      <trkpt lat="46.496584" lon="23.255168">
        <ele>1675.626</ele>
        <time>2015-11-29T10:48:12Z</time>
      </trkpt>
      <trkpt lat="46.496650" lon="23.255244">
        <ele>1674.312</ele>
        <time>2015-11-29T10:48:21Z</time>
      </trkpt>
      <trkpt lat="46.496712" lon="23.255324">
        <ele>1672.932</ele>
        <time>2015-11-29T10:48:31Z</time>
      </trkpt>
      <trkpt lat="46.496775" lon="23.255409">
        <ele>1671.605</ele>
        <time>2015-11-29T10:48:42Z</time>
      </trkpt>
      <trkpt lat="46.496840" lon="23.255496">
        <ele>1670.408</ele>
        <time>2015-11-29T10:48:51Z</time>
      </trkpt>
      <trkpt lat="46.496914" lon="23.255553">
        <ele>1669.192</ele>
        <time>2015-11-29T10:49:00Z</time>
      </trkpt>
      <trkpt lat="46.496989" lon="23.255605">
        <ele>1667.868</ele>
        <time>2015-11-29T10:49:11Z</time>
      </trkpt>
      <trkpt lat="46.497079" lon="23.255642">
        <ele>1666.592</ele>
        <time>2015-11-29T10:49:22Z</time>
      </trkpt>
      <trkpt lat="46.497164" lon="23.255670">
        <ele>1665.380</ele>
        <time>2015-11-29T10:49:41Z</time>
      </trkpt>
      <trkpt lat="46.497244" lon="23.255698">
        <ele>1664.073</ele>
        <time>2015-11-29T10:49:55Z</time>
      </trkpt>
      <trkpt lat="46.497323" lon="23.255726">
        <ele>1662.768</ele>
        <time>2015-11-29T10:50:28Z</time>
      </trkpt>
      <trkpt lat="46.497403" lon="23.255768">
        <ele>1662.855</ele>
        <time>2015-11-29T10:50:41Z</time>
      </trkpt>
      <trkpt lat="46.497483" lon="23.255803">
        <ele>1662.942</ele>
        <time>2015-11-29T10:50:55Z</time>
      </trkpt>
      <trkpt lat="46.497561" lon="23.255854">
        <ele>1663.017</ele>
        <time>2015-11-29T10:51:04Z</time>
      </trkpt>
      <trkpt lat="46.497638" lon="23.255902">
        <ele>1663.287</ele>
        <time>2015-11-29T10:51:15Z</time>
      </trkpt>
      <trkpt lat="46.497713" lon="23.255953">
        <ele>1663.415</ele>
        <time>2015-11-29T10:51:24Z</time>
      </trkpt>
      <trkpt lat="46.497782" lon="23.256028">
        <ele>1663.508</ele>
        <time>2015-11-29T10:51:35Z</time>
      </trkpt>
      <trkpt lat="46.497858" lon="23.256078">
        <ele>1663.722</ele>
        <time>2015-11-29T10:51:46Z</time>
      </trkpt>
      <trkpt lat="46.497935" lon="23.256126">
        <ele>1662.648</ele>
        <time>2015-11-29T10:51:57Z</time>
      </trkpt>
      <trkpt lat="46.498011" lon="23.256166">
        <ele>1661.512</ele>
        <time>2015-11-29T10:52:05Z</time>
      </trkpt>
      <trkpt lat="46.498087" lon="23.256215">
        <ele>1660.540</ele>
        <time>2015-11-29T10:52:14Z</time>
      </trkpt>
      <trkpt lat="46.498161" lon="23.256277">
        <ele>1659.453</ele>
        <time>2015-11-29T10:52:24Z</time>
      </trkpt>
      <trkpt lat="46.498233" lon="23.256343">
        <ele>1658.398</ele>
        <time>2015-11-29T10:52:35Z</time>
      </trkpt>
      <trkpt lat="46.498308" lon="23.256416">
        <ele>1657.245</ele>
        <time>2015-11-29T10:52:46Z</time>
      </trkpt>
      <trkpt lat="46.498379" lon="23.256486">
        <ele>1656.182</ele>
        <time>2015-11-29T10:53:00Z</time>
      </trkpt>
      <trkpt lat="46.498448" lon="23.256559">
        <ele>1654.344</ele>
        <time>2015-11-29T10:53:10Z</time>
      </trkpt>
      <trkpt lat="46.498516" lon="23.256624">
        <ele>1652.505</ele>
        <time>2015-11-29T10:53:23Z</time>
      </trkpt>
      <trkpt lat="46.498594" lon="23.256660">
        <ele>1650.615</ele>
        <time>2015-11-29T10:53:33Z</time>
      </trkpt>
      <trkpt lat="46.498675" lon="23.256701">
        <ele>1648.808</ele>
        <time>2015-11-29T10:53:41Z</time>
      </trkpt>
      <trkpt lat="46.498756" lon="23.256727">
        <ele>1648.395</ele>
        <time>2015-11-29T10:53:52Z</time>
      </trkpt>
      <trkpt lat="46.498848" lon="23.256759">
        <ele>1647.741</ele>
        <time>2015-11-29T10:54:06Z</time>
      </trkpt>
      <trkpt lat="46.498930" lon="23.256786">
        <ele>1647.285</ele>
        <time>2015-11-29T10:54:15Z</time>
      </trkpt>
      <trkpt lat="46.499011" lon="23.256814">
        <ele>1646.623</ele>
        <time>2015-11-29T10:54:33Z</time>
      </trkpt>
      <trkpt lat="46.499093" lon="23.256831">
        <ele>1646.116</ele>
        <time>2015-11-29T10:54:45Z</time>
      </trkpt>
      <trkpt lat="46.499180" lon="23.256827">
        <ele>1645.551</ele>
        <time>2015-11-29T10:54:54Z</time>
      </trkpt>
      <trkpt lat="46.499263" lon="23.256834">
        <ele>1644.698</ele>
        <time>2015-11-29T10:55:03Z</time>
      </trkpt>
      <trkpt lat="46.499344" lon="23.256820">
        <ele>1644.335</ele>
        <time>2015-11-29T10:55:13Z</time>
      </trkpt>
      <trkpt lat="46.499429" lon="23.256789">
        <ele>1643.956</ele>
        <time>2015-11-29T10:55:25Z</time>
      </trkpt>
      <trkpt lat="46.499512" lon="23.256769">
        <ele>1643.559</ele>
        <time>2015-11-29T10:55:34Z</time>
      </trkpt>
      <trkpt lat="46.499593" lon="23.256737">
        <ele>1643.214</ele>
        <time>2015-11-29T10:55:46Z</time>
      </trkpt>
      <trkpt lat="46.499673" lon="23.256703">
        <ele>1642.808</ele>
        <time>2015-11-29T10:55:57Z</time>
      </trkpt>
      <trkpt lat="46.499762" lon="23.256685">
        <ele>1642.566</ele>
        <time>2015-11-29T10:56:07Z</time>
      </trkpt>
      <trkpt lat="46.499844" lon="23.256675">
        <ele>1642.132</ele>
        <time>2015-11-29T10:56:18Z</time>
      </trkpt>
      <trkpt lat="46.499924" lon="23.256640">
        <ele>1641.716</ele>
        <time>2015-11-29T10:56:41Z</time>
      </trkpt>
      <trkpt lat="46.500002" lon="23.256594">
        <ele>1641.464</ele>
        <time>2015-11-29T10:56:48Z</time>
      </trkpt>
      <trkpt lat="46.500087" lon="23.256562">
        <ele>1640.327</ele>
        <time>2015-11-29T10:56:58Z</time>
      </trkpt>
      <trkpt lat="46.500173" lon="23.256531">
        <ele>1639.592</ele>
        <time>2015-11-29T10:57:07Z</time>
      </trkpt>
      <trkpt lat="46.500246" lon="23.256473">
        <ele>1638.879</ele>
        <time>2015-11-29T10:57:15Z</time>
      </trkpt>
      <trkpt lat="46.500330" lon="23.256463">
        <ele>1639.356</ele>
        <time>2015-11-29T10:57:31Z</time>
      </trkpt>
      <trkpt lat="46.500410" lon="23.256402">
        <ele>1639.717</ele>
        <time>2015-11-29T10:57:43Z</time>
      </trkpt>
      <trkpt lat="46.500493" lon="23.256387">
        <ele>1640.287</ele>
        <time>2015-11-29T10:57:55Z</time>
      </trkpt>
      <trkpt lat="46.500578" lon="23.256372">
        <ele>1640.615</ele>
        <time>2015-11-29T10:58:10Z</time>
      </trkpt>
      <trkpt lat="46.500666" lon="23.256359">
        <ele>1641.108</ele>
        <time>2015-11-29T10:58:23Z</time>
      </trkpt>
      <trkpt lat="46.500743" lon="23.256318">
        <ele>1641.572</ele>
        <time>2015-11-29T10:58:31Z</time>
      </trkpt>
      <trkpt lat="46.500831" lon="23.256294">
        <ele>1640.518</ele>
        <time>2015-11-29T10:58:43Z</time>
      </trkpt>
      <trkpt lat="46.500911" lon="23.256278">
        <ele>1639.562</ele>
        <time>2015-11-29T10:58:57Z</time>
      </trkpt>
      <trkpt lat="46.500995" lon="23.256264">
        <ele>1639.350</ele>
        <time>2015-11-29T10:59:04Z</time>
      </trkpt>
      <trkpt lat="46.501077" lon="23.256238">
        <ele>1639.063</ele>
        <time>2015-11-29T10:59:15Z</time>
      </trkpt>
      <trkpt lat="46.501173" lon="23.256241">
        <ele>1638.778</ele>
        <time>2015-11-29T10:59:33Z</time>
      </trkpt>
      <trkpt lat="46.501263" lon="23.256245">
        <ele>1637.395</ele>
        <time>2015-11-29T10:59:39Z</time>
      </trkpt>
      <trkpt lat="46.501344" lon="23.256222">
        <ele>1635.872</ele>
        <time>2015-11-29T10:59:47Z</time>
      </trkpt>
      <trkpt lat="46.501426" lon="23.256202">
        <ele>1634.456</ele>
        <time>2015-11-29T10:59:56Z</time>
      </trkpt>
      <trkpt lat="46.501510" lon="23.256213">
        <ele>1632.959</ele>
        <time>2015-11-29T11:00:07Z</time>
      </trkpt>
      <trkpt lat="46.501598" lon="23.256230">
        <ele>1631.514</ele>
        <time>2015-11-29T11:00:44Z</time>
      </trkpt>
      <trkpt lat="46.501680" lon="23.256222">
        <ele>1630.008</ele>
        <time>2015-11-29T11:00:53Z</time>
      </trkpt>
      <trkpt lat="46.501785" lon="23.256226">
        <ele>1628.836</ele>
        <time>2015-11-29T11:01:09Z</time>
      </trkpt>
      <trkpt lat="46.501867" lon="23.256214">
        <ele>1627.622</ele>
        <time>2015-11-29T11:01:15Z</time>
      </trkpt>
      <trkpt lat="46.501958" lon="23.256208">
        <ele>1626.556</ele>
        <time>2015-11-29T11:01:21Z</time>
      </trkpt>
      <trkpt lat="46.502036" lon="23.256178">
        <ele>1625.314</ele>
        <time>2015-11-29T11:01:27Z</time>
      </trkpt>
      <trkpt lat="46.502120" lon="23.256169">
        <ele>1624.157</ele>
        <time>2015-11-29T11:01:33Z</time>
      </trkpt>
      <trkpt lat="46.502208" lon="23.256140">
        <ele>1622.952</ele>
        <time>2015-11-29T11:01:59Z</time>
      </trkpt>
      <trkpt lat="46.502296" lon="23.256113">
        <ele>1621.779</ele>
        <time>2015-11-29T11:02:10Z</time>
      </trkpt>
      <trkpt lat="46.502381" lon="23.256085">
        <ele>1620.556</ele>
        <time>2015-11-29T11:02:18Z</time>
      </trkpt>
      <trkpt lat="46.502473" lon="23.256091">
        <ele>1618.712</ele>
        <time>2015-11-29T11:02:28Z</time>
      </trkpt>
      <trkpt lat="46.502559" lon="23.256083">
        <ele>1616.932</ele>
        <time>2015-11-29T11:02:39Z</time>
      </trkpt>
      <trkpt lat="46.502636" lon="23.256125">
        <ele>1615.105</ele>
        <time>2015-11-29T11:02:46Z</time>
      </trkpt>
      <trkpt lat="46.502689" lon="23.256215">
        <ele>1614.508</ele>
        <time>2015-11-29T11:02:55Z</time>
      </trkpt>
      <trkpt lat="46.502707" lon="23.256340">
        <ele>1613.892</ele>
        <time>2015-11-29T11:03:07Z</time>
      </trkpt>
      <trkpt lat="46.502699" lon="23.256469">
        <ele>1613.278</ele>
        <time>2015-11-29T11:03:14Z</time>
      </trkpt>
      <trkpt lat="46.502681" lon="23.256598">
        <ele>1612.522</ele>
        <time>2015-11-29T11:03:23Z</time>
      </trkpt>
      <trkpt lat="46.502657" lon="23.256723">
        <ele>1611.910</ele>
        <time>2015-11-29T11:03:29Z</time>
      </trkpt>
      <trkpt lat="46.502671" lon="23.256847">
        <ele>1610.483</ele>
        <time>2015-11-29T11:03:36Z</time>
      </trkpt>
      <trkpt lat="46.502595" lon="23.256804">
        <ele>1608.828</ele>
        <time>2015-11-29T11:04:06Z</time>
      </trkpt>
      <trkpt lat="46.502675" lon="23.256828">
        <ele>1607.375</ele>
        <time>2015-11-29T11:14:02Z</time>
      </trkpt>
      <trkpt lat="46.502655" lon="23.256959">
        <ele>1606.462</ele>
        <time>2015-11-29T11:14:16Z</time>
      </trkpt>
      <trkpt lat="46.502609" lon="23.257068">
        <ele>1605.536</ele>
        <time>2015-11-29T11:14:23Z</time>
      </trkpt>
      <trkpt lat="46.502582" lon="23.257205">
        <ele>1604.517</ele>
        <time>2015-11-29T11:14:44Z</time>
      </trkpt>
      <trkpt lat="46.502543" lon="23.257310">
        <ele>1603.618</ele>
        <time>2015-11-29T11:15:06Z</time>
      </trkpt>
      <trkpt lat="46.502485" lon="23.257397">
        <ele>1602.708</ele>
        <time>2015-11-29T11:15:16Z</time>
      </trkpt>
      <trkpt lat="46.502431" lon="23.257494">
        <ele>1601.474</ele>
        <time>2015-11-29T11:15:22Z</time>
      </trkpt>
      <trkpt lat="46.502382" lon="23.257607">
        <ele>1601.070</ele>
        <time>2015-11-29T11:15:39Z</time>
      </trkpt>
      <trkpt lat="46.502323" lon="23.257700">
        <ele>1600.654</ele>
        <time>2015-11-29T11:15:47Z</time>
      </trkpt>
      <trkpt lat="46.502283" lon="23.257823">
        <ele>1601.252</ele>
        <time>2015-11-29T11:15:55Z</time>
      </trkpt>
      <trkpt lat="46.502238" lon="23.257925">
        <ele>1601.795</ele>
        <time>2015-11-29T11:16:02Z</time>
      </trkpt>
      <trkpt lat="46.502184" lon="23.258014">
        <ele>1602.350</ele>
        <time>2015-11-29T11:16:09Z</time>
      </trkpt>
      <trkpt lat="46.502119" lon="23.258111">
        <ele>1602.867</ele>
        <time>2015-11-29T11:16:16Z</time>
      </trkpt>
      <trkpt lat="46.502080" lon="23.258233">
        <ele>1602.974</ele>
        <time>2015-11-29T11:16:27Z</time>
      </trkpt>
      <trkpt lat="46.502042" lon="23.258342">
        <ele>1602.282</ele>
        <time>2015-11-29T11:16:44Z</time>
      </trkpt>
      <trkpt lat="46.502023" lon="23.258483">
        <ele>1601.543</ele>
        <time>2015-11-29T11:16:52Z</time>
      </trkpt>
      <trkpt lat="46.502024" lon="23.258603">
        <ele>1600.717</ele>
        <time>2015-11-29T11:17:00Z</time>
      </trkpt>
      <trkpt lat="46.502047" lon="23.258759">
        <ele>1600.508</ele>
        <time>2015-11-29T11:17:09Z</time>
      </trkpt>
      <trkpt lat="46.502096" lon="23.258853">
        <ele>1599.249</ele>
        <time>2015-11-29T11:17:16Z</time>
      </trkpt>
      <trkpt lat="46.502174" lon="23.258913">
        <ele>1597.965</ele>
        <time>2015-11-29T11:17:23Z</time>
      </trkpt>
      <trkpt lat="46.502264" lon="23.258925">
        <ele>1596.639</ele>
        <time>2015-11-29T11:17:28Z</time>
      </trkpt>
      <trkpt lat="46.502352" lon="23.258961">
        <ele>1595.457</ele>
        <time>2015-11-29T11:17:39Z</time>
      </trkpt>
      <trkpt lat="46.502435" lon="23.258990">
        <ele>1594.150</ele>
        <time>2015-11-29T11:17:47Z</time>
      </trkpt>
      <trkpt lat="46.502519" lon="23.259013">
        <ele>1592.845</ele>
        <time>2015-11-29T11:17:58Z</time>
      </trkpt>
      <trkpt lat="46.502600" lon="23.259030">
        <ele>1591.332</ele>
        <time>2015-11-29T11:18:05Z</time>
      </trkpt>
      <trkpt lat="46.502683" lon="23.259055">
        <ele>1590.559</ele>
        <time>2015-11-29T11:18:11Z</time>
      </trkpt>
      <trkpt lat="46.502763" lon="23.259085">
        <ele>1589.864</ele>
        <time>2015-11-29T11:18:32Z</time>
      </trkpt>
      <trkpt lat="46.502845" lon="23.259104">
        <ele>1589.106</ele>
        <time>2015-11-29T11:18:38Z</time>
      </trkpt>
      <trkpt lat="46.502929" lon="23.259108">
        <ele>1588.416</ele>
        <time>2015-11-29T11:18:44Z</time>
      </trkpt>
      <trkpt lat="46.503013" lon="23.259113">
        <ele>1587.608</ele>
        <time>2015-11-29T11:18:51Z</time>
      </trkpt>
      <trkpt lat="46.503096" lon="23.259120">
        <ele>1586.937</ele>
        <time>2015-11-29T11:18:58Z</time>
      </trkpt>
      <trkpt lat="46.503177" lon="23.259110">
        <ele>1586.253</ele>
        <time>2015-11-29T11:19:04Z</time>
      </trkpt>
      <trkpt lat="46.503268" lon="23.259099">
        <ele>1585.557</ele>
        <time>2015-11-29T11:19:12Z</time>
      </trkpt>
      <trkpt lat="46.503356" lon="23.259104">
        <ele>1584.785</ele>
        <time>2015-11-29T11:19:19Z</time>
      </trkpt>
      <trkpt lat="46.503439" lon="23.259134">
        <ele>1583.438</ele>
        <time>2015-11-29T11:19:33Z</time>
      </trkpt>
      <trkpt lat="46.503529" lon="23.259157">
        <ele>1582.773</ele>
        <time>2015-11-29T11:19:40Z</time>
      </trkpt>
      <trkpt lat="46.503610" lon="23.259196">
        <ele>1582.150</ele>
        <time>2015-11-29T11:19:47Z</time>
      </trkpt>
      <trkpt lat="46.503697" lon="23.259242">
        <ele>1581.537</ele>
        <time>2015-11-29T11:19:54Z</time>
      </trkpt>
      <trkpt lat="46.503768" lon="23.259301">
        <ele>1580.846</ele>
        <time>2015-11-29T11:20:02Z</time>
      </trkpt>
      <trkpt lat="46.503849" lon="23.259349">
        <ele>1580.288</ele>
        <time>2015-11-29T11:20:15Z</time>
      </trkpt>
      <trkpt lat="46.503921" lon="23.259424">
        <ele>1579.516</ele>
        <time>2015-11-29T11:20:30Z</time>
      </trkpt>
      <trkpt lat="46.504011" lon="23.259453">
        <ele>1578.908</ele>
        <time>2015-11-29T11:20:39Z</time>
      </trkpt>
      <trkpt lat="46.504091" lon="23.259479">
        <ele>1578.365</ele>
        <time>2015-11-29T11:20:45Z</time>
      </trkpt>
      <trkpt lat="46.504177" lon="23.259509">
        <ele>1577.651</ele>
        <time>2015-11-29T11:20:52Z</time>
      </trkpt>
      <trkpt lat="46.504262" lon="23.259519">
        <ele>1576.585</ele>
        <time>2015-11-29T11:20:58Z</time>
      </trkpt>
      <trkpt lat="46.504339" lon="23.259566">
        <ele>1576.313</ele>
        <time>2015-11-29T11:21:08Z</time>
      </trkpt>
      <trkpt lat="46.504421" lon="23.259599">
        <ele>1576.166</ele>
        <time>2015-11-29T11:21:28Z</time>
      </trkpt>
      <trkpt lat="46.504515" lon="23.259583">
        <ele>1575.941</ele>
        <time>2015-11-29T11:21:37Z</time>
      </trkpt>
      <trkpt lat="46.504597" lon="23.259591">
        <ele>1575.768</ele>
        <time>2015-11-29T11:21:45Z</time>
      </trkpt>
      <trkpt lat="46.504694" lon="23.259596">
        <ele>1575.555</ele>
        <time>2015-11-29T11:21:59Z</time>
      </trkpt>
      <trkpt lat="46.504768" lon="23.259667">
        <ele>1575.498</ele>
        <time>2015-11-29T11:22:07Z</time>
      </trkpt>
      <trkpt lat="46.504853" lon="23.259733">
        <ele>1575.215</ele>
        <time>2015-11-29T11:22:14Z</time>
      </trkpt>
      <trkpt lat="46.504945" lon="23.259719">
        <ele>1575.026</ele>
        <time>2015-11-29T11:22:17Z</time>
      </trkpt>
      <trkpt lat="46.505007" lon="23.259795">
        <ele>1574.808</ele>
        <time>2015-11-29T11:22:28Z</time>
      </trkpt>
      <trkpt lat="46.505086" lon="23.259840">
        <ele>1574.640</ele>
        <time>2015-11-29T11:22:37Z</time>
      </trkpt>
      <trkpt lat="46.505149" lon="23.259924">
        <ele>1575.076</ele>
        <time>2015-11-29T11:22:47Z</time>
      </trkpt>
      <trkpt lat="46.505232" lon="23.259989">
        <ele>1575.030</ele>
        <time>2015-11-29T11:22:55Z</time>
      </trkpt>
      <trkpt lat="46.505308" lon="23.260049">
        <ele>1575.068</ele>
        <time>2015-11-29T11:23:20Z</time>
      </trkpt>
      <trkpt lat="46.505395" lon="23.260097">
        <ele>1575.511</ele>
        <time>2015-11-29T11:23:28Z</time>
      </trkpt>
      <trkpt lat="46.505480" lon="23.260149">
        <ele>1576.156</ele>
        <time>2015-11-29T11:23:36Z</time>
      </trkpt>
      <trkpt lat="46.505551" lon="23.260229">
        <ele>1576.643</ele>
        <time>2015-11-29T11:23:44Z</time>
      </trkpt>
      <trkpt lat="46.505593" lon="23.260349">
        <ele>1577.250</ele>
        <time>2015-11-29T11:23:53Z</time>
      </trkpt>
      <trkpt lat="46.505650" lon="23.260447">
        <ele>1577.758</ele>
        <time>2015-11-29T11:24:03Z</time>
      </trkpt>
      <trkpt lat="46.505700" lon="23.260544">
        <ele>1578.352</ele>
        <time>2015-11-29T11:24:10Z</time>
      </trkpt>
      <trkpt lat="46.505760" lon="23.260640">
        <ele>1578.817</ele>
        <time>2015-11-29T11:24:20Z</time>
      </trkpt>
      <trkpt lat="46.505826" lon="23.260736">
        <ele>1579.408</ele>
        <time>2015-11-29T11:24:30Z</time>
      </trkpt>
      <trkpt lat="46.505892" lon="23.260812">
        <ele>1580.596</ele>
        <time>2015-11-29T11:24:37Z</time>
      </trkpt>
      <trkpt lat="46.505926" lon="23.260923">
        <ele>1581.782</ele>
        <time>2015-11-29T11:25:22Z</time>
      </trkpt>
      <trkpt lat="46.505992" lon="23.260990">
        <ele>1582.986</ele>
        <time>2015-11-29T11:25:30Z</time>
      </trkpt>
      <trkpt lat="46.506041" lon="23.261084">
        <ele>1583.444</ele>
        <time>2015-11-29T11:25:53Z</time>
      </trkpt>
      <trkpt lat="46.506091" lon="23.261186">
        <ele>1583.887</ele>
        <time>2015-11-29T11:26:01Z</time>
      </trkpt>
      <trkpt lat="46.506146" lon="23.261281">
        <ele>1584.312</ele>
        <time>2015-11-29T11:26:09Z</time>
      </trkpt>
      <trkpt lat="46.506207" lon="23.261360">
        <ele>1584.769</ele>
        <time>2015-11-29T11:26:17Z</time>
      </trkpt>
      <trkpt lat="46.506235" lon="23.261474">
        <ele>1585.246</ele>
        <time>2015-11-29T11:26:24Z</time>
      </trkpt>
      <trkpt lat="46.506280" lon="23.261576">
        <ele>1585.819</ele>
        <time>2015-11-29T11:26:33Z</time>
      </trkpt>
      <trkpt lat="46.506318" lon="23.261698">
        <ele>1586.509</ele>
        <time>2015-11-29T11:26:40Z</time>
      </trkpt>
      <trkpt lat="46.506371" lon="23.261799">
        <ele>1587.119</ele>
        <time>2015-11-29T11:26:48Z</time>
      </trkpt>
      <trkpt lat="46.506421" lon="23.261901">
        <ele>1587.108</ele>
        <time>2015-11-29T11:26:56Z</time>
      </trkpt>
      <trkpt lat="46.506464" lon="23.262013">
        <ele>1587.192</ele>
        <time>2015-11-29T11:27:05Z</time>
      </trkpt>
      <trkpt lat="46.506491" lon="23.262135">
        <ele>1587.148</ele>
        <time>2015-11-29T11:27:15Z</time>
      </trkpt>
      <trkpt lat="46.506530" lon="23.262257">
        <ele>1587.342</ele>
        <time>2015-11-29T11:27:26Z</time>
      </trkpt>
      <trkpt lat="46.506555" lon="23.262380">
        <ele>1588.120</ele>
        <time>2015-11-29T11:27:37Z</time>
      </trkpt>
      <trkpt lat="46.506557" lon="23.262520">
        <ele>1588.943</ele>
        <time>2015-11-29T11:27:45Z</time>
      </trkpt>
      <trkpt lat="46.506560" lon="23.262640">
        <ele>1590.028</ele>
        <time>2015-11-29T11:27:52Z</time>
      </trkpt>
      <trkpt lat="46.506521" lon="23.262762">
        <ele>1591.145</ele>
        <time>2015-11-29T11:28:01Z</time>
      </trkpt>
      <trkpt lat="46.506481" lon="23.262884">
        <ele>1592.092</ele>
        <time>2015-11-29T11:28:11Z</time>
      </trkpt>
      <trkpt lat="46.506420" lon="23.262973">
        <ele>1592.974</ele>
        <time>2015-11-29T11:28:20Z</time>
      </trkpt>
      <trkpt lat="46.506358" lon="23.263049">
        <ele>1593.856</ele>
        <time>2015-11-29T11:28:38Z</time>
      </trkpt>
      <trkpt lat="46.506255" lon="23.263132">
        <ele>1594.721</ele>
        <time>2015-11-29T11:28:51Z</time>
      </trkpt>
      <trkpt lat="46.506175" lon="23.263181">
        <ele>1595.608</ele>
        <time>2015-11-29T11:29:00Z</time>
      </trkpt>
      <trkpt lat="46.506101" lon="23.263242">
        <ele>1596.598</ele>
        <time>2015-11-29T11:29:10Z</time>
      </trkpt>
      <trkpt lat="46.506021" lon="23.263296">
        <ele>1597.544</ele>
        <time>2015-11-29T11:29:17Z</time>
      </trkpt>
      <trkpt lat="46.505948" lon="23.263349">
        <ele>1597.748</ele>
        <time>2015-11-29T11:29:26Z</time>
      </trkpt>
      <trkpt lat="46.505870" lon="23.263406">
        <ele>1598.096</ele>
        <time>2015-11-29T11:29:51Z</time>
      </trkpt>
      <trkpt lat="46.505800" lon="23.263474">
        <ele>1598.219</ele>
        <time>2015-11-29T11:29:59Z</time>
      </trkpt>
      <trkpt lat="46.505722" lon="23.263546">
        <ele>1599.054</ele>
        <time>2015-11-29T11:30:05Z</time>
      </trkpt>
      <trkpt lat="46.505629" lon="23.263637">
        <ele>1599.831</ele>
        <time>2015-11-29T11:30:18Z</time>
      </trkpt>
      <trkpt lat="46.505558" lon="23.263715">
        <ele>1600.668</ele>
        <time>2015-11-29T11:30:27Z</time>
      </trkpt>
      <trkpt lat="46.505488" lon="23.263783">
        <ele>1601.512</ele>
        <time>2015-11-29T11:30:35Z</time>
      </trkpt>
      <trkpt lat="46.505414" lon="23.263859">
        <ele>1602.332</ele>
        <time>2015-11-29T11:30:41Z</time>
      </trkpt>
      <trkpt lat="46.505343" lon="23.263945">
        <ele>1603.105</ele>
        <time>2015-11-29T11:30:49Z</time>
      </trkpt>
      <trkpt lat="46.505286" lon="23.264033">
        <ele>1603.908</ele>
        <time>2015-11-29T11:30:59Z</time>
      </trkpt>
      <trkpt lat="46.505216" lon="23.264118">
        <ele>1604.732</ele>
        <time>2015-11-29T11:31:08Z</time>
      </trkpt>
      <trkpt lat="46.505164" lon="23.264218">
        <ele>1605.548</ele>
        <time>2015-11-29T11:31:17Z</time>
      </trkpt>
      <trkpt lat="46.505102" lon="23.264310">
        <ele>1607.092</ele>
        <time>2015-11-29T11:31:25Z</time>
      </trkpt>
      <trkpt lat="46.505041" lon="23.264389">
        <ele>1608.360</ele>
        <time>2015-11-29T11:31:35Z</time>
      </trkpt>
      <trkpt lat="46.504979" lon="23.264469">
        <ele>1608.973</ele>
        <time>2015-11-29T11:32:21Z</time>
      </trkpt>
      <trkpt lat="46.504911" lon="23.264550">
        <ele>1609.598</ele>
        <time>2015-11-29T11:32:32Z</time>
      </trkpt>
      <trkpt lat="46.504852" lon="23.264639">
        <ele>1610.245</ele>
        <time>2015-11-29T11:32:40Z</time>
      </trkpt>
      <trkpt lat="46.504781" lon="23.264708">
        <ele>1610.852</ele>
        <time>2015-11-29T11:32:47Z</time>
      </trkpt>
      <trkpt lat="46.504715" lon="23.264786">
        <ele>1611.544</ele>
        <time>2015-11-29T11:32:58Z</time>
      </trkpt>
      <trkpt lat="46.504663" lon="23.264880">
        <ele>1612.105</ele>
        <time>2015-11-29T11:33:13Z</time>
      </trkpt>
      <trkpt lat="46.504609" lon="23.264979">
        <ele>1613.515</ele>
        <time>2015-11-29T11:33:24Z</time>
      </trkpt>
      <trkpt lat="46.504576" lon="23.265091">
        <ele>1614.808</ele>
        <time>2015-11-29T11:33:32Z</time>
      </trkpt>
      <trkpt lat="46.504539" lon="23.265199">
        <ele>1616.075</ele>
        <time>2015-11-29T11:33:38Z</time>
      </trkpt>
      <trkpt lat="46.504507" lon="23.265324">
        <ele>1616.511</ele>
        <time>2015-11-29T11:33:47Z</time>
      </trkpt>
      <trkpt lat="46.504522" lon="23.265440">
        <ele>1617.115</ele>
        <time>2015-11-29T11:34:09Z</time>
      </trkpt>
      <trkpt lat="46.504567" lon="23.265538">
        <ele>1617.633</ele>
        <time>2015-11-29T11:34:16Z</time>
      </trkpt>
      <trkpt lat="46.504614" lon="23.265647">
        <ele>1618.296</ele>
        <time>2015-11-29T11:34:23Z</time>
      </trkpt>
      <trkpt lat="46.504670" lon="23.265741">
        <ele>1618.791</ele>
        <time>2015-11-29T11:34:31Z</time>
      </trkpt>
      <trkpt lat="46.504742" lon="23.265823">
        <ele>1619.338</ele>
        <time>2015-11-29T11:34:39Z</time>
      </trkpt>
      <trkpt lat="46.504813" lon="23.265899">
        <ele>1619.875</ele>
        <time>2015-11-29T11:34:49Z</time>
      </trkpt>
      <trkpt lat="46.504886" lon="23.265964">
        <ele>1620.489</ele>
        <time>2015-11-29T11:34:54Z</time>
      </trkpt>
      <trkpt lat="46.504938" lon="23.266057">
        <ele>1621.106</ele>
        <time>2015-11-29T11:35:04Z</time>
      </trkpt>
      <trkpt lat="46.505005" lon="23.266129">
        <ele>1621.826</ele>
        <time>2015-11-29T11:35:11Z</time>
      </trkpt>
      <trkpt lat="46.505085" lon="23.266184">
        <ele>1622.008</ele>
        <time>2015-11-29T11:35:18Z</time>
      </trkpt>
      <trkpt lat="46.505153" lon="23.266264">
        <ele>1622.219</ele>
        <time>2015-11-29T11:35:27Z</time>
      </trkpt>
      <trkpt lat="46.505224" lon="23.266333">
        <ele>1622.425</ele>
        <time>2015-11-29T11:35:41Z</time>
      </trkpt>
      <trkpt lat="46.505304" lon="23.266397">
        <ele>1622.599</ele>
        <time>2015-11-29T11:36:05Z</time>
      </trkpt>
      <trkpt lat="46.505385" lon="23.266433">
        <ele>1622.787</ele>
        <time>2015-11-29T11:36:11Z</time>
      </trkpt>
      <trkpt lat="46.505470" lon="23.266486">
        <ele>1622.920</ele>
        <time>2015-11-29T11:36:18Z</time>
      </trkpt>
      <trkpt lat="46.505547" lon="23.266538">
        <ele>1623.155</ele>
        <time>2015-11-29T11:36:26Z</time>
      </trkpt>
      <trkpt lat="46.505625" lon="23.266575">
        <ele>1623.352</ele>
        <time>2015-11-29T11:36:34Z</time>
      </trkpt>
      <trkpt lat="46.505695" lon="23.266639">
        <ele>1623.589</ele>
        <time>2015-11-29T11:39:57Z</time>
      </trkpt>
      <trkpt lat="46.505792" lon="23.266688">
        <ele>1622.742</ele>
        <time>2015-11-29T11:40:13Z</time>
      </trkpt>
      <trkpt lat="46.505879" lon="23.266722">
        <ele>1621.522</ele>
        <time>2015-11-29T11:40:20Z</time>
      </trkpt>
      <trkpt lat="46.505959" lon="23.266766">
        <ele>1620.914</ele>
        <time>2015-11-29T11:40:28Z</time>
      </trkpt>
      <trkpt lat="46.506043" lon="23.266786">
        <ele>1620.408</ele>
        <time>2015-11-29T11:40:36Z</time>
      </trkpt>
      <trkpt lat="46.506125" lon="23.266818">
        <ele>1619.835</ele>
        <time>2015-11-29T11:40:44Z</time>
      </trkpt>
      <trkpt lat="46.506203" lon="23.266849">
        <ele>1620.561</ele>
        <time>2015-11-29T11:40:52Z</time>
      </trkpt>
      <trkpt lat="46.506284" lon="23.266885">
        <ele>1621.175</ele>
        <time>2015-11-29T11:41:02Z</time>
      </trkpt>
      <trkpt lat="46.506355" lon="23.266957">
        <ele>1621.783</ele>
        <time>2015-11-29T11:41:11Z</time>
      </trkpt>
      <trkpt lat="46.506429" lon="23.267017">
        <ele>1622.436</ele>
        <time>2015-11-29T11:41:18Z</time>
      </trkpt>
      <trkpt lat="46.506504" lon="23.267068">
        <ele>1623.031</ele>
        <time>2015-11-29T11:41:27Z</time>
      </trkpt>
      <trkpt lat="46.506543" lon="23.267181">
        <ele>1623.638</ele>
        <time>2015-11-29T11:41:41Z</time>
      </trkpt>
      <trkpt lat="46.506517" lon="23.267315">
        <ele>1624.345</ele>
        <time>2015-11-29T11:41:49Z</time>
      </trkpt>
      <trkpt lat="46.506611" lon="23.267255">
        <ele>1625.566</ele>
        <time>2015-11-29T11:41:53Z</time>
      </trkpt>
      <trkpt lat="46.506693" lon="23.267291">
        <ele>1626.629</ele>
        <time>2015-11-29T11:42:28Z</time>
      </trkpt>
      <trkpt lat="46.506739" lon="23.267388">
        <ele>1627.021</ele>
        <time>2015-11-29T11:42:51Z</time>
      </trkpt>
      <trkpt lat="46.506825" lon="23.267394">
        <ele>1627.408</ele>
        <time>2015-11-29T11:43:31Z</time>
      </trkpt>
      <trkpt lat="46.506913" lon="23.267434">
        <ele>1626.537</ele>
        <time>2015-11-29T11:43:41Z</time>
      </trkpt>
      <trkpt lat="46.507001" lon="23.267451">
        <ele>1625.733</ele>
        <time>2015-11-29T11:43:51Z</time>
      </trkpt>
      <trkpt lat="46.507085" lon="23.267466">
        <ele>1624.957</ele>
        <time>2015-11-29T11:43:57Z</time>
      </trkpt>
      <trkpt lat="46.507168" lon="23.267476">
        <ele>1624.165</ele>
        <time>2015-11-29T11:44:03Z</time>
      </trkpt>
      <trkpt lat="46.507253" lon="23.267501">
        <ele>1623.388</ele>
        <time>2015-11-29T11:44:11Z</time>
      </trkpt>
      <trkpt lat="46.507335" lon="23.267518">
        <ele>1622.593</ele>
        <time>2015-11-29T11:44:19Z</time>
      </trkpt>
      <trkpt lat="46.507418" lon="23.267537">
        <ele>1621.660</ele>
        <time>2015-11-29T11:44:28Z</time>
      </trkpt>
      <trkpt lat="46.507496" lon="23.267574">
        <ele>1620.827</ele>
        <time>2015-11-29T11:44:38Z</time>
      </trkpt>
      <trkpt lat="46.507585" lon="23.267611">
        <ele>1619.022</ele>
        <time>2015-11-29T11:44:45Z</time>
      </trkpt>
      <trkpt lat="46.507674" lon="23.267680">
        <ele>1618.062</ele>
        <time>2015-11-29T11:45:14Z</time>
      </trkpt>
      <trkpt lat="46.507755" lon="23.267695">
        <ele>1617.008</ele>
        <time>2015-11-29T11:45:25Z</time>
      </trkpt>
      <trkpt lat="46.507841" lon="23.267731">
        <ele>1616.908</ele>
        <time>2015-11-29T11:45:33Z</time>
      </trkpt>
      <trkpt lat="46.507925" lon="23.267783">
        <ele>1616.813</ele>
        <time>2015-11-29T11:45:40Z</time>
      </trkpt>
      <trkpt lat="46.507996" lon="23.267842">
        <ele>1616.749</ele>
        <time>2015-11-29T11:45:50Z</time>
      </trkpt>
      <trkpt lat="46.508064" lon="23.267907">
        <ele>1616.663</ele>
        <time>2015-11-29T11:46:01Z</time>
      </trkpt>
      <trkpt lat="46.508127" lon="23.267986">
        <ele>1616.591</ele>
        <time>2015-11-29T11:46:10Z</time>
      </trkpt>
      <trkpt lat="46.508196" lon="23.268052">
        <ele>1616.574</ele>
        <time>2015-11-29T11:46:18Z</time>
      </trkpt>
      <trkpt lat="46.508272" lon="23.268134">
        <ele>1616.489</ele>
        <time>2015-11-29T11:46:27Z</time>
      </trkpt>
      <trkpt lat="46.508327" lon="23.268230">
        <ele>1616.376</ele>
        <time>2015-11-29T11:46:36Z</time>
      </trkpt>
      <trkpt lat="46.508395" lon="23.268323">
        <ele>1617.243</ele>
        <time>2015-11-29T11:46:45Z</time>
      </trkpt>
      <trkpt lat="46.508463" lon="23.268414">
        <ele>1617.531</ele>
        <time>2015-11-29T11:46:54Z</time>
      </trkpt>
      <trkpt lat="46.508542" lon="23.268476">
        <ele>1617.761</ele>
        <time>2015-11-29T11:48:11Z</time>
      </trkpt>
      <trkpt lat="46.508611" lon="23.268540">
        <ele>1618.107</ele>
        <time>2015-11-29T11:48:26Z</time>
      </trkpt>
      <trkpt lat="46.508697" lon="23.268586">
        <ele>1618.508</ele>
        <time>2015-11-29T11:48:32Z</time>
      </trkpt>
      <trkpt lat="46.508770" lon="23.268659">
        <ele>1618.834</ele>
        <time>2015-11-29T11:48:40Z</time>
      </trkpt>
      <trkpt lat="46.508830" lon="23.268744">
        <ele>1619.280</ele>
        <time>2015-11-29T11:48:49Z</time>
      </trkpt>
      <trkpt lat="46.508912" lon="23.268805">
        <ele>1619.544</ele>
        <time>2015-11-29T11:48:56Z</time>
      </trkpt>
      <trkpt lat="46.508997" lon="23.268857">
        <ele>1619.912</ele>
        <time>2015-11-29T11:49:02Z</time>
      </trkpt>
      <trkpt lat="46.509070" lon="23.268907">
        <ele>1620.325</ele>
        <time>2015-11-29T11:49:09Z</time>
      </trkpt>
      <trkpt lat="46.509150" lon="23.268971">
        <ele>1620.670</ele>
        <time>2015-11-29T11:49:16Z</time>
      </trkpt>
      <trkpt lat="46.509232" lon="23.269024">
        <ele>1620.447</ele>
        <time>2015-11-29T11:49:24Z</time>
      </trkpt>
      <trkpt lat="46.509304" lon="23.269080">
        <ele>1620.784</ele>
        <time>2015-11-29T11:49:33Z</time>
      </trkpt>
      <trkpt lat="46.509392" lon="23.269154">
        <ele>1621.175</ele>
        <time>2015-11-29T11:49:49Z</time>
      </trkpt>
      <trkpt lat="46.509464" lon="23.269210">
        <ele>1620.528</ele>
        <time>2015-11-29T11:49:56Z</time>
      </trkpt>
      <trkpt lat="46.509539" lon="23.269259">
        <ele>1619.820</ele>
        <time>2015-11-29T11:50:02Z</time>
      </trkpt>
      <trkpt lat="46.509623" lon="23.269288">
        <ele>1619.208</ele>
        <time>2015-11-29T11:50:08Z</time>
      </trkpt>
      <trkpt lat="46.509716" lon="23.269306">
        <ele>1618.538</ele>
        <time>2015-11-29T11:50:15Z</time>
      </trkpt>
      <trkpt lat="46.509806" lon="23.269333">
        <ele>1617.924</ele>
        <time>2015-11-29T11:50:20Z</time>
      </trkpt>
      <trkpt lat="46.509892" lon="23.269358">
        <ele>1618.248</ele>
        <time>2015-11-29T11:50:29Z</time>
      </trkpt>
      <trkpt lat="46.509982" lon="23.269391">
        <ele>1618.596</ele>
        <time>2015-11-29T11:50:36Z</time>
      </trkpt>
      <trkpt lat="46.510063" lon="23.269444">
        <ele>1618.789</ele>
        <time>2015-11-29T11:50:44Z</time>
      </trkpt>
      <trkpt lat="46.510138" lon="23.269505">
        <ele>1619.654</ele>
        <time>2015-11-29T11:50:51Z</time>
      </trkpt>
      <trkpt lat="46.510184" lon="23.269605">
        <ele>1620.551</ele>
        <time>2015-11-29T11:50:59Z</time>
      </trkpt>
      <trkpt lat="46.510248" lon="23.269697">
        <ele>1621.518</ele>
        <time>2015-11-29T11:51:07Z</time>
      </trkpt>
      <trkpt lat="46.510295" lon="23.269799">
        <ele>1621.761</ele>
        <time>2015-11-29T11:51:27Z</time>
      </trkpt>
      <trkpt lat="46.510337" lon="23.269906">
        <ele>1622.521</ele>
        <time>2015-11-29T11:51:36Z</time>
      </trkpt>
      <trkpt lat="46.510363" lon="23.270044">
        <ele>1623.413</ele>
        <time>2015-11-29T11:51:48Z</time>
      </trkpt>
      <trkpt lat="46.510390" lon="23.270174">
        <ele>1624.208</ele>
        <time>2015-11-29T11:51:57Z</time>
      </trkpt>
      <trkpt lat="46.510429" lon="23.270292">
        <ele>1625.057</ele>
        <time>2015-11-29T11:52:07Z</time>
      </trkpt>
      <trkpt lat="46.510456" lon="23.270409">
        <ele>1624.953</ele>
        <time>2015-11-29T11:52:18Z</time>
      </trkpt>
      <trkpt lat="46.510488" lon="23.270519">
        <ele>1624.867</ele>
        <time>2015-11-29T11:52:26Z</time>
      </trkpt>
      <trkpt lat="46.510519" lon="23.270641">
        <ele>1624.795</ele>
        <time>2015-11-29T11:52:36Z</time>
      </trkpt>
      <trkpt lat="46.510589" lon="23.270720">
        <ele>1624.688</ele>
        <time>2015-11-29T11:52:47Z</time>
      </trkpt>
      <trkpt lat="46.510649" lon="23.270807">
        <ele>1624.573</ele>
        <time>2015-11-29T11:52:55Z</time>
      </trkpt>
      <trkpt lat="46.510724" lon="23.270890">
        <ele>1624.560</ele>
        <time>2015-11-29T11:53:03Z</time>
      </trkpt>
      <trkpt lat="46.510796" lon="23.270952">
        <ele>1625.077</ele>
        <time>2015-11-29T11:53:13Z</time>
      </trkpt>
      <trkpt lat="46.510864" lon="23.271023">
        <ele>1623.927</ele>
        <time>2015-11-29T11:53:22Z</time>
      </trkpt>
      <trkpt lat="46.510938" lon="23.271074">
        <ele>1622.868</ele>
        <time>2015-11-29T11:53:28Z</time>
      </trkpt>
      <trkpt lat="46.511022" lon="23.271109">
        <ele>1621.714</ele>
        <time>2015-11-29T11:53:35Z</time>
      </trkpt>
      <trkpt lat="46.511099" lon="23.271155">
        <ele>1620.608</ele>
        <time>2015-11-29T11:53:44Z</time>
      </trkpt>
      <trkpt lat="46.511179" lon="23.271191">
        <ele>1620.693</ele>
        <time>2015-11-29T11:53:53Z</time>
      </trkpt>
      <trkpt lat="46.511260" lon="23.271213">
        <ele>1620.679</ele>
        <time>2015-11-29T11:54:02Z</time>
      </trkpt>
      <trkpt lat="46.511339" lon="23.271244">
        <ele>1620.673</ele>
        <time>2015-11-29T11:54:23Z</time>
      </trkpt>
      <trkpt lat="46.511428" lon="23.271253">
        <ele>1620.671</ele>
        <time>2015-11-29T11:54:31Z</time>
      </trkpt>
      <trkpt lat="46.511519" lon="23.271272">
        <ele>1620.634</ele>
        <time>2015-11-29T11:54:41Z</time>
      </trkpt>
      <trkpt lat="46.511601" lon="23.271322">
        <ele>1620.699</ele>
        <time>2015-11-29T11:54:49Z</time>
      </trkpt>
      <trkpt lat="46.511683" lon="23.271348">
        <ele>1620.636</ele>
        <time>2015-11-29T11:54:57Z</time>
      </trkpt>
      <trkpt lat="46.511763" lon="23.271369">
        <ele>1621.063</ele>
        <time>2015-11-29T11:55:05Z</time>
      </trkpt>
      <trkpt lat="46.511852" lon="23.271375">
        <ele>1621.481</ele>
        <time>2015-11-29T11:55:14Z</time>
      </trkpt>
      <trkpt lat="46.511932" lon="23.271399">
        <ele>1621.761</ele>
        <time>2015-11-29T11:55:21Z</time>
      </trkpt>
      <trkpt lat="46.512029" lon="23.271434">
        <ele>1622.117</ele>
        <time>2015-11-29T11:55:30Z</time>
      </trkpt>
      <trkpt lat="46.512103" lon="23.271500">
        <ele>1621.408</ele>
        <time>2015-11-29T11:55:37Z</time>
      </trkpt>
      <trkpt lat="46.512171" lon="23.271574">
        <ele>1620.689</ele>
        <time>2015-11-29T11:55:45Z</time>
      </trkpt>
      <trkpt lat="46.512249" lon="23.271619">
        <ele>1619.935</ele>
        <time>2015-11-29T11:55:53Z</time>
      </trkpt>
      <trkpt lat="46.512338" lon="23.271665">
        <ele>1619.299</ele>
        <time>2015-11-29T11:56:03Z</time>
      </trkpt>
      <trkpt lat="46.512419" lon="23.271720">
        <ele>1618.547</ele>
        <time>2015-11-29T11:56:10Z</time>
      </trkpt>
      <trkpt lat="46.512486" lon="23.271787">
        <ele>1617.740</ele>
        <time>2015-11-29T11:56:18Z</time>
      </trkpt>
      <trkpt lat="46.512559" lon="23.271857">
        <ele>1616.975</ele>
        <time>2015-11-29T11:56:26Z</time>
      </trkpt>
      <trkpt lat="46.512636" lon="23.271901">
        <ele>1616.852</ele>
        <time>2015-11-29T11:56:33Z</time>
      </trkpt>
      <trkpt lat="46.512725" lon="23.271923">
        <ele>1616.759</ele>
        <time>2015-11-29T11:56:44Z</time>
      </trkpt>
      <trkpt lat="46.512816" lon="23.271928">
        <ele>1616.664</ele>
        <time>2015-11-29T11:56:52Z</time>
      </trkpt>
      <trkpt lat="46.512897" lon="23.271949">
        <ele>1616.506</ele>
        <time>2015-11-29T11:56:59Z</time>
      </trkpt>
      <trkpt lat="46.512981" lon="23.271948">
        <ele>1616.516</ele>
        <time>2015-11-29T11:57:10Z</time>
      </trkpt>
      <trkpt lat="46.513069" lon="23.271983">
        <ele>1616.408</ele>
        <time>2015-11-29T11:57:20Z</time>
      </trkpt>
      <trkpt lat="46.513159" lon="23.272006">
        <ele>1616.377</ele>
        <time>2015-11-29T11:57:27Z</time>
      </trkpt>
      <trkpt lat="46.513250" lon="23.272015">
        <ele>1616.223</ele>
        <time>2015-11-29T11:57:35Z</time>
      </trkpt>
      <trkpt lat="46.513335" lon="23.272044">
        <ele>1616.167</ele>
        <time>2015-11-29T11:57:44Z</time>
      </trkpt>
      <trkpt lat="46.513424" lon="23.272065">
        <ele>1616.765</ele>
        <time>2015-11-29T11:57:52Z</time>
      </trkpt>
      <trkpt lat="46.513511" lon="23.272080">
        <ele>1617.568</ele>
        <time>2015-11-29T11:58:01Z</time>
      </trkpt>
      <trkpt lat="46.513604" lon="23.272086">
        <ele>1618.283</ele>
        <time>2015-11-29T11:58:09Z</time>
      </trkpt>
      <trkpt lat="46.513693" lon="23.272095">
        <ele>1618.920</ele>
        <time>2015-11-29T11:58:17Z</time>
      </trkpt>
      <trkpt lat="46.513778" lon="23.272091">
        <ele>1619.637</ele>
        <time>2015-11-29T11:58:25Z</time>
      </trkpt>
      <trkpt lat="46.513852" lon="23.272142">
        <ele>1620.457</ele>
        <time>2015-11-29T11:58:35Z</time>
      </trkpt>
      <trkpt lat="46.513937" lon="23.272130">
        <ele>1621.100</ele>
        <time>2015-11-29T11:58:44Z</time>
      </trkpt>
      <trkpt lat="46.514015" lon="23.272180">
        <ele>1621.820</ele>
        <time>2015-11-29T11:58:53Z</time>
      </trkpt>
      <trkpt lat="46.514097" lon="23.272222">
        <ele>1622.508</ele>
        <time>2015-11-29T11:59:01Z</time>
      </trkpt>
      <trkpt lat="46.514183" lon="23.272253">
        <ele>1623.396</ele>
        <time>2015-11-29T11:59:13Z</time>
      </trkpt>
      <trkpt lat="46.514261" lon="23.272285">
        <ele>1623.812</ele>
        <time>2015-11-29T11:59:20Z</time>
      </trkpt>
      <trkpt lat="46.514349" lon="23.272315">
        <ele>1623.666</ele>
        <time>2015-11-29T11:59:31Z</time>
      </trkpt>
      <trkpt lat="46.514417" lon="23.272379">
        <ele>1623.564</ele>
        <time>2015-11-29T11:59:39Z</time>
      </trkpt>
      <trkpt lat="46.514498" lon="23.272438">
        <ele>1623.347</ele>
        <time>2015-11-29T11:59:50Z</time>
      </trkpt>
      <trkpt lat="46.514577" lon="23.272482">
        <ele>1623.172</ele>
        <time>2015-11-29T11:59:59Z</time>
      </trkpt>
      <trkpt lat="46.514658" lon="23.272527">
        <ele>1622.939</ele>
        <time>2015-11-29T12:00:08Z</time>
      </trkpt>
      <trkpt lat="46.514739" lon="23.272566">
        <ele>1622.716</ele>
        <time>2015-11-29T12:00:16Z</time>
      </trkpt>
      <trkpt lat="46.514811" lon="23.272624">
        <ele>1622.526</ele>
        <time>2015-11-29T12:00:26Z</time>
      </trkpt>
      <trkpt lat="46.514902" lon="23.272657">
        <ele>1622.447</ele>
        <time>2015-11-29T12:00:36Z</time>
      </trkpt>
      <trkpt lat="46.514981" lon="23.272686">
        <ele>1622.211</ele>
        <time>2015-11-29T12:00:46Z</time>
      </trkpt>
      <trkpt lat="46.515071" lon="23.272688">
        <ele>1622.308</ele>
        <time>2015-11-29T12:00:54Z</time>
      </trkpt>
      <trkpt lat="46.515152" lon="23.272684">
        <ele>1622.543</ele>
        <time>2015-11-29T12:01:00Z</time>
      </trkpt>
      <trkpt lat="46.515236" lon="23.272690">
        <ele>1622.879</ele>
        <time>2015-11-29T12:01:14Z</time>
      </trkpt>
      <trkpt lat="46.515318" lon="23.272701">
        <ele>1623.163</ele>
        <time>2015-11-29T12:01:21Z</time>
      </trkpt>
      <trkpt lat="46.515404" lon="23.272709">
        <ele>1623.471</ele>
        <time>2015-11-29T12:01:30Z</time>
      </trkpt>
      <trkpt lat="46.515488" lon="23.272721">
        <ele>1623.684</ele>
        <time>2015-11-29T12:01:38Z</time>
      </trkpt>
      <trkpt lat="46.515566" lon="23.272761">
        <ele>1623.969</ele>
        <time>2015-11-29T12:01:49Z</time>
      </trkpt>
      <trkpt lat="46.515644" lon="23.272793">
        <ele>1624.296</ele>
        <time>2015-11-29T12:01:56Z</time>
      </trkpt>
      <trkpt lat="46.515725" lon="23.272822">
        <ele>1625.493</ele>
        <time>2015-11-29T12:02:05Z</time>
      </trkpt>
      <trkpt lat="46.515807" lon="23.272850">
        <ele>1626.553</ele>
        <time>2015-11-29T12:02:14Z</time>
      </trkpt>
      <trkpt lat="46.515898" lon="23.272868">
        <ele>1627.804</ele>
        <time>2015-11-29T12:02:22Z</time>
      </trkpt>
      <trkpt lat="46.515984" lon="23.272896">
        <ele>1628.814</ele>
        <time>2015-11-29T12:02:30Z</time>
      </trkpt>
      <trkpt lat="46.516065" lon="23.272911">
        <ele>1629.808</ele>
        <time>2015-11-29T12:02:41Z</time>
      </trkpt>
      <trkpt lat="46.516150" lon="23.272943">
        <ele>1630.836</ele>
        <time>2015-11-29T12:02:49Z</time>
      </trkpt>
      <trkpt lat="46.516231" lon="23.272986">
        <ele>1631.852</ele>
        <time>2015-11-29T12:03:00Z</time>
      </trkpt>
      <trkpt lat="46.516314" lon="23.272999">
        <ele>1632.816</ele>
        <time>2015-11-29T12:03:17Z</time>
      </trkpt>
      <trkpt lat="46.516402" lon="23.273027">
        <ele>1633.874</ele>
        <time>2015-11-29T12:03:26Z</time>
      </trkpt>
      <trkpt lat="46.516484" lon="23.273046">
        <ele>1634.887</ele>
        <time>2015-11-29T12:05:04Z</time>
      </trkpt>
      <trkpt lat="46.516560" lon="23.273100">
        <ele>1635.882</ele>
        <time>2015-11-29T12:05:34Z</time>
      </trkpt>
      <trkpt lat="46.516643" lon="23.273119">
        <ele>1635.989</ele>
        <time>2015-11-29T12:05:42Z</time>
      </trkpt>
      <trkpt lat="46.516727" lon="23.273127">
        <ele>1636.046</ele>
        <time>2015-11-29T12:05:50Z</time>
      </trkpt>
      <trkpt lat="46.516809" lon="23.273125">
        <ele>1635.526</ele>
        <time>2015-11-29T12:05:59Z</time>
      </trkpt>
      <trkpt lat="46.516898" lon="23.273115">
        <ele>1635.147</ele>
        <time>2015-11-29T12:06:11Z</time>
      </trkpt>
      <trkpt lat="46.516976" lon="23.273080">
        <ele>1634.611</ele>
        <time>2015-11-29T12:06:19Z</time>
      </trkpt>
      <trkpt lat="46.517065" lon="23.273069">
        <ele>1634.208</ele>
        <time>2015-11-29T12:06:29Z</time>
      </trkpt>
      <trkpt lat="46.517127" lon="23.272989">
        <ele>1633.723</ele>
        <time>2015-11-29T12:06:38Z</time>
      </trkpt>
      <trkpt lat="46.517199" lon="23.272913">
        <ele>1633.339</ele>
        <time>2015-11-29T12:06:46Z</time>
      </trkpt>
      <trkpt lat="46.517290" lon="23.272881">
        <ele>1632.873</ele>
        <time>2015-11-29T12:06:55Z</time>
      </trkpt>
      <trkpt lat="46.517372" lon="23.272846">
        <ele>1632.411</ele>
        <time>2015-11-29T12:07:04Z</time>
      </trkpt>
      <trkpt lat="46.517441" lon="23.272777">
        <ele>1631.934</ele>
        <time>2015-11-29T12:07:11Z</time>
      </trkpt>
      <trkpt lat="46.517515" lon="23.272719">
        <ele>1631.579</ele>
        <time>2015-11-29T12:07:18Z</time>
      </trkpt>
      <trkpt lat="46.517597" lon="23.272625">
        <ele>1631.066</ele>
        <time>2015-11-29T12:07:26Z</time>
      </trkpt>
      <trkpt lat="46.517677" lon="23.272570">
        <ele>1631.193</ele>
        <time>2015-11-29T12:07:40Z</time>
      </trkpt>
      <trkpt lat="46.517760" lon="23.272534">
        <ele>1631.234</ele>
        <time>2015-11-29T12:07:53Z</time>
      </trkpt>
      <trkpt lat="46.517821" lon="23.272445">
        <ele>1631.355</ele>
        <time>2015-11-29T12:09:29Z</time>
      </trkpt>
      <trkpt lat="46.517891" lon="23.272371">
        <ele>1631.410</ele>
        <time>2015-11-29T12:09:39Z</time>
      </trkpt>
      <trkpt lat="46.517968" lon="23.272300">
        <ele>1631.508</ele>
        <time>2015-11-29T12:09:47Z</time>
      </trkpt>
      <trkpt lat="46.518055" lon="23.272258">
        <ele>1631.594</ele>
        <time>2015-11-29T12:09:55Z</time>
      </trkpt>
      <trkpt lat="46.518144" lon="23.272246">
        <ele>1631.640</ele>
        <time>2015-11-29T12:10:02Z</time>
      </trkpt>
      <trkpt lat="46.518230" lon="23.272217">
        <ele>1631.714</ele>
        <time>2015-11-29T12:10:09Z</time>
      </trkpt>
      <trkpt lat="46.518310" lon="23.272176">
        <ele>1631.822</ele>
        <time>2015-11-29T12:10:16Z</time>
      </trkpt>
      <trkpt lat="46.518394" lon="23.272140">
        <ele>1630.945</ele>
        <time>2015-11-29T12:10:24Z</time>
      </trkpt>
      <trkpt lat="46.518476" lon="23.272120">
        <ele>1630.080</ele>
        <time>2015-11-29T12:10:31Z</time>
      </trkpt>
      <trkpt lat="46.518560" lon="23.272121">
        <ele>1629.067</ele>
        <time>2015-11-29T12:11:23Z</time>
      </trkpt>
      <trkpt lat="46.518647" lon="23.272122">
        <ele>1628.064</ele>
        <time>2015-11-29T12:12:37Z</time>
      </trkpt>
      <trkpt lat="46.518739" lon="23.272140">
        <ele>1627.072</ele>
        <time>2015-11-29T12:12:44Z</time>
      </trkpt>
      <trkpt lat="46.518820" lon="23.272170">
        <ele>1626.013</ele>
        <time>2015-11-29T12:12:53Z</time>
      </trkpt>
      <trkpt lat="46.518909" lon="23.272199">
        <ele>1625.014</ele>
        <time>2015-11-29T12:13:02Z</time>
      </trkpt>
      <trkpt lat="46.518995" lon="23.272237">
        <ele>1624.008</ele>
        <time>2015-11-29T12:13:16Z</time>
      </trkpt>
      <trkpt lat="46.519073" lon="23.272293">
        <ele>1623.098</ele>
        <time>2015-11-29T12:13:26Z</time>
      </trkpt>
      <trkpt lat="46.519144" lon="23.272350">
        <ele>1622.014</ele>
        <time>2015-11-29T12:13:32Z</time>
      </trkpt>
      <trkpt lat="46.519232" lon="23.272406">
        <ele>1620.148</ele>
        <time>2015-11-29T12:13:39Z</time>
      </trkpt>
      <trkpt lat="46.519314" lon="23.272463">
        <ele>1619.246</ele>
        <time>2015-11-29T12:13:46Z</time>
      </trkpt>
      <trkpt lat="46.519389" lon="23.272509">
        <ele>1618.329</ele>
        <time>2015-11-29T12:13:53Z</time>
      </trkpt>
      <trkpt lat="46.519470" lon="23.272552">
        <ele>1617.444</ele>
        <time>2015-11-29T12:14:01Z</time>
      </trkpt>
      <trkpt lat="46.519548" lon="23.272597">
        <ele>1616.511</ele>
        <time>2015-11-29T12:14:08Z</time>
      </trkpt>
      <trkpt lat="46.519627" lon="23.272643">
        <ele>1615.528</ele>
        <time>2015-11-29T12:14:15Z</time>
      </trkpt>
      <trkpt lat="46.519709" lon="23.272674">
        <ele>1614.692</ele>
        <time>2015-11-29T12:14:22Z</time>
      </trkpt>
      <trkpt lat="46.519794" lon="23.272719">
        <ele>1613.773</ele>
        <time>2015-11-29T12:14:32Z</time>
      </trkpt>
      <trkpt lat="46.519872" lon="23.272757">
        <ele>1612.820</ele>
        <time>2015-11-29T12:14:40Z</time>
      </trkpt>
      <trkpt lat="46.519958" lon="23.272786">
        <ele>1611.908</ele>
        <time>2015-11-29T12:14:48Z</time>
      </trkpt>
      <trkpt lat="46.520043" lon="23.272806">
        <ele>1610.530</ele>
        <time>2015-11-29T12:14:56Z</time>
      </trkpt>
      <trkpt lat="46.520123" lon="23.272834">
        <ele>1609.936</ele>
        <time>2015-11-29T12:15:03Z</time>
      </trkpt>
      <trkpt lat="46.520212" lon="23.272857">
        <ele>1609.450</ele>
        <time>2015-11-29T12:15:12Z</time>
      </trkpt>
      <trkpt lat="46.520295" lon="23.272880">
        <ele>1608.878</ele>
        <time>2015-11-29T12:15:19Z</time>
      </trkpt>
      <trkpt lat="46.520379" lon="23.272918">
        <ele>1608.321</ele>
        <time>2015-11-29T12:15:28Z</time>
      </trkpt>
      <trkpt lat="46.520458" lon="23.272959">
        <ele>1607.726</ele>
        <time>2015-11-29T12:15:36Z</time>
      </trkpt>
      <trkpt lat="46.520536" lon="23.273015">
        <ele>1607.283</ele>
        <time>2015-11-29T12:15:44Z</time>
      </trkpt>
      <trkpt lat="46.520624" lon="23.273040">
        <ele>1606.670</ele>
        <time>2015-11-29T12:15:52Z</time>
      </trkpt>
      <trkpt lat="46.520709" lon="23.273079">
        <ele>1606.164</ele>
        <time>2015-11-29T12:15:59Z</time>
      </trkpt>
      <trkpt lat="46.520789" lon="23.273115">
        <ele>1605.506</ele>
        <time>2015-11-29T12:16:06Z</time>
      </trkpt>
      <trkpt lat="46.520865" lon="23.273157">
        <ele>1604.616</ele>
        <time>2015-11-29T12:16:13Z</time>
      </trkpt>
      <trkpt lat="46.520944" lon="23.273200">
        <ele>1604.308</ele>
        <time>2015-11-29T12:16:21Z</time>
      </trkpt>
      <trkpt lat="46.521031" lon="23.273249">
        <ele>1603.957</ele>
        <time>2015-11-29T12:16:30Z</time>
      </trkpt>
      <trkpt lat="46.521114" lon="23.273289">
        <ele>1603.523</ele>
        <time>2015-11-29T12:16:39Z</time>
      </trkpt>
      <trkpt lat="46.521200" lon="23.273339">
        <ele>1603.237</ele>
        <time>2015-11-29T12:16:47Z</time>
      </trkpt>
      <trkpt lat="46.521285" lon="23.273390">
        <ele>1602.825</ele>
        <time>2015-11-29T12:16:59Z</time>
      </trkpt>
      <trkpt lat="46.521366" lon="23.273435">
        <ele>1602.588</ele>
        <time>2015-11-29T12:17:06Z</time>
      </trkpt>
      <trkpt lat="46.521436" lon="23.273506">
        <ele>1602.153</ele>
        <time>2015-11-29T12:17:14Z</time>
      </trkpt>
      <trkpt lat="46.521506" lon="23.273573">
        <ele>1601.720</ele>
        <time>2015-11-29T12:17:23Z</time>
      </trkpt>
      <trkpt lat="46.521573" lon="23.273640">
        <ele>1601.227</ele>
        <time>2015-11-29T12:17:32Z</time>
      </trkpt>
      <trkpt lat="46.521652" lon="23.273690">
        <ele>1600.612</ele>
        <time>2015-11-29T12:17:39Z</time>
      </trkpt>
      <trkpt lat="46.521735" lon="23.273729">
        <ele>1600.532</ele>
        <time>2015-11-29T12:17:46Z</time>
      </trkpt>
      <trkpt lat="46.521822" lon="23.273789">
        <ele>1600.305</ele>
        <time>2015-11-29T12:17:55Z</time>
      </trkpt>
      <trkpt lat="46.521901" lon="23.273846">
        <ele>1599.708</ele>
        <time>2015-11-29T12:18:04Z</time>
      </trkpt>
      <trkpt lat="46.521971" lon="23.273917">
        <ele>1599.212</ele>
        <time>2015-11-29T12:18:12Z</time>
      </trkpt>
      <trkpt lat="46.522040" lon="23.273986">
        <ele>1598.638</ele>
        <time>2015-11-29T12:18:20Z</time>
      </trkpt>
      <trkpt lat="46.522088" lon="23.274081">
        <ele>1598.122</ele>
        <time>2015-11-29T12:18:30Z</time>
      </trkpt>
      <trkpt lat="46.522139" lon="23.274173">
        <ele>1597.580</ele>
        <time>2015-11-29T12:18:37Z</time>
      </trkpt>
      <trkpt lat="46.522204" lon="23.274257">
        <ele>1597.033</ele>
        <time>2015-11-29T12:18:44Z</time>
      </trkpt>
      <trkpt lat="46.522281" lon="23.274305">
        <ele>1596.548</ele>
        <time>2015-11-29T12:19:21Z</time>
      </trkpt>
      <trkpt lat="46.522335" lon="23.274407">
        <ele>1596.185</ele>
        <time>2015-11-29T12:20:12Z</time>
      </trkpt>
      <trkpt lat="46.522415" lon="23.274464">
        <ele>1595.732</ele>
        <time>2015-11-29T12:20:25Z</time>
      </trkpt>
      <trkpt lat="46.522509" lon="23.274508">
        <ele>1595.445</ele>
        <time>2015-11-29T12:20:34Z</time>
      </trkpt>
      <trkpt lat="46.522589" lon="23.274536">
        <ele>1593.947</ele>
        <time>2015-11-29T12:20:52Z</time>
      </trkpt>
      <trkpt lat="46.522676" lon="23.274580">
        <ele>1592.811</ele>
        <time>2015-11-29T12:21:04Z</time>
      </trkpt>
      <trkpt lat="46.522754" lon="23.274619">
        <ele>1591.708</ele>
        <time>2015-11-29T12:21:25Z</time>
      </trkpt>
      <trkpt lat="46.522840" lon="23.274636">
        <ele>1590.625</ele>
        <time>2015-11-29T12:23:19Z</time>
      </trkpt>
      <trkpt lat="46.522924" lon="23.274676">
        <ele>1589.551</ele>
        <time>2015-11-29T12:23:27Z</time>
      </trkpt>
      <trkpt lat="46.523005" lon="23.274705">
        <ele>1588.555</ele>
        <time>2015-11-29T12:23:41Z</time>
      </trkpt>
      <trkpt lat="46.523091" lon="23.274730">
        <ele>1587.473</ele>
        <time>2015-11-29T12:23:49Z</time>
      </trkpt>
      <trkpt lat="46.523169" lon="23.274771">
        <ele>1586.366</ele>
        <time>2015-11-29T12:23:58Z</time>
      </trkpt>
      <trkpt lat="46.523251" lon="23.274830">
        <ele>1585.291</ele>
        <time>2015-11-29T12:24:05Z</time>
      </trkpt>
      <trkpt lat="46.523335" lon="23.274866">
        <ele>1584.148</ele>
        <time>2015-11-29T12:24:12Z</time>
      </trkpt>
      <trkpt lat="46.523428" lon="23.274891">
        <ele>1582.065</ele>
        <time>2015-11-29T12:24:20Z</time>
      </trkpt>
      <trkpt lat="46.523516" lon="23.274909">
        <ele>1581.099</ele>
        <time>2015-11-29T12:24:28Z</time>
      </trkpt>
      <trkpt lat="46.523602" lon="23.274889">
        <ele>1580.007</ele>
        <time>2015-11-29T12:24:40Z</time>
      </trkpt>
      <trkpt lat="46.523689" lon="23.274897">
        <ele>1579.027</ele>
        <time>2015-11-29T12:24:45Z</time>
      </trkpt>
      <trkpt lat="46.523775" lon="23.274892">
        <ele>1578.008</ele>
        <time>2015-11-29T12:24:53Z</time>
      </trkpt>
      <trkpt lat="46.523868" lon="23.274889">
        <ele>1577.070</ele>
        <time>2015-11-29T12:25:01Z</time>
      </trkpt>
      <trkpt lat="46.523951" lon="23.274855">
        <ele>1576.516</ele>
        <time>2015-11-29T12:25:06Z</time>
      </trkpt>
      <trkpt lat="46.524037" lon="23.274823">
        <ele>1576.170</ele>
        <time>2015-11-29T12:25:19Z</time>
      </trkpt>
      <trkpt lat="46.524124" lon="23.274794">
        <ele>1575.698</ele>
        <time>2015-11-29T12:25:28Z</time>
      </trkpt>
      <trkpt lat="46.524231" lon="23.274752">
        <ele>1573.981</ele>
        <time>2015-11-29T12:25:36Z</time>
      </trkpt>
      <trkpt lat="46.524314" lon="23.274722">
        <ele>1572.236</ele>
        <time>2015-11-29T12:25:41Z</time>
      </trkpt>
      <trkpt lat="46.524387" lon="23.274664">
        <ele>1571.513</ele>
        <time>2015-11-29T12:25:49Z</time>
      </trkpt>
      <trkpt lat="46.524455" lon="23.274584">
        <ele>1570.770</ele>
        <time>2015-11-29T12:25:56Z</time>
      </trkpt>
      <trkpt lat="46.524543" lon="23.274519">
        <ele>1570.054</ele>
        <time>2015-11-29T12:26:02Z</time>
      </trkpt>
      <trkpt lat="46.524620" lon="23.274450">
        <ele>1569.356</ele>
        <time>2015-11-29T12:26:09Z</time>
      </trkpt>
      <trkpt lat="46.524699" lon="23.274391">
        <ele>1568.511</ele>
        <time>2015-11-29T12:26:16Z</time>
      </trkpt>
      <trkpt lat="46.524766" lon="23.274323">
        <ele>1567.808</ele>
        <time>2015-11-29T12:26:25Z</time>
      </trkpt>
      <trkpt lat="46.524836" lon="23.274262">
        <ele>1566.586</ele>
        <time>2015-11-29T12:26:31Z</time>
      </trkpt>
      <trkpt lat="46.524914" lon="23.274205">
        <ele>1565.342</ele>
        <time>2015-11-29T12:26:37Z</time>
      </trkpt>
      <trkpt lat="46.524989" lon="23.274136">
        <ele>1564.016</ele>
        <time>2015-11-29T12:26:43Z</time>
      </trkpt>
      <trkpt lat="46.525074" lon="23.274099">
        <ele>1563.514</ele>
        <time>2015-11-29T12:26:50Z</time>
      </trkpt>
      <trkpt lat="46.525168" lon="23.274083">
        <ele>1563.117</ele>
        <time>2015-11-29T12:26:58Z</time>
      </trkpt>
      <trkpt lat="46.525250" lon="23.274081">
        <ele>1562.692</ele>
        <time>2015-11-29T12:27:05Z</time>
      </trkpt>
      <trkpt lat="46.525338" lon="23.274084">
        <ele>1562.299</ele>
        <time>2015-11-29T12:27:12Z</time>
      </trkpt>
      <trkpt lat="46.525422" lon="23.274096">
        <ele>1561.736</ele>
        <time>2015-11-29T12:27:20Z</time>
      </trkpt>
      <trkpt lat="46.525502" lon="23.274112">
        <ele>1561.387</ele>
        <time>2015-11-29T12:27:27Z</time>
      </trkpt>
      <trkpt lat="46.525588" lon="23.274107">
        <ele>1560.842</ele>
        <time>2015-11-29T12:27:38Z</time>
      </trkpt>
      <trkpt lat="46.525677" lon="23.274100">
        <ele>1560.426</ele>
        <time>2015-11-29T12:27:46Z</time>
      </trkpt>
      <trkpt lat="46.525763" lon="23.274097">
        <ele>1559.908</ele>
        <time>2015-11-29T12:27:51Z</time>
      </trkpt>
      <trkpt lat="46.525846" lon="23.274120">
        <ele>1559.599</ele>
        <time>2015-11-29T12:28:00Z</time>
      </trkpt>
      <trkpt lat="46.525934" lon="23.274124">
        <ele>1559.015</ele>
        <time>2015-11-29T12:28:07Z</time>
      </trkpt>
      <trkpt lat="46.526028" lon="23.274151">
        <ele>1559.089</ele>
        <time>2015-11-29T12:28:15Z</time>
      </trkpt>
      <trkpt lat="46.526105" lon="23.274186">
        <ele>1559.057</ele>
        <time>2015-11-29T12:28:20Z</time>
      </trkpt>
      <trkpt lat="46.526185" lon="23.274233">
        <ele>1559.040</ele>
        <time>2015-11-29T12:28:41Z</time>
      </trkpt>
      <trkpt lat="46.526275" lon="23.274282">
        <ele>1559.095</ele>
        <time>2015-11-29T12:28:47Z</time>
      </trkpt>
      <trkpt lat="46.526357" lon="23.274302">
        <ele>1559.092</ele>
        <time>2015-11-29T12:28:52Z</time>
      </trkpt>
      <trkpt lat="46.526445" lon="23.274331">
        <ele>1559.019</ele>
        <time>2015-11-29T12:28:59Z</time>
      </trkpt>
      <trkpt lat="46.526532" lon="23.274365">
        <ele>1559.087</ele>
        <time>2015-11-29T12:29:04Z</time>
      </trkpt>
      <trkpt lat="46.526609" lon="23.274409">
        <ele>1559.042</ele>
        <time>2015-11-29T12:29:12Z</time>
      </trkpt>
      <trkpt lat="46.526695" lon="23.274459">
        <ele>1559.026</ele>
        <time>2015-11-29T12:29:20Z</time>
      </trkpt>
      <trkpt lat="46.526781" lon="23.274503">
        <ele>1559.108</ele>
        <time>2015-11-29T12:29:27Z</time>
      </trkpt>
      <trkpt lat="46.526869" lon="23.274527">
        <ele>1559.239</ele>
        <time>2015-11-29T12:29:34Z</time>
      </trkpt>
      <trkpt lat="46.526958" lon="23.274550">
        <ele>1558.985</ele>
        <time>2015-11-29T12:29:42Z</time>
      </trkpt>
      <trkpt lat="46.527038" lon="23.274580">
        <ele>1558.619</ele>
        <time>2015-11-29T12:29:48Z</time>
      </trkpt>
      <trkpt lat="46.527127" lon="23.274615">
        <ele>1558.497</ele>
        <time>2015-11-29T12:29:55Z</time>
      </trkpt>
      <trkpt lat="46.527217" lon="23.274639">
        <ele>1558.140</ele>
        <time>2015-11-29T12:30:03Z</time>
      </trkpt>
      <trkpt lat="46.527296" lon="23.274671">
        <ele>1557.875</ele>
        <time>2015-11-29T12:30:11Z</time>
      </trkpt>
      <trkpt lat="46.527375" lon="23.274707">
        <ele>1557.562</ele>
        <time>2015-11-29T12:30:18Z</time>
      </trkpt>
      <trkpt lat="46.527461" lon="23.274740">
        <ele>1557.319</ele>
        <time>2015-11-29T12:30:26Z</time>
      </trkpt>
      <trkpt lat="46.527549" lon="23.274760">
        <ele>1557.482</ele>
        <time>2015-11-29T12:30:33Z</time>
      </trkpt>
      <trkpt lat="46.527634" lon="23.274787">
        <ele>1557.543</ele>
        <time>2015-11-29T12:30:40Z</time>
      </trkpt>
      <trkpt lat="46.527699" lon="23.274856">
        <ele>1557.517</ele>
        <time>2015-11-29T12:30:55Z</time>
      </trkpt>
      <trkpt lat="46.527822" lon="23.274947">
        <ele>1557.508</ele>
        <time>2015-11-29T12:34:55Z</time>
      </trkpt>
      <trkpt lat="46.527917" lon="23.275009">
        <ele>1557.819</ele>
        <time>2015-11-29T12:34:57Z</time>
      </trkpt>
      <trkpt lat="46.528010" lon="23.275053">
        <ele>1558.215</ele>
        <time>2015-11-29T12:34:59Z</time>
      </trkpt>
      <trkpt lat="46.528098" lon="23.275094">
        <ele>1558.539</ele>
        <time>2015-11-29T12:35:01Z</time>
      </trkpt>
      <trkpt lat="46.528211" lon="23.275165">
        <ele>1558.977</ele>
        <time>2015-11-29T12:35:03Z</time>
      </trkpt>
      <trkpt lat="46.528298" lon="23.275249">
        <ele>1558.540</ele>
        <time>2015-11-29T12:35:05Z</time>
      </trkpt>
      <trkpt lat="46.528395" lon="23.275261">
        <ele>1558.735</ele>
        <time>2015-11-29T12:35:06Z</time>
      </trkpt>
      <trkpt lat="46.528523" lon="23.275338">
        <ele>1559.012</ele>
        <time>2015-11-29T12:35:08Z</time>
      </trkpt>
      <trkpt lat="46.528608" lon="23.275381">
        <ele>1558.969</ele>
        <time>2015-11-29T12:35:09Z</time>
      </trkpt>
      <trkpt lat="46.528678" lon="23.275477">
        <ele>1558.828</ele>
        <time>2015-11-29T12:35:11Z</time>
      </trkpt>
      <trkpt lat="46.528789" lon="23.275588">
        <ele>1558.789</ele>
        <time>2015-11-29T12:35:13Z</time>
      </trkpt>
      <trkpt lat="46.528890" lon="23.275717">
        <ele>1558.017</ele>
        <time>2015-11-29T12:35:15Z</time>
      </trkpt>
      <trkpt lat="46.528988" lon="23.275839">
        <ele>1557.308</ele>
        <time>2015-11-29T12:35:17Z</time>
      </trkpt>
      <trkpt lat="46.529070" lon="23.275976">
        <ele>1556.593</ele>
        <time>2015-11-29T12:35:19Z</time>
      </trkpt>
      <trkpt lat="46.529151" lon="23.276127">
        <ele>1555.879</ele>
        <time>2015-11-29T12:35:21Z</time>
      </trkpt>
      <trkpt lat="46.529253" lon="23.276270">
        <ele>1555.133</ele>
        <time>2015-11-29T12:35:23Z</time>
      </trkpt>
      <trkpt lat="46.529307" lon="23.276435">
        <ele>1555.691</ele>
        <time>2015-11-29T12:35:25Z</time>
      </trkpt>
      <trkpt lat="46.529410" lon="23.276619">
        <ele>1555.564</ele>
        <time>2015-11-29T12:35:27Z</time>
      </trkpt>
      <trkpt lat="46.529486" lon="23.276778">
        <ele>1555.369</ele>
        <time>2015-11-29T12:35:29Z</time>
      </trkpt>
      <trkpt lat="46.529528" lon="23.276914">
        <ele>1555.146</ele>
        <time>2015-11-29T12:35:31Z</time>
      </trkpt>
      <trkpt lat="46.529605" lon="23.277090">
        <ele>1554.973</ele>
        <time>2015-11-29T12:35:33Z</time>
      </trkpt>
      <trkpt lat="46.529677" lon="23.277288">
        <ele>1554.777</ele>
        <time>2015-11-29T12:35:35Z</time>
      </trkpt>
      <trkpt lat="46.529827" lon="23.277407">
        <ele>1554.061</ele>
        <time>2015-11-29T12:35:37Z</time>
      </trkpt>
      <trkpt lat="46.529904" lon="23.277505">
        <ele>1553.327</ele>
        <time>2015-11-29T12:35:39Z</time>
      </trkpt>
      <trkpt lat="46.529984" lon="23.277594">
        <ele>1552.508</ele>
        <time>2015-11-29T12:35:41Z</time>
      </trkpt>
      <trkpt lat="46.530016" lon="23.277755">
        <ele>1551.838</ele>
        <time>2015-11-29T12:35:43Z</time>
      </trkpt>
      <trkpt lat="46.530043" lon="23.277904">
        <ele>1551.174</ele>
        <time>2015-11-29T12:35:45Z</time>
      </trkpt>
      <trkpt lat="46.530107" lon="23.278072">
        <ele>1551.518</ele>
        <time>2015-11-29T12:35:47Z</time>
      </trkpt>
      <trkpt lat="46.530181" lon="23.278199">
        <ele>1551.886</ele>
        <time>2015-11-29T12:35:49Z</time>
      </trkpt>
      <trkpt lat="46.530255" lon="23.278323">
        <ele>1551.359</ele>
        <time>2015-11-29T12:35:51Z</time>
      </trkpt>
      <trkpt lat="46.530329" lon="23.278406">
        <ele>1550.744</ele>
        <time>2015-11-29T12:35:52Z</time>
      </trkpt>
      <trkpt lat="46.530402" lon="23.278463">
        <ele>1550.221</ele>
        <time>2015-11-29T12:35:53Z</time>
      </trkpt>
      <trkpt lat="46.530480" lon="23.278613">
        <ele>1549.538</ele>
        <time>2015-11-29T12:35:55Z</time>
      </trkpt>
      <trkpt lat="46.530589" lon="23.278759">
        <ele>1550.115</ele>
        <time>2015-11-29T12:35:57Z</time>
      </trkpt>
      <trkpt lat="46.530702" lon="23.278923">
        <ele>1550.965</ele>
        <time>2015-11-29T12:35:59Z</time>
      </trkpt>
      <trkpt lat="46.530764" lon="23.279054">
        <ele>1551.911</ele>
        <time>2015-11-29T12:36:01Z</time>
      </trkpt>
      <trkpt lat="46.530829" lon="23.279142">
        <ele>1553.208</ele>
        <time>2015-11-29T12:36:03Z</time>
      </trkpt>
    </trkseg>
  </trk></gpx>