<?xml version="1.0" encoding="UTF-8"?>
<gpx creator="Wikiloc - https://www.wikiloc.com" version="1.1" xmlns="http://www.topografix.com/GPX/1/1" xmlns:xsi="http://www.w3.org/2001/XMLSchema-instance" xsi:schemaLocation="http://www.topografix.com/GPX/1/1 http://www.topografix.com/GPX/1/1/gpx.xsd">
  <metadata>
    <name>Wikiloc - Pestera de Grosi - Hiking 10/10/15 7:33 am -</name>
    <author>
      <name>Toni Grecu</name>
      <link href="https://www.wikiloc.com/wikiloc/user.do?id=2082631">
        <text>Toni Grecu on Wikiloc</text>
      </link>
    </author>
    <link href="https://www.wikiloc.com/hiking-trails/pestera-de-grosi-hiking-10-10-15-7-33-am-17191177">
      <text>Pestera de Grosi - Hiking 10/10/15 7:33 am - on Wikiloc</text>
    </link>
    <time>2015-10-10T11:50:25Z</time>
  </metadata>
  <trk>
    <name>Pestera de Grosi - Hiking 10/10/15 7:33 am - - Wikiloc</name>
    <cmt>Coltesti - Platou Bedeleu - Pestera de la Grosi - Poarta Zmeilor - Balcon - La Merii Drecului - La Rogoaze - Izvoarele</cmt>
    <desc>Coltesti - Platou Bedeleu - Pestera de la Grosi - Poarta Zmeilor - Balcon - La Merii Drecului - La Rogoaze - Izvoarele</desc>
    <trkseg>
      <trkpt lat="46.423888" lon="23.552528">
        <ele>591.011</ele>
        <time>2015-10-10T04:33:50Z</time>
      </trkpt>
      <trkpt lat="46.423858" lon="23.552516">
        <ele>591.221</ele>
        <time>2015-10-10T04:33:51Z</time>
      </trkpt>
      <trkpt lat="46.423781" lon="23.552476">
        <ele>592.003</ele>
        <time>2015-10-10T04:33:57Z</time>
      </trkpt>
      <trkpt lat="46.423693" lon="23.552438">
        <ele>592.908</ele>
        <time>2015-10-10T04:34:04Z</time>
      </trkpt>
      <trkpt lat="46.423608" lon="23.552436">
        <ele>593.542</ele>
        <time>2015-10-10T04:34:11Z</time>
      </trkpt>
      <trkpt lat="46.423525" lon="23.552423">
        <ele>594.598</ele>
        <time>2015-10-10T04:34:17Z</time>
      </trkpt>
      <trkpt lat="46.423443" lon="23.552464">
        <ele>595.132</ele>
        <time>2015-10-10T04:34:26Z</time>
      </trkpt>
      <trkpt lat="46.423355" lon="23.552488">
        <ele>595.960</ele>
        <time>2015-10-10T04:34:33Z</time>
      </trkpt>
      <trkpt lat="46.423275" lon="23.552446">
        <ele>596.982</ele>
        <time>2015-10-10T04:34:39Z</time>
      </trkpt>
      <trkpt lat="46.423198" lon="23.552395">
        <ele>597.862</ele>
        <time>2015-10-10T04:34:47Z</time>
      </trkpt>
      <trkpt lat="46.423153" lon="23.552276">
        <ele>598.588</ele>
        <time>2015-10-10T04:34:53Z</time>
      </trkpt>
      <trkpt lat="46.423116" lon="23.552155">
        <ele>599.528</ele>
        <time>2015-10-10T04:35:00Z</time>
      </trkpt>
      <trkpt lat="46.423080" lon="23.552035">
        <ele>600.961</ele>
        <time>2015-10-10T04:35:09Z</time>
      </trkpt>
      <trkpt lat="46.423031" lon="23.551928">
        <ele>602.021</ele>
        <time>2015-10-10T04:35:16Z</time>
      </trkpt>
      <trkpt lat="46.423011" lon="23.551804">
        <ele>602.913</ele>
        <time>2015-10-10T04:35:24Z</time>
      </trkpt>
      <trkpt lat="46.422974" lon="23.551695">
        <ele>603.508</ele>
        <time>2015-10-10T04:35:32Z</time>
      </trkpt>
      <trkpt lat="46.422965" lon="23.551561">
        <ele>604.787</ele>
        <time>2015-10-10T04:35:38Z</time>
      </trkpt>
      <trkpt lat="46.422980" lon="23.551443">
        <ele>605.953</ele>
        <time>2015-10-10T04:35:44Z</time>
      </trkpt>
      <trkpt lat="46.423010" lon="23.551325">
        <ele>607.447</ele>
        <time>2015-10-10T04:35:54Z</time>
      </trkpt>
      <trkpt lat="46.423016" lon="23.551201">
        <ele>608.735</ele>
        <time>2015-10-10T04:36:01Z</time>
      </trkpt>
      <trkpt lat="46.423006" lon="23.551076">
        <ele>609.967</ele>
        <time>2015-10-10T04:36:09Z</time>
      </trkpt>
      <trkpt lat="46.422998" lon="23.550946">
        <ele>610.837</ele>
        <time>2015-10-10T04:36:18Z</time>
      </trkpt>
      <trkpt lat="46.422974" lon="23.550816">
        <ele>611.623</ele>
        <time>2015-10-10T04:36:24Z</time>
      </trkpt>
      <trkpt lat="46.422968" lon="23.550690">
        <ele>612.913</ele>
        <time>2015-10-10T04:36:32Z</time>
      </trkpt>
      <trkpt lat="46.422951" lon="23.550558">
        <ele>614.174</ele>
        <time>2015-10-10T04:36:39Z</time>
      </trkpt>
      <trkpt lat="46.422956" lon="23.550425">
        <ele>614.756</ele>
        <time>2015-10-10T04:36:47Z</time>
      </trkpt>
      <trkpt lat="46.422943" lon="23.550295">
        <ele>614.921</ele>
        <time>2015-10-10T04:36:54Z</time>
      </trkpt>
      <trkpt lat="46.422936" lon="23.550160">
        <ele>615.908</ele>
        <time>2015-10-10T04:37:00Z</time>
      </trkpt>
      <trkpt lat="46.422916" lon="23.550030">
        <ele>616.728</ele>
        <time>2015-10-10T04:37:08Z</time>
      </trkpt>
      <trkpt lat="46.422906" lon="23.549903">
        <ele>617.524</ele>
        <time>2015-10-10T04:37:15Z</time>
      </trkpt>
      <trkpt lat="46.422896" lon="23.549776">
        <ele>618.238</ele>
        <time>2015-10-10T04:37:23Z</time>
      </trkpt>
      <trkpt lat="46.422868" lon="23.549658">
        <ele>618.216</ele>
        <time>2015-10-10T04:37:31Z</time>
      </trkpt>
      <trkpt lat="46.422873" lon="23.549540">
        <ele>618.758</ele>
        <time>2015-10-10T04:37:41Z</time>
      </trkpt>
      <trkpt lat="46.422863" lon="23.549406">
        <ele>619.288</ele>
        <time>2015-10-10T04:37:49Z</time>
      </trkpt>
      <trkpt lat="46.422873" lon="23.549285">
        <ele>620.634</ele>
        <time>2015-10-10T04:37:56Z</time>
      </trkpt>
      <trkpt lat="46.422878" lon="23.549156">
        <ele>621.924</ele>
        <time>2015-10-10T04:38:03Z</time>
      </trkpt>
      <trkpt lat="46.422891" lon="23.549035">
        <ele>623.281</ele>
        <time>2015-10-10T04:38:10Z</time>
      </trkpt>
      <trkpt lat="46.422893" lon="23.548913">
        <ele>624.361</ele>
        <time>2015-10-10T04:38:17Z</time>
      </trkpt>
      <trkpt lat="46.422896" lon="23.548783">
        <ele>625.717</ele>
        <time>2015-10-10T04:38:24Z</time>
      </trkpt>
      <trkpt lat="46.422896" lon="23.548648">
        <ele>627.208</ele>
        <time>2015-10-10T04:38:32Z</time>
      </trkpt>
      <trkpt lat="46.422891" lon="23.548529">
        <ele>628.369</ele>
        <time>2015-10-10T04:38:39Z</time>
      </trkpt>
      <trkpt lat="46.422880" lon="23.548406">
        <ele>629.255</ele>
        <time>2015-10-10T04:38:46Z</time>
      </trkpt>
      <trkpt lat="46.422866" lon="23.548289">
        <ele>630.069</ele>
        <time>2015-10-10T04:38:52Z</time>
      </trkpt>
      <trkpt lat="46.422856" lon="23.548166">
        <ele>630.937</ele>
        <time>2015-10-10T04:38:59Z</time>
      </trkpt>
      <trkpt lat="46.422841" lon="23.548031">
        <ele>631.839</ele>
        <time>2015-10-10T04:39:07Z</time>
      </trkpt>
      <trkpt lat="46.422846" lon="23.547903">
        <ele>632.749</ele>
        <time>2015-10-10T04:39:13Z</time>
      </trkpt>
      <trkpt lat="46.422841" lon="23.547771">
        <ele>633.435</ele>
        <time>2015-10-10T04:39:21Z</time>
      </trkpt>
      <trkpt lat="46.422851" lon="23.547643">
        <ele>634.425</ele>
        <time>2015-10-10T04:39:29Z</time>
      </trkpt>
      <trkpt lat="46.422868" lon="23.547520">
        <ele>635.577</ele>
        <time>2015-10-10T04:39:36Z</time>
      </trkpt>
      <trkpt lat="46.422873" lon="23.547401">
        <ele>636.061</ele>
        <time>2015-10-10T04:39:42Z</time>
      </trkpt>
      <trkpt lat="46.422881" lon="23.547278">
        <ele>636.527</ele>
        <time>2015-10-10T04:39:50Z</time>
      </trkpt>
      <trkpt lat="46.422900" lon="23.547151">
        <ele>637.608</ele>
        <time>2015-10-10T04:39:58Z</time>
      </trkpt>
      <trkpt lat="46.422901" lon="23.547011">
        <ele>638.638</ele>
        <time>2015-10-10T04:40:06Z</time>
      </trkpt>
      <trkpt lat="46.422925" lon="23.546893">
        <ele>640.134</ele>
        <time>2015-10-10T04:40:13Z</time>
      </trkpt>
      <trkpt lat="46.422945" lon="23.546773">
        <ele>641.338</ele>
        <time>2015-10-10T04:40:21Z</time>
      </trkpt>
      <trkpt lat="46.422971" lon="23.546653">
        <ele>642.546</ele>
        <time>2015-10-10T04:40:28Z</time>
      </trkpt>
      <trkpt lat="46.422995" lon="23.546528">
        <ele>643.718</ele>
        <time>2015-10-10T04:40:36Z</time>
      </trkpt>
      <trkpt lat="46.423006" lon="23.546400">
        <ele>644.788</ele>
        <time>2015-10-10T04:40:43Z</time>
      </trkpt>
      <trkpt lat="46.423035" lon="23.546280">
        <ele>646.344</ele>
        <time>2015-10-10T04:40:50Z</time>
      </trkpt>
      <trkpt lat="46.423064" lon="23.546158">
        <ele>647.994</ele>
        <time>2015-10-10T04:40:58Z</time>
      </trkpt>
      <trkpt lat="46.423073" lon="23.546031">
        <ele>648.823</ele>
        <time>2015-10-10T04:41:04Z</time>
      </trkpt>
      <trkpt lat="46.423068" lon="23.545906">
        <ele>649.283</ele>
        <time>2015-10-10T04:41:12Z</time>
      </trkpt>
      <trkpt lat="46.422998" lon="23.545846">
        <ele>647.711</ele>
        <time>2015-10-10T04:41:45Z</time>
      </trkpt>
      <trkpt lat="46.423053" lon="23.545751">
        <ele>649.208</ele>
        <time>2015-10-10T04:41:52Z</time>
      </trkpt>
      <trkpt lat="46.423048" lon="23.545628">
        <ele>649.663</ele>
        <time>2015-10-10T04:42:00Z</time>
      </trkpt>
      <trkpt lat="46.423066" lon="23.545508">
        <ele>650.389</ele>
        <time>2015-10-10T04:42:12Z</time>
      </trkpt>
      <trkpt lat="46.423106" lon="23.545388">
        <ele>651.673</ele>
        <time>2015-10-10T04:42:20Z</time>
      </trkpt>
      <trkpt lat="46.423133" lon="23.545263">
        <ele>652.671</ele>
        <time>2015-10-10T04:42:27Z</time>
      </trkpt>
      <trkpt lat="46.423150" lon="23.545135">
        <ele>653.623</ele>
        <time>2015-10-10T04:42:35Z</time>
      </trkpt>
      <trkpt lat="46.423178" lon="23.545008">
        <ele>654.693</ele>
        <time>2015-10-10T04:42:42Z</time>
      </trkpt>
      <trkpt lat="46.423221" lon="23.544891">
        <ele>656.159</ele>
        <time>2015-10-10T04:42:50Z</time>
      </trkpt>
      <trkpt lat="46.423258" lon="23.544773">
        <ele>657.489</ele>
        <time>2015-10-10T04:42:58Z</time>
      </trkpt>
      <trkpt lat="46.423293" lon="23.544663">
        <ele>658.545</ele>
        <time>2015-10-10T04:43:06Z</time>
      </trkpt>
      <trkpt lat="46.423325" lon="23.544539">
        <ele>659.547</ele>
        <time>2015-10-10T04:43:15Z</time>
      </trkpt>
      <trkpt lat="46.423363" lon="23.544435">
        <ele>660.711</ele>
        <time>2015-10-10T04:43:22Z</time>
      </trkpt>
      <trkpt lat="46.423410" lon="23.544325">
        <ele>661.808</ele>
        <time>2015-10-10T04:43:31Z</time>
      </trkpt>
      <trkpt lat="46.423455" lon="23.544215">
        <ele>662.785</ele>
        <time>2015-10-10T04:43:39Z</time>
      </trkpt>
      <trkpt lat="46.423521" lon="23.544145">
        <ele>664.081</ele>
        <time>2015-10-10T04:43:46Z</time>
      </trkpt>
      <trkpt lat="46.423586" lon="23.544055">
        <ele>664.835</ele>
        <time>2015-10-10T04:43:54Z</time>
      </trkpt>
      <trkpt lat="46.423636" lon="23.543960">
        <ele>665.483</ele>
        <time>2015-10-10T04:44:01Z</time>
      </trkpt>
      <trkpt lat="46.423691" lon="23.543856">
        <ele>666.915</ele>
        <time>2015-10-10T04:44:08Z</time>
      </trkpt>
      <trkpt lat="46.423739" lon="23.543748">
        <ele>668.435</ele>
        <time>2015-10-10T04:44:15Z</time>
      </trkpt>
      <trkpt lat="46.423788" lon="23.543631">
        <ele>669.591</ele>
        <time>2015-10-10T04:44:23Z</time>
      </trkpt>
      <trkpt lat="46.423853" lon="23.543548">
        <ele>670.921</ele>
        <time>2015-10-10T04:44:32Z</time>
      </trkpt>
      <trkpt lat="46.423911" lon="23.543453">
        <ele>671.985</ele>
        <time>2015-10-10T04:44:39Z</time>
      </trkpt>
      <trkpt lat="46.423971" lon="23.543369">
        <ele>672.789</ele>
        <time>2015-10-10T04:44:46Z</time>
      </trkpt>
      <trkpt lat="46.424035" lon="23.543279">
        <ele>673.217</ele>
        <time>2015-10-10T04:44:54Z</time>
      </trkpt>
      <trkpt lat="46.424088" lon="23.543185">
        <ele>673.308</ele>
        <time>2015-10-10T04:45:03Z</time>
      </trkpt>
      <trkpt lat="46.424156" lon="23.543096">
        <ele>673.399</ele>
        <time>2015-10-10T04:45:11Z</time>
      </trkpt>
      <trkpt lat="46.424226" lon="23.543024">
        <ele>674.185</ele>
        <time>2015-10-10T04:45:18Z</time>
      </trkpt>
      <trkpt lat="46.424301" lon="23.542941">
        <ele>675.489</ele>
        <time>2015-10-10T04:45:26Z</time>
      </trkpt>
      <trkpt lat="46.424369" lon="23.542861">
        <ele>676.377</ele>
        <time>2015-10-10T04:45:33Z</time>
      </trkpt>
      <trkpt lat="46.424440" lon="23.542775">
        <ele>677.049</ele>
        <time>2015-10-10T04:45:43Z</time>
      </trkpt>
      <trkpt lat="46.424508" lon="23.542705">
        <ele>678.129</ele>
        <time>2015-10-10T04:45:51Z</time>
      </trkpt>
      <trkpt lat="46.424586" lon="23.542655">
        <ele>679.095</ele>
        <time>2015-10-10T04:45:58Z</time>
      </trkpt>
      <trkpt lat="46.424661" lon="23.542573">
        <ele>679.795</ele>
        <time>2015-10-10T04:46:05Z</time>
      </trkpt>
      <trkpt lat="46.424731" lon="23.542505">
        <ele>680.166</ele>
        <time>2015-10-10T04:46:11Z</time>
      </trkpt>
      <trkpt lat="46.424794" lon="23.542415">
        <ele>681.029</ele>
        <time>2015-10-10T04:46:19Z</time>
      </trkpt>
      <trkpt lat="46.424851" lon="23.542330">
        <ele>681.621</ele>
        <time>2015-10-10T04:46:27Z</time>
      </trkpt>
      <trkpt lat="46.424896" lon="23.542216">
        <ele>681.908</ele>
        <time>2015-10-10T04:46:34Z</time>
      </trkpt>
      <trkpt lat="46.424951" lon="23.542121">
        <ele>682.567</ele>
        <time>2015-10-10T04:46:42Z</time>
      </trkpt>
      <trkpt lat="46.425010" lon="23.542023">
        <ele>683.173</ele>
        <time>2015-10-10T04:46:51Z</time>
      </trkpt>
      <trkpt lat="46.425046" lon="23.541913">
        <ele>683.627</ele>
        <time>2015-10-10T04:46:59Z</time>
      </trkpt>
      <trkpt lat="46.425056" lon="23.541788">
        <ele>684.165</ele>
        <time>2015-10-10T04:47:06Z</time>
      </trkpt>
      <trkpt lat="46.425076" lon="23.541670">
        <ele>684.527</ele>
        <time>2015-10-10T04:47:18Z</time>
      </trkpt>
      <trkpt lat="46.425131" lon="23.541581">
        <ele>685.457</ele>
        <time>2015-10-10T04:47:36Z</time>
      </trkpt>
      <trkpt lat="46.425208" lon="23.541531">
        <ele>686.153</ele>
        <time>2015-10-10T04:47:44Z</time>
      </trkpt>
      <trkpt lat="46.425258" lon="23.541426">
        <ele>686.813</ele>
        <time>2015-10-10T04:47:52Z</time>
      </trkpt>
      <trkpt lat="46.425304" lon="23.541316">
        <ele>688.066</ele>
        <time>2015-10-10T04:48:00Z</time>
      </trkpt>
      <trkpt lat="46.425348" lon="23.541215">
        <ele>689.429</ele>
        <time>2015-10-10T04:48:07Z</time>
      </trkpt>
      <trkpt lat="46.425394" lon="23.541103">
        <ele>690.721</ele>
        <time>2015-10-10T04:48:15Z</time>
      </trkpt>
      <trkpt lat="46.425446" lon="23.540995">
        <ele>692.008</ele>
        <time>2015-10-10T04:48:23Z</time>
      </trkpt>
      <trkpt lat="46.425480" lon="23.540885">
        <ele>692.957</ele>
        <time>2015-10-10T04:48:29Z</time>
      </trkpt>
      <trkpt lat="46.425513" lon="23.540763">
        <ele>693.913</ele>
        <time>2015-10-10T04:48:37Z</time>
      </trkpt>
      <trkpt lat="46.425528" lon="23.540643">
        <ele>694.537</ele>
        <time>2015-10-10T04:48:44Z</time>
      </trkpt>
      <trkpt lat="46.425548" lon="23.540518">
        <ele>695.255</ele>
        <time>2015-10-10T04:48:54Z</time>
      </trkpt>
      <trkpt lat="46.425583" lon="23.540408">
        <ele>696.487</ele>
        <time>2015-10-10T04:49:02Z</time>
      </trkpt>
      <trkpt lat="46.425601" lon="23.540293">
        <ele>697.237</ele>
        <time>2015-10-10T04:49:10Z</time>
      </trkpt>
      <trkpt lat="46.425621" lon="23.540176">
        <ele>698.363</ele>
        <time>2015-10-10T04:49:18Z</time>
      </trkpt>
      <trkpt lat="46.425638" lon="23.540053">
        <ele>699.593</ele>
        <time>2015-10-10T04:49:26Z</time>
      </trkpt>
      <trkpt lat="46.425656" lon="23.539935">
        <ele>700.682</ele>
        <time>2015-10-10T04:49:33Z</time>
      </trkpt>
      <trkpt lat="46.425661" lon="23.539811">
        <ele>701.843</ele>
        <time>2015-10-10T04:49:41Z</time>
      </trkpt>
      <trkpt lat="46.425658" lon="23.539678">
        <ele>702.817</ele>
        <time>2015-10-10T04:49:49Z</time>
      </trkpt>
      <trkpt lat="46.425658" lon="23.539551">
        <ele>703.808</ele>
        <time>2015-10-10T04:49:57Z</time>
      </trkpt>
      <trkpt lat="46.425671" lon="23.539428">
        <ele>705.169</ele>
        <time>2015-10-10T04:50:08Z</time>
      </trkpt>
      <trkpt lat="46.425663" lon="23.539303">
        <ele>706.285</ele>
        <time>2015-10-10T04:50:22Z</time>
      </trkpt>
      <trkpt lat="46.425661" lon="23.539181">
        <ele>707.519</ele>
        <time>2015-10-10T04:50:31Z</time>
      </trkpt>
      <trkpt lat="46.425646" lon="23.539056">
        <ele>708.527</ele>
        <time>2015-10-10T04:50:38Z</time>
      </trkpt>
      <trkpt lat="46.425606" lon="23.538946">
        <ele>708.729</ele>
        <time>2015-10-10T04:50:46Z</time>
      </trkpt>
      <trkpt lat="46.425568" lon="23.538826">
        <ele>709.279</ele>
        <time>2015-10-10T04:50:55Z</time>
      </trkpt>
      <trkpt lat="46.425526" lon="23.538725">
        <ele>710.385</ele>
        <time>2015-10-10T04:51:01Z</time>
      </trkpt>
      <trkpt lat="46.425463" lon="23.538640">
        <ele>711.375</ele>
        <time>2015-10-10T04:51:09Z</time>
      </trkpt>
      <trkpt lat="46.425421" lon="23.538538">
        <ele>712.412</ele>
        <time>2015-10-10T04:51:18Z</time>
      </trkpt>
      <trkpt lat="46.425353" lon="23.538470">
        <ele>712.932</ele>
        <time>2015-10-10T04:51:24Z</time>
      </trkpt>
      <trkpt lat="46.425268" lon="23.538438">
        <ele>712.905</ele>
        <time>2015-10-10T04:51:31Z</time>
      </trkpt>
      <trkpt lat="46.425190" lon="23.538484">
        <ele>712.708</ele>
        <time>2015-10-10T04:51:40Z</time>
      </trkpt>
      <trkpt lat="46.425188" lon="23.538606">
        <ele>711.152</ele>
        <time>2015-10-10T04:51:58Z</time>
      </trkpt>
      <trkpt lat="46.425166" lon="23.538719">
        <ele>709.488</ele>
        <time>2015-10-10T04:52:05Z</time>
      </trkpt>
      <trkpt lat="46.425130" lon="23.538833">
        <ele>707.862</ele>
        <time>2015-10-10T04:52:13Z</time>
      </trkpt>
      <trkpt lat="46.425063" lon="23.538903">
        <ele>706.820</ele>
        <time>2015-10-10T04:52:19Z</time>
      </trkpt>
      <trkpt lat="46.424973" lon="23.538931">
        <ele>706.632</ele>
        <time>2015-10-10T04:52:27Z</time>
      </trkpt>
      <trkpt lat="46.424881" lon="23.538938">
        <ele>706.982</ele>
        <time>2015-10-10T04:52:33Z</time>
      </trkpt>
      <trkpt lat="46.424794" lon="23.538900">
        <ele>707.628</ele>
        <time>2015-10-10T04:52:40Z</time>
      </trkpt>
      <trkpt lat="46.424713" lon="23.538878">
        <ele>708.278</ele>
        <time>2015-10-10T04:52:46Z</time>
      </trkpt>
      <trkpt lat="46.424631" lon="23.538858">
        <ele>709.112</ele>
        <time>2015-10-10T04:52:53Z</time>
      </trkpt>
      <trkpt lat="46.424550" lon="23.538869">
        <ele>709.532</ele>
        <time>2015-10-10T04:53:01Z</time>
      </trkpt>
      <trkpt lat="46.424464" lon="23.538839">
        <ele>710.605</ele>
        <time>2015-10-10T04:53:07Z</time>
      </trkpt>
      <trkpt lat="46.424383" lon="23.538798">
        <ele>712.108</ele>
        <time>2015-10-10T04:53:13Z</time>
      </trkpt>
      <trkpt lat="46.424298" lon="23.538773">
        <ele>713.622</ele>
        <time>2015-10-10T04:53:23Z</time>
      </trkpt>
      <trkpt lat="46.424203" lon="23.538790">
        <ele>714.688</ele>
        <time>2015-10-10T04:53:30Z</time>
      </trkpt>
      <trkpt lat="46.424113" lon="23.538798">
        <ele>715.412</ele>
        <time>2015-10-10T04:53:35Z</time>
      </trkpt>
      <trkpt lat="46.424031" lon="23.538794">
        <ele>716.060</ele>
        <time>2015-10-10T04:53:43Z</time>
      </trkpt>
      <trkpt lat="46.423943" lon="23.538771">
        <ele>716.942</ele>
        <time>2015-10-10T04:53:51Z</time>
      </trkpt>
      <trkpt lat="46.423894" lon="23.538670">
        <ele>718.312</ele>
        <time>2015-10-10T04:54:01Z</time>
      </trkpt>
      <trkpt lat="46.423921" lon="23.538546">
        <ele>719.388</ele>
        <time>2015-10-10T04:54:10Z</time>
      </trkpt>
      <trkpt lat="46.423953" lon="23.538428">
        <ele>720.078</ele>
        <time>2015-10-10T04:54:18Z</time>
      </trkpt>
      <trkpt lat="46.423961" lon="23.538288">
        <ele>721.422</ele>
        <time>2015-10-10T04:54:27Z</time>
      </trkpt>
      <trkpt lat="46.423958" lon="23.538166">
        <ele>723.262</ele>
        <time>2015-10-10T04:54:36Z</time>
      </trkpt>
      <trkpt lat="46.423950" lon="23.538043">
        <ele>724.908</ele>
        <time>2015-10-10T04:54:45Z</time>
      </trkpt>
      <trkpt lat="46.423943" lon="23.537913">
        <ele>726.308</ele>
        <time>2015-10-10T04:54:53Z</time>
      </trkpt>
      <trkpt lat="46.423936" lon="23.537778">
        <ele>727.823</ele>
        <time>2015-10-10T04:55:02Z</time>
      </trkpt>
      <trkpt lat="46.423931" lon="23.537646">
        <ele>728.899</ele>
        <time>2015-10-10T04:55:13Z</time>
      </trkpt>
      <trkpt lat="46.423939" lon="23.537521">
        <ele>729.753</ele>
        <time>2015-10-10T04:55:22Z</time>
      </trkpt>
      <trkpt lat="46.423916" lon="23.537408">
        <ele>731.131</ele>
        <time>2015-10-10T04:55:30Z</time>
      </trkpt>
      <trkpt lat="46.423916" lon="23.537283">
        <ele>732.853</ele>
        <time>2015-10-10T04:55:38Z</time>
      </trkpt>
      <trkpt lat="46.423956" lon="23.537173">
        <ele>733.553</ele>
        <time>2015-10-10T04:55:46Z</time>
      </trkpt>
      <trkpt lat="46.423998" lon="23.537063">
        <ele>733.999</ele>
        <time>2015-10-10T04:55:53Z</time>
      </trkpt>
      <trkpt lat="46.424021" lon="23.536938">
        <ele>734.769</ele>
        <time>2015-10-10T04:56:01Z</time>
      </trkpt>
      <trkpt lat="46.424063" lon="23.536818">
        <ele>735.318</ele>
        <time>2015-10-10T04:56:11Z</time>
      </trkpt>
      <trkpt lat="46.424063" lon="23.536696">
        <ele>736.898</ele>
        <time>2015-10-10T04:56:19Z</time>
      </trkpt>
      <trkpt lat="46.424081" lon="23.536571">
        <ele>738.517</ele>
        <time>2015-10-10T04:56:28Z</time>
      </trkpt>
      <trkpt lat="46.424096" lon="23.536440">
        <ele>740.608</ele>
        <time>2015-10-10T04:56:36Z</time>
      </trkpt>
      <trkpt lat="46.424136" lon="23.536323">
        <ele>742.512</ele>
        <time>2015-10-10T04:56:44Z</time>
      </trkpt>
      <trkpt lat="46.424166" lon="23.536196">
        <ele>744.588</ele>
        <time>2015-10-10T04:56:52Z</time>
      </trkpt>
      <trkpt lat="46.424161" lon="23.536073">
        <ele>746.552</ele>
        <time>2015-10-10T04:57:00Z</time>
      </trkpt>
      <trkpt lat="46.424194" lon="23.535956">
        <ele>747.650</ele>
        <time>2015-10-10T04:57:09Z</time>
      </trkpt>
      <trkpt lat="46.424254" lon="23.535863">
        <ele>748.652</ele>
        <time>2015-10-10T04:57:16Z</time>
      </trkpt>
      <trkpt lat="46.424308" lon="23.535766">
        <ele>749.622</ele>
        <time>2015-10-10T04:57:23Z</time>
      </trkpt>
      <trkpt lat="46.424344" lon="23.535655">
        <ele>750.548</ele>
        <time>2015-10-10T04:57:31Z</time>
      </trkpt>
      <trkpt lat="46.424361" lon="23.535525">
        <ele>751.658</ele>
        <time>2015-10-10T04:57:40Z</time>
      </trkpt>
      <trkpt lat="46.424385" lon="23.535403">
        <ele>752.411</ele>
        <time>2015-10-10T04:57:49Z</time>
      </trkpt>
      <trkpt lat="46.424410" lon="23.535260">
        <ele>753.521</ele>
        <time>2015-10-10T05:00:12Z</time>
      </trkpt>
      <trkpt lat="46.424366" lon="23.535138">
        <ele>755.403</ele>
        <time>2015-10-10T05:00:22Z</time>
      </trkpt>
      <trkpt lat="46.424333" lon="23.535018">
        <ele>757.408</ele>
        <time>2015-10-10T05:00:29Z</time>
      </trkpt>
      <trkpt lat="46.424328" lon="23.534900">
        <ele>759.482</ele>
        <time>2015-10-10T05:00:36Z</time>
      </trkpt>
      <trkpt lat="46.424359" lon="23.534776">
        <ele>761.088</ele>
        <time>2015-10-10T05:00:45Z</time>
      </trkpt>
      <trkpt lat="46.424380" lon="23.534643">
        <ele>763.182</ele>
        <time>2015-10-10T05:00:52Z</time>
      </trkpt>
      <trkpt lat="46.424396" lon="23.534519">
        <ele>765.420</ele>
        <time>2015-10-10T05:00:59Z</time>
      </trkpt>
      <trkpt lat="46.424396" lon="23.534386">
        <ele>767.982</ele>
        <time>2015-10-10T05:01:08Z</time>
      </trkpt>
      <trkpt lat="46.424418" lon="23.534273">
        <ele>769.012</ele>
        <time>2015-10-10T05:01:14Z</time>
      </trkpt>
      <trkpt lat="46.424448" lon="23.534155">
        <ele>770.058</ele>
        <time>2015-10-10T05:01:22Z</time>
      </trkpt>
      <trkpt lat="46.424503" lon="23.534058">
        <ele>769.768</ele>
        <time>2015-10-10T05:01:30Z</time>
      </trkpt>
      <trkpt lat="46.424523" lon="23.533939">
        <ele>770.292</ele>
        <time>2015-10-10T05:01:37Z</time>
      </trkpt>
      <trkpt lat="46.424530" lon="23.533821">
        <ele>771.073</ele>
        <time>2015-10-10T05:01:45Z</time>
      </trkpt>
      <trkpt lat="46.424533" lon="23.533690">
        <ele>772.120</ele>
        <time>2015-10-10T05:01:54Z</time>
      </trkpt>
      <trkpt lat="46.424521" lon="23.533568">
        <ele>773.408</ele>
        <time>2015-10-10T05:02:02Z</time>
      </trkpt>
      <trkpt lat="46.424511" lon="23.533440">
        <ele>775.210</ele>
        <time>2015-10-10T05:02:11Z</time>
      </trkpt>
      <trkpt lat="46.424515" lon="23.533316">
        <ele>776.746</ele>
        <time>2015-10-10T05:02:19Z</time>
      </trkpt>
      <trkpt lat="46.424524" lon="23.533198">
        <ele>778.160</ele>
        <time>2015-10-10T05:02:29Z</time>
      </trkpt>
      <trkpt lat="46.424520" lon="23.533071">
        <ele>779.928</ele>
        <time>2015-10-10T05:02:37Z</time>
      </trkpt>
      <trkpt lat="46.424515" lon="23.532943">
        <ele>781.980</ele>
        <time>2015-10-10T05:02:45Z</time>
      </trkpt>
      <trkpt lat="46.424538" lon="23.532823">
        <ele>783.360</ele>
        <time>2015-10-10T05:02:53Z</time>
      </trkpt>
      <trkpt lat="46.424523" lon="23.532694">
        <ele>786.296</ele>
        <time>2015-10-10T05:03:03Z</time>
      </trkpt>
      <trkpt lat="46.424523" lon="23.532571">
        <ele>789.116</ele>
        <time>2015-10-10T05:03:11Z</time>
      </trkpt>
      <trkpt lat="46.424556" lon="23.532458">
        <ele>790.822</ele>
        <time>2015-10-10T05:03:19Z</time>
      </trkpt>
      <trkpt lat="46.424568" lon="23.532336">
        <ele>793.362</ele>
        <time>2015-10-10T05:03:27Z</time>
      </trkpt>
      <trkpt lat="46.424601" lon="23.532220">
        <ele>795.008</ele>
        <time>2015-10-10T05:03:35Z</time>
      </trkpt>
      <trkpt lat="46.424655" lon="23.532124">
        <ele>795.508</ele>
        <time>2015-10-10T05:03:42Z</time>
      </trkpt>
      <trkpt lat="46.424666" lon="23.532008">
        <ele>797.923</ele>
        <time>2015-10-10T05:03:50Z</time>
      </trkpt>
      <trkpt lat="46.424659" lon="23.531889">
        <ele>800.829</ele>
        <time>2015-10-10T05:03:59Z</time>
      </trkpt>
      <trkpt lat="46.424676" lon="23.531758">
        <ele>803.273</ele>
        <time>2015-10-10T05:04:09Z</time>
      </trkpt>
      <trkpt lat="46.424681" lon="23.531634">
        <ele>805.561</ele>
        <time>2015-10-10T05:04:18Z</time>
      </trkpt>
      <trkpt lat="46.424678" lon="23.531505">
        <ele>807.483</ele>
        <time>2015-10-10T05:04:28Z</time>
      </trkpt>
      <trkpt lat="46.424653" lon="23.531386">
        <ele>809.823</ele>
        <time>2015-10-10T05:04:39Z</time>
      </trkpt>
      <trkpt lat="46.424623" lon="23.531271">
        <ele>811.669</ele>
        <time>2015-10-10T05:05:04Z</time>
      </trkpt>
      <trkpt lat="46.424588" lon="23.531068">
        <ele>814.429</ele>
        <time>2015-10-10T05:05:56Z</time>
      </trkpt>
      <trkpt lat="46.424561" lon="23.530950">
        <ele>816.296</ele>
        <time>2015-10-10T05:06:08Z</time>
      </trkpt>
      <trkpt lat="46.424546" lon="23.530826">
        <ele>817.931</ele>
        <time>2015-10-10T05:06:21Z</time>
      </trkpt>
      <trkpt lat="46.424543" lon="23.530696">
        <ele>819.524</ele>
        <time>2015-10-10T05:06:34Z</time>
      </trkpt>
      <trkpt lat="46.424511" lon="23.530588">
        <ele>821.408</ele>
        <time>2015-10-10T05:06:48Z</time>
      </trkpt>
      <trkpt lat="46.424509" lon="23.530469">
        <ele>823.310</ele>
        <time>2015-10-10T05:07:03Z</time>
      </trkpt>
      <trkpt lat="46.424530" lon="23.530350">
        <ele>824.996</ele>
        <time>2015-10-10T05:07:13Z</time>
      </trkpt>
      <trkpt lat="46.424528" lon="23.530225">
        <ele>827.140</ele>
        <time>2015-10-10T05:07:26Z</time>
      </trkpt>
      <trkpt lat="46.424516" lon="23.530105">
        <ele>829.488</ele>
        <time>2015-10-10T05:07:35Z</time>
      </trkpt>
      <trkpt lat="46.424508" lon="23.529980">
        <ele>831.730</ele>
        <time>2015-10-10T05:07:45Z</time>
      </trkpt>
      <trkpt lat="46.424506" lon="23.529841">
        <ele>834.240</ele>
        <time>2015-10-10T05:08:07Z</time>
      </trkpt>
      <trkpt lat="46.424546" lon="23.529736">
        <ele>834.846</ele>
        <time>2015-10-10T05:08:15Z</time>
      </trkpt>
      <trkpt lat="46.424558" lon="23.529614">
        <ele>836.466</ele>
        <time>2015-10-10T05:08:25Z</time>
      </trkpt>
      <trkpt lat="46.424591" lon="23.529506">
        <ele>837.389</ele>
        <time>2015-10-10T05:08:43Z</time>
      </trkpt>
      <trkpt lat="46.424533" lon="23.529408">
        <ele>840.506</ele>
        <time>2015-10-10T05:08:53Z</time>
      </trkpt>
      <trkpt lat="46.424488" lon="23.529298">
        <ele>843.626</ele>
        <time>2015-10-10T05:09:03Z</time>
      </trkpt>
      <trkpt lat="46.424451" lon="23.529190">
        <ele>846.408</ele>
        <time>2015-10-10T05:09:17Z</time>
      </trkpt>
      <trkpt lat="46.424421" lon="23.529076">
        <ele>849.089</ele>
        <time>2015-10-10T05:09:42Z</time>
      </trkpt>
      <trkpt lat="46.424389" lon="23.528959">
        <ele>851.475</ele>
        <time>2015-10-10T05:10:00Z</time>
      </trkpt>
      <trkpt lat="46.424369" lon="23.528843">
        <ele>853.649</ele>
        <time>2015-10-10T05:11:57Z</time>
      </trkpt>
      <trkpt lat="46.424374" lon="23.528713">
        <ele>855.337</ele>
        <time>2015-10-10T05:12:05Z</time>
      </trkpt>
      <trkpt lat="46.424393" lon="23.528593">
        <ele>856.859</ele>
        <time>2015-10-10T05:12:16Z</time>
      </trkpt>
      <trkpt lat="46.424400" lon="23.528460">
        <ele>859.989</ele>
        <time>2015-10-10T05:12:26Z</time>
      </trkpt>
      <trkpt lat="46.424493" lon="23.528373">
        <ele>860.585</ele>
        <time>2015-10-10T05:12:40Z</time>
      </trkpt>
      <trkpt lat="46.424461" lon="23.528258">
        <ele>864.035</ele>
        <time>2015-10-10T05:12:53Z</time>
      </trkpt>
      <trkpt lat="46.424430" lon="23.528136">
        <ele>868.195</ele>
        <time>2015-10-10T05:13:12Z</time>
      </trkpt>
      <trkpt lat="46.424539" lon="23.527980">
        <ele>869.849</ele>
        <time>2015-10-10T05:13:36Z</time>
      </trkpt>
      <trkpt lat="46.424565" lon="23.527863">
        <ele>871.723</ele>
        <time>2015-10-10T05:14:48Z</time>
      </trkpt>
      <trkpt lat="46.424548" lon="23.527748">
        <ele>874.208</ele>
        <time>2015-10-10T05:15:00Z</time>
      </trkpt>
      <trkpt lat="46.424556" lon="23.527623">
        <ele>875.820</ele>
        <time>2015-10-10T05:15:10Z</time>
      </trkpt>
      <trkpt lat="46.424541" lon="23.527501">
        <ele>877.966</ele>
        <time>2015-10-10T05:15:21Z</time>
      </trkpt>
      <trkpt lat="46.424538" lon="23.527378">
        <ele>879.630</ele>
        <time>2015-10-10T05:15:31Z</time>
      </trkpt>
      <trkpt lat="46.424493" lon="23.527273">
        <ele>882.118</ele>
        <time>2015-10-10T05:15:40Z</time>
      </trkpt>
      <trkpt lat="46.424460" lon="23.527160">
        <ele>884.710</ele>
        <time>2015-10-10T05:15:55Z</time>
      </trkpt>
      <trkpt lat="46.424418" lon="23.527048">
        <ele>888.060</ele>
        <time>2015-10-10T05:16:08Z</time>
      </trkpt>
      <trkpt lat="46.424408" lon="23.526915">
        <ele>891.196</ele>
        <time>2015-10-10T05:16:27Z</time>
      </trkpt>
      <trkpt lat="46.424434" lon="23.526795">
        <ele>893.266</ele>
        <time>2015-10-10T05:16:54Z</time>
      </trkpt>
      <trkpt lat="46.424451" lon="23.526675">
        <ele>895.651</ele>
        <time>2015-10-10T05:17:03Z</time>
      </trkpt>
      <trkpt lat="46.424471" lon="23.526543">
        <ele>897.901</ele>
        <time>2015-10-10T05:17:19Z</time>
      </trkpt>
      <trkpt lat="46.424508" lon="23.526401">
        <ele>900.111</ele>
        <time>2015-10-10T05:17:28Z</time>
      </trkpt>
      <trkpt lat="46.424541" lon="23.526270">
        <ele>901.308</ele>
        <time>2015-10-10T05:17:47Z</time>
      </trkpt>
      <trkpt lat="46.424545" lon="23.526148">
        <ele>903.096</ele>
        <time>2015-10-10T05:17:58Z</time>
      </trkpt>
      <trkpt lat="46.424571" lon="23.526036">
        <ele>904.532</ele>
        <time>2015-10-10T05:18:05Z</time>
      </trkpt>
      <trkpt lat="46.424524" lon="23.525940">
        <ele>906.786</ele>
        <time>2015-10-10T05:18:22Z</time>
      </trkpt>
      <trkpt lat="46.424531" lon="23.525816">
        <ele>908.854</ele>
        <time>2015-10-10T05:19:06Z</time>
      </trkpt>
      <trkpt lat="46.424448" lon="23.525695">
        <ele>912.076</ele>
        <time>2015-10-10T05:19:15Z</time>
      </trkpt>
      <trkpt lat="46.424386" lon="23.525603">
        <ele>915.796</ele>
        <time>2015-10-10T05:19:30Z</time>
      </trkpt>
      <trkpt lat="46.424306" lon="23.525576">
        <ele>918.672</ele>
        <time>2015-10-10T05:19:36Z</time>
      </trkpt>
      <trkpt lat="46.424226" lon="23.525521">
        <ele>922.432</ele>
        <time>2015-10-10T05:19:46Z</time>
      </trkpt>
      <trkpt lat="46.424148" lon="23.525489">
        <ele>926.121</ele>
        <time>2015-10-10T05:20:33Z</time>
      </trkpt>
      <trkpt lat="46.424081" lon="23.525406">
        <ele>932.041</ele>
        <time>2015-10-10T05:20:46Z</time>
      </trkpt>
      <trkpt lat="46.424063" lon="23.525290">
        <ele>936.505</ele>
        <time>2015-10-10T05:21:00Z</time>
      </trkpt>
      <trkpt lat="46.424041" lon="23.525136">
        <ele>943.308</ele>
        <time>2015-10-10T05:21:38Z</time>
      </trkpt>
      <trkpt lat="46.424029" lon="23.524975">
        <ele>949.853</ele>
        <time>2015-10-10T05:22:43Z</time>
      </trkpt>
      <trkpt lat="46.423953" lon="23.524921">
        <ele>954.249</ele>
        <time>2015-10-10T05:22:49Z</time>
      </trkpt>
      <trkpt lat="46.423873" lon="23.524888">
        <ele>957.713</ele>
        <time>2015-10-10T05:23:02Z</time>
      </trkpt>
      <trkpt lat="46.423788" lon="23.524880">
        <ele>960.611</ele>
        <time>2015-10-10T05:23:13Z</time>
      </trkpt>
      <trkpt lat="46.423701" lon="23.524901">
        <ele>962.793</ele>
        <time>2015-10-10T05:24:15Z</time>
      </trkpt>
      <trkpt lat="46.423653" lon="23.524998">
        <ele>961.793</ele>
        <time>2015-10-10T05:24:40Z</time>
      </trkpt>
      <trkpt lat="46.423573" lon="23.525041">
        <ele>962.549</ele>
        <time>2015-10-10T05:24:54Z</time>
      </trkpt>
      <trkpt lat="46.423489" lon="23.525075">
        <ele>963.029</ele>
        <time>2015-10-10T05:25:06Z</time>
      </trkpt>
      <trkpt lat="46.423406" lon="23.525083">
        <ele>964.353</ele>
        <time>2015-10-10T05:25:16Z</time>
      </trkpt>
      <trkpt lat="46.423328" lon="23.525118">
        <ele>964.304</ele>
        <time>2015-10-10T05:25:30Z</time>
      </trkpt>
      <trkpt lat="46.423346" lon="23.524981">
        <ele>969.214</ele>
        <time>2015-10-10T05:26:59Z</time>
      </trkpt>
      <trkpt lat="46.423441" lon="23.524964">
        <ele>967.608</ele>
        <time>2015-10-10T05:27:32Z</time>
      </trkpt>
      <trkpt lat="46.423355" lon="23.524951">
        <ele>969.856</ele>
        <time>2015-10-10T05:27:51Z</time>
      </trkpt>
      <trkpt lat="46.423273" lon="23.524940">
        <ele>970.742</ele>
        <time>2015-10-10T05:28:05Z</time>
      </trkpt>
      <trkpt lat="46.423205" lon="23.524871">
        <ele>973.196</ele>
        <time>2015-10-10T05:28:16Z</time>
      </trkpt>
      <trkpt lat="46.423141" lon="23.524791">
        <ele>976.414</ele>
        <time>2015-10-10T05:28:32Z</time>
      </trkpt>
      <trkpt lat="46.423083" lon="23.524678">
        <ele>981.056</ele>
        <time>2015-10-10T05:28:56Z</time>
      </trkpt>
      <trkpt lat="46.423028" lon="23.524556">
        <ele>985.096</ele>
        <time>2015-10-10T05:29:36Z</time>
      </trkpt>
      <trkpt lat="46.422991" lon="23.524424">
        <ele>989.072</ele>
        <time>2015-10-10T05:30:23Z</time>
      </trkpt>
      <trkpt lat="46.422920" lon="23.524356">
        <ele>990.722</ele>
        <time>2015-10-10T05:30:33Z</time>
      </trkpt>
      <trkpt lat="46.422876" lon="23.524225">
        <ele>995.097</ele>
        <time>2015-10-10T05:31:07Z</time>
      </trkpt>
      <trkpt lat="46.422828" lon="23.524099">
        <ele>998.723</ele>
        <time>2015-10-10T05:31:41Z</time>
      </trkpt>
      <trkpt lat="46.422816" lon="23.523979">
        <ele>1002.525</ele>
        <time>2015-10-10T05:32:10Z</time>
      </trkpt>
      <trkpt lat="46.422751" lon="23.523889">
        <ele>1004.508</ele>
        <time>2015-10-10T05:32:42Z</time>
      </trkpt>
      <trkpt lat="46.422740" lon="23.523666">
        <ele>1013.190</ele>
        <time>2015-10-10T05:33:20Z</time>
      </trkpt>
      <trkpt lat="46.422831" lon="23.523640">
        <ele>1015.176</ele>
        <time>2015-10-10T05:34:16Z</time>
      </trkpt>
      <trkpt lat="46.422846" lon="23.523498">
        <ele>1020.070</ele>
        <time>2015-10-10T05:35:58Z</time>
      </trkpt>
      <trkpt lat="46.422798" lon="23.523398">
        <ele>1023.018</ele>
        <time>2015-10-10T05:36:20Z</time>
      </trkpt>
      <trkpt lat="46.422745" lon="23.523310">
        <ele>1025.250</ele>
        <time>2015-10-10T05:36:34Z</time>
      </trkpt>
      <trkpt lat="46.422701" lon="23.523205">
        <ele>1027.750</ele>
        <time>2015-10-10T05:36:45Z</time>
      </trkpt>
      <trkpt lat="46.422631" lon="23.523135">
        <ele>1029.086</ele>
        <time>2015-10-10T05:37:00Z</time>
      </trkpt>
      <trkpt lat="46.422596" lon="23.522956">
        <ele>1034.336</ele>
        <time>2015-10-10T05:37:37Z</time>
      </trkpt>
      <trkpt lat="46.422535" lon="23.522783">
        <ele>1039.241</ele>
        <time>2015-10-10T05:38:06Z</time>
      </trkpt>
      <trkpt lat="46.422498" lon="23.522666">
        <ele>1043.881</ele>
        <time>2015-10-10T05:38:19Z</time>
      </trkpt>
      <trkpt lat="46.422423" lon="23.522605">
        <ele>1046.509</ele>
        <time>2015-10-10T05:38:34Z</time>
      </trkpt>
      <trkpt lat="46.422373" lon="23.522498">
        <ele>1051.508</ele>
        <time>2015-10-10T05:38:44Z</time>
      </trkpt>
      <trkpt lat="46.422328" lon="23.522400">
        <ele>1055.335</ele>
        <time>2015-10-10T05:38:58Z</time>
      </trkpt>
      <trkpt lat="46.422253" lon="23.522353">
        <ele>1057.631</ele>
        <time>2015-10-10T05:39:15Z</time>
      </trkpt>
      <trkpt lat="46.422148" lon="23.522319">
        <ele>1059.895</ele>
        <time>2015-10-10T05:39:39Z</time>
      </trkpt>
      <trkpt lat="46.422083" lon="23.522250">
        <ele>1063.053</ele>
        <time>2015-10-10T05:39:53Z</time>
      </trkpt>
      <trkpt lat="46.422006" lon="23.522196">
        <ele>1065.615</ele>
        <time>2015-10-10T05:40:31Z</time>
      </trkpt>
      <trkpt lat="46.421920" lon="23.522121">
        <ele>1069.545</ele>
        <time>2015-10-10T05:41:13Z</time>
      </trkpt>
      <trkpt lat="46.421834" lon="23.522116">
        <ele>1071.361</ele>
        <time>2015-10-10T05:41:28Z</time>
      </trkpt>
      <trkpt lat="46.421755" lon="23.522063">
        <ele>1075.191</ele>
        <time>2015-10-10T05:41:44Z</time>
      </trkpt>
      <trkpt lat="46.421681" lon="23.522013">
        <ele>1078.728</ele>
        <time>2015-10-10T05:42:06Z</time>
      </trkpt>
      <trkpt lat="46.421543" lon="23.521901">
        <ele>1088.589</ele>
        <time>2015-10-10T05:43:24Z</time>
      </trkpt>
      <trkpt lat="46.421458" lon="23.521856">
        <ele>1093.117</ele>
        <time>2015-10-10T05:43:41Z</time>
      </trkpt>
      <trkpt lat="46.421380" lon="23.521826">
        <ele>1096.508</ele>
        <time>2015-10-10T05:44:18Z</time>
      </trkpt>
      <trkpt lat="46.421273" lon="23.521800">
        <ele>1098.613</ele>
        <time>2015-10-10T05:44:43Z</time>
      </trkpt>
      <trkpt lat="46.421186" lon="23.521770">
        <ele>1100.399</ele>
        <time>2015-10-10T05:44:57Z</time>
      </trkpt>
      <trkpt lat="46.421108" lon="23.521723">
        <ele>1102.053</ele>
        <time>2015-10-10T05:45:09Z</time>
      </trkpt>
      <trkpt lat="46.421033" lon="23.521655">
        <ele>1102.831</ele>
        <time>2015-10-10T05:45:27Z</time>
      </trkpt>
      <trkpt lat="46.420955" lon="23.521621">
        <ele>1102.663</ele>
        <time>2015-10-10T05:46:01Z</time>
      </trkpt>
      <trkpt lat="46.420926" lon="23.521501">
        <ele>1102.783</ele>
        <time>2015-10-10T05:46:15Z</time>
      </trkpt>
      <trkpt lat="46.420854" lon="23.521426">
        <ele>1102.279</ele>
        <time>2015-10-10T05:46:25Z</time>
      </trkpt>
      <trkpt lat="46.420790" lon="23.521355">
        <ele>1102.539</ele>
        <time>2015-10-10T05:46:35Z</time>
      </trkpt>
      <trkpt lat="46.420735" lon="23.521254">
        <ele>1102.533</ele>
        <time>2015-10-10T05:46:46Z</time>
      </trkpt>
      <trkpt lat="46.420663" lon="23.521179">
        <ele>1101.823</ele>
        <time>2015-10-10T05:47:25Z</time>
      </trkpt>
      <trkpt lat="46.420611" lon="23.521088">
        <ele>1100.315</ele>
        <time>2015-10-10T05:47:35Z</time>
      </trkpt>
      <trkpt lat="46.420551" lon="23.520986">
        <ele>1098.208</ele>
        <time>2015-10-10T05:47:44Z</time>
      </trkpt>
      <trkpt lat="46.420496" lon="23.520893">
        <ele>1096.164</ele>
        <time>2015-10-10T05:47:58Z</time>
      </trkpt>
      <trkpt lat="46.420463" lon="23.520773">
        <ele>1092.830</ele>
        <time>2015-10-10T05:48:19Z</time>
      </trkpt>
      <trkpt lat="46.420539" lon="23.520665">
        <ele>1090.394</ele>
        <time>2015-10-10T05:48:25Z</time>
      </trkpt>
      <trkpt lat="46.420600" lon="23.520580">
        <ele>1088.732</ele>
        <time>2015-10-10T05:48:34Z</time>
      </trkpt>
      <trkpt lat="46.420683" lon="23.520533">
        <ele>1088.844</ele>
        <time>2015-10-10T05:48:44Z</time>
      </trkpt>
      <trkpt lat="46.420760" lon="23.520493">
        <ele>1088.674</ele>
        <time>2015-10-10T05:49:06Z</time>
      </trkpt>
      <trkpt lat="46.420846" lon="23.520468">
        <ele>1089.190</ele>
        <time>2015-10-10T05:50:05Z</time>
      </trkpt>
      <trkpt lat="46.420919" lon="23.520400">
        <ele>1087.540</ele>
        <time>2015-10-10T05:50:16Z</time>
      </trkpt>
      <trkpt lat="46.421001" lon="23.520353">
        <ele>1087.388</ele>
        <time>2015-10-10T05:50:24Z</time>
      </trkpt>
      <trkpt lat="46.421086" lon="23.520316">
        <ele>1087.824</ele>
        <time>2015-10-10T05:50:37Z</time>
      </trkpt>
      <trkpt lat="46.421165" lon="23.520284">
        <ele>1087.826</ele>
        <time>2015-10-10T05:50:47Z</time>
      </trkpt>
      <trkpt lat="46.421245" lon="23.520241">
        <ele>1087.208</ele>
        <time>2015-10-10T05:50:57Z</time>
      </trkpt>
      <trkpt lat="46.421331" lon="23.520208">
        <ele>1087.279</ele>
        <time>2015-10-10T05:51:08Z</time>
      </trkpt>
      <trkpt lat="46.421396" lon="23.520134">
        <ele>1086.065</ele>
        <time>2015-10-10T05:51:19Z</time>
      </trkpt>
      <trkpt lat="46.421473" lon="23.520089">
        <ele>1085.889</ele>
        <time>2015-10-10T05:51:47Z</time>
      </trkpt>
      <trkpt lat="46.421540" lon="23.520014">
        <ele>1084.677</ele>
        <time>2015-10-10T05:51:56Z</time>
      </trkpt>
      <trkpt lat="46.421613" lon="23.519953">
        <ele>1084.039</ele>
        <time>2015-10-10T05:52:06Z</time>
      </trkpt>
      <trkpt lat="46.421669" lon="23.519868">
        <ele>1082.769</ele>
        <time>2015-10-10T05:52:17Z</time>
      </trkpt>
      <trkpt lat="46.421730" lon="23.519766">
        <ele>1081.545</ele>
        <time>2015-10-10T05:52:26Z</time>
      </trkpt>
      <trkpt lat="46.421806" lon="23.519684">
        <ele>1081.255</ele>
        <time>2015-10-10T05:52:33Z</time>
      </trkpt>
      <trkpt lat="46.421856" lon="23.519588">
        <ele>1080.538</ele>
        <time>2015-10-10T05:52:41Z</time>
      </trkpt>
      <trkpt lat="46.421900" lon="23.519488">
        <ele>1080.170</ele>
        <time>2015-10-10T05:52:49Z</time>
      </trkpt>
      <trkpt lat="46.421958" lon="23.519401">
        <ele>1080.517</ele>
        <time>2015-10-10T05:52:56Z</time>
      </trkpt>
      <trkpt lat="46.421971" lon="23.519283">
        <ele>1078.108</ele>
        <time>2015-10-10T05:53:05Z</time>
      </trkpt>
      <trkpt lat="46.422031" lon="23.519201">
        <ele>1078.884</ele>
        <time>2015-10-10T05:53:21Z</time>
      </trkpt>
      <trkpt lat="46.422113" lon="23.519223">
        <ele>1083.150</ele>
        <time>2015-10-10T05:53:33Z</time>
      </trkpt>
      <trkpt lat="46.422166" lon="23.519118">
        <ele>1083.334</ele>
        <time>2015-10-10T05:53:47Z</time>
      </trkpt>
      <trkpt lat="46.422225" lon="23.519031">
        <ele>1084.212</ele>
        <time>2015-10-10T05:53:58Z</time>
      </trkpt>
      <trkpt lat="46.422284" lon="23.518945">
        <ele>1084.774</ele>
        <time>2015-10-10T05:54:05Z</time>
      </trkpt>
      <trkpt lat="46.422328" lon="23.518835">
        <ele>1084.224</ele>
        <time>2015-10-10T05:54:11Z</time>
      </trkpt>
      <trkpt lat="46.422321" lon="23.518716">
        <ele>1081.830</ele>
        <time>2015-10-10T05:54:30Z</time>
      </trkpt>
      <trkpt lat="46.422266" lon="23.518628">
        <ele>1077.550</ele>
        <time>2015-10-10T05:54:40Z</time>
      </trkpt>
      <trkpt lat="46.422221" lon="23.518525">
        <ele>1073.478</ele>
        <time>2015-10-10T05:54:49Z</time>
      </trkpt>
      <trkpt lat="46.422161" lon="23.518435">
        <ele>1068.733</ele>
        <time>2015-10-10T05:54:57Z</time>
      </trkpt>
      <trkpt lat="46.422146" lon="23.518313">
        <ele>1065.926</ele>
        <time>2015-10-10T05:55:07Z</time>
      </trkpt>
      <trkpt lat="46.422196" lon="23.518216">
        <ele>1067.408</ele>
        <time>2015-10-10T05:55:16Z</time>
      </trkpt>
      <trkpt lat="46.422230" lon="23.518098">
        <ele>1067.998</ele>
        <time>2015-10-10T05:55:28Z</time>
      </trkpt>
      <trkpt lat="46.422296" lon="23.518020">
        <ele>1070.344</ele>
        <time>2015-10-10T05:55:36Z</time>
      </trkpt>
      <trkpt lat="46.422325" lon="23.517909">
        <ele>1070.668</ele>
        <time>2015-10-10T05:55:46Z</time>
      </trkpt>
      <trkpt lat="46.422348" lon="23.517785">
        <ele>1070.486</ele>
        <time>2015-10-10T05:55:56Z</time>
      </trkpt>
      <trkpt lat="46.422370" lon="23.517661">
        <ele>1071.438</ele>
        <time>2015-10-10T05:56:03Z</time>
      </trkpt>
      <trkpt lat="46.422374" lon="23.517541">
        <ele>1071.538</ele>
        <time>2015-10-10T05:56:12Z</time>
      </trkpt>
      <trkpt lat="46.422430" lon="23.517453">
        <ele>1074.354</ele>
        <time>2015-10-10T05:56:23Z</time>
      </trkpt>
      <trkpt lat="46.422381" lon="23.517348">
        <ele>1074.864</ele>
        <time>2015-10-10T05:57:43Z</time>
      </trkpt>
      <trkpt lat="46.422323" lon="23.517258">
        <ele>1075.346</ele>
        <time>2015-10-10T05:57:51Z</time>
      </trkpt>
      <trkpt lat="46.422261" lon="23.517176">
        <ele>1076.488</ele>
        <time>2015-10-10T05:58:02Z</time>
      </trkpt>
      <trkpt lat="46.422346" lon="23.517166">
        <ele>1078.616</ele>
        <time>2015-10-10T05:58:30Z</time>
      </trkpt>
      <trkpt lat="46.422423" lon="23.517220">
        <ele>1078.408</ele>
        <time>2015-10-10T05:58:41Z</time>
      </trkpt>
      <trkpt lat="46.422501" lon="23.517265">
        <ele>1079.495</ele>
        <time>2015-10-10T05:58:53Z</time>
      </trkpt>
      <trkpt lat="46.422554" lon="23.517355">
        <ele>1080.081</ele>
        <time>2015-10-10T06:00:10Z</time>
      </trkpt>
      <trkpt lat="46.422640" lon="23.517356">
        <ele>1083.185</ele>
        <time>2015-10-10T06:00:34Z</time>
      </trkpt>
      <trkpt lat="46.422726" lon="23.517348">
        <ele>1086.393</ele>
        <time>2015-10-10T06:00:47Z</time>
      </trkpt>
      <trkpt lat="46.422808" lon="23.517366">
        <ele>1089.135</ele>
        <time>2015-10-10T06:00:57Z</time>
      </trkpt>
      <trkpt lat="46.422891" lon="23.517351">
        <ele>1092.775</ele>
        <time>2015-10-10T06:01:24Z</time>
      </trkpt>
      <trkpt lat="46.422973" lon="23.517345">
        <ele>1096.091</ele>
        <time>2015-10-10T06:01:45Z</time>
      </trkpt>
      <trkpt lat="46.423064" lon="23.517343">
        <ele>1099.781</ele>
        <time>2015-10-10T06:02:35Z</time>
      </trkpt>
      <trkpt lat="46.423143" lon="23.517388">
        <ele>1101.763</ele>
        <time>2015-10-10T06:02:59Z</time>
      </trkpt>
      <trkpt lat="46.423226" lon="23.517391">
        <ele>1104.744</ele>
        <time>2015-10-10T06:03:10Z</time>
      </trkpt>
      <trkpt lat="46.423313" lon="23.517396">
        <ele>1107.918</ele>
        <time>2015-10-10T06:03:21Z</time>
      </trkpt>
      <trkpt lat="46.423398" lon="23.517414">
        <ele>1110.508</ele>
        <time>2015-10-10T06:03:37Z</time>
      </trkpt>
      <trkpt lat="46.423506" lon="23.517426">
        <ele>1114.227</ele>
        <time>2015-10-10T06:05:01Z</time>
      </trkpt>
      <trkpt lat="46.423598" lon="23.517384">
        <ele>1118.263</ele>
        <time>2015-10-10T06:05:53Z</time>
      </trkpt>
      <trkpt lat="46.423678" lon="23.517335">
        <ele>1122.537</ele>
        <time>2015-10-10T06:06:40Z</time>
      </trkpt>
      <trkpt lat="46.423759" lon="23.517305">
        <ele>1126.585</ele>
        <time>2015-10-10T06:07:16Z</time>
      </trkpt>
      <trkpt lat="46.423864" lon="23.517301">
        <ele>1131.357</ele>
        <time>2015-10-10T06:07:44Z</time>
      </trkpt>
      <trkpt lat="46.423946" lon="23.517293">
        <ele>1135.247</ele>
        <time>2015-10-10T06:08:33Z</time>
      </trkpt>
      <trkpt lat="46.424023" lon="23.517241">
        <ele>1139.123</ele>
        <time>2015-10-10T06:09:00Z</time>
      </trkpt>
      <trkpt lat="46.424104" lon="23.517203">
        <ele>1143.533</ele>
        <time>2015-10-10T06:09:31Z</time>
      </trkpt>
      <trkpt lat="46.424201" lon="23.517150">
        <ele>1148.934</ele>
        <time>2015-10-10T06:11:37Z</time>
      </trkpt>
      <trkpt lat="46.424281" lon="23.517120">
        <ele>1152.755</ele>
        <time>2015-10-10T06:12:12Z</time>
      </trkpt>
      <trkpt lat="46.424358" lon="23.517158">
        <ele>1155.010</ele>
        <time>2015-10-10T06:12:38Z</time>
      </trkpt>
      <trkpt lat="46.424434" lon="23.517116">
        <ele>1158.908</ele>
        <time>2015-10-10T06:12:57Z</time>
      </trkpt>
      <trkpt lat="46.424509" lon="23.517063">
        <ele>1162.724</ele>
        <time>2015-10-10T06:14:11Z</time>
      </trkpt>
      <trkpt lat="46.424584" lon="23.517015">
        <ele>1166.030</ele>
        <time>2015-10-10T06:14:24Z</time>
      </trkpt>
      <trkpt lat="46.424671" lon="23.517003">
        <ele>1168.934</ele>
        <time>2015-10-10T06:14:43Z</time>
      </trkpt>
      <trkpt lat="46.424755" lon="23.516994">
        <ele>1171.542</ele>
        <time>2015-10-10T06:15:05Z</time>
      </trkpt>
      <trkpt lat="46.424839" lon="23.516985">
        <ele>1173.824</ele>
        <time>2015-10-10T06:15:39Z</time>
      </trkpt>
      <trkpt lat="46.424914" lon="23.516940">
        <ele>1175.964</ele>
        <time>2015-10-10T06:21:03Z</time>
      </trkpt>
      <trkpt lat="46.424935" lon="23.517106">
        <ele>1176.530</ele>
        <time>2015-10-10T06:32:41Z</time>
      </trkpt>
      <trkpt lat="46.424811" lon="23.517013">
        <ele>1173.030</ele>
        <time>2015-10-10T06:36:53Z</time>
      </trkpt>
      <trkpt lat="46.424790" lon="23.516898">
        <ele>1173.695</ele>
        <time>2015-10-10T06:40:08Z</time>
      </trkpt>
      <trkpt lat="46.424768" lon="23.516781">
        <ele>1175.549</ele>
        <time>2015-10-10T06:40:17Z</time>
      </trkpt>
      <trkpt lat="46.424781" lon="23.516656">
        <ele>1178.323</ele>
        <time>2015-10-10T06:40:27Z</time>
      </trkpt>
      <trkpt lat="46.424800" lon="23.516540">
        <ele>1181.308</ele>
        <time>2015-10-10T06:40:39Z</time>
      </trkpt>
      <trkpt lat="46.424850" lon="23.516443">
        <ele>1184.550</ele>
        <time>2015-10-10T06:40:48Z</time>
      </trkpt>
      <trkpt lat="46.424880" lon="23.516315">
        <ele>1187.366</ele>
        <time>2015-10-10T06:40:57Z</time>
      </trkpt>
      <trkpt lat="46.424843" lon="23.516138">
        <ele>1188.930</ele>
        <time>2015-10-10T06:41:59Z</time>
      </trkpt>
      <trkpt lat="46.424761" lon="23.516118">
        <ele>1188.378</ele>
        <time>2015-10-10T06:42:27Z</time>
      </trkpt>
      <trkpt lat="46.424663" lon="23.516043">
        <ele>1188.820</ele>
        <time>2015-10-10T06:42:46Z</time>
      </trkpt>
      <trkpt lat="46.424588" lon="23.515923">
        <ele>1191.240</ele>
        <time>2015-10-10T06:43:22Z</time>
      </trkpt>
      <trkpt lat="46.424516" lon="23.515868">
        <ele>1191.876</ele>
        <time>2015-10-10T06:43:42Z</time>
      </trkpt>
      <trkpt lat="46.424476" lon="23.515758">
        <ele>1194.716</ele>
        <time>2015-10-10T06:44:43Z</time>
      </trkpt>
      <trkpt lat="46.424413" lon="23.515671">
        <ele>1196.397</ele>
        <time>2015-10-10T06:44:51Z</time>
      </trkpt>
      <trkpt lat="46.424346" lon="23.515596">
        <ele>1196.623</ele>
        <time>2015-10-10T06:45:01Z</time>
      </trkpt>
      <trkpt lat="46.424286" lon="23.515513">
        <ele>1196.425</ele>
        <time>2015-10-10T06:45:10Z</time>
      </trkpt>
      <trkpt lat="46.424273" lon="23.515386">
        <ele>1197.808</ele>
        <time>2015-10-10T06:46:23Z</time>
      </trkpt>
      <trkpt lat="46.424220" lon="23.515293">
        <ele>1197.980</ele>
        <time>2015-10-10T06:46:30Z</time>
      </trkpt>
      <trkpt lat="46.424209" lon="23.515175">
        <ele>1196.936</ele>
        <time>2015-10-10T06:46:36Z</time>
      </trkpt>
      <trkpt lat="46.424205" lon="23.515055">
        <ele>1195.810</ele>
        <time>2015-10-10T06:46:44Z</time>
      </trkpt>
      <trkpt lat="46.424179" lon="23.514940">
        <ele>1193.788</ele>
        <time>2015-10-10T06:47:06Z</time>
      </trkpt>
      <trkpt lat="46.424151" lon="23.514826">
        <ele>1191.070</ele>
        <time>2015-10-10T06:47:15Z</time>
      </trkpt>
      <trkpt lat="46.424104" lon="23.514725">
        <ele>1188.230</ele>
        <time>2015-10-10T06:47:25Z</time>
      </trkpt>
      <trkpt lat="46.424066" lon="23.514618">
        <ele>1185.276</ele>
        <time>2015-10-10T06:47:35Z</time>
      </trkpt>
      <trkpt lat="46.424018" lon="23.514503">
        <ele>1182.246</ele>
        <time>2015-10-10T06:48:01Z</time>
      </trkpt>
      <trkpt lat="46.424043" lon="23.514618">
        <ele>1184.988</ele>
        <time>2015-10-10T06:49:13Z</time>
      </trkpt>
      <trkpt lat="46.424095" lon="23.514711">
        <ele>1187.724</ele>
        <time>2015-10-10T06:49:25Z</time>
      </trkpt>
      <trkpt lat="46.424144" lon="23.514811">
        <ele>1190.526</ele>
        <time>2015-10-10T06:49:41Z</time>
      </trkpt>
      <trkpt lat="46.424173" lon="23.514925">
        <ele>1193.408</ele>
        <time>2015-10-10T06:50:09Z</time>
      </trkpt>
      <trkpt lat="46.424183" lon="23.515048">
        <ele>1195.529</ele>
        <time>2015-10-10T06:50:20Z</time>
      </trkpt>
      <trkpt lat="46.424189" lon="23.515168">
        <ele>1196.685</ele>
        <time>2015-10-10T06:50:29Z</time>
      </trkpt>
      <trkpt lat="46.424218" lon="23.515281">
        <ele>1198.159</ele>
        <time>2015-10-10T06:50:40Z</time>
      </trkpt>
      <trkpt lat="46.424245" lon="23.515396">
        <ele>1196.957</ele>
        <time>2015-10-10T06:50:57Z</time>
      </trkpt>
      <trkpt lat="46.424303" lon="23.515488">
        <ele>1197.399</ele>
        <time>2015-10-10T06:51:08Z</time>
      </trkpt>
      <trkpt lat="46.424366" lon="23.515571">
        <ele>1198.079</ele>
        <time>2015-10-10T06:51:20Z</time>
      </trkpt>
      <trkpt lat="46.424433" lon="23.515643">
        <ele>1197.885</ele>
        <time>2015-10-10T06:51:33Z</time>
      </trkpt>
      <trkpt lat="46.424493" lon="23.515723">
        <ele>1195.955</ele>
        <time>2015-10-10T06:51:45Z</time>
      </trkpt>
      <trkpt lat="46.424565" lon="23.515843">
        <ele>1193.449</ele>
        <time>2015-10-10T06:52:16Z</time>
      </trkpt>
      <trkpt lat="46.424636" lon="23.515919">
        <ele>1192.102</ele>
        <time>2015-10-10T06:52:35Z</time>
      </trkpt>
      <trkpt lat="46.424731" lon="23.516030">
        <ele>1190.322</ele>
        <time>2015-10-10T06:52:59Z</time>
      </trkpt>
      <trkpt lat="46.424808" lon="23.516210">
        <ele>1187.508</ele>
        <time>2015-10-10T06:53:31Z</time>
      </trkpt>
      <trkpt lat="46.424854" lon="23.516313">
        <ele>1186.825</ele>
        <time>2015-10-10T06:53:49Z</time>
      </trkpt>
      <trkpt lat="46.424869" lon="23.516443">
        <ele>1184.951</ele>
        <time>2015-10-10T06:53:57Z</time>
      </trkpt>
      <trkpt lat="46.424846" lon="23.516559">
        <ele>1181.795</ele>
        <time>2015-10-10T06:54:07Z</time>
      </trkpt>
      <trkpt lat="46.424828" lon="23.516675">
        <ele>1178.723</ele>
        <time>2015-10-10T06:54:20Z</time>
      </trkpt>
      <trkpt lat="46.424786" lon="23.516778">
        <ele>1175.935</ele>
        <time>2015-10-10T06:54:35Z</time>
      </trkpt>
      <trkpt lat="46.424770" lon="23.516896">
        <ele>1173.255</ele>
        <time>2015-10-10T06:54:45Z</time>
      </trkpt>
      <trkpt lat="46.424770" lon="23.517018">
        <ele>1171.811</ele>
        <time>2015-10-10T06:54:56Z</time>
      </trkpt>
      <trkpt lat="46.424743" lon="23.517129">
        <ele>1170.351</ele>
        <time>2015-10-10T06:55:10Z</time>
      </trkpt>
      <trkpt lat="46.424710" lon="23.517241">
        <ele>1168.585</ele>
        <time>2015-10-10T06:55:23Z</time>
      </trkpt>
      <trkpt lat="46.424725" lon="23.517361">
        <ele>1169.189</ele>
        <time>2015-10-10T06:55:32Z</time>
      </trkpt>
      <trkpt lat="46.424693" lon="23.517470">
        <ele>1167.617</ele>
        <time>2015-10-10T06:55:50Z</time>
      </trkpt>
      <trkpt lat="46.424680" lon="23.517586">
        <ele>1166.608</ele>
        <time>2015-10-10T06:55:59Z</time>
      </trkpt>
      <trkpt lat="46.424678" lon="23.517718">
        <ele>1166.169</ele>
        <time>2015-10-10T06:56:09Z</time>
      </trkpt>
      <trkpt lat="46.424663" lon="23.517836">
        <ele>1165.455</ele>
        <time>2015-10-10T06:56:18Z</time>
      </trkpt>
      <trkpt lat="46.424673" lon="23.517960">
        <ele>1166.219</ele>
        <time>2015-10-10T06:56:29Z</time>
      </trkpt>
      <trkpt lat="46.424693" lon="23.518078">
        <ele>1167.827</ele>
        <time>2015-10-10T06:56:43Z</time>
      </trkpt>
      <trkpt lat="46.424701" lon="23.518205">
        <ele>1169.589</ele>
        <time>2015-10-10T06:56:55Z</time>
      </trkpt>
      <trkpt lat="46.424655" lon="23.518311">
        <ele>1168.149</ele>
        <time>2015-10-10T06:57:05Z</time>
      </trkpt>
      <trkpt lat="46.424623" lon="23.518431">
        <ele>1168.035</ele>
        <time>2015-10-10T06:57:15Z</time>
      </trkpt>
      <trkpt lat="46.424613" lon="23.518558">
        <ele>1169.385</ele>
        <time>2015-10-10T06:57:23Z</time>
      </trkpt>
      <trkpt lat="46.424603" lon="23.518678">
        <ele>1170.448</ele>
        <time>2015-10-10T06:57:32Z</time>
      </trkpt>
      <trkpt lat="46.424573" lon="23.518800">
        <ele>1171.261</ele>
        <time>2015-10-10T06:57:43Z</time>
      </trkpt>
      <trkpt lat="46.424520" lon="23.518890">
        <ele>1171.817</ele>
        <time>2015-10-10T06:57:55Z</time>
      </trkpt>
      <trkpt lat="46.424434" lon="23.518931">
        <ele>1170.908</ele>
        <time>2015-10-10T06:58:10Z</time>
      </trkpt>
      <trkpt lat="46.424350" lon="23.518920">
        <ele>1168.935</ele>
        <time>2015-10-10T06:58:23Z</time>
      </trkpt>
      <trkpt lat="46.424256" lon="23.518905">
        <ele>1166.561</ele>
        <time>2015-10-10T06:58:33Z</time>
      </trkpt>
      <trkpt lat="46.424178" lon="23.518860">
        <ele>1163.355</ele>
        <time>2015-10-10T06:58:40Z</time>
      </trkpt>
      <trkpt lat="46.424095" lon="23.518896">
        <ele>1162.123</ele>
        <time>2015-10-10T06:58:51Z</time>
      </trkpt>
      <trkpt lat="46.424041" lon="23.518986">
        <ele>1162.655</ele>
        <time>2015-10-10T06:59:00Z</time>
      </trkpt>
      <trkpt lat="46.423999" lon="23.519091">
        <ele>1164.085</ele>
        <time>2015-10-10T06:59:09Z</time>
      </trkpt>
      <trkpt lat="46.423950" lon="23.519196">
        <ele>1165.181</ele>
        <time>2015-10-10T06:59:19Z</time>
      </trkpt>
      <trkpt lat="46.423908" lon="23.519299">
        <ele>1166.331</ele>
        <time>2015-10-10T06:59:27Z</time>
      </trkpt>
      <trkpt lat="46.423873" lon="23.519428">
        <ele>1168.188</ele>
        <time>2015-10-10T06:59:37Z</time>
      </trkpt>
      <trkpt lat="46.423838" lon="23.519546">
        <ele>1168.624</ele>
        <time>2015-10-10T06:59:46Z</time>
      </trkpt>
      <trkpt lat="46.423791" lon="23.519654">
        <ele>1168.626</ele>
        <time>2015-10-10T06:59:56Z</time>
      </trkpt>
      <trkpt lat="46.423744" lon="23.519763">
        <ele>1168.208</ele>
        <time>2015-10-10T07:00:10Z</time>
      </trkpt>
      <trkpt lat="46.423733" lon="23.519891">
        <ele>1167.559</ele>
        <time>2015-10-10T07:00:35Z</time>
      </trkpt>
      <trkpt lat="46.423676" lon="23.519990">
        <ele>1166.255</ele>
        <time>2015-10-10T07:00:49Z</time>
      </trkpt>
      <trkpt lat="46.423651" lon="23.520104">
        <ele>1164.469</ele>
        <time>2015-10-10T07:01:01Z</time>
      </trkpt>
      <trkpt lat="46.423570" lon="23.520086">
        <ele>1162.367</ele>
        <time>2015-10-10T07:01:19Z</time>
      </trkpt>
      <trkpt lat="46.423506" lon="23.520161">
        <ele>1159.239</ele>
        <time>2015-10-10T07:02:11Z</time>
      </trkpt>
      <trkpt lat="46.423418" lon="23.520263">
        <ele>1155.839</ele>
        <time>2015-10-10T07:03:00Z</time>
      </trkpt>
      <trkpt lat="46.423333" lon="23.520286">
        <ele>1152.895</ele>
        <time>2015-10-10T07:03:11Z</time>
      </trkpt>
      <trkpt lat="46.423248" lon="23.520256">
        <ele>1149.295</ele>
        <time>2015-10-10T07:03:27Z</time>
      </trkpt>
      <trkpt lat="46.423165" lon="23.520273">
        <ele>1145.758</ele>
        <time>2015-10-10T07:03:58Z</time>
      </trkpt>
      <trkpt lat="46.423116" lon="23.520368">
        <ele>1142.852</ele>
        <time>2015-10-10T07:04:13Z</time>
      </trkpt>
      <trkpt lat="46.423050" lon="23.520441">
        <ele>1139.617</ele>
        <time>2015-10-10T07:04:31Z</time>
      </trkpt>
      <trkpt lat="46.422966" lon="23.520451">
        <ele>1136.108</ele>
        <time>2015-10-10T07:04:43Z</time>
      </trkpt>
      <trkpt lat="46.422880" lon="23.520426">
        <ele>1132.756</ele>
        <time>2015-10-10T07:04:57Z</time>
      </trkpt>
      <trkpt lat="46.422796" lon="23.520425">
        <ele>1129.292</ele>
        <time>2015-10-10T07:05:05Z</time>
      </trkpt>
      <trkpt lat="46.422710" lon="23.520395">
        <ele>1126.226</ele>
        <time>2015-10-10T07:05:18Z</time>
      </trkpt>
      <trkpt lat="46.422628" lon="23.520378">
        <ele>1123.364</ele>
        <time>2015-10-10T07:05:32Z</time>
      </trkpt>
      <trkpt lat="46.422543" lon="23.520380">
        <ele>1120.366</ele>
        <time>2015-10-10T07:05:45Z</time>
      </trkpt>
      <trkpt lat="46.422461" lon="23.520401">
        <ele>1117.366</ele>
        <time>2015-10-10T07:05:55Z</time>
      </trkpt>
      <trkpt lat="46.422381" lon="23.520419">
        <ele>1114.392</ele>
        <time>2015-10-10T07:06:06Z</time>
      </trkpt>
      <trkpt lat="46.422301" lon="23.520438">
        <ele>1111.532</ele>
        <time>2015-10-10T07:06:19Z</time>
      </trkpt>
      <trkpt lat="46.422221" lon="23.520468">
        <ele>1109.171</ele>
        <time>2015-10-10T07:06:28Z</time>
      </trkpt>
      <trkpt lat="46.422143" lon="23.520503">
        <ele>1108.241</ele>
        <time>2015-10-10T07:06:36Z</time>
      </trkpt>
      <trkpt lat="46.422051" lon="23.520526">
        <ele>1106.715</ele>
        <time>2015-10-10T07:06:44Z</time>
      </trkpt>
      <trkpt lat="46.421966" lon="23.520513">
        <ele>1104.508</ele>
        <time>2015-10-10T07:07:10Z</time>
      </trkpt>
      <trkpt lat="46.421885" lon="23.520511">
        <ele>1103.568</ele>
        <time>2015-10-10T07:07:15Z</time>
      </trkpt>
      <trkpt lat="46.421803" lon="23.520493">
        <ele>1102.324</ele>
        <time>2015-10-10T07:07:27Z</time>
      </trkpt>
      <trkpt lat="46.421721" lon="23.520496">
        <ele>1101.618</ele>
        <time>2015-10-10T07:07:36Z</time>
      </trkpt>
      <trkpt lat="46.421628" lon="23.520509">
        <ele>1100.786</ele>
        <time>2015-10-10T07:07:43Z</time>
      </trkpt>
      <trkpt lat="46.421548" lon="23.520566">
        <ele>1100.778</ele>
        <time>2015-10-10T07:08:05Z</time>
      </trkpt>
      <trkpt lat="46.421483" lon="23.520645">
        <ele>1101.218</ele>
        <time>2015-10-10T07:08:13Z</time>
      </trkpt>
      <trkpt lat="46.421406" lon="23.520706">
        <ele>1101.134</ele>
        <time>2015-10-10T07:08:19Z</time>
      </trkpt>
      <trkpt lat="46.421328" lon="23.520750">
        <ele>1101.744</ele>
        <time>2015-10-10T07:08:26Z</time>
      </trkpt>
      <trkpt lat="46.421241" lon="23.520770">
        <ele>1102.035</ele>
        <time>2015-10-10T07:08:34Z</time>
      </trkpt>
      <trkpt lat="46.421151" lon="23.520764">
        <ele>1101.686</ele>
        <time>2015-10-10T07:08:43Z</time>
      </trkpt>
      <trkpt lat="46.421069" lon="23.520768">
        <ele>1101.214</ele>
        <time>2015-10-10T07:08:55Z</time>
      </trkpt>
      <trkpt lat="46.420985" lon="23.520755">
        <ele>1100.108</ele>
        <time>2015-10-10T07:09:05Z</time>
      </trkpt>
      <trkpt lat="46.420911" lon="23.520806">
        <ele>1100.844</ele>
        <time>2015-10-10T07:09:19Z</time>
      </trkpt>
      <trkpt lat="46.420851" lon="23.520888">
        <ele>1101.590</ele>
        <time>2015-10-10T07:10:00Z</time>
      </trkpt>
      <trkpt lat="46.420848" lon="23.521006">
        <ele>1102.354</ele>
        <time>2015-10-10T07:10:10Z</time>
      </trkpt>
      <trkpt lat="46.420811" lon="23.521111">
        <ele>1102.862</ele>
        <time>2015-10-10T07:10:21Z</time>
      </trkpt>
      <trkpt lat="46.420731" lon="23.521143">
        <ele>1102.064</ele>
        <time>2015-10-10T07:10:56Z</time>
      </trkpt>
      <trkpt lat="46.420629" lon="23.521126">
        <ele>1101.034</ele>
        <time>2015-10-10T07:12:36Z</time>
      </trkpt>
      <trkpt lat="46.420568" lon="23.521036">
        <ele>1099.170</ele>
        <time>2015-10-10T07:12:47Z</time>
      </trkpt>
      <trkpt lat="46.420493" lon="23.520978">
        <ele>1097.450</ele>
        <time>2015-10-10T07:12:56Z</time>
      </trkpt>
      <trkpt lat="46.420409" lon="23.520926">
        <ele>1095.691</ele>
        <time>2015-10-10T07:13:12Z</time>
      </trkpt>
      <trkpt lat="46.420316" lon="23.520923">
        <ele>1094.481</ele>
        <time>2015-10-10T07:13:26Z</time>
      </trkpt>
      <trkpt lat="46.420236" lon="23.520890">
        <ele>1093.019</ele>
        <time>2015-10-10T07:13:37Z</time>
      </trkpt>
      <trkpt lat="46.420150" lon="23.520893">
        <ele>1092.708</ele>
        <time>2015-10-10T07:13:49Z</time>
      </trkpt>
      <trkpt lat="46.420065" lon="23.520891">
        <ele>1092.380</ele>
        <time>2015-10-10T07:14:00Z</time>
      </trkpt>
      <trkpt lat="46.419976" lon="23.520883">
        <ele>1091.916</ele>
        <time>2015-10-10T07:14:17Z</time>
      </trkpt>
      <trkpt lat="46.419893" lon="23.520850">
        <ele>1091.310</ele>
        <time>2015-10-10T07:14:25Z</time>
      </trkpt>
      <trkpt lat="46.419806" lon="23.520853">
        <ele>1091.448</ele>
        <time>2015-10-10T07:14:39Z</time>
      </trkpt>
      <trkpt lat="46.419725" lon="23.520813">
        <ele>1090.390</ele>
        <time>2015-10-10T07:14:46Z</time>
      </trkpt>
      <trkpt lat="46.419641" lon="23.520836">
        <ele>1090.270</ele>
        <time>2015-10-10T07:14:54Z</time>
      </trkpt>
      <trkpt lat="46.419573" lon="23.520905">
        <ele>1090.156</ele>
        <time>2015-10-10T07:15:03Z</time>
      </trkpt>
      <trkpt lat="46.419495" lon="23.520941">
        <ele>1089.256</ele>
        <time>2015-10-10T07:15:13Z</time>
      </trkpt>
      <trkpt lat="46.419548" lon="23.520850">
        <ele>1089.371</ele>
        <time>2015-10-10T07:33:53Z</time>
      </trkpt>
      <trkpt lat="46.419580" lon="23.520718">
        <ele>1085.741</ele>
        <time>2015-10-10T07:34:13Z</time>
      </trkpt>
      <trkpt lat="46.419573" lon="23.520598">
        <ele>1081.815</ele>
        <time>2015-10-10T07:34:28Z</time>
      </trkpt>
      <trkpt lat="46.419598" lon="23.520483">
        <ele>1077.408</ele>
        <time>2015-10-10T07:34:47Z</time>
      </trkpt>
      <trkpt lat="46.419605" lon="23.520365">
        <ele>1072.248</ele>
        <time>2015-10-10T07:35:09Z</time>
      </trkpt>
      <trkpt lat="46.419593" lon="23.520226">
        <ele>1065.334</ele>
        <time>2015-10-10T07:35:44Z</time>
      </trkpt>
      <trkpt lat="46.419543" lon="23.520131">
        <ele>1058.868</ele>
        <time>2015-10-10T07:35:57Z</time>
      </trkpt>
      <trkpt lat="46.419510" lon="23.519985">
        <ele>1049.486</ele>
        <time>2015-10-10T07:37:01Z</time>
      </trkpt>
      <trkpt lat="46.419455" lon="23.519896">
        <ele>1043.118</ele>
        <time>2015-10-10T07:37:11Z</time>
      </trkpt>
      <trkpt lat="46.419396" lon="23.519815">
        <ele>1037.668</ele>
        <time>2015-10-10T07:37:35Z</time>
      </trkpt>
      <trkpt lat="46.419354" lon="23.519686">
        <ele>1030.954</ele>
        <time>2015-10-10T07:38:03Z</time>
      </trkpt>
      <trkpt lat="46.419309" lon="23.519560">
        <ele>1024.964</ele>
        <time>2015-10-10T07:38:38Z</time>
      </trkpt>
      <trkpt lat="46.419386" lon="23.519471">
        <ele>1022.881</ele>
        <time>2015-10-10T07:39:12Z</time>
      </trkpt>
      <trkpt lat="46.419428" lon="23.519368">
        <ele>1020.161</ele>
        <time>2015-10-10T07:39:23Z</time>
      </trkpt>
      <trkpt lat="46.419421" lon="23.519241">
        <ele>1015.817</ele>
        <time>2015-10-10T07:39:50Z</time>
      </trkpt>
      <trkpt lat="46.419378" lon="23.519045">
        <ele>1009.108</ele>
        <time>2015-10-10T07:40:14Z</time>
      </trkpt>
      <trkpt lat="46.419290" lon="23.519018">
        <ele>1006.169</ele>
        <time>2015-10-10T07:40:30Z</time>
      </trkpt>
      <trkpt lat="46.419253" lon="23.518835">
        <ele>1001.125</ele>
        <time>2015-10-10T07:40:57Z</time>
      </trkpt>
      <trkpt lat="46.419188" lon="23.518765">
        <ele>998.299</ele>
        <time>2015-10-10T07:41:09Z</time>
      </trkpt>
      <trkpt lat="46.419111" lon="23.518721">
        <ele>995.517</ele>
        <time>2015-10-10T07:41:26Z</time>
      </trkpt>
      <trkpt lat="46.419033" lon="23.518676">
        <ele>992.749</ele>
        <time>2015-10-10T07:41:45Z</time>
      </trkpt>
      <trkpt lat="46.418978" lon="23.518584">
        <ele>989.929</ele>
        <time>2015-10-10T07:41:56Z</time>
      </trkpt>
      <trkpt lat="46.418900" lon="23.518536">
        <ele>987.475</ele>
        <time>2015-10-10T07:42:08Z</time>
      </trkpt>
      <trkpt lat="46.418820" lon="23.518496">
        <ele>985.045</ele>
        <time>2015-10-10T07:42:18Z</time>
      </trkpt>
      <trkpt lat="46.418741" lon="23.518451">
        <ele>982.596</ele>
        <time>2015-10-10T07:42:27Z</time>
      </trkpt>
      <trkpt lat="46.418663" lon="23.518413">
        <ele>980.231</ele>
        <time>2015-10-10T07:42:34Z</time>
      </trkpt>
      <trkpt lat="46.418593" lon="23.518341">
        <ele>977.624</ele>
        <time>2015-10-10T07:42:38Z</time>
      </trkpt>
      <trkpt lat="46.418501" lon="23.518316">
        <ele>974.908</ele>
        <time>2015-10-10T07:42:47Z</time>
      </trkpt>
      <trkpt lat="46.418415" lon="23.518309">
        <ele>972.640</ele>
        <time>2015-10-10T07:42:55Z</time>
      </trkpt>
      <trkpt lat="46.418333" lon="23.518328">
        <ele>970.156</ele>
        <time>2015-10-10T07:43:02Z</time>
      </trkpt>
      <trkpt lat="46.418271" lon="23.518430">
        <ele>970.150</ele>
        <time>2015-10-10T07:43:09Z</time>
      </trkpt>
      <trkpt lat="46.418186" lon="23.518416">
        <ele>970.218</ele>
        <time>2015-10-10T07:43:37Z</time>
      </trkpt>
      <trkpt lat="46.418128" lon="23.518335">
        <ele>970.790</ele>
        <time>2015-10-10T07:43:48Z</time>
      </trkpt>
      <trkpt lat="46.418060" lon="23.518268">
        <ele>971.970</ele>
        <time>2015-10-10T07:44:04Z</time>
      </trkpt>
      <trkpt lat="46.417985" lon="23.518219">
        <ele>974.496</ele>
        <time>2015-10-10T07:44:15Z</time>
      </trkpt>
      <trkpt lat="46.417978" lon="23.518099">
        <ele>976.346</ele>
        <time>2015-10-10T07:44:42Z</time>
      </trkpt>
      <trkpt lat="46.418026" lon="23.517958">
        <ele>976.589</ele>
        <time>2015-10-10T07:45:19Z</time>
      </trkpt>
      <trkpt lat="46.418071" lon="23.517855">
        <ele>976.306</ele>
        <time>2015-10-10T07:45:36Z</time>
      </trkpt>
      <trkpt lat="46.418130" lon="23.517751">
        <ele>976.426</ele>
        <time>2015-10-10T07:45:44Z</time>
      </trkpt>
      <trkpt lat="46.418090" lon="23.517631">
        <ele>977.708</ele>
        <time>2015-10-10T07:46:07Z</time>
      </trkpt>
      <trkpt lat="46.418094" lon="23.517508">
        <ele>978.559</ele>
        <time>2015-10-10T07:47:01Z</time>
      </trkpt>
      <trkpt lat="46.418066" lon="23.517391">
        <ele>979.315</ele>
        <time>2015-10-10T07:47:08Z</time>
      </trkpt>
      <trkpt lat="46.418071" lon="23.517268">
        <ele>979.769</ele>
        <time>2015-10-10T07:47:19Z</time>
      </trkpt>
      <trkpt lat="46.418088" lon="23.517153">
        <ele>979.677</ele>
        <time>2015-10-10T07:47:33Z</time>
      </trkpt>
      <trkpt lat="46.418135" lon="23.517056">
        <ele>979.329</ele>
        <time>2015-10-10T07:47:47Z</time>
      </trkpt>
      <trkpt lat="46.418145" lon="23.516938">
        <ele>979.389</ele>
        <time>2015-10-10T07:48:00Z</time>
      </trkpt>
      <trkpt lat="46.418153" lon="23.516818">
        <ele>979.545</ele>
        <time>2015-10-10T07:48:10Z</time>
      </trkpt>
      <trkpt lat="46.418170" lon="23.516700">
        <ele>979.855</ele>
        <time>2015-10-10T07:48:17Z</time>
      </trkpt>
      <trkpt lat="46.418131" lon="23.516559">
        <ele>980.473</ele>
        <time>2015-10-10T07:48:23Z</time>
      </trkpt>
      <trkpt lat="46.418135" lon="23.516438">
        <ele>981.585</ele>
        <time>2015-10-10T07:48:43Z</time>
      </trkpt>
      <trkpt lat="46.418156" lon="23.516288">
        <ele>982.813</ele>
        <time>2015-10-10T07:49:00Z</time>
      </trkpt>
      <trkpt lat="46.418085" lon="23.516196">
        <ele>982.708</ele>
        <time>2015-10-10T07:50:02Z</time>
      </trkpt>
      <trkpt lat="46.418168" lon="23.516235">
        <ele>983.328</ele>
        <time>2015-10-10T07:50:20Z</time>
      </trkpt>
      <trkpt lat="46.418170" lon="23.516031">
        <ele>984.944</ele>
        <time>2015-10-10T07:51:54Z</time>
      </trkpt>
      <trkpt lat="46.418150" lon="23.515915">
        <ele>985.788</ele>
        <time>2015-10-10T07:52:03Z</time>
      </trkpt>
      <trkpt lat="46.418136" lon="23.515795">
        <ele>986.046</ele>
        <time>2015-10-10T07:52:08Z</time>
      </trkpt>
      <trkpt lat="46.418113" lon="23.515648">
        <ele>985.228</ele>
        <time>2015-10-10T07:52:15Z</time>
      </trkpt>
      <trkpt lat="46.418094" lon="23.515518">
        <ele>984.598</ele>
        <time>2015-10-10T07:52:22Z</time>
      </trkpt>
      <trkpt lat="46.418111" lon="23.515400">
        <ele>984.784</ele>
        <time>2015-10-10T07:52:29Z</time>
      </trkpt>
      <trkpt lat="46.418123" lon="23.515281">
        <ele>984.794</ele>
        <time>2015-10-10T07:52:35Z</time>
      </trkpt>
      <trkpt lat="46.418154" lon="23.515158">
        <ele>985.046</ele>
        <time>2015-10-10T07:52:40Z</time>
      </trkpt>
      <trkpt lat="46.418171" lon="23.515034">
        <ele>985.088</ele>
        <time>2015-10-10T07:52:47Z</time>
      </trkpt>
      <trkpt lat="46.418221" lon="23.514920">
        <ele>985.416</ele>
        <time>2015-10-10T07:52:54Z</time>
      </trkpt>
      <trkpt lat="46.418263" lon="23.514815">
        <ele>985.808</ele>
        <time>2015-10-10T07:53:02Z</time>
      </trkpt>
      <trkpt lat="46.418303" lon="23.514701">
        <ele>986.345</ele>
        <time>2015-10-10T07:53:09Z</time>
      </trkpt>
      <trkpt lat="46.418338" lon="23.514585">
        <ele>987.161</ele>
        <time>2015-10-10T07:53:16Z</time>
      </trkpt>
      <trkpt lat="46.418393" lon="23.514498">
        <ele>988.335</ele>
        <time>2015-10-10T07:53:33Z</time>
      </trkpt>
      <trkpt lat="46.418424" lon="23.514381">
        <ele>989.353</ele>
        <time>2015-10-10T07:53:42Z</time>
      </trkpt>
      <trkpt lat="46.418478" lon="23.514293">
        <ele>990.155</ele>
        <time>2015-10-10T07:53:49Z</time>
      </trkpt>
      <trkpt lat="46.418523" lon="23.514195">
        <ele>990.685</ele>
        <time>2015-10-10T07:53:56Z</time>
      </trkpt>
      <trkpt lat="46.418600" lon="23.514123">
        <ele>991.171</ele>
        <time>2015-10-10T07:54:05Z</time>
      </trkpt>
      <trkpt lat="46.418653" lon="23.514026">
        <ele>992.931</ele>
        <time>2015-10-10T07:54:36Z</time>
      </trkpt>
      <trkpt lat="46.418726" lon="23.513948">
        <ele>995.042</ele>
        <time>2015-10-10T07:54:52Z</time>
      </trkpt>
      <trkpt lat="46.418781" lon="23.513850">
        <ele>996.222</ele>
        <time>2015-10-10T07:55:03Z</time>
      </trkpt>
      <trkpt lat="46.418831" lon="23.513743">
        <ele>996.814</ele>
        <time>2015-10-10T07:55:12Z</time>
      </trkpt>
      <trkpt lat="46.418883" lon="23.513648">
        <ele>997.208</ele>
        <time>2015-10-10T07:55:21Z</time>
      </trkpt>
      <trkpt lat="46.418913" lon="23.513518">
        <ele>997.245</ele>
        <time>2015-10-10T07:55:33Z</time>
      </trkpt>
      <trkpt lat="46.418931" lon="23.513396">
        <ele>997.141</ele>
        <time>2015-10-10T07:55:40Z</time>
      </trkpt>
      <trkpt lat="46.418961" lon="23.513278">
        <ele>997.225</ele>
        <time>2015-10-10T07:55:47Z</time>
      </trkpt>
      <trkpt lat="46.419015" lon="23.513178">
        <ele>998.013</ele>
        <time>2015-10-10T07:55:57Z</time>
      </trkpt>
      <trkpt lat="46.419091" lon="23.513133">
        <ele>999.165</ele>
        <time>2015-10-10T07:56:06Z</time>
      </trkpt>
      <trkpt lat="46.419170" lon="23.513076">
        <ele>1000.185</ele>
        <time>2015-10-10T07:56:14Z</time>
      </trkpt>
      <trkpt lat="46.419245" lon="23.513015">
        <ele>1001.581</ele>
        <time>2015-10-10T07:56:21Z</time>
      </trkpt>
      <trkpt lat="46.419323" lon="23.512948">
        <ele>1003.061</ele>
        <time>2015-10-10T07:56:29Z</time>
      </trkpt>
      <trkpt lat="46.419393" lon="23.512878">
        <ele>1004.258</ele>
        <time>2015-10-10T07:56:37Z</time>
      </trkpt>
      <trkpt lat="46.419478" lon="23.512820">
        <ele>1005.752</ele>
        <time>2015-10-10T07:56:46Z</time>
      </trkpt>
      <trkpt lat="46.419530" lon="23.512726">
        <ele>1006.617</ele>
        <time>2015-10-10T07:56:53Z</time>
      </trkpt>
      <trkpt lat="46.419586" lon="23.512623">
        <ele>1007.308</ele>
        <time>2015-10-10T07:57:01Z</time>
      </trkpt>
      <trkpt lat="46.419645" lon="23.512539">
        <ele>1007.636</ele>
        <time>2015-10-10T07:57:08Z</time>
      </trkpt>
      <trkpt lat="46.419698" lon="23.512443">
        <ele>1008.142</ele>
        <time>2015-10-10T07:57:16Z</time>
      </trkpt>
      <trkpt lat="46.419746" lon="23.512331">
        <ele>1008.876</ele>
        <time>2015-10-10T07:57:32Z</time>
      </trkpt>
      <trkpt lat="46.419783" lon="23.512220">
        <ele>1009.294</ele>
        <time>2015-10-10T07:57:41Z</time>
      </trkpt>
      <trkpt lat="46.419833" lon="23.512125">
        <ele>1010.096</ele>
        <time>2015-10-10T07:57:52Z</time>
      </trkpt>
      <trkpt lat="46.419880" lon="23.512014">
        <ele>1010.556</ele>
        <time>2015-10-10T07:58:02Z</time>
      </trkpt>
      <trkpt lat="46.419931" lon="23.511920">
        <ele>1010.752</ele>
        <time>2015-10-10T07:58:15Z</time>
      </trkpt>
      <trkpt lat="46.419965" lon="23.511806">
        <ele>1010.952</ele>
        <time>2015-10-10T07:58:24Z</time>
      </trkpt>
      <trkpt lat="46.419988" lon="23.511683">
        <ele>1011.262</ele>
        <time>2015-10-10T07:58:35Z</time>
      </trkpt>
      <trkpt lat="46.420020" lon="23.511566">
        <ele>1011.883</ele>
        <time>2015-10-10T07:58:42Z</time>
      </trkpt>
      <trkpt lat="46.420085" lon="23.511481">
        <ele>1012.411</ele>
        <time>2015-10-10T07:58:50Z</time>
      </trkpt>
      <trkpt lat="46.420113" lon="23.511355">
        <ele>1013.308</ele>
        <time>2015-10-10T07:58:57Z</time>
      </trkpt>
      <trkpt lat="46.420134" lon="23.511238">
        <ele>1014.457</ele>
        <time>2015-10-10T07:59:06Z</time>
      </trkpt>
      <trkpt lat="46.420183" lon="23.511138">
        <ele>1015.113</ele>
        <time>2015-10-10T07:59:16Z</time>
      </trkpt>
      <trkpt lat="46.420230" lon="23.511026">
        <ele>1015.717</ele>
        <time>2015-10-10T07:59:25Z</time>
      </trkpt>
      <trkpt lat="46.420268" lon="23.510903">
        <ele>1016.525</ele>
        <time>2015-10-10T07:59:47Z</time>
      </trkpt>
      <trkpt lat="46.420310" lon="23.510796">
        <ele>1018.477</ele>
        <time>2015-10-10T07:59:57Z</time>
      </trkpt>
      <trkpt lat="46.420333" lon="23.510683">
        <ele>1020.617</ele>
        <time>2015-10-10T08:00:05Z</time>
      </trkpt>
      <trkpt lat="46.420373" lon="23.510576">
        <ele>1023.153</ele>
        <time>2015-10-10T08:00:15Z</time>
      </trkpt>
      <trkpt lat="46.420418" lon="23.510478">
        <ele>1025.843</ele>
        <time>2015-10-10T08:00:45Z</time>
      </trkpt>
      <trkpt lat="46.420430" lon="23.510346">
        <ele>1028.266</ele>
        <time>2015-10-10T08:00:53Z</time>
      </trkpt>
      <trkpt lat="46.420454" lon="23.510226">
        <ele>1030.229</ele>
        <time>2015-10-10T08:01:01Z</time>
      </trkpt>
      <trkpt lat="46.420446" lon="23.510105">
        <ele>1031.121</ele>
        <time>2015-10-10T08:01:11Z</time>
      </trkpt>
      <trkpt lat="46.420409" lon="23.509991">
        <ele>1031.408</ele>
        <time>2015-10-10T08:01:22Z</time>
      </trkpt>
      <trkpt lat="46.420376" lon="23.509878">
        <ele>1031.787</ele>
        <time>2015-10-10T08:01:32Z</time>
      </trkpt>
      <trkpt lat="46.420340" lon="23.509759">
        <ele>1031.643</ele>
        <time>2015-10-10T08:01:41Z</time>
      </trkpt>
      <trkpt lat="46.420286" lon="23.509665">
        <ele>1031.327</ele>
        <time>2015-10-10T08:01:51Z</time>
      </trkpt>
      <trkpt lat="46.420245" lon="23.509551">
        <ele>1032.315</ele>
        <time>2015-10-10T08:02:02Z</time>
      </trkpt>
      <trkpt lat="46.420230" lon="23.509433">
        <ele>1033.997</ele>
        <time>2015-10-10T08:02:10Z</time>
      </trkpt>
      <trkpt lat="46.420196" lon="23.509321">
        <ele>1035.357</ele>
        <time>2015-10-10T08:02:19Z</time>
      </trkpt>
      <trkpt lat="46.420158" lon="23.509208">
        <ele>1036.753</ele>
        <time>2015-10-10T08:02:27Z</time>
      </trkpt>
      <trkpt lat="46.420113" lon="23.509081">
        <ele>1038.763</ele>
        <time>2015-10-10T08:05:17Z</time>
      </trkpt>
      <trkpt lat="46.420065" lon="23.508966">
        <ele>1040.736</ele>
        <time>2015-10-10T08:05:24Z</time>
      </trkpt>
      <trkpt lat="46.420001" lon="23.508879">
        <ele>1041.317</ele>
        <time>2015-10-10T08:05:32Z</time>
      </trkpt>
      <trkpt lat="46.419933" lon="23.508806">
        <ele>1042.718</ele>
        <time>2015-10-10T08:05:41Z</time>
      </trkpt>
      <trkpt lat="46.419868" lon="23.508718">
        <ele>1044.208</ele>
        <time>2015-10-10T08:05:50Z</time>
      </trkpt>
      <trkpt lat="46.419816" lon="23.508625">
        <ele>1045.744</ele>
        <time>2015-10-10T08:05:59Z</time>
      </trkpt>
      <trkpt lat="46.419763" lon="23.508530">
        <ele>1047.180</ele>
        <time>2015-10-10T08:06:10Z</time>
      </trkpt>
      <trkpt lat="46.419696" lon="23.508458">
        <ele>1047.724</ele>
        <time>2015-10-10T08:06:23Z</time>
      </trkpt>
      <trkpt lat="46.419638" lon="23.508365">
        <ele>1049.252</ele>
        <time>2015-10-10T08:06:35Z</time>
      </trkpt>
      <trkpt lat="46.419581" lon="23.508271">
        <ele>1050.714</ele>
        <time>2015-10-10T08:06:53Z</time>
      </trkpt>
      <trkpt lat="46.419555" lon="23.508153">
        <ele>1052.914</ele>
        <time>2015-10-10T08:07:19Z</time>
      </trkpt>
      <trkpt lat="46.419520" lon="23.508043">
        <ele>1054.810</ele>
        <time>2015-10-10T08:07:34Z</time>
      </trkpt>
      <trkpt lat="46.419468" lon="23.507946">
        <ele>1056.230</ele>
        <time>2015-10-10T08:07:49Z</time>
      </trkpt>
      <trkpt lat="46.419470" lon="23.507828">
        <ele>1058.421</ele>
        <time>2015-10-10T08:08:21Z</time>
      </trkpt>
      <trkpt lat="46.419496" lon="23.507715">
        <ele>1060.941</ele>
        <time>2015-10-10T08:08:33Z</time>
      </trkpt>
      <trkpt lat="46.419458" lon="23.507598">
        <ele>1062.405</ele>
        <time>2015-10-10T08:08:45Z</time>
      </trkpt>
      <trkpt lat="46.419444" lon="23.507476">
        <ele>1064.408</ele>
        <time>2015-10-10T08:09:12Z</time>
      </trkpt>
      <trkpt lat="46.419436" lon="23.507355">
        <ele>1066.713</ele>
        <time>2015-10-10T08:09:23Z</time>
      </trkpt>
      <trkpt lat="46.419410" lon="23.507243">
        <ele>1069.059</ele>
        <time>2015-10-10T08:09:45Z</time>
      </trkpt>
      <trkpt lat="46.419360" lon="23.507144">
        <ele>1071.643</ele>
        <time>2015-10-10T08:09:59Z</time>
      </trkpt>
      <trkpt lat="46.419323" lon="23.507040">
        <ele>1074.041</ele>
        <time>2015-10-10T08:10:13Z</time>
      </trkpt>
      <trkpt lat="46.419309" lon="23.506923">
        <ele>1076.443</ele>
        <time>2015-10-10T08:10:28Z</time>
      </trkpt>
      <trkpt lat="46.419278" lon="23.506805">
        <ele>1078.613</ele>
        <time>2015-10-10T08:10:46Z</time>
      </trkpt>
      <trkpt lat="46.419261" lon="23.506685">
        <ele>1080.759</ele>
        <time>2015-10-10T08:11:01Z</time>
      </trkpt>
      <trkpt lat="46.419245" lon="23.506570">
        <ele>1083.569</ele>
        <time>2015-10-10T08:11:12Z</time>
      </trkpt>
      <trkpt lat="46.419245" lon="23.506443">
        <ele>1086.991</ele>
        <time>2015-10-10T08:11:23Z</time>
      </trkpt>
      <trkpt lat="46.419205" lon="23.506331">
        <ele>1089.181</ele>
        <time>2015-10-10T08:11:36Z</time>
      </trkpt>
      <trkpt lat="46.419150" lon="23.506243">
        <ele>1090.819</ele>
        <time>2015-10-10T08:11:49Z</time>
      </trkpt>
      <trkpt lat="46.419106" lon="23.506140">
        <ele>1093.908</ele>
        <time>2015-10-10T08:12:04Z</time>
      </trkpt>
      <trkpt lat="46.419083" lon="23.506023">
        <ele>1096.480</ele>
        <time>2015-10-10T08:12:17Z</time>
      </trkpt>
      <trkpt lat="46.419105" lon="23.505908">
        <ele>1098.236</ele>
        <time>2015-10-10T08:12:40Z</time>
      </trkpt>
      <trkpt lat="46.419090" lon="23.505791">
        <ele>1100.340</ele>
        <time>2015-10-10T08:12:56Z</time>
      </trkpt>
      <trkpt lat="46.419066" lon="23.505678">
        <ele>1102.338</ele>
        <time>2015-10-10T08:13:09Z</time>
      </trkpt>
      <trkpt lat="46.419070" lon="23.505556">
        <ele>1104.310</ele>
        <time>2015-10-10T08:13:26Z</time>
      </trkpt>
      <trkpt lat="46.419060" lon="23.505431">
        <ele>1106.580</ele>
        <time>2015-10-10T08:13:40Z</time>
      </trkpt>
      <trkpt lat="46.419096" lon="23.505318">
        <ele>1108.386</ele>
        <time>2015-10-10T08:13:51Z</time>
      </trkpt>
      <trkpt lat="46.419116" lon="23.505203">
        <ele>1110.136</ele>
        <time>2015-10-10T08:14:01Z</time>
      </trkpt>
      <trkpt lat="46.419116" lon="23.505081">
        <ele>1111.862</ele>
        <time>2015-10-10T08:14:11Z</time>
      </trkpt>
      <trkpt lat="46.419086" lon="23.504959">
        <ele>1113.883</ele>
        <time>2015-10-10T08:14:48Z</time>
      </trkpt>
      <trkpt lat="46.419088" lon="23.504831">
        <ele>1116.111</ele>
        <time>2015-10-10T08:14:59Z</time>
      </trkpt>
      <trkpt lat="46.419086" lon="23.504710">
        <ele>1118.308</ele>
        <time>2015-10-10T08:15:09Z</time>
      </trkpt>
      <trkpt lat="46.419128" lon="23.504596">
        <ele>1120.727</ele>
        <time>2015-10-10T08:15:21Z</time>
      </trkpt>
      <trkpt lat="46.419155" lon="23.504471">
        <ele>1123.383</ele>
        <time>2015-10-10T08:15:31Z</time>
      </trkpt>
      <trkpt lat="46.419176" lon="23.504356">
        <ele>1124.857</ele>
        <time>2015-10-10T08:15:40Z</time>
      </trkpt>
      <trkpt lat="46.419168" lon="23.504236">
        <ele>1125.535</ele>
        <time>2015-10-10T08:15:55Z</time>
      </trkpt>
      <trkpt lat="46.419128" lon="23.504130">
        <ele>1125.997</ele>
        <time>2015-10-10T08:16:07Z</time>
      </trkpt>
      <trkpt lat="46.419140" lon="23.503999">
        <ele>1126.657</ele>
        <time>2015-10-10T08:16:22Z</time>
      </trkpt>
      <trkpt lat="46.419123" lon="23.503883">
        <ele>1127.273</ele>
        <time>2015-10-10T08:16:43Z</time>
      </trkpt>
      <trkpt lat="46.419140" lon="23.503763">
        <ele>1127.523</ele>
        <time>2015-10-10T08:16:56Z</time>
      </trkpt>
      <trkpt lat="46.419155" lon="23.503646">
        <ele>1127.992</ele>
        <time>2015-10-10T08:17:08Z</time>
      </trkpt>
      <trkpt lat="46.419158" lon="23.503516">
        <ele>1128.473</ele>
        <time>2015-10-10T08:17:18Z</time>
      </trkpt>
      <trkpt lat="46.419156" lon="23.503386">
        <ele>1128.920</ele>
        <time>2015-10-10T08:17:26Z</time>
      </trkpt>
      <trkpt lat="46.419183" lon="23.503275">
        <ele>1129.708</ele>
        <time>2015-10-10T08:17:36Z</time>
      </trkpt>
      <trkpt lat="46.419206" lon="23.503160">
        <ele>1131.020</ele>
        <time>2015-10-10T08:17:45Z</time>
      </trkpt>
      <trkpt lat="46.419233" lon="23.503046">
        <ele>1132.546</ele>
        <time>2015-10-10T08:17:52Z</time>
      </trkpt>
      <trkpt lat="46.419240" lon="23.502926">
        <ele>1132.940</ele>
        <time>2015-10-10T08:18:01Z</time>
      </trkpt>
      <trkpt lat="46.419223" lon="23.502811">
        <ele>1132.978</ele>
        <time>2015-10-10T08:18:10Z</time>
      </trkpt>
      <trkpt lat="46.419201" lon="23.502698">
        <ele>1133.280</ele>
        <time>2015-10-10T08:18:25Z</time>
      </trkpt>
      <trkpt lat="46.419198" lon="23.502576">
        <ele>1133.950</ele>
        <time>2015-10-10T08:18:37Z</time>
      </trkpt>
      <trkpt lat="46.419188" lon="23.502459">
        <ele>1135.016</ele>
        <time>2015-10-10T08:18:45Z</time>
      </trkpt>
      <trkpt lat="46.419170" lon="23.502335">
        <ele>1137.026</ele>
        <time>2015-10-10T08:18:53Z</time>
      </trkpt>
      <trkpt lat="46.419146" lon="23.502201">
        <ele>1139.537</ele>
        <time>2015-10-10T08:19:00Z</time>
      </trkpt>
      <trkpt lat="46.419118" lon="23.502078">
        <ele>1141.849</ele>
        <time>2015-10-10T08:19:08Z</time>
      </trkpt>
      <trkpt lat="46.419105" lon="23.501961">
        <ele>1143.813</ele>
        <time>2015-10-10T08:19:15Z</time>
      </trkpt>
      <trkpt lat="46.419118" lon="23.501841">
        <ele>1145.508</ele>
        <time>2015-10-10T08:19:22Z</time>
      </trkpt>
      <trkpt lat="46.419166" lon="23.501744">
        <ele>1145.954</ele>
        <time>2015-10-10T08:19:29Z</time>
      </trkpt>
      <trkpt lat="46.419216" lon="23.501638">
        <ele>1146.650</ele>
        <time>2015-10-10T08:19:37Z</time>
      </trkpt>
      <trkpt lat="46.419276" lon="23.501541">
        <ele>1146.444</ele>
        <time>2015-10-10T08:19:48Z</time>
      </trkpt>
      <trkpt lat="46.419330" lon="23.501448">
        <ele>1146.162</ele>
        <time>2015-10-10T08:19:57Z</time>
      </trkpt>
      <trkpt lat="46.419399" lon="23.501375">
        <ele>1145.194</ele>
        <time>2015-10-10T08:20:05Z</time>
      </trkpt>
      <trkpt lat="46.419450" lon="23.501268">
        <ele>1144.984</ele>
        <time>2015-10-10T08:20:14Z</time>
      </trkpt>
      <trkpt lat="46.419503" lon="23.501176">
        <ele>1146.210</ele>
        <time>2015-10-10T08:20:21Z</time>
      </trkpt>
      <trkpt lat="46.419534" lon="23.501058">
        <ele>1147.130</ele>
        <time>2015-10-10T08:20:28Z</time>
      </trkpt>
      <trkpt lat="46.419556" lon="23.500931">
        <ele>1147.628</ele>
        <time>2015-10-10T08:20:34Z</time>
      </trkpt>
      <trkpt lat="46.419570" lon="23.500806">
        <ele>1148.089</ele>
        <time>2015-10-10T08:20:40Z</time>
      </trkpt>
      <trkpt lat="46.419590" lon="23.500688">
        <ele>1148.317</ele>
        <time>2015-10-10T08:20:47Z</time>
      </trkpt>
      <trkpt lat="46.419610" lon="23.500566">
        <ele>1148.608</ele>
        <time>2015-10-10T08:20:55Z</time>
      </trkpt>
      <trkpt lat="46.419638" lon="23.500448">
        <ele>1148.463</ele>
        <time>2015-10-10T08:21:02Z</time>
      </trkpt>
      <trkpt lat="46.419670" lon="23.500323">
        <ele>1148.129</ele>
        <time>2015-10-10T08:21:09Z</time>
      </trkpt>
      <trkpt lat="46.419680" lon="23.500206">
        <ele>1147.323</ele>
        <time>2015-10-10T08:21:16Z</time>
      </trkpt>
      <trkpt lat="46.419693" lon="23.500081">
        <ele>1145.921</ele>
        <time>2015-10-10T08:21:22Z</time>
      </trkpt>
      <trkpt lat="46.419683" lon="23.499963">
        <ele>1144.843</ele>
        <time>2015-10-10T08:21:29Z</time>
      </trkpt>
      <trkpt lat="46.419693" lon="23.499831">
        <ele>1143.373</ele>
        <time>2015-10-10T08:21:36Z</time>
      </trkpt>
      <trkpt lat="46.419723" lon="23.499709">
        <ele>1141.949</ele>
        <time>2015-10-10T08:21:42Z</time>
      </trkpt>
      <trkpt lat="46.419743" lon="23.499585">
        <ele>1140.719</ele>
        <time>2015-10-10T08:21:47Z</time>
      </trkpt>
      <trkpt lat="46.419753" lon="23.499456">
        <ele>1139.541</ele>
        <time>2015-10-10T08:21:53Z</time>
      </trkpt>
      <trkpt lat="46.419773" lon="23.499333">
        <ele>1138.381</ele>
        <time>2015-10-10T08:21:59Z</time>
      </trkpt>
      <trkpt lat="46.419780" lon="23.499205">
        <ele>1136.909</ele>
        <time>2015-10-10T08:22:06Z</time>
      </trkpt>
      <trkpt lat="46.419776" lon="23.499081">
        <ele>1135.408</ele>
        <time>2015-10-10T08:22:40Z</time>
      </trkpt>
      <trkpt lat="46.419773" lon="23.498948">
        <ele>1133.985</ele>
        <time>2015-10-10T08:23:04Z</time>
      </trkpt>
      <trkpt lat="46.419786" lon="23.498829">
        <ele>1132.951</ele>
        <time>2015-10-10T08:23:10Z</time>
      </trkpt>
      <trkpt lat="46.419805" lon="23.498713">
        <ele>1132.195</ele>
        <time>2015-10-10T08:23:17Z</time>
      </trkpt>
      <trkpt lat="46.419813" lon="23.498591">
        <ele>1131.213</ele>
        <time>2015-10-10T08:23:26Z</time>
      </trkpt>
      <trkpt lat="46.419810" lon="23.498463">
        <ele>1130.175</ele>
        <time>2015-10-10T08:23:34Z</time>
      </trkpt>
      <trkpt lat="46.419840" lon="23.498353">
        <ele>1128.995</ele>
        <time>2015-10-10T08:23:45Z</time>
      </trkpt>
      <trkpt lat="46.419850" lon="23.498225">
        <ele>1127.411</ele>
        <time>2015-10-10T08:23:54Z</time>
      </trkpt>
      <trkpt lat="46.419836" lon="23.498108">
        <ele>1126.281</ele>
        <time>2015-10-10T08:24:02Z</time>
      </trkpt>
      <trkpt lat="46.419816" lon="23.497980">
        <ele>1124.955</ele>
        <time>2015-10-10T08:24:12Z</time>
      </trkpt>
      <trkpt lat="46.419776" lon="23.497875">
        <ele>1124.007</ele>
        <time>2015-10-10T08:24:21Z</time>
      </trkpt>
      <trkpt lat="46.419720" lon="23.497771">
        <ele>1123.017</ele>
        <time>2015-10-10T08:24:30Z</time>
      </trkpt>
      <trkpt lat="46.419661" lon="23.497686">
        <ele>1123.308</ele>
        <time>2015-10-10T08:24:39Z</time>
      </trkpt>
      <trkpt lat="46.419594" lon="23.497610">
        <ele>1124.116</ele>
        <time>2015-10-10T08:24:50Z</time>
      </trkpt>
      <trkpt lat="46.419534" lon="23.497510">
        <ele>1124.872</ele>
        <time>2015-10-10T08:25:01Z</time>
      </trkpt>
      <trkpt lat="46.419480" lon="23.497421">
        <ele>1125.056</ele>
        <time>2015-10-10T08:25:12Z</time>
      </trkpt>
      <trkpt lat="46.419418" lon="23.497335">
        <ele>1125.364</ele>
        <time>2015-10-10T08:25:23Z</time>
      </trkpt>
      <trkpt lat="46.419351" lon="23.497259">
        <ele>1125.956</ele>
        <time>2015-10-10T08:25:34Z</time>
      </trkpt>
      <trkpt lat="46.419290" lon="23.497180">
        <ele>1126.046</ele>
        <time>2015-10-10T08:25:43Z</time>
      </trkpt>
      <trkpt lat="46.419205" lon="23.497146">
        <ele>1127.292</ele>
        <time>2015-10-10T08:25:55Z</time>
      </trkpt>
      <trkpt lat="46.419126" lon="23.497100">
        <ele>1127.832</ele>
        <time>2015-10-10T08:26:07Z</time>
      </trkpt>
      <trkpt lat="46.419045" lon="23.497091">
        <ele>1129.194</ele>
        <time>2015-10-10T08:26:21Z</time>
      </trkpt>
      <trkpt lat="46.418928" lon="23.497038">
        <ele>1129.757</ele>
        <time>2015-10-10T08:26:44Z</time>
      </trkpt>
      <trkpt lat="46.418851" lon="23.496988">
        <ele>1129.122</ele>
        <time>2015-10-10T08:26:54Z</time>
      </trkpt>
      <trkpt lat="46.418773" lon="23.496930">
        <ele>1128.308</ele>
        <time>2015-10-10T08:27:04Z</time>
      </trkpt>
      <trkpt lat="46.418683" lon="23.496903">
        <ele>1129.160</ele>
        <time>2015-10-10T08:27:14Z</time>
      </trkpt>
      <trkpt lat="46.418603" lon="23.496876">
        <ele>1129.846</ele>
        <time>2015-10-10T08:27:23Z</time>
      </trkpt>
      <trkpt lat="46.418523" lon="23.496858">
        <ele>1130.390</ele>
        <time>2015-10-10T08:27:32Z</time>
      </trkpt>
      <trkpt lat="46.418443" lon="23.496835">
        <ele>1130.618</ele>
        <time>2015-10-10T08:27:38Z</time>
      </trkpt>
      <trkpt lat="46.418356" lon="23.496811">
        <ele>1130.910</ele>
        <time>2015-10-10T08:27:46Z</time>
      </trkpt>
      <trkpt lat="46.418268" lon="23.496801">
        <ele>1131.350</ele>
        <time>2015-10-10T08:27:57Z</time>
      </trkpt>
      <trkpt lat="46.418168" lon="23.496791">
        <ele>1131.536</ele>
        <time>2015-10-10T08:28:04Z</time>
      </trkpt>
      <trkpt lat="46.418081" lon="23.496785">
        <ele>1131.996</ele>
        <time>2015-10-10T08:28:11Z</time>
      </trkpt>
      <trkpt lat="46.417993" lon="23.496809">
        <ele>1132.367</ele>
        <time>2015-10-10T08:28:23Z</time>
      </trkpt>
      <trkpt lat="46.417908" lon="23.496801">
        <ele>1131.681</ele>
        <time>2015-10-10T08:28:32Z</time>
      </trkpt>
      <trkpt lat="46.417821" lon="23.496786">
        <ele>1130.719</ele>
        <time>2015-10-10T08:28:41Z</time>
      </trkpt>
      <trkpt lat="46.417740" lon="23.496781">
        <ele>1130.208</ele>
        <time>2015-10-10T08:28:50Z</time>
      </trkpt>
      <trkpt lat="46.417658" lon="23.496778">
        <ele>1129.917</ele>
        <time>2015-10-10T08:28:59Z</time>
      </trkpt>
      <trkpt lat="46.417576" lon="23.496764">
        <ele>1129.353</ele>
        <time>2015-10-10T08:29:08Z</time>
      </trkpt>
      <trkpt lat="46.417483" lon="23.496796">
        <ele>1129.987</ele>
        <time>2015-10-10T08:29:16Z</time>
      </trkpt>
      <trkpt lat="46.417404" lon="23.496830">
        <ele>1131.415</ele>
        <time>2015-10-10T08:29:24Z</time>
      </trkpt>
      <trkpt lat="46.417311" lon="23.496826">
        <ele>1132.127</ele>
        <time>2015-10-10T08:29:32Z</time>
      </trkpt>
      <trkpt lat="46.417231" lon="23.496791">
        <ele>1132.237</ele>
        <time>2015-10-10T08:29:40Z</time>
      </trkpt>
      <trkpt lat="46.417153" lon="23.496753">
        <ele>1131.253</ele>
        <time>2015-10-10T08:29:49Z</time>
      </trkpt>
      <trkpt lat="46.417068" lon="23.496706">
        <ele>1130.123</ele>
        <time>2015-10-10T08:29:58Z</time>
      </trkpt>
      <trkpt lat="46.416991" lon="23.496640">
        <ele>1128.923</ele>
        <time>2015-10-10T08:30:05Z</time>
      </trkpt>
      <trkpt lat="46.416913" lon="23.496586">
        <ele>1128.083</ele>
        <time>2015-10-10T08:30:12Z</time>
      </trkpt>
      <trkpt lat="46.416848" lon="23.496516">
        <ele>1127.211</ele>
        <time>2015-10-10T08:30:20Z</time>
      </trkpt>
      <trkpt lat="46.416771" lon="23.496455">
        <ele>1126.608</ele>
        <time>2015-10-10T08:30:28Z</time>
      </trkpt>
      <trkpt lat="46.416703" lon="23.496391">
        <ele>1126.083</ele>
        <time>2015-10-10T08:30:36Z</time>
      </trkpt>
      <trkpt lat="46.416641" lon="23.496314">
        <ele>1125.969</ele>
        <time>2015-10-10T08:30:44Z</time>
      </trkpt>
      <trkpt lat="46.416580" lon="23.496220">
        <ele>1126.013</ele>
        <time>2015-10-10T08:30:53Z</time>
      </trkpt>
      <trkpt lat="46.416498" lon="23.496168">
        <ele>1126.491</ele>
        <time>2015-10-10T08:31:02Z</time>
      </trkpt>
      <trkpt lat="46.416415" lon="23.496119">
        <ele>1126.883</ele>
        <time>2015-10-10T08:31:11Z</time>
      </trkpt>
      <trkpt lat="46.416333" lon="23.496070">
        <ele>1126.573</ele>
        <time>2015-10-10T08:31:19Z</time>
      </trkpt>
      <trkpt lat="46.416255" lon="23.496016">
        <ele>1125.979</ele>
        <time>2015-10-10T08:31:31Z</time>
      </trkpt>
      <trkpt lat="46.416169" lon="23.495995">
        <ele>1125.399</ele>
        <time>2015-10-10T08:31:40Z</time>
      </trkpt>
      <trkpt lat="46.416091" lon="23.495955">
        <ele>1124.657</ele>
        <time>2015-10-10T08:31:46Z</time>
      </trkpt>
      <trkpt lat="46.416013" lon="23.495920">
        <ele>1123.200</ele>
        <time>2015-10-10T08:31:54Z</time>
      </trkpt>
      <trkpt lat="46.415925" lon="23.495903">
        <ele>1121.720</ele>
        <time>2015-10-10T08:32:03Z</time>
      </trkpt>
      <trkpt lat="46.415850" lon="23.495853">
        <ele>1120.308</ele>
        <time>2015-10-10T08:32:13Z</time>
      </trkpt>
      <trkpt lat="46.415771" lon="23.495800">
        <ele>1119.226</ele>
        <time>2015-10-10T08:32:25Z</time>
      </trkpt>
      <trkpt lat="46.415688" lon="23.495753">
        <ele>1117.972</ele>
        <time>2015-10-10T08:32:33Z</time>
      </trkpt>
      <trkpt lat="46.415613" lon="23.495696">
        <ele>1116.566</ele>
        <time>2015-10-10T08:32:42Z</time>
      </trkpt>
      <trkpt lat="46.415528" lon="23.495665">
        <ele>1115.034</ele>
        <time>2015-10-10T08:32:53Z</time>
      </trkpt>
      <trkpt lat="46.415488" lon="23.495558">
        <ele>1113.856</ele>
        <time>2015-10-10T08:33:04Z</time>
      </trkpt>
      <trkpt lat="46.415466" lon="23.495436">
        <ele>1113.216</ele>
        <time>2015-10-10T08:33:14Z</time>
      </trkpt>
      <trkpt lat="46.415445" lon="23.495308">
        <ele>1112.722</ele>
        <time>2015-10-10T08:33:23Z</time>
      </trkpt>
      <trkpt lat="46.415411" lon="23.495191">
        <ele>1111.412</ele>
        <time>2015-10-10T08:33:32Z</time>
      </trkpt>
      <trkpt lat="46.415365" lon="23.495095">
        <ele>1109.817</ele>
        <time>2015-10-10T08:34:19Z</time>
      </trkpt>
      <trkpt lat="46.415328" lon="23.494989">
        <ele>1108.287</ele>
        <time>2015-10-10T08:38:15Z</time>
      </trkpt>
      <trkpt lat="46.415285" lon="23.494890">
        <ele>1106.815</ele>
        <time>2015-10-10T08:38:27Z</time>
      </trkpt>
      <trkpt lat="46.415231" lon="23.494786">
        <ele>1105.608</ele>
        <time>2015-10-10T08:38:35Z</time>
      </trkpt>
      <trkpt lat="46.415195" lon="23.494669">
        <ele>1104.632</ele>
        <time>2015-10-10T08:38:43Z</time>
      </trkpt>
      <trkpt lat="46.415173" lon="23.494539">
        <ele>1103.628</ele>
        <time>2015-10-10T08:39:03Z</time>
      </trkpt>
      <trkpt lat="46.415123" lon="23.494438">
        <ele>1102.222</ele>
        <time>2015-10-10T08:39:14Z</time>
      </trkpt>
      <trkpt lat="46.415096" lon="23.494325">
        <ele>1101.150</ele>
        <time>2015-10-10T08:39:30Z</time>
      </trkpt>
      <trkpt lat="46.415078" lon="23.494205">
        <ele>1100.322</ele>
        <time>2015-10-10T08:39:41Z</time>
      </trkpt>
      <trkpt lat="46.415050" lon="23.494095">
        <ele>1099.542</ele>
        <time>2015-10-10T08:39:51Z</time>
      </trkpt>
      <trkpt lat="46.415041" lon="23.493973">
        <ele>1098.918</ele>
        <time>2015-10-10T08:39:59Z</time>
      </trkpt>
      <trkpt lat="46.414998" lon="23.493856">
        <ele>1097.998</ele>
        <time>2015-10-10T08:40:08Z</time>
      </trkpt>
      <trkpt lat="46.414961" lon="23.493744">
        <ele>1097.133</ele>
        <time>2015-10-10T08:40:18Z</time>
      </trkpt>
      <trkpt lat="46.414946" lon="23.493621">
        <ele>1096.523</ele>
        <time>2015-10-10T08:40:26Z</time>
      </trkpt>
      <trkpt lat="46.414954" lon="23.493500">
        <ele>1096.015</ele>
        <time>2015-10-10T08:40:37Z</time>
      </trkpt>
      <trkpt lat="46.414916" lon="23.493386">
        <ele>1094.808</ele>
        <time>2015-10-10T08:40:46Z</time>
      </trkpt>
      <trkpt lat="46.414901" lon="23.493260">
        <ele>1093.424</ele>
        <time>2015-10-10T08:41:17Z</time>
      </trkpt>
      <trkpt lat="46.414893" lon="23.493140">
        <ele>1092.050</ele>
        <time>2015-10-10T08:41:25Z</time>
      </trkpt>
      <trkpt lat="46.414896" lon="23.493020">
        <ele>1090.924</ele>
        <time>2015-10-10T08:41:34Z</time>
      </trkpt>
      <trkpt lat="46.414908" lon="23.492901">
        <ele>1090.252</ele>
        <time>2015-10-10T08:41:44Z</time>
      </trkpt>
      <trkpt lat="46.414906" lon="23.492771">
        <ele>1089.364</ele>
        <time>2015-10-10T08:41:54Z</time>
      </trkpt>
      <trkpt lat="46.414890" lon="23.492651">
        <ele>1088.564</ele>
        <time>2015-10-10T08:42:01Z</time>
      </trkpt>
      <trkpt lat="46.414866" lon="23.492536">
        <ele>1087.750</ele>
        <time>2015-10-10T08:42:09Z</time>
      </trkpt>
      <trkpt lat="46.414831" lon="23.492425">
        <ele>1086.630</ele>
        <time>2015-10-10T08:42:16Z</time>
      </trkpt>
      <trkpt lat="46.414780" lon="23.492323">
        <ele>1085.051</ele>
        <time>2015-10-10T08:42:26Z</time>
      </trkpt>
      <trkpt lat="46.414729" lon="23.492211">
        <ele>1083.101</ele>
        <time>2015-10-10T08:42:34Z</time>
      </trkpt>
      <trkpt lat="46.414691" lon="23.492096">
        <ele>1082.411</ele>
        <time>2015-10-10T08:42:41Z</time>
      </trkpt>
      <trkpt lat="46.414658" lon="23.491988">
        <ele>1081.908</ele>
        <time>2015-10-10T08:42:50Z</time>
      </trkpt>
      <trkpt lat="46.414594" lon="23.491904">
        <ele>1081.216</ele>
        <time>2015-10-10T08:42:57Z</time>
      </trkpt>
      <trkpt lat="46.414543" lon="23.491801">
        <ele>1080.382</ele>
        <time>2015-10-10T08:43:06Z</time>
      </trkpt>
      <trkpt lat="46.414531" lon="23.491683">
        <ele>1079.456</ele>
        <time>2015-10-10T08:43:15Z</time>
      </trkpt>
      <trkpt lat="46.414515" lon="23.491563">
        <ele>1078.914</ele>
        <time>2015-10-10T08:43:23Z</time>
      </trkpt>
      <trkpt lat="46.414510" lon="23.491443">
        <ele>1078.456</ele>
        <time>2015-10-10T08:43:30Z</time>
      </trkpt>
      <trkpt lat="46.414500" lon="23.491316">
        <ele>1078.476</ele>
        <time>2015-10-10T08:43:37Z</time>
      </trkpt>
      <trkpt lat="46.414468" lon="23.491190">
        <ele>1078.712</ele>
        <time>2015-10-10T08:43:44Z</time>
      </trkpt>
      <trkpt lat="46.414421" lon="23.491081">
        <ele>1079.152</ele>
        <time>2015-10-10T08:43:51Z</time>
      </trkpt>
      <trkpt lat="46.414429" lon="23.490960">
        <ele>1079.638</ele>
        <time>2015-10-10T08:44:02Z</time>
      </trkpt>
      <trkpt lat="46.414395" lon="23.490846">
        <ele>1080.370</ele>
        <time>2015-10-10T08:44:11Z</time>
      </trkpt>
      <trkpt lat="46.414391" lon="23.490724">
        <ele>1081.717</ele>
        <time>2015-10-10T08:44:20Z</time>
      </trkpt>
      <trkpt lat="46.414360" lon="23.490613">
        <ele>1083.508</ele>
        <time>2015-10-10T08:44:28Z</time>
      </trkpt>
      <trkpt lat="46.414354" lon="23.490491">
        <ele>1085.554</ele>
        <time>2015-10-10T08:44:42Z</time>
      </trkpt>
      <trkpt lat="46.414393" lon="23.490371">
        <ele>1087.520</ele>
        <time>2015-10-10T08:45:07Z</time>
      </trkpt>
      <trkpt lat="46.414440" lon="23.490273">
        <ele>1089.154</ele>
        <time>2015-10-10T08:45:24Z</time>
      </trkpt>
      <trkpt lat="46.414483" lon="23.490169">
        <ele>1090.872</ele>
        <time>2015-10-10T08:45:37Z</time>
      </trkpt>
      <trkpt lat="46.414566" lon="23.490106">
        <ele>1091.264</ele>
        <time>2015-10-10T08:49:06Z</time>
      </trkpt>
      <trkpt lat="46.414641" lon="23.490060">
        <ele>1091.454</ele>
        <time>2015-10-10T08:49:14Z</time>
      </trkpt>
      <trkpt lat="46.414716" lon="23.489996">
        <ele>1092.160</ele>
        <time>2015-10-10T08:49:23Z</time>
      </trkpt>
      <trkpt lat="46.414758" lon="23.489881">
        <ele>1094.340</ele>
        <time>2015-10-10T08:49:31Z</time>
      </trkpt>
      <trkpt lat="46.414743" lon="23.489755">
        <ele>1096.552</ele>
        <time>2015-10-10T08:49:38Z</time>
      </trkpt>
      <trkpt lat="46.414738" lon="23.489631">
        <ele>1098.153</ele>
        <time>2015-10-10T08:49:47Z</time>
      </trkpt>
      <trkpt lat="46.414751" lon="23.489506">
        <ele>1099.508</ele>
        <time>2015-10-10T08:49:56Z</time>
      </trkpt>
      <trkpt lat="46.414750" lon="23.489370">
        <ele>1101.008</ele>
        <time>2015-10-10T08:50:05Z</time>
      </trkpt>
      <trkpt lat="46.414738" lon="23.489246">
        <ele>1102.276</ele>
        <time>2015-10-10T08:50:13Z</time>
      </trkpt>
      <trkpt lat="46.414768" lon="23.489126">
        <ele>1103.452</ele>
        <time>2015-10-10T08:50:21Z</time>
      </trkpt>
      <trkpt lat="46.414808" lon="23.489023">
        <ele>1104.236</ele>
        <time>2015-10-10T08:50:31Z</time>
      </trkpt>
      <trkpt lat="46.414793" lon="23.488896">
        <ele>1105.094</ele>
        <time>2015-10-10T08:50:42Z</time>
      </trkpt>
      <trkpt lat="46.414804" lon="23.488775">
        <ele>1106.136</ele>
        <time>2015-10-10T08:50:52Z</time>
      </trkpt>
      <trkpt lat="46.414818" lon="23.488646">
        <ele>1107.336</ele>
        <time>2015-10-10T08:51:03Z</time>
      </trkpt>
      <trkpt lat="46.414819" lon="23.488513">
        <ele>1108.532</ele>
        <time>2015-10-10T08:51:11Z</time>
      </trkpt>
      <trkpt lat="46.414823" lon="23.488388">
        <ele>1109.522</ele>
        <time>2015-10-10T08:51:22Z</time>
      </trkpt>
      <trkpt lat="46.414851" lon="23.488271">
        <ele>1110.169</ele>
        <time>2015-10-10T08:51:31Z</time>
      </trkpt>
      <trkpt lat="46.414873" lon="23.488138">
        <ele>1110.704</ele>
        <time>2015-10-10T08:51:40Z</time>
      </trkpt>
      <trkpt lat="46.414915" lon="23.488025">
        <ele>1110.824</ele>
        <time>2015-10-10T08:51:51Z</time>
      </trkpt>
      <trkpt lat="46.414954" lon="23.487920">
        <ele>1110.908</ele>
        <time>2015-10-10T08:52:01Z</time>
      </trkpt>
      <trkpt lat="46.415025" lon="23.487855">
        <ele>1110.587</ele>
        <time>2015-10-10T08:52:07Z</time>
      </trkpt>
      <trkpt lat="46.415073" lon="23.487746">
        <ele>1111.513</ele>
        <time>2015-10-10T08:52:18Z</time>
      </trkpt>
      <trkpt lat="46.415125" lon="23.487613">
        <ele>1113.437</ele>
        <time>2015-10-10T08:53:06Z</time>
      </trkpt>
      <trkpt lat="46.415111" lon="23.487495">
        <ele>1115.315</ele>
        <time>2015-10-10T08:53:17Z</time>
      </trkpt>
      <trkpt lat="46.415115" lon="23.487373">
        <ele>1117.377</ele>
        <time>2015-10-10T08:53:29Z</time>
      </trkpt>
      <trkpt lat="46.415100" lon="23.487246">
        <ele>1119.557</ele>
        <time>2015-10-10T08:53:41Z</time>
      </trkpt>
      <trkpt lat="46.415096" lon="23.487126">
        <ele>1121.353</ele>
        <time>2015-10-10T08:54:04Z</time>
      </trkpt>
      <trkpt lat="46.415026" lon="23.487056">
        <ele>1123.133</ele>
        <time>2015-10-10T08:54:11Z</time>
      </trkpt>
      <trkpt lat="46.414966" lon="23.486968">
        <ele>1125.481</ele>
        <time>2015-10-10T08:54:26Z</time>
      </trkpt>
      <trkpt lat="46.414928" lon="23.486848">
        <ele>1127.961</ele>
        <time>2015-10-10T08:54:40Z</time>
      </trkpt>
      <trkpt lat="46.414936" lon="23.486728">
        <ele>1129.517</ele>
        <time>2015-10-10T08:55:00Z</time>
      </trkpt>
      <trkpt lat="46.414908" lon="23.486618">
        <ele>1131.808</ele>
        <time>2015-10-10T08:55:11Z</time>
      </trkpt>
      <trkpt lat="46.414880" lon="23.486505">
        <ele>1134.389</ele>
        <time>2015-10-10T08:55:23Z</time>
      </trkpt>
      <trkpt lat="46.414835" lon="23.486401">
        <ele>1136.825</ele>
        <time>2015-10-10T08:55:58Z</time>
      </trkpt>
      <trkpt lat="46.414835" lon="23.486276">
        <ele>1138.469</ele>
        <time>2015-10-10T08:57:02Z</time>
      </trkpt>
      <trkpt lat="46.414836" lon="23.486155">
        <ele>1139.847</ele>
        <time>2015-10-10T08:57:13Z</time>
      </trkpt>
      <trkpt lat="46.414876" lon="23.486044">
        <ele>1140.919</ele>
        <time>2015-10-10T08:57:24Z</time>
      </trkpt>
      <trkpt lat="46.414911" lon="23.485926">
        <ele>1142.449</ele>
        <time>2015-10-10T08:57:35Z</time>
      </trkpt>
      <trkpt lat="46.414941" lon="23.485816">
        <ele>1143.925</ele>
        <time>2015-10-10T08:58:38Z</time>
      </trkpt>
      <trkpt lat="46.414888" lon="23.485713">
        <ele>1146.465</ele>
        <time>2015-10-10T08:58:48Z</time>
      </trkpt>
      <trkpt lat="46.414901" lon="23.485594">
        <ele>1148.472</ele>
        <time>2015-10-10T08:59:14Z</time>
      </trkpt>
      <trkpt lat="46.414916" lon="23.485468">
        <ele>1150.313</ele>
        <time>2015-10-10T08:59:24Z</time>
      </trkpt>
      <trkpt lat="46.414925" lon="23.485346">
        <ele>1152.014</ele>
        <time>2015-10-10T08:59:29Z</time>
      </trkpt>
      <trkpt lat="46.414970" lon="23.485241">
        <ele>1153.008</ele>
        <time>2015-10-10T08:59:37Z</time>
      </trkpt>
      <trkpt lat="46.415044" lon="23.485186">
        <ele>1152.828</ele>
        <time>2015-10-10T08:59:47Z</time>
      </trkpt>
      <trkpt lat="46.415123" lon="23.485136">
        <ele>1152.594</ele>
        <time>2015-10-10T09:00:03Z</time>
      </trkpt>
      <trkpt lat="46.415161" lon="23.485020">
        <ele>1153.468</ele>
        <time>2015-10-10T09:00:14Z</time>
      </trkpt>
      <trkpt lat="46.415238" lon="23.484963">
        <ele>1153.066</ele>
        <time>2015-10-10T09:00:23Z</time>
      </trkpt>
      <trkpt lat="46.415268" lon="23.484843">
        <ele>1153.918</ele>
        <time>2015-10-10T09:00:35Z</time>
      </trkpt>
      <trkpt lat="46.415314" lon="23.484744">
        <ele>1154.478</ele>
        <time>2015-10-10T09:00:43Z</time>
      </trkpt>
      <trkpt lat="46.415356" lon="23.484638">
        <ele>1155.244</ele>
        <time>2015-10-10T09:00:51Z</time>
      </trkpt>
      <trkpt lat="46.415395" lon="23.484533">
        <ele>1155.974</ele>
        <time>2015-10-10T09:00:59Z</time>
      </trkpt>
      <trkpt lat="46.415463" lon="23.484458">
        <ele>1155.596</ele>
        <time>2015-10-10T09:01:07Z</time>
      </trkpt>
      <trkpt lat="46.415546" lon="23.484426">
        <ele>1154.231</ele>
        <time>2015-10-10T09:01:13Z</time>
      </trkpt>
      <trkpt lat="46.415623" lon="23.484380">
        <ele>1154.024</ele>
        <time>2015-10-10T09:01:20Z</time>
      </trkpt>
      <trkpt lat="46.415700" lon="23.484313">
        <ele>1154.008</ele>
        <time>2015-10-10T09:01:30Z</time>
      </trkpt>
      <trkpt lat="46.415766" lon="23.484240">
        <ele>1154.070</ele>
        <time>2015-10-10T09:01:38Z</time>
      </trkpt>
      <trkpt lat="46.415841" lon="23.484181">
        <ele>1153.986</ele>
        <time>2015-10-10T09:01:46Z</time>
      </trkpt>
      <trkpt lat="46.415931" lon="23.484219">
        <ele>1153.560</ele>
        <time>2015-10-10T09:01:56Z</time>
      </trkpt>
      <trkpt lat="46.416019" lon="23.484208">
        <ele>1153.348</ele>
        <time>2015-10-10T09:02:02Z</time>
      </trkpt>
      <trkpt lat="46.416088" lon="23.484136">
        <ele>1153.110</ele>
        <time>2015-10-10T09:02:12Z</time>
      </trkpt>
      <trkpt lat="46.416126" lon="23.484031">
        <ele>1153.060</ele>
        <time>2015-10-10T09:02:22Z</time>
      </trkpt>
      <trkpt lat="46.416126" lon="23.483913">
        <ele>1153.026</ele>
        <time>2015-10-10T09:02:34Z</time>
      </trkpt>
      <trkpt lat="46.416108" lon="23.483795">
        <ele>1152.746</ele>
        <time>2015-10-10T09:02:47Z</time>
      </trkpt>
      <trkpt lat="46.416151" lon="23.483683">
        <ele>1152.359</ele>
        <time>2015-10-10T09:02:57Z</time>
      </trkpt>
      <trkpt lat="46.416188" lon="23.483575">
        <ele>1151.803</ele>
        <time>2015-10-10T09:03:05Z</time>
      </trkpt>
      <trkpt lat="46.416208" lon="23.483445">
        <ele>1151.023</ele>
        <time>2015-10-10T09:03:11Z</time>
      </trkpt>
      <trkpt lat="46.416226" lon="23.483318">
        <ele>1150.108</ele>
        <time>2015-10-10T09:03:23Z</time>
      </trkpt>
      <trkpt lat="46.416278" lon="23.483221">
        <ele>1149.116</ele>
        <time>2015-10-10T09:03:32Z</time>
      </trkpt>
      <trkpt lat="46.416348" lon="23.483151">
        <ele>1147.662</ele>
        <time>2015-10-10T09:03:39Z</time>
      </trkpt>
      <trkpt lat="46.416398" lon="23.483053">
        <ele>1146.016</ele>
        <time>2015-10-10T09:03:47Z</time>
      </trkpt>
      <trkpt lat="46.416433" lon="23.482938">
        <ele>1145.654</ele>
        <time>2015-10-10T09:03:55Z</time>
      </trkpt>
      <trkpt lat="46.416465" lon="23.482825">
        <ele>1145.026</ele>
        <time>2015-10-10T09:04:03Z</time>
      </trkpt>
      <trkpt lat="46.416453" lon="23.482703">
        <ele>1144.946</ele>
        <time>2015-10-10T09:04:10Z</time>
      </trkpt>
      <trkpt lat="46.416435" lon="23.482580">
        <ele>1145.262</ele>
        <time>2015-10-10T09:04:17Z</time>
      </trkpt>
      <trkpt lat="46.416488" lon="23.482486">
        <ele>1144.772</ele>
        <time>2015-10-10T09:04:27Z</time>
      </trkpt>
      <trkpt lat="46.416465" lon="23.482364">
        <ele>1146.075</ele>
        <time>2015-10-10T09:04:40Z</time>
      </trkpt>
      <trkpt lat="46.416470" lon="23.482246">
        <ele>1146.828</ele>
        <time>2015-10-10T09:04:46Z</time>
      </trkpt>
      <trkpt lat="46.416438" lon="23.482126">
        <ele>1148.320</ele>
        <time>2015-10-10T09:04:56Z</time>
      </trkpt>
      <trkpt lat="46.416420" lon="23.482008">
        <ele>1149.608</ele>
        <time>2015-10-10T09:05:05Z</time>
      </trkpt>
      <trkpt lat="46.416408" lon="23.481876">
        <ele>1150.488</ele>
        <time>2015-10-10T09:05:14Z</time>
      </trkpt>
      <trkpt lat="46.416361" lon="23.481768">
        <ele>1151.594</ele>
        <time>2015-10-10T09:05:22Z</time>
      </trkpt>
      <trkpt lat="46.416333" lon="23.481658">
        <ele>1152.048</ele>
        <time>2015-10-10T09:05:30Z</time>
      </trkpt>
      <trkpt lat="46.416313" lon="23.481541">
        <ele>1151.876</ele>
        <time>2015-10-10T09:05:39Z</time>
      </trkpt>
      <trkpt lat="46.416300" lon="23.481420">
        <ele>1151.428</ele>
        <time>2015-10-10T09:05:47Z</time>
      </trkpt>
      <trkpt lat="46.416304" lon="23.481300">
        <ele>1150.748</ele>
        <time>2015-10-10T09:05:55Z</time>
      </trkpt>
      <trkpt lat="46.416271" lon="23.481191">
        <ele>1150.634</ele>
        <time>2015-10-10T09:06:04Z</time>
      </trkpt>
      <trkpt lat="46.416255" lon="23.481076">
        <ele>1150.494</ele>
        <time>2015-10-10T09:06:15Z</time>
      </trkpt>
      <trkpt lat="46.416214" lon="23.480955">
        <ele>1151.174</ele>
        <time>2015-10-10T09:06:23Z</time>
      </trkpt>
      <trkpt lat="46.416198" lon="23.480830">
        <ele>1151.456</ele>
        <time>2015-10-10T09:06:29Z</time>
      </trkpt>
      <trkpt lat="46.416166" lon="23.480711">
        <ele>1152.521</ele>
        <time>2015-10-10T09:06:41Z</time>
      </trkpt>
      <trkpt lat="46.416165" lon="23.480593">
        <ele>1152.908</ele>
        <time>2015-10-10T09:06:56Z</time>
      </trkpt>
      <trkpt lat="46.416165" lon="23.480475">
        <ele>1153.628</ele>
        <time>2015-10-10T09:07:04Z</time>
      </trkpt>
      <trkpt lat="46.416185" lon="23.480358">
        <ele>1154.114</ele>
        <time>2015-10-10T09:07:10Z</time>
      </trkpt>
      <trkpt lat="46.416180" lon="23.480233">
        <ele>1154.848</ele>
        <time>2015-10-10T09:07:16Z</time>
      </trkpt>
      <trkpt lat="46.416141" lon="23.480126">
        <ele>1155.546</ele>
        <time>2015-10-10T09:07:23Z</time>
      </trkpt>
      <trkpt lat="46.416105" lon="23.480015">
        <ele>1156.148</ele>
        <time>2015-10-10T09:07:32Z</time>
      </trkpt>
      <trkpt lat="46.416106" lon="23.479896">
        <ele>1155.718</ele>
        <time>2015-10-10T09:07:40Z</time>
      </trkpt>
      <trkpt lat="46.416076" lon="23.479775">
        <ele>1155.964</ele>
        <time>2015-10-10T09:07:47Z</time>
      </trkpt>
      <trkpt lat="46.416070" lon="23.479656">
        <ele>1155.974</ele>
        <time>2015-10-10T09:07:59Z</time>
      </trkpt>
      <trkpt lat="46.416023" lon="23.479544">
        <ele>1156.786</ele>
        <time>2015-10-10T09:08:07Z</time>
      </trkpt>
      <trkpt lat="46.416019" lon="23.479419">
        <ele>1156.560</ele>
        <time>2015-10-10T09:08:18Z</time>
      </trkpt>
      <trkpt lat="46.416076" lon="23.479314">
        <ele>1154.826</ele>
        <time>2015-10-10T09:08:26Z</time>
      </trkpt>
      <trkpt lat="46.416123" lon="23.479198">
        <ele>1153.008</ele>
        <time>2015-10-10T09:08:33Z</time>
      </trkpt>
      <trkpt lat="46.416145" lon="23.479081">
        <ele>1151.849</ele>
        <time>2015-10-10T09:08:42Z</time>
      </trkpt>
      <trkpt lat="46.416180" lon="23.478958">
        <ele>1150.445</ele>
        <time>2015-10-10T09:08:51Z</time>
      </trkpt>
      <trkpt lat="46.416208" lon="23.478824">
        <ele>1149.139</ele>
        <time>2015-10-10T09:09:01Z</time>
      </trkpt>
      <trkpt lat="46.416230" lon="23.478678">
        <ele>1147.447</ele>
        <time>2015-10-10T09:09:06Z</time>
      </trkpt>
      <trkpt lat="46.416270" lon="23.478560">
        <ele>1145.849</ele>
        <time>2015-10-10T09:09:09Z</time>
      </trkpt>
      <trkpt lat="46.416286" lon="23.478445">
        <ele>1144.829</ele>
        <time>2015-10-10T09:09:14Z</time>
      </trkpt>
      <trkpt lat="46.416278" lon="23.478306">
        <ele>1144.085</ele>
        <time>2015-10-10T09:09:21Z</time>
      </trkpt>
      <trkpt lat="46.416301" lon="23.478166">
        <ele>1142.675</ele>
        <time>2015-10-10T09:09:28Z</time>
      </trkpt>
      <trkpt lat="46.416253" lon="23.478053">
        <ele>1142.012</ele>
        <time>2015-10-10T09:09:35Z</time>
      </trkpt>
      <trkpt lat="46.416218" lon="23.477920">
        <ele>1141.132</ele>
        <time>2015-10-10T09:09:40Z</time>
      </trkpt>
      <trkpt lat="46.416186" lon="23.477800">
        <ele>1140.205</ele>
        <time>2015-10-10T09:09:46Z</time>
      </trkpt>
      <trkpt lat="46.416130" lon="23.477705">
        <ele>1139.508</ele>
        <time>2015-10-10T09:09:54Z</time>
      </trkpt>
      <trkpt lat="46.416078" lon="23.477606">
        <ele>1139.222</ele>
        <time>2015-10-10T09:10:00Z</time>
      </trkpt>
      <trkpt lat="46.416100" lon="23.477489">
        <ele>1138.178</ele>
        <time>2015-10-10T09:10:04Z</time>
      </trkpt>
      <trkpt lat="46.416136" lon="23.477359">
        <ele>1137.672</ele>
        <time>2015-10-10T09:10:09Z</time>
      </trkpt>
      <trkpt lat="46.416118" lon="23.477223">
        <ele>1137.170</ele>
        <time>2015-10-10T09:10:15Z</time>
      </trkpt>
      <trkpt lat="46.416078" lon="23.477120">
        <ele>1137.022</ele>
        <time>2015-10-10T09:10:21Z</time>
      </trkpt>
      <trkpt lat="46.416010" lon="23.477050">
        <ele>1137.572</ele>
        <time>2015-10-10T09:10:30Z</time>
      </trkpt>
      <trkpt lat="46.415941" lon="23.476976">
        <ele>1138.048</ele>
        <time>2015-10-10T09:10:37Z</time>
      </trkpt>
      <trkpt lat="46.415901" lon="23.476868">
        <ele>1137.328</ele>
        <time>2015-10-10T09:10:43Z</time>
      </trkpt>
      <trkpt lat="46.415915" lon="23.476738">
        <ele>1135.644</ele>
        <time>2015-10-10T09:10:53Z</time>
      </trkpt>
      <trkpt lat="46.415941" lon="23.476605">
        <ele>1133.205</ele>
        <time>2015-10-10T09:11:01Z</time>
      </trkpt>
      <trkpt lat="46.415961" lon="23.476480">
        <ele>1130.215</ele>
        <time>2015-10-10T09:11:06Z</time>
      </trkpt>
      <trkpt lat="46.415968" lon="23.476360">
        <ele>1127.108</ele>
        <time>2015-10-10T09:11:13Z</time>
      </trkpt>
      <trkpt lat="46.415891" lon="23.476291">
        <ele>1125.725</ele>
        <time>2015-10-10T09:11:21Z</time>
      </trkpt>
      <trkpt lat="46.415820" lon="23.476208">
        <ele>1123.921</ele>
        <time>2015-10-10T09:11:30Z</time>
      </trkpt>
      <trkpt lat="46.415735" lon="23.476181">
        <ele>1123.575</ele>
        <time>2015-10-10T09:11:37Z</time>
      </trkpt>
      <trkpt lat="46.415648" lon="23.476159">
        <ele>1123.263</ele>
        <time>2015-10-10T09:11:47Z</time>
      </trkpt>
      <trkpt lat="46.415555" lon="23.476158">
        <ele>1123.595</ele>
        <time>2015-10-10T09:11:56Z</time>
      </trkpt>
      <trkpt lat="46.415470" lon="23.476148">
        <ele>1124.675</ele>
        <time>2015-10-10T09:12:05Z</time>
      </trkpt>
      <trkpt lat="46.415386" lon="23.476114">
        <ele>1125.181</ele>
        <time>2015-10-10T09:12:11Z</time>
      </trkpt>
      <trkpt lat="46.415299" lon="23.476086">
        <ele>1125.781</ele>
        <time>2015-10-10T09:12:18Z</time>
      </trkpt>
      <trkpt lat="46.415213" lon="23.476069">
        <ele>1124.783</ele>
        <time>2015-10-10T09:12:27Z</time>
      </trkpt>
      <trkpt lat="46.415133" lon="23.476105">
        <ele>1125.625</ele>
        <time>2015-10-10T09:12:34Z</time>
      </trkpt>
      <trkpt lat="46.415086" lon="23.476206">
        <ele>1128.417</ele>
        <time>2015-10-10T09:13:02Z</time>
      </trkpt>
      <trkpt lat="46.415038" lon="23.476313">
        <ele>1131.508</ele>
        <time>2015-10-10T09:13:27Z</time>
      </trkpt>
      <trkpt lat="46.414954" lon="23.476318">
        <ele>1131.389</ele>
        <time>2015-10-10T09:13:38Z</time>
      </trkpt>
      <trkpt lat="46.414873" lon="23.476303">
        <ele>1130.165</ele>
        <time>2015-10-10T09:13:47Z</time>
      </trkpt>
      <trkpt lat="46.414791" lon="23.476293">
        <ele>1128.839</ele>
        <time>2015-10-10T09:14:43Z</time>
      </trkpt>
      <trkpt lat="46.414705" lon="23.476320">
        <ele>1129.317</ele>
        <time>2015-10-10T09:15:02Z</time>
      </trkpt>
      <trkpt lat="46.414618" lon="23.476335">
        <ele>1128.659</ele>
        <time>2015-10-10T09:15:09Z</time>
      </trkpt>
      <trkpt lat="46.414504" lon="23.476361">
        <ele>1127.919</ele>
        <time>2015-10-10T09:15:21Z</time>
      </trkpt>
      <trkpt lat="46.414420" lon="23.476345">
        <ele>1126.495</ele>
        <time>2015-10-10T09:15:27Z</time>
      </trkpt>
      <trkpt lat="46.414288" lon="23.476351">
        <ele>1127.165</ele>
        <time>2015-10-10T09:15:40Z</time>
      </trkpt>
      <trkpt lat="46.414203" lon="23.476345">
        <ele>1127.394</ele>
        <time>2015-10-10T09:15:48Z</time>
      </trkpt>
      <trkpt lat="46.414116" lon="23.476283">
        <ele>1125.257</ele>
        <time>2015-10-10T09:16:00Z</time>
      </trkpt>
      <trkpt lat="46.414030" lon="23.476266">
        <ele>1124.622</ele>
        <time>2015-10-10T09:16:08Z</time>
      </trkpt>
      <trkpt lat="46.413938" lon="23.476241">
        <ele>1123.708</ele>
        <time>2015-10-10T09:16:28Z</time>
      </trkpt>
      <trkpt lat="46.413893" lon="23.476143">
        <ele>1120.160</ele>
        <time>2015-10-10T09:17:07Z</time>
      </trkpt>
      <trkpt lat="46.413830" lon="23.476068">
        <ele>1117.426</ele>
        <time>2015-10-10T09:17:18Z</time>
      </trkpt>
      <trkpt lat="46.413783" lon="23.475961">
        <ele>1113.410</ele>
        <time>2015-10-10T09:17:27Z</time>
      </trkpt>
      <trkpt lat="46.413715" lon="23.475883">
        <ele>1111.588</ele>
        <time>2015-10-10T09:17:36Z</time>
      </trkpt>
      <trkpt lat="46.413651" lon="23.475808">
        <ele>1110.430</ele>
        <time>2015-10-10T09:17:44Z</time>
      </trkpt>
      <trkpt lat="46.413525" lon="23.475668">
        <ele>1110.150</ele>
        <time>2015-10-10T09:18:46Z</time>
      </trkpt>
      <trkpt lat="46.413575" lon="23.475566">
        <ele>1106.326</ele>
        <time>2015-10-10T09:18:54Z</time>
      </trkpt>
      <trkpt lat="46.413526" lon="23.475455">
        <ele>1104.416</ele>
        <time>2015-10-10T09:19:08Z</time>
      </trkpt>
      <trkpt lat="46.413608" lon="23.475296">
        <ele>1094.968</ele>
        <time>2015-10-10T09:20:05Z</time>
      </trkpt>
      <trkpt lat="46.413666" lon="23.475173">
        <ele>1086.142</ele>
        <time>2015-10-10T09:22:36Z</time>
      </trkpt>
      <trkpt lat="46.413598" lon="23.475105">
        <ele>1088.626</ele>
        <time>2015-10-10T09:23:17Z</time>
      </trkpt>
      <trkpt lat="46.413548" lon="23.475200">
        <ele>1095.008</ele>
        <time>2015-10-10T09:23:40Z</time>
      </trkpt>
      <trkpt lat="46.413464" lon="23.475218">
        <ele>1100.667</ele>
        <time>2015-10-10T09:24:07Z</time>
      </trkpt>
      <trkpt lat="46.413365" lon="23.475268">
        <ele>1107.993</ele>
        <time>2015-10-10T09:24:32Z</time>
      </trkpt>
      <trkpt lat="46.413315" lon="23.475375">
        <ele>1111.137</ele>
        <time>2015-10-10T09:25:16Z</time>
      </trkpt>
      <trkpt lat="46.413233" lon="23.475410">
        <ele>1111.945</ele>
        <time>2015-10-10T09:25:43Z</time>
      </trkpt>
      <trkpt lat="46.413165" lon="23.475346">
        <ele>1110.967</ele>
        <time>2015-10-10T09:26:08Z</time>
      </trkpt>
      <trkpt lat="46.413140" lon="23.475223">
        <ele>1107.247</ele>
        <time>2015-10-10T09:26:27Z</time>
      </trkpt>
      <trkpt lat="46.413218" lon="23.475108">
        <ele>1103.743</ele>
        <time>2015-10-10T09:27:33Z</time>
      </trkpt>
      <trkpt lat="46.413281" lon="23.474976">
        <ele>1099.863</ele>
        <time>2015-10-10T09:27:50Z</time>
      </trkpt>
      <trkpt lat="46.413313" lon="23.474866">
        <ele>1095.319</ele>
        <time>2015-10-10T09:28:45Z</time>
      </trkpt>
      <trkpt lat="46.413276" lon="23.474978">
        <ele>1099.809</ele>
        <time>2015-10-10T10:08:28Z</time>
      </trkpt>
      <trkpt lat="46.413228" lon="23.475075">
        <ele>1102.719</ele>
        <time>2015-10-10T10:08:37Z</time>
      </trkpt>
      <trkpt lat="46.413176" lon="23.475170">
        <ele>1105.508</ele>
        <time>2015-10-10T10:08:44Z</time>
      </trkpt>
      <trkpt lat="46.413156" lon="23.475296">
        <ele>1109.892</ele>
        <time>2015-10-10T10:08:55Z</time>
      </trkpt>
      <trkpt lat="46.413188" lon="23.475410">
        <ele>1112.278</ele>
        <time>2015-10-10T10:09:09Z</time>
      </trkpt>
      <trkpt lat="46.413295" lon="23.475393">
        <ele>1111.482</ele>
        <time>2015-10-10T10:10:06Z</time>
      </trkpt>
      <trkpt lat="46.413381" lon="23.475306">
        <ele>1107.760</ele>
        <time>2015-10-10T10:10:35Z</time>
      </trkpt>
      <trkpt lat="46.413468" lon="23.475291">
        <ele>1102.662</ele>
        <time>2015-10-10T10:10:48Z</time>
      </trkpt>
      <trkpt lat="46.413476" lon="23.475411">
        <ele>1105.272</ele>
        <time>2015-10-10T10:11:05Z</time>
      </trkpt>
      <trkpt lat="46.413440" lon="23.475520">
        <ele>1109.278</ele>
        <time>2015-10-10T10:11:15Z</time>
      </trkpt>
      <trkpt lat="46.413433" lon="23.475640">
        <ele>1111.958</ele>
        <time>2015-10-10T10:11:45Z</time>
      </trkpt>
      <trkpt lat="46.413464" lon="23.475758">
        <ele>1113.643</ele>
        <time>2015-10-10T10:11:56Z</time>
      </trkpt>
      <trkpt lat="46.413488" lon="23.475873">
        <ele>1115.764</ele>
        <time>2015-10-10T10:12:08Z</time>
      </trkpt>
      <trkpt lat="46.413543" lon="23.475975">
        <ele>1117.410</ele>
        <time>2015-10-10T10:12:19Z</time>
      </trkpt>
      <trkpt lat="46.413596" lon="23.476073">
        <ele>1119.208</ele>
        <time>2015-10-10T10:12:29Z</time>
      </trkpt>
      <trkpt lat="46.413655" lon="23.476166">
        <ele>1121.745</ele>
        <time>2015-10-10T10:12:39Z</time>
      </trkpt>
      <trkpt lat="46.413725" lon="23.476234">
        <ele>1123.881</ele>
        <time>2015-10-10T10:12:51Z</time>
      </trkpt>
      <trkpt lat="46.413803" lon="23.476281">
        <ele>1125.215</ele>
        <time>2015-10-10T10:13:36Z</time>
      </trkpt>
      <trkpt lat="46.413871" lon="23.476351">
        <ele>1127.663</ele>
        <time>2015-10-10T10:13:47Z</time>
      </trkpt>
      <trkpt lat="46.413935" lon="23.476431">
        <ele>1130.415</ele>
        <time>2015-10-10T10:14:00Z</time>
      </trkpt>
      <trkpt lat="46.414048" lon="23.476380">
        <ele>1128.775</ele>
        <time>2015-10-10T10:14:16Z</time>
      </trkpt>
      <trkpt lat="46.414129" lon="23.476368">
        <ele>1128.271</ele>
        <time>2015-10-10T10:14:22Z</time>
      </trkpt>
      <trkpt lat="46.414211" lon="23.476366">
        <ele>1128.081</ele>
        <time>2015-10-10T10:14:32Z</time>
      </trkpt>
      <trkpt lat="46.414291" lon="23.476398">
        <ele>1128.943</ele>
        <time>2015-10-10T10:14:41Z</time>
      </trkpt>
      <trkpt lat="46.414378" lon="23.476411">
        <ele>1129.164</ele>
        <time>2015-10-10T10:14:53Z</time>
      </trkpt>
      <trkpt lat="46.414453" lon="23.476354">
        <ele>1126.810</ele>
        <time>2015-10-10T10:15:01Z</time>
      </trkpt>
      <trkpt lat="46.414534" lon="23.476341">
        <ele>1127.508</ele>
        <time>2015-10-10T10:15:09Z</time>
      </trkpt>
      <trkpt lat="46.414618" lon="23.476383">
        <ele>1130.995</ele>
        <time>2015-10-10T10:15:18Z</time>
      </trkpt>
      <trkpt lat="46.414701" lon="23.476401">
        <ele>1133.011</ele>
        <time>2015-10-10T10:15:29Z</time>
      </trkpt>
      <trkpt lat="46.414793" lon="23.476383">
        <ele>1133.095</ele>
        <time>2015-10-10T10:15:39Z</time>
      </trkpt>
      <trkpt lat="46.414876" lon="23.476376">
        <ele>1133.013</ele>
        <time>2015-10-10T10:15:50Z</time>
      </trkpt>
      <trkpt lat="46.414954" lon="23.476333">
        <ele>1131.935</ele>
        <time>2015-10-10T10:15:59Z</time>
      </trkpt>
      <trkpt lat="46.415036" lon="23.476303">
        <ele>1131.275</ele>
        <time>2015-10-10T10:16:09Z</time>
      </trkpt>
      <trkpt lat="46.415116" lon="23.476268">
        <ele>1130.211</ele>
        <time>2015-10-10T10:16:18Z</time>
      </trkpt>
      <trkpt lat="46.415203" lon="23.476226">
        <ele>1129.321</ele>
        <time>2015-10-10T10:16:27Z</time>
      </trkpt>
      <trkpt lat="46.415286" lon="23.476193">
        <ele>1128.688</ele>
        <time>2015-10-10T10:16:36Z</time>
      </trkpt>
      <trkpt lat="46.415380" lon="23.476171">
        <ele>1126.724</ele>
        <time>2015-10-10T10:16:43Z</time>
      </trkpt>
      <trkpt lat="46.415460" lon="23.476151">
        <ele>1124.926</ele>
        <time>2015-10-10T10:16:49Z</time>
      </trkpt>
      <trkpt lat="46.415548" lon="23.476151">
        <ele>1123.408</ele>
        <time>2015-10-10T10:16:57Z</time>
      </trkpt>
      <trkpt lat="46.415631" lon="23.476161">
        <ele>1123.389</ele>
        <time>2015-10-10T10:17:06Z</time>
      </trkpt>
      <trkpt lat="46.415711" lon="23.476226">
        <ele>1124.965</ele>
        <time>2015-10-10T10:17:16Z</time>
      </trkpt>
      <trkpt lat="46.415781" lon="23.476293">
        <ele>1126.699</ele>
        <time>2015-10-10T10:17:22Z</time>
      </trkpt>
      <trkpt lat="46.415821" lon="23.476403">
        <ele>1129.437</ele>
        <time>2015-10-10T10:17:29Z</time>
      </trkpt>
      <trkpt lat="46.415826" lon="23.476521">
        <ele>1131.959</ele>
        <time>2015-10-10T10:17:38Z</time>
      </trkpt>
      <trkpt lat="46.415811" lon="23.476643">
        <ele>1134.779</ele>
        <time>2015-10-10T10:17:52Z</time>
      </trkpt>
      <trkpt lat="46.415806" lon="23.476771">
        <ele>1136.885</ele>
        <time>2015-10-10T10:18:05Z</time>
      </trkpt>
      <trkpt lat="46.415811" lon="23.476913">
        <ele>1138.985</ele>
        <time>2015-10-10T10:18:14Z</time>
      </trkpt>
      <trkpt lat="46.415861" lon="23.477018">
        <ele>1139.017</ele>
        <time>2015-10-10T10:18:23Z</time>
      </trkpt>
      <trkpt lat="46.415901" lon="23.477125">
        <ele>1138.987</ele>
        <time>2015-10-10T10:18:29Z</time>
      </trkpt>
      <trkpt lat="46.415926" lon="23.477236">
        <ele>1139.115</ele>
        <time>2015-10-10T10:18:35Z</time>
      </trkpt>
      <trkpt lat="46.415974" lon="23.477336">
        <ele>1139.108</ele>
        <time>2015-10-10T10:18:41Z</time>
      </trkpt>
      <trkpt lat="46.415985" lon="23.477466">
        <ele>1139.672</ele>
        <time>2015-10-10T10:18:48Z</time>
      </trkpt>
      <trkpt lat="46.416005" lon="23.477596">
        <ele>1140.288</ele>
        <time>2015-10-10T10:18:55Z</time>
      </trkpt>
      <trkpt lat="46.416033" lon="23.477706">
        <ele>1140.672</ele>
        <time>2015-10-10T10:19:01Z</time>
      </trkpt>
      <trkpt lat="46.416050" lon="23.477833">
        <ele>1141.560</ele>
        <time>2015-10-10T10:19:10Z</time>
      </trkpt>
      <trkpt lat="46.416100" lon="23.477930">
        <ele>1141.882</ele>
        <time>2015-10-10T10:19:21Z</time>
      </trkpt>
      <trkpt lat="46.416131" lon="23.478041">
        <ele>1142.792</ele>
        <time>2015-10-10T10:19:32Z</time>
      </trkpt>
      <trkpt lat="46.416158" lon="23.478156">
        <ele>1143.778</ele>
        <time>2015-10-10T10:19:42Z</time>
      </trkpt>
      <trkpt lat="46.416183" lon="23.478268">
        <ele>1144.658</ele>
        <time>2015-10-10T10:19:52Z</time>
      </trkpt>
      <trkpt lat="46.416178" lon="23.478393">
        <ele>1145.823</ele>
        <time>2015-10-10T10:20:04Z</time>
      </trkpt>
      <trkpt lat="46.416173" lon="23.478513">
        <ele>1147.083</ele>
        <time>2015-10-10T10:20:15Z</time>
      </trkpt>
      <trkpt lat="46.416163" lon="23.478636">
        <ele>1148.311</ele>
        <time>2015-10-10T10:20:54Z</time>
      </trkpt>
      <trkpt lat="46.416141" lon="23.478751">
        <ele>1149.508</ele>
        <time>2015-10-10T10:21:07Z</time>
      </trkpt>
      <trkpt lat="46.416108" lon="23.478868">
        <ele>1150.913</ele>
        <time>2015-10-10T10:21:18Z</time>
      </trkpt>
      <trkpt lat="46.416075" lon="23.478986">
        <ele>1152.549</ele>
        <time>2015-10-10T10:21:26Z</time>
      </trkpt>
      <trkpt lat="46.416063" lon="23.479121">
        <ele>1153.773</ele>
        <time>2015-10-10T10:21:36Z</time>
      </trkpt>
      <trkpt lat="46.416026" lon="23.479228">
        <ele>1155.241</ele>
        <time>2015-10-10T10:21:43Z</time>
      </trkpt>
      <trkpt lat="46.416023" lon="23.479350">
        <ele>1156.023</ele>
        <time>2015-10-10T10:21:52Z</time>
      </trkpt>
      <trkpt lat="46.416019" lon="23.479471">
        <ele>1156.733</ele>
        <time>2015-10-10T10:22:04Z</time>
      </trkpt>
      <trkpt lat="46.416016" lon="23.479596">
        <ele>1156.919</ele>
        <time>2015-10-10T10:22:12Z</time>
      </trkpt>
      <trkpt lat="46.415993" lon="23.479716">
        <ele>1157.589</ele>
        <time>2015-10-10T10:22:25Z</time>
      </trkpt>
      <trkpt lat="46.416026" lon="23.479825">
        <ele>1157.228</ele>
        <time>2015-10-10T10:22:33Z</time>
      </trkpt>
      <trkpt lat="46.416064" lon="23.479944">
        <ele>1156.889</ele>
        <time>2015-10-10T10:22:41Z</time>
      </trkpt>
      <trkpt lat="46.416111" lon="23.480051">
        <ele>1156.017</ele>
        <time>2015-10-10T10:22:48Z</time>
      </trkpt>
      <trkpt lat="46.416108" lon="23.480195">
        <ele>1156.108</ele>
        <time>2015-10-10T10:22:54Z</time>
      </trkpt>
      <trkpt lat="46.416101" lon="23.480313">
        <ele>1156.033</ele>
        <time>2015-10-10T10:23:01Z</time>
      </trkpt>
      <trkpt lat="46.416108" lon="23.480433">
        <ele>1155.059</ele>
        <time>2015-10-10T10:23:08Z</time>
      </trkpt>
      <trkpt lat="46.416124" lon="23.480556">
        <ele>1153.883</ele>
        <time>2015-10-10T10:23:14Z</time>
      </trkpt>
      <trkpt lat="46.416126" lon="23.480681">
        <ele>1153.321</ele>
        <time>2015-10-10T10:23:21Z</time>
      </trkpt>
      <trkpt lat="46.416165" lon="23.480794">
        <ele>1152.273</ele>
        <time>2015-10-10T10:23:29Z</time>
      </trkpt>
      <trkpt lat="46.416158" lon="23.480923">
        <ele>1152.243</ele>
        <time>2015-10-10T10:23:39Z</time>
      </trkpt>
      <trkpt lat="46.416175" lon="23.481041">
        <ele>1151.969</ele>
        <time>2015-10-10T10:23:49Z</time>
      </trkpt>
      <trkpt lat="46.416220" lon="23.481151">
        <ele>1151.259</ele>
        <time>2015-10-10T10:23:59Z</time>
      </trkpt>
      <trkpt lat="46.416226" lon="23.481270">
        <ele>1151.768</ele>
        <time>2015-10-10T10:24:10Z</time>
      </trkpt>
      <trkpt lat="46.416243" lon="23.481396">
        <ele>1152.142</ele>
        <time>2015-10-10T10:24:19Z</time>
      </trkpt>
      <trkpt lat="46.416271" lon="23.481521">
        <ele>1152.426</ele>
        <time>2015-10-10T10:24:28Z</time>
      </trkpt>
      <trkpt lat="46.416293" lon="23.481646">
        <ele>1152.608</ele>
        <time>2015-10-10T10:24:34Z</time>
      </trkpt>
      <trkpt lat="46.416331" lon="23.481753">
        <ele>1152.137</ele>
        <time>2015-10-10T10:24:41Z</time>
      </trkpt>
      <trkpt lat="46.416363" lon="23.481870">
        <ele>1151.543</ele>
        <time>2015-10-10T10:24:45Z</time>
      </trkpt>
      <trkpt lat="46.416410" lon="23.481978">
        <ele>1150.137</ele>
        <time>2015-10-10T10:24:51Z</time>
      </trkpt>
      <trkpt lat="46.416431" lon="23.482091">
        <ele>1148.755</ele>
        <time>2015-10-10T10:24:58Z</time>
      </trkpt>
      <trkpt lat="46.416450" lon="23.482214">
        <ele>1147.557</ele>
        <time>2015-10-10T10:25:04Z</time>
      </trkpt>
      <trkpt lat="46.416420" lon="23.482341">
        <ele>1147.127</ele>
        <time>2015-10-10T10:25:10Z</time>
      </trkpt>
      <trkpt lat="46.416415" lon="23.482473">
        <ele>1145.993</ele>
        <time>2015-10-10T10:25:19Z</time>
      </trkpt>
      <trkpt lat="46.416390" lon="23.482595">
        <ele>1145.633</ele>
        <time>2015-10-10T10:25:27Z</time>
      </trkpt>
      <trkpt lat="46.416381" lon="23.482720">
        <ele>1145.478</ele>
        <time>2015-10-10T10:25:35Z</time>
      </trkpt>
      <trkpt lat="46.416335" lon="23.482826">
        <ele>1146.633</ele>
        <time>2015-10-10T10:25:41Z</time>
      </trkpt>
      <trkpt lat="46.416291" lon="23.482955">
        <ele>1147.826</ele>
        <time>2015-10-10T10:25:47Z</time>
      </trkpt>
      <trkpt lat="46.416226" lon="23.483054">
        <ele>1148.908</ele>
        <time>2015-10-10T10:25:54Z</time>
      </trkpt>
      <trkpt lat="46.416185" lon="23.483163">
        <ele>1150.028</ele>
        <time>2015-10-10T10:26:01Z</time>
      </trkpt>
      <trkpt lat="46.416140" lon="23.483271">
        <ele>1150.764</ele>
        <time>2015-10-10T10:26:09Z</time>
      </trkpt>
      <trkpt lat="46.416161" lon="23.483391">
        <ele>1150.958</ele>
        <time>2015-10-10T10:26:18Z</time>
      </trkpt>
      <trkpt lat="46.416123" lon="23.483501">
        <ele>1151.676</ele>
        <time>2015-10-10T10:26:30Z</time>
      </trkpt>
      <trkpt lat="46.416123" lon="23.483619">
        <ele>1152.028</ele>
        <time>2015-10-10T10:27:13Z</time>
      </trkpt>
      <trkpt lat="46.416113" lon="23.483739">
        <ele>1152.588</ele>
        <time>2015-10-10T10:27:20Z</time>
      </trkpt>
      <trkpt lat="46.416128" lon="23.483868">
        <ele>1152.964</ele>
        <time>2015-10-10T10:27:28Z</time>
      </trkpt>
      <trkpt lat="46.416098" lon="23.483991">
        <ele>1153.034</ele>
        <time>2015-10-10T10:27:36Z</time>
      </trkpt>
      <trkpt lat="46.416053" lon="23.484105">
        <ele>1153.258</ele>
        <time>2015-10-10T10:27:44Z</time>
      </trkpt>
      <trkpt lat="46.415993" lon="23.484188">
        <ele>1153.452</ele>
        <time>2015-10-10T10:27:53Z</time>
      </trkpt>
      <trkpt lat="46.415899" lon="23.484181">
        <ele>1153.717</ele>
        <time>2015-10-10T10:28:02Z</time>
      </trkpt>
      <trkpt lat="46.415818" lon="23.484185">
        <ele>1154.008</ele>
        <time>2015-10-10T10:28:11Z</time>
      </trkpt>
      <trkpt lat="46.415743" lon="23.484238">
        <ele>1154.166</ele>
        <time>2015-10-10T10:28:19Z</time>
      </trkpt>
      <trkpt lat="46.415670" lon="23.484294">
        <ele>1154.162</ele>
        <time>2015-10-10T10:28:25Z</time>
      </trkpt>
      <trkpt lat="46.415605" lon="23.484370">
        <ele>1154.196</ele>
        <time>2015-10-10T10:28:33Z</time>
      </trkpt>
      <trkpt lat="46.415521" lon="23.484396">
        <ele>1154.934</ele>
        <time>2015-10-10T10:28:40Z</time>
      </trkpt>
      <trkpt lat="46.415440" lon="23.484426">
        <ele>1156.346</ele>
        <time>2015-10-10T10:28:48Z</time>
      </trkpt>
      <trkpt lat="46.415391" lon="23.484528">
        <ele>1156.066</ele>
        <time>2015-10-10T10:28:57Z</time>
      </trkpt>
      <trkpt lat="46.415346" lon="23.484630">
        <ele>1155.442</ele>
        <time>2015-10-10T10:29:04Z</time>
      </trkpt>
      <trkpt lat="46.415298" lon="23.484746">
        <ele>1154.532</ele>
        <time>2015-10-10T10:29:13Z</time>
      </trkpt>
      <trkpt lat="46.415250" lon="23.484853">
        <ele>1154.071</ele>
        <time>2015-10-10T10:29:20Z</time>
      </trkpt>
      <trkpt lat="46.415193" lon="23.484960">
        <ele>1153.741</ele>
        <time>2015-10-10T10:29:27Z</time>
      </trkpt>
      <trkpt lat="46.415158" lon="23.485068">
        <ele>1152.915</ele>
        <time>2015-10-10T10:29:34Z</time>
      </trkpt>
      <trkpt lat="46.415095" lon="23.485143">
        <ele>1152.708</ele>
        <time>2015-10-10T10:29:43Z</time>
      </trkpt>
      <trkpt lat="46.415015" lon="23.485178">
        <ele>1153.368</ele>
        <time>2015-10-10T10:29:52Z</time>
      </trkpt>
      <trkpt lat="46.414948" lon="23.485251">
        <ele>1153.194</ele>
        <time>2015-10-10T10:29:58Z</time>
      </trkpt>
      <trkpt lat="46.414896" lon="23.485346">
        <ele>1152.478</ele>
        <time>2015-10-10T10:30:04Z</time>
      </trkpt>
      <trkpt lat="46.414851" lon="23.485464">
        <ele>1151.116</ele>
        <time>2015-10-10T10:30:12Z</time>
      </trkpt>
      <trkpt lat="46.414830" lon="23.485603">
        <ele>1149.078</ele>
        <time>2015-10-10T10:30:19Z</time>
      </trkpt>
      <trkpt lat="46.414818" lon="23.485728">
        <ele>1146.928</ele>
        <time>2015-10-10T10:30:26Z</time>
      </trkpt>
      <trkpt lat="46.414816" lon="23.485851">
        <ele>1144.754</ele>
        <time>2015-10-10T10:30:34Z</time>
      </trkpt>
      <trkpt lat="46.414836" lon="23.485980">
        <ele>1142.484</ele>
        <time>2015-10-10T10:30:42Z</time>
      </trkpt>
      <trkpt lat="46.414810" lon="23.486093">
        <ele>1141.025</ele>
        <time>2015-10-10T10:30:58Z</time>
      </trkpt>
      <trkpt lat="46.414828" lon="23.486215">
        <ele>1139.226</ele>
        <time>2015-10-10T10:31:32Z</time>
      </trkpt>
      <trkpt lat="46.414818" lon="23.486346">
        <ele>1137.808</ele>
        <time>2015-10-10T10:31:41Z</time>
      </trkpt>
      <trkpt lat="46.414800" lon="23.486463">
        <ele>1136.508</ele>
        <time>2015-10-10T10:31:50Z</time>
      </trkpt>
      <trkpt lat="46.414795" lon="23.486584">
        <ele>1134.763</ele>
        <time>2015-10-10T10:31:58Z</time>
      </trkpt>
      <trkpt lat="46.414816" lon="23.486711">
        <ele>1132.379</ele>
        <time>2015-10-10T10:32:03Z</time>
      </trkpt>
      <trkpt lat="46.414819" lon="23.486833">
        <ele>1130.533</ele>
        <time>2015-10-10T10:32:09Z</time>
      </trkpt>
      <trkpt lat="46.414858" lon="23.486943">
        <ele>1128.131</ele>
        <time>2015-10-10T10:32:19Z</time>
      </trkpt>
      <trkpt lat="46.414890" lon="23.487051">
        <ele>1125.763</ele>
        <time>2015-10-10T10:32:29Z</time>
      </trkpt>
      <trkpt lat="46.414921" lon="23.487160">
        <ele>1123.493</ele>
        <time>2015-10-10T10:32:41Z</time>
      </trkpt>
      <trkpt lat="46.414970" lon="23.487258">
        <ele>1120.969</ele>
        <time>2015-10-10T10:32:48Z</time>
      </trkpt>
      <trkpt lat="46.414986" lon="23.487381">
        <ele>1118.419</ele>
        <time>2015-10-10T10:32:58Z</time>
      </trkpt>
      <trkpt lat="46.415051" lon="23.487458">
        <ele>1116.484</ele>
        <time>2015-10-10T10:33:07Z</time>
      </trkpt>
      <trkpt lat="46.415086" lon="23.487580">
        <ele>1114.107</ele>
        <time>2015-10-10T10:33:16Z</time>
      </trkpt>
      <trkpt lat="46.415068" lon="23.487696">
        <ele>1112.317</ele>
        <time>2015-10-10T10:33:27Z</time>
      </trkpt>
      <trkpt lat="46.415018" lon="23.487800">
        <ele>1110.808</ele>
        <time>2015-10-10T10:33:38Z</time>
      </trkpt>
      <trkpt lat="46.414976" lon="23.487911">
        <ele>1110.569</ele>
        <time>2015-10-10T10:33:48Z</time>
      </trkpt>
      <trkpt lat="46.414909" lon="23.487995">
        <ele>1111.145</ele>
        <time>2015-10-10T10:33:55Z</time>
      </trkpt>
      <trkpt lat="46.414856" lon="23.488105">
        <ele>1111.279</ele>
        <time>2015-10-10T10:34:03Z</time>
      </trkpt>
      <trkpt lat="46.414823" lon="23.488216">
        <ele>1110.917</ele>
        <time>2015-10-10T10:34:10Z</time>
      </trkpt>
      <trkpt lat="46.414818" lon="23.488338">
        <ele>1109.929</ele>
        <time>2015-10-10T10:34:18Z</time>
      </trkpt>
      <trkpt lat="46.414818" lon="23.488464">
        <ele>1108.929</ele>
        <time>2015-10-10T10:34:28Z</time>
      </trkpt>
      <trkpt lat="46.414816" lon="23.488590">
        <ele>1107.835</ele>
        <time>2015-10-10T10:34:38Z</time>
      </trkpt>
      <trkpt lat="46.414804" lon="23.488715">
        <ele>1106.765</ele>
        <time>2015-10-10T10:34:45Z</time>
      </trkpt>
      <trkpt lat="46.414785" lon="23.488833">
        <ele>1105.669</ele>
        <time>2015-10-10T10:34:55Z</time>
      </trkpt>
      <trkpt lat="46.414768" lon="23.488948">
        <ele>1104.604</ele>
        <time>2015-10-10T10:35:04Z</time>
      </trkpt>
      <trkpt lat="46.414733" lon="23.489063">
        <ele>1103.824</ele>
        <time>2015-10-10T10:35:13Z</time>
      </trkpt>
      <trkpt lat="46.414720" lon="23.489190">
        <ele>1102.808</ele>
        <time>2015-10-10T10:35:21Z</time>
      </trkpt>
      <trkpt lat="46.414720" lon="23.489311">
        <ele>1101.587</ele>
        <time>2015-10-10T10:35:28Z</time>
      </trkpt>
      <trkpt lat="46.414716" lon="23.489436">
        <ele>1100.253</ele>
        <time>2015-10-10T10:35:37Z</time>
      </trkpt>
      <trkpt lat="46.414703" lon="23.489563">
        <ele>1098.987</ele>
        <time>2015-10-10T10:35:45Z</time>
      </trkpt>
      <trkpt lat="46.414691" lon="23.489696">
        <ele>1097.585</ele>
        <time>2015-10-10T10:35:52Z</time>
      </trkpt>
      <trkpt lat="46.414700" lon="23.489816">
        <ele>1095.557</ele>
        <time>2015-10-10T10:35:59Z</time>
      </trkpt>
      <trkpt lat="46.414725" lon="23.489938">
        <ele>1093.127</ele>
        <time>2015-10-10T10:36:06Z</time>
      </trkpt>
      <trkpt lat="46.414708" lon="23.490054">
        <ele>1090.883</ele>
        <time>2015-10-10T10:36:14Z</time>
      </trkpt>
      <trkpt lat="46.414636" lon="23.490123">
        <ele>1090.093</ele>
        <time>2015-10-10T10:36:21Z</time>
      </trkpt>
      <trkpt lat="46.414560" lon="23.490163">
        <ele>1090.076</ele>
        <time>2015-10-10T10:36:28Z</time>
      </trkpt>
      <trkpt lat="46.414483" lon="23.490213">
        <ele>1089.990</ele>
        <time>2015-10-10T10:36:35Z</time>
      </trkpt>
      <trkpt lat="46.414391" lon="23.490236">
        <ele>1090.319</ele>
        <time>2015-10-10T10:36:42Z</time>
      </trkpt>
      <trkpt lat="46.414301" lon="23.490265">
        <ele>1090.308</ele>
        <time>2015-10-10T10:36:50Z</time>
      </trkpt>
      <trkpt lat="46.414216" lon="23.490289">
        <ele>1090.528</ele>
        <time>2015-10-10T10:36:56Z</time>
      </trkpt>
      <trkpt lat="46.414155" lon="23.490381">
        <ele>1089.654</ele>
        <time>2015-10-10T10:37:05Z</time>
      </trkpt>
      <trkpt lat="46.414118" lon="23.490486">
        <ele>1088.288</ele>
        <time>2015-10-10T10:37:14Z</time>
      </trkpt>
      <trkpt lat="46.414080" lon="23.490591">
        <ele>1086.846</ele>
        <time>2015-10-10T10:37:20Z</time>
      </trkpt>
      <trkpt lat="46.414040" lon="23.490706">
        <ele>1085.298</ele>
        <time>2015-10-10T10:37:27Z</time>
      </trkpt>
      <trkpt lat="46.413966" lon="23.490783">
        <ele>1084.868</ele>
        <time>2015-10-10T10:37:34Z</time>
      </trkpt>
      <trkpt lat="46.413888" lon="23.490821">
        <ele>1085.194</ele>
        <time>2015-10-10T10:37:41Z</time>
      </trkpt>
      <trkpt lat="46.413808" lon="23.490881">
        <ele>1084.874</ele>
        <time>2015-10-10T10:37:49Z</time>
      </trkpt>
      <trkpt lat="46.413720" lon="23.490903">
        <ele>1085.038</ele>
        <time>2015-10-10T10:37:57Z</time>
      </trkpt>
      <trkpt lat="46.413646" lon="23.490966">
        <ele>1084.970</ele>
        <time>2015-10-10T10:38:05Z</time>
      </trkpt>
      <trkpt lat="46.413565" lon="23.491000">
        <ele>1084.717</ele>
        <time>2015-10-10T10:38:12Z</time>
      </trkpt>
      <trkpt lat="46.413476" lon="23.491003">
        <ele>1084.508</ele>
        <time>2015-10-10T10:38:21Z</time>
      </trkpt>
      <trkpt lat="46.413388" lon="23.491023">
        <ele>1084.144</ele>
        <time>2015-10-10T10:38:32Z</time>
      </trkpt>
      <trkpt lat="46.413303" lon="23.490979">
        <ele>1084.670</ele>
        <time>2015-10-10T10:38:39Z</time>
      </trkpt>
      <trkpt lat="46.413226" lon="23.490940">
        <ele>1085.574</ele>
        <time>2015-10-10T10:38:44Z</time>
      </trkpt>
      <trkpt lat="46.413145" lon="23.490900">
        <ele>1086.552</ele>
        <time>2015-10-10T10:38:51Z</time>
      </trkpt>
      <trkpt lat="46.413051" lon="23.490900">
        <ele>1087.194</ele>
        <time>2015-10-10T10:38:59Z</time>
      </trkpt>
      <trkpt lat="46.412966" lon="23.490916">
        <ele>1088.284</ele>
        <time>2015-10-10T10:39:07Z</time>
      </trkpt>
      <trkpt lat="46.412883" lon="23.490928">
        <ele>1089.390</ele>
        <time>2015-10-10T10:39:26Z</time>
      </trkpt>
      <trkpt lat="46.412810" lon="23.490991">
        <ele>1089.190</ele>
        <time>2015-10-10T10:39:59Z</time>
      </trkpt>
      <trkpt lat="46.412725" lon="23.491033">
        <ele>1089.763</ele>
        <time>2015-10-10T10:40:07Z</time>
      </trkpt>
      <trkpt lat="46.412646" lon="23.491073">
        <ele>1090.344</ele>
        <time>2015-10-10T10:40:13Z</time>
      </trkpt>
      <trkpt lat="46.412573" lon="23.491128">
        <ele>1090.418</ele>
        <time>2015-10-10T10:40:21Z</time>
      </trkpt>
      <trkpt lat="46.412498" lon="23.491185">
        <ele>1091.008</ele>
        <time>2015-10-10T10:40:29Z</time>
      </trkpt>
      <trkpt lat="46.412428" lon="23.491245">
        <ele>1091.427</ele>
        <time>2015-10-10T10:40:36Z</time>
      </trkpt>
      <trkpt lat="46.412383" lon="23.491350">
        <ele>1091.073</ele>
        <time>2015-10-10T10:40:45Z</time>
      </trkpt>
      <trkpt lat="46.412338" lon="23.491456">
        <ele>1091.397</ele>
        <time>2015-10-10T10:40:52Z</time>
      </trkpt>
      <trkpt lat="46.412303" lon="23.491573">
        <ele>1091.645</ele>
        <time>2015-10-10T10:40:59Z</time>
      </trkpt>
      <trkpt lat="46.412278" lon="23.491694">
        <ele>1091.617</ele>
        <time>2015-10-10T10:41:08Z</time>
      </trkpt>
      <trkpt lat="46.412225" lon="23.491798">
        <ele>1092.037</ele>
        <time>2015-10-10T10:41:15Z</time>
      </trkpt>
      <trkpt lat="46.412175" lon="23.491896">
        <ele>1091.873</ele>
        <time>2015-10-10T10:41:23Z</time>
      </trkpt>
      <trkpt lat="46.412128" lon="23.491993">
        <ele>1092.043</ele>
        <time>2015-10-10T10:41:30Z</time>
      </trkpt>
      <trkpt lat="46.412073" lon="23.492098">
        <ele>1092.681</ele>
        <time>2015-10-10T10:41:40Z</time>
      </trkpt>
      <trkpt lat="46.412006" lon="23.492183">
        <ele>1093.361</ele>
        <time>2015-10-10T10:41:48Z</time>
      </trkpt>
      <trkpt lat="46.411960" lon="23.492293">
        <ele>1094.117</ele>
        <time>2015-10-10T10:41:56Z</time>
      </trkpt>
      <trkpt lat="46.411913" lon="23.492391">
        <ele>1094.908</ele>
        <time>2015-10-10T10:42:05Z</time>
      </trkpt>
      <trkpt lat="46.411903" lon="23.492508">
        <ele>1095.389</ele>
        <time>2015-10-10T10:42:12Z</time>
      </trkpt>
      <trkpt lat="46.411829" lon="23.492560">
        <ele>1095.565</ele>
        <time>2015-10-10T10:42:19Z</time>
      </trkpt>
      <trkpt lat="46.411745" lon="23.492545">
        <ele>1096.279</ele>
        <time>2015-10-10T10:42:27Z</time>
      </trkpt>
      <trkpt lat="46.411651" lon="23.492558">
        <ele>1096.737</ele>
        <time>2015-10-10T10:42:36Z</time>
      </trkpt>
      <trkpt lat="46.411563" lon="23.492576">
        <ele>1097.219</ele>
        <time>2015-10-10T10:42:43Z</time>
      </trkpt>
      <trkpt lat="46.411481" lon="23.492578">
        <ele>1097.819</ele>
        <time>2015-10-10T10:42:51Z</time>
      </trkpt>
      <trkpt lat="46.411401" lon="23.492545">
        <ele>1098.625</ele>
        <time>2015-10-10T10:43:01Z</time>
      </trkpt>
      <trkpt lat="46.411316" lon="23.492560">
        <ele>1098.735</ele>
        <time>2015-10-10T10:43:51Z</time>
      </trkpt>
      <trkpt lat="46.411231" lon="23.492578">
        <ele>1098.976</ele>
        <time>2015-10-10T10:44:00Z</time>
      </trkpt>
      <trkpt lat="46.411141" lon="23.492598">
        <ele>1099.290</ele>
        <time>2015-10-10T10:44:07Z</time>
      </trkpt>
      <trkpt lat="46.411053" lon="23.492583">
        <ele>1099.419</ele>
        <time>2015-10-10T10:44:14Z</time>
      </trkpt>
      <trkpt lat="46.410973" lon="23.492616">
        <ele>1099.808</ele>
        <time>2015-10-10T10:44:20Z</time>
      </trkpt>
      <trkpt lat="46.410888" lon="23.492636">
        <ele>1100.348</ele>
        <time>2015-10-10T10:44:28Z</time>
      </trkpt>
      <trkpt lat="46.410821" lon="23.492565">
        <ele>1099.894</ele>
        <time>2015-10-10T10:44:35Z</time>
      </trkpt>
      <trkpt lat="46.410761" lon="23.492476">
        <ele>1099.228</ele>
        <time>2015-10-10T10:44:42Z</time>
      </trkpt>
      <trkpt lat="46.410676" lon="23.492428">
        <ele>1099.266</ele>
        <time>2015-10-10T10:44:50Z</time>
      </trkpt>
      <trkpt lat="46.410603" lon="23.492373">
        <ele>1098.978</ele>
        <time>2015-10-10T10:44:57Z</time>
      </trkpt>
      <trkpt lat="46.410515" lon="23.492335">
        <ele>1099.218</ele>
        <time>2015-10-10T10:45:04Z</time>
      </trkpt>
      <trkpt lat="46.410435" lon="23.492281">
        <ele>1099.664</ele>
        <time>2015-10-10T10:45:12Z</time>
      </trkpt>
      <trkpt lat="46.410369" lon="23.492208">
        <ele>1099.614</ele>
        <time>2015-10-10T10:45:19Z</time>
      </trkpt>
      <trkpt lat="46.410300" lon="23.492146">
        <ele>1100.481</ele>
        <time>2015-10-10T10:45:27Z</time>
      </trkpt>
      <trkpt lat="46.410225" lon="23.492086">
        <ele>1101.661</ele>
        <time>2015-10-10T10:45:38Z</time>
      </trkpt>
      <trkpt lat="46.410146" lon="23.492020">
        <ele>1102.817</ele>
        <time>2015-10-10T10:45:49Z</time>
      </trkpt>
      <trkpt lat="46.410086" lon="23.491933">
        <ele>1103.408</ele>
        <time>2015-10-10T10:45:58Z</time>
      </trkpt>
      <trkpt lat="46.410015" lon="23.491856">
        <ele>1103.839</ele>
        <time>2015-10-10T10:46:04Z</time>
      </trkpt>
      <trkpt lat="46.409945" lon="23.491795">
        <ele>1105.035</ele>
        <time>2015-10-10T10:46:11Z</time>
      </trkpt>
      <trkpt lat="46.409871" lon="23.491723">
        <ele>1106.399</ele>
        <time>2015-10-10T10:46:21Z</time>
      </trkpt>
      <trkpt lat="46.409811" lon="23.491636">
        <ele>1107.227</ele>
        <time>2015-10-10T10:46:29Z</time>
      </trkpt>
      <trkpt lat="46.409739" lon="23.491563">
        <ele>1108.519</ele>
        <time>2015-10-10T10:46:36Z</time>
      </trkpt>
      <trkpt lat="46.409665" lon="23.491506">
        <ele>1109.929</ele>
        <time>2015-10-10T10:46:43Z</time>
      </trkpt>
      <trkpt lat="46.409588" lon="23.491448">
        <ele>1111.525</ele>
        <time>2015-10-10T10:46:52Z</time>
      </trkpt>
      <trkpt lat="46.409526" lon="23.491356">
        <ele>1112.715</ele>
        <time>2015-10-10T10:47:01Z</time>
      </trkpt>
      <trkpt lat="46.409465" lon="23.491270">
        <ele>1114.595</ele>
        <time>2015-10-10T10:47:15Z</time>
      </trkpt>
      <trkpt lat="46.409385" lon="23.491225">
        <ele>1116.149</ele>
        <time>2015-10-10T10:47:24Z</time>
      </trkpt>
      <trkpt lat="46.409311" lon="23.491173">
        <ele>1117.423</ele>
        <time>2015-10-10T10:47:34Z</time>
      </trkpt>
      <trkpt lat="46.409233" lon="23.491133">
        <ele>1118.808</ele>
        <time>2015-10-10T10:47:42Z</time>
      </trkpt>
      <trkpt lat="46.409148" lon="23.491103">
        <ele>1120.340</ele>
        <time>2015-10-10T10:47:55Z</time>
      </trkpt>
      <trkpt lat="46.409068" lon="23.491073">
        <ele>1121.476</ele>
        <time>2015-10-10T10:48:07Z</time>
      </trkpt>
      <trkpt lat="46.408995" lon="23.491016">
        <ele>1122.580</ele>
        <time>2015-10-10T10:48:20Z</time>
      </trkpt>
      <trkpt lat="46.408918" lon="23.490965">
        <ele>1123.338</ele>
        <time>2015-10-10T10:48:30Z</time>
      </trkpt>
      <trkpt lat="46.408839" lon="23.490933">
        <ele>1124.070</ele>
        <time>2015-10-10T10:48:37Z</time>
      </trkpt>
      <trkpt lat="46.408755" lon="23.490891">
        <ele>1124.640</ele>
        <time>2015-10-10T10:48:47Z</time>
      </trkpt>
      <trkpt lat="46.408673" lon="23.490886">
        <ele>1125.086</ele>
        <time>2015-10-10T10:48:57Z</time>
      </trkpt>
      <trkpt lat="46.408598" lon="23.490828">
        <ele>1125.226</ele>
        <time>2015-10-10T10:49:17Z</time>
      </trkpt>
      <trkpt lat="46.408513" lon="23.490801">
        <ele>1126.023</ele>
        <time>2015-10-10T10:49:25Z</time>
      </trkpt>
      <trkpt lat="46.408429" lon="23.490773">
        <ele>1126.783</ele>
        <time>2015-10-10T10:49:33Z</time>
      </trkpt>
      <trkpt lat="46.408343" lon="23.490745">
        <ele>1127.311</ele>
        <time>2015-10-10T10:49:41Z</time>
      </trkpt>
      <trkpt lat="46.408256" lon="23.490721">
        <ele>1128.308</ele>
        <time>2015-10-10T10:49:49Z</time>
      </trkpt>
      <trkpt lat="46.408176" lon="23.490685">
        <ele>1129.273</ele>
        <time>2015-10-10T10:49:58Z</time>
      </trkpt>
      <trkpt lat="46.408086" lon="23.490681">
        <ele>1130.149</ele>
        <time>2015-10-10T10:50:07Z</time>
      </trkpt>
      <trkpt lat="46.408001" lon="23.490685">
        <ele>1131.343</ele>
        <time>2015-10-10T10:50:15Z</time>
      </trkpt>
      <trkpt lat="46.407920" lon="23.490645">
        <ele>1132.351</ele>
        <time>2015-10-10T10:50:22Z</time>
      </trkpt>
      <trkpt lat="46.407840" lon="23.490613">
        <ele>1133.083</ele>
        <time>2015-10-10T10:50:29Z</time>
      </trkpt>
      <trkpt lat="46.407756" lon="23.490598">
        <ele>1133.863</ele>
        <time>2015-10-10T10:50:39Z</time>
      </trkpt>
      <trkpt lat="46.407670" lon="23.490570">
        <ele>1134.029</ele>
        <time>2015-10-10T10:50:47Z</time>
      </trkpt>
      <trkpt lat="46.407595" lon="23.490513">
        <ele>1134.259</ele>
        <time>2015-10-10T10:50:54Z</time>
      </trkpt>
      <trkpt lat="46.407515" lon="23.490471">
        <ele>1134.674</ele>
        <time>2015-10-10T10:51:02Z</time>
      </trkpt>
      <trkpt lat="46.407426" lon="23.490445">
        <ele>1134.656</ele>
        <time>2015-10-10T10:51:12Z</time>
      </trkpt>
      <trkpt lat="46.407340" lon="23.490416">
        <ele>1134.221</ele>
        <time>2015-10-10T10:51:20Z</time>
      </trkpt>
      <trkpt lat="46.407255" lon="23.490409">
        <ele>1134.008</ele>
        <time>2015-10-10T10:51:27Z</time>
      </trkpt>
      <trkpt lat="46.407169" lon="23.490396">
        <ele>1135.158</ele>
        <time>2015-10-10T10:51:35Z</time>
      </trkpt>
      <trkpt lat="46.407083" lon="23.490411">
        <ele>1137.414</ele>
        <time>2015-10-10T10:51:45Z</time>
      </trkpt>
      <trkpt lat="46.406993" lon="23.490421">
        <ele>1139.888</ele>
        <time>2015-10-10T10:51:56Z</time>
      </trkpt>
      <trkpt lat="46.406911" lon="23.490400">
        <ele>1141.956</ele>
        <time>2015-10-10T10:52:03Z</time>
      </trkpt>
      <trkpt lat="46.406828" lon="23.490370">
        <ele>1144.258</ele>
        <time>2015-10-10T10:52:11Z</time>
      </trkpt>
      <trkpt lat="46.406749" lon="23.490328">
        <ele>1146.158</ele>
        <time>2015-10-10T10:52:18Z</time>
      </trkpt>
      <trkpt lat="46.406661" lon="23.490301">
        <ele>1148.454</ele>
        <time>2015-10-10T10:52:28Z</time>
      </trkpt>
      <trkpt lat="46.406578" lon="23.490303">
        <ele>1150.194</ele>
        <time>2015-10-10T10:52:37Z</time>
      </trkpt>
      <trkpt lat="46.406496" lon="23.490283">
        <ele>1151.769</ele>
        <time>2015-10-10T10:52:47Z</time>
      </trkpt>
      <trkpt lat="46.406411" lon="23.490286">
        <ele>1153.604</ele>
        <time>2015-10-10T10:52:57Z</time>
      </trkpt>
      <trkpt lat="46.406326" lon="23.490280">
        <ele>1154.024</ele>
        <time>2015-10-10T10:53:09Z</time>
      </trkpt>
      <trkpt lat="46.406243" lon="23.490271">
        <ele>1154.108</ele>
        <time>2015-10-10T10:53:19Z</time>
      </trkpt>
      <trkpt lat="46.406158" lon="23.490338">
        <ele>1154.857</ele>
        <time>2015-10-10T10:56:03Z</time>
      </trkpt>
      <trkpt lat="46.406073" lon="23.490310">
        <ele>1155.093</ele>
        <time>2015-10-10T10:56:15Z</time>
      </trkpt>
      <trkpt lat="46.405986" lon="23.490313">
        <ele>1156.277</ele>
        <time>2015-10-10T10:56:23Z</time>
      </trkpt>
      <trkpt lat="46.405903" lon="23.490318">
        <ele>1157.465</ele>
        <time>2015-10-10T10:56:31Z</time>
      </trkpt>
      <trkpt lat="46.405813" lon="23.490318">
        <ele>1158.437</ele>
        <time>2015-10-10T10:56:38Z</time>
      </trkpt>
      <trkpt lat="46.405725" lon="23.490289">
        <ele>1158.887</ele>
        <time>2015-10-10T10:56:46Z</time>
      </trkpt>
      <trkpt lat="46.405643" lon="23.490311">
        <ele>1159.393</ele>
        <time>2015-10-10T10:56:57Z</time>
      </trkpt>
      <trkpt lat="46.405555" lon="23.490336">
        <ele>1159.653</ele>
        <time>2015-10-10T10:57:06Z</time>
      </trkpt>
      <trkpt lat="46.405473" lon="23.490351">
        <ele>1159.086</ele>
        <time>2015-10-10T10:57:16Z</time>
      </trkpt>
      <trkpt lat="46.405390" lon="23.490370">
        <ele>1158.360</ele>
        <time>2015-10-10T10:57:25Z</time>
      </trkpt>
      <trkpt lat="46.405305" lon="23.490405">
        <ele>1157.726</ele>
        <time>2015-10-10T10:57:35Z</time>
      </trkpt>
      <trkpt lat="46.405233" lon="23.490481">
        <ele>1156.908</ele>
        <time>2015-10-10T10:57:44Z</time>
      </trkpt>
      <trkpt lat="46.405148" lon="23.490463">
        <ele>1156.449</ele>
        <time>2015-10-10T10:57:52Z</time>
      </trkpt>
      <trkpt lat="46.405054" lon="23.490493">
        <ele>1155.615</ele>
        <time>2015-10-10T10:57:59Z</time>
      </trkpt>
      <trkpt lat="46.404968" lon="23.490501">
        <ele>1154.789</ele>
        <time>2015-10-10T10:58:06Z</time>
      </trkpt>
      <trkpt lat="46.404874" lon="23.490536">
        <ele>1152.997</ele>
        <time>2015-10-10T10:58:12Z</time>
      </trkpt>
      <trkpt lat="46.404793" lon="23.490543">
        <ele>1151.469</ele>
        <time>2015-10-10T10:58:21Z</time>
      </trkpt>
      <trkpt lat="46.404709" lon="23.490565">
        <ele>1149.999</ele>
        <time>2015-10-10T10:58:29Z</time>
      </trkpt>
      <trkpt lat="46.404618" lon="23.490601">
        <ele>1149.165</ele>
        <time>2015-10-10T10:58:37Z</time>
      </trkpt>
      <trkpt lat="46.404533" lon="23.490618">
        <ele>1148.135</ele>
        <time>2015-10-10T10:58:42Z</time>
      </trkpt>
      <trkpt lat="46.404450" lon="23.490630">
        <ele>1147.111</ele>
        <time>2015-10-10T10:58:49Z</time>
      </trkpt>
      <trkpt lat="46.404363" lon="23.490648">
        <ele>1145.521</ele>
        <time>2015-10-10T10:58:56Z</time>
      </trkpt>
      <trkpt lat="46.404273" lon="23.490670">
        <ele>1143.903</ele>
        <time>2015-10-10T10:59:03Z</time>
      </trkpt>
      <trkpt lat="46.404196" lon="23.490726">
        <ele>1142.508</ele>
        <time>2015-10-10T10:59:11Z</time>
      </trkpt>
      <trkpt lat="46.404113" lon="23.490736">
        <ele>1141.072</ele>
        <time>2015-10-10T10:59:18Z</time>
      </trkpt>
      <trkpt lat="46.404030" lon="23.490771">
        <ele>1139.368</ele>
        <time>2015-10-10T10:59:36Z</time>
      </trkpt>
      <trkpt lat="46.403946" lon="23.490786">
        <ele>1137.562</ele>
        <time>2015-10-10T10:59:55Z</time>
      </trkpt>
      <trkpt lat="46.403863" lon="23.490818">
        <ele>1135.740</ele>
        <time>2015-10-10T11:00:04Z</time>
      </trkpt>
      <trkpt lat="46.403776" lon="23.490813">
        <ele>1134.592</ele>
        <time>2015-10-10T11:00:13Z</time>
      </trkpt>
      <trkpt lat="46.403691" lon="23.490808">
        <ele>1133.372</ele>
        <time>2015-10-10T11:00:22Z</time>
      </trkpt>
      <trkpt lat="46.403598" lon="23.490808">
        <ele>1132.238</ele>
        <time>2015-10-10T11:00:29Z</time>
      </trkpt>
      <trkpt lat="46.403515" lon="23.490811">
        <ele>1132.128</ele>
        <time>2015-10-10T11:00:34Z</time>
      </trkpt>
      <trkpt lat="46.403426" lon="23.490863">
        <ele>1132.269</ele>
        <time>2015-10-10T11:00:39Z</time>
      </trkpt>
      <trkpt lat="46.403336" lon="23.490903">
        <ele>1132.304</ele>
        <time>2015-10-10T11:00:46Z</time>
      </trkpt>
      <trkpt lat="46.403251" lon="23.490920">
        <ele>1131.324</ele>
        <time>2015-10-10T11:00:53Z</time>
      </trkpt>
      <trkpt lat="46.403171" lon="23.490893">
        <ele>1130.308</ele>
        <time>2015-10-10T11:01:02Z</time>
      </trkpt>
      <trkpt lat="46.403085" lon="23.490911">
        <ele>1129.347</ele>
        <time>2015-10-10T11:01:09Z</time>
      </trkpt>
      <trkpt lat="46.403003" lon="23.490918">
        <ele>1128.063</ele>
        <time>2015-10-10T11:01:17Z</time>
      </trkpt>
      <trkpt lat="46.402923" lon="23.490946">
        <ele>1126.557</ele>
        <time>2015-10-10T11:01:25Z</time>
      </trkpt>
      <trkpt lat="46.402836" lon="23.490930">
        <ele>1124.865</ele>
        <time>2015-10-10T11:01:33Z</time>
      </trkpt>
      <trkpt lat="46.402746" lon="23.490916">
        <ele>1123.197</ele>
        <time>2015-10-10T11:01:41Z</time>
      </trkpt>
      <trkpt lat="46.402656" lon="23.490911">
        <ele>1121.867</ele>
        <time>2015-10-10T11:01:48Z</time>
      </trkpt>
      <trkpt lat="46.402573" lon="23.490915">
        <ele>1120.633</ele>
        <time>2015-10-10T11:01:56Z</time>
      </trkpt>
      <trkpt lat="46.402488" lon="23.490938">
        <ele>1119.783</ele>
        <time>2015-10-10T11:02:05Z</time>
      </trkpt>
      <trkpt lat="46.402400" lon="23.490963">
        <ele>1119.245</ele>
        <time>2015-10-10T11:02:13Z</time>
      </trkpt>
      <trkpt lat="46.402313" lon="23.490978">
        <ele>1118.747</ele>
        <time>2015-10-10T11:02:20Z</time>
      </trkpt>
      <trkpt lat="46.402231" lon="23.490948">
        <ele>1118.111</ele>
        <time>2015-10-10T11:02:26Z</time>
      </trkpt>
      <trkpt lat="46.402150" lon="23.490943">
        <ele>1117.208</ele>
        <time>2015-10-10T11:02:35Z</time>
      </trkpt>
      <trkpt lat="46.402066" lon="23.490933">
        <ele>1116.365</ele>
        <time>2015-10-10T11:02:44Z</time>
      </trkpt>
      <trkpt lat="46.401988" lon="23.490900">
        <ele>1115.521</ele>
        <time>2015-10-10T11:02:53Z</time>
      </trkpt>
      <trkpt lat="46.401910" lon="23.490844">
        <ele>1114.675</ele>
        <time>2015-10-10T11:03:01Z</time>
      </trkpt>
      <trkpt lat="46.401816" lon="23.490811">
        <ele>1113.743</ele>
        <time>2015-10-10T11:03:09Z</time>
      </trkpt>
      <trkpt lat="46.401723" lon="23.490810">
        <ele>1112.765</ele>
        <time>2015-10-10T11:03:16Z</time>
      </trkpt>
      <trkpt lat="46.401640" lon="23.490846">
        <ele>1111.935</ele>
        <time>2015-10-10T11:04:09Z</time>
      </trkpt>
      <trkpt lat="46.401550" lon="23.490868">
        <ele>1111.471</ele>
        <time>2015-10-10T11:04:17Z</time>
      </trkpt>
      <trkpt lat="46.401461" lon="23.490880">
        <ele>1110.821</ele>
        <time>2015-10-10T11:04:24Z</time>
      </trkpt>
      <trkpt lat="46.401371" lon="23.490886">
        <ele>1110.021</ele>
        <time>2015-10-10T11:04:31Z</time>
      </trkpt>
      <trkpt lat="46.401280" lon="23.490878">
        <ele>1109.341</ele>
        <time>2015-10-10T11:04:38Z</time>
      </trkpt>
      <trkpt lat="46.401196" lon="23.490916">
        <ele>1108.705</ele>
        <time>2015-10-10T11:04:45Z</time>
      </trkpt>
      <trkpt lat="46.401110" lon="23.490948">
        <ele>1108.008</ele>
        <time>2015-10-10T11:04:51Z</time>
      </trkpt>
      <trkpt lat="46.401033" lon="23.491006">
        <ele>1107.753</ele>
        <time>2015-10-10T11:04:57Z</time>
      </trkpt>
      <trkpt lat="46.400953" lon="23.491048">
        <ele>1107.139</ele>
        <time>2015-10-10T11:05:03Z</time>
      </trkpt>
      <trkpt lat="46.400871" lon="23.491101">
        <ele>1106.333</ele>
        <time>2015-10-10T11:05:13Z</time>
      </trkpt>
      <trkpt lat="46.400800" lon="23.491178">
        <ele>1106.841</ele>
        <time>2015-10-10T11:05:20Z</time>
      </trkpt>
      <trkpt lat="46.400721" lon="23.491236">
        <ele>1107.653</ele>
        <time>2015-10-10T11:05:28Z</time>
      </trkpt>
      <trkpt lat="46.400645" lon="23.491308">
        <ele>1108.023</ele>
        <time>2015-10-10T11:05:35Z</time>
      </trkpt>
      <trkpt lat="46.400560" lon="23.491348">
        <ele>1108.139</ele>
        <time>2015-10-10T11:05:42Z</time>
      </trkpt>
      <trkpt lat="46.400480" lon="23.491405">
        <ele>1108.439</ele>
        <time>2015-10-10T11:05:48Z</time>
      </trkpt>
      <trkpt lat="46.400390" lon="23.491456">
        <ele>1108.914</ele>
        <time>2015-10-10T11:05:55Z</time>
      </trkpt>
      <trkpt lat="46.400316" lon="23.491506">
        <ele>1109.054</ele>
        <time>2015-10-10T11:06:03Z</time>
      </trkpt>
      <trkpt lat="46.400236" lon="23.491541">
        <ele>1109.209</ele>
        <time>2015-10-10T11:06:10Z</time>
      </trkpt>
      <trkpt lat="46.400165" lon="23.491613">
        <ele>1109.208</ele>
        <time>2015-10-10T11:06:19Z</time>
      </trkpt>
      <trkpt lat="46.400094" lon="23.491683">
        <ele>1109.142</ele>
        <time>2015-10-10T11:06:28Z</time>
      </trkpt>
      <trkpt lat="46.400008" lon="23.491709">
        <ele>1109.278</ele>
        <time>2015-10-10T11:06:36Z</time>
      </trkpt>
      <trkpt lat="46.399926" lon="23.491773">
        <ele>1108.682</ele>
        <time>2015-10-10T11:06:43Z</time>
      </trkpt>
      <trkpt lat="46.399858" lon="23.491838">
        <ele>1108.080</ele>
        <time>2015-10-10T11:06:49Z</time>
      </trkpt>
      <trkpt lat="46.399783" lon="23.491886">
        <ele>1107.062</ele>
        <time>2015-10-10T11:06:56Z</time>
      </trkpt>
      <trkpt lat="46.399725" lon="23.491978">
        <ele>1106.362</ele>
        <time>2015-10-10T11:07:03Z</time>
      </trkpt>
      <trkpt lat="46.399648" lon="23.492045">
        <ele>1105.298</ele>
        <time>2015-10-10T11:07:10Z</time>
      </trkpt>
      <trkpt lat="46.399575" lon="23.492096">
        <ele>1103.938</ele>
        <time>2015-10-10T11:07:20Z</time>
      </trkpt>
      <trkpt lat="46.399493" lon="23.492129">
        <ele>1102.168</ele>
        <time>2015-10-10T11:07:53Z</time>
      </trkpt>
      <trkpt lat="46.399411" lon="23.492146">
        <ele>1100.142</ele>
        <time>2015-10-10T11:08:02Z</time>
      </trkpt>
      <trkpt lat="46.399323" lon="23.492180">
        <ele>1097.626</ele>
        <time>2015-10-10T11:08:10Z</time>
      </trkpt>
      <trkpt lat="46.399248" lon="23.492231">
        <ele>1095.408</ele>
        <time>2015-10-10T11:08:18Z</time>
      </trkpt>
      <trkpt lat="46.399183" lon="23.492321">
        <ele>1093.547</ele>
        <time>2015-10-10T11:08:29Z</time>
      </trkpt>
      <trkpt lat="46.399113" lon="23.492398">
        <ele>1091.813</ele>
        <time>2015-10-10T11:08:38Z</time>
      </trkpt>
      <trkpt lat="46.399053" lon="23.492480">
        <ele>1090.547</ele>
        <time>2015-10-10T11:08:46Z</time>
      </trkpt>
      <trkpt lat="46.398966" lon="23.492504">
        <ele>1088.775</ele>
        <time>2015-10-10T11:14:16Z</time>
      </trkpt>
      <trkpt lat="46.398896" lon="23.492443">
        <ele>1087.017</ele>
        <time>2015-10-10T11:14:29Z</time>
      </trkpt>
      <trkpt lat="46.398841" lon="23.492353">
        <ele>1085.657</ele>
        <time>2015-10-10T11:14:37Z</time>
      </trkpt>
      <trkpt lat="46.398771" lon="23.492288">
        <ele>1084.113</ele>
        <time>2015-10-10T11:14:43Z</time>
      </trkpt>
      <trkpt lat="46.398695" lon="23.492233">
        <ele>1082.553</ele>
        <time>2015-10-10T11:14:50Z</time>
      </trkpt>
      <trkpt lat="46.398621" lon="23.492158">
        <ele>1081.061</ele>
        <time>2015-10-10T11:14:58Z</time>
      </trkpt>
      <trkpt lat="46.398533" lon="23.492128">
        <ele>1079.121</ele>
        <time>2015-10-10T11:15:07Z</time>
      </trkpt>
      <trkpt lat="46.398455" lon="23.492083">
        <ele>1077.413</ele>
        <time>2015-10-10T11:15:13Z</time>
      </trkpt>
      <trkpt lat="46.398386" lon="23.492003">
        <ele>1076.008</ele>
        <time>2015-10-10T11:15:20Z</time>
      </trkpt>
      <trkpt lat="46.398313" lon="23.491926">
        <ele>1074.697</ele>
        <time>2015-10-10T11:15:28Z</time>
      </trkpt>
      <trkpt lat="46.398261" lon="23.491816">
        <ele>1073.483</ele>
        <time>2015-10-10T11:15:35Z</time>
      </trkpt>
      <trkpt lat="46.398188" lon="23.491743">
        <ele>1071.917</ele>
        <time>2015-10-10T11:15:43Z</time>
      </trkpt>
      <trkpt lat="46.398109" lon="23.491676">
        <ele>1070.235</ele>
        <time>2015-10-10T11:15:52Z</time>
      </trkpt>
      <trkpt lat="46.398038" lon="23.491606">
        <ele>1069.087</ele>
        <time>2015-10-10T11:16:01Z</time>
      </trkpt>
      <trkpt lat="46.397953" lon="23.491563">
        <ele>1067.987</ele>
        <time>2015-10-10T11:16:08Z</time>
      </trkpt>
      <trkpt lat="46.397868" lon="23.491531">
        <ele>1066.873</ele>
        <time>2015-10-10T11:16:15Z</time>
      </trkpt>
      <trkpt lat="46.397781" lon="23.491503">
        <ele>1065.623</ele>
        <time>2015-10-10T11:16:23Z</time>
      </trkpt>
      <trkpt lat="46.397700" lon="23.491488">
        <ele>1065.012</ele>
        <time>2015-10-10T11:16:30Z</time>
      </trkpt>
      <trkpt lat="46.397623" lon="23.491421">
        <ele>1064.332</ele>
        <time>2015-10-10T11:16:38Z</time>
      </trkpt>
      <trkpt lat="46.397541" lon="23.491390">
        <ele>1063.405</ele>
        <time>2015-10-10T11:16:43Z</time>
      </trkpt>
      <trkpt lat="46.397451" lon="23.491343">
        <ele>1063.808</ele>
        <time>2015-10-10T11:16:52Z</time>
      </trkpt>
      <trkpt lat="46.397370" lon="23.491316">
        <ele>1065.172</ele>
        <time>2015-10-10T11:16:59Z</time>
      </trkpt>
      <trkpt lat="46.397331" lon="23.491201">
        <ele>1065.238</ele>
        <time>2015-10-10T11:17:06Z</time>
      </trkpt>
      <trkpt lat="46.397270" lon="23.491093">
        <ele>1065.342</ele>
        <time>2015-10-10T11:17:13Z</time>
      </trkpt>
      <trkpt lat="46.397209" lon="23.491013">
        <ele>1065.350</ele>
        <time>2015-10-10T11:17:19Z</time>
      </trkpt>
      <trkpt lat="46.397150" lon="23.490926">
        <ele>1066.132</ele>
        <time>2015-10-10T11:17:25Z</time>
      </trkpt>
      <trkpt lat="46.397096" lon="23.490838">
        <ele>1066.762</ele>
        <time>2015-10-10T11:17:31Z</time>
      </trkpt>
      <trkpt lat="46.397035" lon="23.490741">
        <ele>1068.118</ele>
        <time>2015-10-10T11:17:38Z</time>
      </trkpt>
      <trkpt lat="46.396968" lon="23.490646">
        <ele>1069.188</ele>
        <time>2015-10-10T11:17:45Z</time>
      </trkpt>
      <trkpt lat="46.396948" lon="23.490523">
        <ele>1068.721</ele>
        <time>2015-10-10T11:17:53Z</time>
      </trkpt>
      <trkpt lat="46.396906" lon="23.490420">
        <ele>1069.241</ele>
        <time>2015-10-10T11:18:00Z</time>
      </trkpt>
      <trkpt lat="46.396905" lon="23.490301">
        <ele>1068.305</ele>
        <time>2015-10-10T11:18:08Z</time>
      </trkpt>
      <trkpt lat="46.396883" lon="23.490186">
        <ele>1068.008</ele>
        <time>2015-10-10T11:18:15Z</time>
      </trkpt>
      <trkpt lat="46.396853" lon="23.490063">
        <ele>1067.633</ele>
        <time>2015-10-10T11:18:24Z</time>
      </trkpt>
      <trkpt lat="46.396789" lon="23.489973">
        <ele>1068.039</ele>
        <time>2015-10-10T11:18:33Z</time>
      </trkpt>
      <trkpt lat="46.396738" lon="23.489881">
        <ele>1067.593</ele>
        <time>2015-10-10T11:18:40Z</time>
      </trkpt>
      <trkpt lat="46.396676" lon="23.489786">
        <ele>1067.051</ele>
        <time>2015-10-10T11:18:47Z</time>
      </trkpt>
      <trkpt lat="46.396616" lon="23.489698">
        <ele>1067.383</ele>
        <time>2015-10-10T11:18:54Z</time>
      </trkpt>
      <trkpt lat="46.396558" lon="23.489596">
        <ele>1067.513</ele>
        <time>2015-10-10T11:19:01Z</time>
      </trkpt>
      <trkpt lat="46.396499" lon="23.489496">
        <ele>1067.769</ele>
        <time>2015-10-10T11:19:10Z</time>
      </trkpt>
      <trkpt lat="46.396443" lon="23.489401">
        <ele>1068.129</ele>
        <time>2015-10-10T11:19:18Z</time>
      </trkpt>
      <trkpt lat="46.396383" lon="23.489321">
        <ele>1068.994</ele>
        <time>2015-10-10T11:19:24Z</time>
      </trkpt>
      <trkpt lat="46.396338" lon="23.489214">
        <ele>1069.657</ele>
        <time>2015-10-10T11:19:32Z</time>
      </trkpt>
      <trkpt lat="46.396290" lon="23.489105">
        <ele>1070.222</ele>
        <time>2015-10-10T11:19:40Z</time>
      </trkpt>
      <trkpt lat="46.396235" lon="23.489010">
        <ele>1071.108</ele>
        <time>2015-10-10T11:19:48Z</time>
      </trkpt>
      <trkpt lat="46.396223" lon="23.488884">
        <ele>1069.980</ele>
        <time>2015-10-10T11:19:56Z</time>
      </trkpt>
      <trkpt lat="46.396216" lon="23.488761">
        <ele>1069.566</ele>
        <time>2015-10-10T11:20:03Z</time>
      </trkpt>
      <trkpt lat="46.396163" lon="23.488670">
        <ele>1070.450</ele>
        <time>2015-10-10T11:20:09Z</time>
      </trkpt>
      <trkpt lat="46.396101" lon="23.488584">
        <ele>1071.058</ele>
        <time>2015-10-10T11:20:15Z</time>
      </trkpt>
      <trkpt lat="46.396071" lon="23.488466">
        <ele>1070.230</ele>
        <time>2015-10-10T11:20:22Z</time>
      </trkpt>
      <trkpt lat="46.396045" lon="23.488344">
        <ele>1069.150</ele>
        <time>2015-10-10T11:20:29Z</time>
      </trkpt>
      <trkpt lat="46.395991" lon="23.488248">
        <ele>1068.976</ele>
        <time>2015-10-10T11:20:36Z</time>
      </trkpt>
      <trkpt lat="46.395958" lon="23.488139">
        <ele>1068.026</ele>
        <time>2015-10-10T11:20:43Z</time>
      </trkpt>
      <trkpt lat="46.395900" lon="23.488048">
        <ele>1067.445</ele>
        <time>2015-10-10T11:20:50Z</time>
      </trkpt>
      <trkpt lat="46.395830" lon="23.487976">
        <ele>1066.947</ele>
        <time>2015-10-10T11:20:55Z</time>
      </trkpt>
      <trkpt lat="46.395748" lon="23.487940">
        <ele>1068.311</ele>
        <time>2015-10-10T11:21:02Z</time>
      </trkpt>
      <trkpt lat="46.395660" lon="23.487916">
        <ele>1070.008</ele>
        <time>2015-10-10T11:21:10Z</time>
      </trkpt>
      <trkpt lat="46.395589" lon="23.487846">
        <ele>1070.985</ele>
        <time>2015-10-10T11:21:17Z</time>
      </trkpt>
      <trkpt lat="46.395536" lon="23.487753">
        <ele>1071.241</ele>
        <time>2015-10-10T11:21:26Z</time>
      </trkpt>
      <trkpt lat="46.395511" lon="23.487630">
        <ele>1070.435</ele>
        <time>2015-10-10T11:21:35Z</time>
      </trkpt>
      <trkpt lat="46.395478" lon="23.487511">
        <ele>1069.833</ele>
        <time>2015-10-10T11:21:44Z</time>
      </trkpt>
      <trkpt lat="46.395478" lon="23.487381">
        <ele>1068.955</ele>
        <time>2015-10-10T11:21:53Z</time>
      </trkpt>
      <trkpt lat="46.395450" lon="23.487256">
        <ele>1068.425</ele>
        <time>2015-10-10T11:22:00Z</time>
      </trkpt>
      <trkpt lat="46.395445" lon="23.487133">
        <ele>1067.731</ele>
        <time>2015-10-10T11:22:08Z</time>
      </trkpt>
      <trkpt lat="46.395423" lon="23.487016">
        <ele>1067.391</ele>
        <time>2015-10-10T11:22:15Z</time>
      </trkpt>
      <trkpt lat="46.395396" lon="23.486886">
        <ele>1066.814</ele>
        <time>2015-10-10T11:22:22Z</time>
      </trkpt>
      <trkpt lat="46.395373" lon="23.486771">
        <ele>1066.354</ele>
        <time>2015-10-10T11:22:29Z</time>
      </trkpt>
      <trkpt lat="46.395356" lon="23.486643">
        <ele>1065.809</ele>
        <time>2015-10-10T11:22:35Z</time>
      </trkpt>
      <trkpt lat="46.395356" lon="23.486511">
        <ele>1066.308</ele>
        <time>2015-10-10T11:22:43Z</time>
      </trkpt>
      <trkpt lat="46.395398" lon="23.486401">
        <ele>1066.522</ele>
        <time>2015-10-10T11:22:50Z</time>
      </trkpt>
      <trkpt lat="46.395348" lon="23.486296">
        <ele>1067.078</ele>
        <time>2015-10-10T11:23:19Z</time>
      </trkpt>
      <trkpt lat="46.395316" lon="23.486175">
        <ele>1067.592</ele>
        <time>2015-10-10T11:23:28Z</time>
      </trkpt>
      <trkpt lat="46.395311" lon="23.486038">
        <ele>1068.010</ele>
        <time>2015-10-10T11:23:39Z</time>
      </trkpt>
      <trkpt lat="46.395349" lon="23.485925">
        <ele>1068.222</ele>
        <time>2015-10-10T11:23:47Z</time>
      </trkpt>
      <trkpt lat="46.395374" lon="23.485801">
        <ele>1068.562</ele>
        <time>2015-10-10T11:23:54Z</time>
      </trkpt>
      <trkpt lat="46.395376" lon="23.485683">
        <ele>1069.458</ele>
        <time>2015-10-10T11:24:00Z</time>
      </trkpt>
      <trkpt lat="46.395385" lon="23.485558">
        <ele>1070.278</ele>
        <time>2015-10-10T11:24:07Z</time>
      </trkpt>
      <trkpt lat="46.395351" lon="23.485441">
        <ele>1071.958</ele>
        <time>2015-10-10T11:24:14Z</time>
      </trkpt>
      <trkpt lat="46.395331" lon="23.485309">
        <ele>1073.852</ele>
        <time>2015-10-10T11:24:22Z</time>
      </trkpt>
      <trkpt lat="46.395281" lon="23.485213">
        <ele>1075.917</ele>
        <time>2015-10-10T11:24:31Z</time>
      </trkpt>
      <trkpt lat="46.395206" lon="23.485151">
        <ele>1077.708</ele>
        <time>2015-10-10T11:24:39Z</time>
      </trkpt>
      <trkpt lat="46.395130" lon="23.485103">
        <ele>1079.326</ele>
        <time>2015-10-10T11:24:47Z</time>
      </trkpt>
      <trkpt lat="46.395055" lon="23.485053">
        <ele>1080.862</ele>
        <time>2015-10-10T11:24:59Z</time>
      </trkpt>
      <trkpt lat="46.394973" lon="23.485008">
        <ele>1082.246</ele>
        <time>2015-10-10T11:25:10Z</time>
      </trkpt>
      <trkpt lat="46.394888" lon="23.484973">
        <ele>1083.784</ele>
        <time>2015-10-10T11:25:23Z</time>
      </trkpt>
      <trkpt lat="46.394805" lon="23.484930">
        <ele>1085.156</ele>
        <time>2015-10-10T11:25:34Z</time>
      </trkpt>
      <trkpt lat="46.394725" lon="23.484906">
        <ele>1086.026</ele>
        <time>2015-10-10T11:25:46Z</time>
      </trkpt>
      <trkpt lat="46.394641" lon="23.484876">
        <ele>1086.752</ele>
        <time>2015-10-10T11:25:58Z</time>
      </trkpt>
      <trkpt lat="46.394561" lon="23.484851">
        <ele>1087.192</ele>
        <time>2015-10-10T11:26:10Z</time>
      </trkpt>
      <trkpt lat="46.394480" lon="23.484836">
        <ele>1087.524</ele>
        <time>2015-10-10T11:26:19Z</time>
      </trkpt>
      <trkpt lat="46.394401" lon="23.484781">
        <ele>1088.404</ele>
        <time>2015-10-10T11:26:27Z</time>
      </trkpt>
      <trkpt lat="46.394324" lon="23.484730">
        <ele>1089.314</ele>
        <time>2015-10-10T11:26:33Z</time>
      </trkpt>
      <trkpt lat="46.394251" lon="23.484668">
        <ele>1090.808</ele>
        <time>2015-10-10T11:26:42Z</time>
      </trkpt>
      <trkpt lat="46.394210" lon="23.484558">
        <ele>1092.513</ele>
        <time>2015-10-10T11:26:53Z</time>
      </trkpt>
      <trkpt lat="46.394173" lon="23.484446">
        <ele>1094.049</ele>
        <time>2015-10-10T11:27:01Z</time>
      </trkpt>
      <trkpt lat="46.394118" lon="23.484354">
        <ele>1096.883</ele>
        <time>2015-10-10T11:27:12Z</time>
      </trkpt>
      <trkpt lat="46.394033" lon="23.484301">
        <ele>1098.861</ele>
        <time>2015-10-10T11:27:35Z</time>
      </trkpt>
      <trkpt lat="46.393971" lon="23.484225">
        <ele>1100.743</ele>
        <time>2015-10-10T11:27:42Z</time>
      </trkpt>
      <trkpt lat="46.393903" lon="23.484146">
        <ele>1102.383</ele>
        <time>2015-10-10T11:27:56Z</time>
      </trkpt>
      <trkpt lat="46.393829" lon="23.484086">
        <ele>1104.679</ele>
        <time>2015-10-10T11:28:08Z</time>
      </trkpt>
      <trkpt lat="46.393748" lon="23.484046">
        <ele>1106.669</ele>
        <time>2015-10-10T11:28:18Z</time>
      </trkpt>
      <trkpt lat="46.393673" lon="23.483990">
        <ele>1108.488</ele>
        <time>2015-10-10T11:28:46Z</time>
      </trkpt>
      <trkpt lat="46.393631" lon="23.483886">
        <ele>1109.824</ele>
        <time>2015-10-10T11:28:59Z</time>
      </trkpt>
      <trkpt lat="46.393578" lon="23.483790">
        <ele>1112.026</ele>
        <time>2015-10-10T11:29:09Z</time>
      </trkpt>
      <trkpt lat="46.393508" lon="23.483718">
        <ele>1113.908</ele>
        <time>2015-10-10T11:29:22Z</time>
      </trkpt>
      <trkpt lat="46.393431" lon="23.483670">
        <ele>1115.199</ele>
        <time>2015-10-10T11:29:35Z</time>
      </trkpt>
      <trkpt lat="46.393363" lon="23.483591">
        <ele>1116.085</ele>
        <time>2015-10-10T11:29:56Z</time>
      </trkpt>
      <trkpt lat="46.393300" lon="23.483506">
        <ele>1117.379</ele>
        <time>2015-10-10T11:30:07Z</time>
      </trkpt>
      <trkpt lat="46.393251" lon="23.483408">
        <ele>1118.437</ele>
        <time>2015-10-10T11:30:19Z</time>
      </trkpt>
      <trkpt lat="46.393199" lon="23.483311">
        <ele>1119.179</ele>
        <time>2015-10-10T11:30:32Z</time>
      </trkpt>
      <trkpt lat="46.393156" lon="23.483211">
        <ele>1119.829</ele>
        <time>2015-10-10T11:30:38Z</time>
      </trkpt>
      <trkpt lat="46.393115" lon="23.483103">
        <ele>1120.115</ele>
        <time>2015-10-10T11:30:48Z</time>
      </trkpt>
      <trkpt lat="46.393068" lon="23.483001">
        <ele>1120.735</ele>
        <time>2015-10-10T11:30:58Z</time>
      </trkpt>
      <trkpt lat="46.393023" lon="23.482898">
        <ele>1122.227</ele>
        <time>2015-10-10T11:31:11Z</time>
      </trkpt>
      <trkpt lat="46.392978" lon="23.482798">
        <ele>1123.768</ele>
        <time>2015-10-10T11:31:20Z</time>
      </trkpt>
      <trkpt lat="46.392921" lon="23.482705">
        <ele>1125.314</ele>
        <time>2015-10-10T11:31:29Z</time>
      </trkpt>
      <trkpt lat="46.392893" lon="23.482588">
        <ele>1126.608</ele>
        <time>2015-10-10T11:31:39Z</time>
      </trkpt>
      <trkpt lat="46.392838" lon="23.482500">
        <ele>1127.293</ele>
        <time>2015-10-10T11:31:54Z</time>
      </trkpt>
      <trkpt lat="46.392770" lon="23.482421">
        <ele>1127.759</ele>
        <time>2015-10-10T11:32:18Z</time>
      </trkpt>
      <trkpt lat="46.392733" lon="23.482315">
        <ele>1128.913</ele>
        <time>2015-10-10T11:32:29Z</time>
      </trkpt>
      <trkpt lat="46.392676" lon="23.482228">
        <ele>1129.741</ele>
        <time>2015-10-10T11:32:36Z</time>
      </trkpt>
      <trkpt lat="46.392631" lon="23.482105">
        <ele>1130.943</ele>
        <time>2015-10-10T11:32:47Z</time>
      </trkpt>
      <trkpt lat="46.392573" lon="23.482013">
        <ele>1131.313</ele>
        <time>2015-10-10T11:32:56Z</time>
      </trkpt>
      <trkpt lat="46.392518" lon="23.481915">
        <ele>1131.219</ele>
        <time>2015-10-10T11:33:07Z</time>
      </trkpt>
      <trkpt lat="46.392483" lon="23.481808">
        <ele>1131.379</ele>
        <time>2015-10-10T11:33:15Z</time>
      </trkpt>
      <trkpt lat="46.392434" lon="23.481698">
        <ele>1131.843</ele>
        <time>2015-10-10T11:33:24Z</time>
      </trkpt>
      <trkpt lat="46.392376" lon="23.481598">
        <ele>1132.364</ele>
        <time>2015-10-10T11:34:44Z</time>
      </trkpt>
      <trkpt lat="46.392326" lon="23.481499">
        <ele>1132.310</ele>
        <time>2015-10-10T11:34:51Z</time>
      </trkpt>
      <trkpt lat="46.392268" lon="23.481416">
        <ele>1132.108</ele>
        <time>2015-10-10T11:34:58Z</time>
      </trkpt>
      <trkpt lat="46.392218" lon="23.481313">
        <ele>1131.885</ele>
        <time>2015-10-10T11:35:05Z</time>
      </trkpt>
      <trkpt lat="46.392166" lon="23.481201">
        <ele>1132.071</ele>
        <time>2015-10-10T11:35:12Z</time>
      </trkpt>
      <trkpt lat="46.392110" lon="23.481094">
        <ele>1131.745</ele>
        <time>2015-10-10T11:35:20Z</time>
      </trkpt>
      <trkpt lat="46.392033" lon="23.481036">
        <ele>1131.783</ele>
        <time>2015-10-10T11:35:26Z</time>
      </trkpt>
      <trkpt lat="46.391970" lon="23.480961">
        <ele>1131.385</ele>
        <time>2015-10-10T11:35:31Z</time>
      </trkpt>
      <trkpt lat="46.391910" lon="23.480861">
        <ele>1130.875</ele>
        <time>2015-10-10T11:35:38Z</time>
      </trkpt>
      <trkpt lat="46.391846" lon="23.480758">
        <ele>1130.781</ele>
        <time>2015-10-10T11:35:45Z</time>
      </trkpt>
      <trkpt lat="46.391775" lon="23.480696">
        <ele>1130.831</ele>
        <time>2015-10-10T11:35:51Z</time>
      </trkpt>
      <trkpt lat="46.391695" lon="23.480625">
        <ele>1130.765</ele>
        <time>2015-10-10T11:35:57Z</time>
      </trkpt>
      <trkpt lat="46.391631" lon="23.480529">
        <ele>1130.368</ele>
        <time>2015-10-10T11:36:04Z</time>
      </trkpt>
      <trkpt lat="46.391568" lon="23.480435">
        <ele>1130.314</ele>
        <time>2015-10-10T11:36:11Z</time>
      </trkpt>
      <trkpt lat="46.391506" lon="23.480353">
        <ele>1130.308</ele>
        <time>2015-10-10T11:36:18Z</time>
      </trkpt>
      <trkpt lat="46.391456" lon="23.480251">
        <ele>1129.827</ele>
        <time>2015-10-10T11:36:24Z</time>
      </trkpt>
      <trkpt lat="46.391394" lon="23.480160">
        <ele>1129.753</ele>
        <time>2015-10-10T11:36:30Z</time>
      </trkpt>
      <trkpt lat="46.391335" lon="23.480076">
        <ele>1129.647</ele>
        <time>2015-10-10T11:36:36Z</time>
      </trkpt>
      <trkpt lat="46.391274" lon="23.479996">
        <ele>1129.225</ele>
        <time>2015-10-10T11:36:42Z</time>
      </trkpt>
      <trkpt lat="46.391200" lon="23.479920">
        <ele>1129.677</ele>
        <time>2015-10-10T11:36:49Z</time>
      </trkpt>
      <trkpt lat="46.391126" lon="23.479845">
        <ele>1129.867</ele>
        <time>2015-10-10T11:36:55Z</time>
      </trkpt>
      <trkpt lat="46.391053" lon="23.479760">
        <ele>1130.083</ele>
        <time>2015-10-10T11:37:02Z</time>
      </trkpt>
      <trkpt lat="46.390978" lon="23.479680">
        <ele>1130.413</ele>
        <time>2015-10-10T11:37:09Z</time>
      </trkpt>
      <trkpt lat="46.390903" lon="23.479603">
        <ele>1130.757</ele>
        <time>2015-10-10T11:37:16Z</time>
      </trkpt>
      <trkpt lat="46.390831" lon="23.479535">
        <ele>1130.700</ele>
        <time>2015-10-10T11:37:23Z</time>
      </trkpt>
      <trkpt lat="46.390766" lon="23.479449">
        <ele>1130.820</ele>
        <time>2015-10-10T11:37:30Z</time>
      </trkpt>
      <trkpt lat="46.390689" lon="23.479376">
        <ele>1131.708</ele>
        <time>2015-10-10T11:37:38Z</time>
      </trkpt>
      <trkpt lat="46.390626" lon="23.479303">
        <ele>1131.926</ele>
        <time>2015-10-10T11:37:45Z</time>
      </trkpt>
      <trkpt lat="46.390545" lon="23.479246">
        <ele>1131.792</ele>
        <time>2015-10-10T11:37:53Z</time>
      </trkpt>
      <trkpt lat="46.390470" lon="23.479178">
        <ele>1132.086</ele>
        <time>2015-10-10T11:38:01Z</time>
      </trkpt>
      <trkpt lat="46.390385" lon="23.479130">
        <ele>1132.924</ele>
        <time>2015-10-10T11:38:09Z</time>
      </trkpt>
      <trkpt lat="46.390310" lon="23.479075">
        <ele>1133.416</ele>
        <time>2015-10-10T11:38:16Z</time>
      </trkpt>
      <trkpt lat="46.390231" lon="23.479013">
        <ele>1133.646</ele>
        <time>2015-10-10T11:38:23Z</time>
      </trkpt>
      <trkpt lat="46.390168" lon="23.478920">
        <ele>1133.242</ele>
        <time>2015-10-10T11:38:30Z</time>
      </trkpt>
      <trkpt lat="46.390101" lon="23.478846">
        <ele>1132.982</ele>
        <time>2015-10-10T11:38:37Z</time>
      </trkpt>
      <trkpt lat="46.390041" lon="23.478756">
        <ele>1132.615</ele>
        <time>2015-10-10T11:38:45Z</time>
      </trkpt>
      <trkpt lat="46.389978" lon="23.478683">
        <ele>1131.865</ele>
        <time>2015-10-10T11:42:17Z</time>
      </trkpt>
      <trkpt lat="46.389928" lon="23.478585">
        <ele>1130.411</ele>
        <time>2015-10-10T11:42:27Z</time>
      </trkpt>
      <trkpt lat="46.389871" lon="23.478495">
        <ele>1128.808</ele>
        <time>2015-10-10T11:42:34Z</time>
      </trkpt>
      <trkpt lat="46.389793" lon="23.478443">
        <ele>1126.912</ele>
        <time>2015-10-10T11:42:41Z</time>
      </trkpt>
      <trkpt lat="46.389721" lon="23.478371">
        <ele>1125.118</ele>
        <time>2015-10-10T11:42:49Z</time>
      </trkpt>
      <trkpt lat="46.389643" lon="23.478315">
        <ele>1123.962</ele>
        <time>2015-10-10T11:42:56Z</time>
      </trkpt>
      <trkpt lat="46.389563" lon="23.478260">
        <ele>1123.180</ele>
        <time>2015-10-10T11:43:04Z</time>
      </trkpt>
      <trkpt lat="46.389481" lon="23.478223">
        <ele>1122.332</ele>
        <time>2015-10-10T11:43:11Z</time>
      </trkpt>
      <trkpt lat="46.389403" lon="23.478178">
        <ele>1122.092</ele>
        <time>2015-10-10T11:43:19Z</time>
      </trkpt>
      <trkpt lat="46.389320" lon="23.478126">
        <ele>1121.978</ele>
        <time>2015-10-10T11:43:27Z</time>
      </trkpt>
      <trkpt lat="46.389238" lon="23.478073">
        <ele>1121.518</ele>
        <time>2015-10-10T11:43:35Z</time>
      </trkpt>
      <trkpt lat="46.389159" lon="23.478008">
        <ele>1121.277</ele>
        <time>2015-10-10T11:43:42Z</time>
      </trkpt>
      <trkpt lat="46.389090" lon="23.477939">
        <ele>1121.261</ele>
        <time>2015-10-10T11:43:48Z</time>
      </trkpt>
      <trkpt lat="46.389011" lon="23.477871">
        <ele>1120.927</ele>
        <time>2015-10-10T11:43:55Z</time>
      </trkpt>
      <trkpt lat="46.388936" lon="23.477816">
        <ele>1120.408</ele>
        <time>2015-10-10T11:44:03Z</time>
      </trkpt>
      <trkpt lat="46.388860" lon="23.477755">
        <ele>1119.638</ele>
        <time>2015-10-10T11:44:10Z</time>
      </trkpt>
      <trkpt lat="46.388786" lon="23.477686">
        <ele>1118.434</ele>
        <time>2015-10-10T11:44:18Z</time>
      </trkpt>
      <trkpt lat="46.388721" lon="23.477615">
        <ele>1116.928</ele>
        <time>2015-10-10T11:44:25Z</time>
      </trkpt>
      <trkpt lat="46.388653" lon="23.477525">
        <ele>1114.976</ele>
        <time>2015-10-10T11:44:32Z</time>
      </trkpt>
      <trkpt lat="46.388575" lon="23.477465">
        <ele>1114.258</ele>
        <time>2015-10-10T11:44:40Z</time>
      </trkpt>
      <trkpt lat="46.388495" lon="23.477418">
        <ele>1114.788</ele>
        <time>2015-10-10T11:44:49Z</time>
      </trkpt>
      <trkpt lat="46.388415" lon="23.477396">
        <ele>1115.314</ele>
        <time>2015-10-10T11:44:58Z</time>
      </trkpt>
      <trkpt lat="46.388330" lon="23.477401">
        <ele>1116.614</ele>
        <time>2015-10-10T11:46:02Z</time>
      </trkpt>
      <trkpt lat="46.388411" lon="23.477416">
        <ele>1115.888</ele>
        <time>2015-10-10T11:47:46Z</time>
      </trkpt>
      <trkpt lat="46.388500" lon="23.477470">
        <ele>1115.524</ele>
        <time>2015-10-10T11:47:55Z</time>
      </trkpt>
      <trkpt lat="46.388580" lon="23.477523">
        <ele>1115.026</ele>
        <time>2015-10-10T11:48:02Z</time>
      </trkpt>
      <trkpt lat="46.388656" lon="23.477578">
        <ele>1115.808</ele>
        <time>2015-10-10T11:48:09Z</time>
      </trkpt>
      <trkpt lat="46.388736" lon="23.477650">
        <ele>1117.689</ele>
        <time>2015-10-10T11:48:17Z</time>
      </trkpt>
      <trkpt lat="46.388803" lon="23.477718">
        <ele>1118.955</ele>
        <time>2015-10-10T11:48:25Z</time>
      </trkpt>
      <trkpt lat="46.388866" lon="23.477798">
        <ele>1120.089</ele>
        <time>2015-10-10T11:48:33Z</time>
      </trkpt>
      <trkpt lat="46.388940" lon="23.477861">
        <ele>1120.627</ele>
        <time>2015-10-10T11:48:41Z</time>
      </trkpt>
      <trkpt lat="46.389016" lon="23.477923">
        <ele>1121.079</ele>
        <time>2015-10-10T11:48:49Z</time>
      </trkpt>
      <trkpt lat="46.389093" lon="23.477983">
        <ele>1121.169</ele>
        <time>2015-10-10T11:48:57Z</time>
      </trkpt>
      <trkpt lat="46.389166" lon="23.478053">
        <ele>1121.075</ele>
        <time>2015-10-10T11:49:06Z</time>
      </trkpt>
      <trkpt lat="46.389238" lon="23.478108">
        <ele>1121.645</ele>
        <time>2015-10-10T11:49:15Z</time>
      </trkpt>
      <trkpt lat="46.389318" lon="23.478156">
        <ele>1121.912</ele>
        <time>2015-10-10T11:49:24Z</time>
      </trkpt>
      <trkpt lat="46.389395" lon="23.478194">
        <ele>1121.932</ele>
        <time>2015-10-10T11:49:32Z</time>
      </trkpt>
      <trkpt lat="46.389480" lon="23.478238">
        <ele>1122.205</ele>
        <time>2015-10-10T11:49:42Z</time>
      </trkpt>
      <trkpt lat="46.389555" lon="23.478288">
        <ele>1122.908</ele>
        <time>2015-10-10T11:49:55Z</time>
      </trkpt>
      <trkpt lat="46.389626" lon="23.478343">
        <ele>1123.772</ele>
        <time>2015-10-10T11:50:03Z</time>
      </trkpt>
      <trkpt lat="46.389701" lon="23.478403">
        <ele>1125.028</ele>
        <time>2015-10-10T11:50:12Z</time>
      </trkpt>
      <trkpt lat="46.389774" lon="23.478458">
        <ele>1126.652</ele>
        <time>2015-10-10T11:50:20Z</time>
      </trkpt>
      <trkpt lat="46.389845" lon="23.478518">
        <ele>1128.310</ele>
        <time>2015-10-10T11:50:28Z</time>
      </trkpt>
      <trkpt lat="46.389915" lon="23.478580">
        <ele>1130.192</ele>
        <time>2015-10-10T11:50:36Z</time>
      </trkpt>
      <trkpt lat="46.389981" lon="23.478665">
        <ele>1131.842</ele>
        <time>2015-10-10T11:50:45Z</time>
      </trkpt>
      <trkpt lat="46.390053" lon="23.478736">
        <ele>1132.688</ele>
        <time>2015-10-10T12:05:51Z</time>
      </trkpt>
      <trkpt lat="46.390104" lon="23.478841">
        <ele>1132.968</ele>
        <time>2015-10-10T12:06:00Z</time>
      </trkpt>
      <trkpt lat="46.390171" lon="23.478916">
        <ele>1133.263</ele>
        <time>2015-10-10T12:06:06Z</time>
      </trkpt>
      <trkpt lat="46.390243" lon="23.478999">
        <ele>1133.544</ele>
        <time>2015-10-10T12:06:14Z</time>
      </trkpt>
      <trkpt lat="46.390314" lon="23.479061">
        <ele>1133.418</ele>
        <time>2015-10-10T12:06:24Z</time>
      </trkpt>
      <trkpt lat="46.390393" lon="23.479101">
        <ele>1132.808</ele>
        <time>2015-10-10T12:06:31Z</time>
      </trkpt>
      <trkpt lat="46.390468" lon="23.479163">
        <ele>1132.017</ele>
        <time>2015-10-10T12:06:38Z</time>
      </trkpt>
      <trkpt lat="46.390548" lon="23.479211">
        <ele>1131.453</ele>
        <time>2015-10-10T12:06:48Z</time>
      </trkpt>
      <trkpt lat="46.390633" lon="23.479271">
        <ele>1131.817</ele>
        <time>2015-10-10T12:06:55Z</time>
      </trkpt>
      <trkpt lat="46.390700" lon="23.479356">
        <ele>1131.645</ele>
        <time>2015-10-10T12:07:02Z</time>
      </trkpt>
      <trkpt lat="46.390770" lon="23.479440">
        <ele>1130.777</ele>
        <time>2015-10-10T12:07:10Z</time>
      </trkpt>
      <trkpt lat="46.390835" lon="23.479531">
        <ele>1130.697</ele>
        <time>2015-10-10T12:07:17Z</time>
      </trkpt>
      <trkpt lat="46.390906" lon="23.479596">
        <ele>1130.733</ele>
        <time>2015-10-10T12:07:24Z</time>
      </trkpt>
      <trkpt lat="46.390976" lon="23.479686">
        <ele>1130.453</ele>
        <time>2015-10-10T12:07:32Z</time>
      </trkpt>
      <trkpt lat="46.391049" lon="23.479768">
        <ele>1130.183</ele>
        <time>2015-10-10T12:07:39Z</time>
      </trkpt>
      <trkpt lat="46.391121" lon="23.479835">
        <ele>1129.725</ele>
        <time>2015-10-10T12:07:46Z</time>
      </trkpt>
      <trkpt lat="46.391184" lon="23.479923">
        <ele>1129.717</ele>
        <time>2015-10-10T12:09:56Z</time>
      </trkpt>
      <trkpt lat="46.391259" lon="23.479996">
        <ele>1129.408</ele>
        <time>2015-10-10T12:10:03Z</time>
      </trkpt>
      <trkpt lat="46.391319" lon="23.480076">
        <ele>1129.979</ele>
        <time>2015-10-10T12:10:08Z</time>
      </trkpt>
      <trkpt lat="46.391380" lon="23.480176">
        <ele>1130.155</ele>
        <time>2015-10-10T12:10:16Z</time>
      </trkpt>
      <trkpt lat="46.391445" lon="23.480248">
        <ele>1129.989</ele>
        <time>2015-10-10T12:10:23Z</time>
      </trkpt>
      <trkpt lat="46.391503" lon="23.480336">
        <ele>1130.157</ele>
        <time>2015-10-10T12:10:30Z</time>
      </trkpt>
      <trkpt lat="46.391565" lon="23.480426">
        <ele>1130.399</ele>
        <time>2015-10-10T12:10:37Z</time>
      </trkpt>
      <trkpt lat="46.391641" lon="23.480484">
        <ele>1129.739</ele>
        <time>2015-10-10T12:10:44Z</time>
      </trkpt>
      <trkpt lat="46.391693" lon="23.480578">
        <ele>1130.135</ele>
        <time>2015-10-10T12:10:51Z</time>
      </trkpt>
      <trkpt lat="46.391753" lon="23.480674">
        <ele>1130.895</ele>
        <time>2015-10-10T12:10:59Z</time>
      </trkpt>
      <trkpt lat="46.391816" lon="23.480758">
        <ele>1131.127</ele>
        <time>2015-10-10T12:11:06Z</time>
      </trkpt>
      <trkpt lat="46.391890" lon="23.480826">
        <ele>1130.768</ele>
        <time>2015-10-10T12:11:13Z</time>
      </trkpt>
      <trkpt lat="46.391953" lon="23.480914">
        <ele>1130.914</ele>
        <time>2015-10-10T12:11:20Z</time>
      </trkpt>
      <trkpt lat="46.392013" lon="23.481000">
        <ele>1131.508</ele>
        <time>2015-10-10T12:11:27Z</time>
      </trkpt>
      <trkpt lat="46.392078" lon="23.481085">
        <ele>1131.813</ele>
        <time>2015-10-10T12:11:34Z</time>
      </trkpt>
      <trkpt lat="46.392143" lon="23.481160">
        <ele>1131.979</ele>
        <time>2015-10-10T12:11:41Z</time>
      </trkpt>
      <trkpt lat="46.392213" lon="23.481251">
        <ele>1131.693</ele>
        <time>2015-10-10T12:11:48Z</time>
      </trkpt>
      <trkpt lat="46.392266" lon="23.481348">
        <ele>1131.971</ele>
        <time>2015-10-10T12:11:55Z</time>
      </trkpt>
      <trkpt lat="46.392316" lon="23.481445">
        <ele>1132.213</ele>
        <time>2015-10-10T12:12:03Z</time>
      </trkpt>
      <trkpt lat="46.392365" lon="23.481544">
        <ele>1132.373</ele>
        <time>2015-10-10T12:12:11Z</time>
      </trkpt>
      <trkpt lat="46.392418" lon="23.481633">
        <ele>1131.999</ele>
        <time>2015-10-10T12:12:18Z</time>
      </trkpt>
      <trkpt lat="46.392470" lon="23.481724">
        <ele>1131.499</ele>
        <time>2015-10-10T12:12:24Z</time>
      </trkpt>
      <trkpt lat="46.392511" lon="23.481831">
        <ele>1131.152</ele>
        <time>2015-10-10T12:12:31Z</time>
      </trkpt>
      <trkpt lat="46.392548" lon="23.481948">
        <ele>1131.353</ele>
        <time>2015-10-10T12:12:39Z</time>
      </trkpt>
      <trkpt lat="46.392620" lon="23.482036">
        <ele>1131.308</ele>
        <time>2015-10-10T12:12:48Z</time>
      </trkpt>
      <trkpt lat="46.392668" lon="23.482143">
        <ele>1130.508</ele>
        <time>2015-10-10T12:12:55Z</time>
      </trkpt>
      <trkpt lat="46.392710" lon="23.482256">
        <ele>1129.426</ele>
        <time>2015-10-10T12:13:02Z</time>
      </trkpt>
      <trkpt lat="46.392756" lon="23.482360">
        <ele>1128.362</ele>
        <time>2015-10-10T12:13:11Z</time>
      </trkpt>
      <trkpt lat="46.392804" lon="23.482454">
        <ele>1127.586</ele>
        <time>2015-10-10T12:13:18Z</time>
      </trkpt>
      <trkpt lat="46.392856" lon="23.482553">
        <ele>1126.954</ele>
        <time>2015-10-10T12:13:26Z</time>
      </trkpt>
      <trkpt lat="46.392898" lon="23.482663">
        <ele>1125.866</ele>
        <time>2015-10-10T12:13:33Z</time>
      </trkpt>
      <trkpt lat="46.392958" lon="23.482756">
        <ele>1124.366</ele>
        <time>2015-10-10T12:13:39Z</time>
      </trkpt>
      <trkpt lat="46.393018" lon="23.482860">
        <ele>1122.662</ele>
        <time>2015-10-10T12:13:45Z</time>
      </trkpt>
      <trkpt lat="46.393071" lon="23.482968">
        <ele>1121.062</ele>
        <time>2015-10-10T12:13:53Z</time>
      </trkpt>
      <trkpt lat="46.393118" lon="23.483075">
        <ele>1120.251</ele>
        <time>2015-10-10T12:14:00Z</time>
      </trkpt>
      <trkpt lat="46.393175" lon="23.483176">
        <ele>1119.901</ele>
        <time>2015-10-10T12:14:08Z</time>
      </trkpt>
      <trkpt lat="46.393226" lon="23.483278">
        <ele>1119.111</ele>
        <time>2015-10-10T12:14:16Z</time>
      </trkpt>
      <trkpt lat="46.393274" lon="23.483380">
        <ele>1118.208</ele>
        <time>2015-10-10T12:14:24Z</time>
      </trkpt>
      <trkpt lat="46.393319" lon="23.483480">
        <ele>1117.226</ele>
        <time>2015-10-10T12:14:32Z</time>
      </trkpt>
      <trkpt lat="46.393383" lon="23.483580">
        <ele>1115.932</ele>
        <time>2015-10-10T12:14:39Z</time>
      </trkpt>
      <trkpt lat="46.393441" lon="23.483661">
        <ele>1115.166</ele>
        <time>2015-10-10T12:14:46Z</time>
      </trkpt>
      <trkpt lat="46.393514" lon="23.483733">
        <ele>1113.734</ele>
        <time>2015-10-10T12:14:54Z</time>
      </trkpt>
      <trkpt lat="46.393586" lon="23.483801">
        <ele>1111.836</ele>
        <time>2015-10-10T12:15:02Z</time>
      </trkpt>
      <trkpt lat="46.393638" lon="23.483908">
        <ele>1109.626</ele>
        <time>2015-10-10T12:15:10Z</time>
      </trkpt>
      <trkpt lat="46.393705" lon="23.483985">
        <ele>1107.972</ele>
        <time>2015-10-10T12:15:18Z</time>
      </trkpt>
      <trkpt lat="46.393776" lon="23.484043">
        <ele>1106.182</ele>
        <time>2015-10-10T12:15:26Z</time>
      </trkpt>
      <trkpt lat="46.393853" lon="23.484106">
        <ele>1103.832</ele>
        <time>2015-10-10T12:15:39Z</time>
      </trkpt>
      <trkpt lat="46.393940" lon="23.484176">
        <ele>1101.792</ele>
        <time>2015-10-10T12:15:46Z</time>
      </trkpt>
      <trkpt lat="46.394009" lon="23.484251">
        <ele>1100.011</ele>
        <time>2015-10-10T12:15:52Z</time>
      </trkpt>
      <trkpt lat="46.394073" lon="23.484335">
        <ele>1097.708</ele>
        <time>2015-10-10T12:16:01Z</time>
      </trkpt>
      <trkpt lat="46.394133" lon="23.484438">
        <ele>1094.674</ele>
        <time>2015-10-10T12:16:08Z</time>
      </trkpt>
      <trkpt lat="46.394193" lon="23.484536">
        <ele>1092.960</ele>
        <time>2015-10-10T12:16:15Z</time>
      </trkpt>
      <trkpt lat="46.394265" lon="23.484630">
        <ele>1091.214</ele>
        <time>2015-10-10T12:16:20Z</time>
      </trkpt>
      <trkpt lat="46.394328" lon="23.484705">
        <ele>1089.542</ele>
        <time>2015-10-10T12:16:29Z</time>
      </trkpt>
      <trkpt lat="46.394393" lon="23.484778">
        <ele>1088.564</ele>
        <time>2015-10-10T12:16:38Z</time>
      </trkpt>
      <trkpt lat="46.394483" lon="23.484804">
        <ele>1087.654</ele>
        <time>2015-10-10T12:16:48Z</time>
      </trkpt>
      <trkpt lat="46.394563" lon="23.484834">
        <ele>1087.390</ele>
        <time>2015-10-10T12:16:56Z</time>
      </trkpt>
      <trkpt lat="46.394641" lon="23.484881">
        <ele>1086.630</ele>
        <time>2015-10-10T12:17:04Z</time>
      </trkpt>
      <trkpt lat="46.394726" lon="23.484910">
        <ele>1085.989</ele>
        <time>2015-10-10T12:17:10Z</time>
      </trkpt>
      <trkpt lat="46.394806" lon="23.484941">
        <ele>1084.906</ele>
        <time>2015-10-10T12:17:17Z</time>
      </trkpt>
      <trkpt lat="46.394885" lon="23.484983">
        <ele>1083.526</ele>
        <time>2015-10-10T12:17:24Z</time>
      </trkpt>
      <trkpt lat="46.394961" lon="23.485036">
        <ele>1082.108</ele>
        <time>2015-10-10T12:17:32Z</time>
      </trkpt>
      <trkpt lat="46.395036" lon="23.485096">
        <ele>1080.589</ele>
        <time>2015-10-10T12:17:41Z</time>
      </trkpt>
      <trkpt lat="46.395121" lon="23.485138">
        <ele>1079.095</ele>
        <time>2015-10-10T12:17:48Z</time>
      </trkpt>
      <trkpt lat="46.395213" lon="23.485146">
        <ele>1077.739</ele>
        <time>2015-10-10T12:17:53Z</time>
      </trkpt>
      <trkpt lat="46.395284" lon="23.485213">
        <ele>1075.887</ele>
        <time>2015-10-10T12:18:01Z</time>
      </trkpt>
      <trkpt lat="46.395351" lon="23.485306">
        <ele>1073.679</ele>
        <time>2015-10-10T12:18:10Z</time>
      </trkpt>
      <trkpt lat="46.395406" lon="23.485405">
        <ele>1071.789</ele>
        <time>2015-10-10T12:18:18Z</time>
      </trkpt>
      <trkpt lat="46.395451" lon="23.485519">
        <ele>1070.195</ele>
        <time>2015-10-10T12:18:24Z</time>
      </trkpt>
      <trkpt lat="46.395513" lon="23.485620">
        <ele>1068.825</ele>
        <time>2015-10-10T12:18:31Z</time>
      </trkpt>
      <trkpt lat="46.395563" lon="23.485726">
        <ele>1067.882</ele>
        <time>2015-10-10T12:18:38Z</time>
      </trkpt>
      <trkpt lat="46.395611" lon="23.485830">
        <ele>1067.043</ele>
        <time>2015-10-10T12:18:44Z</time>
      </trkpt>
      <trkpt lat="46.395633" lon="23.485954">
        <ele>1066.817</ele>
        <time>2015-10-10T12:18:51Z</time>
      </trkpt>
      <trkpt lat="46.395618" lon="23.486071">
        <ele>1066.508</ele>
        <time>2015-10-10T12:19:53Z</time>
      </trkpt>
      <trkpt lat="46.395554" lon="23.486153">
        <ele>1066.099</ele>
        <time>2015-10-10T12:20:04Z</time>
      </trkpt>
      <trkpt lat="46.395514" lon="23.486261">
        <ele>1066.215</ele>
        <time>2015-10-10T12:20:55Z</time>
      </trkpt>
      <trkpt lat="46.395456" lon="23.486363">
        <ele>1066.419</ele>
        <time>2015-10-10T12:21:04Z</time>
      </trkpt>
      <trkpt lat="46.395409" lon="23.486471">
        <ele>1066.217</ele>
        <time>2015-10-10T12:21:13Z</time>
      </trkpt>
      <trkpt lat="46.395386" lon="23.486596">
        <ele>1065.989</ele>
        <time>2015-10-10T12:21:21Z</time>
      </trkpt>
      <trkpt lat="46.395411" lon="23.486713">
        <ele>1065.869</ele>
        <time>2015-10-10T12:21:28Z</time>
      </trkpt>
      <trkpt lat="46.395441" lon="23.486828">
        <ele>1066.255</ele>
        <time>2015-10-10T12:21:35Z</time>
      </trkpt>
      <trkpt lat="46.395468" lon="23.486945">
        <ele>1066.645</ele>
        <time>2015-10-10T12:21:42Z</time>
      </trkpt>
      <trkpt lat="46.395501" lon="23.487071">
        <ele>1066.942</ele>
        <time>2015-10-10T12:21:49Z</time>
      </trkpt>
      <trkpt lat="46.395521" lon="23.487198">
        <ele>1067.322</ele>
        <time>2015-10-10T12:21:56Z</time>
      </trkpt>
      <trkpt lat="46.395536" lon="23.487318">
        <ele>1067.614</ele>
        <time>2015-10-10T12:22:03Z</time>
      </trkpt>
      <trkpt lat="46.395538" lon="23.487441">
        <ele>1068.108</ele>
        <time>2015-10-10T12:22:11Z</time>
      </trkpt>
      <trkpt lat="46.395574" lon="23.487550">
        <ele>1068.265</ele>
        <time>2015-10-10T12:22:21Z</time>
      </trkpt>
      <trkpt lat="46.395591" lon="23.487665">
        <ele>1069.011</ele>
        <time>2015-10-10T12:22:28Z</time>
      </trkpt>
      <trkpt lat="46.395626" lon="23.487781">
        <ele>1069.325</ele>
        <time>2015-10-10T12:22:37Z</time>
      </trkpt>
      <trkpt lat="46.395685" lon="23.487878">
        <ele>1069.023</ele>
        <time>2015-10-10T12:22:46Z</time>
      </trkpt>
      <trkpt lat="46.395771" lon="23.487920">
        <ele>1067.545</ele>
        <time>2015-10-10T12:22:53Z</time>
      </trkpt>
      <trkpt lat="46.395861" lon="23.487959">
        <ele>1066.525</ele>
        <time>2015-10-10T12:23:00Z</time>
      </trkpt>
      <trkpt lat="46.395948" lon="23.488004">
        <ele>1066.711</ele>
        <time>2015-10-10T12:23:06Z</time>
      </trkpt>
      <trkpt lat="46.396013" lon="23.488090">
        <ele>1067.031</ele>
        <time>2015-10-10T12:23:12Z</time>
      </trkpt>
      <trkpt lat="46.396041" lon="23.488210">
        <ele>1067.991</ele>
        <time>2015-10-10T12:23:20Z</time>
      </trkpt>
      <trkpt lat="46.396058" lon="23.488338">
        <ele>1068.881</ele>
        <time>2015-10-10T12:23:30Z</time>
      </trkpt>
      <trkpt lat="46.396094" lon="23.488445">
        <ele>1069.519</ele>
        <time>2015-10-10T12:23:37Z</time>
      </trkpt>
      <trkpt lat="46.396139" lon="23.488556">
        <ele>1069.908</ele>
        <time>2015-10-10T12:23:44Z</time>
      </trkpt>
      <trkpt lat="46.396195" lon="23.488651">
        <ele>1069.410</ele>
        <time>2015-10-10T12:23:51Z</time>
      </trkpt>
      <trkpt lat="46.396249" lon="23.488751">
        <ele>1068.526</ele>
        <time>2015-10-10T12:23:58Z</time>
      </trkpt>
      <trkpt lat="46.396278" lon="23.488861">
        <ele>1067.910</ele>
        <time>2015-10-10T12:24:05Z</time>
      </trkpt>
      <trkpt lat="46.396293" lon="23.488986">
        <ele>1068.628</ele>
        <time>2015-10-10T12:24:14Z</time>
      </trkpt>
      <trkpt lat="46.396336" lon="23.489098">
        <ele>1068.340</ele>
        <time>2015-10-10T12:24:23Z</time>
      </trkpt>
      <trkpt lat="46.396376" lon="23.489213">
        <ele>1068.010</ele>
        <time>2015-10-10T12:24:30Z</time>
      </trkpt>
      <trkpt lat="46.396420" lon="23.489323">
        <ele>1068.026</ele>
        <time>2015-10-10T12:24:37Z</time>
      </trkpt>
      <trkpt lat="46.396480" lon="23.489423">
        <ele>1067.226</ele>
        <time>2015-10-10T12:24:45Z</time>
      </trkpt>
      <trkpt lat="46.396550" lon="23.489506">
        <ele>1066.326</ele>
        <time>2015-10-10T12:24:52Z</time>
      </trkpt>
      <trkpt lat="46.396618" lon="23.489600">
        <ele>1065.747</ele>
        <time>2015-10-10T12:25:01Z</time>
      </trkpt>
      <trkpt lat="46.396680" lon="23.489698">
        <ele>1065.511</ele>
        <time>2015-10-10T12:25:08Z</time>
      </trkpt>
      <trkpt lat="46.396731" lon="23.489803">
        <ele>1066.408</ele>
        <time>2015-10-10T12:25:15Z</time>
      </trkpt>
      <trkpt lat="46.396786" lon="23.489901">
        <ele>1066.953</ele>
        <time>2015-10-10T12:25:22Z</time>
      </trkpt>
      <trkpt lat="46.396838" lon="23.490001">
        <ele>1067.359</ele>
        <time>2015-10-10T12:25:29Z</time>
      </trkpt>
      <trkpt lat="46.396896" lon="23.490096">
        <ele>1066.983</ele>
        <time>2015-10-10T12:25:37Z</time>
      </trkpt>
      <trkpt lat="46.396948" lon="23.490196">
        <ele>1066.461</ele>
        <time>2015-10-10T12:25:45Z</time>
      </trkpt>
      <trkpt lat="46.397000" lon="23.490288">
        <ele>1066.533</ele>
        <time>2015-10-10T12:25:52Z</time>
      </trkpt>
      <trkpt lat="46.397021" lon="23.490406">
        <ele>1066.823</ele>
        <time>2015-10-10T12:26:00Z</time>
      </trkpt>
      <trkpt lat="46.397043" lon="23.490526">
        <ele>1067.169</ele>
        <time>2015-10-10T12:26:07Z</time>
      </trkpt>
      <trkpt lat="46.397100" lon="23.490626">
        <ele>1066.359</ele>
        <time>2015-10-10T12:26:14Z</time>
      </trkpt>
      <trkpt lat="46.397153" lon="23.490723">
        <ele>1065.172</ele>
        <time>2015-10-10T12:26:20Z</time>
      </trkpt>
      <trkpt lat="46.397203" lon="23.490835">
        <ele>1063.613</ele>
        <time>2015-10-10T12:26:27Z</time>
      </trkpt>
      <trkpt lat="46.397261" lon="23.490938">
        <ele>1064.114</ele>
        <time>2015-10-10T12:26:35Z</time>
      </trkpt>
      <trkpt lat="46.397308" lon="23.491050">
        <ele>1064.808</ele>
        <time>2015-10-10T12:26:42Z</time>
      </trkpt>
      <trkpt lat="46.397341" lon="23.491170">
        <ele>1065.058</ele>
        <time>2015-10-10T12:26:49Z</time>
      </trkpt>
      <trkpt lat="46.397391" lon="23.491278">
        <ele>1064.644</ele>
        <time>2015-10-10T12:26:56Z</time>
      </trkpt>
      <trkpt lat="46.397426" lon="23.491391">
        <ele>1064.338</ele>
        <time>2015-10-10T12:27:03Z</time>
      </trkpt>
      <trkpt lat="46.397456" lon="23.491505">
        <ele>1064.386</ele>
        <time>2015-10-10T12:27:09Z</time>
      </trkpt>
      <trkpt lat="46.397505" lon="23.491613">
        <ele>1063.838</ele>
        <time>2015-10-10T12:27:16Z</time>
      </trkpt>
      <trkpt lat="46.397535" lon="23.491728">
        <ele>1064.958</ele>
        <time>2015-10-10T12:27:23Z</time>
      </trkpt>
      <trkpt lat="46.397576" lon="23.491833">
        <ele>1066.284</ele>
        <time>2015-10-10T12:27:44Z</time>
      </trkpt>
      <trkpt lat="46.397611" lon="23.491953">
        <ele>1067.344</ele>
        <time>2015-10-10T12:28:01Z</time>
      </trkpt>
      <trkpt lat="46.397626" lon="23.492071">
        <ele>1068.277</ele>
        <time>2015-10-10T12:28:08Z</time>
      </trkpt>
      <trkpt lat="46.397645" lon="23.492205">
        <ele>1069.361</ele>
        <time>2015-10-10T12:28:15Z</time>
      </trkpt>
      <trkpt lat="46.397658" lon="23.492328">
        <ele>1070.427</ele>
        <time>2015-10-10T12:28:22Z</time>
      </trkpt>
      <trkpt lat="46.397665" lon="23.492450">
        <ele>1071.408</ele>
        <time>2015-10-10T12:28:28Z</time>
      </trkpt>
      <trkpt lat="46.397671" lon="23.492573">
        <ele>1071.978</ele>
        <time>2015-10-10T12:28:35Z</time>
      </trkpt>
      <trkpt lat="46.397673" lon="23.492705">
        <ele>1072.264</ele>
        <time>2015-10-10T12:28:42Z</time>
      </trkpt>
      <trkpt lat="46.397673" lon="23.492841">
        <ele>1072.498</ele>
        <time>2015-10-10T12:28:49Z</time>
      </trkpt>
      <trkpt lat="46.397686" lon="23.492958">
        <ele>1072.356</ele>
        <time>2015-10-10T12:28:56Z</time>
      </trkpt>
      <trkpt lat="46.397675" lon="23.493080">
        <ele>1072.428</ele>
        <time>2015-10-10T12:29:03Z</time>
      </trkpt>
      <trkpt lat="46.397681" lon="23.493213">
        <ele>1072.728</ele>
        <time>2015-10-10T12:29:10Z</time>
      </trkpt>
      <trkpt lat="46.397685" lon="23.493333">
        <ele>1073.074</ele>
        <time>2015-10-10T12:29:17Z</time>
      </trkpt>
      <trkpt lat="46.397678" lon="23.493459">
        <ele>1073.934</ele>
        <time>2015-10-10T12:29:24Z</time>
      </trkpt>
      <trkpt lat="46.397683" lon="23.493579">
        <ele>1074.896</ele>
        <time>2015-10-10T12:29:32Z</time>
      </trkpt>
      <trkpt lat="46.397691" lon="23.493703">
        <ele>1075.731</ele>
        <time>2015-10-10T12:29:39Z</time>
      </trkpt>
      <trkpt lat="46.397685" lon="23.493821">
        <ele>1076.524</ele>
        <time>2015-10-10T12:29:46Z</time>
      </trkpt>
      <trkpt lat="46.397685" lon="23.493946">
        <ele>1077.508</ele>
        <time>2015-10-10T12:29:54Z</time>
      </trkpt>
      <trkpt lat="46.397695" lon="23.494063">
        <ele>1078.440</ele>
        <time>2015-10-10T12:30:01Z</time>
      </trkpt>
      <trkpt lat="46.397703" lon="23.494188">
        <ele>1079.356</ele>
        <time>2015-10-10T12:30:08Z</time>
      </trkpt>
      <trkpt lat="46.397686" lon="23.494313">
        <ele>1079.380</ele>
        <time>2015-10-10T12:30:16Z</time>
      </trkpt>
      <trkpt lat="46.397685" lon="23.494448">
        <ele>1079.398</ele>
        <time>2015-10-10T12:30:24Z</time>
      </trkpt>
      <trkpt lat="46.397686" lon="23.494571">
        <ele>1079.520</ele>
        <time>2015-10-10T12:30:31Z</time>
      </trkpt>
      <trkpt lat="46.397686" lon="23.494693">
        <ele>1079.620</ele>
        <time>2015-10-10T12:30:38Z</time>
      </trkpt>
      <trkpt lat="46.397685" lon="23.494819">
        <ele>1079.936</ele>
        <time>2015-10-10T12:30:45Z</time>
      </trkpt>
      <trkpt lat="46.397681" lon="23.494951">
        <ele>1080.226</ele>
        <time>2015-10-10T12:30:52Z</time>
      </trkpt>
      <trkpt lat="46.397686" lon="23.495071">
        <ele>1080.278</ele>
        <time>2015-10-10T12:30:59Z</time>
      </trkpt>
      <trkpt lat="46.397690" lon="23.495191">
        <ele>1079.933</ele>
        <time>2015-10-10T12:31:05Z</time>
      </trkpt>
      <trkpt lat="46.397678" lon="23.495325">
        <ele>1079.526</ele>
        <time>2015-10-10T12:31:13Z</time>
      </trkpt>
      <trkpt lat="46.397698" lon="23.495440">
        <ele>1079.108</ele>
        <time>2015-10-10T12:31:21Z</time>
      </trkpt>
      <trkpt lat="46.397700" lon="23.495560">
        <ele>1078.768</ele>
        <time>2015-10-10T12:31:28Z</time>
      </trkpt>
      <trkpt lat="46.397740" lon="23.495671">
        <ele>1078.474</ele>
        <time>2015-10-10T12:31:35Z</time>
      </trkpt>
      <trkpt lat="46.397730" lon="23.495790">
        <ele>1078.068</ele>
        <time>2015-10-10T12:31:41Z</time>
      </trkpt>
      <trkpt lat="46.397745" lon="23.495916">
        <ele>1077.086</ele>
        <time>2015-10-10T12:31:47Z</time>
      </trkpt>
      <trkpt lat="46.397765" lon="23.496045">
        <ele>1075.728</ele>
        <time>2015-10-10T12:31:55Z</time>
      </trkpt>
      <trkpt lat="46.397796" lon="23.496170">
        <ele>1075.068</ele>
        <time>2015-10-10T12:32:03Z</time>
      </trkpt>
      <trkpt lat="46.397821" lon="23.496290">
        <ele>1074.814</ele>
        <time>2015-10-10T12:33:03Z</time>
      </trkpt>
      <trkpt lat="46.397873" lon="23.496396">
        <ele>1075.314</ele>
        <time>2015-10-10T12:33:12Z</time>
      </trkpt>
      <trkpt lat="46.397910" lon="23.496509">
        <ele>1075.221</ele>
        <time>2015-10-10T12:33:20Z</time>
      </trkpt>
      <trkpt lat="46.397936" lon="23.496621">
        <ele>1075.041</ele>
        <time>2015-10-10T12:33:44Z</time>
      </trkpt>
      <trkpt lat="46.397974" lon="23.496730">
        <ele>1074.405</ele>
        <time>2015-10-10T12:33:52Z</time>
      </trkpt>
      <trkpt lat="46.397991" lon="23.496845">
        <ele>1072.608</ele>
        <time>2015-10-10T12:34:03Z</time>
      </trkpt>
      <trkpt lat="46.398006" lon="23.496966">
        <ele>1070.723</ele>
        <time>2015-10-10T12:34:11Z</time>
      </trkpt>
      <trkpt lat="46.398005" lon="23.497086">
        <ele>1069.629</ele>
        <time>2015-10-10T12:34:19Z</time>
      </trkpt>
      <trkpt lat="46.397996" lon="23.497205">
        <ele>1068.373</ele>
        <time>2015-10-10T12:34:27Z</time>
      </trkpt>
      <trkpt lat="46.397988" lon="23.497330">
        <ele>1068.441</ele>
        <time>2015-10-10T12:34:35Z</time>
      </trkpt>
      <trkpt lat="46.397983" lon="23.497451">
        <ele>1068.813</ele>
        <time>2015-10-10T12:34:42Z</time>
      </trkpt>
      <trkpt lat="46.397958" lon="23.497566">
        <ele>1068.853</ele>
        <time>2015-10-10T12:34:51Z</time>
      </trkpt>
      <trkpt lat="46.397953" lon="23.497700">
        <ele>1069.299</ele>
        <time>2015-10-10T12:35:00Z</time>
      </trkpt>
      <trkpt lat="46.397956" lon="23.497824">
        <ele>1069.229</ele>
        <time>2015-10-10T12:35:09Z</time>
      </trkpt>
      <trkpt lat="46.397956" lon="23.497951">
        <ele>1068.271</ele>
        <time>2015-10-10T12:35:17Z</time>
      </trkpt>
      <trkpt lat="46.397948" lon="23.498075">
        <ele>1067.141</ele>
        <time>2015-10-10T12:35:25Z</time>
      </trkpt>
      <trkpt lat="46.397948" lon="23.498203">
        <ele>1065.715</ele>
        <time>2015-10-10T12:35:34Z</time>
      </trkpt>
      <trkpt lat="46.397978" lon="23.498315">
        <ele>1065.208</ele>
        <time>2015-10-10T12:35:42Z</time>
      </trkpt>
      <trkpt lat="46.398021" lon="23.498424">
        <ele>1065.258</ele>
        <time>2015-10-10T12:35:50Z</time>
      </trkpt>
      <trkpt lat="46.398066" lon="23.498533">
        <ele>1065.014</ele>
        <time>2015-10-10T12:36:01Z</time>
      </trkpt>
      <trkpt lat="46.398141" lon="23.498586">
        <ele>1065.688</ele>
        <time>2015-10-10T12:36:09Z</time>
      </trkpt>
      <trkpt lat="46.398165" lon="23.498713">
        <ele>1064.316</ele>
        <time>2015-10-10T12:36:18Z</time>
      </trkpt>
      <trkpt lat="46.398203" lon="23.498825">
        <ele>1063.488</ele>
        <time>2015-10-10T12:36:25Z</time>
      </trkpt>
      <trkpt lat="46.398183" lon="23.498953">
        <ele>1061.968</ele>
        <time>2015-10-10T12:36:33Z</time>
      </trkpt>
      <trkpt lat="46.398154" lon="23.499065">
        <ele>1060.884</ele>
        <time>2015-10-10T12:36:41Z</time>
      </trkpt>
      <trkpt lat="46.398163" lon="23.499190">
        <ele>1059.944</ele>
        <time>2015-10-10T12:37:49Z</time>
      </trkpt>
      <trkpt lat="46.398165" lon="23.499313">
        <ele>1058.672</ele>
        <time>2015-10-10T12:37:57Z</time>
      </trkpt>
      <trkpt lat="46.398151" lon="23.499441">
        <ele>1057.113</ele>
        <time>2015-10-10T12:38:04Z</time>
      </trkpt>
      <trkpt lat="46.398138" lon="23.499571">
        <ele>1055.914</ele>
        <time>2015-10-10T12:38:11Z</time>
      </trkpt>
      <trkpt lat="46.398088" lon="23.499681">
        <ele>1054.108</ele>
        <time>2015-10-10T12:38:18Z</time>
      </trkpt>
      <trkpt lat="46.398033" lon="23.499788">
        <ele>1051.888</ele>
        <time>2015-10-10T12:38:26Z</time>
      </trkpt>
      <trkpt lat="46.397985" lon="23.499898">
        <ele>1049.444</ele>
        <time>2015-10-10T12:38:35Z</time>
      </trkpt>
      <trkpt lat="46.397898" lon="23.499961">
        <ele>1046.528</ele>
        <time>2015-10-10T12:39:02Z</time>
      </trkpt>
      <trkpt lat="46.397848" lon="23.500066">
        <ele>1044.276</ele>
        <time>2015-10-10T12:39:08Z</time>
      </trkpt>
      <trkpt lat="46.397830" lon="23.500195">
        <ele>1042.868</ele>
        <time>2015-10-10T12:39:14Z</time>
      </trkpt>
      <trkpt lat="46.397830" lon="23.500320">
        <ele>1041.818</ele>
        <time>2015-10-10T12:39:20Z</time>
      </trkpt>
      <trkpt lat="46.397820" lon="23.500453">
        <ele>1040.724</ele>
        <time>2015-10-10T12:39:26Z</time>
      </trkpt>
      <trkpt lat="46.397823" lon="23.500571">
        <ele>1039.814</ele>
        <time>2015-10-10T12:39:32Z</time>
      </trkpt>
      <trkpt lat="46.397808" lon="23.500691">
        <ele>1038.184</ele>
        <time>2015-10-10T12:39:39Z</time>
      </trkpt>
      <trkpt lat="46.397793" lon="23.500821">
        <ele>1036.407</ele>
        <time>2015-10-10T12:39:48Z</time>
      </trkpt>
      <trkpt lat="46.397773" lon="23.500943">
        <ele>1033.517</ele>
        <time>2015-10-10T12:39:56Z</time>
      </trkpt>
      <trkpt lat="46.397785" lon="23.501063">
        <ele>1031.108</ele>
        <time>2015-10-10T12:40:03Z</time>
      </trkpt>
      <trkpt lat="46.397786" lon="23.501193">
        <ele>1029.259</ele>
        <time>2015-10-10T12:40:10Z</time>
      </trkpt>
      <trkpt lat="46.397796" lon="23.501309">
        <ele>1028.185</ele>
        <time>2015-10-10T12:40:17Z</time>
      </trkpt>
      <trkpt lat="46.397796" lon="23.501438">
        <ele>1027.499</ele>
        <time>2015-10-10T12:40:23Z</time>
      </trkpt>
      <trkpt lat="46.397776" lon="23.501553">
        <ele>1027.647</ele>
        <time>2015-10-10T12:40:29Z</time>
      </trkpt>
      <trkpt lat="46.397781" lon="23.501678">
        <ele>1028.069</ele>
        <time>2015-10-10T12:40:35Z</time>
      </trkpt>
      <trkpt lat="46.397753" lon="23.501798">
        <ele>1027.259</ele>
        <time>2015-10-10T12:40:41Z</time>
      </trkpt>
      <trkpt lat="46.397721" lon="23.501915">
        <ele>1026.455</ele>
        <time>2015-10-10T12:40:47Z</time>
      </trkpt>
      <trkpt lat="46.397698" lon="23.502028">
        <ele>1025.885</ele>
        <time>2015-10-10T12:40:53Z</time>
      </trkpt>
      <trkpt lat="46.397645" lon="23.502141">
        <ele>1024.536</ele>
        <time>2015-10-10T12:41:00Z</time>
      </trkpt>
      <trkpt lat="46.397608" lon="23.502256">
        <ele>1023.417</ele>
        <time>2015-10-10T12:41:07Z</time>
      </trkpt>
      <trkpt lat="46.397553" lon="23.502348">
        <ele>1021.918</ele>
        <time>2015-10-10T12:41:13Z</time>
      </trkpt>
      <trkpt lat="46.397483" lon="23.502419">
        <ele>1020.408</ele>
        <time>2015-10-10T12:41:20Z</time>
      </trkpt>
      <trkpt lat="46.397434" lon="23.502519">
        <ele>1019.014</ele>
        <time>2015-10-10T12:41:27Z</time>
      </trkpt>
      <trkpt lat="46.397385" lon="23.502628">
        <ele>1018.110</ele>
        <time>2015-10-10T12:41:34Z</time>
      </trkpt>
      <trkpt lat="46.397355" lon="23.502744">
        <ele>1017.514</ele>
        <time>2015-10-10T12:41:42Z</time>
      </trkpt>
      <trkpt lat="46.397323" lon="23.502871">
        <ele>1017.352</ele>
        <time>2015-10-10T12:41:49Z</time>
      </trkpt>
      <trkpt lat="46.397293" lon="23.502995">
        <ele>1017.344</ele>
        <time>2015-10-10T12:41:56Z</time>
      </trkpt>
      <trkpt lat="46.397245" lon="23.503096">
        <ele>1017.354</ele>
        <time>2015-10-10T12:42:03Z</time>
      </trkpt>
      <trkpt lat="46.397213" lon="23.503205">
        <ele>1017.490</ele>
        <time>2015-10-10T12:42:10Z</time>
      </trkpt>
      <trkpt lat="46.397158" lon="23.503308">
        <ele>1017.290</ele>
        <time>2015-10-10T12:42:17Z</time>
      </trkpt>
      <trkpt lat="46.397108" lon="23.503401">
        <ele>1017.311</ele>
        <time>2015-10-10T12:42:24Z</time>
      </trkpt>
      <trkpt lat="46.397065" lon="23.503510">
        <ele>1017.621</ele>
        <time>2015-10-10T12:42:30Z</time>
      </trkpt>
      <trkpt lat="46.397018" lon="23.503608">
        <ele>1017.803</ele>
        <time>2015-10-10T12:42:37Z</time>
      </trkpt>
      <trkpt lat="46.396981" lon="23.503719">
        <ele>1017.908</ele>
        <time>2015-10-10T12:42:44Z</time>
      </trkpt>
      <trkpt lat="46.396948" lon="23.503843">
        <ele>1017.972</ele>
        <time>2015-10-10T12:42:52Z</time>
      </trkpt>
      <trkpt lat="46.396930" lon="23.503960">
        <ele>1018.018</ele>
        <time>2015-10-10T12:42:59Z</time>
      </trkpt>
      <trkpt lat="46.396891" lon="23.504066">
        <ele>1017.872</ele>
        <time>2015-10-10T12:43:06Z</time>
      </trkpt>
      <trkpt lat="46.396873" lon="23.504190">
        <ele>1018.150</ele>
        <time>2015-10-10T12:43:14Z</time>
      </trkpt>
      <trkpt lat="46.396846" lon="23.504306">
        <ele>1018.122</ele>
        <time>2015-10-10T12:43:22Z</time>
      </trkpt>
      <trkpt lat="46.396833" lon="23.504433">
        <ele>1018.492</ele>
        <time>2015-10-10T12:43:32Z</time>
      </trkpt>
      <trkpt lat="46.396821" lon="23.504551">
        <ele>1018.048</ele>
        <time>2015-10-10T12:43:40Z</time>
      </trkpt>
      <trkpt lat="46.396786" lon="23.504665">
        <ele>1017.488</ele>
        <time>2015-10-10T12:43:47Z</time>
      </trkpt>
      <trkpt lat="46.396744" lon="23.504779">
        <ele>1016.699</ele>
        <time>2015-10-10T12:43:54Z</time>
      </trkpt>
      <trkpt lat="46.396708" lon="23.504886">
        <ele>1015.907</ele>
        <time>2015-10-10T12:44:01Z</time>
      </trkpt>
      <trkpt lat="46.396669" lon="23.505008">
        <ele>1015.027</ele>
        <time>2015-10-10T12:44:08Z</time>
      </trkpt>
      <trkpt lat="46.396646" lon="23.505136">
        <ele>1014.208</ele>
        <time>2015-10-10T12:44:15Z</time>
      </trkpt>
      <trkpt lat="46.396648" lon="23.505263">
        <ele>1013.890</ele>
        <time>2015-10-10T12:44:22Z</time>
      </trkpt>
      <trkpt lat="46.396623" lon="23.505380">
        <ele>1013.716</ele>
        <time>2015-10-10T12:44:30Z</time>
      </trkpt>
      <trkpt lat="46.396603" lon="23.505508">
        <ele>1013.750</ele>
        <time>2015-10-10T12:44:38Z</time>
      </trkpt>
      <trkpt lat="46.396531" lon="23.505581">
        <ele>1012.738</ele>
        <time>2015-10-10T12:44:44Z</time>
      </trkpt>
      <trkpt lat="46.396468" lon="23.505656">
        <ele>1011.790</ele>
        <time>2015-10-10T12:44:51Z</time>
      </trkpt>
      <trkpt lat="46.396411" lon="23.505756">
        <ele>1010.690</ele>
        <time>2015-10-10T12:44:58Z</time>
      </trkpt>
      <trkpt lat="46.396348" lon="23.505853">
        <ele>1010.056</ele>
        <time>2015-10-10T12:45:05Z</time>
      </trkpt>
      <trkpt lat="46.396290" lon="23.505948">
        <ele>1010.876</ele>
        <time>2015-10-10T12:45:12Z</time>
      </trkpt>
      <trkpt lat="46.396228" lon="23.506043">
        <ele>1011.488</ele>
        <time>2015-10-10T12:45:28Z</time>
      </trkpt>
      <trkpt lat="46.396161" lon="23.506128">
        <ele>1011.824</ele>
        <time>2015-10-10T12:45:43Z</time>
      </trkpt>
      <trkpt lat="46.396090" lon="23.506213">
        <ele>1012.626</ele>
        <time>2015-10-10T12:45:50Z</time>
      </trkpt>
      <trkpt lat="46.396028" lon="23.506289">
        <ele>1013.208</ele>
        <time>2015-10-10T12:45:56Z</time>
      </trkpt>
      <trkpt lat="46.395963" lon="23.506379">
        <ele>1013.779</ele>
        <time>2015-10-10T12:46:03Z</time>
      </trkpt>
      <trkpt lat="46.395904" lon="23.506471">
        <ele>1013.575</ele>
        <time>2015-10-10T12:46:09Z</time>
      </trkpt>
      <trkpt lat="46.395841" lon="23.506550">
        <ele>1012.729</ele>
        <time>2015-10-10T12:46:15Z</time>
      </trkpt>
      <trkpt lat="46.395765" lon="23.506626">
        <ele>1011.337</ele>
        <time>2015-10-10T12:46:22Z</time>
      </trkpt>
      <trkpt lat="46.395698" lon="23.506703">
        <ele>1010.339</ele>
        <time>2015-10-10T12:46:29Z</time>
      </trkpt>
      <trkpt lat="46.395626" lon="23.506758">
        <ele>1009.259</ele>
        <time>2015-10-10T12:46:37Z</time>
      </trkpt>
      <trkpt lat="46.395546" lon="23.506820">
        <ele>1007.945</ele>
        <time>2015-10-10T12:46:44Z</time>
      </trkpt>
      <trkpt lat="46.395480" lon="23.506906">
        <ele>1007.385</ele>
        <time>2015-10-10T12:46:51Z</time>
      </trkpt>
      <trkpt lat="46.395413" lon="23.506981">
        <ele>1006.633</ele>
        <time>2015-10-10T12:46:59Z</time>
      </trkpt>
      <trkpt lat="46.395336" lon="23.507021">
        <ele>1005.523</ele>
        <time>2015-10-10T12:47:05Z</time>
      </trkpt>
      <trkpt lat="46.395273" lon="23.507124">
        <ele>1005.215</ele>
        <time>2015-10-10T12:47:11Z</time>
      </trkpt>
      <trkpt lat="46.395215" lon="23.507208">
        <ele>1004.808</ele>
        <time>2015-10-10T12:47:17Z</time>
      </trkpt>
      <trkpt lat="46.395153" lon="23.507295">
        <ele>1004.074</ele>
        <time>2015-10-10T12:47:23Z</time>
      </trkpt>
      <trkpt lat="46.395093" lon="23.507391">
        <ele>1003.310</ele>
        <time>2015-10-10T12:47:30Z</time>
      </trkpt>
      <trkpt lat="46.395030" lon="23.507484">
        <ele>1002.544</ele>
        <time>2015-10-10T12:47:37Z</time>
      </trkpt>
      <trkpt lat="46.394960" lon="23.507571">
        <ele>1001.212</ele>
        <time>2015-10-10T12:47:45Z</time>
      </trkpt>
      <trkpt lat="46.394895" lon="23.507651">
        <ele>999.914</ele>
        <time>2015-10-10T12:47:51Z</time>
      </trkpt>
      <trkpt lat="46.394843" lon="23.507754">
        <ele>998.714</ele>
        <time>2015-10-10T12:47:58Z</time>
      </trkpt>
      <trkpt lat="46.394803" lon="23.507866">
        <ele>997.380</ele>
        <time>2015-10-10T12:48:05Z</time>
      </trkpt>
      <trkpt lat="46.394766" lon="23.507975">
        <ele>996.120</ele>
        <time>2015-10-10T12:48:11Z</time>
      </trkpt>
      <trkpt lat="46.394726" lon="23.508093">
        <ele>994.975</ele>
        <time>2015-10-10T12:48:18Z</time>
      </trkpt>
      <trkpt lat="46.394723" lon="23.508221">
        <ele>994.428</ele>
        <time>2015-10-10T12:48:25Z</time>
      </trkpt>
      <trkpt lat="46.394720" lon="23.508339">
        <ele>994.020</ele>
        <time>2015-10-10T12:48:32Z</time>
      </trkpt>
      <trkpt lat="46.394733" lon="23.508463">
        <ele>994.208</ele>
        <time>2015-10-10T12:48:40Z</time>
      </trkpt>
      <trkpt lat="46.394743" lon="23.508595">
        <ele>994.448</ele>
        <time>2015-10-10T12:48:47Z</time>
      </trkpt>
      <trkpt lat="46.394738" lon="23.508716">
        <ele>994.384</ele>
        <time>2015-10-10T12:48:54Z</time>
      </trkpt>
      <trkpt lat="46.394744" lon="23.508843">
        <ele>994.538</ele>
        <time>2015-10-10T12:49:01Z</time>
      </trkpt>
      <trkpt lat="46.394746" lon="23.508971">
        <ele>994.586</ele>
        <time>2015-10-10T12:49:09Z</time>
      </trkpt>
      <trkpt lat="46.394753" lon="23.509093">
        <ele>994.748</ele>
        <time>2015-10-10T12:49:16Z</time>
      </trkpt>
      <trkpt lat="46.394771" lon="23.509221">
        <ele>994.728</ele>
        <time>2015-10-10T12:49:23Z</time>
      </trkpt>
      <trkpt lat="46.394789" lon="23.509336">
        <ele>994.494</ele>
        <time>2015-10-10T12:49:29Z</time>
      </trkpt>
      <trkpt lat="46.394789" lon="23.509466">
        <ele>993.564</ele>
        <time>2015-10-10T12:49:37Z</time>
      </trkpt>
      <trkpt lat="46.394811" lon="23.509593">
        <ele>993.228</ele>
        <time>2015-10-10T12:49:44Z</time>
      </trkpt>
      <trkpt lat="46.394825" lon="23.509718">
        <ele>992.689</ele>
        <time>2015-10-10T12:49:51Z</time>
      </trkpt>
      <trkpt lat="46.394836" lon="23.509841">
        <ele>993.117</ele>
        <time>2015-10-10T12:49:58Z</time>
      </trkpt>
      <trkpt lat="46.394871" lon="23.509966">
        <ele>994.208</ele>
        <time>2015-10-10T12:50:05Z</time>
      </trkpt>
      <trkpt lat="46.394903" lon="23.510090">
        <ele>994.763</ele>
        <time>2015-10-10T12:50:14Z</time>
      </trkpt>
      <trkpt lat="46.394938" lon="23.510215">
        <ele>995.169</ele>
        <time>2015-10-10T12:50:22Z</time>
      </trkpt>
      <trkpt lat="46.394971" lon="23.510335">
        <ele>995.393</ele>
        <time>2015-10-10T12:50:29Z</time>
      </trkpt>
      <trkpt lat="46.395011" lon="23.510444">
        <ele>995.811</ele>
        <time>2015-10-10T12:50:36Z</time>
      </trkpt>
      <trkpt lat="46.395026" lon="23.510576">
        <ele>995.983</ele>
        <time>2015-10-10T12:50:43Z</time>
      </trkpt>
      <trkpt lat="46.395031" lon="23.510699">
        <ele>995.323</ele>
        <time>2015-10-10T12:50:50Z</time>
      </trkpt>
      <trkpt lat="46.395055" lon="23.510815">
        <ele>995.719</ele>
        <time>2015-10-10T12:50:57Z</time>
      </trkpt>
      <trkpt lat="46.395058" lon="23.510943">
        <ele>996.199</ele>
        <time>2015-10-10T12:51:05Z</time>
      </trkpt>
      <trkpt lat="46.395086" lon="23.511053">
        <ele>997.861</ele>
        <time>2015-10-10T12:51:12Z</time>
      </trkpt>
      <trkpt lat="46.395086" lon="23.511173">
        <ele>998.221</ele>
        <time>2015-10-10T12:51:19Z</time>
      </trkpt>
      <trkpt lat="46.395104" lon="23.511298">
        <ele>999.313</ele>
        <time>2015-10-10T12:51:38Z</time>
      </trkpt>
      <trkpt lat="46.395133" lon="23.511433">
        <ele>1000.608</ele>
        <time>2015-10-10T12:51:45Z</time>
      </trkpt>
      <trkpt lat="46.395130" lon="23.511563">
        <ele>1000.087</ele>
        <time>2015-10-10T12:51:52Z</time>
      </trkpt>
      <trkpt lat="46.395148" lon="23.511681">
        <ele>1000.323</ele>
        <time>2015-10-10T12:51:59Z</time>
      </trkpt>
      <trkpt lat="46.395155" lon="23.511803">
        <ele>1000.397</ele>
        <time>2015-10-10T12:52:06Z</time>
      </trkpt>
      <trkpt lat="46.395134" lon="23.511931">
        <ele>998.855</ele>
        <time>2015-10-10T12:52:14Z</time>
      </trkpt>
      <trkpt lat="46.395140" lon="23.512065">
        <ele>999.347</ele>
        <time>2015-10-10T12:52:21Z</time>
      </trkpt>
      <trkpt lat="46.395134" lon="23.512183">
        <ele>999.237</ele>
        <time>2015-10-10T12:52:28Z</time>
      </trkpt>
      <trkpt lat="46.395130" lon="23.512313">
        <ele>999.483</ele>
        <time>2015-10-10T12:52:36Z</time>
      </trkpt>
      <trkpt lat="46.395116" lon="23.512446">
        <ele>999.243</ele>
        <time>2015-10-10T12:52:44Z</time>
      </trkpt>
      <trkpt lat="46.395098" lon="23.512580">
        <ele>999.379</ele>
        <time>2015-10-10T12:52:50Z</time>
      </trkpt>
      <trkpt lat="46.395113" lon="23.512700">
        <ele>1001.005</ele>
        <time>2015-10-10T12:52:57Z</time>
      </trkpt>
      <trkpt lat="46.395098" lon="23.512833">
        <ele>1001.125</ele>
        <time>2015-10-10T12:53:04Z</time>
      </trkpt>
      <trkpt lat="46.395083" lon="23.512963">
        <ele>1000.908</ele>
        <time>2015-10-10T12:53:12Z</time>
      </trkpt>
      <trkpt lat="46.395063" lon="23.513085">
        <ele>1000.398</ele>
        <time>2015-10-10T12:53:19Z</time>
      </trkpt>
      <trkpt lat="46.395028" lon="23.513211">
        <ele>999.134</ele>
        <time>2015-10-10T12:53:28Z</time>
      </trkpt>
      <trkpt lat="46.394969" lon="23.513301">
        <ele>996.518</ele>
        <time>2015-10-10T12:53:35Z</time>
      </trkpt>
      <trkpt lat="46.394900" lon="23.513389">
        <ele>994.156</ele>
        <time>2015-10-10T12:53:43Z</time>
      </trkpt>
      <trkpt lat="46.394850" lon="23.513498">
        <ele>992.748</ele>
        <time>2015-10-10T12:53:51Z</time>
      </trkpt>
      <trkpt lat="46.394808" lon="23.513606">
        <ele>991.368</ele>
        <time>2015-10-10T12:53:58Z</time>
      </trkpt>
      <trkpt lat="46.394740" lon="23.513671">
        <ele>988.694</ele>
        <time>2015-10-10T12:54:06Z</time>
      </trkpt>
      <trkpt lat="46.394668" lon="23.513733">
        <ele>986.074</ele>
        <time>2015-10-10T12:54:13Z</time>
      </trkpt>
      <trkpt lat="46.394616" lon="23.513828">
        <ele>984.351</ele>
        <time>2015-10-10T12:54:22Z</time>
      </trkpt>
      <trkpt lat="46.394540" lon="23.513890">
        <ele>980.801</ele>
        <time>2015-10-10T12:54:28Z</time>
      </trkpt>
      <trkpt lat="46.394478" lon="23.513966">
        <ele>978.611</ele>
        <time>2015-10-10T12:54:35Z</time>
      </trkpt>
      <trkpt lat="46.394416" lon="23.514051">
        <ele>976.908</ele>
        <time>2015-10-10T12:54:42Z</time>
      </trkpt>
      <trkpt lat="46.394361" lon="23.514155">
        <ele>976.216</ele>
        <time>2015-10-10T12:54:49Z</time>
      </trkpt>
      <trkpt lat="46.394308" lon="23.514255">
        <ele>975.732</ele>
        <time>2015-10-10T12:54:55Z</time>
      </trkpt>
      <trkpt lat="46.394283" lon="23.514385">
        <ele>976.346</ele>
        <time>2015-10-10T12:55:03Z</time>
      </trkpt>
      <trkpt lat="46.394255" lon="23.514501">
        <ele>976.734</ele>
        <time>2015-10-10T12:55:12Z</time>
      </trkpt>
      <trkpt lat="46.394201" lon="23.514603">
        <ele>975.586</ele>
        <time>2015-10-10T12:55:20Z</time>
      </trkpt>
      <trkpt lat="46.394201" lon="23.514728">
        <ele>977.156</ele>
        <time>2015-10-10T12:55:26Z</time>
      </trkpt>
      <trkpt lat="46.394170" lon="23.514838">
        <ele>976.962</ele>
        <time>2015-10-10T12:55:33Z</time>
      </trkpt>
      <trkpt lat="46.394113" lon="23.514933">
        <ele>975.872</ele>
        <time>2015-10-10T12:55:42Z</time>
      </trkpt>
      <trkpt lat="46.394071" lon="23.515051">
        <ele>975.552</ele>
        <time>2015-10-10T12:55:50Z</time>
      </trkpt>
      <trkpt lat="46.394011" lon="23.515153">
        <ele>973.953</ele>
        <time>2015-10-10T12:55:58Z</time>
      </trkpt>
      <trkpt lat="46.393973" lon="23.515258">
        <ele>973.108</ele>
        <time>2015-10-10T12:56:05Z</time>
      </trkpt>
      <trkpt lat="46.393936" lon="23.515373">
        <ele>972.508</ele>
        <time>2015-10-10T12:56:13Z</time>
      </trkpt>
      <trkpt lat="46.393876" lon="23.515463">
        <ele>970.366</ele>
        <time>2015-10-10T12:56:20Z</time>
      </trkpt>
      <trkpt lat="46.393810" lon="23.515535">
        <ele>967.652</ele>
        <time>2015-10-10T12:56:25Z</time>
      </trkpt>
      <trkpt lat="46.393745" lon="23.515621">
        <ele>965.296</ele>
        <time>2015-10-10T12:56:33Z</time>
      </trkpt>
      <trkpt lat="46.393679" lon="23.515698">
        <ele>962.594</ele>
        <time>2015-10-10T12:56:40Z</time>
      </trkpt>
      <trkpt lat="46.393645" lon="23.515805">
        <ele>961.746</ele>
        <time>2015-10-10T12:56:49Z</time>
      </trkpt>
      <trkpt lat="46.393600" lon="23.515913">
        <ele>961.436</ele>
        <time>2015-10-10T12:56:56Z</time>
      </trkpt>
      <trkpt lat="46.393561" lon="23.516033">
        <ele>962.142</ele>
        <time>2015-10-10T12:57:04Z</time>
      </trkpt>
      <trkpt lat="46.393506" lon="23.516138">
        <ele>961.362</ele>
        <time>2015-10-10T12:57:11Z</time>
      </trkpt>
      <trkpt lat="46.393453" lon="23.516233">
        <ele>960.385</ele>
        <time>2015-10-10T12:57:19Z</time>
      </trkpt>
      <trkpt lat="46.393371" lon="23.516281">
        <ele>956.189</ele>
        <time>2015-10-10T12:57:27Z</time>
      </trkpt>
      <trkpt lat="46.393289" lon="23.516338">
        <ele>952.417</ele>
        <time>2015-10-10T12:57:35Z</time>
      </trkpt>
      <trkpt lat="46.393210" lon="23.516358">
        <ele>948.408</ele>
        <time>2015-10-10T12:57:44Z</time>
      </trkpt>
      <trkpt lat="46.393131" lon="23.516396">
        <ele>944.489</ele>
        <time>2015-10-10T12:57:53Z</time>
      </trkpt>
      <trkpt lat="46.393058" lon="23.516466">
        <ele>940.775</ele>
        <time>2015-10-10T12:58:00Z</time>
      </trkpt>
      <trkpt lat="46.393006" lon="23.516573">
        <ele>938.519</ele>
        <time>2015-10-10T12:58:09Z</time>
      </trkpt>
      <trkpt lat="46.392963" lon="23.516690">
        <ele>937.237</ele>
        <time>2015-10-10T12:58:17Z</time>
      </trkpt>
      <trkpt lat="46.392905" lon="23.516778">
        <ele>935.789</ele>
        <time>2015-10-10T12:58:26Z</time>
      </trkpt>
      <trkpt lat="46.392833" lon="23.516856">
        <ele>932.979</ele>
        <time>2015-10-10T12:58:33Z</time>
      </trkpt>
      <trkpt lat="46.392783" lon="23.516961">
        <ele>931.825</ele>
        <time>2015-10-10T12:58:41Z</time>
      </trkpt>
      <trkpt lat="46.392691" lon="23.517066">
        <ele>930.285</ele>
        <time>2015-10-10T13:00:25Z</time>
      </trkpt>
      <trkpt lat="46.392618" lon="23.517136">
        <ele>928.355</ele>
        <time>2015-10-10T13:00:35Z</time>
      </trkpt>
      <trkpt lat="46.392556" lon="23.517220">
        <ele>926.807</ele>
        <time>2015-10-10T13:00:42Z</time>
      </trkpt>
      <trkpt lat="46.392486" lon="23.517279">
        <ele>923.017</ele>
        <time>2015-10-10T13:00:50Z</time>
      </trkpt>
      <trkpt lat="46.392438" lon="23.517383">
        <ele>919.908</ele>
        <time>2015-10-10T13:01:01Z</time>
      </trkpt>
      <trkpt lat="46.392419" lon="23.517510">
        <ele>918.326</ele>
        <time>2015-10-10T13:01:09Z</time>
      </trkpt>
      <trkpt lat="46.392381" lon="23.517625">
        <ele>915.842</ele>
        <time>2015-10-10T13:01:16Z</time>
      </trkpt>
      <trkpt lat="46.392350" lon="23.517733">
        <ele>913.586</ele>
        <time>2015-10-10T13:01:22Z</time>
      </trkpt>
      <trkpt lat="46.392314" lon="23.517851">
        <ele>911.684</ele>
        <time>2015-10-10T13:01:29Z</time>
      </trkpt>
      <trkpt lat="46.392273" lon="23.517956">
        <ele>909.726</ele>
        <time>2015-10-10T13:01:38Z</time>
      </trkpt>
      <trkpt lat="46.392254" lon="23.518083">
        <ele>909.586</ele>
        <time>2015-10-10T13:01:45Z</time>
      </trkpt>
      <trkpt lat="46.392231" lon="23.518205">
        <ele>909.292</ele>
        <time>2015-10-10T13:01:53Z</time>
      </trkpt>
      <trkpt lat="46.392196" lon="23.518316">
        <ele>908.812</ele>
        <time>2015-10-10T13:02:01Z</time>
      </trkpt>
      <trkpt lat="46.392148" lon="23.518416">
        <ele>907.823</ele>
        <time>2015-10-10T13:02:09Z</time>
      </trkpt>
      <trkpt lat="46.392100" lon="23.518513">
        <ele>906.583</ele>
        <time>2015-10-10T13:02:19Z</time>
      </trkpt>
      <trkpt lat="46.392039" lon="23.518605">
        <ele>904.411</ele>
        <time>2015-10-10T13:02:35Z</time>
      </trkpt>
      <trkpt lat="46.392008" lon="23.518720">
        <ele>902.608</ele>
        <time>2015-10-10T13:02:43Z</time>
      </trkpt>
      <trkpt lat="46.391965" lon="23.518835">
        <ele>899.673</ele>
        <time>2015-10-10T13:02:52Z</time>
      </trkpt>
      <trkpt lat="46.391936" lon="23.518958">
        <ele>897.139</ele>
        <time>2015-10-10T13:03:00Z</time>
      </trkpt>
      <trkpt lat="46.391916" lon="23.519073">
        <ele>895.213</ele>
        <time>2015-10-10T13:03:07Z</time>
      </trkpt>
      <trkpt lat="46.391920" lon="23.519191">
        <ele>894.271</ele>
        <time>2015-10-10T13:03:15Z</time>
      </trkpt>
      <trkpt lat="46.391885" lon="23.519313">
        <ele>889.783</ele>
        <time>2015-10-10T13:03:22Z</time>
      </trkpt>
      <trkpt lat="46.391876" lon="23.519438">
        <ele>886.763</ele>
        <time>2015-10-10T13:03:29Z</time>
      </trkpt>
      <trkpt lat="46.391853" lon="23.519560">
        <ele>883.069</ele>
        <time>2015-10-10T13:03:37Z</time>
      </trkpt>
      <trkpt lat="46.391876" lon="23.519708">
        <ele>881.139</ele>
        <time>2015-10-10T13:09:43Z</time>
      </trkpt>
      <trkpt lat="46.391916" lon="23.519818">
        <ele>880.953</ele>
        <time>2015-10-10T13:09:52Z</time>
      </trkpt>
      <trkpt lat="46.391956" lon="23.519923">
        <ele>881.004</ele>
        <time>2015-10-10T13:09:57Z</time>
      </trkpt>
      <trkpt lat="46.391983" lon="23.520043">
        <ele>879.814</ele>
        <time>2015-10-10T13:10:04Z</time>
      </trkpt>
      <trkpt lat="46.392036" lon="23.520161">
        <ele>879.308</ele>
        <time>2015-10-10T13:10:31Z</time>
      </trkpt>
      <trkpt lat="46.392081" lon="23.520269">
        <ele>879.186</ele>
        <time>2015-10-10T13:10:42Z</time>
      </trkpt>
      <trkpt lat="46.392093" lon="23.520398">
        <ele>876.842</ele>
        <time>2015-10-10T13:10:49Z</time>
      </trkpt>
      <trkpt lat="46.392093" lon="23.520545">
        <ele>873.386</ele>
        <time>2015-10-10T13:11:13Z</time>
      </trkpt>
      <trkpt lat="46.392075" lon="23.520680">
        <ele>870.274</ele>
        <time>2015-10-10T13:11:30Z</time>
      </trkpt>
      <trkpt lat="46.392070" lon="23.520803">
        <ele>868.246</ele>
        <time>2015-10-10T13:11:36Z</time>
      </trkpt>
      <trkpt lat="46.392105" lon="23.520915">
        <ele>867.786</ele>
        <time>2015-10-10T13:11:46Z</time>
      </trkpt>
      <trkpt lat="46.392170" lon="23.521006">
        <ele>869.672</ele>
        <time>2015-10-10T13:11:54Z</time>
      </trkpt>
      <trkpt lat="46.392218" lon="23.521104">
        <ele>870.822</ele>
        <time>2015-10-10T13:12:01Z</time>
      </trkpt>
      <trkpt lat="46.392258" lon="23.521218">
        <ele>867.981</ele>
        <time>2015-10-10T13:12:07Z</time>
      </trkpt>
      <trkpt lat="46.392298" lon="23.521335">
        <ele>864.861</ele>
        <time>2015-10-10T13:12:14Z</time>
      </trkpt>
      <trkpt lat="46.392331" lon="23.521461">
        <ele>860.817</ele>
        <time>2015-10-10T13:12:21Z</time>
      </trkpt>
      <trkpt lat="46.392370" lon="23.521571">
        <ele>857.808</ele>
        <time>2015-10-10T13:12:28Z</time>
      </trkpt>
      <trkpt lat="46.392411" lon="23.521695">
        <ele>855.169</ele>
        <time>2015-10-10T13:12:35Z</time>
      </trkpt>
      <trkpt lat="46.392460" lon="23.521793">
        <ele>854.815</ele>
        <time>2015-10-10T13:12:41Z</time>
      </trkpt>
      <trkpt lat="46.392511" lon="23.521900">
        <ele>853.929</ele>
        <time>2015-10-10T13:12:49Z</time>
      </trkpt>
      <trkpt lat="46.392566" lon="23.522003">
        <ele>853.557</ele>
        <time>2015-10-10T13:12:55Z</time>
      </trkpt>
      <trkpt lat="46.392631" lon="23.522100">
        <ele>854.069</ele>
        <time>2015-10-10T13:13:03Z</time>
      </trkpt>
      <trkpt lat="46.392668" lon="23.522205">
        <ele>853.199</ele>
        <time>2015-10-10T13:13:09Z</time>
      </trkpt>
      <trkpt lat="46.392680" lon="23.522326">
        <ele>850.965</ele>
        <time>2015-10-10T13:13:15Z</time>
      </trkpt>
      <trkpt lat="46.392723" lon="23.522426">
        <ele>850.455</ele>
        <time>2015-10-10T13:13:21Z</time>
      </trkpt>
      <trkpt lat="46.392770" lon="23.522533">
        <ele>849.932</ele>
        <time>2015-10-10T13:13:27Z</time>
      </trkpt>
      <trkpt lat="46.392828" lon="23.522628">
        <ele>849.192</ele>
        <time>2015-10-10T13:13:34Z</time>
      </trkpt>
      <trkpt lat="46.392893" lon="23.522730">
        <ele>848.711</ele>
        <time>2015-10-10T13:13:41Z</time>
      </trkpt>
      <trkpt lat="46.392935" lon="23.522838">
        <ele>848.108</ele>
        <time>2015-10-10T13:13:47Z</time>
      </trkpt>
      <trkpt lat="46.392958" lon="23.522953">
        <ele>847.144</ele>
        <time>2015-10-10T13:13:53Z</time>
      </trkpt>
      <trkpt lat="46.392984" lon="23.523075">
        <ele>846.170</ele>
        <time>2015-10-10T13:14:00Z</time>
      </trkpt>
      <trkpt lat="46.393029" lon="23.523193">
        <ele>846.154</ele>
        <time>2015-10-10T13:14:08Z</time>
      </trkpt>
      <trkpt lat="46.393071" lon="23.523313">
        <ele>845.742</ele>
        <time>2015-10-10T13:14:16Z</time>
      </trkpt>
      <trkpt lat="46.393115" lon="23.523413">
        <ele>845.664</ele>
        <time>2015-10-10T13:14:23Z</time>
      </trkpt>
      <trkpt lat="46.393161" lon="23.523521">
        <ele>845.654</ele>
        <time>2015-10-10T13:14:31Z</time>
      </trkpt>
      <trkpt lat="46.393193" lon="23.523630">
        <ele>845.280</ele>
        <time>2015-10-10T13:14:37Z</time>
      </trkpt>
      <trkpt lat="46.393213" lon="23.523761">
        <ele>844.580</ele>
        <time>2015-10-10T13:14:44Z</time>
      </trkpt>
      <trkpt lat="46.393246" lon="23.523880">
        <ele>844.347</ele>
        <time>2015-10-10T13:14:51Z</time>
      </trkpt>
      <trkpt lat="46.393296" lon="23.523979">
        <ele>844.229</ele>
        <time>2015-10-10T13:14:58Z</time>
      </trkpt>
      <trkpt lat="46.393349" lon="23.524081">
        <ele>843.921</ele>
        <time>2015-10-10T13:15:05Z</time>
      </trkpt>
      <trkpt lat="46.393383" lon="23.524193">
        <ele>842.808</ele>
        <time>2015-10-10T13:15:12Z</time>
      </trkpt>
      <trkpt lat="46.393431" lon="23.524291">
        <ele>842.265</ele>
        <time>2015-10-10T13:15:20Z</time>
      </trkpt>
      <trkpt lat="46.393475" lon="23.524398">
        <ele>841.481</ele>
        <time>2015-10-10T13:15:27Z</time>
      </trkpt>
      <trkpt lat="46.393514" lon="23.524511">
        <ele>840.475</ele>
        <time>2015-10-10T13:15:34Z</time>
      </trkpt>
      <trkpt lat="46.393551" lon="23.524631">
        <ele>839.393</ele>
        <time>2015-10-10T13:15:41Z</time>
      </trkpt>
      <trkpt lat="46.393591" lon="23.524750">
        <ele>838.125</ele>
        <time>2015-10-10T13:15:48Z</time>
      </trkpt>
      <trkpt lat="46.393634" lon="23.524859">
        <ele>836.865</ele>
        <time>2015-10-10T13:15:56Z</time>
      </trkpt>
      <trkpt lat="46.393700" lon="23.524946">
        <ele>835.721</ele>
        <time>2015-10-10T13:16:04Z</time>
      </trkpt>
      <trkpt lat="46.393773" lon="23.525003">
        <ele>835.141</ele>
        <time>2015-10-10T13:16:11Z</time>
      </trkpt>
      <trkpt lat="46.393840" lon="23.525084">
        <ele>834.219</ele>
        <time>2015-10-10T13:16:18Z</time>
      </trkpt>
      <trkpt lat="46.393895" lon="23.525171">
        <ele>832.909</ele>
        <time>2015-10-10T13:16:25Z</time>
      </trkpt>
      <trkpt lat="46.393963" lon="23.525245">
        <ele>831.019</ele>
        <time>2015-10-10T13:16:32Z</time>
      </trkpt>
      <trkpt lat="46.394051" lon="23.525261">
        <ele>830.108</ele>
        <time>2015-10-10T13:16:40Z</time>
      </trkpt>
      <trkpt lat="46.394133" lon="23.525248">
        <ele>829.682</ele>
        <time>2015-10-10T13:16:47Z</time>
      </trkpt>
      <trkpt lat="46.394213" lon="23.525223">
        <ele>828.648</ele>
        <time>2015-10-10T13:16:53Z</time>
      </trkpt>
      <trkpt lat="46.394298" lon="23.525188">
        <ele>827.072</ele>
        <time>2015-10-10T13:17:00Z</time>
      </trkpt>
      <trkpt lat="46.394384" lon="23.525190">
        <ele>825.010</ele>
        <time>2015-10-10T13:17:08Z</time>
      </trkpt>
      <trkpt lat="46.394473" lon="23.525145">
        <ele>823.412</ele>
        <time>2015-10-10T13:17:15Z</time>
      </trkpt>
      <trkpt lat="46.394541" lon="23.525060">
        <ele>822.832</ele>
        <time>2015-10-10T13:17:22Z</time>
      </trkpt>
      <trkpt lat="46.394625" lon="23.524994">
        <ele>821.898</ele>
        <time>2015-10-10T13:17:29Z</time>
      </trkpt>
      <trkpt lat="46.394699" lon="23.524934">
        <ele>820.998</ele>
        <time>2015-10-10T13:17:36Z</time>
      </trkpt>
      <trkpt lat="46.394778" lon="23.524868">
        <ele>819.792</ele>
        <time>2015-10-10T13:17:44Z</time>
      </trkpt>
      <trkpt lat="46.394848" lon="23.524808">
        <ele>819.073</ele>
        <time>2015-10-10T13:17:51Z</time>
      </trkpt>
      <trkpt lat="46.394935" lon="23.524790">
        <ele>817.720</ele>
        <time>2015-10-10T13:17:59Z</time>
      </trkpt>
      <trkpt lat="46.395016" lon="23.524778">
        <ele>816.108</ele>
        <time>2015-10-10T13:18:06Z</time>
      </trkpt>
      <trkpt lat="46.395093" lon="23.524718">
        <ele>813.790</ele>
        <time>2015-10-10T13:18:12Z</time>
      </trkpt>
      <trkpt lat="46.395171" lon="23.524681">
        <ele>811.076</ele>
        <time>2015-10-10T13:18:19Z</time>
      </trkpt>
      <trkpt lat="46.395258" lon="23.524655">
        <ele>808.010</ele>
        <time>2015-10-10T13:18:26Z</time>
      </trkpt>
      <trkpt lat="46.395346" lon="23.524648">
        <ele>806.438</ele>
        <time>2015-10-10T13:18:34Z</time>
      </trkpt>
      <trkpt lat="46.395435" lon="23.524601">
        <ele>806.840</ele>
        <time>2015-10-10T13:18:41Z</time>
      </trkpt>
      <trkpt lat="46.395511" lon="23.524549">
        <ele>808.010</ele>
        <time>2015-10-10T13:18:47Z</time>
      </trkpt>
      <trkpt lat="46.395601" lon="23.524546">
        <ele>807.766</ele>
        <time>2015-10-10T13:18:54Z</time>
      </trkpt>
      <trkpt lat="46.395683" lon="23.524544">
        <ele>808.026</ele>
        <time>2015-10-10T13:19:00Z</time>
      </trkpt>
      <trkpt lat="46.395766" lon="23.524540">
        <ele>808.415</ele>
        <time>2015-10-10T13:19:07Z</time>
      </trkpt>
      <trkpt lat="46.395853" lon="23.524526">
        <ele>809.265</ele>
        <time>2015-10-10T13:19:15Z</time>
      </trkpt>
      <trkpt lat="46.395941" lon="23.524511">
        <ele>810.011</ele>
        <time>2015-10-10T13:19:25Z</time>
      </trkpt>
      <trkpt lat="46.396028" lon="23.524501">
        <ele>810.508</ele>
        <time>2015-10-10T13:19:34Z</time>
      </trkpt>
      <trkpt lat="46.396113" lon="23.524478">
        <ele>811.542</ele>
        <time>2015-10-10T13:19:54Z</time>
      </trkpt>
      <trkpt lat="46.396195" lon="23.524451">
        <ele>810.328</ele>
        <time>2015-10-10T13:20:00Z</time>
      </trkpt>
      <trkpt lat="46.396283" lon="23.524414">
        <ele>809.112</ele>
        <time>2015-10-10T13:20:07Z</time>
      </trkpt>
      <trkpt lat="46.396370" lon="23.524394">
        <ele>807.520</ele>
        <time>2015-10-10T13:20:14Z</time>
      </trkpt>
      <trkpt lat="46.396446" lon="23.524330">
        <ele>808.842</ele>
        <time>2015-10-10T13:20:21Z</time>
      </trkpt>
      <trkpt lat="46.396533" lon="23.524286">
        <ele>809.422</ele>
        <time>2015-10-10T13:20:30Z</time>
      </trkpt>
      <trkpt lat="46.396620" lon="23.524250">
        <ele>809.688</ele>
        <time>2015-10-10T13:20:38Z</time>
      </trkpt>
      <trkpt lat="46.396701" lon="23.524223">
        <ele>809.818</ele>
        <time>2015-10-10T13:20:45Z</time>
      </trkpt>
      <trkpt lat="46.396788" lon="23.524236">
        <ele>808.717</ele>
        <time>2015-10-10T13:20:52Z</time>
      </trkpt>
      <trkpt lat="46.396871" lon="23.524265">
        <ele>807.287</ele>
        <time>2015-10-10T13:20:58Z</time>
      </trkpt>
      <trkpt lat="46.396953" lon="23.524263">
        <ele>806.815</ele>
        <time>2015-10-10T13:21:05Z</time>
      </trkpt>
      <trkpt lat="46.397038" lon="23.524261">
        <ele>805.708</ele>
        <time>2015-10-10T13:21:12Z</time>
      </trkpt>
      <trkpt lat="46.397126" lon="23.524266">
        <ele>804.432</ele>
        <time>2015-10-10T13:21:20Z</time>
      </trkpt>
      <trkpt lat="46.397208" lon="23.524281">
        <ele>802.948</ele>
        <time>2015-10-10T13:21:28Z</time>
      </trkpt>
      <trkpt lat="46.397301" lon="23.524291">
        <ele>801.342</ele>
        <time>2015-10-10T13:21:35Z</time>
      </trkpt>
      <trkpt lat="46.397389" lon="23.524289">
        <ele>800.140</ele>
        <time>2015-10-10T13:21:45Z</time>
      </trkpt>
      <trkpt lat="46.397475" lon="23.524268">
        <ele>799.442</ele>
        <time>2015-10-10T13:21:53Z</time>
      </trkpt>
      <trkpt lat="46.397561" lon="23.524274">
        <ele>799.462</ele>
        <time>2015-10-10T13:22:00Z</time>
      </trkpt>
      <trkpt lat="46.397646" lon="23.524283">
        <ele>799.888</ele>
        <time>2015-10-10T13:22:06Z</time>
      </trkpt>
      <trkpt lat="46.397738" lon="23.524266">
        <ele>801.158</ele>
        <time>2015-10-10T13:22:25Z</time>
      </trkpt>
      <trkpt lat="46.397828" lon="23.524266">
        <ele>801.092</ele>
        <time>2015-10-10T13:22:33Z</time>
      </trkpt>
      <trkpt lat="46.397911" lon="23.524263">
        <ele>800.473</ele>
        <time>2015-10-10T13:22:40Z</time>
      </trkpt>
      <trkpt lat="46.397996" lon="23.524234">
        <ele>800.620</ele>
        <time>2015-10-10T13:22:48Z</time>
      </trkpt>
      <trkpt lat="46.398083" lon="23.524185">
        <ele>800.708</ele>
        <time>2015-10-10T13:22:56Z</time>
      </trkpt>
      <trkpt lat="46.398161" lon="23.524131">
        <ele>799.830</ele>
        <time>2015-10-10T13:23:04Z</time>
      </trkpt>
      <trkpt lat="46.398240" lon="23.524090">
        <ele>798.316</ele>
        <time>2015-10-10T13:23:11Z</time>
      </trkpt>
      <trkpt lat="46.398315" lon="23.524031">
        <ele>797.170</ele>
        <time>2015-10-10T13:23:19Z</time>
      </trkpt>
      <trkpt lat="46.398379" lon="23.523946">
        <ele>796.488</ele>
        <time>2015-10-10T13:23:27Z</time>
      </trkpt>
      <trkpt lat="46.398453" lon="23.523881">
        <ele>795.380</ele>
        <time>2015-10-10T13:23:34Z</time>
      </trkpt>
      <trkpt lat="46.398525" lon="23.523821">
        <ele>794.360</ele>
        <time>2015-10-10T13:23:42Z</time>
      </trkpt>
      <trkpt lat="46.398605" lon="23.523758">
        <ele>793.036</ele>
        <time>2015-10-10T13:23:50Z</time>
      </trkpt>
      <trkpt lat="46.398683" lon="23.523681">
        <ele>792.466</ele>
        <time>2015-10-10T13:23:57Z</time>
      </trkpt>
      <trkpt lat="46.398751" lon="23.523603">
        <ele>792.283</ele>
        <time>2015-10-10T13:24:03Z</time>
      </trkpt>
      <trkpt lat="46.398818" lon="23.523529">
        <ele>792.625</ele>
        <time>2015-10-10T13:24:10Z</time>
      </trkpt>
      <trkpt lat="46.398891" lon="23.523469">
        <ele>792.617</ele>
        <time>2015-10-10T13:24:17Z</time>
      </trkpt>
      <trkpt lat="46.398978" lon="23.523455">
        <ele>792.608</ele>
        <time>2015-10-10T13:24:24Z</time>
      </trkpt>
      <trkpt lat="46.399061" lon="23.523463">
        <ele>791.829</ele>
        <time>2015-10-10T13:24:40Z</time>
      </trkpt>
      <trkpt lat="46.399138" lon="23.523501">
        <ele>790.395</ele>
        <time>2015-10-10T13:24:48Z</time>
      </trkpt>
      <trkpt lat="46.399226" lon="23.523523">
        <ele>789.199</ele>
        <time>2015-10-10T13:24:57Z</time>
      </trkpt>
      <trkpt lat="46.399303" lon="23.523561">
        <ele>787.557</ele>
        <time>2015-10-10T13:25:03Z</time>
      </trkpt>
      <trkpt lat="46.399393" lon="23.523583">
        <ele>786.239</ele>
        <time>2015-10-10T13:25:10Z</time>
      </trkpt>
      <trkpt lat="46.399478" lon="23.523571">
        <ele>785.479</ele>
        <time>2015-10-10T13:25:18Z</time>
      </trkpt>
      <trkpt lat="46.399565" lon="23.523541">
        <ele>784.425</ele>
        <time>2015-10-10T13:25:26Z</time>
      </trkpt>
      <trkpt lat="46.399644" lon="23.523501">
        <ele>783.975</ele>
        <time>2015-10-10T13:25:33Z</time>
      </trkpt>
      <trkpt lat="46.399725" lon="23.523455">
        <ele>783.457</ele>
        <time>2015-10-10T13:25:44Z</time>
      </trkpt>
      <trkpt lat="46.399806" lon="23.523403">
        <ele>782.500</ele>
        <time>2015-10-10T13:25:52Z</time>
      </trkpt>
      <trkpt lat="46.399886" lon="23.523371">
        <ele>780.820</ele>
        <time>2015-10-10T13:26:01Z</time>
      </trkpt>
      <trkpt lat="46.399961" lon="23.523325">
        <ele>779.408</ele>
        <time>2015-10-10T13:26:09Z</time>
      </trkpt>
      <trkpt lat="46.400036" lon="23.523271">
        <ele>777.386</ele>
        <time>2015-10-10T13:26:16Z</time>
      </trkpt>
      <trkpt lat="46.400118" lon="23.523238">
        <ele>774.132</ele>
        <time>2015-10-10T13:26:23Z</time>
      </trkpt>
      <trkpt lat="46.400200" lon="23.523180">
        <ele>771.256</ele>
        <time>2015-10-10T13:26:31Z</time>
      </trkpt>
      <trkpt lat="46.400281" lon="23.523133">
        <ele>768.154</ele>
        <time>2015-10-10T13:26:39Z</time>
      </trkpt>
      <trkpt lat="46.400355" lon="23.523079">
        <ele>766.886</ele>
        <time>2015-10-10T13:26:46Z</time>
      </trkpt>
      <trkpt lat="46.400436" lon="23.523023">
        <ele>765.866</ele>
        <time>2015-10-10T13:26:52Z</time>
      </trkpt>
      <trkpt lat="46.400525" lon="23.523016">
        <ele>763.692</ele>
        <time>2015-10-10T13:26:59Z</time>
      </trkpt>
      <trkpt lat="46.400613" lon="23.523004">
        <ele>762.432</ele>
        <time>2015-10-10T13:27:10Z</time>
      </trkpt>
      <trkpt lat="46.400701" lon="23.522991">
        <ele>761.686</ele>
        <time>2015-10-10T13:27:17Z</time>
      </trkpt>
      <trkpt lat="46.400775" lon="23.522941">
        <ele>761.560</ele>
        <time>2015-10-10T13:27:25Z</time>
      </trkpt>
      <trkpt lat="46.400853" lon="23.522878">
        <ele>761.226</ele>
        <time>2015-10-10T13:27:33Z</time>
      </trkpt>
      <trkpt lat="46.400926" lon="23.522809">
        <ele>760.808</ele>
        <time>2015-10-10T13:27:40Z</time>
      </trkpt>
      <trkpt lat="46.401003" lon="23.522736">
        <ele>760.829</ele>
        <time>2015-10-10T13:27:47Z</time>
      </trkpt>
      <trkpt lat="46.401051" lon="23.522638">
        <ele>761.845</ele>
        <time>2015-10-10T13:27:56Z</time>
      </trkpt>
      <trkpt lat="46.401093" lon="23.522530">
        <ele>762.929</ele>
        <time>2015-10-10T13:28:06Z</time>
      </trkpt>
      <trkpt lat="46.401168" lon="23.522451">
        <ele>761.067</ele>
        <time>2015-10-10T13:28:15Z</time>
      </trkpt>
      <trkpt lat="46.401255" lon="23.522413">
        <ele>757.249</ele>
        <time>2015-10-10T13:28:22Z</time>
      </trkpt>
      <trkpt lat="46.401328" lon="23.522358">
        <ele>754.129</ele>
        <time>2015-10-10T13:28:28Z</time>
      </trkpt>
      <trkpt lat="46.401403" lon="23.522295">
        <ele>751.135</ele>
        <time>2015-10-10T13:28:34Z</time>
      </trkpt>
      <trkpt lat="46.401483" lon="23.522241">
        <ele>749.295</ele>
        <time>2015-10-10T13:28:41Z</time>
      </trkpt>
      <trkpt lat="46.401555" lon="23.522184">
        <ele>747.937</ele>
        <time>2015-10-10T13:28:47Z</time>
      </trkpt>
      <trkpt lat="46.401624" lon="23.522116">
        <ele>747.149</ele>
        <time>2015-10-10T13:28:53Z</time>
      </trkpt>
      <trkpt lat="46.401695" lon="23.522043">
        <ele>747.113</ele>
        <time>2015-10-10T13:29:01Z</time>
      </trkpt>
      <trkpt lat="46.401776" lon="23.521986">
        <ele>747.908</ele>
        <time>2015-10-10T13:29:09Z</time>
      </trkpt>
      <trkpt lat="46.401853" lon="23.521928">
        <ele>748.454</ele>
        <time>2015-10-10T13:29:24Z</time>
      </trkpt>
      <trkpt lat="46.401918" lon="23.521836">
        <ele>748.050</ele>
        <time>2015-10-10T13:29:31Z</time>
      </trkpt>
      <trkpt lat="46.401980" lon="23.521748">
        <ele>746.124</ele>
        <time>2015-10-10T13:29:38Z</time>
      </trkpt>
      <trkpt lat="46.402034" lon="23.521653">
        <ele>744.142</ele>
        <time>2015-10-10T13:29:44Z</time>
      </trkpt>
      <trkpt lat="46.402096" lon="23.521565">
        <ele>742.364</ele>
        <time>2015-10-10T13:29:51Z</time>
      </trkpt>
      <trkpt lat="46.402166" lon="23.521494">
        <ele>740.754</ele>
        <time>2015-10-10T13:29:58Z</time>
      </trkpt>
      <trkpt lat="46.402229" lon="23.521418">
        <ele>739.890</ele>
        <time>2015-10-10T13:30:12Z</time>
      </trkpt>
      <trkpt lat="46.402304" lon="23.521335">
        <ele>740.880</ele>
        <time>2015-10-10T13:30:20Z</time>
      </trkpt>
      <trkpt lat="46.402375" lon="23.521258">
        <ele>741.985</ele>
        <time>2015-10-10T13:30:27Z</time>
      </trkpt>
      <trkpt lat="46.402456" lon="23.521209">
        <ele>742.689</ele>
        <time>2015-10-10T13:30:34Z</time>
      </trkpt>
      <trkpt lat="46.402529" lon="23.521136">
        <ele>743.117</ele>
        <time>2015-10-10T13:30:41Z</time>
      </trkpt>
      <trkpt lat="46.402595" lon="23.521061">
        <ele>742.608</ele>
        <time>2015-10-10T13:30:46Z</time>
      </trkpt>
      <trkpt lat="46.402653" lon="23.520963">
        <ele>742.069</ele>
        <time>2015-10-10T13:30:53Z</time>
      </trkpt>
      <trkpt lat="46.402690" lon="23.520853">
        <ele>741.875</ele>
        <time>2015-10-10T13:31:01Z</time>
      </trkpt>
      <trkpt lat="46.402773" lon="23.520871">
        <ele>740.029</ele>
        <time>2015-10-10T13:31:09Z</time>
      </trkpt>
      <trkpt lat="46.402831" lon="23.520956">
        <ele>741.367</ele>
        <time>2015-10-10T13:31:30Z</time>
      </trkpt>
      <trkpt lat="46.402901" lon="23.521026">
        <ele>743.079</ele>
        <time>2015-10-10T13:31:40Z</time>
      </trkpt>
      <trkpt lat="46.402934" lon="23.521149">
        <ele>742.559</ele>
        <time>2015-10-10T13:31:47Z</time>
      </trkpt>
      <trkpt lat="46.402960" lon="23.521266">
        <ele>741.675</ele>
        <time>2015-10-10T13:31:53Z</time>
      </trkpt>
      <trkpt lat="46.402995" lon="23.521378">
        <ele>740.535</ele>
        <time>2015-10-10T13:31:59Z</time>
      </trkpt>
      <trkpt lat="46.402993" lon="23.521496">
        <ele>739.222</ele>
        <time>2015-10-10T13:32:04Z</time>
      </trkpt>
      <trkpt lat="46.402998" lon="23.521628">
        <ele>737.962</ele>
        <time>2015-10-10T13:32:10Z</time>
      </trkpt>
      <trkpt lat="46.403001" lon="23.521755">
        <ele>736.808</ele>
        <time>2015-10-10T13:32:17Z</time>
      </trkpt>
      <trkpt lat="46.403026" lon="23.521871">
        <ele>736.508</ele>
        <time>2015-10-10T13:32:23Z</time>
      </trkpt>
      <trkpt lat="46.403016" lon="23.522003">
        <ele>734.613</ele>
        <time>2015-10-10T13:32:29Z</time>
      </trkpt>
      <trkpt lat="46.403003" lon="23.522130">
        <ele>732.189</ele>
        <time>2015-10-10T13:32:35Z</time>
      </trkpt>
      <trkpt lat="46.402978" lon="23.522260">
        <ele>729.753</ele>
        <time>2015-10-10T13:32:42Z</time>
      </trkpt>
      <trkpt lat="46.402958" lon="23.522375">
        <ele>728.391</ele>
        <time>2015-10-10T13:32:48Z</time>
      </trkpt>
      <trkpt lat="46.402956" lon="23.522511">
        <ele>727.183</ele>
        <time>2015-10-10T13:32:54Z</time>
      </trkpt>
      <trkpt lat="46.402976" lon="23.522640">
        <ele>726.113</ele>
        <time>2015-10-10T13:33:01Z</time>
      </trkpt>
      <trkpt lat="46.402988" lon="23.522761">
        <ele>725.019</ele>
        <time>2015-10-10T13:33:08Z</time>
      </trkpt>
      <trkpt lat="46.403001" lon="23.522888">
        <ele>723.899</ele>
        <time>2015-10-10T13:33:15Z</time>
      </trkpt>
      <trkpt lat="46.403011" lon="23.523018">
        <ele>722.541</ele>
        <time>2015-10-10T13:33:23Z</time>
      </trkpt>
      <trkpt lat="46.403008" lon="23.523146">
        <ele>720.181</ele>
        <time>2015-10-10T13:33:29Z</time>
      </trkpt>
      <trkpt lat="46.402970" lon="23.523275">
        <ele>716.909</ele>
        <time>2015-10-10T13:33:36Z</time>
      </trkpt>
      <trkpt lat="46.402921" lon="23.523375">
        <ele>714.708</ele>
        <time>2015-10-10T13:33:43Z</time>
      </trkpt>
      <trkpt lat="46.402913" lon="23.523508">
        <ele>713.475</ele>
        <time>2015-10-10T13:33:51Z</time>
      </trkpt>
      <trkpt lat="46.402913" lon="23.523636">
        <ele>712.171</ele>
        <time>2015-10-10T13:33:59Z</time>
      </trkpt>
      <trkpt lat="46.402901" lon="23.523766">
        <ele>710.375</ele>
        <time>2015-10-10T13:34:06Z</time>
      </trkpt>
      <trkpt lat="46.402915" lon="23.523893">
        <ele>708.933</ele>
        <time>2015-10-10T13:34:11Z</time>
      </trkpt>
      <trkpt lat="46.402918" lon="23.524020">
        <ele>707.485</ele>
        <time>2015-10-10T13:34:18Z</time>
      </trkpt>
      <trkpt lat="46.402905" lon="23.524144">
        <ele>705.715</ele>
        <time>2015-10-10T13:34:25Z</time>
      </trkpt>
      <trkpt lat="46.402898" lon="23.524274">
        <ele>703.911</ele>
        <time>2015-10-10T13:34:33Z</time>
      </trkpt>
      <trkpt lat="46.402895" lon="23.524406">
        <ele>702.081</ele>
        <time>2015-10-10T13:34:39Z</time>
      </trkpt>
      <trkpt lat="46.402889" lon="23.524540">
        <ele>700.948</ele>
        <time>2015-10-10T13:34:46Z</time>
      </trkpt>
      <trkpt lat="46.402860" lon="23.524658">
        <ele>699.861</ele>
        <time>2015-10-10T13:34:53Z</time>
      </trkpt>
      <trkpt lat="46.402851" lon="23.524784">
        <ele>698.717</ele>
        <time>2015-10-10T13:35:00Z</time>
      </trkpt>
      <trkpt lat="46.402843" lon="23.524921">
        <ele>697.008</ele>
        <time>2015-10-10T13:35:07Z</time>
      </trkpt>
      <trkpt lat="46.402835" lon="23.525048">
        <ele>695.585</ele>
        <time>2015-10-10T13:35:13Z</time>
      </trkpt>
      <trkpt lat="46.402818" lon="23.525178">
        <ele>693.871</ele>
        <time>2015-10-10T13:35:20Z</time>
      </trkpt>
      <trkpt lat="46.402826" lon="23.525301">
        <ele>692.765</ele>
        <time>2015-10-10T13:35:27Z</time>
      </trkpt>
      <trkpt lat="46.402815" lon="23.525426">
        <ele>691.753</ele>
        <time>2015-10-10T13:35:34Z</time>
      </trkpt>
      <trkpt lat="46.402790" lon="23.525545">
        <ele>690.325</ele>
        <time>2015-10-10T13:35:41Z</time>
      </trkpt>
      <trkpt lat="46.402763" lon="23.525658">
        <ele>689.535</ele>
        <time>2015-10-10T13:35:47Z</time>
      </trkpt>
      <trkpt lat="46.402736" lon="23.525784">
        <ele>688.611</ele>
        <time>2015-10-10T13:35:54Z</time>
      </trkpt>
      <trkpt lat="46.402715" lon="23.525900">
        <ele>687.661</ele>
        <time>2015-10-10T13:36:01Z</time>
      </trkpt>
      <trkpt lat="46.402683" lon="23.526008">
        <ele>686.264</ele>
        <time>2015-10-10T13:36:08Z</time>
      </trkpt>
      <trkpt lat="46.402700" lon="23.526135">
        <ele>685.406</ele>
        <time>2015-10-10T13:37:09Z</time>
      </trkpt>
      <trkpt lat="46.402668" lon="23.526260">
        <ele>684.016</ele>
        <time>2015-10-10T13:37:15Z</time>
      </trkpt>
      <trkpt lat="46.402623" lon="23.526373">
        <ele>682.308</ele>
        <time>2015-10-10T13:37:21Z</time>
      </trkpt>
      <trkpt lat="46.402600" lon="23.526498">
        <ele>681.037</ele>
        <time>2015-10-10T13:37:28Z</time>
      </trkpt>
      <trkpt lat="46.402586" lon="23.526620">
        <ele>679.953</ele>
        <time>2015-10-10T13:37:35Z</time>
      </trkpt>
      <trkpt lat="46.402548" lon="23.526735">
        <ele>678.797</ele>
        <time>2015-10-10T13:37:41Z</time>
      </trkpt>
      <trkpt lat="46.402525" lon="23.526851">
        <ele>677.855</ele>
        <time>2015-10-10T13:37:48Z</time>
      </trkpt>
      <trkpt lat="46.402465" lon="23.526961">
        <ele>676.667</ele>
        <time>2015-10-10T13:37:55Z</time>
      </trkpt>
      <trkpt lat="46.402428" lon="23.527075">
        <ele>675.957</ele>
        <time>2015-10-10T13:38:02Z</time>
      </trkpt>
      <trkpt lat="46.402398" lon="23.527205">
        <ele>674.943</ele>
        <time>2015-10-10T13:38:09Z</time>
      </trkpt>
      <trkpt lat="46.402373" lon="23.527316">
        <ele>673.623</ele>
        <time>2015-10-10T13:38:15Z</time>
      </trkpt>
      <trkpt lat="46.402345" lon="23.527433">
        <ele>672.156</ele>
        <time>2015-10-10T13:38:22Z</time>
      </trkpt>
      <trkpt lat="46.402315" lon="23.527558">
        <ele>670.759</ele>
        <time>2015-10-10T13:38:29Z</time>
      </trkpt>
      <trkpt lat="46.402286" lon="23.527668">
        <ele>669.614</ele>
        <time>2015-10-10T13:38:35Z</time>
      </trkpt>
      <trkpt lat="46.402268" lon="23.527795">
        <ele>668.708</ele>
        <time>2015-10-10T13:38:42Z</time>
      </trkpt>
      <trkpt lat="46.402259" lon="23.527923">
        <ele>667.626</ele>
        <time>2015-10-10T13:38:50Z</time>
      </trkpt>
      <trkpt lat="46.402248" lon="23.528053">
        <ele>666.562</ele>
        <time>2015-10-10T13:38:57Z</time>
      </trkpt>
      <trkpt lat="46.402223" lon="23.528181">
        <ele>666.066</ele>
        <time>2015-10-10T13:39:04Z</time>
      </trkpt>
      <trkpt lat="46.402201" lon="23.528311">
        <ele>665.944</ele>
        <time>2015-10-10T13:39:12Z</time>
      </trkpt>
      <trkpt lat="46.402180" lon="23.528431">
        <ele>664.926</ele>
        <time>2015-10-10T13:39:18Z</time>
      </trkpt>
      <trkpt lat="46.402150" lon="23.528554">
        <ele>663.736</ele>
        <time>2015-10-10T13:39:25Z</time>
      </trkpt>
      <trkpt lat="46.402128" lon="23.528686">
        <ele>662.352</ele>
        <time>2015-10-10T13:39:33Z</time>
      </trkpt>
      <trkpt lat="46.402113" lon="23.528813">
        <ele>660.862</ele>
        <time>2015-10-10T13:39:40Z</time>
      </trkpt>
      <trkpt lat="46.402088" lon="23.528939">
        <ele>659.369</ele>
        <time>2015-10-10T13:39:48Z</time>
      </trkpt>
      <trkpt lat="46.402085" lon="23.529065">
        <ele>658.604</ele>
        <time>2015-10-10T13:39:55Z</time>
      </trkpt>
      <trkpt lat="46.402045" lon="23.529183">
        <ele>657.424</ele>
        <time>2015-10-10T13:40:01Z</time>
      </trkpt>
      <trkpt lat="46.402040" lon="23.529306">
        <ele>656.708</ele>
        <time>2015-10-10T13:40:09Z</time>
      </trkpt>
      <trkpt lat="46.401998" lon="23.529415">
        <ele>655.797</ele>
        <time>2015-10-10T13:40:16Z</time>
      </trkpt>
      <trkpt lat="46.401955" lon="23.529521">
        <ele>654.643</ele>
        <time>2015-10-10T13:40:23Z</time>
      </trkpt>
      <trkpt lat="46.401925" lon="23.529635">
        <ele>653.717</ele>
        <time>2015-10-10T13:40:31Z</time>
      </trkpt>
      <trkpt lat="46.401908" lon="23.529751">
        <ele>652.815</ele>
        <time>2015-10-10T13:40:39Z</time>
      </trkpt>
      <trkpt lat="46.401948" lon="23.529856">
        <ele>651.617</ele>
        <time>2015-10-10T13:40:49Z</time>
      </trkpt>
      <trkpt lat="46.401963" lon="23.529974">
        <ele>650.447</ele>
        <time>2015-10-10T13:40:59Z</time>
      </trkpt>
      <trkpt lat="46.401965" lon="23.530101">
        <ele>649.113</ele>
        <time>2015-10-10T13:41:08Z</time>
      </trkpt>
      <trkpt lat="46.401959" lon="23.530221">
        <ele>647.743</ele>
        <time>2015-10-10T13:41:16Z</time>
      </trkpt>
      <trkpt lat="46.401943" lon="23.530350">
        <ele>646.817</ele>
        <time>2015-10-10T13:41:23Z</time>
      </trkpt>
      <trkpt lat="46.401908" lon="23.530465">
        <ele>646.587</ele>
        <time>2015-10-10T13:41:30Z</time>
      </trkpt>
      <trkpt lat="46.401856" lon="23.530571">
        <ele>646.215</ele>
        <time>2015-10-10T13:41:38Z</time>
      </trkpt>
      <trkpt lat="46.401808" lon="23.530674">
        <ele>645.608</ele>
        <time>2015-10-10T13:41:46Z</time>
      </trkpt>
      <trkpt lat="46.401778" lon="23.530794">
        <ele>644.992</ele>
        <time>2015-10-10T13:41:55Z</time>
      </trkpt>
      <trkpt lat="46.401721" lon="23.530895">
        <ele>644.538</ele>
        <time>2015-10-10T13:42:03Z</time>
      </trkpt>
      <trkpt lat="46.401673" lon="23.531000">
        <ele>643.872</ele>
        <time>2015-10-10T13:42:10Z</time>
      </trkpt>
      <trkpt lat="46.401618" lon="23.531094">
        <ele>643.540</ele>
        <time>2015-10-10T13:42:17Z</time>
      </trkpt>
      <trkpt lat="46.401560" lon="23.531181">
        <ele>643.452</ele>
        <time>2015-10-10T13:42:26Z</time>
      </trkpt>
      <trkpt lat="46.401510" lon="23.531285">
        <ele>643.182</ele>
        <time>2015-10-10T13:42:33Z</time>
      </trkpt>
      <trkpt lat="46.401453" lon="23.531375">
        <ele>642.918</ele>
        <time>2015-10-10T13:42:40Z</time>
      </trkpt>
      <trkpt lat="46.401421" lon="23.531484">
        <ele>641.988</ele>
        <time>2015-10-10T13:42:49Z</time>
      </trkpt>
      <trkpt lat="46.401371" lon="23.531588">
        <ele>641.038</ele>
        <time>2015-10-10T13:43:00Z</time>
      </trkpt>
      <trkpt lat="46.401333" lon="23.531696">
        <ele>640.170</ele>
        <time>2015-10-10T13:43:08Z</time>
      </trkpt>
      <trkpt lat="46.401309" lon="23.531810">
        <ele>639.017</ele>
        <time>2015-10-10T13:43:16Z</time>
      </trkpt>
      <trkpt lat="46.401298" lon="23.531936">
        <ele>637.708</ele>
        <time>2015-10-10T13:43:24Z</time>
      </trkpt>
      <trkpt lat="46.401308" lon="23.532055">
        <ele>636.794</ele>
        <time>2015-10-10T13:43:31Z</time>
      </trkpt>
      <trkpt lat="46.401300" lon="23.532184">
        <ele>635.650</ele>
        <time>2015-10-10T13:43:38Z</time>
      </trkpt>
      <trkpt lat="46.401275" lon="23.532303">
        <ele>634.894</ele>
        <time>2015-10-10T13:43:44Z</time>
      </trkpt>
      <trkpt lat="46.401245" lon="23.532413">
        <ele>634.142</ele>
        <time>2015-10-10T13:43:48Z</time>
      </trkpt>
      <trkpt lat="46.401245" lon="23.532538">
        <ele>633.224</ele>
        <time>2015-10-10T13:43:55Z</time>
      </trkpt>
      <trkpt lat="46.401219" lon="23.532655">
        <ele>632.414</ele>
        <time>2015-10-10T13:44:01Z</time>
      </trkpt>
      <trkpt lat="46.401191" lon="23.532781">
        <ele>631.340</ele>
        <time>2015-10-10T13:44:08Z</time>
      </trkpt>
      <trkpt lat="46.401148" lon="23.532893">
        <ele>630.320</ele>
        <time>2015-10-10T13:44:15Z</time>
      </trkpt>
      <trkpt lat="46.401083" lon="23.532966">
        <ele>629.666</ele>
        <time>2015-10-10T13:44:23Z</time>
      </trkpt>
      <trkpt lat="46.401015" lon="23.533035">
        <ele>629.129</ele>
        <time>2015-10-10T13:44:30Z</time>
      </trkpt>
      <trkpt lat="46.400953" lon="23.533129">
        <ele>628.521</ele>
        <time>2015-10-10T13:44:38Z</time>
      </trkpt>
      <trkpt lat="46.400886" lon="23.533223">
        <ele>627.808</ele>
        <time>2015-10-10T13:44:46Z</time>
      </trkpt>
      <trkpt lat="46.400843" lon="23.533331">
        <ele>627.057</ele>
        <time>2015-10-10T13:44:53Z</time>
      </trkpt>
      <trkpt lat="46.400801" lon="23.533446">
        <ele>626.673</ele>
        <time>2015-10-10T13:45:00Z</time>
      </trkpt>
      <trkpt lat="46.400753" lon="23.533565">
        <ele>626.277</ele>
        <time>2015-10-10T13:45:07Z</time>
      </trkpt>
      <trkpt lat="46.400713" lon="23.533681">
        <ele>625.665</ele>
        <time>2015-10-10T13:45:14Z</time>
      </trkpt>
      <trkpt lat="46.400668" lon="23.533799">
        <ele>624.957</ele>
        <time>2015-10-10T13:45:23Z</time>
      </trkpt>
      <trkpt lat="46.400646" lon="23.533933">
        <ele>624.177</ele>
        <time>2015-10-10T13:45:30Z</time>
      </trkpt>
      <trkpt lat="46.400638" lon="23.534053">
        <ele>623.543</ele>
        <time>2015-10-10T13:45:35Z</time>
      </trkpt>
      <trkpt lat="46.400631" lon="23.534174">
        <ele>623.063</ele>
        <time>2015-10-10T13:45:41Z</time>
      </trkpt>
      <trkpt lat="46.400634" lon="23.534298">
        <ele>622.268</ele>
        <time>2015-10-10T13:45:49Z</time>
      </trkpt>
      <trkpt lat="46.400670" lon="23.534421">
        <ele>621.542</ele>
        <time>2015-10-10T13:45:56Z</time>
      </trkpt>
      <trkpt lat="46.400696" lon="23.534535">
        <ele>621.226</ele>
        <time>2015-10-10T13:46:03Z</time>
      </trkpt>
      <trkpt lat="46.400741" lon="23.534645">
        <ele>620.908</ele>
        <time>2015-10-10T13:46:10Z</time>
      </trkpt>
      <trkpt lat="46.400768" lon="23.534756">
        <ele>620.537</ele>
        <time>2015-10-10T13:46:17Z</time>
      </trkpt>
      <trkpt lat="46.400814" lon="23.534871">
        <ele>619.863</ele>
        <time>2015-10-10T13:46:24Z</time>
      </trkpt>
      <trkpt lat="46.400858" lon="23.534995">
        <ele>619.147</ele>
        <time>2015-10-10T13:46:31Z</time>
      </trkpt>
      <trkpt lat="46.400880" lon="23.535110">
        <ele>618.075</ele>
        <time>2015-10-10T13:46:37Z</time>
      </trkpt>
      <trkpt lat="46.400906" lon="23.535241">
        <ele>616.917</ele>
        <time>2015-10-10T13:46:44Z</time>
      </trkpt>
      <trkpt lat="46.400949" lon="23.535358">
        <ele>616.127</ele>
        <time>2015-10-10T13:46:51Z</time>
      </trkpt>
      <trkpt lat="46.400988" lon="23.535478">
        <ele>615.313</ele>
        <time>2015-10-10T13:46:58Z</time>
      </trkpt>
      <trkpt lat="46.401000" lon="23.535601">
        <ele>614.413</ele>
        <time>2015-10-10T13:47:05Z</time>
      </trkpt>
      <trkpt lat="46.401028" lon="23.535729">
        <ele>613.999</ele>
        <time>2015-10-10T13:47:13Z</time>
      </trkpt>
      <trkpt lat="46.401065" lon="23.535841">
        <ele>613.607</ele>
        <time>2015-10-10T13:47:20Z</time>
      </trkpt>
      <trkpt lat="46.401118" lon="23.535943">
        <ele>613.727</ele>
        <time>2015-10-10T13:47:27Z</time>
      </trkpt>
      <trkpt lat="46.401161" lon="23.536044">
        <ele>613.608</ele>
        <time>2015-10-10T13:47:33Z</time>
      </trkpt>
      <trkpt lat="46.401200" lon="23.536151">
        <ele>613.560</ele>
        <time>2015-10-10T13:47:39Z</time>
      </trkpt>
      <trkpt lat="46.401183" lon="23.536288">
        <ele>612.796</ele>
        <time>2015-10-10T13:47:46Z</time>
      </trkpt>
      <trkpt lat="46.401178" lon="23.536413">
        <ele>612.150</ele>
        <time>2015-10-10T13:47:53Z</time>
      </trkpt>
      <trkpt lat="46.401141" lon="23.536518">
        <ele>611.238</ele>
        <time>2015-10-10T13:48:01Z</time>
      </trkpt>
      <trkpt lat="46.401101" lon="23.536638">
        <ele>610.210</ele>
        <time>2015-10-10T13:48:07Z</time>
      </trkpt>
      <trkpt lat="46.401060" lon="23.536749">
        <ele>609.820</ele>
        <time>2015-10-10T13:48:13Z</time>
      </trkpt>
      <trkpt lat="46.401033" lon="23.536871">
        <ele>609.316</ele>
        <time>2015-10-10T13:48:19Z</time>
      </trkpt>
      <trkpt lat="46.400986" lon="23.536978">
        <ele>608.986</ele>
        <time>2015-10-10T13:48:25Z</time>
      </trkpt>
      <trkpt lat="46.400961" lon="23.537103">
        <ele>608.475</ele>
        <time>2015-10-10T13:48:32Z</time>
      </trkpt>
      <trkpt lat="46.400935" lon="23.537218">
        <ele>607.828</ele>
        <time>2015-10-10T13:48:39Z</time>
      </trkpt>
      <trkpt lat="46.400875" lon="23.537305">
        <ele>607.020</ele>
        <time>2015-10-10T13:49:01Z</time>
      </trkpt>
      <trkpt lat="46.400798" lon="23.537251">
        <ele>606.808</ele>
        <time>2015-10-10T13:49:10Z</time>
      </trkpt>
      <trkpt lat="46.400711" lon="23.537203">
        <ele>606.728</ele>
        <time>2015-10-10T13:49:31Z</time>
      </trkpt>
      <trkpt lat="46.400631" lon="23.537273">
        <ele>606.014</ele>
        <time>2015-10-10T13:49:37Z</time>
      </trkpt>
      <trkpt lat="46.400566" lon="23.537350">
        <ele>605.188</ele>
        <time>2015-10-10T13:49:44Z</time>
      </trkpt>
      <trkpt lat="46.400505" lon="23.537433">
        <ele>604.376</ele>
        <time>2015-10-10T13:49:50Z</time>
      </trkpt>
      <trkpt lat="46.400420" lon="23.537496">
        <ele>603.558</ele>
        <time>2015-10-10T13:49:56Z</time>
      </trkpt>
      <trkpt lat="46.400326" lon="23.537463">
        <ele>603.388</ele>
        <time>2015-10-10T13:50:03Z</time>
      </trkpt>
      <trkpt lat="46.400243" lon="23.537423">
        <ele>603.274</ele>
        <time>2015-10-10T13:50:12Z</time>
      </trkpt>
      <trkpt lat="46.400161" lon="23.537445">
        <ele>603.164</ele>
        <time>2015-10-10T13:50:19Z</time>
      </trkpt>
      <trkpt lat="46.400081" lon="23.537485">
        <ele>603.056</ele>
        <time>2015-10-10T13:50:25Z</time>
      </trkpt>
    </trkseg>
  </trk></gpx>