<?xml version="1.0" encoding="UTF-8"?>
<gpx creator="Wikiloc - https://www.wikiloc.com" version="1.1" xmlns="http://www.topografix.com/GPX/1/1" xmlns:xsi="http://www.w3.org/2001/XMLSchema-instance" xsi:schemaLocation="http://www.topografix.com/GPX/1/1 http://www.topografix.com/GPX/1/1/gpx.xsd">
  <metadata>
    <name>Wikiloc - Piatra Cetii - Muntii Trascaului - Hiking 3/13/16 11:54 am</name>
    <author>
      <name>Toni Grecu</name>
      <link href="https://www.wikiloc.com/wikiloc/user.do?id=2082631">
        <text>Toni Grecu on Wikiloc</text>
      </link>
    </author>
    <link href="https://www.wikiloc.com/hiking-trails/piatra-cetii-muntii-trascaului-hiking-3-13-16-11-54-am-17193360">
      <text>Piatra Cetii - Muntii Trascaului - Hiking 3/13/16 11:54 am on Wikiloc</text>
    </link>
    <time>2016-03-13T13:46:30Z</time>
  </metadata>
  <trk>
    <name>Piatra Cetii - Muntii Trascaului - Hiking 3/13/16 11:54 am - Wikiloc</name>
    <cmt></cmt>
    <desc></desc>
    <trkseg>
      <trkpt lat="46.246633" lon="23.482465">
        <ele>462.248</ele>
        <time>2016-03-13T09:54:57Z</time>
      </trkpt>
      <trkpt lat="46.246670" lon="23.482333">
        <ele>462.661</ele>
        <time>2016-03-13T09:55:35Z</time>
      </trkpt>
      <trkpt lat="46.246684" lon="23.482208">
        <ele>463.117</ele>
        <time>2016-03-13T09:55:42Z</time>
      </trkpt>
      <trkpt lat="46.246754" lon="23.482149">
        <ele>463.608</ele>
        <time>2016-03-13T09:55:50Z</time>
      </trkpt>
      <trkpt lat="46.246824" lon="23.482085">
        <ele>464.135</ele>
        <time>2016-03-13T09:56:14Z</time>
      </trkpt>
      <trkpt lat="46.246952" lon="23.481735">
        <ele>464.681</ele>
        <time>2016-03-13T09:56:32Z</time>
      </trkpt>
      <trkpt lat="46.247031" lon="23.481698">
        <ele>465.565</ele>
        <time>2016-03-13T09:56:43Z</time>
      </trkpt>
      <trkpt lat="46.247112" lon="23.481659">
        <ele>466.613</ele>
        <time>2016-03-13T09:56:50Z</time>
      </trkpt>
      <trkpt lat="46.247191" lon="23.481594">
        <ele>467.717</ele>
        <time>2016-03-13T09:56:56Z</time>
      </trkpt>
      <trkpt lat="46.247265" lon="23.481542">
        <ele>468.867</ele>
        <time>2016-03-13T09:57:04Z</time>
      </trkpt>
      <trkpt lat="46.247343" lon="23.481486">
        <ele>470.020</ele>
        <time>2016-03-13T09:57:14Z</time>
      </trkpt>
      <trkpt lat="46.247428" lon="23.481482">
        <ele>471.264</ele>
        <time>2016-03-13T09:57:20Z</time>
      </trkpt>
      <trkpt lat="46.247489" lon="23.481570">
        <ele>472.522</ele>
        <time>2016-03-13T09:58:22Z</time>
      </trkpt>
      <trkpt lat="46.247568" lon="23.481542">
        <ele>474.062</ele>
        <time>2016-03-13T09:59:13Z</time>
      </trkpt>
      <trkpt lat="46.247658" lon="23.481559">
        <ele>475.608</ele>
        <time>2016-03-13T09:59:18Z</time>
      </trkpt>
      <trkpt lat="46.247761" lon="23.481597">
        <ele>477.308</ele>
        <time>2016-03-13T09:59:23Z</time>
      </trkpt>
      <trkpt lat="46.247844" lon="23.481616">
        <ele>479.183</ele>
        <time>2016-03-13T09:59:28Z</time>
      </trkpt>
      <trkpt lat="46.247924" lon="23.481643">
        <ele>481.089</ele>
        <time>2016-03-13T09:59:40Z</time>
      </trkpt>
      <trkpt lat="46.248000" lon="23.481705">
        <ele>483.013</ele>
        <time>2016-03-13T09:59:51Z</time>
      </trkpt>
      <trkpt lat="46.248046" lon="23.481807">
        <ele>485.071</ele>
        <time>2016-03-13T09:59:58Z</time>
      </trkpt>
      <trkpt lat="46.248093" lon="23.481908">
        <ele>487.065</ele>
        <time>2016-03-13T10:00:05Z</time>
      </trkpt>
      <trkpt lat="46.248164" lon="23.481983">
        <ele>488.925</ele>
        <time>2016-03-13T10:00:11Z</time>
      </trkpt>
      <trkpt lat="46.248207" lon="23.482101">
        <ele>490.918</ele>
        <time>2016-03-13T10:00:22Z</time>
      </trkpt>
      <trkpt lat="46.248244" lon="23.482224">
        <ele>492.652</ele>
        <time>2016-03-13T10:00:28Z</time>
      </trkpt>
      <trkpt lat="46.248284" lon="23.482336">
        <ele>494.372</ele>
        <time>2016-03-13T10:00:35Z</time>
      </trkpt>
      <trkpt lat="46.248280" lon="23.482458">
        <ele>496.013</ele>
        <time>2016-03-13T10:00:42Z</time>
      </trkpt>
      <trkpt lat="46.248293" lon="23.482581">
        <ele>497.714</ele>
        <time>2016-03-13T10:00:51Z</time>
      </trkpt>
      <trkpt lat="46.248357" lon="23.482686">
        <ele>499.308</ele>
        <time>2016-03-13T10:01:01Z</time>
      </trkpt>
      <trkpt lat="46.248422" lon="23.482759">
        <ele>500.968</ele>
        <time>2016-03-13T10:01:07Z</time>
      </trkpt>
      <trkpt lat="46.248478" lon="23.482847">
        <ele>502.424</ele>
        <time>2016-03-13T10:01:14Z</time>
      </trkpt>
      <trkpt lat="46.248544" lon="23.482931">
        <ele>504.178</ele>
        <time>2016-03-13T10:01:25Z</time>
      </trkpt>
      <trkpt lat="46.248612" lon="23.482997">
        <ele>505.866</ele>
        <time>2016-03-13T10:01:33Z</time>
      </trkpt>
      <trkpt lat="46.248675" lon="23.483081">
        <ele>507.510</ele>
        <time>2016-03-13T10:01:42Z</time>
      </trkpt>
      <trkpt lat="46.248739" lon="23.483167">
        <ele>509.480</ele>
        <time>2016-03-13T10:01:48Z</time>
      </trkpt>
      <trkpt lat="46.248809" lon="23.483244">
        <ele>511.313</ele>
        <time>2016-03-13T10:01:55Z</time>
      </trkpt>
      <trkpt lat="46.248864" lon="23.483342">
        <ele>513.187</ele>
        <time>2016-03-13T10:02:08Z</time>
      </trkpt>
      <trkpt lat="46.248939" lon="23.483407">
        <ele>514.865</ele>
        <time>2016-03-13T10:02:15Z</time>
      </trkpt>
      <trkpt lat="46.249013" lon="23.483482">
        <ele>516.368</ele>
        <time>2016-03-13T10:02:22Z</time>
      </trkpt>
      <trkpt lat="46.249087" lon="23.483531">
        <ele>517.914</ele>
        <time>2016-03-13T10:02:29Z</time>
      </trkpt>
      <trkpt lat="46.249132" lon="23.483655">
        <ele>519.508</ele>
        <time>2016-03-13T10:02:41Z</time>
      </trkpt>
      <trkpt lat="46.249205" lon="23.483737">
        <ele>521.187</ele>
        <time>2016-03-13T10:02:48Z</time>
      </trkpt>
      <trkpt lat="46.249262" lon="23.483824">
        <ele>522.743</ele>
        <time>2016-03-13T10:02:54Z</time>
      </trkpt>
      <trkpt lat="46.249319" lon="23.483916">
        <ele>524.317</ele>
        <time>2016-03-13T10:03:01Z</time>
      </trkpt>
      <trkpt lat="46.249372" lon="23.484011">
        <ele>525.925</ele>
        <time>2016-03-13T10:03:09Z</time>
      </trkpt>
      <trkpt lat="46.249435" lon="23.484106">
        <ele>527.449</ele>
        <time>2016-03-13T10:03:16Z</time>
      </trkpt>
      <trkpt lat="46.249503" lon="23.484171">
        <ele>528.989</ele>
        <time>2016-03-13T10:03:23Z</time>
      </trkpt>
      <trkpt lat="46.249564" lon="23.484265">
        <ele>530.492</ele>
        <time>2016-03-13T10:03:30Z</time>
      </trkpt>
      <trkpt lat="46.249617" lon="23.484355">
        <ele>532.126</ele>
        <time>2016-03-13T10:03:40Z</time>
      </trkpt>
      <trkpt lat="46.249684" lon="23.484451">
        <ele>533.973</ele>
        <time>2016-03-13T10:04:02Z</time>
      </trkpt>
      <trkpt lat="46.249717" lon="23.484565">
        <ele>535.485</ele>
        <time>2016-03-13T10:04:13Z</time>
      </trkpt>
      <trkpt lat="46.249794" lon="23.484617">
        <ele>536.613</ele>
        <time>2016-03-13T10:04:19Z</time>
      </trkpt>
      <trkpt lat="46.249844" lon="23.484723">
        <ele>537.808</ele>
        <time>2016-03-13T10:04:30Z</time>
      </trkpt>
      <trkpt lat="46.249887" lon="23.484825">
        <ele>539.198</ele>
        <time>2016-03-13T10:04:42Z</time>
      </trkpt>
      <trkpt lat="46.249956" lon="23.484890">
        <ele>540.484</ele>
        <time>2016-03-13T10:04:52Z</time>
      </trkpt>
      <trkpt lat="46.250029" lon="23.484971">
        <ele>541.628</ele>
        <time>2016-03-13T10:05:01Z</time>
      </trkpt>
      <trkpt lat="46.250093" lon="23.485052">
        <ele>542.876</ele>
        <time>2016-03-13T10:05:11Z</time>
      </trkpt>
      <trkpt lat="46.250147" lon="23.485162">
        <ele>544.030</ele>
        <time>2016-03-13T10:05:30Z</time>
      </trkpt>
      <trkpt lat="46.250160" lon="23.485283">
        <ele>545.260</ele>
        <time>2016-03-13T10:06:02Z</time>
      </trkpt>
      <trkpt lat="46.250234" lon="23.485330">
        <ele>546.343</ele>
        <time>2016-03-13T10:06:21Z</time>
      </trkpt>
      <trkpt lat="46.250332" lon="23.485341">
        <ele>547.537</ele>
        <time>2016-03-13T10:06:42Z</time>
      </trkpt>
      <trkpt lat="46.250419" lon="23.485374">
        <ele>548.879</ele>
        <time>2016-03-13T10:06:50Z</time>
      </trkpt>
      <trkpt lat="46.250504" lon="23.485445">
        <ele>550.205</ele>
        <time>2016-03-13T10:07:02Z</time>
      </trkpt>
      <trkpt lat="46.250584" lon="23.485470">
        <ele>551.625</ele>
        <time>2016-03-13T10:07:14Z</time>
      </trkpt>
      <trkpt lat="46.250609" lon="23.485584">
        <ele>552.908</ele>
        <time>2016-03-13T10:07:22Z</time>
      </trkpt>
      <trkpt lat="46.250671" lon="23.485699">
        <ele>554.268</ele>
        <time>2016-03-13T10:07:31Z</time>
      </trkpt>
      <trkpt lat="46.250755" lon="23.485709">
        <ele>555.794</ele>
        <time>2016-03-13T10:07:40Z</time>
      </trkpt>
      <trkpt lat="46.250822" lon="23.485782">
        <ele>557.158</ele>
        <time>2016-03-13T10:07:57Z</time>
      </trkpt>
      <trkpt lat="46.250883" lon="23.485867">
        <ele>558.726</ele>
        <time>2016-03-13T10:08:11Z</time>
      </trkpt>
      <trkpt lat="46.250951" lon="23.485941">
        <ele>560.210</ele>
        <time>2016-03-13T10:08:24Z</time>
      </trkpt>
      <trkpt lat="46.251029" lon="23.485999">
        <ele>561.810</ele>
        <time>2016-03-13T10:08:29Z</time>
      </trkpt>
      <trkpt lat="46.251114" lon="23.486033">
        <ele>563.413</ele>
        <time>2016-03-13T10:08:33Z</time>
      </trkpt>
      <trkpt lat="46.251191" lon="23.486099">
        <ele>565.177</ele>
        <time>2016-03-13T10:08:46Z</time>
      </trkpt>
      <trkpt lat="46.251270" lon="23.486129">
        <ele>566.889</ele>
        <time>2016-03-13T10:09:20Z</time>
      </trkpt>
      <trkpt lat="46.251333" lon="23.486205">
        <ele>568.306</ele>
        <time>2016-03-13T10:10:09Z</time>
      </trkpt>
      <trkpt lat="46.251428" lon="23.486200">
        <ele>569.626</ele>
        <time>2016-03-13T10:11:47Z</time>
      </trkpt>
      <trkpt lat="46.251484" lon="23.486302">
        <ele>570.808</ele>
        <time>2016-03-13T10:11:54Z</time>
      </trkpt>
      <trkpt lat="46.251554" lon="23.486390">
        <ele>571.899</ele>
        <time>2016-03-13T10:12:05Z</time>
      </trkpt>
      <trkpt lat="46.251584" lon="23.486507">
        <ele>572.845</ele>
        <time>2016-03-13T10:12:11Z</time>
      </trkpt>
      <trkpt lat="46.251636" lon="23.486606">
        <ele>573.919</ele>
        <time>2016-03-13T10:12:15Z</time>
      </trkpt>
      <trkpt lat="46.251687" lon="23.486702">
        <ele>575.077</ele>
        <time>2016-03-13T10:12:22Z</time>
      </trkpt>
      <trkpt lat="46.251762" lon="23.486758">
        <ele>576.161</ele>
        <time>2016-03-13T10:12:25Z</time>
      </trkpt>
      <trkpt lat="46.251836" lon="23.486824">
        <ele>577.241</ele>
        <time>2016-03-13T10:12:28Z</time>
      </trkpt>
      <trkpt lat="46.251888" lon="23.486914">
        <ele>578.324</ele>
        <time>2016-03-13T10:12:36Z</time>
      </trkpt>
      <trkpt lat="46.251919" lon="23.487040">
        <ele>579.438</ele>
        <time>2016-03-13T10:12:48Z</time>
      </trkpt>
      <trkpt lat="46.251972" lon="23.487137">
        <ele>580.874</ele>
        <time>2016-03-13T10:12:54Z</time>
      </trkpt>
      <trkpt lat="46.252016" lon="23.487246">
        <ele>582.456</ele>
        <time>2016-03-13T10:13:06Z</time>
      </trkpt>
      <trkpt lat="46.252090" lon="23.487366">
        <ele>584.121</ele>
        <time>2016-03-13T10:13:14Z</time>
      </trkpt>
      <trkpt lat="46.252161" lon="23.487435">
        <ele>585.608</ele>
        <time>2016-03-13T10:13:21Z</time>
      </trkpt>
      <trkpt lat="46.252236" lon="23.487504">
        <ele>587.258</ele>
        <time>2016-03-13T10:13:24Z</time>
      </trkpt>
      <trkpt lat="46.252302" lon="23.487584">
        <ele>588.844</ele>
        <time>2016-03-13T10:13:32Z</time>
      </trkpt>
      <trkpt lat="46.252348" lon="23.487692">
        <ele>590.468</ele>
        <time>2016-03-13T10:13:40Z</time>
      </trkpt>
      <trkpt lat="46.252414" lon="23.487772">
        <ele>592.046</ele>
        <time>2016-03-13T10:13:54Z</time>
      </trkpt>
      <trkpt lat="46.252507" lon="23.487824">
        <ele>593.560</ele>
        <time>2016-03-13T10:14:02Z</time>
      </trkpt>
      <trkpt lat="46.252587" lon="23.487853">
        <ele>594.920</ele>
        <time>2016-03-13T10:14:14Z</time>
      </trkpt>
      <trkpt lat="46.252660" lon="23.487909">
        <ele>596.443</ele>
        <time>2016-03-13T10:14:30Z</time>
      </trkpt>
      <trkpt lat="46.252740" lon="23.487949">
        <ele>597.877</ele>
        <time>2016-03-13T10:14:38Z</time>
      </trkpt>
      <trkpt lat="46.252828" lon="23.487958">
        <ele>599.122</ele>
        <time>2016-03-13T10:15:09Z</time>
      </trkpt>
      <trkpt lat="46.252911" lon="23.487929">
        <ele>600.662</ele>
        <time>2016-03-13T10:15:24Z</time>
      </trkpt>
      <trkpt lat="46.252993" lon="23.487935">
        <ele>602.208</ele>
        <time>2016-03-13T10:15:38Z</time>
      </trkpt>
      <trkpt lat="46.253061" lon="23.487998">
        <ele>603.508</ele>
        <time>2016-03-13T10:15:59Z</time>
      </trkpt>
      <trkpt lat="46.253143" lon="23.488022">
        <ele>604.993</ele>
        <time>2016-03-13T10:16:08Z</time>
      </trkpt>
      <trkpt lat="46.253228" lon="23.488013">
        <ele>606.529</ele>
        <time>2016-03-13T10:16:41Z</time>
      </trkpt>
      <trkpt lat="46.253314" lon="23.487999">
        <ele>608.243</ele>
        <time>2016-03-13T10:17:00Z</time>
      </trkpt>
      <trkpt lat="46.253402" lon="23.487994">
        <ele>610.031</ele>
        <time>2016-03-13T10:17:12Z</time>
      </trkpt>
      <trkpt lat="46.253466" lon="23.488075">
        <ele>612.075</ele>
        <time>2016-03-13T10:17:47Z</time>
      </trkpt>
      <trkpt lat="46.253522" lon="23.488163">
        <ele>614.275</ele>
        <time>2016-03-13T10:18:02Z</time>
      </trkpt>
      <trkpt lat="46.253596" lon="23.488249">
        <ele>616.638</ele>
        <time>2016-03-13T10:19:10Z</time>
      </trkpt>
      <trkpt lat="46.253669" lon="23.488186">
        <ele>619.012</ele>
        <time>2016-03-13T10:19:42Z</time>
      </trkpt>
      <trkpt lat="46.253744" lon="23.488094">
        <ele>621.727</ele>
        <time>2016-03-13T10:19:57Z</time>
      </trkpt>
      <trkpt lat="46.253827" lon="23.488097">
        <ele>624.668</ele>
        <time>2016-03-13T10:20:11Z</time>
      </trkpt>
      <trkpt lat="46.253903" lon="23.488034">
        <ele>627.714</ele>
        <time>2016-03-13T10:20:24Z</time>
      </trkpt>
      <trkpt lat="46.253979" lon="23.487964">
        <ele>630.908</ele>
        <time>2016-03-13T10:20:58Z</time>
      </trkpt>
      <trkpt lat="46.254056" lon="23.487921">
        <ele>634.013</ele>
        <time>2016-03-13T10:21:24Z</time>
      </trkpt>
      <trkpt lat="46.254156" lon="23.487845">
        <ele>636.889</ele>
        <time>2016-03-13T10:21:29Z</time>
      </trkpt>
      <trkpt lat="46.254228" lon="23.487786">
        <ele>639.573</ele>
        <time>2016-03-13T10:21:47Z</time>
      </trkpt>
      <trkpt lat="46.254300" lon="23.487722">
        <ele>642.071</ele>
        <time>2016-03-13T10:22:01Z</time>
      </trkpt>
      <trkpt lat="46.254386" lon="23.487662">
        <ele>644.375</ele>
        <time>2016-03-13T10:22:11Z</time>
      </trkpt>
      <trkpt lat="46.254482" lon="23.487565">
        <ele>646.525</ele>
        <time>2016-03-13T10:23:14Z</time>
      </trkpt>
      <trkpt lat="46.254568" lon="23.487560">
        <ele>648.598</ele>
        <time>2016-03-13T10:23:28Z</time>
      </trkpt>
      <trkpt lat="46.254658" lon="23.487545">
        <ele>650.412</ele>
        <time>2016-03-13T10:23:45Z</time>
      </trkpt>
      <trkpt lat="46.254748" lon="23.487557">
        <ele>652.188</ele>
        <time>2016-03-13T10:23:59Z</time>
      </trkpt>
      <trkpt lat="46.254832" lon="23.487546">
        <ele>653.724</ele>
        <time>2016-03-13T10:24:07Z</time>
      </trkpt>
      <trkpt lat="46.254935" lon="23.487534">
        <ele>655.226</ele>
        <time>2016-03-13T10:24:18Z</time>
      </trkpt>
      <trkpt lat="46.255018" lon="23.487553">
        <ele>656.808</ele>
        <time>2016-03-13T10:24:32Z</time>
      </trkpt>
      <trkpt lat="46.255084" lon="23.487483">
        <ele>658.439</ele>
        <time>2016-03-13T10:24:57Z</time>
      </trkpt>
      <trkpt lat="46.255169" lon="23.487426">
        <ele>660.015</ele>
        <time>2016-03-13T10:25:16Z</time>
      </trkpt>
      <trkpt lat="46.255247" lon="23.487379">
        <ele>661.779</ele>
        <time>2016-03-13T10:25:26Z</time>
      </trkpt>
      <trkpt lat="46.255328" lon="23.487352">
        <ele>663.337</ele>
        <time>2016-03-13T10:25:42Z</time>
      </trkpt>
      <trkpt lat="46.255401" lon="23.487280">
        <ele>665.121</ele>
        <time>2016-03-13T10:26:00Z</time>
      </trkpt>
      <trkpt lat="46.255471" lon="23.487216">
        <ele>667.011</ele>
        <time>2016-03-13T10:26:13Z</time>
      </trkpt>
      <trkpt lat="46.255563" lon="23.487174">
        <ele>668.734</ele>
        <time>2016-03-13T10:26:24Z</time>
      </trkpt>
      <trkpt lat="46.255648" lon="23.487179">
        <ele>670.458</ele>
        <time>2016-03-13T10:27:08Z</time>
      </trkpt>
      <trkpt lat="46.255738" lon="23.487198">
        <ele>672.241</ele>
        <time>2016-03-13T10:27:19Z</time>
      </trkpt>
      <trkpt lat="46.255820" lon="23.487223">
        <ele>673.981</ele>
        <time>2016-03-13T10:27:33Z</time>
      </trkpt>
      <trkpt lat="46.255899" lon="23.487173">
        <ele>675.509</ele>
        <time>2016-03-13T10:27:47Z</time>
      </trkpt>
      <trkpt lat="46.255983" lon="23.487195">
        <ele>677.208</ele>
        <time>2016-03-13T10:28:02Z</time>
      </trkpt>
      <trkpt lat="46.256065" lon="23.487220">
        <ele>678.965</ele>
        <time>2016-03-13T10:28:15Z</time>
      </trkpt>
      <trkpt lat="46.256147" lon="23.487260">
        <ele>680.531</ele>
        <time>2016-03-13T10:28:40Z</time>
      </trkpt>
      <trkpt lat="46.256230" lon="23.487235">
        <ele>682.145</ele>
        <time>2016-03-13T10:28:55Z</time>
      </trkpt>
      <trkpt lat="46.256311" lon="23.487216">
        <ele>683.773</ele>
        <time>2016-03-13T10:29:05Z</time>
      </trkpt>
      <trkpt lat="46.256390" lon="23.487275">
        <ele>685.027</ele>
        <time>2016-03-13T10:29:09Z</time>
      </trkpt>
      <trkpt lat="46.256477" lon="23.487280">
        <ele>686.277</ele>
        <time>2016-03-13T10:29:14Z</time>
      </trkpt>
      <trkpt lat="46.256527" lon="23.487408">
        <ele>687.350</ele>
        <time>2016-03-13T10:29:51Z</time>
      </trkpt>
      <trkpt lat="46.256532" lon="23.487568">
        <ele>688.534</ele>
        <time>2016-03-13T10:29:53Z</time>
      </trkpt>
      <trkpt lat="46.256611" lon="23.487672">
        <ele>689.739</ele>
        <time>2016-03-13T10:29:55Z</time>
      </trkpt>
      <trkpt lat="46.256638" lon="23.487503">
        <ele>691.101</ele>
        <time>2016-03-13T10:31:27Z</time>
      </trkpt>
      <trkpt lat="46.256600" lon="23.487390">
        <ele>692.521</ele>
        <time>2016-03-13T10:35:37Z</time>
      </trkpt>
      <trkpt lat="46.256684" lon="23.487427">
        <ele>694.108</ele>
        <time>2016-03-13T10:35:45Z</time>
      </trkpt>
      <trkpt lat="46.256770" lon="23.487453">
        <ele>695.774</ele>
        <time>2016-03-13T10:35:55Z</time>
      </trkpt>
      <trkpt lat="46.256865" lon="23.487475">
        <ele>697.390</ele>
        <time>2016-03-13T10:36:05Z</time>
      </trkpt>
      <trkpt lat="46.256933" lon="23.487544">
        <ele>699.014</ele>
        <time>2016-03-13T10:36:15Z</time>
      </trkpt>
      <trkpt lat="46.256995" lon="23.487624">
        <ele>700.952</ele>
        <time>2016-03-13T10:36:21Z</time>
      </trkpt>
      <trkpt lat="46.257042" lon="23.487726">
        <ele>702.976</ele>
        <time>2016-03-13T10:37:19Z</time>
      </trkpt>
      <trkpt lat="46.257095" lon="23.487820">
        <ele>705.196</ele>
        <time>2016-03-13T10:37:31Z</time>
      </trkpt>
      <trkpt lat="46.257182" lon="23.487878">
        <ele>707.149</ele>
        <time>2016-03-13T10:38:11Z</time>
      </trkpt>
      <trkpt lat="46.257261" lon="23.487955">
        <ele>708.783</ele>
        <time>2016-03-13T10:38:16Z</time>
      </trkpt>
      <trkpt lat="46.257345" lon="23.487994">
        <ele>710.342</ele>
        <time>2016-03-13T10:38:27Z</time>
      </trkpt>
      <trkpt lat="46.257428" lon="23.487971">
        <ele>711.922</ele>
        <time>2016-03-13T10:38:40Z</time>
      </trkpt>
      <trkpt lat="46.257503" lon="23.488035">
        <ele>713.514</ele>
        <time>2016-03-13T10:38:55Z</time>
      </trkpt>
      <trkpt lat="46.257483" lon="23.488149">
        <ele>715.108</ele>
        <time>2016-03-13T10:39:26Z</time>
      </trkpt>
      <trkpt lat="46.257562" lon="23.488207">
        <ele>716.865</ele>
        <time>2016-03-13T10:40:03Z</time>
      </trkpt>
      <trkpt lat="46.257626" lon="23.488300">
        <ele>718.691</ele>
        <time>2016-03-13T10:40:15Z</time>
      </trkpt>
      <trkpt lat="46.257705" lon="23.488329">
        <ele>720.485</ele>
        <time>2016-03-13T10:40:54Z</time>
      </trkpt>
      <trkpt lat="46.257771" lon="23.488405">
        <ele>722.343</ele>
        <time>2016-03-13T10:41:02Z</time>
      </trkpt>
      <trkpt lat="46.257869" lon="23.488424">
        <ele>724.227</ele>
        <time>2016-03-13T10:42:21Z</time>
      </trkpt>
      <trkpt lat="46.257926" lon="23.488508">
        <ele>726.467</ele>
        <time>2016-03-13T10:42:28Z</time>
      </trkpt>
      <trkpt lat="46.258000" lon="23.488594">
        <ele>729.120</ele>
        <time>2016-03-13T10:42:36Z</time>
      </trkpt>
      <trkpt lat="46.258085" lon="23.488574">
        <ele>731.924</ele>
        <time>2016-03-13T10:43:20Z</time>
      </trkpt>
      <trkpt lat="46.258168" lon="23.488568">
        <ele>734.794</ele>
        <time>2016-03-13T10:43:32Z</time>
      </trkpt>
      <trkpt lat="46.258250" lon="23.488582">
        <ele>737.457</ele>
        <time>2016-03-13T10:44:07Z</time>
      </trkpt>
      <trkpt lat="46.258338" lon="23.488584">
        <ele>740.222</ele>
        <time>2016-03-13T10:44:30Z</time>
      </trkpt>
      <trkpt lat="46.258420" lon="23.488594">
        <ele>742.908</ele>
        <time>2016-03-13T10:44:51Z</time>
      </trkpt>
      <trkpt lat="46.258508" lon="23.488616">
        <ele>745.610</ele>
        <time>2016-03-13T10:45:15Z</time>
      </trkpt>
      <trkpt lat="46.258585" lon="23.488576">
        <ele>748.126</ele>
        <time>2016-03-13T10:45:32Z</time>
      </trkpt>
      <trkpt lat="46.258661" lon="23.488624">
        <ele>750.720</ele>
        <time>2016-03-13T10:45:51Z</time>
      </trkpt>
      <trkpt lat="46.258746" lon="23.488604">
        <ele>753.118</ele>
        <time>2016-03-13T10:46:04Z</time>
      </trkpt>
      <trkpt lat="46.258834" lon="23.488604">
        <ele>755.432</ele>
        <time>2016-03-13T10:46:29Z</time>
      </trkpt>
      <trkpt lat="46.258915" lon="23.488617">
        <ele>757.562</ele>
        <time>2016-03-13T10:46:38Z</time>
      </trkpt>
      <trkpt lat="46.258988" lon="23.488671">
        <ele>759.535</ele>
        <time>2016-03-13T10:47:06Z</time>
      </trkpt>
      <trkpt lat="46.259077" lon="23.488712">
        <ele>761.429</ele>
        <time>2016-03-13T10:48:04Z</time>
      </trkpt>
      <trkpt lat="46.259160" lon="23.488757">
        <ele>763.248</ele>
        <time>2016-03-13T10:48:27Z</time>
      </trkpt>
      <trkpt lat="46.259259" lon="23.488799">
        <ele>765.061</ele>
        <time>2016-03-13T10:48:41Z</time>
      </trkpt>
      <trkpt lat="46.259344" lon="23.488840">
        <ele>766.717</ele>
        <time>2016-03-13T10:48:46Z</time>
      </trkpt>
      <trkpt lat="46.259419" lon="23.488885">
        <ele>768.508</ele>
        <time>2016-03-13T10:49:08Z</time>
      </trkpt>
      <trkpt lat="46.259493" lon="23.488941">
        <ele>770.395</ele>
        <time>2016-03-13T10:49:31Z</time>
      </trkpt>
      <trkpt lat="46.259575" lon="23.488933">
        <ele>772.151</ele>
        <time>2016-03-13T10:49:47Z</time>
      </trkpt>
      <trkpt lat="46.259621" lon="23.489033">
        <ele>774.065</ele>
        <time>2016-03-13T10:49:59Z</time>
      </trkpt>
      <trkpt lat="46.259702" lon="23.489018">
        <ele>776.083</ele>
        <time>2016-03-13T10:50:10Z</time>
      </trkpt>
      <trkpt lat="46.259741" lon="23.489146">
        <ele>778.097</ele>
        <time>2016-03-13T10:51:00Z</time>
      </trkpt>
      <trkpt lat="46.259796" lon="23.489252">
        <ele>780.067</ele>
        <time>2016-03-13T10:51:17Z</time>
      </trkpt>
      <trkpt lat="46.259716" lon="23.489313">
        <ele>781.990</ele>
        <time>2016-03-13T10:52:13Z</time>
      </trkpt>
      <trkpt lat="46.259796" lon="23.489293">
        <ele>783.964</ele>
        <time>2016-03-13T10:53:03Z</time>
      </trkpt>
      <trkpt lat="46.259859" lon="23.489368">
        <ele>785.889</ele>
        <time>2016-03-13T10:53:14Z</time>
      </trkpt>
      <trkpt lat="46.259935" lon="23.489420">
        <ele>787.906</ele>
        <time>2016-03-13T10:53:56Z</time>
      </trkpt>
      <trkpt lat="46.259976" lon="23.489547">
        <ele>790.226</ele>
        <time>2016-03-13T10:54:22Z</time>
      </trkpt>
      <trkpt lat="46.260053" lon="23.489612">
        <ele>792.608</ele>
        <time>2016-03-13T10:54:37Z</time>
      </trkpt>
      <trkpt lat="46.259985" lon="23.489541">
        <ele>795.239</ele>
        <time>2016-03-13T10:54:48Z</time>
      </trkpt>
      <trkpt lat="46.260078" lon="23.489667">
        <ele>798.095</ele>
        <time>2016-03-13T10:59:09Z</time>
      </trkpt>
      <trkpt lat="46.260163" lon="23.489744">
        <ele>800.979</ele>
        <time>2016-03-13T10:59:58Z</time>
      </trkpt>
      <trkpt lat="46.260207" lon="23.489855">
        <ele>803.967</ele>
        <time>2016-03-13T11:00:05Z</time>
      </trkpt>
      <trkpt lat="46.260256" lon="23.489962">
        <ele>807.051</ele>
        <time>2016-03-13T11:00:24Z</time>
      </trkpt>
      <trkpt lat="46.260331" lon="23.490019">
        <ele>810.451</ele>
        <time>2016-03-13T11:00:40Z</time>
      </trkpt>
      <trkpt lat="46.260409" lon="23.490086">
        <ele>813.974</ele>
        <time>2016-03-13T11:01:41Z</time>
      </trkpt>
      <trkpt lat="46.260463" lon="23.490188">
        <ele>817.668</ele>
        <time>2016-03-13T11:01:49Z</time>
      </trkpt>
      <trkpt lat="46.260602" lon="23.490282">
        <ele>821.382</ele>
        <time>2016-03-13T11:02:10Z</time>
      </trkpt>
      <trkpt lat="46.260680" lon="23.490337">
        <ele>824.943</ele>
        <time>2016-03-13T11:02:42Z</time>
      </trkpt>
      <trkpt lat="46.260742" lon="23.490413">
        <ele>828.417</ele>
        <time>2016-03-13T11:02:50Z</time>
      </trkpt>
      <trkpt lat="46.260799" lon="23.490496">
        <ele>831.908</ele>
        <time>2016-03-13T11:05:21Z</time>
      </trkpt>
      <trkpt lat="46.260867" lon="23.490568">
        <ele>835.219</ele>
        <time>2016-03-13T11:06:18Z</time>
      </trkpt>
      <trkpt lat="46.260938" lon="23.490625">
        <ele>838.355</ele>
        <time>2016-03-13T11:06:33Z</time>
      </trkpt>
      <trkpt lat="46.260998" lon="23.490722">
        <ele>841.349</ele>
        <time>2016-03-13T11:06:40Z</time>
      </trkpt>
      <trkpt lat="46.261048" lon="23.490815">
        <ele>844.167</ele>
        <time>2016-03-13T11:06:51Z</time>
      </trkpt>
      <trkpt lat="46.261121" lon="23.490874">
        <ele>846.931</ele>
        <time>2016-03-13T11:07:49Z</time>
      </trkpt>
      <trkpt lat="46.261196" lon="23.490823">
        <ele>849.621</ele>
        <time>2016-03-13T11:08:14Z</time>
      </trkpt>
      <trkpt lat="46.261281" lon="23.490819">
        <ele>852.214</ele>
        <time>2016-03-13T11:08:55Z</time>
      </trkpt>
      <trkpt lat="46.261367" lon="23.490767">
        <ele>854.568</ele>
        <time>2016-03-13T11:09:07Z</time>
      </trkpt>
      <trkpt lat="46.261453" lon="23.490742">
        <ele>856.622</ele>
        <time>2016-03-13T11:09:28Z</time>
      </trkpt>
      <trkpt lat="46.261518" lon="23.490813">
        <ele>858.762</ele>
        <time>2016-03-13T11:10:00Z</time>
      </trkpt>
      <trkpt lat="46.261581" lon="23.490737">
        <ele>860.908</ele>
        <time>2016-03-13T11:10:42Z</time>
      </trkpt>
      <trkpt lat="46.261603" lon="23.490616">
        <ele>863.308</ele>
        <time>2016-03-13T11:10:57Z</time>
      </trkpt>
      <trkpt lat="46.261671" lon="23.490538">
        <ele>865.853</ele>
        <time>2016-03-13T11:11:19Z</time>
      </trkpt>
      <trkpt lat="46.261743" lon="23.490470">
        <ele>868.659</ele>
        <time>2016-03-13T11:11:50Z</time>
      </trkpt>
      <trkpt lat="46.261802" lon="23.490386">
        <ele>871.513</ele>
        <time>2016-03-13T11:12:27Z</time>
      </trkpt>
      <trkpt lat="46.261895" lon="23.490371">
        <ele>874.681</ele>
        <time>2016-03-13T11:12:44Z</time>
      </trkpt>
      <trkpt lat="46.261975" lon="23.490387">
        <ele>877.785</ele>
        <time>2016-03-13T11:13:27Z</time>
      </trkpt>
      <trkpt lat="46.262003" lon="23.490504">
        <ele>880.825</ele>
        <time>2016-03-13T11:14:43Z</time>
      </trkpt>
      <trkpt lat="46.262084" lon="23.490449">
        <ele>884.358</ele>
        <time>2016-03-13T11:15:37Z</time>
      </trkpt>
      <trkpt lat="46.262166" lon="23.490460">
        <ele>888.012</ele>
        <time>2016-03-13T11:22:51Z</time>
      </trkpt>
      <trkpt lat="46.262245" lon="23.490424">
        <ele>891.717</ele>
        <time>2016-03-13T11:23:14Z</time>
      </trkpt>
      <trkpt lat="46.262325" lon="23.490404">
        <ele>895.387</ele>
        <time>2016-03-13T11:23:32Z</time>
      </trkpt>
      <trkpt lat="46.262412" lon="23.490412">
        <ele>898.815</ele>
        <time>2016-03-13T11:24:21Z</time>
      </trkpt>
      <trkpt lat="46.262482" lon="23.490353">
        <ele>902.208</ele>
        <time>2016-03-13T11:24:41Z</time>
      </trkpt>
      <trkpt lat="46.262549" lon="23.490272">
        <ele>905.562</ele>
        <time>2016-03-13T11:24:50Z</time>
      </trkpt>
      <trkpt lat="46.262616" lon="23.490351">
        <ele>908.648</ele>
        <time>2016-03-13T11:25:22Z</time>
      </trkpt>
      <trkpt lat="46.262673" lon="23.490461">
        <ele>911.792</ele>
        <time>2016-03-13T11:25:50Z</time>
      </trkpt>
      <trkpt lat="46.262753" lon="23.490481">
        <ele>914.910</ele>
        <time>2016-03-13T11:26:04Z</time>
      </trkpt>
      <trkpt lat="46.262833" lon="23.490510">
        <ele>918.254</ele>
        <time>2016-03-13T11:26:41Z</time>
      </trkpt>
      <trkpt lat="46.262912" lon="23.490472">
        <ele>921.444</ele>
        <time>2016-03-13T11:27:08Z</time>
      </trkpt>
      <trkpt lat="46.262988" lon="23.490514">
        <ele>924.847</ele>
        <time>2016-03-13T11:27:31Z</time>
      </trkpt>
      <trkpt lat="46.263059" lon="23.490572">
        <ele>927.721</ele>
        <time>2016-03-13T11:28:04Z</time>
      </trkpt>
      <trkpt lat="46.263139" lon="23.490544">
        <ele>930.595</ele>
        <time>2016-03-13T11:28:45Z</time>
      </trkpt>
      <trkpt lat="46.263208" lon="23.490474">
        <ele>933.349</ele>
        <time>2016-03-13T11:28:59Z</time>
      </trkpt>
      <trkpt lat="46.263290" lon="23.490462">
        <ele>936.123</ele>
        <time>2016-03-13T11:29:12Z</time>
      </trkpt>
      <trkpt lat="46.263370" lon="23.490490">
        <ele>939.008</ele>
        <time>2016-03-13T11:29:59Z</time>
      </trkpt>
      <trkpt lat="46.263443" lon="23.490541">
        <ele>941.740</ele>
        <time>2016-03-13T11:30:10Z</time>
      </trkpt>
      <trkpt lat="46.263510" lon="23.490625">
        <ele>944.386</ele>
        <time>2016-03-13T11:31:08Z</time>
      </trkpt>
      <trkpt lat="46.263597" lon="23.490657">
        <ele>946.810</ele>
        <time>2016-03-13T11:31:20Z</time>
      </trkpt>
      <trkpt lat="46.263648" lon="23.490757">
        <ele>949.168</ele>
        <time>2016-03-13T11:31:31Z</time>
      </trkpt>
      <trkpt lat="46.263711" lon="23.490836">
        <ele>951.392</ele>
        <time>2016-03-13T11:31:54Z</time>
      </trkpt>
      <trkpt lat="46.263752" lon="23.490947">
        <ele>953.492</ele>
        <time>2016-03-13T11:32:06Z</time>
      </trkpt>
      <trkpt lat="46.263786" lon="23.491054">
        <ele>955.695</ele>
        <time>2016-03-13T11:32:25Z</time>
      </trkpt>
      <trkpt lat="46.263832" lon="23.491152">
        <ele>958.059</ele>
        <time>2016-03-13T11:32:37Z</time>
      </trkpt>
      <trkpt lat="46.263917" lon="23.491213">
        <ele>960.278</ele>
        <time>2016-03-13T11:32:47Z</time>
      </trkpt>
      <trkpt lat="46.263964" lon="23.491317">
        <ele>962.233</ele>
        <time>2016-03-13T11:32:56Z</time>
      </trkpt>
      <trkpt lat="46.264012" lon="23.491416">
        <ele>964.326</ele>
        <time>2016-03-13T11:33:03Z</time>
      </trkpt>
      <trkpt lat="46.264098" lon="23.491418">
        <ele>966.508</ele>
        <time>2016-03-13T11:33:14Z</time>
      </trkpt>
      <trkpt lat="46.264186" lon="23.491460">
        <ele>968.988</ele>
        <time>2016-03-13T11:33:35Z</time>
      </trkpt>
      <trkpt lat="46.264266" lon="23.491489">
        <ele>971.334</ele>
        <time>2016-03-13T11:33:52Z</time>
      </trkpt>
      <trkpt lat="46.264350" lon="23.491469">
        <ele>973.928</ele>
        <time>2016-03-13T11:34:06Z</time>
      </trkpt>
      <trkpt lat="46.264427" lon="23.491519">
        <ele>976.666</ele>
        <time>2016-03-13T11:36:25Z</time>
      </trkpt>
      <trkpt lat="46.264510" lon="23.491529">
        <ele>979.460</ele>
        <time>2016-03-13T11:36:37Z</time>
      </trkpt>
      <trkpt lat="46.264587" lon="23.491595">
        <ele>982.340</ele>
        <time>2016-03-13T11:36:47Z</time>
      </trkpt>
      <trkpt lat="46.264666" lon="23.491654">
        <ele>985.393</ele>
        <time>2016-03-13T11:36:59Z</time>
      </trkpt>
      <trkpt lat="46.264749" lon="23.491666">
        <ele>988.227</ele>
        <time>2016-03-13T11:37:20Z</time>
      </trkpt>
      <trkpt lat="46.264825" lon="23.491733">
        <ele>991.014</ele>
        <time>2016-03-13T11:37:28Z</time>
      </trkpt>
      <trkpt lat="46.264911" lon="23.491715">
        <ele>993.754</ele>
        <time>2016-03-13T11:37:38Z</time>
      </trkpt>
      <trkpt lat="46.265005" lon="23.491703">
        <ele>996.209</ele>
        <time>2016-03-13T11:38:04Z</time>
      </trkpt>
      <trkpt lat="46.265084" lon="23.491729">
        <ele>998.808</ele>
        <time>2016-03-13T11:38:38Z</time>
      </trkpt>
      <trkpt lat="46.265167" lon="23.491735">
        <ele>1001.262</ele>
        <time>2016-03-13T11:38:53Z</time>
      </trkpt>
      <trkpt lat="46.265247" lon="23.491770">
        <ele>1003.538</ele>
        <time>2016-03-13T11:39:09Z</time>
      </trkpt>
      <trkpt lat="46.265323" lon="23.491727">
        <ele>1005.842</ele>
        <time>2016-03-13T11:39:25Z</time>
      </trkpt>
      <trkpt lat="46.265359" lon="23.491619">
        <ele>1007.940</ele>
        <time>2016-03-13T11:40:23Z</time>
      </trkpt>
      <trkpt lat="46.265310" lon="23.491517">
        <ele>1010.034</ele>
        <time>2016-03-13T11:40:36Z</time>
      </trkpt>
      <trkpt lat="46.265252" lon="23.491428">
        <ele>1012.094</ele>
        <time>2016-03-13T11:41:21Z</time>
      </trkpt>
      <trkpt lat="46.265196" lon="23.491326">
        <ele>1014.657</ele>
        <time>2016-03-13T11:41:33Z</time>
      </trkpt>
      <trkpt lat="46.265146" lon="23.491220">
        <ele>1017.761</ele>
        <time>2016-03-13T11:42:42Z</time>
      </trkpt>
      <trkpt lat="46.265167" lon="23.491101">
        <ele>1020.917</ele>
        <time>2016-03-13T11:42:57Z</time>
      </trkpt>
      <trkpt lat="46.265189" lon="23.490988">
        <ele>1024.587</ele>
        <time>2016-03-13T11:43:41Z</time>
      </trkpt>
      <trkpt lat="46.265275" lon="23.490968">
        <ele>1028.115</ele>
        <time>2016-03-13T11:45:30Z</time>
      </trkpt>
      <trkpt lat="46.265339" lon="23.490891">
        <ele>1031.908</ele>
        <time>2016-03-13T11:46:26Z</time>
      </trkpt>
      <trkpt lat="46.265378" lon="23.490783">
        <ele>1036.052</ele>
        <time>2016-03-13T11:48:13Z</time>
      </trkpt>
      <trkpt lat="46.265292" lon="23.490746">
        <ele>1040.638</ele>
        <time>2016-03-13T11:49:07Z</time>
      </trkpt>
      <trkpt lat="46.265254" lon="23.490633">
        <ele>1045.412</ele>
        <time>2016-03-13T11:51:19Z</time>
      </trkpt>
      <trkpt lat="46.265252" lon="23.490513">
        <ele>1050.730</ele>
        <time>2016-03-13T11:52:20Z</time>
      </trkpt>
      <trkpt lat="46.265305" lon="23.490423">
        <ele>1056.384</ele>
        <time>2016-03-13T11:55:01Z</time>
      </trkpt>
      <trkpt lat="46.265370" lon="23.490353">
        <ele>1061.944</ele>
        <time>2016-03-13T11:55:17Z</time>
      </trkpt>
      <trkpt lat="46.265381" lon="23.490225">
        <ele>1067.597</ele>
        <time>2016-03-13T11:56:05Z</time>
      </trkpt>
      <trkpt lat="46.265467" lon="23.490160">
        <ele>1073.351</ele>
        <time>2016-03-13T11:56:13Z</time>
      </trkpt>
      <trkpt lat="46.265388" lon="23.490201">
        <ele>1078.863</ele>
        <time>2016-03-13T11:57:01Z</time>
      </trkpt>
      <trkpt lat="46.265414" lon="23.490087">
        <ele>1084.544</ele>
        <time>2016-03-13T11:57:48Z</time>
      </trkpt>
      <trkpt lat="46.265495" lon="23.490031">
        <ele>1090.318</ele>
        <time>2016-03-13T12:01:24Z</time>
      </trkpt>
      <trkpt lat="46.265571" lon="23.489974">
        <ele>1095.908</ele>
        <time>2016-03-13T12:02:26Z</time>
      </trkpt>
      <trkpt lat="46.265602" lon="23.489865">
        <ele>1101.117</ele>
        <time>2016-03-13T12:02:56Z</time>
      </trkpt>
      <trkpt lat="46.265592" lon="23.489741">
        <ele>1106.263</ele>
        <time>2016-03-13T12:04:01Z</time>
      </trkpt>
      <trkpt lat="46.265634" lon="23.489634">
        <ele>1111.377</ele>
        <time>2016-03-13T12:04:28Z</time>
      </trkpt>
      <trkpt lat="46.265671" lon="23.489529">
        <ele>1116.425</ele>
        <time>2016-03-13T12:05:10Z</time>
      </trkpt>
      <trkpt lat="46.265715" lon="23.489424">
        <ele>1121.399</ele>
        <time>2016-03-13T12:05:45Z</time>
      </trkpt>
      <trkpt lat="46.265768" lon="23.489329">
        <ele>1125.979</ele>
        <time>2016-03-13T12:06:24Z</time>
      </trkpt>
      <trkpt lat="46.265862" lon="23.489357">
        <ele>1130.352</ele>
        <time>2016-03-13T12:07:18Z</time>
      </trkpt>
      <trkpt lat="46.265894" lon="23.489238">
        <ele>1134.776</ele>
        <time>2016-03-13T12:07:56Z</time>
      </trkpt>
      <trkpt lat="46.265931" lon="23.489125">
        <ele>1138.972</ele>
        <time>2016-03-13T12:09:39Z</time>
      </trkpt>
      <trkpt lat="46.265988" lon="23.489031">
        <ele>1143.113</ele>
        <time>2016-03-13T12:10:01Z</time>
      </trkpt>
      <trkpt lat="46.266027" lon="23.488920">
        <ele>1147.514</ele>
        <time>2016-03-13T12:10:31Z</time>
      </trkpt>
      <trkpt lat="46.266004" lon="23.488807">
        <ele>1152.308</ele>
        <time>2016-03-13T12:11:08Z</time>
      </trkpt>
      <trkpt lat="46.266026" lon="23.488693">
        <ele>1156.748</ele>
        <time>2016-03-13T12:11:30Z</time>
      </trkpt>
      <trkpt lat="46.266008" lon="23.488578">
        <ele>1160.894</ele>
        <time>2016-03-13T12:12:58Z</time>
      </trkpt>
      <trkpt lat="46.266008" lon="23.488460">
        <ele>1164.588</ele>
        <time>2016-03-13T12:13:09Z</time>
      </trkpt>
      <trkpt lat="46.266043" lon="23.488349">
        <ele>1168.376</ele>
        <time>2016-03-13T12:14:27Z</time>
      </trkpt>
      <trkpt lat="46.266055" lon="23.488233">
        <ele>1172.160</ele>
        <time>2016-03-13T12:14:44Z</time>
      </trkpt>
      <trkpt lat="46.266061" lon="23.488113">
        <ele>1176.030</ele>
        <time>2016-03-13T12:15:30Z</time>
      </trkpt>
      <trkpt lat="46.266100" lon="23.488003">
        <ele>1180.043</ele>
        <time>2016-03-13T12:16:07Z</time>
      </trkpt>
      <trkpt lat="46.266083" lon="23.487866">
        <ele>1184.187</ele>
        <time>2016-03-13T12:17:40Z</time>
      </trkpt>
      <trkpt lat="46.266125" lon="23.487738">
        <ele>1187.824</ele>
        <time>2016-03-13T12:17:46Z</time>
      </trkpt>
      <trkpt lat="46.266145" lon="23.487624">
        <ele>1191.304</ele>
        <time>2016-03-13T12:17:52Z</time>
      </trkpt>
      <trkpt lat="46.266167" lon="23.487503">
        <ele>1194.414</ele>
        <time>2016-03-13T12:18:08Z</time>
      </trkpt>
      <trkpt lat="46.266199" lon="23.487394">
        <ele>1197.408</ele>
        <time>2016-03-13T12:18:19Z</time>
      </trkpt>
      <trkpt lat="46.266242" lon="23.487294">
        <ele>1200.413</ele>
        <time>2016-03-13T12:18:29Z</time>
      </trkpt>
      <trkpt lat="46.266278" lon="23.487188">
        <ele>1203.439</ele>
        <time>2016-03-13T12:18:37Z</time>
      </trkpt>
      <trkpt lat="46.266308" lon="23.487070">
        <ele>1206.143</ele>
        <time>2016-03-13T12:18:50Z</time>
      </trkpt>
      <trkpt lat="46.266293" lon="23.486953">
        <ele>1208.631</ele>
        <time>2016-03-13T12:19:08Z</time>
      </trkpt>
      <trkpt lat="46.266249" lon="23.486833">
        <ele>1210.995</ele>
        <time>2016-03-13T12:19:34Z</time>
      </trkpt>
      <trkpt lat="46.266234" lon="23.486717">
        <ele>1212.695</ele>
        <time>2016-03-13T12:20:38Z</time>
      </trkpt>
      <trkpt lat="46.266190" lon="23.486607">
        <ele>1214.018</ele>
        <time>2016-03-13T12:20:54Z</time>
      </trkpt>
      <trkpt lat="46.266111" lon="23.486567">
        <ele>1215.052</ele>
        <time>2016-03-13T12:21:01Z</time>
      </trkpt>
      <trkpt lat="46.266060" lon="23.486473">
        <ele>1215.817</ele>
        <time>2016-03-13T12:21:19Z</time>
      </trkpt>
      <trkpt lat="46.265995" lon="23.486402">
        <ele>1216.287</ele>
        <time>2016-03-13T12:22:34Z</time>
      </trkpt>
      <trkpt lat="46.265920" lon="23.486355">
        <ele>1216.415</ele>
        <time>2016-03-13T12:22:44Z</time>
      </trkpt>
      <trkpt lat="46.265834" lon="23.486355">
        <ele>1216.308</ele>
        <time>2016-03-13T12:23:05Z</time>
      </trkpt>
      <trkpt lat="46.265759" lon="23.486306">
        <ele>1215.912</ele>
        <time>2016-03-13T12:23:18Z</time>
      </trkpt>
      <trkpt lat="46.265682" lon="23.486262">
        <ele>1215.378</ele>
        <time>2016-03-13T12:23:24Z</time>
      </trkpt>
      <trkpt lat="46.265605" lon="23.486223">
        <ele>1214.692</ele>
        <time>2016-03-13T12:23:32Z</time>
      </trkpt>
      <trkpt lat="46.265551" lon="23.486135">
        <ele>1213.540</ele>
        <time>2016-03-13T12:23:45Z</time>
      </trkpt>
      <trkpt lat="46.265486" lon="23.486045">
        <ele>1212.424</ele>
        <time>2016-03-13T12:23:54Z</time>
      </trkpt>
      <trkpt lat="46.265400" lon="23.485997">
        <ele>1211.124</ele>
        <time>2016-03-13T12:24:00Z</time>
      </trkpt>
      <trkpt lat="46.265335" lon="23.485907">
        <ele>1209.977</ele>
        <time>2016-03-13T12:24:09Z</time>
      </trkpt>
      <trkpt lat="46.265272" lon="23.485830">
        <ele>1208.791</ele>
        <time>2016-03-13T12:24:17Z</time>
      </trkpt>
      <trkpt lat="46.265194" lon="23.485772">
        <ele>1207.559</ele>
        <time>2016-03-13T12:24:45Z</time>
      </trkpt>
      <trkpt lat="46.265124" lon="23.485689">
        <ele>1206.103</ele>
        <time>2016-03-13T12:24:54Z</time>
      </trkpt>
      <trkpt lat="46.265051" lon="23.485626">
        <ele>1204.523</ele>
        <time>2016-03-13T12:25:02Z</time>
      </trkpt>
      <trkpt lat="46.264992" lon="23.485532">
        <ele>1202.608</ele>
        <time>2016-03-13T12:25:12Z</time>
      </trkpt>
      <trkpt lat="46.264923" lon="23.485446">
        <ele>1200.546</ele>
        <time>2016-03-13T12:25:22Z</time>
      </trkpt>
      <trkpt lat="46.264894" lon="23.485333">
        <ele>1198.322</ele>
        <time>2016-03-13T12:25:33Z</time>
      </trkpt>
      <trkpt lat="46.264898" lon="23.485207">
        <ele>1195.926</ele>
        <time>2016-03-13T12:26:23Z</time>
      </trkpt>
      <trkpt lat="46.264901" lon="23.485081">
        <ele>1193.414</ele>
        <time>2016-03-13T12:27:46Z</time>
      </trkpt>
      <trkpt lat="46.264905" lon="23.484961">
        <ele>1190.958</ele>
        <time>2016-03-13T12:27:56Z</time>
      </trkpt>
      <trkpt lat="46.264881" lon="23.484834">
        <ele>1188.138</ele>
        <time>2016-03-13T12:28:08Z</time>
      </trkpt>
      <trkpt lat="46.264833" lon="23.484735">
        <ele>1185.131</ele>
        <time>2016-03-13T12:28:18Z</time>
      </trkpt>
      <trkpt lat="46.264803" lon="23.484611">
        <ele>1181.915</ele>
        <time>2016-03-13T12:28:31Z</time>
      </trkpt>
      <trkpt lat="46.264778" lon="23.484496">
        <ele>1179.112</ele>
        <time>2016-03-13T12:28:42Z</time>
      </trkpt>
      <trkpt lat="46.264751" lon="23.484371">
        <ele>1176.332</ele>
        <time>2016-03-13T12:28:55Z</time>
      </trkpt>
      <trkpt lat="46.264749" lon="23.484252">
        <ele>1173.505</ele>
        <time>2016-03-13T12:29:08Z</time>
      </trkpt>
      <trkpt lat="46.264775" lon="23.484137">
        <ele>1170.708</ele>
        <time>2016-03-13T12:30:16Z</time>
      </trkpt>
      <trkpt lat="46.264802" lon="23.484016">
        <ele>1167.842</ele>
        <time>2016-03-13T12:30:29Z</time>
      </trkpt>
      <trkpt lat="46.264877" lon="23.484063">
        <ele>1164.938</ele>
        <time>2016-03-13T12:31:33Z</time>
      </trkpt>
      <trkpt lat="46.264932" lon="23.483972">
        <ele>1162.022</ele>
        <time>2016-03-13T12:32:17Z</time>
      </trkpt>
      <trkpt lat="46.265013" lon="23.484015">
        <ele>1159.060</ele>
        <time>2016-03-13T12:32:54Z</time>
      </trkpt>
      <trkpt lat="46.265097" lon="23.483984">
        <ele>1156.064</ele>
        <time>2016-03-13T12:34:02Z</time>
      </trkpt>
      <trkpt lat="46.265183" lon="23.483994">
        <ele>1152.544</ele>
        <time>2016-03-13T12:34:41Z</time>
      </trkpt>
      <trkpt lat="46.265243" lon="23.483893">
        <ele>1148.727</ele>
        <time>2016-03-13T12:35:28Z</time>
      </trkpt>
      <trkpt lat="46.265246" lon="23.483764">
        <ele>1144.251</ele>
        <time>2016-03-13T12:35:49Z</time>
      </trkpt>
      <trkpt lat="46.265225" lon="23.483646">
        <ele>1139.727</ele>
        <time>2016-03-13T12:37:40Z</time>
      </trkpt>
      <trkpt lat="46.265194" lon="23.483522">
        <ele>1135.268</ele>
        <time>2016-03-13T12:38:32Z</time>
      </trkpt>
      <trkpt lat="46.265156" lon="23.483416">
        <ele>1130.714</ele>
        <time>2016-03-13T12:39:24Z</time>
      </trkpt>
      <trkpt lat="46.265168" lon="23.483293">
        <ele>1126.308</ele>
        <time>2016-03-13T12:40:14Z</time>
      </trkpt>
      <trkpt lat="46.265157" lon="23.483176">
        <ele>1121.943</ele>
        <time>2016-03-13T12:41:01Z</time>
      </trkpt>
      <trkpt lat="46.265168" lon="23.483056">
        <ele>1117.589</ele>
        <time>2016-03-13T12:41:57Z</time>
      </trkpt>
      <trkpt lat="46.265158" lon="23.482940">
        <ele>1113.173</ele>
        <time>2016-03-13T12:43:14Z</time>
      </trkpt>
      <trkpt lat="46.265203" lon="23.482842">
        <ele>1108.861</ele>
        <time>2016-03-13T12:44:18Z</time>
      </trkpt>
      <trkpt lat="46.265205" lon="23.482719">
        <ele>1105.285</ele>
        <time>2016-03-13T12:47:17Z</time>
      </trkpt>
      <trkpt lat="46.265219" lon="23.482600">
        <ele>1102.385</ele>
        <time>2016-03-13T12:48:09Z</time>
      </trkpt>
      <trkpt lat="46.265302" lon="23.482557">
        <ele>1100.118</ele>
        <time>2016-03-13T12:48:50Z</time>
      </trkpt>
      <trkpt lat="46.265384" lon="23.482562">
        <ele>1098.022</ele>
        <time>2016-03-13T12:49:08Z</time>
      </trkpt>
      <trkpt lat="46.265463" lon="23.482602">
        <ele>1095.928</ele>
        <time>2016-03-13T12:49:24Z</time>
      </trkpt>
      <trkpt lat="46.265554" lon="23.482613">
        <ele>1093.889</ele>
        <time>2016-03-13T12:49:43Z</time>
      </trkpt>
      <trkpt lat="46.265632" lon="23.482582">
        <ele>1091.617</ele>
        <time>2016-03-13T12:49:57Z</time>
      </trkpt>
      <trkpt lat="46.265714" lon="23.482566">
        <ele>1089.308</ele>
        <time>2016-03-13T12:50:11Z</time>
      </trkpt>
      <trkpt lat="46.265798" lon="23.482519">
        <ele>1087.013</ele>
        <time>2016-03-13T12:50:43Z</time>
      </trkpt>
      <trkpt lat="46.265859" lon="23.482422">
        <ele>1084.699</ele>
        <time>2016-03-13T12:51:14Z</time>
      </trkpt>
      <trkpt lat="46.265934" lon="23.482368">
        <ele>1082.213</ele>
        <time>2016-03-13T12:51:32Z</time>
      </trkpt>
      <trkpt lat="46.266010" lon="23.482325">
        <ele>1079.151</ele>
        <time>2016-03-13T12:51:50Z</time>
      </trkpt>
      <trkpt lat="46.266046" lon="23.482201">
        <ele>1075.445</ele>
        <time>2016-03-13T12:52:21Z</time>
      </trkpt>
      <trkpt lat="46.266050" lon="23.482075">
        <ele>1071.075</ele>
        <time>2016-03-13T12:52:47Z</time>
      </trkpt>
      <trkpt lat="46.266006" lon="23.481967">
        <ele>1066.768</ele>
        <time>2016-03-13T12:53:07Z</time>
      </trkpt>
      <trkpt lat="46.266081" lon="23.481908">
        <ele>1062.472</ele>
        <time>2016-03-13T12:53:49Z</time>
      </trkpt>
      <trkpt lat="46.266103" lon="23.481792">
        <ele>1058.137</ele>
        <time>2016-03-13T12:53:57Z</time>
      </trkpt>
      <trkpt lat="46.266149" lon="23.481688">
        <ele>1053.949</ele>
        <time>2016-03-13T12:54:08Z</time>
      </trkpt>
      <trkpt lat="46.266194" lon="23.481571">
        <ele>1049.713</ele>
        <time>2016-03-13T12:54:51Z</time>
      </trkpt>
      <trkpt lat="46.266219" lon="23.481442">
        <ele>1045.408</ele>
        <time>2016-03-13T12:54:58Z</time>
      </trkpt>
      <trkpt lat="46.266235" lon="23.481325">
        <ele>1041.094</ele>
        <time>2016-03-13T12:55:05Z</time>
      </trkpt>
      <trkpt lat="46.266228" lon="23.481190">
        <ele>1036.690</ele>
        <time>2016-03-13T12:55:14Z</time>
      </trkpt>
      <trkpt lat="46.266192" lon="23.481083">
        <ele>1032.684</ele>
        <time>2016-03-13T12:55:21Z</time>
      </trkpt>
      <trkpt lat="46.266142" lon="23.480984">
        <ele>1029.122</ele>
        <time>2016-03-13T12:55:31Z</time>
      </trkpt>
      <trkpt lat="46.266113" lon="23.480851">
        <ele>1026.096</ele>
        <time>2016-03-13T12:55:40Z</time>
      </trkpt>
      <trkpt lat="46.266129" lon="23.480723">
        <ele>1023.096</ele>
        <time>2016-03-13T12:55:46Z</time>
      </trkpt>
      <trkpt lat="46.266115" lon="23.480606">
        <ele>1020.189</ele>
        <time>2016-03-13T12:58:29Z</time>
      </trkpt>
      <trkpt lat="46.266094" lon="23.480488">
        <ele>1017.323</ele>
        <time>2016-03-13T12:58:45Z</time>
      </trkpt>
      <trkpt lat="46.266081" lon="23.480361">
        <ele>1014.582</ele>
        <time>2016-03-13T12:58:56Z</time>
      </trkpt>
      <trkpt lat="46.266038" lon="23.480256">
        <ele>1012.043</ele>
        <time>2016-03-13T12:59:05Z</time>
      </trkpt>
      <trkpt lat="46.265982" lon="23.480164">
        <ele>1010.017</ele>
        <time>2016-03-13T12:59:15Z</time>
      </trkpt>
      <trkpt lat="46.265923" lon="23.480081">
        <ele>1008.308</ele>
        <time>2016-03-13T12:59:25Z</time>
      </trkpt>
      <trkpt lat="46.265874" lon="23.479973">
        <ele>1007.099</ele>
        <time>2016-03-13T12:59:39Z</time>
      </trkpt>
      <trkpt lat="46.265802" lon="23.479889">
        <ele>1005.835</ele>
        <time>2016-03-13T12:59:47Z</time>
      </trkpt>
      <trkpt lat="46.265757" lon="23.479777">
        <ele>1004.789</ele>
        <time>2016-03-13T12:59:59Z</time>
      </trkpt>
      <trkpt lat="46.265801" lon="23.479665">
        <ele>1003.717</ele>
        <time>2016-03-13T13:00:11Z</time>
      </trkpt>
      <trkpt lat="46.265850" lon="23.479556">
        <ele>1002.811</ele>
        <time>2016-03-13T13:00:25Z</time>
      </trkpt>
      <trkpt lat="46.265834" lon="23.479433">
        <ele>1002.121</ele>
        <time>2016-03-13T13:00:35Z</time>
      </trkpt>
      <trkpt lat="46.265835" lon="23.479310">
        <ele>1001.734</ele>
        <time>2016-03-13T13:00:42Z</time>
      </trkpt>
      <trkpt lat="46.265813" lon="23.479191">
        <ele>1001.428</ele>
        <time>2016-03-13T13:00:51Z</time>
      </trkpt>
      <trkpt lat="46.265762" lon="23.479088">
        <ele>1001.221</ele>
        <time>2016-03-13T13:00:57Z</time>
      </trkpt>
      <trkpt lat="46.265702" lon="23.478987">
        <ele>1001.041</ele>
        <time>2016-03-13T13:01:06Z</time>
      </trkpt>
      <trkpt lat="46.265655" lon="23.478890">
        <ele>1000.905</ele>
        <time>2016-03-13T13:01:23Z</time>
      </trkpt>
      <trkpt lat="46.265687" lon="23.478779">
        <ele>1000.908</ele>
        <time>2016-03-13T13:01:42Z</time>
      </trkpt>
      <trkpt lat="46.265666" lon="23.478665">
        <ele>1001.093</ele>
        <time>2016-03-13T13:02:04Z</time>
      </trkpt>
      <trkpt lat="46.265723" lon="23.478576">
        <ele>1001.169</ele>
        <time>2016-03-13T13:02:10Z</time>
      </trkpt>
      <trkpt lat="46.265774" lon="23.478468">
        <ele>1000.973</ele>
        <time>2016-03-13T13:02:20Z</time>
      </trkpt>
      <trkpt lat="46.265753" lon="23.478352">
        <ele>1000.241</ele>
        <time>2016-03-13T13:02:29Z</time>
      </trkpt>
      <trkpt lat="46.265678" lon="23.478281">
        <ele>999.145</ele>
        <time>2016-03-13T13:02:52Z</time>
      </trkpt>
      <trkpt lat="46.265723" lon="23.478169">
        <ele>997.795</ele>
        <time>2016-03-13T13:03:12Z</time>
      </trkpt>
      <trkpt lat="46.265718" lon="23.478045">
        <ele>995.818</ele>
        <time>2016-03-13T13:04:20Z</time>
      </trkpt>
      <trkpt lat="46.265667" lon="23.477934">
        <ele>993.632</ele>
        <time>2016-03-13T13:04:27Z</time>
      </trkpt>
      <trkpt lat="46.265635" lon="23.477823">
        <ele>991.031</ele>
        <time>2016-03-13T13:04:34Z</time>
      </trkpt>
      <trkpt lat="46.265604" lon="23.477703">
        <ele>987.961</ele>
        <time>2016-03-13T13:04:42Z</time>
      </trkpt>
      <trkpt lat="46.265525" lon="23.477663">
        <ele>984.507</ele>
        <time>2016-03-13T13:04:47Z</time>
      </trkpt>
      <trkpt lat="46.265453" lon="23.477574">
        <ele>980.608</ele>
        <time>2016-03-13T13:04:54Z</time>
      </trkpt>
      <trkpt lat="46.265370" lon="23.477532">
        <ele>976.334</ele>
        <time>2016-03-13T13:04:58Z</time>
      </trkpt>
      <trkpt lat="46.265381" lon="23.477414">
        <ele>972.510</ele>
        <time>2016-03-13T13:05:09Z</time>
      </trkpt>
      <trkpt lat="46.265392" lon="23.477291">
        <ele>969.234</ele>
        <time>2016-03-13T13:05:23Z</time>
      </trkpt>
      <trkpt lat="46.265350" lon="23.477181">
        <ele>966.472</ele>
        <time>2016-03-13T13:05:30Z</time>
      </trkpt>
      <trkpt lat="46.265314" lon="23.477058">
        <ele>963.936</ele>
        <time>2016-03-13T13:05:39Z</time>
      </trkpt>
      <trkpt lat="46.265321" lon="23.476928">
        <ele>961.926</ele>
        <time>2016-03-13T13:05:47Z</time>
      </trkpt>
      <trkpt lat="46.265317" lon="23.476797">
        <ele>960.159</ele>
        <time>2016-03-13T13:05:55Z</time>
      </trkpt>
      <trkpt lat="46.265296" lon="23.476680">
        <ele>958.823</ele>
        <time>2016-03-13T13:06:02Z</time>
      </trkpt>
      <trkpt lat="46.265214" lon="23.476683">
        <ele>957.815</ele>
        <time>2016-03-13T13:06:18Z</time>
      </trkpt>
      <trkpt lat="46.265153" lon="23.476761">
        <ele>957.165</ele>
        <time>2016-03-13T13:06:31Z</time>
      </trkpt>
      <trkpt lat="46.265166" lon="23.476644">
        <ele>956.811</ele>
        <time>2016-03-13T13:08:09Z</time>
      </trkpt>
      <trkpt lat="46.265157" lon="23.476523">
        <ele>956.908</ele>
        <time>2016-03-13T13:08:17Z</time>
      </trkpt>
      <trkpt lat="46.265094" lon="23.476435">
        <ele>956.962</ele>
        <time>2016-03-13T13:08:24Z</time>
      </trkpt>
      <trkpt lat="46.265072" lon="23.476319">
        <ele>956.988</ele>
        <time>2016-03-13T13:08:38Z</time>
      </trkpt>
      <trkpt lat="46.265034" lon="23.476204">
        <ele>956.762</ele>
        <time>2016-03-13T13:08:46Z</time>
      </trkpt>
      <trkpt lat="46.265000" lon="23.476084">
        <ele>956.690</ele>
        <time>2016-03-13T13:09:18Z</time>
      </trkpt>
      <trkpt lat="46.264952" lon="23.475968">
        <ele>956.554</ele>
        <time>2016-03-13T13:09:28Z</time>
      </trkpt>
      <trkpt lat="46.264881" lon="23.475888">
        <ele>956.454</ele>
        <time>2016-03-13T13:09:45Z</time>
      </trkpt>
      <trkpt lat="46.264815" lon="23.475798">
        <ele>956.087</ele>
        <time>2016-03-13T13:09:56Z</time>
      </trkpt>
      <trkpt lat="46.264766" lon="23.475692">
        <ele>955.211</ele>
        <time>2016-03-13T13:10:05Z</time>
      </trkpt>
      <trkpt lat="46.264724" lon="23.475799">
        <ele>954.177</ele>
        <time>2016-03-13T13:10:29Z</time>
      </trkpt>
      <trkpt lat="46.264751" lon="23.475917">
        <ele>952.661</ele>
        <time>2016-03-13T13:10:40Z</time>
      </trkpt>
      <trkpt lat="46.264765" lon="23.476035">
        <ele>950.827</ele>
        <time>2016-03-13T13:10:52Z</time>
      </trkpt>
      <trkpt lat="46.264756" lon="23.476163">
        <ele>948.608</ele>
        <time>2016-03-13T13:10:59Z</time>
      </trkpt>
      <trkpt lat="46.264755" lon="23.476291">
        <ele>946.068</ele>
        <time>2016-03-13T13:11:07Z</time>
      </trkpt>
      <trkpt lat="46.264738" lon="23.476417">
        <ele>943.124</ele>
        <time>2016-03-13T13:11:19Z</time>
      </trkpt>
      <trkpt lat="46.264715" lon="23.476549">
        <ele>939.838</ele>
        <time>2016-03-13T13:11:34Z</time>
      </trkpt>
      <trkpt lat="46.264654" lon="23.476627">
        <ele>936.096</ele>
        <time>2016-03-13T13:11:46Z</time>
      </trkpt>
      <trkpt lat="46.264566" lon="23.476659">
        <ele>931.650</ele>
        <time>2016-03-13T13:12:11Z</time>
      </trkpt>
      <trkpt lat="46.264482" lon="23.476672">
        <ele>927.390</ele>
        <time>2016-03-13T13:12:18Z</time>
      </trkpt>
      <trkpt lat="46.264397" lon="23.476684">
        <ele>923.063</ele>
        <time>2016-03-13T13:12:24Z</time>
      </trkpt>
      <trkpt lat="46.264313" lon="23.476715">
        <ele>918.847</ele>
        <time>2016-03-13T13:12:37Z</time>
      </trkpt>
      <trkpt lat="46.264216" lon="23.476729">
        <ele>914.792</ele>
        <time>2016-03-13T13:12:47Z</time>
      </trkpt>
      <trkpt lat="46.264149" lon="23.476806">
        <ele>910.773</ele>
        <time>2016-03-13T13:13:03Z</time>
      </trkpt>
      <trkpt lat="46.264063" lon="23.476807">
        <ele>906.820</ele>
        <time>2016-03-13T13:13:11Z</time>
      </trkpt>
      <trkpt lat="46.263981" lon="23.476822">
        <ele>902.908</ele>
        <time>2016-03-13T13:13:19Z</time>
      </trkpt>
      <trkpt lat="46.263903" lon="23.476882">
        <ele>899.180</ele>
        <time>2016-03-13T13:13:38Z</time>
      </trkpt>
      <trkpt lat="46.263825" lon="23.476917">
        <ele>895.596</ele>
        <time>2016-03-13T13:13:46Z</time>
      </trkpt>
      <trkpt lat="46.263746" lon="23.476964">
        <ele>891.930</ele>
        <time>2016-03-13T13:13:55Z</time>
      </trkpt>
      <trkpt lat="46.263661" lon="23.476989">
        <ele>889.098</ele>
        <time>2016-03-13T13:14:41Z</time>
      </trkpt>
      <trkpt lat="46.263593" lon="23.477061">
        <ele>886.452</ele>
        <time>2016-03-13T13:15:02Z</time>
      </trkpt>
      <trkpt lat="46.263534" lon="23.477143">
        <ele>884.162</ele>
        <time>2016-03-13T13:15:19Z</time>
      </trkpt>
      <trkpt lat="46.263504" lon="23.477254">
        <ele>881.845</ele>
        <time>2016-03-13T13:16:01Z</time>
      </trkpt>
      <trkpt lat="46.263573" lon="23.477341">
        <ele>879.469</ele>
        <time>2016-03-13T13:16:23Z</time>
      </trkpt>
      <trkpt lat="46.263606" lon="23.477458">
        <ele>877.183</ele>
        <time>2016-03-13T13:16:38Z</time>
      </trkpt>
      <trkpt lat="46.263544" lon="23.477542">
        <ele>874.825</ele>
        <time>2016-03-13T13:17:22Z</time>
      </trkpt>
      <trkpt lat="46.263469" lon="23.477592">
        <ele>872.417</ele>
        <time>2016-03-13T13:17:35Z</time>
      </trkpt>
      <trkpt lat="46.263372" lon="23.477586">
        <ele>870.008</ele>
        <time>2016-03-13T13:18:41Z</time>
      </trkpt>
      <trkpt lat="46.263272" lon="23.477618">
        <ele>867.799</ele>
        <time>2016-03-13T13:18:47Z</time>
      </trkpt>
      <trkpt lat="46.263189" lon="23.477660">
        <ele>865.365</ele>
        <time>2016-03-13T13:18:52Z</time>
      </trkpt>
      <trkpt lat="46.263107" lon="23.477624">
        <ele>862.689</ele>
        <time>2016-03-13T13:19:03Z</time>
      </trkpt>
      <trkpt lat="46.263024" lon="23.477543">
        <ele>859.697</ele>
        <time>2016-03-13T13:21:42Z</time>
      </trkpt>
      <trkpt lat="46.262941" lon="23.477522">
        <ele>856.481</ele>
        <time>2016-03-13T13:21:46Z</time>
      </trkpt>
      <trkpt lat="46.262862" lon="23.477553">
        <ele>853.471</ele>
        <time>2016-03-13T13:22:12Z</time>
      </trkpt>
      <trkpt lat="46.262774" lon="23.477557">
        <ele>850.744</ele>
        <time>2016-03-13T13:22:54Z</time>
      </trkpt>
      <trkpt lat="46.262699" lon="23.477492">
        <ele>848.398</ele>
        <time>2016-03-13T13:23:05Z</time>
      </trkpt>
      <trkpt lat="46.262587" lon="23.477473">
        <ele>846.194</ele>
        <time>2016-03-13T13:23:58Z</time>
      </trkpt>
      <trkpt lat="46.262505" lon="23.477423">
        <ele>844.157</ele>
        <time>2016-03-13T13:24:24Z</time>
      </trkpt>
      <trkpt lat="46.262563" lon="23.477314">
        <ele>842.022</ele>
        <time>2016-03-13T13:24:27Z</time>
      </trkpt>
      <trkpt lat="46.262502" lon="23.477398">
        <ele>839.908</ele>
        <time>2016-03-13T13:24:30Z</time>
      </trkpt>
      <trkpt lat="46.262413" lon="23.477443">
        <ele>837.760</ele>
        <time>2016-03-13T13:24:48Z</time>
      </trkpt>
      <trkpt lat="46.262514" lon="23.477443">
        <ele>835.586</ele>
        <time>2016-03-13T13:27:39Z</time>
      </trkpt>
      <trkpt lat="46.262432" lon="23.477391">
        <ele>833.250</ele>
        <time>2016-03-13T13:28:03Z</time>
      </trkpt>
      <trkpt lat="46.262351" lon="23.477368">
        <ele>830.898</ele>
        <time>2016-03-13T13:28:49Z</time>
      </trkpt>
      <trkpt lat="46.262270" lon="23.477322">
        <ele>828.172</ele>
        <time>2016-03-13T13:29:26Z</time>
      </trkpt>
      <trkpt lat="46.262190" lon="23.477273">
        <ele>824.912</ele>
        <time>2016-03-13T13:30:05Z</time>
      </trkpt>
      <trkpt lat="46.262195" lon="23.477149">
        <ele>821.455</ele>
        <time>2016-03-13T13:30:20Z</time>
      </trkpt>
      <trkpt lat="46.262123" lon="23.477080">
        <ele>817.689</ele>
        <time>2016-03-13T13:30:31Z</time>
      </trkpt>
      <trkpt lat="46.262086" lon="23.476975">
        <ele>813.775</ele>
        <time>2016-03-13T13:30:58Z</time>
      </trkpt>
      <trkpt lat="46.262055" lon="23.476865">
        <ele>810.028</ele>
        <time>2016-03-13T13:31:43Z</time>
      </trkpt>
      <trkpt lat="46.261985" lon="23.476790">
        <ele>806.720</ele>
        <time>2016-03-13T13:32:04Z</time>
      </trkpt>
      <trkpt lat="46.261933" lon="23.476687">
        <ele>803.608</ele>
        <time>2016-03-13T13:32:16Z</time>
      </trkpt>
      <trkpt lat="46.261860" lon="23.476623">
        <ele>800.828</ele>
        <time>2016-03-13T13:32:49Z</time>
      </trkpt>
      <trkpt lat="46.261817" lon="23.476495">
        <ele>798.364</ele>
        <time>2016-03-13T13:33:34Z</time>
      </trkpt>
      <trkpt lat="46.261846" lon="23.476371">
        <ele>796.118</ele>
        <time>2016-03-13T13:33:44Z</time>
      </trkpt>
      <trkpt lat="46.261878" lon="23.476257">
        <ele>794.296</ele>
        <time>2016-03-13T13:33:54Z</time>
      </trkpt>
      <trkpt lat="46.261789" lon="23.476249">
        <ele>792.720</ele>
        <time>2016-03-13T13:34:49Z</time>
      </trkpt>
      <trkpt lat="46.261708" lon="23.476242">
        <ele>791.640</ele>
        <time>2016-03-13T13:34:57Z</time>
      </trkpt>
      <trkpt lat="46.261664" lon="23.476140">
        <ele>790.953</ele>
        <time>2016-03-13T13:35:22Z</time>
      </trkpt>
      <trkpt lat="46.261625" lon="23.476023">
        <ele>790.447</ele>
        <time>2016-03-13T13:36:26Z</time>
      </trkpt>
      <trkpt lat="46.261575" lon="23.475929">
        <ele>790.065</ele>
        <time>2016-03-13T13:36:47Z</time>
      </trkpt>
      <trkpt lat="46.261491" lon="23.475978">
        <ele>789.568</ele>
        <time>2016-03-13T13:37:10Z</time>
      </trkpt>
      <trkpt lat="46.261561" lon="23.476039">
        <ele>789.014</ele>
        <time>2016-03-13T13:37:14Z</time>
      </trkpt>
      <trkpt lat="46.261465" lon="23.476119">
        <ele>788.308</ele>
        <time>2016-03-13T13:37:22Z</time>
      </trkpt>
      <trkpt lat="46.261446" lon="23.476252">
        <ele>787.447</ele>
        <time>2016-03-13T13:37:30Z</time>
      </trkpt>
      <trkpt lat="46.261421" lon="23.476007">
        <ele>786.323</ele>
        <time>2016-03-13T13:37:32Z</time>
      </trkpt>
      <trkpt lat="46.261417" lon="23.475843">
        <ele>785.177</ele>
        <time>2016-03-13T13:37:34Z</time>
      </trkpt>
      <trkpt lat="46.261509" lon="23.475876">
        <ele>783.745</ele>
        <time>2016-03-13T13:37:44Z</time>
      </trkpt>
      <trkpt lat="46.261424" lon="23.475876">
        <ele>782.029</ele>
        <time>2016-03-13T13:38:23Z</time>
      </trkpt>
      <trkpt lat="46.261344" lon="23.475842">
        <ele>780.139</ele>
        <time>2016-03-13T13:38:40Z</time>
      </trkpt>
      <trkpt lat="46.261288" lon="23.475753">
        <ele>778.012</ele>
        <time>2016-03-13T13:39:32Z</time>
      </trkpt>
      <trkpt lat="46.261224" lon="23.475678">
        <ele>775.676</ele>
        <time>2016-03-13T13:39:49Z</time>
      </trkpt>
      <trkpt lat="46.261204" lon="23.475558">
        <ele>773.344</ele>
        <time>2016-03-13T13:40:13Z</time>
      </trkpt>
      <trkpt lat="46.261150" lon="23.475463">
        <ele>771.105</ele>
        <time>2016-03-13T13:40:34Z</time>
      </trkpt>
      <trkpt lat="46.261067" lon="23.475397">
        <ele>768.815</ele>
        <time>2016-03-13T13:40:47Z</time>
      </trkpt>
      <trkpt lat="46.260994" lon="23.475343">
        <ele>766.508</ele>
        <time>2016-03-13T13:40:54Z</time>
      </trkpt>
      <trkpt lat="46.260914" lon="23.475286">
        <ele>764.265</ele>
        <time>2016-03-13T13:41:13Z</time>
      </trkpt>
      <trkpt lat="46.260828" lon="23.475243">
        <ele>761.871</ele>
        <time>2016-03-13T13:41:27Z</time>
      </trkpt>
      <trkpt lat="46.260755" lon="23.475163">
        <ele>759.565</ele>
        <time>2016-03-13T13:41:41Z</time>
      </trkpt>
      <trkpt lat="46.260673" lon="23.475140">
        <ele>757.183</ele>
        <time>2016-03-13T13:42:09Z</time>
      </trkpt>
      <trkpt lat="46.260629" lon="23.475038">
        <ele>754.787</ele>
        <time>2016-03-13T13:42:36Z</time>
      </trkpt>
      <trkpt lat="46.260568" lon="23.474946">
        <ele>752.387</ele>
        <time>2016-03-13T13:42:52Z</time>
      </trkpt>
      <trkpt lat="46.260499" lon="23.474883">
        <ele>749.970</ele>
        <time>2016-03-13T13:43:18Z</time>
      </trkpt>
      <trkpt lat="46.260470" lon="23.474767">
        <ele>747.314</ele>
        <time>2016-03-13T13:43:26Z</time>
      </trkpt>
      <trkpt lat="46.260425" lon="23.474664">
        <ele>744.526</ele>
        <time>2016-03-13T13:43:38Z</time>
      </trkpt>
      <trkpt lat="46.260355" lon="23.474589">
        <ele>742.047</ele>
        <time>2016-03-13T13:43:49Z</time>
      </trkpt>
      <trkpt lat="46.260278" lon="23.474501">
        <ele>739.611</ele>
        <time>2016-03-13T13:44:04Z</time>
      </trkpt>
      <trkpt lat="46.260249" lon="23.474389">
        <ele>737.408</ele>
        <time>2016-03-13T13:44:12Z</time>
      </trkpt>
      <trkpt lat="46.260200" lon="23.474292">
        <ele>735.453</ele>
        <time>2016-03-13T13:44:23Z</time>
      </trkpt>
      <trkpt lat="46.260135" lon="23.474213">
        <ele>733.419</ele>
        <time>2016-03-13T13:44:30Z</time>
      </trkpt>
      <trkpt lat="46.260082" lon="23.474119">
        <ele>731.543</ele>
        <time>2016-03-13T13:44:40Z</time>
      </trkpt>
      <trkpt lat="46.260037" lon="23.474010">
        <ele>729.821</ele>
        <time>2016-03-13T13:44:55Z</time>
      </trkpt>
      <trkpt lat="46.259968" lon="23.473947">
        <ele>728.195</ele>
        <time>2016-03-13T13:45:00Z</time>
      </trkpt>
      <trkpt lat="46.259926" lon="23.473846">
        <ele>726.595</ele>
        <time>2016-03-13T13:45:14Z</time>
      </trkpt>
      <trkpt lat="46.259845" lon="23.473829">
        <ele>725.038</ele>
        <time>2016-03-13T13:45:49Z</time>
      </trkpt>
      <trkpt lat="46.259770" lon="23.473779">
        <ele>723.722</ele>
        <time>2016-03-13T13:46:01Z</time>
      </trkpt>
      <trkpt lat="46.259698" lon="23.473720">
        <ele>722.392</ele>
        <time>2016-03-13T13:46:26Z</time>
      </trkpt>
      <trkpt lat="46.259655" lon="23.473620">
        <ele>720.973</ele>
        <time>2016-03-13T13:46:44Z</time>
      </trkpt>
      <trkpt lat="46.259590" lon="23.473550">
        <ele>719.320</ele>
        <time>2016-03-13T13:47:00Z</time>
      </trkpt>
      <trkpt lat="46.259526" lon="23.473471">
        <ele>717.908</ele>
        <time>2016-03-13T13:47:18Z</time>
      </trkpt>
      <trkpt lat="46.259485" lon="23.473367">
        <ele>716.590</ele>
        <time>2016-03-13T13:47:34Z</time>
      </trkpt>
      <trkpt lat="46.259428" lon="23.473282">
        <ele>714.966</ele>
        <time>2016-03-13T13:47:53Z</time>
      </trkpt>
      <trkpt lat="46.259348" lon="23.473222">
        <ele>713.360</ele>
        <time>2016-03-13T13:48:10Z</time>
      </trkpt>
      <trkpt lat="46.259296" lon="23.473127">
        <ele>711.658</ele>
        <time>2016-03-13T13:48:34Z</time>
      </trkpt>
      <trkpt lat="46.259214" lon="23.473127">
        <ele>709.862</ele>
        <time>2016-03-13T13:48:53Z</time>
      </trkpt>
      <trkpt lat="46.259143" lon="23.473062">
        <ele>707.862</ele>
        <time>2016-03-13T13:49:03Z</time>
      </trkpt>
      <trkpt lat="46.259066" lon="23.473008">
        <ele>705.835</ele>
        <time>2016-03-13T13:49:16Z</time>
      </trkpt>
      <trkpt lat="46.258996" lon="23.472941">
        <ele>703.749</ele>
        <time>2016-03-13T13:49:32Z</time>
      </trkpt>
      <trkpt lat="46.258935" lon="23.472860">
        <ele>701.412</ele>
        <time>2016-03-13T13:49:57Z</time>
      </trkpt>
      <trkpt lat="46.258875" lon="23.472755">
        <ele>699.032</ele>
        <time>2016-03-13T13:50:07Z</time>
      </trkpt>
      <trkpt lat="46.258788" lon="23.472711">
        <ele>696.305</ele>
        <time>2016-03-13T13:50:15Z</time>
      </trkpt>
      <trkpt lat="46.258716" lon="23.472659">
        <ele>693.908</ele>
        <time>2016-03-13T13:50:24Z</time>
      </trkpt>
      <trkpt lat="46.258653" lon="23.472582">
        <ele>691.722</ele>
        <time>2016-03-13T13:50:34Z</time>
      </trkpt>
      <trkpt lat="46.258586" lon="23.472507">
        <ele>689.688</ele>
        <time>2016-03-13T13:50:43Z</time>
      </trkpt>
      <trkpt lat="46.258508" lon="23.472473">
        <ele>687.712</ele>
        <time>2016-03-13T13:51:25Z</time>
      </trkpt>
      <trkpt lat="46.258425" lon="23.472451">
        <ele>685.980</ele>
        <time>2016-03-13T13:52:15Z</time>
      </trkpt>
      <trkpt lat="46.258342" lon="23.472458">
        <ele>684.344</ele>
        <time>2016-03-13T13:52:30Z</time>
      </trkpt>
      <trkpt lat="46.258259" lon="23.472519">
        <ele>682.894</ele>
        <time>2016-03-13T13:53:27Z</time>
      </trkpt>
      <trkpt lat="46.258175" lon="23.472475">
        <ele>681.417</ele>
        <time>2016-03-13T13:53:39Z</time>
      </trkpt>
      <trkpt lat="46.258125" lon="23.472383">
        <ele>680.261</ele>
        <time>2016-03-13T13:53:48Z</time>
      </trkpt>
      <trkpt lat="46.258081" lon="23.472284">
        <ele>679.179</ele>
        <time>2016-03-13T13:54:02Z</time>
      </trkpt>
      <trkpt lat="46.257992" lon="23.472229">
        <ele>678.205</ele>
        <time>2016-03-13T13:54:39Z</time>
      </trkpt>
      <trkpt lat="46.257952" lon="23.472120">
        <ele>677.225</ele>
        <time>2016-03-13T13:54:56Z</time>
      </trkpt>
      <trkpt lat="46.257875" lon="23.472078">
        <ele>676.208</ele>
        <time>2016-03-13T13:55:15Z</time>
      </trkpt>
      <trkpt lat="46.257790" lon="23.472134">
        <ele>675.178</ele>
        <time>2016-03-13T13:55:25Z</time>
      </trkpt>
      <trkpt lat="46.257710" lon="23.472161">
        <ele>674.084</ele>
        <time>2016-03-13T13:55:38Z</time>
      </trkpt>
      <trkpt lat="46.257631" lon="23.472201">
        <ele>672.978</ele>
        <time>2016-03-13T13:55:51Z</time>
      </trkpt>
      <trkpt lat="46.257552" lon="23.472168">
        <ele>671.876</ele>
        <time>2016-03-13T13:56:06Z</time>
      </trkpt>
      <trkpt lat="46.257471" lon="23.472133">
        <ele>670.750</ele>
        <time>2016-03-13T13:56:21Z</time>
      </trkpt>
      <trkpt lat="46.257378" lon="23.472159">
        <ele>669.710</ele>
        <time>2016-03-13T13:56:30Z</time>
      </trkpt>
      <trkpt lat="46.257291" lon="23.472136">
        <ele>668.693</ele>
        <time>2016-03-13T13:56:38Z</time>
      </trkpt>
      <trkpt lat="46.257210" lon="23.472114">
        <ele>667.687</ele>
        <time>2016-03-13T13:56:46Z</time>
      </trkpt>
      <trkpt lat="46.257128" lon="23.472136">
        <ele>666.649</ele>
        <time>2016-03-13T13:56:52Z</time>
      </trkpt>
      <trkpt lat="46.257051" lon="23.472097">
        <ele>665.402</ele>
        <time>2016-03-13T13:57:00Z</time>
      </trkpt>
      <trkpt lat="46.256969" lon="23.472157">
        <ele>664.222</ele>
        <time>2016-03-13T13:57:06Z</time>
      </trkpt>
      <trkpt lat="46.256888" lon="23.472152">
        <ele>663.108</ele>
        <time>2016-03-13T13:57:19Z</time>
      </trkpt>
      <trkpt lat="46.256807" lon="23.472138">
        <ele>661.935</ele>
        <time>2016-03-13T13:57:33Z</time>
      </trkpt>
      <trkpt lat="46.256724" lon="23.472145">
        <ele>660.711</ele>
        <time>2016-03-13T13:57:42Z</time>
      </trkpt>
      <trkpt lat="46.256630" lon="23.472173">
        <ele>659.455</ele>
        <time>2016-03-13T13:58:27Z</time>
      </trkpt>
      <trkpt lat="46.256557" lon="23.472123">
        <ele>658.133</ele>
        <time>2016-03-13T13:58:33Z</time>
      </trkpt>
      <trkpt lat="46.256478" lon="23.472063">
        <ele>656.827</ele>
        <time>2016-03-13T13:58:45Z</time>
      </trkpt>
      <trkpt lat="46.256391" lon="23.472063">
        <ele>655.487</ele>
        <time>2016-03-13T13:58:54Z</time>
      </trkpt>
      <trkpt lat="46.256304" lon="23.472056">
        <ele>654.050</ele>
        <time>2016-03-13T13:59:03Z</time>
      </trkpt>
      <trkpt lat="46.256236" lon="23.471980">
        <ele>652.654</ele>
        <time>2016-03-13T13:59:12Z</time>
      </trkpt>
      <trkpt lat="46.256146" lon="23.471972">
        <ele>651.588</ele>
        <time>2016-03-13T13:59:23Z</time>
      </trkpt>
      <trkpt lat="46.256058" lon="23.471938">
        <ele>650.424</ele>
        <time>2016-03-13T13:59:32Z</time>
      </trkpt>
      <trkpt lat="46.255974" lon="23.471945">
        <ele>649.526</ele>
        <time>2016-03-13T13:59:40Z</time>
      </trkpt>
      <trkpt lat="46.255899" lon="23.471998">
        <ele>648.708</ele>
        <time>2016-03-13T13:59:48Z</time>
      </trkpt>
      <trkpt lat="46.255815" lon="23.472011">
        <ele>648.049</ele>
        <time>2016-03-13T13:59:59Z</time>
      </trkpt>
      <trkpt lat="46.255732" lon="23.472020">
        <ele>647.545</ele>
        <time>2016-03-13T14:00:51Z</time>
      </trkpt>
      <trkpt lat="46.255647" lon="23.472000">
        <ele>647.049</ele>
        <time>2016-03-13T14:01:00Z</time>
      </trkpt>
      <trkpt lat="46.255558" lon="23.472022">
        <ele>646.647</ele>
        <time>2016-03-13T14:01:20Z</time>
      </trkpt>
      <trkpt lat="46.255486" lon="23.472078">
        <ele>646.171</ele>
        <time>2016-03-13T14:01:31Z</time>
      </trkpt>
      <trkpt lat="46.255541" lon="23.472174">
        <ele>645.641</ele>
        <time>2016-03-13T14:01:44Z</time>
      </trkpt>
      <trkpt lat="46.255585" lon="23.472074">
        <ele>645.034</ele>
        <time>2016-03-13T14:01:54Z</time>
      </trkpt>
      <trkpt lat="46.255742" lon="23.472089">
        <ele>644.368</ele>
        <time>2016-03-13T14:01:59Z</time>
      </trkpt>
      <trkpt lat="46.255715" lon="23.471840">
        <ele>643.431</ele>
        <time>2016-03-13T14:02:01Z</time>
      </trkpt>
      <trkpt lat="46.255672" lon="23.471704">
        <ele>642.461</ele>
        <time>2016-03-13T14:02:04Z</time>
      </trkpt>
      <trkpt lat="46.255593" lon="23.471747">
        <ele>641.207</ele>
        <time>2016-03-13T14:02:06Z</time>
      </trkpt>
      <trkpt lat="46.255546" lon="23.471861">
        <ele>639.908</ele>
        <time>2016-03-13T14:03:06Z</time>
      </trkpt>
      <trkpt lat="46.255451" lon="23.471867">
        <ele>638.494</ele>
        <time>2016-03-13T14:03:11Z</time>
      </trkpt>
      <trkpt lat="46.255355" lon="23.471861">
        <ele>636.940</ele>
        <time>2016-03-13T14:03:24Z</time>
      </trkpt>
      <trkpt lat="46.255275" lon="23.471843">
        <ele>635.484</ele>
        <time>2016-03-13T14:03:36Z</time>
      </trkpt>
      <trkpt lat="46.255308" lon="23.471732">
        <ele>634.132</ele>
        <time>2016-03-13T14:04:15Z</time>
      </trkpt>
      <trkpt lat="46.255228" lon="23.471609">
        <ele>632.916</ele>
        <time>2016-03-13T14:04:18Z</time>
      </trkpt>
      <trkpt lat="46.255146" lon="23.471551">
        <ele>631.846</ele>
        <time>2016-03-13T14:04:24Z</time>
      </trkpt>
      <trkpt lat="46.255071" lon="23.471455">
        <ele>630.879</ele>
        <time>2016-03-13T14:04:26Z</time>
      </trkpt>
      <trkpt lat="46.255157" lon="23.471483">
        <ele>629.833</ele>
        <time>2016-03-13T14:04:30Z</time>
      </trkpt>
      <trkpt lat="46.255104" lon="23.471578">
        <ele>628.829</ele>
        <time>2016-03-13T14:05:01Z</time>
      </trkpt>
      <trkpt lat="46.255030" lon="23.471530">
        <ele>627.800</ele>
        <time>2016-03-13T14:05:17Z</time>
      </trkpt>
      <trkpt lat="46.254970" lon="23.471451">
        <ele>626.920</ele>
        <time>2016-03-13T14:05:28Z</time>
      </trkpt>
      <trkpt lat="46.254883" lon="23.471433">
        <ele>626.008</ele>
        <time>2016-03-13T14:05:40Z</time>
      </trkpt>
      <trkpt lat="46.254807" lon="23.471382">
        <ele>625.193</ele>
        <time>2016-03-13T14:05:50Z</time>
      </trkpt>
      <trkpt lat="46.254726" lon="23.471354">
        <ele>624.289</ele>
        <time>2016-03-13T14:06:00Z</time>
      </trkpt>
      <trkpt lat="46.254646" lon="23.471315">
        <ele>623.193</ele>
        <time>2016-03-13T14:06:22Z</time>
      </trkpt>
      <trkpt lat="46.254575" lon="23.471240">
        <ele>621.911</ele>
        <time>2016-03-13T14:06:43Z</time>
      </trkpt>
      <trkpt lat="46.254520" lon="23.471139">
        <ele>620.725</ele>
        <time>2016-03-13T14:06:51Z</time>
      </trkpt>
      <trkpt lat="46.254437" lon="23.471103">
        <ele>619.525</ele>
        <time>2016-03-13T14:06:57Z</time>
      </trkpt>
      <trkpt lat="46.254368" lon="23.471033">
        <ele>618.438</ele>
        <time>2016-03-13T14:07:10Z</time>
      </trkpt>
      <trkpt lat="46.254290" lon="23.470971">
        <ele>617.232</ele>
        <time>2016-03-13T14:07:16Z</time>
      </trkpt>
      <trkpt lat="46.254207" lon="23.470959">
        <ele>616.038</ele>
        <time>2016-03-13T14:07:22Z</time>
      </trkpt>
      <trkpt lat="46.254120" lon="23.470979">
        <ele>614.870</ele>
        <time>2016-03-13T14:07:30Z</time>
      </trkpt>
      <trkpt lat="46.254037" lon="23.470980">
        <ele>613.617</ele>
        <time>2016-03-13T14:07:59Z</time>
      </trkpt>
      <trkpt lat="46.253960" lon="23.471016">
        <ele>612.508</ele>
        <time>2016-03-13T14:08:30Z</time>
      </trkpt>
      <trkpt lat="46.253890" lon="23.471085">
        <ele>611.374</ele>
        <time>2016-03-13T14:11:58Z</time>
      </trkpt>
      <trkpt lat="46.253812" lon="23.471135">
        <ele>610.060</ele>
        <time>2016-03-13T14:12:26Z</time>
      </trkpt>
      <trkpt lat="46.253730" lon="23.471104">
        <ele>608.684</ele>
        <time>2016-03-13T14:12:39Z</time>
      </trkpt>
      <trkpt lat="46.253629" lon="23.471109">
        <ele>607.272</ele>
        <time>2016-03-13T14:12:52Z</time>
      </trkpt>
      <trkpt lat="46.253516" lon="23.471140">
        <ele>605.966</ele>
        <time>2016-03-13T14:12:59Z</time>
      </trkpt>
      <trkpt lat="46.253430" lon="23.471132">
        <ele>604.596</ele>
        <time>2016-03-13T14:13:06Z</time>
      </trkpt>
      <trkpt lat="46.253338" lon="23.471113">
        <ele>603.239</ele>
        <time>2016-03-13T14:14:06Z</time>
      </trkpt>
      <trkpt lat="46.253258" lon="23.471089">
        <ele>601.873</ele>
        <time>2016-03-13T14:14:15Z</time>
      </trkpt>
      <trkpt lat="46.253166" lon="23.471112">
        <ele>600.595</ele>
        <time>2016-03-13T14:14:40Z</time>
      </trkpt>
      <trkpt lat="46.253089" lon="23.471148">
        <ele>599.249</ele>
        <time>2016-03-13T14:14:47Z</time>
      </trkpt>
      <trkpt lat="46.252999" lon="23.471125">
        <ele>597.923</ele>
        <time>2016-03-13T14:14:57Z</time>
      </trkpt>
      <trkpt lat="46.252912" lon="23.471124">
        <ele>596.608</ele>
        <time>2016-03-13T14:15:10Z</time>
      </trkpt>
      <trkpt lat="46.252808" lon="23.471088">
        <ele>595.480</ele>
        <time>2016-03-13T14:15:25Z</time>
      </trkpt>
      <trkpt lat="46.252725" lon="23.471058">
        <ele>594.216</ele>
        <time>2016-03-13T14:15:29Z</time>
      </trkpt>
      <trkpt lat="46.252645" lon="23.470990">
        <ele>593.180</ele>
        <time>2016-03-13T14:15:34Z</time>
      </trkpt>
      <trkpt lat="46.252567" lon="23.470934">
        <ele>592.078</ele>
        <time>2016-03-13T14:15:41Z</time>
      </trkpt>
      <trkpt lat="46.252464" lon="23.470933">
        <ele>590.962</ele>
        <time>2016-03-13T14:16:35Z</time>
      </trkpt>
      <trkpt lat="46.252396" lon="23.470828">
        <ele>589.712</ele>
        <time>2016-03-13T14:16:39Z</time>
      </trkpt>
      <trkpt lat="46.252335" lon="23.470738">
        <ele>588.655</ele>
        <time>2016-03-13T14:16:45Z</time>
      </trkpt>
      <trkpt lat="46.252247" lon="23.470723">
        <ele>587.479</ele>
        <time>2016-03-13T14:16:56Z</time>
      </trkpt>
      <trkpt lat="46.252162" lon="23.470720">
        <ele>586.325</ele>
        <time>2016-03-13T14:17:18Z</time>
      </trkpt>
      <trkpt lat="46.252096" lon="23.470650">
        <ele>585.126</ele>
        <time>2016-03-13T14:17:27Z</time>
      </trkpt>
      <trkpt lat="46.252006" lon="23.470643">
        <ele>583.808</ele>
        <time>2016-03-13T14:17:41Z</time>
      </trkpt>
      <trkpt lat="46.251923" lon="23.470639">
        <ele>582.608</ele>
        <time>2016-03-13T14:17:47Z</time>
      </trkpt>
      <trkpt lat="46.251809" lon="23.470692">
        <ele>581.423</ele>
        <time>2016-03-13T14:18:45Z</time>
      </trkpt>
      <trkpt lat="46.251737" lon="23.470638">
        <ele>580.379</ele>
        <time>2016-03-13T14:18:51Z</time>
      </trkpt>
      <trkpt lat="46.251664" lon="23.470690">
        <ele>579.153</ele>
        <time>2016-03-13T14:19:02Z</time>
      </trkpt>
      <trkpt lat="46.251571" lon="23.470696">
        <ele>578.091</ele>
        <time>2016-03-13T14:19:19Z</time>
      </trkpt>
      <trkpt lat="46.251496" lon="23.470634">
        <ele>577.075</ele>
        <time>2016-03-13T14:19:28Z</time>
      </trkpt>
      <trkpt lat="46.251439" lon="23.470550">
        <ele>576.095</ele>
        <time>2016-03-13T14:19:52Z</time>
      </trkpt>
      <trkpt lat="46.251359" lon="23.470500">
        <ele>575.058</ele>
        <time>2016-03-13T14:20:08Z</time>
      </trkpt>
      <trkpt lat="46.251276" lon="23.470509">
        <ele>574.052</ele>
        <time>2016-03-13T14:20:22Z</time>
      </trkpt>
      <trkpt lat="46.251190" lon="23.470511">
        <ele>573.076</ele>
        <time>2016-03-13T14:20:27Z</time>
      </trkpt>
      <trkpt lat="46.251100" lon="23.470491">
        <ele>572.290</ele>
        <time>2016-03-13T14:20:35Z</time>
      </trkpt>
      <trkpt lat="46.251017" lon="23.470481">
        <ele>571.519</ele>
        <time>2016-03-13T14:21:00Z</time>
      </trkpt>
      <trkpt lat="46.250938" lon="23.470456">
        <ele>570.708</ele>
        <time>2016-03-13T14:21:12Z</time>
      </trkpt>
      <trkpt lat="46.250858" lon="23.470429">
        <ele>569.888</ele>
        <time>2016-03-13T14:21:28Z</time>
      </trkpt>
      <trkpt lat="46.250768" lon="23.470429">
        <ele>568.954</ele>
        <time>2016-03-13T14:21:42Z</time>
      </trkpt>
      <trkpt lat="46.250676" lon="23.470421">
        <ele>567.898</ele>
        <time>2016-03-13T14:21:50Z</time>
      </trkpt>
      <trkpt lat="46.250582" lon="23.470367">
        <ele>566.736</ele>
        <time>2016-03-13T14:22:00Z</time>
      </trkpt>
      <trkpt lat="46.250501" lon="23.470345">
        <ele>565.550</ele>
        <time>2016-03-13T14:22:07Z</time>
      </trkpt>
      <trkpt lat="46.250416" lon="23.470327">
        <ele>564.390</ele>
        <time>2016-03-13T14:22:20Z</time>
      </trkpt>
      <trkpt lat="46.250325" lon="23.470320">
        <ele>563.053</ele>
        <time>2016-03-13T14:22:32Z</time>
      </trkpt>
      <trkpt lat="46.250252" lon="23.470389">
        <ele>561.697</ele>
        <time>2016-03-13T14:22:42Z</time>
      </trkpt>
      <trkpt lat="46.250156" lon="23.470425">
        <ele>560.165</ele>
        <time>2016-03-13T14:23:25Z</time>
      </trkpt>
      <trkpt lat="46.250060" lon="23.470458">
        <ele>558.368</ele>
        <time>2016-03-13T14:23:30Z</time>
      </trkpt>
      <trkpt lat="46.249994" lon="23.470532">
        <ele>556.714</ele>
        <time>2016-03-13T14:23:52Z</time>
      </trkpt>
      <trkpt lat="46.249926" lon="23.470619">
        <ele>555.008</ele>
        <time>2016-03-13T14:24:08Z</time>
      </trkpt>
      <trkpt lat="46.249838" lon="23.470668">
        <ele>553.467</ele>
        <time>2016-03-13T14:24:29Z</time>
      </trkpt>
      <trkpt lat="46.249774" lon="23.470782">
        <ele>551.953</ele>
        <time>2016-03-13T14:25:03Z</time>
      </trkpt>
      <trkpt lat="46.249736" lon="23.470913">
        <ele>550.597</ele>
        <time>2016-03-13T14:25:19Z</time>
      </trkpt>
      <trkpt lat="46.249699" lon="23.471043">
        <ele>549.035</ele>
        <time>2016-03-13T14:25:41Z</time>
      </trkpt>
      <trkpt lat="46.249662" lon="23.471156">
        <ele>547.669</ele>
        <time>2016-03-13T14:25:49Z</time>
      </trkpt>
      <trkpt lat="46.249632" lon="23.471266">
        <ele>546.029</ele>
        <time>2016-03-13T14:28:25Z</time>
      </trkpt>
      <trkpt lat="46.249594" lon="23.471382">
        <ele>544.432</ele>
        <time>2016-03-13T14:28:38Z</time>
      </trkpt>
      <trkpt lat="46.249578" lon="23.471501">
        <ele>542.946</ele>
        <time>2016-03-13T14:28:50Z</time>
      </trkpt>
      <trkpt lat="46.249537" lon="23.471603">
        <ele>541.571</ele>
        <time>2016-03-13T14:29:02Z</time>
      </trkpt>
      <trkpt lat="46.249460" lon="23.471648">
        <ele>540.141</ele>
        <time>2016-03-13T14:29:36Z</time>
      </trkpt>
      <trkpt lat="46.249403" lon="23.471758">
        <ele>538.715</ele>
        <time>2016-03-13T14:29:43Z</time>
      </trkpt>
      <trkpt lat="46.249437" lon="23.471864">
        <ele>537.108</ele>
        <time>2016-03-13T14:29:56Z</time>
      </trkpt>
      <trkpt lat="46.249426" lon="23.471988">
        <ele>535.698</ele>
        <time>2016-03-13T14:30:19Z</time>
      </trkpt>
      <trkpt lat="46.249384" lon="23.472094">
        <ele>533.964</ele>
        <time>2016-03-13T14:30:56Z</time>
      </trkpt>
      <trkpt lat="46.249339" lon="23.472192">
        <ele>532.128</ele>
        <time>2016-03-13T14:31:21Z</time>
      </trkpt>
      <trkpt lat="46.249324" lon="23.472310">
        <ele>530.636</ele>
        <time>2016-03-13T14:31:51Z</time>
      </trkpt>
      <trkpt lat="46.249290" lon="23.472427">
        <ele>528.920</ele>
        <time>2016-03-13T14:32:03Z</time>
      </trkpt>
      <trkpt lat="46.249253" lon="23.472544">
        <ele>527.160</ele>
        <time>2016-03-13T14:32:15Z</time>
      </trkpt>
      <trkpt lat="46.249198" lon="23.472657">
        <ele>525.233</ele>
        <time>2016-03-13T14:32:31Z</time>
      </trkpt>
      <trkpt lat="46.249169" lon="23.472770">
        <ele>523.067</ele>
        <time>2016-03-13T14:32:38Z</time>
      </trkpt>
      <trkpt lat="46.249131" lon="23.472883">
        <ele>520.794</ele>
        <time>2016-03-13T14:32:49Z</time>
      </trkpt>
      <trkpt lat="46.249077" lon="23.472976">
        <ele>518.257</ele>
        <time>2016-03-13T14:32:58Z</time>
      </trkpt>
      <trkpt lat="46.249014" lon="23.473069">
        <ele>515.622</ele>
        <time>2016-03-13T14:33:07Z</time>
      </trkpt>
      <trkpt lat="46.248952" lon="23.473154">
        <ele>513.008</ele>
        <time>2016-03-13T14:33:16Z</time>
      </trkpt>
      <trkpt lat="46.248885" lon="23.473220">
        <ele>510.280</ele>
        <time>2016-03-13T14:33:24Z</time>
      </trkpt>
      <trkpt lat="46.248814" lon="23.473285">
        <ele>507.496</ele>
        <time>2016-03-13T14:33:43Z</time>
      </trkpt>
      <trkpt lat="46.248758" lon="23.473376">
        <ele>504.490</ele>
        <time>2016-03-13T14:33:56Z</time>
      </trkpt>
      <trkpt lat="46.248679" lon="23.473399">
        <ele>501.748</ele>
        <time>2016-03-13T14:34:03Z</time>
      </trkpt>
      <trkpt lat="46.248604" lon="23.473477">
        <ele>499.362</ele>
        <time>2016-03-13T14:34:13Z</time>
      </trkpt>
      <trkpt lat="46.248518" lon="23.473515">
        <ele>497.212</ele>
        <time>2016-03-13T14:35:11Z</time>
      </trkpt>
      <trkpt lat="46.248443" lon="23.473451">
        <ele>495.475</ele>
        <time>2016-03-13T14:35:33Z</time>
      </trkpt>
      <trkpt lat="46.248362" lon="23.473420">
        <ele>493.959</ele>
        <time>2016-03-13T14:35:41Z</time>
      </trkpt>
      <trkpt lat="46.248298" lon="23.473513">
        <ele>492.773</ele>
        <time>2016-03-13T14:35:57Z</time>
      </trkpt>
      <trkpt lat="46.248256" lon="23.473626">
        <ele>491.885</ele>
        <time>2016-03-13T14:36:22Z</time>
      </trkpt>
      <trkpt lat="46.248302" lon="23.473727">
        <ele>491.113</ele>
        <time>2016-03-13T14:36:52Z</time>
      </trkpt>
      <trkpt lat="46.248307" lon="23.473857">
        <ele>490.708</ele>
        <time>2016-03-13T14:37:01Z</time>
      </trkpt>
      <trkpt lat="46.248312" lon="23.473992">
        <ele>490.538</ele>
        <time>2016-03-13T14:37:08Z</time>
      </trkpt>
      <trkpt lat="46.248293" lon="23.474115">
        <ele>490.684</ele>
        <time>2016-03-13T14:37:14Z</time>
      </trkpt>
      <trkpt lat="46.248301" lon="23.474235">
        <ele>490.618</ele>
        <time>2016-03-13T14:37:21Z</time>
      </trkpt>
      <trkpt lat="46.248305" lon="23.474367">
        <ele>490.766</ele>
        <time>2016-03-13T14:37:28Z</time>
      </trkpt>
      <trkpt lat="46.248343" lon="23.474481">
        <ele>490.740</ele>
        <time>2016-03-13T14:37:37Z</time>
      </trkpt>
      <trkpt lat="46.248311" lon="23.474359">
        <ele>490.830</ele>
        <time>2016-03-13T14:37:49Z</time>
      </trkpt>
      <trkpt lat="46.248304" lon="23.474236">
        <ele>490.823</ele>
        <time>2016-03-13T14:37:55Z</time>
      </trkpt>
      <trkpt lat="46.248276" lon="23.474121">
        <ele>490.817</ele>
        <time>2016-03-13T14:38:00Z</time>
      </trkpt>
      <trkpt lat="46.248263" lon="23.473985">
        <ele>490.879</ele>
        <time>2016-03-13T14:38:06Z</time>
      </trkpt>
      <trkpt lat="46.248263" lon="23.473866">
        <ele>490.705</ele>
        <time>2016-03-13T14:38:11Z</time>
      </trkpt>
      <trkpt lat="46.248269" lon="23.473745">
        <ele>490.625</ele>
        <time>2016-03-13T14:38:19Z</time>
      </trkpt>
      <trkpt lat="46.248294" lon="23.473888">
        <ele>490.408</ele>
        <time>2016-03-13T14:38:49Z</time>
      </trkpt>
      <trkpt lat="46.248315" lon="23.474012">
        <ele>490.278</ele>
        <time>2016-03-13T14:38:56Z</time>
      </trkpt>
      <trkpt lat="46.248320" lon="23.474130">
        <ele>490.024</ele>
        <time>2016-03-13T14:39:01Z</time>
      </trkpt>
      <trkpt lat="46.248305" lon="23.474284">
        <ele>489.768</ele>
        <time>2016-03-13T14:39:07Z</time>
      </trkpt>
      <trkpt lat="46.248319" lon="23.474403">
        <ele>489.426</ele>
        <time>2016-03-13T14:39:12Z</time>
      </trkpt>
      <trkpt lat="46.248369" lon="23.474496">
        <ele>488.910</ele>
        <time>2016-03-13T14:39:18Z</time>
      </trkpt>
      <trkpt lat="46.248392" lon="23.474622">
        <ele>488.320</ele>
        <time>2016-03-13T14:39:26Z</time>
      </trkpt>
      <trkpt lat="46.248418" lon="23.474733">
        <ele>487.623</ele>
        <time>2016-03-13T14:39:30Z</time>
      </trkpt>
      <trkpt lat="46.248422" lon="23.474866">
        <ele>486.847</ele>
        <time>2016-03-13T14:39:37Z</time>
      </trkpt>
      <trkpt lat="46.248439" lon="23.474997">
        <ele>486.156</ele>
        <time>2016-03-13T14:39:53Z</time>
      </trkpt>
      <trkpt lat="46.248463" lon="23.475111">
        <ele>485.359</ele>
        <time>2016-03-13T14:39:59Z</time>
      </trkpt>
      <trkpt lat="46.248486" lon="23.475235">
        <ele>484.414</ele>
        <time>2016-03-13T14:40:05Z</time>
      </trkpt>
      <trkpt lat="46.248519" lon="23.475371">
        <ele>483.408</ele>
        <time>2016-03-13T14:40:12Z</time>
      </trkpt>
      <trkpt lat="46.248536" lon="23.475486">
        <ele>482.426</ele>
        <time>2016-03-13T14:40:17Z</time>
      </trkpt>
      <trkpt lat="46.248545" lon="23.475603">
        <ele>481.372</ele>
        <time>2016-03-13T14:40:23Z</time>
      </trkpt>
      <trkpt lat="46.248572" lon="23.475722">
        <ele>480.296</ele>
        <time>2016-03-13T14:40:29Z</time>
      </trkpt>
      <trkpt lat="46.248587" lon="23.475848">
        <ele>479.344</ele>
        <time>2016-03-13T14:40:36Z</time>
      </trkpt>
      <trkpt lat="46.248602" lon="23.475973">
        <ele>478.448</ele>
        <time>2016-03-13T14:40:46Z</time>
      </trkpt>
      <trkpt lat="46.248621" lon="23.476109">
        <ele>477.818</ele>
        <time>2016-03-13T14:40:53Z</time>
      </trkpt>
      <trkpt lat="46.248636" lon="23.476229">
        <ele>477.341</ele>
        <time>2016-03-13T14:41:00Z</time>
      </trkpt>
      <trkpt lat="46.248633" lon="23.476355">
        <ele>476.925</ele>
        <time>2016-03-13T14:41:05Z</time>
      </trkpt>
      <trkpt lat="46.248628" lon="23.476487">
        <ele>476.764</ele>
        <time>2016-03-13T14:41:10Z</time>
      </trkpt>
      <trkpt lat="46.248647" lon="23.476608">
        <ele>476.706</ele>
        <time>2016-03-13T14:41:16Z</time>
      </trkpt>
      <trkpt lat="46.248669" lon="23.476744">
        <ele>477.016</ele>
        <time>2016-03-13T14:41:23Z</time>
      </trkpt>
      <trkpt lat="46.248675" lon="23.476862">
        <ele>477.408</ele>
        <time>2016-03-13T14:41:29Z</time>
      </trkpt>
      <trkpt lat="46.248713" lon="23.476977">
        <ele>477.987</ele>
        <time>2016-03-13T14:41:35Z</time>
      </trkpt>
      <trkpt lat="46.248763" lon="23.477100">
        <ele>478.433</ele>
        <time>2016-03-13T14:41:49Z</time>
      </trkpt>
      <trkpt lat="46.248799" lon="23.477213">
        <ele>479.077</ele>
        <time>2016-03-13T14:41:55Z</time>
      </trkpt>
      <trkpt lat="46.248848" lon="23.477328">
        <ele>479.575</ele>
        <time>2016-03-13T14:42:00Z</time>
      </trkpt>
      <trkpt lat="46.248889" lon="23.477434">
        <ele>479.839</ele>
        <time>2016-03-13T14:42:04Z</time>
      </trkpt>
      <trkpt lat="46.248921" lon="23.477575">
        <ele>480.089</ele>
        <time>2016-03-13T14:42:08Z</time>
      </trkpt>
      <trkpt lat="46.248973" lon="23.477709">
        <ele>479.922</ele>
        <time>2016-03-13T14:42:12Z</time>
      </trkpt>
      <trkpt lat="46.249036" lon="23.477828">
        <ele>479.696</ele>
        <time>2016-03-13T14:42:16Z</time>
      </trkpt>
      <trkpt lat="46.249106" lon="23.477938">
        <ele>479.187</ele>
        <time>2016-03-13T14:42:20Z</time>
      </trkpt>
      <trkpt lat="46.249169" lon="23.478035">
        <ele>478.342</ele>
        <time>2016-03-13T14:42:24Z</time>
      </trkpt>
      <trkpt lat="46.249207" lon="23.478146">
        <ele>477.526</ele>
        <time>2016-03-13T14:42:27Z</time>
      </trkpt>
      <trkpt lat="46.249252" lon="23.478264">
        <ele>476.708</ele>
        <time>2016-03-13T14:42:31Z</time>
      </trkpt>
      <trkpt lat="46.249284" lon="23.478377">
        <ele>475.929</ele>
        <time>2016-03-13T14:42:35Z</time>
      </trkpt>
      <trkpt lat="46.249306" lon="23.478495">
        <ele>475.165</ele>
        <time>2016-03-13T14:42:39Z</time>
      </trkpt>
      <trkpt lat="46.249331" lon="23.478620">
        <ele>474.439</ele>
        <time>2016-03-13T14:42:44Z</time>
      </trkpt>
      <trkpt lat="46.249338" lon="23.478752">
        <ele>473.837</ele>
        <time>2016-03-13T14:42:49Z</time>
      </trkpt>
      <trkpt lat="46.249343" lon="23.478886">
        <ele>473.491</ele>
        <time>2016-03-13T14:42:54Z</time>
      </trkpt>
      <trkpt lat="46.249326" lon="23.479004">
        <ele>473.261</ele>
        <time>2016-03-13T14:42:58Z</time>
      </trkpt>
      <trkpt lat="46.249305" lon="23.479138">
        <ele>473.184</ele>
        <time>2016-03-13T14:43:02Z</time>
      </trkpt>
      <trkpt lat="46.249298" lon="23.479273">
        <ele>473.358</ele>
        <time>2016-03-13T14:43:07Z</time>
      </trkpt>
      <trkpt lat="46.249282" lon="23.479393">
        <ele>473.826</ele>
        <time>2016-03-13T14:43:10Z</time>
      </trkpt>
      <trkpt lat="46.249273" lon="23.479527">
        <ele>474.447</ele>
        <time>2016-03-13T14:43:17Z</time>
      </trkpt>
      <trkpt lat="46.249263" lon="23.479651">
        <ele>475.011</ele>
        <time>2016-03-13T14:43:22Z</time>
      </trkpt>
      <trkpt lat="46.249239" lon="23.479765">
        <ele>475.508</ele>
        <time>2016-03-13T14:43:26Z</time>
      </trkpt>
      <trkpt lat="46.249187" lon="23.479889">
        <ele>475.843</ele>
        <time>2016-03-13T14:43:30Z</time>
      </trkpt>
      <trkpt lat="46.249146" lon="23.480006">
        <ele>476.199</ele>
        <time>2016-03-13T14:43:35Z</time>
      </trkpt>
      <trkpt lat="46.249098" lon="23.480103">
        <ele>476.313</ele>
        <time>2016-03-13T14:43:39Z</time>
      </trkpt>
      <trkpt lat="46.249040" lon="23.480190">
        <ele>476.351</ele>
        <time>2016-03-13T14:43:42Z</time>
      </trkpt>
      <trkpt lat="46.248972" lon="23.480280">
        <ele>476.285</ele>
        <time>2016-03-13T14:43:45Z</time>
      </trkpt>
      <trkpt lat="46.248912" lon="23.480373">
        <ele>476.045</ele>
        <time>2016-03-13T14:43:48Z</time>
      </trkpt>
      <trkpt lat="46.248831" lon="23.480468">
        <ele>475.678</ele>
        <time>2016-03-13T14:43:52Z</time>
      </trkpt>
      <trkpt lat="46.248761" lon="23.480546">
        <ele>474.742</ele>
        <time>2016-03-13T14:43:56Z</time>
      </trkpt>
      <trkpt lat="46.248680" lon="23.480627">
        <ele>473.745</ele>
        <time>2016-03-13T14:44:01Z</time>
      </trkpt>
      <trkpt lat="46.248603" lon="23.480669">
        <ele>472.747</ele>
        <time>2016-03-13T14:44:04Z</time>
      </trkpt>
      <trkpt lat="46.248505" lon="23.480719">
        <ele>471.711</ele>
        <time>2016-03-13T14:44:08Z</time>
      </trkpt>
      <trkpt lat="46.248427" lon="23.480772">
        <ele>470.708</ele>
        <time>2016-03-13T14:44:12Z</time>
      </trkpt>
      <trkpt lat="46.248349" lon="23.480805">
        <ele>469.885</ele>
        <time>2016-03-13T14:44:15Z</time>
      </trkpt>
      <trkpt lat="46.248252" lon="23.480859">
        <ele>468.881</ele>
        <time>2016-03-13T14:44:19Z</time>
      </trkpt>
      <trkpt lat="46.248172" lon="23.480896">
        <ele>467.945</ele>
        <time>2016-03-13T14:44:23Z</time>
      </trkpt>
      <trkpt lat="46.248087" lon="23.480933">
        <ele>467.053</ele>
        <time>2016-03-13T14:44:27Z</time>
      </trkpt>
      <trkpt lat="46.247998" lon="23.480972">
        <ele>466.157</ele>
        <time>2016-03-13T14:44:32Z</time>
      </trkpt>
      <trkpt lat="46.247916" lon="23.481016">
        <ele>465.237</ele>
        <time>2016-03-13T14:44:36Z</time>
      </trkpt>
      <trkpt lat="46.247827" lon="23.481060">
        <ele>464.620</ele>
        <time>2016-03-13T14:44:40Z</time>
      </trkpt>
      <trkpt lat="46.247726" lon="23.481085">
        <ele>464.084</ele>
        <time>2016-03-13T14:44:44Z</time>
      </trkpt>
      <trkpt lat="46.247629" lon="23.481101">
        <ele>463.526</ele>
        <time>2016-03-13T14:44:48Z</time>
      </trkpt>
      <trkpt lat="46.247548" lon="23.481108">
        <ele>463.047</ele>
        <time>2016-03-13T14:44:51Z</time>
      </trkpt>
      <trkpt lat="46.247461" lon="23.481125">
        <ele>462.511</ele>
        <time>2016-03-13T14:44:54Z</time>
      </trkpt>
      <trkpt lat="46.247365" lon="23.481151">
        <ele>462.108</ele>
        <time>2016-03-13T14:44:58Z</time>
      </trkpt>
      <trkpt lat="46.247273" lon="23.481190">
        <ele>461.763</ele>
        <time>2016-03-13T14:45:03Z</time>
      </trkpt>
      <trkpt lat="46.247177" lon="23.481217">
        <ele>461.339</ele>
        <time>2016-03-13T14:45:08Z</time>
      </trkpt>
      <trkpt lat="46.247087" lon="23.481244">
        <ele>461.083</ele>
        <time>2016-03-13T14:45:13Z</time>
      </trkpt>
      <trkpt lat="46.247003" lon="23.481283">
        <ele>460.741</ele>
        <time>2016-03-13T14:45:17Z</time>
      </trkpt>
      <trkpt lat="46.246914" lon="23.481339">
        <ele>460.455</ele>
        <time>2016-03-13T14:45:22Z</time>
      </trkpt>
      <trkpt lat="46.246838" lon="23.481414">
        <ele>460.235</ele>
        <time>2016-03-13T14:45:26Z</time>
      </trkpt>
      <trkpt lat="46.246761" lon="23.481480">
        <ele>460.058</ele>
        <time>2016-03-13T14:45:30Z</time>
      </trkpt>
      <trkpt lat="46.246720" lon="23.481585">
        <ele>459.952</ele>
        <time>2016-03-13T14:45:35Z</time>
      </trkpt>
      <trkpt lat="46.246696" lon="23.481699">
        <ele>459.871</ele>
        <time>2016-03-13T14:45:41Z</time>
      </trkpt>
      <trkpt lat="46.246674" lon="23.481827">
        <ele>459.741</ele>
        <time>2016-03-13T14:45:49Z</time>
      </trkpt>
      <trkpt lat="46.246670" lon="23.481962">
        <ele>459.615</ele>
        <time>2016-03-13T14:45:54Z</time>
      </trkpt>
      <trkpt lat="46.246669" lon="23.482082">
        <ele>459.608</ele>
        <time>2016-03-13T14:46:00Z</time>
      </trkpt>
      <trkpt lat="46.246667" lon="23.482222">
        <ele>459.518</ele>
        <time>2016-03-13T14:46:11Z</time>
      </trkpt>
      <trkpt lat="46.246612" lon="23.482324">
        <ele>459.584</ele>
        <time>2016-03-13T14:46:30Z</time>
      </trkpt>
    </trkseg>
  </trk></gpx>