<?xml version="1.0" encoding="UTF-8"?>
<gpx creator="Wikiloc - https://www.wikiloc.com" version="1.1" xmlns="http://www.topografix.com/GPX/1/1" xmlns:xsi="http://www.w3.org/2001/XMLSchema-instance" xsi:schemaLocation="http://www.topografix.com/GPX/1/1 http://www.topografix.com/GPX/1/1/gpx.xsd">
  <metadata>
    <name>Wikiloc - Piatra Caprei (Dl. Caprei), Piatra Muncelului, Piatra Tibrului. Munții Trascău</name>
    <author>
      <name>Toni Grecu</name>
      <link href="https://www.wikiloc.com/wikiloc/user.do?id=2082631">
        <text>Toni Grecu on Wikiloc</text>
      </link>
    </author>
    <link href="https://www.wikiloc.com/hiking-trails/piatra-caprei-dl-caprei-piatra-muncelului-piatra-tibrului-muntii-trascau-254472973">
      <text>Piatra Caprei (Dl. Caprei), Piatra Muncelului, Piatra Tibrului. Munții Trascău on Wikiloc</text>
    </link>
    <time>2026-03-15T14:18:09.673Z</time>
  </metadata>
  <wpt lat="46.237152" lon="23.409651">
    <ele>619.2</ele>
    <time>2026-03-15T07:16:37.680Z</time>
    <name>Car park</name>
    <cmt></cmt>
    <desc></desc>
  </wpt>
  <wpt lat="46.234995" lon="23.412975">
    <ele>651.0</ele>
    <time>2026-03-15T07:22:35.680Z</time>
    <name>Information point</name>
    <cmt></cmt>
    <desc></desc>
  </wpt>
  <wpt lat="46.233592" lon="23.414094">
    <ele>664.1</ele>
    <time>2026-03-15T07:25:44.681Z</time>
    <name>Intersection</name>
    <cmt></cmt>
    <desc></desc>
  </wpt>
  <wpt lat="46.232187" lon="23.422607">
    <ele>859.3</ele>
    <time>2026-03-15T07:57:25.682Z</time>
    <name>Flora</name>
    <cmt></cmt>
    <desc></desc>
  </wpt>
  <wpt lat="46.229179" lon="23.425922">
    <ele>1048.3</ele>
    <time>2026-03-15T08:40:11.685Z</time>
    <name>Information point</name>
    <cmt></cmt>
    <desc></desc>
  </wpt>
  <wpt lat="46.227188" lon="23.427321">
    <ele>1060.0</ele>
    <time>2026-03-15T08:47:35.685Z</time>
    <name>Stanga</name>
    <cmt></cmt>
    <desc></desc>
  </wpt>
  <wpt lat="46.228631" lon="23.432148">
    <ele>1142.0</ele>
    <time>2026-03-15T09:02:20.685Z</time>
    <name>Information point</name>
    <cmt></cmt>
    <desc></desc>
  </wpt>
  <wpt lat="46.232175" lon="23.433718">
    <ele>1159.8</ele>
    <time>2026-03-15T09:14:30.686Z</time>
    <name>Fauna</name>
    <cmt></cmt>
    <desc></desc>
  </wpt>
  <wpt lat="46.235382" lon="23.432660">
    <ele>1140.0</ele>
    <time>2026-03-15T09:20:26.685Z</time>
    <name>Panorama</name>
    <cmt></cmt>
    <desc></desc>
  </wpt>
  <wpt lat="46.236233" lon="23.431160">
    <ele>1166.7</ele>
    <time>2026-03-15T09:25:33.685Z</time>
    <name>Information point</name>
    <cmt></cmt>
    <desc></desc>
  </wpt>
  <wpt lat="46.237185" lon="23.430507">
    <ele>1185.7</ele>
    <time>2026-03-15T09:29:17.686Z</time>
    <name>Fauna</name>
    <cmt></cmt>
    <desc></desc>
  </wpt>
  <wpt lat="46.237228" lon="23.429877">
    <ele>1195.7</ele>
    <time>2026-03-15T09:32:34.686Z</time>
    <name>Flora</name>
    <cmt></cmt>
    <desc></desc>
  </wpt>
  <wpt lat="46.237159" lon="23.429219">
    <ele>1198.2</ele>
    <time>2026-03-15T09:34:54.686Z</time>
    <name>Dealul Caprei 1212 m</name>
    <cmt></cmt>
    <desc></desc>
  </wpt>
  <wpt lat="46.233125" lon="23.432474">
    <ele>1151.5</ele>
    <time>2026-03-15T09:55:15.687Z</time>
    <name>No name 1164</name>
    <cmt></cmt>
    <desc></desc>
  </wpt>
  <wpt lat="46.231999" lon="23.434216">
    <ele>1167.0</ele>
    <time>2026-03-15T10:18:19.686Z</time>
    <name>Summit</name>
    <cmt></cmt>
    <desc></desc>
  </wpt>
  <wpt lat="46.230461" lon="23.436911">
    <ele>1151.1</ele>
    <time>2026-03-15T10:24:11.686Z</time>
    <name>Flora</name>
    <cmt></cmt>
    <desc></desc>
  </wpt>
  <wpt lat="46.230588" lon="23.440053">
    <ele>1163.4</ele>
    <time>2026-03-15T10:29:14.686Z</time>
    <name>No name</name>
    <cmt></cmt>
    <desc></desc>
  </wpt>
  <wpt lat="46.229216" lon="23.441389">
    <ele>1154.0</ele>
    <time>2026-03-15T10:34:18.685Z</time>
    <name>Piatra Muncelului</name>
    <cmt></cmt>
    <desc></desc>
  </wpt>
  <wpt lat="46.226386" lon="23.454002">
    <ele>995.2</ele>
    <time>2026-03-15T11:01:58.684Z</time>
    <name>Summit no name</name>
    <cmt></cmt>
    <desc></desc>
  </wpt>
  <wpt lat="46.226370" lon="23.455695">
    <ele>968.3</ele>
    <time>2026-03-15T11:08:22.684Z</time>
    <name>Panorama</name>
    <cmt></cmt>
    <desc></desc>
  </wpt>
  <wpt lat="46.227569" lon="23.458163">
    <ele>952.2</ele>
    <time>2026-03-15T11:12:42.682Z</time>
    <name>Photo</name>
    <cmt></cmt>
    <desc></desc>
  </wpt>
  <wpt lat="46.227621" lon="23.459983">
    <ele>982.4</ele>
    <time>2026-03-15T11:18:23.682Z</time>
    <name>Photo</name>
    <cmt></cmt>
    <desc></desc>
  </wpt>
  <wpt lat="46.227305" lon="23.462199">
    <ele>1043.9</ele>
    <time>2026-03-15T11:29:41.682Z</time>
    <name>Flora</name>
    <cmt></cmt>
    <desc></desc>
  </wpt>
  <wpt lat="46.227236" lon="23.463506">
    <ele>1072.5</ele>
    <time>2026-03-15T11:37:30.681Z</time>
    <name>Summit</name>
    <cmt></cmt>
    <desc></desc>
  </wpt>
  <wpt lat="46.228051" lon="23.465750">
    <ele>1064.0</ele>
    <time>2026-03-15T11:50:59.679Z</time>
    <name>Photo</name>
    <cmt></cmt>
    <desc></desc>
  </wpt>
  <wpt lat="46.229514" lon="23.471648">
    <ele>1048.7</ele>
    <time>2026-03-15T12:04:26.680Z</time>
    <name>Photo</name>
    <cmt></cmt>
    <desc></desc>
  </wpt>
  <wpt lat="46.229806" lon="23.472378">
    <ele>1046.3</ele>
    <time>2026-03-15T12:05:36.680Z</time>
    <name>Summit</name>
    <cmt></cmt>
    <desc></desc>
  </wpt>
  <wpt lat="46.231620" lon="23.472894">
    <ele>1059.8</ele>
    <time>2026-03-15T12:11:45.678Z</time>
    <name>Piatra Tibrului 1085 m</name>
    <cmt></cmt>
    <desc></desc>
  </wpt>
  <wpt lat="46.225551" lon="23.489803">
    <ele>799.7</ele>
    <time>2026-03-15T13:16:30.676Z</time>
    <name>Photo</name>
    <cmt></cmt>
    <desc></desc>
  </wpt>
  <wpt lat="46.225465" lon="23.491148">
    <ele>789.6</ele>
    <time>2026-03-15T13:17:43.677Z</time>
    <name>Photo</name>
    <cmt></cmt>
    <desc></desc>
  </wpt>
  <wpt lat="46.226066" lon="23.491570">
    <ele>790.1</ele>
    <time>2026-03-15T13:19:25.676Z</time>
    <name>Photo</name>
    <cmt></cmt>
    <desc></desc>
  </wpt>
  <wpt lat="46.227719" lon="23.494845">
    <ele>789.7</ele>
    <time>2026-03-15T13:24:02.677Z</time>
    <name>Fountain</name>
    <cmt></cmt>
    <desc></desc>
  </wpt>
  <wpt lat="46.229079" lon="23.498128">
    <ele>803.1</ele>
    <time>2026-03-15T13:29:19.677Z</time>
    <name>Photo</name>
    <cmt></cmt>
    <desc></desc>
  </wpt>
  <wpt lat="46.243019" lon="23.524550">
    <ele>395.9</ele>
    <time>2026-03-15T14:15:08.673Z</time>
    <name>Photo</name>
    <cmt></cmt>
    <desc></desc>
  </wpt>
  <wpt lat="46.243407" lon="23.525204">
    <ele>395.3</ele>
    <time>2026-03-15T14:16:20.673Z</time>
    <name>Bridge</name>
    <cmt></cmt>
    <desc></desc>
  </wpt>
  <wpt lat="46.243509" lon="23.526190">
    <ele>394.1</ele>
    <time>2026-03-15T14:18:05.673Z</time>
    <name>Car park</name>
    <cmt></cmt>
    <desc></desc>
  </wpt>
  <trk>
    <name>Piatra Caprei (Dl. Caprei), Piatra Muncelului, Piatra Tibrului. Munții Trascău - Wikiloc</name>
    <cmt>&lt;b&gt;Cheile Turcului – Piatra Caprei – Piatra Tibrului: O incursiune nemarcată în inima Trascăului&lt;b&gt;&lt;/b&gt; 
Acest traseu propune o explorare a versanților mai puțin umblați din Munții Trascău, legând localitatea Întregalde de Poiana Galdei printr-o succesiune de varfuri și puncte de belvedere spectaculoase. 
 
Punct de plecare: Întregalde. 
Punct de final: Poiana Galdei 
 
Marcaj inițial: Triunghi Roșu (TR) prin Cheile Turcului. 
 
Segmentul principal: Nemarcat (de la Piatra Caprei spre Piatra Muncelului și Piatra Tibrului). 
 
Dificultate: Medie (necesită orientare bună pe segmentele fără marcaj). 
 
Aventura începe din Întregalde, urcând prin Cheile Turcului pe marcajul Triunghi Roșu. Această porțiune oferă un start susținut, dar bine definit. Părăsim marcajul după sectorul de chei pentru a ne îndrepta spre Piatra Caprei (Dealul Caprei), moment care marchează începutul segmentului nemarcat. 
 
Deși traseul nu beneficiază de semne convenționale, orientarea este facilă pe vreme bună. Poteca merge în mare parte paralel cu Bandă Roșie (BR), însă păstrează o linie proprie prin spatele unor formațiuni proeminente: Sfredelașul, Căpățâna, Fabianul 
 
Peisajul este dominat de carstul specific Trascăului, cu abrupturi ce oferă perspective largi asupra zonei. Înainte de a ajunge la Piatra Bulzului, traseul intersectează pentru o scurtă perioadă marcajul Bandă Roșie, facilitând tranzitul spre ultima etapă a drumeției. 
 
Coborârea se realizează pe un drum forestier accesibil, care șerpuiește până în Poiana Galdei. Este o variantă excelentă pentru cei care doresc să evite traseele clasice, foarte circulate, în favoarea unei experiențe mai sălbatice. 
 
NOTA1: După ce atingi punctul culminant la Piatra Tibrului, este important să acorzi atenție manevrei de retragere pentru a intercepta drumul corect de coborâre. Traseul nu continuă în circuit direct, ci necesită o scurtă revenire pe propriile urme 
 
NOTA 2: Este absolut esențial să ai track-ul GPS descărcat pe telefon sau pe un dispozitiv dedicat înainte de a porni la drum. Dacă alegi să mergi fără el și te rătăcești, este strict responsabilitatea ta. Nu uita că pe munte deciziile îți aparțin, așa că dacă "te mănâncă undeva" să te abați de la regulile de siguranță, nu căuta vinovați în altă parte.&lt;/b&gt;</cmt>
    <desc>&lt;b&gt;Cheile Turcului – Piatra Caprei – Piatra Tibrului: O incursiune nemarcată în inima Trascăului&lt;b&gt;&lt;/b&gt; 
Acest traseu propune o explorare a versanților mai puțin umblați din Munții Trascău, legând localitatea Întregalde de Poiana Galdei printr-o succesiune de varfuri și puncte de belvedere spectaculoase. 
 
Punct de plecare: Întregalde. 
Punct de final: Poiana Galdei 
 
Marcaj inițial: Triunghi Roșu (TR) prin Cheile Turcului. 
 
Segmentul principal: Nemarcat (de la Piatra Caprei spre Piatra Muncelului și Piatra Tibrului). 
 
Dificultate: Medie (necesită orientare bună pe segmentele fără marcaj). 
 
Aventura începe din Întregalde, urcând prin Cheile Turcului pe marcajul Triunghi Roșu. Această porțiune oferă un start susținut, dar bine definit. Părăsim marcajul după sectorul de chei pentru a ne îndrepta spre Piatra Caprei (Dealul Caprei), moment care marchează începutul segmentului nemarcat. 
 
Deși traseul nu beneficiază de semne convenționale, orientarea este facilă pe vreme bună. Poteca merge în mare parte paralel cu Bandă Roșie (BR), însă păstrează o linie proprie prin spatele unor formațiuni proeminente: Sfredelașul, Căpățâna, Fabianul 
 
Peisajul este dominat de carstul specific Trascăului, cu abrupturi ce oferă perspective largi asupra zonei. Înainte de a ajunge la Piatra Bulzului, traseul intersectează pentru o scurtă perioadă marcajul Bandă Roșie, facilitând tranzitul spre ultima etapă a drumeției. 
 
Coborârea se realizează pe un drum forestier accesibil, care șerpuiește până în Poiana Galdei. Este o variantă excelentă pentru cei care doresc să evite traseele clasice, foarte circulate, în favoarea unei experiențe mai sălbatice. 
 
NOTA1: După ce atingi punctul culminant la Piatra Tibrului, este important să acorzi atenție manevrei de retragere pentru a intercepta drumul corect de coborâre. Traseul nu continuă în circuit direct, ci necesită o scurtă revenire pe propriile urme 
 
NOTA 2: Este absolut esențial să ai track-ul GPS descărcat pe telefon sau pe un dispozitiv dedicat înainte de a porni la drum. Dacă alegi să mergi fără el și te rătăcești, este strict responsabilitatea ta. Nu uita că pe munte deciziile îți aparțin, așa că dacă "te mănâncă undeva" să te abați de la regulile de siguranță, nu căuta vinovați în altă parte.&lt;/b&gt;</desc>
    <trkseg>
      <trkpt lat="46.237152" lon="23.409651">
        <ele>619.232</ele>
        <time>2026-03-15T07:16:36.680Z</time>
      </trkpt>
      <trkpt lat="46.237102" lon="23.409618">
        <ele>618.892</ele>
        <time>2026-03-15T07:16:40.680Z</time>
      </trkpt>
      <trkpt lat="46.237147" lon="23.409664">
        <ele>619.211</ele>
        <time>2026-03-15T07:16:47.681Z</time>
      </trkpt>
      <trkpt lat="46.237172" lon="23.409730">
        <ele>619.609</ele>
        <time>2026-03-15T07:16:52.681Z</time>
      </trkpt>
      <trkpt lat="46.237210" lon="23.409782">
        <ele>619.935</ele>
        <time>2026-03-15T07:17:16.680Z</time>
      </trkpt>
      <trkpt lat="46.237205" lon="23.409848">
        <ele>619.938</ele>
        <time>2026-03-15T07:17:21.681Z</time>
      </trkpt>
      <trkpt lat="46.237211" lon="23.409934">
        <ele>620.077</ele>
        <time>2026-03-15T07:17:26.681Z</time>
      </trkpt>
      <trkpt lat="46.237168" lon="23.409955">
        <ele>619.937</ele>
        <time>2026-03-15T07:17:30.681Z</time>
      </trkpt>
      <trkpt lat="46.237147" lon="23.410014">
        <ele>620.130</ele>
        <time>2026-03-15T07:17:38Z</time>
      </trkpt>
      <trkpt lat="46.237140" lon="23.410079">
        <ele>620.475</ele>
        <time>2026-03-15T07:17:43.681Z</time>
      </trkpt>
      <trkpt lat="46.237123" lon="23.410153">
        <ele>620.742</ele>
        <time>2026-03-15T07:17:56.681Z</time>
      </trkpt>
      <trkpt lat="46.237108" lon="23.410217">
        <ele>621.180</ele>
        <time>2026-03-15T07:18:01.681Z</time>
      </trkpt>
      <trkpt lat="46.237085" lon="23.410284">
        <ele>621.596</ele>
        <time>2026-03-15T07:18:08.680Z</time>
      </trkpt>
      <trkpt lat="46.237046" lon="23.410338">
        <ele>621.776</ele>
        <time>2026-03-15T07:18:13.681Z</time>
      </trkpt>
      <trkpt lat="46.237013" lon="23.410387">
        <ele>621.990</ele>
        <time>2026-03-15T07:18:17.681Z</time>
      </trkpt>
      <trkpt lat="46.236973" lon="23.410429">
        <ele>622.019</ele>
        <time>2026-03-15T07:18:21.680Z</time>
      </trkpt>
      <trkpt lat="46.236928" lon="23.410452">
        <ele>622.109</ele>
        <time>2026-03-15T07:18:25.681Z</time>
      </trkpt>
      <trkpt lat="46.236880" lon="23.410477">
        <ele>622.499</ele>
        <time>2026-03-15T07:18:29.681Z</time>
      </trkpt>
      <trkpt lat="46.236833" lon="23.410498">
        <ele>622.722</ele>
        <time>2026-03-15T07:18:33.681Z</time>
      </trkpt>
      <trkpt lat="46.236790" lon="23.410524">
        <ele>623.071</ele>
        <time>2026-03-15T07:18:37.680Z</time>
      </trkpt>
      <trkpt lat="46.236743" lon="23.410557">
        <ele>623.551</ele>
        <time>2026-03-15T07:18:41.681Z</time>
      </trkpt>
      <trkpt lat="46.236699" lon="23.410583">
        <ele>623.974</ele>
        <time>2026-03-15T07:18:45.681Z</time>
      </trkpt>
      <trkpt lat="46.236656" lon="23.410617">
        <ele>624.379</ele>
        <time>2026-03-15T07:18:49.680Z</time>
      </trkpt>
      <trkpt lat="46.236617" lon="23.410661">
        <ele>624.846</ele>
        <time>2026-03-15T07:18:53.680Z</time>
      </trkpt>
      <trkpt lat="46.236585" lon="23.410717">
        <ele>625.334</ele>
        <time>2026-03-15T07:18:57.680Z</time>
      </trkpt>
      <trkpt lat="46.236560" lon="23.410780">
        <ele>625.970</ele>
        <time>2026-03-15T07:19:02.681Z</time>
      </trkpt>
      <trkpt lat="46.236530" lon="23.410834">
        <ele>626.544</ele>
        <time>2026-03-15T07:19:06Z</time>
      </trkpt>
      <trkpt lat="46.236500" lon="23.410887">
        <ele>626.805</ele>
        <time>2026-03-15T07:19:10.680Z</time>
      </trkpt>
      <trkpt lat="46.236469" lon="23.410941">
        <ele>627.115</ele>
        <time>2026-03-15T07:19:14.681Z</time>
      </trkpt>
      <trkpt lat="46.236438" lon="23.411002">
        <ele>627.509</ele>
        <time>2026-03-15T07:19:18.680Z</time>
      </trkpt>
      <trkpt lat="46.236406" lon="23.411052">
        <ele>627.846</ele>
        <time>2026-03-15T07:19:22.681Z</time>
      </trkpt>
      <trkpt lat="46.236380" lon="23.411123">
        <ele>628.199</ele>
        <time>2026-03-15T07:19:27.681Z</time>
      </trkpt>
      <trkpt lat="46.236344" lon="23.411171">
        <ele>628.658</ele>
        <time>2026-03-15T07:19:31.681Z</time>
      </trkpt>
      <trkpt lat="46.236310" lon="23.411223">
        <ele>628.928</ele>
        <time>2026-03-15T07:19:35.680Z</time>
      </trkpt>
      <trkpt lat="46.236283" lon="23.411279">
        <ele>629.161</ele>
        <time>2026-03-15T07:19:39.680Z</time>
      </trkpt>
      <trkpt lat="46.236264" lon="23.411343">
        <ele>629.056</ele>
        <time>2026-03-15T07:19:43.681Z</time>
      </trkpt>
      <trkpt lat="46.236236" lon="23.411398">
        <ele>629.183</ele>
        <time>2026-03-15T07:19:47.681Z</time>
      </trkpt>
      <trkpt lat="46.236203" lon="23.411446">
        <ele>629.121</ele>
        <time>2026-03-15T07:19:52.681Z</time>
      </trkpt>
      <trkpt lat="46.236175" lon="23.411498">
        <ele>628.847</ele>
        <time>2026-03-15T07:19:56.681Z</time>
      </trkpt>
      <trkpt lat="46.236159" lon="23.411563">
        <ele>628.344</ele>
        <time>2026-03-15T07:20:01.681Z</time>
      </trkpt>
      <trkpt lat="46.236146" lon="23.411628">
        <ele>627.705</ele>
        <time>2026-03-15T07:20:10.680Z</time>
      </trkpt>
      <trkpt lat="46.236105" lon="23.411661">
        <ele>627.215</ele>
        <time>2026-03-15T07:20:14.681Z</time>
      </trkpt>
      <trkpt lat="46.236069" lon="23.411705">
        <ele>628.009</ele>
        <time>2026-03-15T07:20:18.680Z</time>
      </trkpt>
      <trkpt lat="46.236034" lon="23.411763">
        <ele>628.636</ele>
        <time>2026-03-15T07:20:23.680Z</time>
      </trkpt>
      <trkpt lat="46.235987" lon="23.411805">
        <ele>629.269</ele>
        <time>2026-03-15T07:20:28.680Z</time>
      </trkpt>
      <trkpt lat="46.235952" lon="23.411849">
        <ele>629.578</ele>
        <time>2026-03-15T07:20:32.681Z</time>
      </trkpt>
      <trkpt lat="46.235918" lon="23.411894">
        <ele>629.658</ele>
        <time>2026-03-15T07:20:36.681Z</time>
      </trkpt>
      <trkpt lat="46.235870" lon="23.411933">
        <ele>629.741</ele>
        <time>2026-03-15T07:20:41.681Z</time>
      </trkpt>
      <trkpt lat="46.235823" lon="23.411977">
        <ele>630.956</ele>
        <time>2026-03-15T07:20:46.681Z</time>
      </trkpt>
      <trkpt lat="46.235782" lon="23.412019">
        <ele>633.453</ele>
        <time>2026-03-15T07:20:51.680Z</time>
      </trkpt>
      <trkpt lat="46.235737" lon="23.412063">
        <ele>635.851</ele>
        <time>2026-03-15T07:20:56.680Z</time>
      </trkpt>
      <trkpt lat="46.235696" lon="23.412110">
        <ele>637.477</ele>
        <time>2026-03-15T07:21:01.680Z</time>
      </trkpt>
      <trkpt lat="46.235671" lon="23.412168">
        <ele>637.915</ele>
        <time>2026-03-15T07:21:05.680Z</time>
      </trkpt>
      <trkpt lat="46.235620" lon="23.412201">
        <ele>639.365</ele>
        <time>2026-03-15T07:21:10.681Z</time>
      </trkpt>
      <trkpt lat="46.235571" lon="23.412234">
        <ele>640.411</ele>
        <time>2026-03-15T07:21:15.680Z</time>
      </trkpt>
      <trkpt lat="46.235523" lon="23.412275">
        <ele>641.809</ele>
        <time>2026-03-15T07:21:20.681Z</time>
      </trkpt>
      <trkpt lat="46.235476" lon="23.412317">
        <ele>642.973</ele>
        <time>2026-03-15T07:21:25.680Z</time>
      </trkpt>
      <trkpt lat="46.235438" lon="23.412354">
        <ele>643.596</ele>
        <time>2026-03-15T07:21:29.680Z</time>
      </trkpt>
      <trkpt lat="46.235391" lon="23.412399">
        <ele>644.015</ele>
        <time>2026-03-15T07:21:34.681Z</time>
      </trkpt>
      <trkpt lat="46.235347" lon="23.412424">
        <ele>644.545</ele>
        <time>2026-03-15T07:21:38.680Z</time>
      </trkpt>
      <trkpt lat="46.235302" lon="23.412452">
        <ele>644.928</ele>
        <time>2026-03-15T07:21:42.681Z</time>
      </trkpt>
      <trkpt lat="46.235258" lon="23.412484">
        <ele>645.553</ele>
        <time>2026-03-15T07:21:46.681Z</time>
      </trkpt>
      <trkpt lat="46.235219" lon="23.412528">
        <ele>646.510</ele>
        <time>2026-03-15T07:21:50.680Z</time>
      </trkpt>
      <trkpt lat="46.235176" lon="23.412566">
        <ele>648.118</ele>
        <time>2026-03-15T07:21:54.681Z</time>
      </trkpt>
      <trkpt lat="46.235133" lon="23.412604">
        <ele>649.674</ele>
        <time>2026-03-15T07:21:58.680Z</time>
      </trkpt>
      <trkpt lat="46.235091" lon="23.412642">
        <ele>651.051</ele>
        <time>2026-03-15T07:22:02.680Z</time>
      </trkpt>
      <trkpt lat="46.235057" lon="23.412687">
        <ele>651.901</ele>
        <time>2026-03-15T07:22:05Z</time>
      </trkpt>
      <trkpt lat="46.235027" lon="23.412761">
        <ele>652.011</ele>
        <time>2026-03-15T07:22:08.680Z</time>
      </trkpt>
      <trkpt lat="46.235004" lon="23.412823">
        <ele>652.309</ele>
        <time>2026-03-15T07:22:11.681Z</time>
      </trkpt>
      <trkpt lat="46.234988" lon="23.412884">
        <ele>652.267</ele>
        <time>2026-03-15T07:22:15.680Z</time>
      </trkpt>
      <trkpt lat="46.234977" lon="23.412953">
        <ele>651.720</ele>
        <time>2026-03-15T07:22:20.681Z</time>
      </trkpt>
      <trkpt lat="46.234965" lon="23.413018">
        <ele>651.299</ele>
        <time>2026-03-15T07:22:49.680Z</time>
      </trkpt>
      <trkpt lat="46.234939" lon="23.413074">
        <ele>651.349</ele>
        <time>2026-03-15T07:22:53.681Z</time>
      </trkpt>
      <trkpt lat="46.234951" lon="23.413144">
        <ele>651.282</ele>
        <time>2026-03-15T07:22:56.681Z</time>
      </trkpt>
      <trkpt lat="46.234928" lon="23.413207">
        <ele>651.577</ele>
        <time>2026-03-15T07:23:01.681Z</time>
      </trkpt>
      <trkpt lat="46.234894" lon="23.413265">
        <ele>651.534</ele>
        <time>2026-03-15T07:23:06Z</time>
      </trkpt>
      <trkpt lat="46.234881" lon="23.413333">
        <ele>651.122</ele>
        <time>2026-03-15T07:23:10.680Z</time>
      </trkpt>
      <trkpt lat="46.234851" lon="23.413387">
        <ele>651.288</ele>
        <time>2026-03-15T07:23:14.681Z</time>
      </trkpt>
      <trkpt lat="46.234807" lon="23.413439">
        <ele>650.859</ele>
        <time>2026-03-15T07:23:19.680Z</time>
      </trkpt>
      <trkpt lat="46.234762" lon="23.413450">
        <ele>650.203</ele>
        <time>2026-03-15T07:23:23.680Z</time>
      </trkpt>
      <trkpt lat="46.234711" lon="23.413461">
        <ele>649.823</ele>
        <time>2026-03-15T07:23:27.681Z</time>
      </trkpt>
      <trkpt lat="46.234656" lon="23.413456">
        <ele>651.009</ele>
        <time>2026-03-15T07:23:32.681Z</time>
      </trkpt>
      <trkpt lat="46.234608" lon="23.413443">
        <ele>652.147</ele>
        <time>2026-03-15T07:23:36.680Z</time>
      </trkpt>
      <trkpt lat="46.234558" lon="23.413430">
        <ele>653.220</ele>
        <time>2026-03-15T07:23:40.680Z</time>
      </trkpt>
      <trkpt lat="46.234501" lon="23.413408">
        <ele>654.589</ele>
        <time>2026-03-15T07:23:44.681Z</time>
      </trkpt>
      <trkpt lat="46.234454" lon="23.413390">
        <ele>655.639</ele>
        <time>2026-03-15T07:23:48.681Z</time>
      </trkpt>
      <trkpt lat="46.234400" lon="23.413384">
        <ele>657.652</ele>
        <time>2026-03-15T07:23:53.681Z</time>
      </trkpt>
      <trkpt lat="46.234348" lon="23.413413">
        <ele>659.647</ele>
        <time>2026-03-15T07:23:58.681Z</time>
      </trkpt>
      <trkpt lat="46.234306" lon="23.413459">
        <ele>661.334</ele>
        <time>2026-03-15T07:24:02.681Z</time>
      </trkpt>
      <trkpt lat="46.234268" lon="23.413509">
        <ele>662.832</ele>
        <time>2026-03-15T07:24:06.680Z</time>
      </trkpt>
      <trkpt lat="46.234264" lon="23.413577">
        <ele>662.848</ele>
        <time>2026-03-15T07:24:10.680Z</time>
      </trkpt>
      <trkpt lat="46.234251" lon="23.413651">
        <ele>663.447</ele>
        <time>2026-03-15T07:24:14.681Z</time>
      </trkpt>
      <trkpt lat="46.234213" lon="23.413711">
        <ele>665.129</ele>
        <time>2026-03-15T07:24:18.680Z</time>
      </trkpt>
      <trkpt lat="46.234165" lon="23.413759">
        <ele>667.021</ele>
        <time>2026-03-15T07:24:22.681Z</time>
      </trkpt>
      <trkpt lat="46.234137" lon="23.413816">
        <ele>667.509</ele>
        <time>2026-03-15T07:24:26.680Z</time>
      </trkpt>
      <trkpt lat="46.234135" lon="23.413891">
        <ele>667.376</ele>
        <time>2026-03-15T07:24:31.680Z</time>
      </trkpt>
      <trkpt lat="46.234151" lon="23.413960">
        <ele>667.189</ele>
        <time>2026-03-15T07:24:34.681Z</time>
      </trkpt>
      <trkpt lat="46.234153" lon="23.414026">
        <ele>667.088</ele>
        <time>2026-03-15T07:24:37.681Z</time>
      </trkpt>
      <trkpt lat="46.234157" lon="23.414094">
        <ele>667.078</ele>
        <time>2026-03-15T07:24:40.681Z</time>
      </trkpt>
      <trkpt lat="46.234127" lon="23.414143">
        <ele>666.891</ele>
        <time>2026-03-15T07:24:43.680Z</time>
      </trkpt>
      <trkpt lat="46.234082" lon="23.414129">
        <ele>666.666</ele>
        <time>2026-03-15T07:24:48.680Z</time>
      </trkpt>
      <trkpt lat="46.234058" lon="23.414192">
        <ele>666.433</ele>
        <time>2026-03-15T07:24:53.681Z</time>
      </trkpt>
      <trkpt lat="46.234041" lon="23.414256">
        <ele>666.861</ele>
        <time>2026-03-15T07:24:57.680Z</time>
      </trkpt>
      <trkpt lat="46.233991" lon="23.414286">
        <ele>666.547</ele>
        <time>2026-03-15T07:25:01.681Z</time>
      </trkpt>
      <trkpt lat="46.233942" lon="23.414309">
        <ele>666.121</ele>
        <time>2026-03-15T07:25:05.681Z</time>
      </trkpt>
      <trkpt lat="46.233885" lon="23.414304">
        <ele>665.541</ele>
        <time>2026-03-15T07:25:09.681Z</time>
      </trkpt>
      <trkpt lat="46.233841" lon="23.414258">
        <ele>664.905</ele>
        <time>2026-03-15T07:25:13.681Z</time>
      </trkpt>
      <trkpt lat="46.233800" lon="23.414223">
        <ele>664.509</ele>
        <time>2026-03-15T07:25:16.680Z</time>
      </trkpt>
      <trkpt lat="46.233753" lon="23.414238">
        <ele>664.274</ele>
        <time>2026-03-15T07:25:22.680Z</time>
      </trkpt>
      <trkpt lat="46.233715" lon="23.414180">
        <ele>663.857</ele>
        <time>2026-03-15T07:25:26.680Z</time>
      </trkpt>
      <trkpt lat="46.233683" lon="23.414129">
        <ele>664.196</ele>
        <time>2026-03-15T07:25:29.681Z</time>
      </trkpt>
      <trkpt lat="46.233650" lon="23.414081">
        <ele>664.686</ele>
        <time>2026-03-15T07:25:33.681Z</time>
      </trkpt>
      <trkpt lat="46.233593" lon="23.414095">
        <ele>664.169</ele>
        <time>2026-03-15T07:25:39.681Z</time>
      </trkpt>
      <trkpt lat="46.233546" lon="23.414103">
        <ele>664.084</ele>
        <time>2026-03-15T07:25:47.680Z</time>
      </trkpt>
      <trkpt lat="46.233508" lon="23.414144">
        <ele>663.631</ele>
        <time>2026-03-15T07:25:51.680Z</time>
      </trkpt>
      <trkpt lat="46.233469" lon="23.414210">
        <ele>663.579</ele>
        <time>2026-03-15T07:25:57.681Z</time>
      </trkpt>
      <trkpt lat="46.233435" lon="23.414266">
        <ele>663.655</ele>
        <time>2026-03-15T07:26:03.680Z</time>
      </trkpt>
      <trkpt lat="46.233394" lon="23.414296">
        <ele>663.851</ele>
        <time>2026-03-15T07:26:13.681Z</time>
      </trkpt>
      <trkpt lat="46.233358" lon="23.414349">
        <ele>663.901</ele>
        <time>2026-03-15T07:26:38.681Z</time>
      </trkpt>
      <trkpt lat="46.233305" lon="23.414382">
        <ele>664.611</ele>
        <time>2026-03-15T07:26:44.681Z</time>
      </trkpt>
      <trkpt lat="46.233260" lon="23.414392">
        <ele>665.509</ele>
        <time>2026-03-15T07:26:50.681Z</time>
      </trkpt>
      <trkpt lat="46.233272" lon="23.414463">
        <ele>666.217</ele>
        <time>2026-03-15T07:26:58.681Z</time>
      </trkpt>
      <trkpt lat="46.233247" lon="23.414520">
        <ele>668.950</ele>
        <time>2026-03-15T07:27:06.681Z</time>
      </trkpt>
      <trkpt lat="46.233196" lon="23.414524">
        <ele>670.399</ele>
        <time>2026-03-15T07:27:12.681Z</time>
      </trkpt>
      <trkpt lat="46.233203" lon="23.414593">
        <ele>672.649</ele>
        <time>2026-03-15T07:27:23.681Z</time>
      </trkpt>
      <trkpt lat="46.233173" lon="23.414645">
        <ele>675.322</ele>
        <time>2026-03-15T07:27:35.681Z</time>
      </trkpt>
      <trkpt lat="46.233151" lon="23.414709">
        <ele>678.197</ele>
        <time>2026-03-15T07:28:08.681Z</time>
      </trkpt>
      <trkpt lat="46.233128" lon="23.414772">
        <ele>681.964</ele>
        <time>2026-03-15T07:28:22.680Z</time>
      </trkpt>
      <trkpt lat="46.233095" lon="23.414829">
        <ele>686.032</ele>
        <time>2026-03-15T07:28:49.681Z</time>
      </trkpt>
      <trkpt lat="46.233063" lon="23.414880">
        <ele>689.948</ele>
        <time>2026-03-15T07:28:58.680Z</time>
      </trkpt>
      <trkpt lat="46.233018" lon="23.414916">
        <ele>691.956</ele>
        <time>2026-03-15T07:29:05.681Z</time>
      </trkpt>
      <trkpt lat="46.232979" lon="23.414956">
        <ele>693.659</ele>
        <time>2026-03-15T07:29:17.681Z</time>
      </trkpt>
      <trkpt lat="46.232957" lon="23.415020">
        <ele>696.614</ele>
        <time>2026-03-15T07:29:25.681Z</time>
      </trkpt>
      <trkpt lat="46.232912" lon="23.415053">
        <ele>697.509</ele>
        <time>2026-03-15T07:29:36.680Z</time>
      </trkpt>
      <trkpt lat="46.232867" lon="23.415065">
        <ele>697.447</ele>
        <time>2026-03-15T07:29:43.680Z</time>
      </trkpt>
      <trkpt lat="46.232828" lon="23.415108">
        <ele>698.830</ele>
        <time>2026-03-15T07:29:51.681Z</time>
      </trkpt>
      <trkpt lat="46.232792" lon="23.415146">
        <ele>700.199</ele>
        <time>2026-03-15T07:30:02.680Z</time>
      </trkpt>
      <trkpt lat="46.232754" lon="23.415189">
        <ele>702.019</ele>
        <time>2026-03-15T07:30:11.680Z</time>
      </trkpt>
      <trkpt lat="46.232710" lon="23.415218">
        <ele>703.692</ele>
        <time>2026-03-15T07:30:19.681Z</time>
      </trkpt>
      <trkpt lat="46.232687" lon="23.415279">
        <ele>706.077</ele>
        <time>2026-03-15T07:30:31.680Z</time>
      </trkpt>
      <trkpt lat="46.232641" lon="23.415292">
        <ele>706.344</ele>
        <time>2026-03-15T07:30:38.681Z</time>
      </trkpt>
      <trkpt lat="46.232660" lon="23.415360">
        <ele>707.912</ele>
        <time>2026-03-15T07:30:44.681Z</time>
      </trkpt>
      <trkpt lat="46.232679" lon="23.415420">
        <ele>709.568</ele>
        <time>2026-03-15T07:30:54.680Z</time>
      </trkpt>
      <trkpt lat="46.232693" lon="23.415488">
        <ele>711.438</ele>
        <time>2026-03-15T07:31:03.680Z</time>
      </trkpt>
      <trkpt lat="46.232677" lon="23.415549">
        <ele>712.770</ele>
        <time>2026-03-15T07:31:10.680Z</time>
      </trkpt>
      <trkpt lat="46.232639" lon="23.415593">
        <ele>712.917</ele>
        <time>2026-03-15T07:31:19.681Z</time>
      </trkpt>
      <trkpt lat="46.232611" lon="23.415656">
        <ele>713.909</ele>
        <time>2026-03-15T07:31:30.681Z</time>
      </trkpt>
      <trkpt lat="46.232613" lon="23.415722">
        <ele>715.575</ele>
        <time>2026-03-15T07:31:45.680Z</time>
      </trkpt>
      <trkpt lat="46.232589" lon="23.415778">
        <ele>716.258</ele>
        <time>2026-03-15T07:31:51.681Z</time>
      </trkpt>
      <trkpt lat="46.232572" lon="23.415844">
        <ele>717.337</ele>
        <time>2026-03-15T07:31:57.680Z</time>
      </trkpt>
      <trkpt lat="46.232567" lon="23.415910">
        <ele>718.857</ele>
        <time>2026-03-15T07:32:08.681Z</time>
      </trkpt>
      <trkpt lat="46.232521" lon="23.415948">
        <ele>718.250</ele>
        <time>2026-03-15T07:32:14.681Z</time>
      </trkpt>
      <trkpt lat="46.232499" lon="23.416012">
        <ele>718.915</ele>
        <time>2026-03-15T07:32:23.681Z</time>
      </trkpt>
      <trkpt lat="46.232522" lon="23.416076">
        <ele>721.112</ele>
        <time>2026-03-15T07:32:30.681Z</time>
      </trkpt>
      <trkpt lat="46.232556" lon="23.416128">
        <ele>723.680</ele>
        <time>2026-03-15T07:32:34.680Z</time>
      </trkpt>
      <trkpt lat="46.232552" lon="23.416194">
        <ele>725.176</ele>
        <time>2026-03-15T07:32:42.681Z</time>
      </trkpt>
      <trkpt lat="46.232558" lon="23.416268">
        <ele>727.357</ele>
        <time>2026-03-15T07:32:48.680Z</time>
      </trkpt>
      <trkpt lat="46.232551" lon="23.416340">
        <ele>728.800</ele>
        <time>2026-03-15T07:32:57.680Z</time>
      </trkpt>
      <trkpt lat="46.232529" lon="23.416398">
        <ele>729.320</ele>
        <time>2026-03-15T07:33:06.682Z</time>
      </trkpt>
      <trkpt lat="46.232532" lon="23.416466">
        <ele>731.009</ele>
        <time>2026-03-15T07:33:18.682Z</time>
      </trkpt>
      <trkpt lat="46.232493" lon="23.416500">
        <ele>730.257</ele>
        <time>2026-03-15T07:33:25.681Z</time>
      </trkpt>
      <trkpt lat="46.232495" lon="23.416574">
        <ele>731.980</ele>
        <time>2026-03-15T07:33:33.681Z</time>
      </trkpt>
      <trkpt lat="46.232456" lon="23.416609">
        <ele>731.519</ele>
        <time>2026-03-15T07:33:41.681Z</time>
      </trkpt>
      <trkpt lat="46.232455" lon="23.416675">
        <ele>733.089</ele>
        <time>2026-03-15T07:33:46.682Z</time>
      </trkpt>
      <trkpt lat="46.232417" lon="23.416725">
        <ele>734.012</ele>
        <time>2026-03-15T07:33:55.682Z</time>
      </trkpt>
      <trkpt lat="46.232397" lon="23.416784">
        <ele>735.887</ele>
        <time>2026-03-15T07:34:04.682Z</time>
      </trkpt>
      <trkpt lat="46.232416" lon="23.416848">
        <ele>739.054</ele>
        <time>2026-03-15T07:34:10.682Z</time>
      </trkpt>
      <trkpt lat="46.232409" lon="23.416924">
        <ele>741.932</ele>
        <time>2026-03-15T07:34:19.682Z</time>
      </trkpt>
      <trkpt lat="46.232404" lon="23.416990">
        <ele>744.418</ele>
        <time>2026-03-15T07:34:28.682Z</time>
      </trkpt>
      <trkpt lat="46.232374" lon="23.417042">
        <ele>745.881</ele>
        <time>2026-03-15T07:34:34.682Z</time>
      </trkpt>
      <trkpt lat="46.232368" lon="23.417118">
        <ele>748.861</ele>
        <time>2026-03-15T07:34:41.682Z</time>
      </trkpt>
      <trkpt lat="46.232344" lon="23.417175">
        <ele>750.717</ele>
        <time>2026-03-15T07:34:49.681Z</time>
      </trkpt>
      <trkpt lat="46.232312" lon="23.417233">
        <ele>752.209</ele>
        <time>2026-03-15T07:36:38.681Z</time>
      </trkpt>
      <trkpt lat="46.232312" lon="23.417304">
        <ele>754.190</ele>
        <time>2026-03-15T07:36:45.681Z</time>
      </trkpt>
      <trkpt lat="46.232304" lon="23.417369">
        <ele>755.633</ele>
        <time>2026-03-15T07:36:52.682Z</time>
      </trkpt>
      <trkpt lat="46.232284" lon="23.417437">
        <ele>756.982</ele>
        <time>2026-03-15T07:37:02.681Z</time>
      </trkpt>
      <trkpt lat="46.232278" lon="23.417508">
        <ele>758.612</ele>
        <time>2026-03-15T07:37:08.682Z</time>
      </trkpt>
      <trkpt lat="46.232266" lon="23.417584">
        <ele>759.745</ele>
        <time>2026-03-15T07:37:13.681Z</time>
      </trkpt>
      <trkpt lat="46.232238" lon="23.417638">
        <ele>759.980</ele>
        <time>2026-03-15T07:37:20.682Z</time>
      </trkpt>
      <trkpt lat="46.232218" lon="23.417698">
        <ele>760.547</ele>
        <time>2026-03-15T07:37:28.681Z</time>
      </trkpt>
      <trkpt lat="46.232255" lon="23.417739">
        <ele>762.265</ele>
        <time>2026-03-15T07:37:35.682Z</time>
      </trkpt>
      <trkpt lat="46.232265" lon="23.417808">
        <ele>763.571</ele>
        <time>2026-03-15T07:37:58.682Z</time>
      </trkpt>
      <trkpt lat="46.232275" lon="23.417879">
        <ele>764.424</ele>
        <time>2026-03-15T07:38:05.682Z</time>
      </trkpt>
      <trkpt lat="46.232233" lon="23.417913">
        <ele>763.304</ele>
        <time>2026-03-15T07:38:18.682Z</time>
      </trkpt>
      <trkpt lat="46.232191" lon="23.417942">
        <ele>762.814</ele>
        <time>2026-03-15T07:38:23.682Z</time>
      </trkpt>
      <trkpt lat="46.232143" lon="23.417935">
        <ele>762.009</ele>
        <time>2026-03-15T07:38:28.682Z</time>
      </trkpt>
      <trkpt lat="46.232150" lon="23.418007">
        <ele>762.864</ele>
        <time>2026-03-15T07:38:34.681Z</time>
      </trkpt>
      <trkpt lat="46.232203" lon="23.418042">
        <ele>763.797</ele>
        <time>2026-03-15T07:38:39.682Z</time>
      </trkpt>
      <trkpt lat="46.232232" lon="23.418092">
        <ele>765.016</ele>
        <time>2026-03-15T07:38:46.681Z</time>
      </trkpt>
      <trkpt lat="46.232188" lon="23.418117">
        <ele>764.836</ele>
        <time>2026-03-15T07:38:57Z</time>
      </trkpt>
      <trkpt lat="46.232127" lon="23.418089">
        <ele>763.759</ele>
        <time>2026-03-15T07:39:00.682Z</time>
      </trkpt>
      <trkpt lat="46.232155" lon="23.418158">
        <ele>765.494</ele>
        <time>2026-03-15T07:39:07.681Z</time>
      </trkpt>
      <trkpt lat="46.232194" lon="23.418199">
        <ele>766.491</ele>
        <time>2026-03-15T07:39:10.681Z</time>
      </trkpt>
      <trkpt lat="46.232199" lon="23.418264">
        <ele>767.729</ele>
        <time>2026-03-15T07:39:19.682Z</time>
      </trkpt>
      <trkpt lat="46.232235" lon="23.418303">
        <ele>768.935</ele>
        <time>2026-03-15T07:41:07.681Z</time>
      </trkpt>
      <trkpt lat="46.232250" lon="23.418368">
        <ele>770.436</ele>
        <time>2026-03-15T07:41:16.682Z</time>
      </trkpt>
      <trkpt lat="46.232274" lon="23.418424">
        <ele>772.017</ele>
        <time>2026-03-15T07:41:24.681Z</time>
      </trkpt>
      <trkpt lat="46.232267" lon="23.418490">
        <ele>772.718</ele>
        <time>2026-03-15T07:41:31.682Z</time>
      </trkpt>
      <trkpt lat="46.232216" lon="23.418520">
        <ele>771.709</ele>
        <time>2026-03-15T07:41:35Z</time>
      </trkpt>
      <trkpt lat="46.232183" lon="23.418572">
        <ele>772.335</ele>
        <time>2026-03-15T07:41:42.682Z</time>
      </trkpt>
      <trkpt lat="46.232152" lon="23.418622">
        <ele>772.888</ele>
        <time>2026-03-15T07:41:48.682Z</time>
      </trkpt>
      <trkpt lat="46.232115" lon="23.418672">
        <ele>773.137</ele>
        <time>2026-03-15T07:41:58.682Z</time>
      </trkpt>
      <trkpt lat="46.232073" lon="23.418715">
        <ele>773.227</ele>
        <time>2026-03-15T07:42:06.682Z</time>
      </trkpt>
      <trkpt lat="46.232041" lon="23.418763">
        <ele>773.340</ele>
        <time>2026-03-15T07:42:12.681Z</time>
      </trkpt>
      <trkpt lat="46.232030" lon="23.418838">
        <ele>773.655</ele>
        <time>2026-03-15T07:42:43.682Z</time>
      </trkpt>
      <trkpt lat="46.231990" lon="23.418872">
        <ele>773.492</ele>
        <time>2026-03-15T07:42:50.682Z</time>
      </trkpt>
      <trkpt lat="46.231974" lon="23.418935">
        <ele>774.180</ele>
        <time>2026-03-15T07:42:58.682Z</time>
      </trkpt>
      <trkpt lat="46.231964" lon="23.419000">
        <ele>775.216</ele>
        <time>2026-03-15T07:43:05.681Z</time>
      </trkpt>
      <trkpt lat="46.231975" lon="23.419073">
        <ele>776.681</ele>
        <time>2026-03-15T07:43:11.681Z</time>
      </trkpt>
      <trkpt lat="46.231921" lon="23.419081">
        <ele>777.061</ele>
        <time>2026-03-15T07:43:24.681Z</time>
      </trkpt>
      <trkpt lat="46.231950" lon="23.419132">
        <ele>777.417</ele>
        <time>2026-03-15T07:43:28.681Z</time>
      </trkpt>
      <trkpt lat="46.231939" lon="23.419196">
        <ele>778.809</ele>
        <time>2026-03-15T07:43:37.682Z</time>
      </trkpt>
      <trkpt lat="46.231893" lon="23.419241">
        <ele>780.640</ele>
        <time>2026-03-15T07:43:46.682Z</time>
      </trkpt>
      <trkpt lat="46.231851" lon="23.419275">
        <ele>781.933</ele>
        <time>2026-03-15T07:43:55.681Z</time>
      </trkpt>
      <trkpt lat="46.231823" lon="23.419330">
        <ele>783.342</ele>
        <time>2026-03-15T07:44:02.681Z</time>
      </trkpt>
      <trkpt lat="46.231805" lon="23.419393">
        <ele>784.672</ele>
        <time>2026-03-15T07:44:11.681Z</time>
      </trkpt>
      <trkpt lat="46.231834" lon="23.419445">
        <ele>785.445</ele>
        <time>2026-03-15T07:44:16.682Z</time>
      </trkpt>
      <trkpt lat="46.231878" lon="23.419489">
        <ele>786.080</ele>
        <time>2026-03-15T07:44:22Z</time>
      </trkpt>
      <trkpt lat="46.231852" lon="23.419544">
        <ele>787.027</ele>
        <time>2026-03-15T07:44:49.682Z</time>
      </trkpt>
      <trkpt lat="46.231854" lon="23.419609">
        <ele>788.195</ele>
        <time>2026-03-15T07:45:00.681Z</time>
      </trkpt>
      <trkpt lat="46.231875" lon="23.419666">
        <ele>789.011</ele>
        <time>2026-03-15T07:45:08.681Z</time>
      </trkpt>
      <trkpt lat="46.231867" lon="23.419732">
        <ele>790.171</ele>
        <time>2026-03-15T07:45:36.682Z</time>
      </trkpt>
      <trkpt lat="46.231874" lon="23.419802">
        <ele>791.141</ele>
        <time>2026-03-15T07:45:42.682Z</time>
      </trkpt>
      <trkpt lat="46.231872" lon="23.419871">
        <ele>792.015</ele>
        <time>2026-03-15T07:45:59.681Z</time>
      </trkpt>
      <trkpt lat="46.231906" lon="23.419921">
        <ele>792.809</ele>
        <time>2026-03-15T07:46:07.682Z</time>
      </trkpt>
      <trkpt lat="46.231932" lon="23.419975">
        <ele>793.649</ele>
        <time>2026-03-15T07:46:40.682Z</time>
      </trkpt>
      <trkpt lat="46.231971" lon="23.420024">
        <ele>795.352</ele>
        <time>2026-03-15T07:46:47.681Z</time>
      </trkpt>
      <trkpt lat="46.231986" lon="23.420086">
        <ele>797.121</ele>
        <time>2026-03-15T07:46:54.681Z</time>
      </trkpt>
      <trkpt lat="46.231987" lon="23.420157">
        <ele>798.671</ele>
        <time>2026-03-15T07:47:16.682Z</time>
      </trkpt>
      <trkpt lat="46.232006" lon="23.420235">
        <ele>800.854</ele>
        <time>2026-03-15T07:49:06.681Z</time>
      </trkpt>
      <trkpt lat="46.232027" lon="23.420297">
        <ele>802.899</ele>
        <time>2026-03-15T07:50:05.681Z</time>
      </trkpt>
      <trkpt lat="46.232041" lon="23.420367">
        <ele>804.956</ele>
        <time>2026-03-15T07:50:14.682Z</time>
      </trkpt>
      <trkpt lat="46.232044" lon="23.420436">
        <ele>806.744</ele>
        <time>2026-03-15T07:50:20.682Z</time>
      </trkpt>
      <trkpt lat="46.232055" lon="23.420501">
        <ele>808.630</ele>
        <time>2026-03-15T07:50:27.682Z</time>
      </trkpt>
      <trkpt lat="46.232079" lon="23.420567">
        <ele>811.121</ele>
        <time>2026-03-15T07:50:36.682Z</time>
      </trkpt>
      <trkpt lat="46.232065" lon="23.420634">
        <ele>812.441</ele>
        <time>2026-03-15T07:50:42.682Z</time>
      </trkpt>
      <trkpt lat="46.232081" lon="23.420697">
        <ele>814.505</ele>
        <time>2026-03-15T07:50:48.681Z</time>
      </trkpt>
      <trkpt lat="46.232072" lon="23.420763">
        <ele>815.909</ele>
        <time>2026-03-15T07:50:56.681Z</time>
      </trkpt>
      <trkpt lat="46.232057" lon="23.420826">
        <ele>817.134</ele>
        <time>2026-03-15T07:51:02.682Z</time>
      </trkpt>
      <trkpt lat="46.232025" lon="23.420881">
        <ele>817.427</ele>
        <time>2026-03-15T07:51:09.681Z</time>
      </trkpt>
      <trkpt lat="46.231999" lon="23.420945">
        <ele>818.226</ele>
        <time>2026-03-15T07:51:16.682Z</time>
      </trkpt>
      <trkpt lat="46.231976" lon="23.421004">
        <ele>819.166</ele>
        <time>2026-03-15T07:51:23.682Z</time>
      </trkpt>
      <trkpt lat="46.231955" lon="23.421074">
        <ele>820.349</ele>
        <time>2026-03-15T07:51:31.682Z</time>
      </trkpt>
      <trkpt lat="46.231934" lon="23.421141">
        <ele>821.784</ele>
        <time>2026-03-15T07:51:40.682Z</time>
      </trkpt>
      <trkpt lat="46.231960" lon="23.421202">
        <ele>823.311</ele>
        <time>2026-03-15T07:51:54.681Z</time>
      </trkpt>
      <trkpt lat="46.231937" lon="23.421268">
        <ele>824.449</ele>
        <time>2026-03-15T07:51:59.682Z</time>
      </trkpt>
      <trkpt lat="46.231933" lon="23.421341">
        <ele>826.125</ele>
        <time>2026-03-15T07:52:05.681Z</time>
      </trkpt>
      <trkpt lat="46.231955" lon="23.421405">
        <ele>827.591</ele>
        <time>2026-03-15T07:52:13.682Z</time>
      </trkpt>
      <trkpt lat="46.231966" lon="23.421470">
        <ele>828.981</ele>
        <time>2026-03-15T07:52:18.682Z</time>
      </trkpt>
      <trkpt lat="46.231940" lon="23.421524">
        <ele>829.519</ele>
        <time>2026-03-15T07:52:34.681Z</time>
      </trkpt>
      <trkpt lat="46.231900" lon="23.421483">
        <ele>829.409</ele>
        <time>2026-03-15T07:52:41.682Z</time>
      </trkpt>
      <trkpt lat="46.231874" lon="23.421425">
        <ele>828.581</ele>
        <time>2026-03-15T07:52:48.682Z</time>
      </trkpt>
      <trkpt lat="46.231827" lon="23.421397">
        <ele>828.534</ele>
        <time>2026-03-15T07:52:53.681Z</time>
      </trkpt>
      <trkpt lat="46.231798" lon="23.421457">
        <ele>830.393</ele>
        <time>2026-03-15T07:52:58.681Z</time>
      </trkpt>
      <trkpt lat="46.231809" lon="23.421521">
        <ele>831.833</ele>
        <time>2026-03-15T07:53:05.681Z</time>
      </trkpt>
      <trkpt lat="46.231827" lon="23.421589">
        <ele>833.196</ele>
        <time>2026-03-15T07:53:14.682Z</time>
      </trkpt>
      <trkpt lat="46.231857" lon="23.421649">
        <ele>833.871</ele>
        <time>2026-03-15T07:53:23.681Z</time>
      </trkpt>
      <trkpt lat="46.231883" lon="23.421707">
        <ele>834.718</ele>
        <time>2026-03-15T07:53:28.681Z</time>
      </trkpt>
      <trkpt lat="46.231873" lon="23.421778">
        <ele>836.936</ele>
        <time>2026-03-15T07:53:40.682Z</time>
      </trkpt>
      <trkpt lat="46.231878" lon="23.421845">
        <ele>838.752</ele>
        <time>2026-03-15T07:53:48.681Z</time>
      </trkpt>
      <trkpt lat="46.231896" lon="23.421906">
        <ele>840.074</ele>
        <time>2026-03-15T07:54:13.682Z</time>
      </trkpt>
      <trkpt lat="46.231931" lon="23.421964">
        <ele>840.856</ele>
        <time>2026-03-15T07:54:26.681Z</time>
      </trkpt>
      <trkpt lat="46.231935" lon="23.422039">
        <ele>842.921</ele>
        <time>2026-03-15T07:54:32.681Z</time>
      </trkpt>
      <trkpt lat="46.231965" lon="23.422095">
        <ele>844.609</ele>
        <time>2026-03-15T07:54:42.682Z</time>
      </trkpt>
      <trkpt lat="46.231992" lon="23.422155">
        <ele>846.779</ele>
        <time>2026-03-15T07:55:04.682Z</time>
      </trkpt>
      <trkpt lat="46.232032" lon="23.422192">
        <ele>848.192</ele>
        <time>2026-03-15T07:55:43.682Z</time>
      </trkpt>
      <trkpt lat="46.232038" lon="23.422258">
        <ele>850.091</ele>
        <time>2026-03-15T07:55:51.682Z</time>
      </trkpt>
      <trkpt lat="46.232038" lon="23.422330">
        <ele>851.921</ele>
        <time>2026-03-15T07:55:59.681Z</time>
      </trkpt>
      <trkpt lat="46.232080" lon="23.422369">
        <ele>853.234</ele>
        <time>2026-03-15T07:56:07.682Z</time>
      </trkpt>
      <trkpt lat="46.232099" lon="23.422429">
        <ele>854.849</ele>
        <time>2026-03-15T07:56:35.682Z</time>
      </trkpt>
      <trkpt lat="46.232127" lon="23.422484">
        <ele>856.326</ele>
        <time>2026-03-15T07:56:41.681Z</time>
      </trkpt>
      <trkpt lat="46.232158" lon="23.422542">
        <ele>857.744</ele>
        <time>2026-03-15T07:56:49.682Z</time>
      </trkpt>
      <trkpt lat="46.232190" lon="23.422602">
        <ele>859.220</ele>
        <time>2026-03-15T07:56:56.682Z</time>
      </trkpt>
      <trkpt lat="46.232220" lon="23.422650">
        <ele>860.281</ele>
        <time>2026-03-15T07:57:58.682Z</time>
      </trkpt>
      <trkpt lat="46.232197" lon="23.422706">
        <ele>861.561</ele>
        <time>2026-03-15T07:58:02.682Z</time>
      </trkpt>
      <trkpt lat="46.232181" lon="23.422769">
        <ele>862.917</ele>
        <time>2026-03-15T07:58:07.681Z</time>
      </trkpt>
      <trkpt lat="46.232187" lon="23.422834">
        <ele>863.909</ele>
        <time>2026-03-15T07:58:17.681Z</time>
      </trkpt>
      <trkpt lat="46.232200" lon="23.422903">
        <ele>864.920</ele>
        <time>2026-03-15T07:58:24.681Z</time>
      </trkpt>
      <trkpt lat="46.232210" lon="23.422976">
        <ele>865.913</ele>
        <time>2026-03-15T07:58:32.682Z</time>
      </trkpt>
      <trkpt lat="46.232221" lon="23.423044">
        <ele>866.892</ele>
        <time>2026-03-15T07:58:40.681Z</time>
      </trkpt>
      <trkpt lat="46.232226" lon="23.423115">
        <ele>867.982</ele>
        <time>2026-03-15T07:58:46.681Z</time>
      </trkpt>
      <trkpt lat="46.232233" lon="23.423182">
        <ele>868.955</ele>
        <time>2026-03-15T07:58:52.681Z</time>
      </trkpt>
      <trkpt lat="46.232254" lon="23.423241">
        <ele>870.080</ele>
        <time>2026-03-15T07:59:02.681Z</time>
      </trkpt>
      <trkpt lat="46.232244" lon="23.423312">
        <ele>870.967</ele>
        <time>2026-03-15T07:59:11.681Z</time>
      </trkpt>
      <trkpt lat="46.232228" lon="23.423373">
        <ele>871.995</ele>
        <time>2026-03-15T07:59:18.682Z</time>
      </trkpt>
      <trkpt lat="46.232204" lon="23.423431">
        <ele>873.281</ele>
        <time>2026-03-15T07:59:28.681Z</time>
      </trkpt>
      <trkpt lat="46.232182" lon="23.423495">
        <ele>874.735</ele>
        <time>2026-03-15T07:59:37.681Z</time>
      </trkpt>
      <trkpt lat="46.232158" lon="23.423557">
        <ele>876.286</ele>
        <time>2026-03-15T07:59:48.682Z</time>
      </trkpt>
      <trkpt lat="46.232136" lon="23.423621">
        <ele>877.914</ele>
        <time>2026-03-15T07:59:59.682Z</time>
      </trkpt>
      <trkpt lat="46.232101" lon="23.423663">
        <ele>879.109</ele>
        <time>2026-03-15T08:00:08.683Z</time>
      </trkpt>
      <trkpt lat="46.232071" lon="23.423713">
        <ele>880.595</ele>
        <time>2026-03-15T08:00:17.682Z</time>
      </trkpt>
      <trkpt lat="46.232041" lon="23.423663">
        <ele>879.538</ele>
        <time>2026-03-15T08:00:52.683Z</time>
      </trkpt>
      <trkpt lat="46.232004" lon="23.423617">
        <ele>878.777</ele>
        <time>2026-03-15T08:01:02.683Z</time>
      </trkpt>
      <trkpt lat="46.231961" lon="23.423654">
        <ele>879.847</ele>
        <time>2026-03-15T08:01:15.682Z</time>
      </trkpt>
      <trkpt lat="46.231974" lon="23.423787">
        <ele>882.760</ele>
        <time>2026-03-15T08:05:07.683Z</time>
      </trkpt>
      <trkpt lat="46.231952" lon="23.423855">
        <ele>884.285</ele>
        <time>2026-03-15T08:07:46.682Z</time>
      </trkpt>
      <trkpt lat="46.231906" lon="23.423879">
        <ele>885.672</ele>
        <time>2026-03-15T08:07:54.682Z</time>
      </trkpt>
      <trkpt lat="46.231878" lon="23.423934">
        <ele>887.410</ele>
        <time>2026-03-15T08:08:01.683Z</time>
      </trkpt>
      <trkpt lat="46.231836" lon="23.423963">
        <ele>888.816</ele>
        <time>2026-03-15T08:08:05.682Z</time>
      </trkpt>
      <trkpt lat="46.231828" lon="23.424030">
        <ele>890.296</ele>
        <time>2026-03-15T08:08:18.683Z</time>
      </trkpt>
      <trkpt lat="46.231784" lon="23.424058">
        <ele>891.331</ele>
        <time>2026-03-15T08:08:26.683Z</time>
      </trkpt>
      <trkpt lat="46.231757" lon="23.424113">
        <ele>892.524</ele>
        <time>2026-03-15T08:08:45.684Z</time>
      </trkpt>
      <trkpt lat="46.231731" lon="23.424167">
        <ele>893.509</ele>
        <time>2026-03-15T08:08:58.684Z</time>
      </trkpt>
      <trkpt lat="46.231720" lon="23.424253">
        <ele>895.611</ele>
        <time>2026-03-15T08:09:07.683Z</time>
      </trkpt>
      <trkpt lat="46.231731" lon="23.424319">
        <ele>897.174</ele>
        <time>2026-03-15T08:09:38.684Z</time>
      </trkpt>
      <trkpt lat="46.231759" lon="23.424376">
        <ele>898.493</ele>
        <time>2026-03-15T08:10:19.684Z</time>
      </trkpt>
      <trkpt lat="46.231735" lon="23.424451">
        <ele>900.163</ele>
        <time>2026-03-15T08:10:24.683Z</time>
      </trkpt>
      <trkpt lat="46.231695" lon="23.424493">
        <ele>901.116</ele>
        <time>2026-03-15T08:10:33.683Z</time>
      </trkpt>
      <trkpt lat="46.231656" lon="23.424526">
        <ele>902.491</ele>
        <time>2026-03-15T08:10:46.684Z</time>
      </trkpt>
      <trkpt lat="46.231625" lon="23.424583">
        <ele>905.588</ele>
        <time>2026-03-15T08:11:13.683Z</time>
      </trkpt>
      <trkpt lat="46.231590" lon="23.424646">
        <ele>909.146</ele>
        <time>2026-03-15T08:11:27.684Z</time>
      </trkpt>
      <trkpt lat="46.231572" lon="23.424707">
        <ele>911.832</ele>
        <time>2026-03-15T08:11:34.684Z</time>
      </trkpt>
      <trkpt lat="46.231558" lon="23.424771">
        <ele>915.055</ele>
        <time>2026-03-15T08:11:55.683Z</time>
      </trkpt>
      <trkpt lat="46.231546" lon="23.424835">
        <ele>918.307</ele>
        <time>2026-03-15T08:12:10.684Z</time>
      </trkpt>
      <trkpt lat="46.231550" lon="23.424901">
        <ele>920.617</ele>
        <time>2026-03-15T08:12:29.684Z</time>
      </trkpt>
      <trkpt lat="46.231506" lon="23.424937">
        <ele>924.909</ele>
        <time>2026-03-15T08:12:34.683Z</time>
      </trkpt>
      <trkpt lat="46.231496" lon="23.425005">
        <ele>928.287</ele>
        <time>2026-03-15T08:12:39.684Z</time>
      </trkpt>
      <trkpt lat="46.231552" lon="23.424967">
        <ele>923.150</ele>
        <time>2026-03-15T08:12:50.683Z</time>
      </trkpt>
      <trkpt lat="46.231571" lon="23.425036">
        <ele>924.739</ele>
        <time>2026-03-15T08:12:56.683Z</time>
      </trkpt>
      <trkpt lat="46.231571" lon="23.425112">
        <ele>927.919</ele>
        <time>2026-03-15T08:13:02.684Z</time>
      </trkpt>
      <trkpt lat="46.231601" lon="23.425165">
        <ele>928.432</ele>
        <time>2026-03-15T08:13:09.683Z</time>
      </trkpt>
      <trkpt lat="46.231587" lon="23.425230">
        <ele>932.037</ele>
        <time>2026-03-15T08:13:29.684Z</time>
      </trkpt>
      <trkpt lat="46.231618" lon="23.425286">
        <ele>932.854</ele>
        <time>2026-03-15T08:13:34.683Z</time>
      </trkpt>
      <trkpt lat="46.231649" lon="23.425336">
        <ele>933.512</ele>
        <time>2026-03-15T08:13:51.684Z</time>
      </trkpt>
      <trkpt lat="46.231699" lon="23.425374">
        <ele>934.668</ele>
        <time>2026-03-15T08:13:58.684Z</time>
      </trkpt>
      <trkpt lat="46.231742" lon="23.425394">
        <ele>935.728</ele>
        <time>2026-03-15T08:14:02.684Z</time>
      </trkpt>
      <trkpt lat="46.231784" lon="23.425418">
        <ele>937.089</ele>
        <time>2026-03-15T08:14:14.684Z</time>
      </trkpt>
      <trkpt lat="46.231806" lon="23.425475">
        <ele>939.717</ele>
        <time>2026-03-15T08:14:26.684Z</time>
      </trkpt>
      <trkpt lat="46.231854" lon="23.425519">
        <ele>942.009</ele>
        <time>2026-03-15T08:14:35.683Z</time>
      </trkpt>
      <trkpt lat="46.231806" lon="23.425511">
        <ele>941.474</ele>
        <time>2026-03-15T08:14:43.684Z</time>
      </trkpt>
      <trkpt lat="46.231752" lon="23.425506">
        <ele>941.037</ele>
        <time>2026-03-15T08:15:03.683Z</time>
      </trkpt>
      <trkpt lat="46.231709" lon="23.425526">
        <ele>941.886</ele>
        <time>2026-03-15T08:15:07.684Z</time>
      </trkpt>
      <trkpt lat="46.231670" lon="23.425575">
        <ele>943.926</ele>
        <time>2026-03-15T08:15:21.684Z</time>
      </trkpt>
      <trkpt lat="46.231635" lon="23.425621">
        <ele>946.869</ele>
        <time>2026-03-15T08:15:26.683Z</time>
      </trkpt>
      <trkpt lat="46.231609" lon="23.425680">
        <ele>950.084</ele>
        <time>2026-03-15T08:15:36.684Z</time>
      </trkpt>
      <trkpt lat="46.231634" lon="23.425745">
        <ele>952.031</ele>
        <time>2026-03-15T08:19:41.684Z</time>
      </trkpt>
      <trkpt lat="46.231636" lon="23.425812">
        <ele>954.849</ele>
        <time>2026-03-15T08:19:48.684Z</time>
      </trkpt>
      <trkpt lat="46.231597" lon="23.425858">
        <ele>957.465</ele>
        <time>2026-03-15T08:20:11.684Z</time>
      </trkpt>
      <trkpt lat="46.231544" lon="23.425845">
        <ele>958.199</ele>
        <time>2026-03-15T08:20:16.685Z</time>
      </trkpt>
      <trkpt lat="46.231500" lon="23.425859">
        <ele>959.507</ele>
        <time>2026-03-15T08:20:34.684Z</time>
      </trkpt>
      <trkpt lat="46.231481" lon="23.425786">
        <ele>957.327</ele>
        <time>2026-03-15T08:20:40.685Z</time>
      </trkpt>
      <trkpt lat="46.231454" lon="23.425733">
        <ele>956.109</ele>
        <time>2026-03-15T08:20:46.684Z</time>
      </trkpt>
      <trkpt lat="46.231410" lon="23.425760">
        <ele>958.121</ele>
        <time>2026-03-15T08:20:54.684Z</time>
      </trkpt>
      <trkpt lat="46.231375" lon="23.425808">
        <ele>960.924</ele>
        <time>2026-03-15T08:21:12.685Z</time>
      </trkpt>
      <trkpt lat="46.231333" lon="23.425844">
        <ele>964.253</ele>
        <time>2026-03-15T08:21:21.684Z</time>
      </trkpt>
      <trkpt lat="46.231289" lon="23.425876">
        <ele>967.573</ele>
        <time>2026-03-15T08:21:51.685Z</time>
      </trkpt>
      <trkpt lat="46.231242" lon="23.425866">
        <ele>969.596</ele>
        <time>2026-03-15T08:22:08.685Z</time>
      </trkpt>
      <trkpt lat="46.231192" lon="23.425843">
        <ele>971.241</ele>
        <time>2026-03-15T08:22:15.685Z</time>
      </trkpt>
      <trkpt lat="46.231152" lon="23.425811">
        <ele>972.418</ele>
        <time>2026-03-15T08:22:24.684Z</time>
      </trkpt>
      <trkpt lat="46.231120" lon="23.425864">
        <ele>975.466</ele>
        <time>2026-03-15T08:22:33.685Z</time>
      </trkpt>
      <trkpt lat="46.231119" lon="23.425929">
        <ele>977.442</ele>
        <time>2026-03-15T08:22:36.685Z</time>
      </trkpt>
      <trkpt lat="46.231143" lon="23.425992">
        <ele>978.145</ele>
        <time>2026-03-15T08:22:42.684Z</time>
      </trkpt>
      <trkpt lat="46.231113" lon="23.426047">
        <ele>981.147</ele>
        <time>2026-03-15T08:22:53.685Z</time>
      </trkpt>
      <trkpt lat="46.231109" lon="23.426119">
        <ele>983.511</ele>
        <time>2026-03-15T08:23:01.684Z</time>
      </trkpt>
      <trkpt lat="46.231161" lon="23.426145">
        <ele>982.509</ele>
        <time>2026-03-15T08:23:07.685Z</time>
      </trkpt>
      <trkpt lat="46.231208" lon="23.426134">
        <ele>979.996</ele>
        <time>2026-03-15T08:23:13.685Z</time>
      </trkpt>
      <trkpt lat="46.231255" lon="23.426168">
        <ele>979.629</ele>
        <time>2026-03-15T08:23:23.685Z</time>
      </trkpt>
      <trkpt lat="46.231300" lon="23.426195">
        <ele>979.068</ele>
        <time>2026-03-15T08:23:33.684Z</time>
      </trkpt>
      <trkpt lat="46.231351" lon="23.426190">
        <ele>976.688</ele>
        <time>2026-03-15T08:23:40.685Z</time>
      </trkpt>
      <trkpt lat="46.231358" lon="23.426257">
        <ele>979.611</ele>
        <time>2026-03-15T08:24:04.685Z</time>
      </trkpt>
      <trkpt lat="46.231405" lon="23.426274">
        <ele>978.796</ele>
        <time>2026-03-15T08:24:12.684Z</time>
      </trkpt>
      <trkpt lat="46.231453" lon="23.426293">
        <ele>978.063</ele>
        <time>2026-03-15T08:24:18.685Z</time>
      </trkpt>
      <trkpt lat="46.231442" lon="23.426357">
        <ele>981.441</ele>
        <time>2026-03-15T08:24:29.685Z</time>
      </trkpt>
      <trkpt lat="46.231488" lon="23.426389">
        <ele>981.147</ele>
        <time>2026-03-15T08:24:45.684Z</time>
      </trkpt>
      <trkpt lat="46.231486" lon="23.426456">
        <ele>983.972</ele>
        <time>2026-03-15T08:26:25.684Z</time>
      </trkpt>
      <trkpt lat="46.231438" lon="23.426449">
        <ele>985.813</ele>
        <time>2026-03-15T08:26:54.684Z</time>
      </trkpt>
      <trkpt lat="46.231397" lon="23.426483">
        <ele>989.414</ele>
        <time>2026-03-15T08:27:01.684Z</time>
      </trkpt>
      <trkpt lat="46.231346" lon="23.426490">
        <ele>991.709</ele>
        <time>2026-03-15T08:27:11.684Z</time>
      </trkpt>
      <trkpt lat="46.231310" lon="23.426533">
        <ele>995.259</ele>
        <time>2026-03-15T08:27:16.685Z</time>
      </trkpt>
      <trkpt lat="46.231257" lon="23.426512">
        <ele>996.272</ele>
        <time>2026-03-15T08:27:22.685Z</time>
      </trkpt>
      <trkpt lat="46.231215" lon="23.426485">
        <ele>996.591</ele>
        <time>2026-03-15T08:27:26.684Z</time>
      </trkpt>
      <trkpt lat="46.231163" lon="23.426493">
        <ele>998.941</ele>
        <time>2026-03-15T08:27:34.684Z</time>
      </trkpt>
      <trkpt lat="46.231117" lon="23.426512">
        <ele>1001.574</ele>
        <time>2026-03-15T08:27:39.684Z</time>
      </trkpt>
      <trkpt lat="46.231116" lon="23.426611">
        <ele>1006.229</ele>
        <time>2026-03-15T08:28:02.684Z</time>
      </trkpt>
      <trkpt lat="46.231083" lon="23.426562">
        <ele>1005.026</ele>
        <time>2026-03-15T08:28:35.684Z</time>
      </trkpt>
      <trkpt lat="46.231060" lon="23.426505">
        <ele>1003.444</ele>
        <time>2026-03-15T08:29:17.684Z</time>
      </trkpt>
      <trkpt lat="46.231007" lon="23.426506">
        <ele>1005.580</ele>
        <time>2026-03-15T08:29:22.685Z</time>
      </trkpt>
      <trkpt lat="46.230985" lon="23.426442">
        <ele>1004.186</ele>
        <time>2026-03-15T08:29:26.685Z</time>
      </trkpt>
      <trkpt lat="46.230962" lon="23.426381">
        <ele>1003.260</ele>
        <time>2026-03-15T08:29:33.685Z</time>
      </trkpt>
      <trkpt lat="46.230917" lon="23.426362">
        <ele>1004.926</ele>
        <time>2026-03-15T08:29:39.685Z</time>
      </trkpt>
      <trkpt lat="46.230869" lon="23.426325">
        <ele>1006.209</ele>
        <time>2026-03-15T08:29:51.685Z</time>
      </trkpt>
      <trkpt lat="46.230824" lon="23.426301">
        <ele>1007.840</ele>
        <time>2026-03-15T08:30:00.684Z</time>
      </trkpt>
      <trkpt lat="46.230784" lon="23.426256">
        <ele>1008.343</ele>
        <time>2026-03-15T08:30:06.684Z</time>
      </trkpt>
      <trkpt lat="46.230736" lon="23.426265">
        <ele>1010.642</ele>
        <time>2026-03-15T08:30:14.684Z</time>
      </trkpt>
      <trkpt lat="46.230687" lon="23.426259">
        <ele>1012.562</ele>
        <time>2026-03-15T08:30:21.684Z</time>
      </trkpt>
      <trkpt lat="46.230637" lon="23.426245">
        <ele>1014.425</ele>
        <time>2026-03-15T08:30:28.685Z</time>
      </trkpt>
      <trkpt lat="46.230599" lon="23.426281">
        <ele>1016.650</ele>
        <time>2026-03-15T08:30:34.685Z</time>
      </trkpt>
      <trkpt lat="46.230562" lon="23.426319">
        <ele>1018.777</ele>
        <time>2026-03-15T08:30:47.685Z</time>
      </trkpt>
      <trkpt lat="46.230515" lon="23.426327">
        <ele>1020.315</ele>
        <time>2026-03-15T08:31:00.685Z</time>
      </trkpt>
      <trkpt lat="46.230469" lon="23.426318">
        <ele>1021.681</ele>
        <time>2026-03-15T08:31:05.685Z</time>
      </trkpt>
      <trkpt lat="46.230430" lon="23.426361">
        <ele>1023.353</ele>
        <time>2026-03-15T08:31:13Z</time>
      </trkpt>
      <trkpt lat="46.230390" lon="23.426394">
        <ele>1024.804</ele>
        <time>2026-03-15T08:31:23.684Z</time>
      </trkpt>
      <trkpt lat="46.230351" lon="23.426427">
        <ele>1026.114</ele>
        <time>2026-03-15T08:31:43.684Z</time>
      </trkpt>
      <trkpt lat="46.230308" lon="23.426450">
        <ele>1027.409</ele>
        <time>2026-03-15T08:31:48.684Z</time>
      </trkpt>
      <trkpt lat="46.230264" lon="23.426476">
        <ele>1028.717</ele>
        <time>2026-03-15T08:31:54.684Z</time>
      </trkpt>
      <trkpt lat="46.230235" lon="23.426528">
        <ele>1029.760</ele>
        <time>2026-03-15T08:32:03.684Z</time>
      </trkpt>
      <trkpt lat="46.230204" lon="23.426586">
        <ele>1030.919</ele>
        <time>2026-03-15T08:32:20.684Z</time>
      </trkpt>
      <trkpt lat="46.230174" lon="23.426636">
        <ele>1032.299</ele>
        <time>2026-03-15T08:32:43.685Z</time>
      </trkpt>
      <trkpt lat="46.230127" lon="23.426651">
        <ele>1033.832</ele>
        <time>2026-03-15T08:33:00.685Z</time>
      </trkpt>
      <trkpt lat="46.230084" lon="23.426683">
        <ele>1035.337</ele>
        <time>2026-03-15T08:33:06.684Z</time>
      </trkpt>
      <trkpt lat="46.230033" lon="23.426690">
        <ele>1037.014</ele>
        <time>2026-03-15T08:33:12.685Z</time>
      </trkpt>
      <trkpt lat="46.229986" lon="23.426678">
        <ele>1038.672</ele>
        <time>2026-03-15T08:33:17.684Z</time>
      </trkpt>
      <trkpt lat="46.229937" lon="23.426704">
        <ele>1040.758</ele>
        <time>2026-03-15T08:33:59.684Z</time>
      </trkpt>
      <trkpt lat="46.229889" lon="23.426686">
        <ele>1042.555</ele>
        <time>2026-03-15T08:34:13.685Z</time>
      </trkpt>
      <trkpt lat="46.229869" lon="23.426622">
        <ele>1042.607</ele>
        <time>2026-03-15T08:34:17.685Z</time>
      </trkpt>
      <trkpt lat="46.229858" lon="23.426550">
        <ele>1041.917</ele>
        <time>2026-03-15T08:34:31.685Z</time>
      </trkpt>
      <trkpt lat="46.229843" lon="23.426473">
        <ele>1041.309</ele>
        <time>2026-03-15T08:34:35.685Z</time>
      </trkpt>
      <trkpt lat="46.229844" lon="23.426408">
        <ele>1040.317</ele>
        <time>2026-03-15T08:34:47.685Z</time>
      </trkpt>
      <trkpt lat="46.229814" lon="23.426348">
        <ele>1040.690</ele>
        <time>2026-03-15T08:34:54.685Z</time>
      </trkpt>
      <trkpt lat="46.229789" lon="23.426288">
        <ele>1040.719</ele>
        <time>2026-03-15T08:35:04.685Z</time>
      </trkpt>
      <trkpt lat="46.229777" lon="23.426225">
        <ele>1040.529</ele>
        <time>2026-03-15T08:35:09.684Z</time>
      </trkpt>
      <trkpt lat="46.229793" lon="23.426156">
        <ele>1039.262</ele>
        <time>2026-03-15T08:35:13.684Z</time>
      </trkpt>
      <trkpt lat="46.229810" lon="23.426088">
        <ele>1037.967</ele>
        <time>2026-03-15T08:35:18.684Z</time>
      </trkpt>
      <trkpt lat="46.229842" lon="23.426041">
        <ele>1036.574</ele>
        <time>2026-03-15T08:35:24.685Z</time>
      </trkpt>
      <trkpt lat="46.229829" lon="23.425972">
        <ele>1036.312</ele>
        <time>2026-03-15T08:35:28.684Z</time>
      </trkpt>
      <trkpt lat="46.229844" lon="23.425908">
        <ele>1035.448</ele>
        <time>2026-03-15T08:35:35.684Z</time>
      </trkpt>
      <trkpt lat="46.229881" lon="23.425862">
        <ele>1034.396</ele>
        <time>2026-03-15T08:36:17.685Z</time>
      </trkpt>
      <trkpt lat="46.229848" lon="23.425804">
        <ele>1034.731</ele>
        <time>2026-03-15T08:36:21.685Z</time>
      </trkpt>
      <trkpt lat="46.229813" lon="23.425736">
        <ele>1035.224</ele>
        <time>2026-03-15T08:36:26.684Z</time>
      </trkpt>
      <trkpt lat="46.229764" lon="23.425702">
        <ele>1035.909</ele>
        <time>2026-03-15T08:36:31.684Z</time>
      </trkpt>
      <trkpt lat="46.229713" lon="23.425690">
        <ele>1036.591</ele>
        <time>2026-03-15T08:36:36.685Z</time>
      </trkpt>
      <trkpt lat="46.229668" lon="23.425659">
        <ele>1036.744</ele>
        <time>2026-03-15T08:36:41.685Z</time>
      </trkpt>
      <trkpt lat="46.229630" lon="23.425607">
        <ele>1036.433</ele>
        <time>2026-03-15T08:36:46.685Z</time>
      </trkpt>
      <trkpt lat="46.229581" lon="23.425582">
        <ele>1036.393</ele>
        <time>2026-03-15T08:36:53.685Z</time>
      </trkpt>
      <trkpt lat="46.229534" lon="23.425592">
        <ele>1036.586</ele>
        <time>2026-03-15T08:38:27.685Z</time>
      </trkpt>
      <trkpt lat="46.229489" lon="23.425624">
        <ele>1037.151</ele>
        <time>2026-03-15T08:38:35.685Z</time>
      </trkpt>
      <trkpt lat="46.229460" lon="23.425675">
        <ele>1038.148</ele>
        <time>2026-03-15T08:38:51.684Z</time>
      </trkpt>
      <trkpt lat="46.229411" lon="23.425695">
        <ele>1038.836</ele>
        <time>2026-03-15T08:39:00.685Z</time>
      </trkpt>
      <trkpt lat="46.229372" lon="23.425734">
        <ele>1040.192</ele>
        <time>2026-03-15T08:39:09.685Z</time>
      </trkpt>
      <trkpt lat="46.229344" lon="23.425796">
        <ele>1041.913</ele>
        <time>2026-03-15T08:39:30.684Z</time>
      </trkpt>
      <trkpt lat="46.229305" lon="23.425844">
        <ele>1043.843</ele>
        <time>2026-03-15T08:39:38.684Z</time>
      </trkpt>
      <trkpt lat="46.229264" lon="23.425882">
        <ele>1045.607</ele>
        <time>2026-03-15T08:39:44.684Z</time>
      </trkpt>
      <trkpt lat="46.229213" lon="23.425864">
        <ele>1046.009</ele>
        <time>2026-03-15T08:39:50.685Z</time>
      </trkpt>
      <trkpt lat="46.229182" lon="23.425918">
        <ele>1048.183</ele>
        <time>2026-03-15T08:39:58.684Z</time>
      </trkpt>
      <trkpt lat="46.229161" lon="23.425982">
        <ele>1050.496</ele>
        <time>2026-03-15T08:40:30.684Z</time>
      </trkpt>
      <trkpt lat="46.229128" lon="23.426044">
        <ele>1052.945</ele>
        <time>2026-03-15T08:40:51.685Z</time>
      </trkpt>
      <trkpt lat="46.229080" lon="23.426065">
        <ele>1054.515</ele>
        <time>2026-03-15T08:40:57.684Z</time>
      </trkpt>
      <trkpt lat="46.229035" lon="23.426091">
        <ele>1056.358</ele>
        <time>2026-03-15T08:41:16.685Z</time>
      </trkpt>
      <trkpt lat="46.228981" lon="23.426113">
        <ele>1058.153</ele>
        <time>2026-03-15T08:41:23.684Z</time>
      </trkpt>
      <trkpt lat="46.228930" lon="23.426124">
        <ele>1059.580</ele>
        <time>2026-03-15T08:41:28.684Z</time>
      </trkpt>
      <trkpt lat="46.228891" lon="23.426158">
        <ele>1061.138</ele>
        <time>2026-03-15T08:41:32.684Z</time>
      </trkpt>
      <trkpt lat="46.228840" lon="23.426182">
        <ele>1061.154</ele>
        <time>2026-03-15T08:41:39.684Z</time>
      </trkpt>
      <trkpt lat="46.228792" lon="23.426189">
        <ele>1060.749</ele>
        <time>2026-03-15T08:41:44.684Z</time>
      </trkpt>
      <trkpt lat="46.228769" lon="23.426246">
        <ele>1061.902</ele>
        <time>2026-03-15T08:41:49.685Z</time>
      </trkpt>
      <trkpt lat="46.228730" lon="23.426287">
        <ele>1062.522</ele>
        <time>2026-03-15T08:41:57.685Z</time>
      </trkpt>
      <trkpt lat="46.228717" lon="23.426359">
        <ele>1064.309</ele>
        <time>2026-03-15T08:42:52.684Z</time>
      </trkpt>
      <trkpt lat="46.228691" lon="23.426304">
        <ele>1062.516</ele>
        <time>2026-03-15T08:45:04.685Z</time>
      </trkpt>
      <trkpt lat="46.228656" lon="23.426255">
        <ele>1060.769</ele>
        <time>2026-03-15T08:45:07.685Z</time>
      </trkpt>
      <trkpt lat="46.228605" lon="23.426259">
        <ele>1060.288</ele>
        <time>2026-03-15T08:45:10.685Z</time>
      </trkpt>
      <trkpt lat="46.228575" lon="23.426310">
        <ele>1061.378</ele>
        <time>2026-03-15T08:45:15.684Z</time>
      </trkpt>
      <trkpt lat="46.228555" lon="23.426369">
        <ele>1062.871</ele>
        <time>2026-03-15T08:45:20.684Z</time>
      </trkpt>
      <trkpt lat="46.228508" lon="23.426386">
        <ele>1062.836</ele>
        <time>2026-03-15T08:45:24.685Z</time>
      </trkpt>
      <trkpt lat="46.228458" lon="23.426401">
        <ele>1062.883</ele>
        <time>2026-03-15T08:45:27.684Z</time>
      </trkpt>
      <trkpt lat="46.228405" lon="23.426424">
        <ele>1062.971</ele>
        <time>2026-03-15T08:45:31.684Z</time>
      </trkpt>
      <trkpt lat="46.228385" lon="23.426492">
        <ele>1065.067</ele>
        <time>2026-03-15T08:45:36.684Z</time>
      </trkpt>
      <trkpt lat="46.228372" lon="23.426560">
        <ele>1067.014</ele>
        <time>2026-03-15T08:45:41.684Z</time>
      </trkpt>
      <trkpt lat="46.228351" lon="23.426628">
        <ele>1069.054</ele>
        <time>2026-03-15T08:45:46.684Z</time>
      </trkpt>
      <trkpt lat="46.228316" lon="23.426675">
        <ele>1070.009</ele>
        <time>2026-03-15T08:45:50.685Z</time>
      </trkpt>
      <trkpt lat="46.228278" lon="23.426720">
        <ele>1070.909</ele>
        <time>2026-03-15T08:45:54.685Z</time>
      </trkpt>
      <trkpt lat="46.228235" lon="23.426741">
        <ele>1070.663</ele>
        <time>2026-03-15T08:45:59.684Z</time>
      </trkpt>
      <trkpt lat="46.228184" lon="23.426737">
        <ele>1069.156</ele>
        <time>2026-03-15T08:46:04.684Z</time>
      </trkpt>
      <trkpt lat="46.228131" lon="23.426745">
        <ele>1068.095</ele>
        <time>2026-03-15T08:46:11.685Z</time>
      </trkpt>
      <trkpt lat="46.228075" lon="23.426752">
        <ele>1066.765</ele>
        <time>2026-03-15T08:46:16.685Z</time>
      </trkpt>
      <trkpt lat="46.228021" lon="23.426771">
        <ele>1065.968</ele>
        <time>2026-03-15T08:46:21.684Z</time>
      </trkpt>
      <trkpt lat="46.227975" lon="23.426804">
        <ele>1065.793</ele>
        <time>2026-03-15T08:46:25.684Z</time>
      </trkpt>
      <trkpt lat="46.227935" lon="23.426838">
        <ele>1065.710</ele>
        <time>2026-03-15T08:46:29.684Z</time>
      </trkpt>
      <trkpt lat="46.227893" lon="23.426869">
        <ele>1065.638</ele>
        <time>2026-03-15T08:46:34.685Z</time>
      </trkpt>
      <trkpt lat="46.227849" lon="23.426916">
        <ele>1065.894</ele>
        <time>2026-03-15T08:46:38Z</time>
      </trkpt>
      <trkpt lat="46.227805" lon="23.426930">
        <ele>1065.296</ele>
        <time>2026-03-15T08:46:42.685Z</time>
      </trkpt>
      <trkpt lat="46.227750" lon="23.426957">
        <ele>1064.831</ele>
        <time>2026-03-15T08:46:46.684Z</time>
      </trkpt>
      <trkpt lat="46.227701" lon="23.426992">
        <ele>1064.624</ele>
        <time>2026-03-15T08:46:50.684Z</time>
      </trkpt>
      <trkpt lat="46.227659" lon="23.427019">
        <ele>1064.209</ele>
        <time>2026-03-15T08:46:54.684Z</time>
      </trkpt>
      <trkpt lat="46.227613" lon="23.427053">
        <ele>1063.931</ele>
        <time>2026-03-15T08:46:59.685Z</time>
      </trkpt>
      <trkpt lat="46.227575" lon="23.427088">
        <ele>1063.754</ele>
        <time>2026-03-15T08:47:03.684Z</time>
      </trkpt>
      <trkpt lat="46.227530" lon="23.427116">
        <ele>1063.143</ele>
        <time>2026-03-15T08:47:07.685Z</time>
      </trkpt>
      <trkpt lat="46.227482" lon="23.427133">
        <ele>1062.493</ele>
        <time>2026-03-15T08:47:11.684Z</time>
      </trkpt>
      <trkpt lat="46.227429" lon="23.427152">
        <ele>1061.756</ele>
        <time>2026-03-15T08:47:14.685Z</time>
      </trkpt>
      <trkpt lat="46.227381" lon="23.427193">
        <ele>1061.431</ele>
        <time>2026-03-15T08:47:17.685Z</time>
      </trkpt>
      <trkpt lat="46.227343" lon="23.427234">
        <ele>1061.468</ele>
        <time>2026-03-15T08:47:20.684Z</time>
      </trkpt>
      <trkpt lat="46.227285" lon="23.427263">
        <ele>1060.846</ele>
        <time>2026-03-15T08:47:23.684Z</time>
      </trkpt>
      <trkpt lat="46.227241" lon="23.427302">
        <ele>1060.542</ele>
        <time>2026-03-15T08:47:27.685Z</time>
      </trkpt>
      <trkpt lat="46.227192" lon="23.427318">
        <ele>1060.045</ele>
        <time>2026-03-15T08:47:35.685Z</time>
      </trkpt>
      <trkpt lat="46.227152" lon="23.427368">
        <ele>1060.247</ele>
        <time>2026-03-15T08:47:39.686Z</time>
      </trkpt>
      <trkpt lat="46.227103" lon="23.427405">
        <ele>1060.111</ele>
        <time>2026-03-15T08:47:49.685Z</time>
      </trkpt>
      <trkpt lat="46.227067" lon="23.427463">
        <ele>1060.309</ele>
        <time>2026-03-15T08:47:54.685Z</time>
      </trkpt>
      <trkpt lat="46.227051" lon="23.427526">
        <ele>1061.296</ele>
        <time>2026-03-15T08:47:59.685Z</time>
      </trkpt>
      <trkpt lat="46.227024" lon="23.427588">
        <ele>1062.439</ele>
        <time>2026-03-15T08:48:06.685Z</time>
      </trkpt>
      <trkpt lat="46.227013" lon="23.427652">
        <ele>1063.868</ele>
        <time>2026-03-15T08:48:14.684Z</time>
      </trkpt>
      <trkpt lat="46.227001" lon="23.427724">
        <ele>1065.558</ele>
        <time>2026-03-15T08:48:22.684Z</time>
      </trkpt>
      <trkpt lat="46.227008" lon="23.427788">
        <ele>1067.321</ele>
        <time>2026-03-15T08:48:37.684Z</time>
      </trkpt>
      <trkpt lat="46.227038" lon="23.427846">
        <ele>1069.666</ele>
        <time>2026-03-15T08:48:46.685Z</time>
      </trkpt>
      <trkpt lat="46.227059" lon="23.427905">
        <ele>1071.923</ele>
        <time>2026-03-15T08:49:22.685Z</time>
      </trkpt>
      <trkpt lat="46.227074" lon="23.427967">
        <ele>1074.061</ele>
        <time>2026-03-15T08:49:34.686Z</time>
      </trkpt>
      <trkpt lat="46.227092" lon="23.428032">
        <ele>1076.377</ele>
        <time>2026-03-15T08:50:20.686Z</time>
      </trkpt>
      <trkpt lat="46.227121" lon="23.428083">
        <ele>1078.165</ele>
        <time>2026-03-15T08:50:28.686Z</time>
      </trkpt>
      <trkpt lat="46.227120" lon="23.428153">
        <ele>1080.268</ele>
        <time>2026-03-15T08:50:57.685Z</time>
      </trkpt>
      <trkpt lat="46.227151" lon="23.428202">
        <ele>1082.014</ele>
        <time>2026-03-15T08:51:05.685Z</time>
      </trkpt>
      <trkpt lat="46.227159" lon="23.428267">
        <ele>1084.009</ele>
        <time>2026-03-15T08:51:12.686Z</time>
      </trkpt>
      <trkpt lat="46.227166" lon="23.428332">
        <ele>1086.128</ele>
        <time>2026-03-15T08:51:19.685Z</time>
      </trkpt>
      <trkpt lat="46.227173" lon="23.428401">
        <ele>1088.581</ele>
        <time>2026-03-15T08:51:50.685Z</time>
      </trkpt>
      <trkpt lat="46.227203" lon="23.428462">
        <ele>1090.920</ele>
        <time>2026-03-15T08:51:58.686Z</time>
      </trkpt>
      <trkpt lat="46.227229" lon="23.428522">
        <ele>1093.480</ele>
        <time>2026-03-15T08:52:44.686Z</time>
      </trkpt>
      <trkpt lat="46.227251" lon="23.428581">
        <ele>1096.093</ele>
        <time>2026-03-15T08:52:55Z</time>
      </trkpt>
      <trkpt lat="46.227271" lon="23.428642">
        <ele>1098.348</ele>
        <time>2026-03-15T08:53:35.685Z</time>
      </trkpt>
      <trkpt lat="46.227287" lon="23.428710">
        <ele>1100.555</ele>
        <time>2026-03-15T08:53:59.685Z</time>
      </trkpt>
      <trkpt lat="46.227286" lon="23.428778">
        <ele>1102.173</ele>
        <time>2026-03-15T08:54:06.685Z</time>
      </trkpt>
      <trkpt lat="46.227275" lon="23.428842">
        <ele>1103.429</ele>
        <time>2026-03-15T08:54:14.684Z</time>
      </trkpt>
      <trkpt lat="46.227292" lon="23.428905">
        <ele>1105.346</ele>
        <time>2026-03-15T08:54:28.684Z</time>
      </trkpt>
      <trkpt lat="46.227282" lon="23.428974">
        <ele>1106.488</ele>
        <time>2026-03-15T08:54:39.684Z</time>
      </trkpt>
      <trkpt lat="46.227275" lon="23.429041">
        <ele>1107.516</ele>
        <time>2026-03-15T08:54:54.685Z</time>
      </trkpt>
      <trkpt lat="46.227277" lon="23.429107">
        <ele>1108.809</ele>
        <time>2026-03-15T08:55:03.686Z</time>
      </trkpt>
      <trkpt lat="46.227315" lon="23.429145">
        <ele>1110.356</ele>
        <time>2026-03-15T08:55:34.685Z</time>
      </trkpt>
      <trkpt lat="46.227307" lon="23.429217">
        <ele>1111.669</ele>
        <time>2026-03-15T08:55:42.685Z</time>
      </trkpt>
      <trkpt lat="46.227289" lon="23.429285">
        <ele>1112.798</ele>
        <time>2026-03-15T08:55:50.686Z</time>
      </trkpt>
      <trkpt lat="46.227261" lon="23.429341">
        <ele>1113.478</ele>
        <time>2026-03-15T08:55:58.685Z</time>
      </trkpt>
      <trkpt lat="46.227282" lon="23.429406">
        <ele>1115.161</ele>
        <time>2026-03-15T08:56:13.686Z</time>
      </trkpt>
      <trkpt lat="46.227323" lon="23.429444">
        <ele>1116.476</ele>
        <time>2026-03-15T08:56:25.685Z</time>
      </trkpt>
      <trkpt lat="46.227335" lon="23.429516">
        <ele>1117.893</ele>
        <time>2026-03-15T08:56:39.686Z</time>
      </trkpt>
      <trkpt lat="46.227321" lon="23.429581">
        <ele>1118.791</ele>
        <time>2026-03-15T08:56:46.685Z</time>
      </trkpt>
      <trkpt lat="46.227312" lon="23.429654">
        <ele>1119.847</ele>
        <time>2026-03-15T08:56:51.685Z</time>
      </trkpt>
      <trkpt lat="46.227323" lon="23.429723">
        <ele>1121.129</ele>
        <time>2026-03-15T08:56:57.685Z</time>
      </trkpt>
      <trkpt lat="46.227337" lon="23.429787">
        <ele>1121.900</ele>
        <time>2026-03-15T08:57:03.686Z</time>
      </trkpt>
      <trkpt lat="46.227338" lon="23.429863">
        <ele>1122.720</ele>
        <time>2026-03-15T08:57:09.686Z</time>
      </trkpt>
      <trkpt lat="46.227348" lon="23.429927">
        <ele>1123.509</ele>
        <time>2026-03-15T08:57:15.685Z</time>
      </trkpt>
      <trkpt lat="46.227359" lon="23.429997">
        <ele>1124.444</ele>
        <time>2026-03-15T08:57:21.686Z</time>
      </trkpt>
      <trkpt lat="46.227365" lon="23.430064">
        <ele>1124.857</ele>
        <time>2026-03-15T08:57:27.685Z</time>
      </trkpt>
      <trkpt lat="46.227380" lon="23.430130">
        <ele>1125.466</ele>
        <time>2026-03-15T08:57:35.686Z</time>
      </trkpt>
      <trkpt lat="46.227413" lon="23.430186">
        <ele>1126.426</ele>
        <time>2026-03-15T08:57:42.685Z</time>
      </trkpt>
      <trkpt lat="46.227444" lon="23.430248">
        <ele>1127.439</ele>
        <time>2026-03-15T08:58:02.685Z</time>
      </trkpt>
      <trkpt lat="46.227454" lon="23.430317">
        <ele>1127.814</ele>
        <time>2026-03-15T08:58:07.685Z</time>
      </trkpt>
      <trkpt lat="46.227473" lon="23.430384">
        <ele>1128.361</ele>
        <time>2026-03-15T08:58:14.686Z</time>
      </trkpt>
      <trkpt lat="46.227498" lon="23.430440">
        <ele>1128.919</ele>
        <time>2026-03-15T08:58:20.686Z</time>
      </trkpt>
      <trkpt lat="46.227509" lon="23.430503">
        <ele>1129.295</ele>
        <time>2026-03-15T08:58:26.686Z</time>
      </trkpt>
      <trkpt lat="46.227540" lon="23.430556">
        <ele>1129.917</ele>
        <time>2026-03-15T08:58:33.686Z</time>
      </trkpt>
      <trkpt lat="46.227574" lon="23.430602">
        <ele>1130.587</ele>
        <time>2026-03-15T08:58:40.685Z</time>
      </trkpt>
      <trkpt lat="46.227601" lon="23.430656">
        <ele>1131.015</ele>
        <time>2026-03-15T08:58:47.686Z</time>
      </trkpt>
      <trkpt lat="46.227637" lon="23.430702">
        <ele>1131.709</ele>
        <time>2026-03-15T08:58:53.685Z</time>
      </trkpt>
      <trkpt lat="46.227669" lon="23.430761">
        <ele>1132.413</ele>
        <time>2026-03-15T08:58:59.685Z</time>
      </trkpt>
      <trkpt lat="46.227716" lon="23.430781">
        <ele>1133.596</ele>
        <time>2026-03-15T08:59:25.686Z</time>
      </trkpt>
      <trkpt lat="46.227746" lon="23.430841">
        <ele>1134.265</ele>
        <time>2026-03-15T08:59:31.685Z</time>
      </trkpt>
      <trkpt lat="46.227779" lon="23.430895">
        <ele>1135.045</ele>
        <time>2026-03-15T08:59:36.685Z</time>
      </trkpt>
      <trkpt lat="46.227814" lon="23.430946">
        <ele>1135.448</ele>
        <time>2026-03-15T08:59:43.686Z</time>
      </trkpt>
      <trkpt lat="46.227841" lon="23.431003">
        <ele>1135.863</ele>
        <time>2026-03-15T08:59:49.685Z</time>
      </trkpt>
      <trkpt lat="46.227864" lon="23.431068">
        <ele>1136.220</ele>
        <time>2026-03-15T08:59:54.686Z</time>
      </trkpt>
      <trkpt lat="46.227894" lon="23.431118">
        <ele>1136.688</ele>
        <time>2026-03-15T08:59:59.686Z</time>
      </trkpt>
      <trkpt lat="46.227906" lon="23.431181">
        <ele>1136.674</ele>
        <time>2026-03-15T09:00:03.686Z</time>
      </trkpt>
      <trkpt lat="46.227894" lon="23.431249">
        <ele>1136.165</ele>
        <time>2026-03-15T09:00:12.685Z</time>
      </trkpt>
      <trkpt lat="46.227948" lon="23.431277">
        <ele>1137.068</ele>
        <time>2026-03-15T09:00:16.686Z</time>
      </trkpt>
      <trkpt lat="46.227995" lon="23.431283">
        <ele>1137.914</ele>
        <time>2026-03-15T09:00:20.686Z</time>
      </trkpt>
      <trkpt lat="46.228005" lon="23.431347">
        <ele>1138.009</ele>
        <time>2026-03-15T09:00:27.685Z</time>
      </trkpt>
      <trkpt lat="46.228041" lon="23.431406">
        <ele>1138.648</ele>
        <time>2026-03-15T09:00:32.686Z</time>
      </trkpt>
      <trkpt lat="46.228073" lon="23.431455">
        <ele>1138.841</ele>
        <time>2026-03-15T09:00:37.685Z</time>
      </trkpt>
      <trkpt lat="46.228113" lon="23.431511">
        <ele>1138.890</ele>
        <time>2026-03-15T09:00:42.685Z</time>
      </trkpt>
      <trkpt lat="46.228153" lon="23.431548">
        <ele>1139.080</ele>
        <time>2026-03-15T09:00:47Z</time>
      </trkpt>
      <trkpt lat="46.228177" lon="23.431609">
        <ele>1139.243</ele>
        <time>2026-03-15T09:00:55.685Z</time>
      </trkpt>
      <trkpt lat="46.228202" lon="23.431664">
        <ele>1139.698</ele>
        <time>2026-03-15T09:01:01.685Z</time>
      </trkpt>
      <trkpt lat="46.228246" lon="23.431709">
        <ele>1139.965</ele>
        <time>2026-03-15T09:01:07.686Z</time>
      </trkpt>
      <trkpt lat="46.228283" lon="23.431763">
        <ele>1140.383</ele>
        <time>2026-03-15T09:01:12.686Z</time>
      </trkpt>
      <trkpt lat="46.228326" lon="23.431809">
        <ele>1140.919</ele>
        <time>2026-03-15T09:01:19.686Z</time>
      </trkpt>
      <trkpt lat="46.228373" lon="23.431845">
        <ele>1141.181</ele>
        <time>2026-03-15T09:01:24.685Z</time>
      </trkpt>
      <trkpt lat="46.228404" lon="23.431896">
        <ele>1141.361</ele>
        <time>2026-03-15T09:01:29.685Z</time>
      </trkpt>
      <trkpt lat="46.228392" lon="23.431960">
        <ele>1141.317</ele>
        <time>2026-03-15T09:01:36.686Z</time>
      </trkpt>
      <trkpt lat="46.228423" lon="23.432016">
        <ele>1141.209</ele>
        <time>2026-03-15T09:01:43.686Z</time>
      </trkpt>
      <trkpt lat="46.228455" lon="23.432063">
        <ele>1141.290</ele>
        <time>2026-03-15T09:01:50.685Z</time>
      </trkpt>
      <trkpt lat="46.228493" lon="23.432101">
        <ele>1141.373</ele>
        <time>2026-03-15T09:01:56.685Z</time>
      </trkpt>
      <trkpt lat="46.228547" lon="23.432110">
        <ele>1141.872</ele>
        <time>2026-03-15T09:02:10.685Z</time>
      </trkpt>
      <trkpt lat="46.228592" lon="23.432118">
        <ele>1142.232</ele>
        <time>2026-03-15T09:02:14.686Z</time>
      </trkpt>
      <trkpt lat="46.228636" lon="23.432144">
        <ele>1142.015</ele>
        <time>2026-03-15T09:02:20.685Z</time>
      </trkpt>
      <trkpt lat="46.228686" lon="23.432146">
        <ele>1141.430</ele>
        <time>2026-03-15T09:02:25.685Z</time>
      </trkpt>
      <trkpt lat="46.228735" lon="23.432155">
        <ele>1140.887</ele>
        <time>2026-03-15T09:02:32.685Z</time>
      </trkpt>
      <trkpt lat="46.228788" lon="23.432169">
        <ele>1140.295</ele>
        <time>2026-03-15T09:02:37.686Z</time>
      </trkpt>
      <trkpt lat="46.228828" lon="23.432199">
        <ele>1139.781</ele>
        <time>2026-03-15T09:02:41.686Z</time>
      </trkpt>
      <trkpt lat="46.228874" lon="23.432233">
        <ele>1139.032</ele>
        <time>2026-03-15T09:02:46.685Z</time>
      </trkpt>
      <trkpt lat="46.228918" lon="23.432253">
        <ele>1138.192</ele>
        <time>2026-03-15T09:02:50.685Z</time>
      </trkpt>
      <trkpt lat="46.228968" lon="23.432285">
        <ele>1136.911</ele>
        <time>2026-03-15T09:02:55.686Z</time>
      </trkpt>
      <trkpt lat="46.229017" lon="23.432319">
        <ele>1135.809</ele>
        <time>2026-03-15T09:03:00.685Z</time>
      </trkpt>
      <trkpt lat="46.229057" lon="23.432362">
        <ele>1134.955</ele>
        <time>2026-03-15T09:03:05.686Z</time>
      </trkpt>
      <trkpt lat="46.229102" lon="23.432396">
        <ele>1134.138</ele>
        <time>2026-03-15T09:03:10.686Z</time>
      </trkpt>
      <trkpt lat="46.229147" lon="23.432416">
        <ele>1133.567</ele>
        <time>2026-03-15T09:03:15.686Z</time>
      </trkpt>
      <trkpt lat="46.229202" lon="23.432453">
        <ele>1133.077</ele>
        <time>2026-03-15T09:03:20.685Z</time>
      </trkpt>
      <trkpt lat="46.229240" lon="23.432490">
        <ele>1132.840</ele>
        <time>2026-03-15T09:03:25.686Z</time>
      </trkpt>
      <trkpt lat="46.229277" lon="23.432529">
        <ele>1132.665</ele>
        <time>2026-03-15T09:03:30.686Z</time>
      </trkpt>
      <trkpt lat="46.229309" lon="23.432595">
        <ele>1132.522</ele>
        <time>2026-03-15T09:03:36.685Z</time>
      </trkpt>
      <trkpt lat="46.229347" lon="23.432642">
        <ele>1132.570</ele>
        <time>2026-03-15T09:03:41.686Z</time>
      </trkpt>
      <trkpt lat="46.229391" lon="23.432685">
        <ele>1132.646</ele>
        <time>2026-03-15T09:03:46.685Z</time>
      </trkpt>
      <trkpt lat="46.229428" lon="23.432739">
        <ele>1132.829</ele>
        <time>2026-03-15T09:03:51.686Z</time>
      </trkpt>
      <trkpt lat="46.229464" lon="23.432793">
        <ele>1132.700</ele>
        <time>2026-03-15T09:03:58.686Z</time>
      </trkpt>
      <trkpt lat="46.229516" lon="23.432816">
        <ele>1132.020</ele>
        <time>2026-03-15T09:04:04.686Z</time>
      </trkpt>
      <trkpt lat="46.229569" lon="23.432847">
        <ele>1131.409</ele>
        <time>2026-03-15T09:04:09.685Z</time>
      </trkpt>
      <trkpt lat="46.229615" lon="23.432876">
        <ele>1131.034</ele>
        <time>2026-03-15T09:04:14.686Z</time>
      </trkpt>
      <trkpt lat="46.229653" lon="23.432914">
        <ele>1130.757</ele>
        <time>2026-03-15T09:04:19.686Z</time>
      </trkpt>
      <trkpt lat="46.229689" lon="23.432953">
        <ele>1130.696</ele>
        <time>2026-03-15T09:04:23.686Z</time>
      </trkpt>
      <trkpt lat="46.229743" lon="23.432964">
        <ele>1130.446</ele>
        <time>2026-03-15T09:04:28.685Z</time>
      </trkpt>
      <trkpt lat="46.229776" lon="23.433019">
        <ele>1130.959</ele>
        <time>2026-03-15T09:04:33.685Z</time>
      </trkpt>
      <trkpt lat="46.229822" lon="23.433064">
        <ele>1131.334</ele>
        <time>2026-03-15T09:04:38.686Z</time>
      </trkpt>
      <trkpt lat="46.229875" lon="23.433105">
        <ele>1131.411</ele>
        <time>2026-03-15T09:04:42.685Z</time>
      </trkpt>
      <trkpt lat="46.229914" lon="23.433139">
        <ele>1131.459</ele>
        <time>2026-03-15T09:04:47.686Z</time>
      </trkpt>
      <trkpt lat="46.229963" lon="23.433170">
        <ele>1131.545</ele>
        <time>2026-03-15T09:04:52.686Z</time>
      </trkpt>
      <trkpt lat="46.230014" lon="23.433196">
        <ele>1131.787</ele>
        <time>2026-03-15T09:04:57.685Z</time>
      </trkpt>
      <trkpt lat="46.230061" lon="23.433220">
        <ele>1132.242</ele>
        <time>2026-03-15T09:05:01.686Z</time>
      </trkpt>
      <trkpt lat="46.230106" lon="23.433260">
        <ele>1132.726</ele>
        <time>2026-03-15T09:05:05.686Z</time>
      </trkpt>
      <trkpt lat="46.230158" lon="23.433292">
        <ele>1133.309</ele>
        <time>2026-03-15T09:05:10.685Z</time>
      </trkpt>
      <trkpt lat="46.230200" lon="23.433327">
        <ele>1133.920</ele>
        <time>2026-03-15T09:05:14.685Z</time>
      </trkpt>
      <trkpt lat="46.230251" lon="23.433349">
        <ele>1134.663</ele>
        <time>2026-03-15T09:05:19.686Z</time>
      </trkpt>
      <trkpt lat="46.230293" lon="23.433375">
        <ele>1134.942</ele>
        <time>2026-03-15T09:05:25.686Z</time>
      </trkpt>
      <trkpt lat="46.230329" lon="23.433416">
        <ele>1135.012</ele>
        <time>2026-03-15T09:05:31.685Z</time>
      </trkpt>
      <trkpt lat="46.230376" lon="23.433452">
        <ele>1135.285</ele>
        <time>2026-03-15T09:05:37.685Z</time>
      </trkpt>
      <trkpt lat="46.230426" lon="23.433472">
        <ele>1135.650</ele>
        <time>2026-03-15T09:05:42.686Z</time>
      </trkpt>
      <trkpt lat="46.230464" lon="23.433517">
        <ele>1135.917</ele>
        <time>2026-03-15T09:05:46.686Z</time>
      </trkpt>
      <trkpt lat="46.230507" lon="23.433551">
        <ele>1136.355</ele>
        <time>2026-03-15T09:05:50.686Z</time>
      </trkpt>
      <trkpt lat="46.230547" lon="23.433594">
        <ele>1136.961</ele>
        <time>2026-03-15T09:05:55.686Z</time>
      </trkpt>
      <trkpt lat="46.230581" lon="23.433645">
        <ele>1137.671</ele>
        <time>2026-03-15T09:06:02.685Z</time>
      </trkpt>
      <trkpt lat="46.230632" lon="23.433631">
        <ele>1138.541</ele>
        <time>2026-03-15T09:06:08.686Z</time>
      </trkpt>
      <trkpt lat="46.230678" lon="23.433645">
        <ele>1139.415</ele>
        <time>2026-03-15T09:06:18.686Z</time>
      </trkpt>
      <trkpt lat="46.230724" lon="23.433659">
        <ele>1140.309</ele>
        <time>2026-03-15T09:06:31.685Z</time>
      </trkpt>
      <trkpt lat="46.230772" lon="23.433644">
        <ele>1141.149</ele>
        <time>2026-03-15T09:06:49.685Z</time>
      </trkpt>
      <trkpt lat="46.230817" lon="23.433673">
        <ele>1142.132</ele>
        <time>2026-03-15T09:06:57.686Z</time>
      </trkpt>
      <trkpt lat="46.230863" lon="23.433683">
        <ele>1143.151</ele>
        <time>2026-03-15T09:07:02.686Z</time>
      </trkpt>
      <trkpt lat="46.230900" lon="23.433724">
        <ele>1144.231</ele>
        <time>2026-03-15T09:07:09.686Z</time>
      </trkpt>
      <trkpt lat="46.230946" lon="23.433721">
        <ele>1145.114</ele>
        <time>2026-03-15T09:07:17.686Z</time>
      </trkpt>
      <trkpt lat="46.230993" lon="23.433724">
        <ele>1146.239</ele>
        <time>2026-03-15T09:07:26.685Z</time>
      </trkpt>
      <trkpt lat="46.231039" lon="23.433721">
        <ele>1147.116</ele>
        <time>2026-03-15T09:07:35.685Z</time>
      </trkpt>
      <trkpt lat="46.231092" lon="23.433735">
        <ele>1148.434</ele>
        <time>2026-03-15T09:07:57.686Z</time>
      </trkpt>
      <trkpt lat="46.231131" lon="23.433775">
        <ele>1149.850</ele>
        <time>2026-03-15T09:08:05.685Z</time>
      </trkpt>
      <trkpt lat="46.231170" lon="23.433813">
        <ele>1151.273</ele>
        <time>2026-03-15T09:08:18.686Z</time>
      </trkpt>
      <trkpt lat="46.231215" lon="23.433798">
        <ele>1152.185</ele>
        <time>2026-03-15T09:08:25.685Z</time>
      </trkpt>
      <trkpt lat="46.231262" lon="23.433766">
        <ele>1152.713</ele>
        <time>2026-03-15T09:08:36.686Z</time>
      </trkpt>
      <trkpt lat="46.231310" lon="23.433762">
        <ele>1153.809</ele>
        <time>2026-03-15T09:08:46.685Z</time>
      </trkpt>
      <trkpt lat="46.231356" lon="23.433775">
        <ele>1155.049</ele>
        <time>2026-03-15T09:08:57.685Z</time>
      </trkpt>
      <trkpt lat="46.231404" lon="23.433798">
        <ele>1156.242</ele>
        <time>2026-03-15T09:09:09.686Z</time>
      </trkpt>
      <trkpt lat="46.231456" lon="23.433798">
        <ele>1156.981</ele>
        <time>2026-03-15T09:09:17.686Z</time>
      </trkpt>
      <trkpt lat="46.231507" lon="23.433792">
        <ele>1157.541</ele>
        <time>2026-03-15T09:09:23.686Z</time>
      </trkpt>
      <trkpt lat="46.231553" lon="23.433777">
        <ele>1157.964</ele>
        <time>2026-03-15T09:09:29.685Z</time>
      </trkpt>
      <trkpt lat="46.231590" lon="23.433821">
        <ele>1159.019</ele>
        <time>2026-03-15T09:09:35.685Z</time>
      </trkpt>
      <trkpt lat="46.231634" lon="23.433853">
        <ele>1160.046</ele>
        <time>2026-03-15T09:11:10.686Z</time>
      </trkpt>
      <trkpt lat="46.231685" lon="23.433850">
        <ele>1160.744</ele>
        <time>2026-03-15T09:11:16.686Z</time>
      </trkpt>
      <trkpt lat="46.231734" lon="23.433860">
        <ele>1161.590</ele>
        <time>2026-03-15T09:11:20.686Z</time>
      </trkpt>
      <trkpt lat="46.231786" lon="23.433842">
        <ele>1161.967</ele>
        <time>2026-03-15T09:11:25.686Z</time>
      </trkpt>
      <trkpt lat="46.231830" lon="23.433817">
        <ele>1162.081</ele>
        <time>2026-03-15T09:12:03.686Z</time>
      </trkpt>
      <trkpt lat="46.231801" lon="23.433890">
        <ele>1162.919</ele>
        <time>2026-03-15T09:12:39.686Z</time>
      </trkpt>
      <trkpt lat="46.231762" lon="23.433936">
        <ele>1162.909</ele>
        <time>2026-03-15T09:12:42.685Z</time>
      </trkpt>
      <trkpt lat="46.231808" lon="23.433952">
        <ele>1163.738</ele>
        <time>2026-03-15T09:12:48.686Z</time>
      </trkpt>
      <trkpt lat="46.231861" lon="23.433925">
        <ele>1164.261</ele>
        <time>2026-03-15T09:13:11.685Z</time>
      </trkpt>
      <trkpt lat="46.231912" lon="23.433913">
        <ele>1164.870</ele>
        <time>2026-03-15T09:13:15.686Z</time>
      </trkpt>
      <trkpt lat="46.231951" lon="23.433875">
        <ele>1164.650</ele>
        <time>2026-03-15T09:13:19.685Z</time>
      </trkpt>
      <trkpt lat="46.231999" lon="23.433868">
        <ele>1164.023</ele>
        <time>2026-03-15T09:13:24.685Z</time>
      </trkpt>
      <trkpt lat="46.232050" lon="23.433864">
        <ele>1163.438</ele>
        <time>2026-03-15T09:13:28.686Z</time>
      </trkpt>
      <trkpt lat="46.232096" lon="23.433837">
        <ele>1162.435</ele>
        <time>2026-03-15T09:13:33.685Z</time>
      </trkpt>
      <trkpt lat="46.232144" lon="23.433820">
        <ele>1161.753</ele>
        <time>2026-03-15T09:13:38.686Z</time>
      </trkpt>
      <trkpt lat="46.232187" lon="23.433783">
        <ele>1160.889</ele>
        <time>2026-03-15T09:13:43.686Z</time>
      </trkpt>
      <trkpt lat="46.232175" lon="23.433717">
        <ele>1159.859</ele>
        <time>2026-03-15T09:13:55.686Z</time>
      </trkpt>
      <trkpt lat="46.232125" lon="23.433711">
        <ele>1160.003</ele>
        <time>2026-03-15T09:14:21.686Z</time>
      </trkpt>
      <trkpt lat="46.232178" lon="23.433712">
        <ele>1159.723</ele>
        <time>2026-03-15T09:14:30.686Z</time>
      </trkpt>
      <trkpt lat="46.232227" lon="23.433685">
        <ele>1159.009</ele>
        <time>2026-03-15T09:14:34.686Z</time>
      </trkpt>
      <trkpt lat="46.232273" lon="23.433655">
        <ele>1158.037</ele>
        <time>2026-03-15T09:14:39.685Z</time>
      </trkpt>
      <trkpt lat="46.232317" lon="23.433632">
        <ele>1157.240</ele>
        <time>2026-03-15T09:14:44.685Z</time>
      </trkpt>
      <trkpt lat="46.232361" lon="23.433613">
        <ele>1156.539</ele>
        <time>2026-03-15T09:14:48.686Z</time>
      </trkpt>
      <trkpt lat="46.232416" lon="23.433591">
        <ele>1155.839</ele>
        <time>2026-03-15T09:14:52.686Z</time>
      </trkpt>
      <trkpt lat="46.232461" lon="23.433544">
        <ele>1155.132</ele>
        <time>2026-03-15T09:14:56.685Z</time>
      </trkpt>
      <trkpt lat="46.232511" lon="23.433507">
        <ele>1154.647</ele>
        <time>2026-03-15T09:15:00.686Z</time>
      </trkpt>
      <trkpt lat="46.232559" lon="23.433469">
        <ele>1154.384</ele>
        <time>2026-03-15T09:15:04.685Z</time>
      </trkpt>
      <trkpt lat="46.232615" lon="23.433445">
        <ele>1154.292</ele>
        <time>2026-03-15T09:15:08.685Z</time>
      </trkpt>
      <trkpt lat="46.232659" lon="23.433416">
        <ele>1154.218</ele>
        <time>2026-03-15T09:15:12.685Z</time>
      </trkpt>
      <trkpt lat="46.232709" lon="23.433376">
        <ele>1154.487</ele>
        <time>2026-03-15T09:15:16.685Z</time>
      </trkpt>
      <trkpt lat="46.232755" lon="23.433365">
        <ele>1154.642</ele>
        <time>2026-03-15T09:15:20.686Z</time>
      </trkpt>
      <trkpt lat="46.232804" lon="23.433365">
        <ele>1154.526</ele>
        <time>2026-03-15T09:15:25.686Z</time>
      </trkpt>
      <trkpt lat="46.232852" lon="23.433364">
        <ele>1154.109</ele>
        <time>2026-03-15T09:15:29.686Z</time>
      </trkpt>
      <trkpt lat="46.232908" lon="23.433355">
        <ele>1153.890</ele>
        <time>2026-03-15T09:15:34.686Z</time>
      </trkpt>
      <trkpt lat="46.232958" lon="23.433347">
        <ele>1153.623</ele>
        <time>2026-03-15T09:15:38.685Z</time>
      </trkpt>
      <trkpt lat="46.233007" lon="23.433346">
        <ele>1153.292</ele>
        <time>2026-03-15T09:15:42.686Z</time>
      </trkpt>
      <trkpt lat="46.233060" lon="23.433354">
        <ele>1152.782</ele>
        <time>2026-03-15T09:15:47.685Z</time>
      </trkpt>
      <trkpt lat="46.233105" lon="23.433353">
        <ele>1151.585</ele>
        <time>2026-03-15T09:15:51.685Z</time>
      </trkpt>
      <trkpt lat="46.233153" lon="23.433367">
        <ele>1150.150</ele>
        <time>2026-03-15T09:15:56.686Z</time>
      </trkpt>
      <trkpt lat="46.233196" lon="23.433350">
        <ele>1149.237</ele>
        <time>2026-03-15T09:16:00.686Z</time>
      </trkpt>
      <trkpt lat="46.233243" lon="23.433324">
        <ele>1148.475</ele>
        <time>2026-03-15T09:16:04.686Z</time>
      </trkpt>
      <trkpt lat="46.233292" lon="23.433290">
        <ele>1147.561</ele>
        <time>2026-03-15T09:16:09.686Z</time>
      </trkpt>
      <trkpt lat="46.233337" lon="23.433240">
        <ele>1146.882</ele>
        <time>2026-03-15T09:16:13.685Z</time>
      </trkpt>
      <trkpt lat="46.233377" lon="23.433195">
        <ele>1145.543</ele>
        <time>2026-03-15T09:16:17.685Z</time>
      </trkpt>
      <trkpt lat="46.233420" lon="23.433147">
        <ele>1144.017</ele>
        <time>2026-03-15T09:16:21.686Z</time>
      </trkpt>
      <trkpt lat="46.233461" lon="23.433109">
        <ele>1142.309</ele>
        <time>2026-03-15T09:16:25.685Z</time>
      </trkpt>
      <trkpt lat="46.233499" lon="23.433061">
        <ele>1140.640</ele>
        <time>2026-03-15T09:16:30Z</time>
      </trkpt>
      <trkpt lat="46.233540" lon="23.433023">
        <ele>1138.593</ele>
        <time>2026-03-15T09:16:35.686Z</time>
      </trkpt>
      <trkpt lat="46.233585" lon="23.432981">
        <ele>1136.112</ele>
        <time>2026-03-15T09:16:40.686Z</time>
      </trkpt>
      <trkpt lat="46.233635" lon="23.432968">
        <ele>1134.212</ele>
        <time>2026-03-15T09:17:05.685Z</time>
      </trkpt>
      <trkpt lat="46.233684" lon="23.432959">
        <ele>1133.175</ele>
        <time>2026-03-15T09:17:11.686Z</time>
      </trkpt>
      <trkpt lat="46.233730" lon="23.432948">
        <ele>1132.090</ele>
        <time>2026-03-15T09:17:17.686Z</time>
      </trkpt>
      <trkpt lat="46.233782" lon="23.432958">
        <ele>1131.057</ele>
        <time>2026-03-15T09:17:22.686Z</time>
      </trkpt>
      <trkpt lat="46.233831" lon="23.432933">
        <ele>1129.835</ele>
        <time>2026-03-15T09:17:26.686Z</time>
      </trkpt>
      <trkpt lat="46.233881" lon="23.432947">
        <ele>1128.891</ele>
        <time>2026-03-15T09:17:32.686Z</time>
      </trkpt>
      <trkpt lat="46.233921" lon="23.432913">
        <ele>1128.795</ele>
        <time>2026-03-15T09:17:38.686Z</time>
      </trkpt>
      <trkpt lat="46.233970" lon="23.432935">
        <ele>1129.049</ele>
        <time>2026-03-15T09:17:45.685Z</time>
      </trkpt>
      <trkpt lat="46.234021" lon="23.432950">
        <ele>1129.423</ele>
        <time>2026-03-15T09:17:51.686Z</time>
      </trkpt>
      <trkpt lat="46.234069" lon="23.432946">
        <ele>1129.609</ele>
        <time>2026-03-15T09:18:02.685Z</time>
      </trkpt>
      <trkpt lat="46.234117" lon="23.432936">
        <ele>1129.991</ele>
        <time>2026-03-15T09:18:07.686Z</time>
      </trkpt>
      <trkpt lat="46.234162" lon="23.432913">
        <ele>1129.964</ele>
        <time>2026-03-15T09:18:12.686Z</time>
      </trkpt>
      <trkpt lat="46.234210" lon="23.432911">
        <ele>1130.883</ele>
        <time>2026-03-15T09:18:18.686Z</time>
      </trkpt>
      <trkpt lat="46.234259" lon="23.432924">
        <ele>1131.953</ele>
        <time>2026-03-15T09:18:23.686Z</time>
      </trkpt>
      <trkpt lat="46.234308" lon="23.432917">
        <ele>1132.826</ele>
        <time>2026-03-15T09:18:27.685Z</time>
      </trkpt>
      <trkpt lat="46.234361" lon="23.432904">
        <ele>1133.791</ele>
        <time>2026-03-15T09:18:32.686Z</time>
      </trkpt>
      <trkpt lat="46.234408" lon="23.432898">
        <ele>1134.588</ele>
        <time>2026-03-15T09:18:37.685Z</time>
      </trkpt>
      <trkpt lat="46.234461" lon="23.432886">
        <ele>1135.246</ele>
        <time>2026-03-15T09:18:42.686Z</time>
      </trkpt>
      <trkpt lat="46.234508" lon="23.432882">
        <ele>1136.012</ele>
        <time>2026-03-15T09:18:47.685Z</time>
      </trkpt>
      <trkpt lat="46.234560" lon="23.432865">
        <ele>1136.725</ele>
        <time>2026-03-15T09:18:53.685Z</time>
      </trkpt>
      <trkpt lat="46.234612" lon="23.432846">
        <ele>1137.426</ele>
        <time>2026-03-15T09:18:58.686Z</time>
      </trkpt>
      <trkpt lat="46.234663" lon="23.432823">
        <ele>1138.208</ele>
        <time>2026-03-15T09:19:03.686Z</time>
      </trkpt>
      <trkpt lat="46.234717" lon="23.432820">
        <ele>1139.209</ele>
        <time>2026-03-15T09:19:08.685Z</time>
      </trkpt>
      <trkpt lat="46.234771" lon="23.432819">
        <ele>1139.654</ele>
        <time>2026-03-15T09:19:12.686Z</time>
      </trkpt>
      <trkpt lat="46.234821" lon="23.432812">
        <ele>1139.977</ele>
        <time>2026-03-15T09:19:17.686Z</time>
      </trkpt>
      <trkpt lat="46.234870" lon="23.432796">
        <ele>1140.146</ele>
        <time>2026-03-15T09:19:22.686Z</time>
      </trkpt>
      <trkpt lat="46.234914" lon="23.432753">
        <ele>1140.036</ele>
        <time>2026-03-15T09:19:27.685Z</time>
      </trkpt>
      <trkpt lat="46.234963" lon="23.432755">
        <ele>1140.599</ele>
        <time>2026-03-15T09:19:32.686Z</time>
      </trkpt>
      <trkpt lat="46.235007" lon="23.432781">
        <ele>1140.954</ele>
        <time>2026-03-15T09:19:38.686Z</time>
      </trkpt>
      <trkpt lat="46.235047" lon="23.432748">
        <ele>1140.461</ele>
        <time>2026-03-15T09:19:43.685Z</time>
      </trkpt>
      <trkpt lat="46.235093" lon="23.432739">
        <ele>1140.129</ele>
        <time>2026-03-15T09:19:48.686Z</time>
      </trkpt>
      <trkpt lat="46.235135" lon="23.432699">
        <ele>1139.945</ele>
        <time>2026-03-15T09:19:53Z</time>
      </trkpt>
      <trkpt lat="46.235182" lon="23.432673">
        <ele>1139.865</ele>
        <time>2026-03-15T09:19:57.686Z</time>
      </trkpt>
      <trkpt lat="46.235228" lon="23.432658">
        <ele>1139.868</ele>
        <time>2026-03-15T09:20:01.686Z</time>
      </trkpt>
      <trkpt lat="46.235276" lon="23.432651">
        <ele>1139.914</ele>
        <time>2026-03-15T09:20:06.686Z</time>
      </trkpt>
      <trkpt lat="46.235322" lon="23.432655">
        <ele>1139.909</ele>
        <time>2026-03-15T09:20:12.686Z</time>
      </trkpt>
      <trkpt lat="46.235369" lon="23.432654">
        <ele>1140.098</ele>
        <time>2026-03-15T09:20:20.685Z</time>
      </trkpt>
      <trkpt lat="46.235414" lon="23.432628">
        <ele>1140.411</ele>
        <time>2026-03-15T09:20:29.685Z</time>
      </trkpt>
      <trkpt lat="46.235455" lon="23.432580">
        <ele>1141.190</ele>
        <time>2026-03-15T09:20:44.686Z</time>
      </trkpt>
      <trkpt lat="46.235486" lon="23.432526">
        <ele>1142.150</ele>
        <time>2026-03-15T09:20:51.685Z</time>
      </trkpt>
      <trkpt lat="46.235534" lon="23.432497">
        <ele>1142.923</ele>
        <time>2026-03-15T09:21:01.686Z</time>
      </trkpt>
      <trkpt lat="46.235568" lon="23.432444">
        <ele>1143.648</ele>
        <time>2026-03-15T09:21:06.685Z</time>
      </trkpt>
      <trkpt lat="46.235612" lon="23.432424">
        <ele>1143.975</ele>
        <time>2026-03-15T09:21:13.685Z</time>
      </trkpt>
      <trkpt lat="46.235654" lon="23.432384">
        <ele>1144.513</ele>
        <time>2026-03-15T09:21:17.686Z</time>
      </trkpt>
      <trkpt lat="46.235682" lon="23.432314">
        <ele>1145.679</ele>
        <time>2026-03-15T09:21:20.686Z</time>
      </trkpt>
      <trkpt lat="46.235679" lon="23.432243">
        <ele>1146.685</ele>
        <time>2026-03-15T09:21:22.685Z</time>
      </trkpt>
      <trkpt lat="46.235673" lon="23.432170">
        <ele>1147.289</ele>
        <time>2026-03-15T09:21:25.686Z</time>
      </trkpt>
      <trkpt lat="46.235705" lon="23.432108">
        <ele>1148.017</ele>
        <time>2026-03-15T09:21:29.685Z</time>
      </trkpt>
      <trkpt lat="46.235735" lon="23.432045">
        <ele>1148.909</ele>
        <time>2026-03-15T09:21:35.686Z</time>
      </trkpt>
      <trkpt lat="46.235772" lon="23.432002">
        <ele>1150.080</ele>
        <time>2026-03-15T09:22:01.686Z</time>
      </trkpt>
      <trkpt lat="46.235819" lon="23.432010">
        <ele>1150.893</ele>
        <time>2026-03-15T09:22:10.686Z</time>
      </trkpt>
      <trkpt lat="46.235865" lon="23.432013">
        <ele>1151.142</ele>
        <time>2026-03-15T09:22:30.685Z</time>
      </trkpt>
      <trkpt lat="46.235878" lon="23.431938">
        <ele>1152.262</ele>
        <time>2026-03-15T09:22:59Z</time>
      </trkpt>
      <trkpt lat="46.235903" lon="23.431878">
        <ele>1152.915</ele>
        <time>2026-03-15T09:23:04.686Z</time>
      </trkpt>
      <trkpt lat="46.235921" lon="23.431808">
        <ele>1153.810</ele>
        <time>2026-03-15T09:23:23.685Z</time>
      </trkpt>
      <trkpt lat="46.235949" lon="23.431746">
        <ele>1154.747</ele>
        <time>2026-03-15T09:23:27.686Z</time>
      </trkpt>
      <trkpt lat="46.235958" lon="23.431677">
        <ele>1155.715</ele>
        <time>2026-03-15T09:23:31.685Z</time>
      </trkpt>
      <trkpt lat="46.235976" lon="23.431614">
        <ele>1156.771</ele>
        <time>2026-03-15T09:23:37.686Z</time>
      </trkpt>
      <trkpt lat="46.236009" lon="23.431566">
        <ele>1157.993</ele>
        <time>2026-03-15T09:23:45.686Z</time>
      </trkpt>
      <trkpt lat="46.236015" lon="23.431495">
        <ele>1159.165</ele>
        <time>2026-03-15T09:23:54.685Z</time>
      </trkpt>
      <trkpt lat="46.236056" lon="23.431457">
        <ele>1160.521</ele>
        <time>2026-03-15T09:24:33.686Z</time>
      </trkpt>
      <trkpt lat="46.236097" lon="23.431405">
        <ele>1162.409</ele>
        <time>2026-03-15T09:24:39.686Z</time>
      </trkpt>
      <trkpt lat="46.236099" lon="23.431334">
        <ele>1162.911</ele>
        <time>2026-03-15T09:24:45.686Z</time>
      </trkpt>
      <trkpt lat="46.236141" lon="23.431309">
        <ele>1163.884</ele>
        <time>2026-03-15T09:24:57.686Z</time>
      </trkpt>
      <trkpt lat="46.236173" lon="23.431258">
        <ele>1164.753</ele>
        <time>2026-03-15T09:25:04.686Z</time>
      </trkpt>
      <trkpt lat="46.236197" lon="23.431196">
        <ele>1165.663</ele>
        <time>2026-03-15T09:25:11.686Z</time>
      </trkpt>
      <trkpt lat="46.236238" lon="23.431160">
        <ele>1166.876</ele>
        <time>2026-03-15T09:25:17.685Z</time>
      </trkpt>
      <trkpt lat="46.236289" lon="23.431126">
        <ele>1168.391</ele>
        <time>2026-03-15T09:25:37.686Z</time>
      </trkpt>
      <trkpt lat="46.236325" lon="23.431080">
        <ele>1169.798</ele>
        <time>2026-03-15T09:25:42.686Z</time>
      </trkpt>
      <trkpt lat="46.236374" lon="23.431055">
        <ele>1171.296</ele>
        <time>2026-03-15T09:25:50.686Z</time>
      </trkpt>
      <trkpt lat="46.236425" lon="23.431025">
        <ele>1172.772</ele>
        <time>2026-03-15T09:25:56.685Z</time>
      </trkpt>
      <trkpt lat="46.236476" lon="23.430987">
        <ele>1174.167</ele>
        <time>2026-03-15T09:26:22.686Z</time>
      </trkpt>
      <trkpt lat="46.236516" lon="23.430951">
        <ele>1175.181</ele>
        <time>2026-03-15T09:26:55.686Z</time>
      </trkpt>
      <trkpt lat="46.236542" lon="23.431010">
        <ele>1175.319</ele>
        <time>2026-03-15T09:27:00.686Z</time>
      </trkpt>
      <trkpt lat="46.236586" lon="23.431041">
        <ele>1176.209</ele>
        <time>2026-03-15T09:27:05.685Z</time>
      </trkpt>
      <trkpt lat="46.236634" lon="23.430996">
        <ele>1177.338</ele>
        <time>2026-03-15T09:27:20.685Z</time>
      </trkpt>
      <trkpt lat="46.236632" lon="23.430930">
        <ele>1177.451</ele>
        <time>2026-03-15T09:27:31.685Z</time>
      </trkpt>
      <trkpt lat="46.236770" lon="23.430785">
        <ele>1179.470</ele>
        <time>2026-03-15T09:27:42.685Z</time>
      </trkpt>
      <trkpt lat="46.236807" lon="23.430745">
        <ele>1180.250</ele>
        <time>2026-03-15T09:27:51.686Z</time>
      </trkpt>
      <trkpt lat="46.236852" lon="23.430704">
        <ele>1181.153</ele>
        <time>2026-03-15T09:27:58.686Z</time>
      </trkpt>
      <trkpt lat="46.236881" lon="23.430645">
        <ele>1182.038</ele>
        <time>2026-03-15T09:28:03.686Z</time>
      </trkpt>
      <trkpt lat="46.236926" lon="23.430605">
        <ele>1183.265</ele>
        <time>2026-03-15T09:28:15.686Z</time>
      </trkpt>
      <trkpt lat="46.236967" lon="23.430562">
        <ele>1184.023</ele>
        <time>2026-03-15T09:28:20.685Z</time>
      </trkpt>
      <trkpt lat="46.237019" lon="23.430556">
        <ele>1184.399</ele>
        <time>2026-03-15T09:28:25.685Z</time>
      </trkpt>
      <trkpt lat="46.237068" lon="23.430540">
        <ele>1184.781</ele>
        <time>2026-03-15T09:28:30.686Z</time>
      </trkpt>
      <trkpt lat="46.237117" lon="23.430568">
        <ele>1184.461</ele>
        <time>2026-03-15T09:28:35.685Z</time>
      </trkpt>
      <trkpt lat="46.237163" lon="23.430563">
        <ele>1184.617</ele>
        <time>2026-03-15T09:28:40.686Z</time>
      </trkpt>
      <trkpt lat="46.237188" lon="23.430506">
        <ele>1185.709</ele>
        <time>2026-03-15T09:29:05.686Z</time>
      </trkpt>
      <trkpt lat="46.237205" lon="23.430438">
        <ele>1187.040</ele>
        <time>2026-03-15T09:29:23.685Z</time>
      </trkpt>
      <trkpt lat="46.237163" lon="23.430406">
        <ele>1187.473</ele>
        <time>2026-03-15T09:29:36.686Z</time>
      </trkpt>
      <trkpt lat="46.237169" lon="23.430478">
        <ele>1186.272</ele>
        <time>2026-03-15T09:29:41.686Z</time>
      </trkpt>
      <trkpt lat="46.237211" lon="23.430522">
        <ele>1185.622</ele>
        <time>2026-03-15T09:29:45.685Z</time>
      </trkpt>
      <trkpt lat="46.237262" lon="23.430484">
        <ele>1185.575</ele>
        <time>2026-03-15T09:29:50.686Z</time>
      </trkpt>
      <trkpt lat="46.237291" lon="23.430425">
        <ele>1185.960</ele>
        <time>2026-03-15T09:29:54.685Z</time>
      </trkpt>
      <trkpt lat="46.237288" lon="23.430348">
        <ele>1187.277</ele>
        <time>2026-03-15T09:30:08.686Z</time>
      </trkpt>
      <trkpt lat="46.237336" lon="23.430370">
        <ele>1185.745</ele>
        <time>2026-03-15T09:30:30.685Z</time>
      </trkpt>
      <trkpt lat="46.237353" lon="23.430305">
        <ele>1186.311</ele>
        <time>2026-03-15T09:30:34.686Z</time>
      </trkpt>
      <trkpt lat="46.237354" lon="23.430237">
        <ele>1187.319</ele>
        <time>2026-03-15T09:30:38.685Z</time>
      </trkpt>
      <trkpt lat="46.237333" lon="23.430170">
        <ele>1188.909</ele>
        <time>2026-03-15T09:30:43.686Z</time>
      </trkpt>
      <trkpt lat="46.237332" lon="23.430094">
        <ele>1190.119</ele>
        <time>2026-03-15T09:30:51.686Z</time>
      </trkpt>
      <trkpt lat="46.237305" lon="23.430036">
        <ele>1191.709</ele>
        <time>2026-03-15T09:31:00.685Z</time>
      </trkpt>
      <trkpt lat="46.237254" lon="23.430007">
        <ele>1193.273</ele>
        <time>2026-03-15T09:31:57.686Z</time>
      </trkpt>
      <trkpt lat="46.237229" lon="23.429947">
        <ele>1194.656</ele>
        <time>2026-03-15T09:32:03.685Z</time>
      </trkpt>
      <trkpt lat="46.237230" lon="23.429875">
        <ele>1195.695</ele>
        <time>2026-03-15T09:32:30.686Z</time>
      </trkpt>
      <trkpt lat="46.237225" lon="23.429806">
        <ele>1196.755</ele>
        <time>2026-03-15T09:32:46.685Z</time>
      </trkpt>
      <trkpt lat="46.237237" lon="23.429735">
        <ele>1197.538</ele>
        <time>2026-03-15T09:32:54.686Z</time>
      </trkpt>
      <trkpt lat="46.237258" lon="23.429669">
        <ele>1197.723</ele>
        <time>2026-03-15T09:32:59.685Z</time>
      </trkpt>
      <trkpt lat="46.237263" lon="23.429591">
        <ele>1198.120</ele>
        <time>2026-03-15T09:33:12.686Z</time>
      </trkpt>
      <trkpt lat="46.237288" lon="23.429531">
        <ele>1198.038</ele>
        <time>2026-03-15T09:33:18.685Z</time>
      </trkpt>
      <trkpt lat="46.237291" lon="23.429455">
        <ele>1198.474</ele>
        <time>2026-03-15T09:33:24.685Z</time>
      </trkpt>
      <trkpt lat="46.237296" lon="23.429388">
        <ele>1198.343</ele>
        <time>2026-03-15T09:33:28.685Z</time>
      </trkpt>
      <trkpt lat="46.237259" lon="23.429343">
        <ele>1198.964</ele>
        <time>2026-03-15T09:33:55.685Z</time>
      </trkpt>
      <trkpt lat="46.237240" lon="23.429281">
        <ele>1199.110</ele>
        <time>2026-03-15T09:34:00.685Z</time>
      </trkpt>
      <trkpt lat="46.237205" lon="23.429234">
        <ele>1199.009</ele>
        <time>2026-03-15T09:34:07.686Z</time>
      </trkpt>
      <trkpt lat="46.237159" lon="23.429217">
        <ele>1198.276</ele>
        <time>2026-03-15T09:34:16.686Z</time>
      </trkpt>
      <trkpt lat="46.237112" lon="23.429196">
        <ele>1197.459</ele>
        <time>2026-03-15T09:34:57.685Z</time>
      </trkpt>
      <trkpt lat="46.237073" lon="23.429161">
        <ele>1196.888</ele>
        <time>2026-03-15T09:35:46.685Z</time>
      </trkpt>
      <trkpt lat="46.237094" lon="23.429226">
        <ele>1197.268</ele>
        <time>2026-03-15T09:37:29.685Z</time>
      </trkpt>
      <trkpt lat="46.237085" lon="23.429295">
        <ele>1197.051</ele>
        <time>2026-03-15T09:37:56.685Z</time>
      </trkpt>
      <trkpt lat="46.237037" lon="23.429317">
        <ele>1196.256</ele>
        <time>2026-03-15T09:38:05.685Z</time>
      </trkpt>
      <trkpt lat="46.237035" lon="23.429392">
        <ele>1196.043</ele>
        <time>2026-03-15T09:38:12.686Z</time>
      </trkpt>
      <trkpt lat="46.237026" lon="23.429464">
        <ele>1195.751</ele>
        <time>2026-03-15T09:38:22.686Z</time>
      </trkpt>
      <trkpt lat="46.237001" lon="23.429525">
        <ele>1194.967</ele>
        <time>2026-03-15T09:38:28.685Z</time>
      </trkpt>
      <trkpt lat="46.236982" lon="23.429584">
        <ele>1194.263</ele>
        <time>2026-03-15T09:38:36.685Z</time>
      </trkpt>
      <trkpt lat="46.237001" lon="23.429657">
        <ele>1194.344</ele>
        <time>2026-03-15T09:38:59.685Z</time>
      </trkpt>
      <trkpt lat="46.237018" lon="23.429725">
        <ele>1194.318</ele>
        <time>2026-03-15T09:39:03.686Z</time>
      </trkpt>
      <trkpt lat="46.237023" lon="23.429795">
        <ele>1193.709</ele>
        <time>2026-03-15T09:39:06.685Z</time>
      </trkpt>
      <trkpt lat="46.237020" lon="23.429868">
        <ele>1193.098</ele>
        <time>2026-03-15T09:39:10.685Z</time>
      </trkpt>
      <trkpt lat="46.237000" lon="23.429927">
        <ele>1192.231</ele>
        <time>2026-03-15T09:39:15.686Z</time>
      </trkpt>
      <trkpt lat="46.236973" lon="23.429990">
        <ele>1191.440</ele>
        <time>2026-03-15T09:39:20.686Z</time>
      </trkpt>
      <trkpt lat="46.236992" lon="23.430058">
        <ele>1190.970</ele>
        <time>2026-03-15T09:39:26.685Z</time>
      </trkpt>
      <trkpt lat="46.237019" lon="23.430117">
        <ele>1190.433</ele>
        <time>2026-03-15T09:39:31.686Z</time>
      </trkpt>
      <trkpt lat="46.236992" lon="23.430170">
        <ele>1189.688</ele>
        <time>2026-03-15T09:39:36.685Z</time>
      </trkpt>
      <trkpt lat="46.236985" lon="23.430243">
        <ele>1188.755</ele>
        <time>2026-03-15T09:39:42.686Z</time>
      </trkpt>
      <trkpt lat="46.236947" lon="23.430289">
        <ele>1187.943</ele>
        <time>2026-03-15T09:39:48.685Z</time>
      </trkpt>
      <trkpt lat="46.236909" lon="23.430342">
        <ele>1186.289</ele>
        <time>2026-03-15T09:39:53.686Z</time>
      </trkpt>
      <trkpt lat="46.236871" lon="23.430381">
        <ele>1184.954</ele>
        <time>2026-03-15T09:39:59.685Z</time>
      </trkpt>
      <trkpt lat="46.236828" lon="23.430404">
        <ele>1183.656</ele>
        <time>2026-03-15T09:40:04.686Z</time>
      </trkpt>
      <trkpt lat="46.236814" lon="23.430475">
        <ele>1182.511</ele>
        <time>2026-03-15T09:40:09.686Z</time>
      </trkpt>
      <trkpt lat="46.236799" lon="23.430547">
        <ele>1181.509</ele>
        <time>2026-03-15T09:40:15.686Z</time>
      </trkpt>
      <trkpt lat="46.236765" lon="23.430596">
        <ele>1180.527</ele>
        <time>2026-03-15T09:40:20.685Z</time>
      </trkpt>
      <trkpt lat="46.236754" lon="23.430665">
        <ele>1179.990</ele>
        <time>2026-03-15T09:40:25.686Z</time>
      </trkpt>
      <trkpt lat="46.236760" lon="23.430741">
        <ele>1179.679</ele>
        <time>2026-03-15T09:40:30.685Z</time>
      </trkpt>
      <trkpt lat="46.236735" lon="23.430799">
        <ele>1178.919</ele>
        <time>2026-03-15T09:40:35.686Z</time>
      </trkpt>
      <trkpt lat="46.236686" lon="23.430827">
        <ele>1178.272</ele>
        <time>2026-03-15T09:40:40.686Z</time>
      </trkpt>
      <trkpt lat="46.236641" lon="23.430872">
        <ele>1177.697</ele>
        <time>2026-03-15T09:40:45.686Z</time>
      </trkpt>
      <trkpt lat="46.236601" lon="23.430903">
        <ele>1176.914</ele>
        <time>2026-03-15T09:40:49.686Z</time>
      </trkpt>
      <trkpt lat="46.236578" lon="23.430970">
        <ele>1176.312</ele>
        <time>2026-03-15T09:40:54.685Z</time>
      </trkpt>
      <trkpt lat="46.236528" lon="23.430999">
        <ele>1175.118</ele>
        <time>2026-03-15T09:41:00.686Z</time>
      </trkpt>
      <trkpt lat="46.236484" lon="23.431020">
        <ele>1174.074</ele>
        <time>2026-03-15T09:41:05.686Z</time>
      </trkpt>
      <trkpt lat="46.236436" lon="23.431053">
        <ele>1172.756</ele>
        <time>2026-03-15T09:41:10.685Z</time>
      </trkpt>
      <trkpt lat="46.236391" lon="23.431057">
        <ele>1171.621</ele>
        <time>2026-03-15T09:41:14Z</time>
      </trkpt>
      <trkpt lat="46.236346" lon="23.431080">
        <ele>1170.209</ele>
        <time>2026-03-15T09:41:18.686Z</time>
      </trkpt>
      <trkpt lat="46.236296" lon="23.431104">
        <ele>1168.729</ele>
        <time>2026-03-15T09:41:23.685Z</time>
      </trkpt>
      <trkpt lat="46.236258" lon="23.431150">
        <ele>1167.312</ele>
        <time>2026-03-15T09:41:28Z</time>
      </trkpt>
      <trkpt lat="46.236220" lon="23.431189">
        <ele>1166.191</ele>
        <time>2026-03-15T09:41:32.686Z</time>
      </trkpt>
      <trkpt lat="46.236173" lon="23.431191">
        <ele>1165.161</ele>
        <time>2026-03-15T09:41:36.685Z</time>
      </trkpt>
      <trkpt lat="46.236133" lon="23.431234">
        <ele>1164.064</ele>
        <time>2026-03-15T09:41:41.685Z</time>
      </trkpt>
      <trkpt lat="46.236092" lon="23.431281">
        <ele>1162.939</ele>
        <time>2026-03-15T09:41:47.686Z</time>
      </trkpt>
      <trkpt lat="46.236069" lon="23.431342">
        <ele>1162.116</ele>
        <time>2026-03-15T09:41:57.685Z</time>
      </trkpt>
      <trkpt lat="46.236036" lon="23.431392">
        <ele>1161.144</ele>
        <time>2026-03-15T09:42:02.685Z</time>
      </trkpt>
      <trkpt lat="46.236015" lon="23.431452">
        <ele>1159.710</ele>
        <time>2026-03-15T09:42:10.686Z</time>
      </trkpt>
      <trkpt lat="46.235997" lon="23.431515">
        <ele>1158.482</ele>
        <time>2026-03-15T09:42:16.686Z</time>
      </trkpt>
      <trkpt lat="46.235992" lon="23.431586">
        <ele>1157.443</ele>
        <time>2026-03-15T09:42:21.685Z</time>
      </trkpt>
      <trkpt lat="46.235955" lon="23.431630">
        <ele>1156.217</ele>
        <time>2026-03-15T09:42:26.686Z</time>
      </trkpt>
      <trkpt lat="46.235914" lon="23.431672">
        <ele>1155.109</ele>
        <time>2026-03-15T09:42:32.685Z</time>
      </trkpt>
      <trkpt lat="46.235890" lon="23.431730">
        <ele>1154.240</ele>
        <time>2026-03-15T09:42:57.685Z</time>
      </trkpt>
      <trkpt lat="46.235874" lon="23.431791">
        <ele>1153.583</ele>
        <time>2026-03-15T09:43:06.686Z</time>
      </trkpt>
      <trkpt lat="46.235838" lon="23.431839">
        <ele>1152.842</ele>
        <time>2026-03-15T09:43:12.686Z</time>
      </trkpt>
      <trkpt lat="46.235797" lon="23.431876">
        <ele>1151.642</ele>
        <time>2026-03-15T09:43:17.685Z</time>
      </trkpt>
      <trkpt lat="46.235751" lon="23.431893">
        <ele>1150.515</ele>
        <time>2026-03-15T09:43:23.686Z</time>
      </trkpt>
      <trkpt lat="46.235706" lon="23.431843">
        <ele>1149.610</ele>
        <time>2026-03-15T09:43:35.686Z</time>
      </trkpt>
      <trkpt lat="46.235670" lon="23.431903">
        <ele>1148.687</ele>
        <time>2026-03-15T09:43:53.686Z</time>
      </trkpt>
      <trkpt lat="46.235720" lon="23.431909">
        <ele>1149.745</ele>
        <time>2026-03-15T09:43:55.686Z</time>
      </trkpt>
      <trkpt lat="46.235713" lon="23.431981">
        <ele>1149.141</ele>
        <time>2026-03-15T09:43:59.685Z</time>
      </trkpt>
      <trkpt lat="46.235686" lon="23.432035">
        <ele>1148.264</ele>
        <time>2026-03-15T09:44:03.685Z</time>
      </trkpt>
      <trkpt lat="46.235645" lon="23.432090">
        <ele>1147.306</ele>
        <time>2026-03-15T09:44:07.685Z</time>
      </trkpt>
      <trkpt lat="46.235616" lon="23.432141">
        <ele>1146.716</ele>
        <time>2026-03-15T09:44:11.685Z</time>
      </trkpt>
      <trkpt lat="46.235596" lon="23.432201">
        <ele>1146.309</ele>
        <time>2026-03-15T09:44:15.685Z</time>
      </trkpt>
      <trkpt lat="46.235563" lon="23.432255">
        <ele>1145.748</ele>
        <time>2026-03-15T09:44:18.686Z</time>
      </trkpt>
      <trkpt lat="46.235517" lon="23.432293">
        <ele>1144.541</ele>
        <time>2026-03-15T09:44:22.686Z</time>
      </trkpt>
      <trkpt lat="46.235478" lon="23.432324">
        <ele>1143.670</ele>
        <time>2026-03-15T09:44:27.686Z</time>
      </trkpt>
      <trkpt lat="46.235440" lon="23.432366">
        <ele>1142.810</ele>
        <time>2026-03-15T09:44:32.685Z</time>
      </trkpt>
      <trkpt lat="46.235409" lon="23.432428">
        <ele>1142.293</ele>
        <time>2026-03-15T09:44:37.685Z</time>
      </trkpt>
      <trkpt lat="46.235384" lon="23.432487">
        <ele>1141.848</ele>
        <time>2026-03-15T09:44:42.686Z</time>
      </trkpt>
      <trkpt lat="46.235391" lon="23.432555">
        <ele>1141.235</ele>
        <time>2026-03-15T09:44:47.685Z</time>
      </trkpt>
      <trkpt lat="46.235432" lon="23.432583">
        <ele>1141.053</ele>
        <time>2026-03-15T09:44:51.686Z</time>
      </trkpt>
      <trkpt lat="46.235467" lon="23.432633">
        <ele>1140.469</ele>
        <time>2026-03-15T09:44:56.686Z</time>
      </trkpt>
      <trkpt lat="46.235473" lon="23.432552">
        <ele>1141.686</ele>
        <time>2026-03-15T09:45:38.686Z</time>
      </trkpt>
      <trkpt lat="46.235372" lon="23.432630">
        <ele>1140.360</ele>
        <time>2026-03-15T09:45:42.686Z</time>
      </trkpt>
      <trkpt lat="46.235326" lon="23.432595">
        <ele>1140.526</ele>
        <time>2026-03-15T09:45:46.686Z</time>
      </trkpt>
      <trkpt lat="46.235291" lon="23.432530">
        <ele>1140.909</ele>
        <time>2026-03-15T09:45:50.686Z</time>
      </trkpt>
      <trkpt lat="46.235248" lon="23.432500">
        <ele>1140.780</ele>
        <time>2026-03-15T09:45:54.685Z</time>
      </trkpt>
      <trkpt lat="46.235191" lon="23.432463">
        <ele>1139.873</ele>
        <time>2026-03-15T09:45:59.686Z</time>
      </trkpt>
      <trkpt lat="46.235141" lon="23.432446">
        <ele>1139.052</ele>
        <time>2026-03-15T09:46:03.686Z</time>
      </trkpt>
      <trkpt lat="46.235092" lon="23.432447">
        <ele>1138.412</ele>
        <time>2026-03-15T09:46:07.686Z</time>
      </trkpt>
      <trkpt lat="46.235046" lon="23.432460">
        <ele>1138.095</ele>
        <time>2026-03-15T09:46:11.685Z</time>
      </trkpt>
      <trkpt lat="46.234995" lon="23.432471">
        <ele>1137.520</ele>
        <time>2026-03-15T09:46:16.685Z</time>
      </trkpt>
      <trkpt lat="46.234956" lon="23.432506">
        <ele>1137.367</ele>
        <time>2026-03-15T09:46:20.685Z</time>
      </trkpt>
      <trkpt lat="46.234923" lon="23.432554">
        <ele>1137.425</ele>
        <time>2026-03-15T09:46:24.685Z</time>
      </trkpt>
      <trkpt lat="46.234872" lon="23.432585">
        <ele>1137.051</ele>
        <time>2026-03-15T09:46:29.686Z</time>
      </trkpt>
      <trkpt lat="46.234817" lon="23.432579">
        <ele>1136.118</ele>
        <time>2026-03-15T09:46:34.685Z</time>
      </trkpt>
      <trkpt lat="46.234771" lon="23.432619">
        <ele>1136.298</ele>
        <time>2026-03-15T09:46:38.685Z</time>
      </trkpt>
      <trkpt lat="46.234726" lon="23.432647">
        <ele>1136.217</ele>
        <time>2026-03-15T09:46:42.686Z</time>
      </trkpt>
      <trkpt lat="46.234677" lon="23.432651">
        <ele>1135.409</ele>
        <time>2026-03-15T09:46:46.685Z</time>
      </trkpt>
      <trkpt lat="46.234625" lon="23.432680">
        <ele>1134.943</ele>
        <time>2026-03-15T09:46:51.686Z</time>
      </trkpt>
      <trkpt lat="46.234574" lon="23.432693">
        <ele>1134.186</ele>
        <time>2026-03-15T09:46:56.685Z</time>
      </trkpt>
      <trkpt lat="46.234523" lon="23.432704">
        <ele>1133.315</ele>
        <time>2026-03-15T09:47:01.685Z</time>
      </trkpt>
      <trkpt lat="46.234476" lon="23.432735">
        <ele>1132.975</ele>
        <time>2026-03-15T09:47:06.686Z</time>
      </trkpt>
      <trkpt lat="46.234426" lon="23.432746">
        <ele>1132.238</ele>
        <time>2026-03-15T09:47:11.686Z</time>
      </trkpt>
      <trkpt lat="46.234381" lon="23.432753">
        <ele>1131.763</ele>
        <time>2026-03-15T09:47:15.686Z</time>
      </trkpt>
      <trkpt lat="46.234330" lon="23.432760">
        <ele>1131.110</ele>
        <time>2026-03-15T09:47:19.685Z</time>
      </trkpt>
      <trkpt lat="46.234280" lon="23.432742">
        <ele>1130.178</ele>
        <time>2026-03-15T09:47:23.685Z</time>
      </trkpt>
      <trkpt lat="46.234228" lon="23.432741">
        <ele>1129.434</ele>
        <time>2026-03-15T09:47:27Z</time>
      </trkpt>
      <trkpt lat="46.234177" lon="23.432732">
        <ele>1128.666</ele>
        <time>2026-03-15T09:47:31.685Z</time>
      </trkpt>
      <trkpt lat="46.234131" lon="23.432718">
        <ele>1128.329</ele>
        <time>2026-03-15T09:47:35.686Z</time>
      </trkpt>
      <trkpt lat="46.234086" lon="23.432734">
        <ele>1128.321</ele>
        <time>2026-03-15T09:47:39.685Z</time>
      </trkpt>
      <trkpt lat="46.234034" lon="23.432757">
        <ele>1128.409</ele>
        <time>2026-03-15T09:47:44.685Z</time>
      </trkpt>
      <trkpt lat="46.233983" lon="23.432749">
        <ele>1128.298</ele>
        <time>2026-03-15T09:47:49.685Z</time>
      </trkpt>
      <trkpt lat="46.233931" lon="23.432726">
        <ele>1127.961</ele>
        <time>2026-03-15T09:47:54.685Z</time>
      </trkpt>
      <trkpt lat="46.233883" lon="23.432709">
        <ele>1127.910</ele>
        <time>2026-03-15T09:47:59.686Z</time>
      </trkpt>
      <trkpt lat="46.233837" lon="23.432723">
        <ele>1128.940</ele>
        <time>2026-03-15T09:48:03.686Z</time>
      </trkpt>
      <trkpt lat="46.233786" lon="23.432754">
        <ele>1130.153</ele>
        <time>2026-03-15T09:48:07.686Z</time>
      </trkpt>
      <trkpt lat="46.233732" lon="23.432784">
        <ele>1131.458</ele>
        <time>2026-03-15T09:48:11.686Z</time>
      </trkpt>
      <trkpt lat="46.233680" lon="23.432804">
        <ele>1132.695</ele>
        <time>2026-03-15T09:48:15.685Z</time>
      </trkpt>
      <trkpt lat="46.233632" lon="23.432789">
        <ele>1133.623</ele>
        <time>2026-03-15T09:48:19.686Z</time>
      </trkpt>
      <trkpt lat="46.233584" lon="23.432755">
        <ele>1135.479</ele>
        <time>2026-03-15T09:48:24.686Z</time>
      </trkpt>
      <trkpt lat="46.233541" lon="23.432726">
        <ele>1137.594</ele>
        <time>2026-03-15T09:48:29.686Z</time>
      </trkpt>
      <trkpt lat="46.233496" lon="23.432708">
        <ele>1139.857</ele>
        <time>2026-03-15T09:48:34.686Z</time>
      </trkpt>
      <trkpt lat="46.233446" lon="23.432697">
        <ele>1142.422</ele>
        <time>2026-03-15T09:48:41.685Z</time>
      </trkpt>
      <trkpt lat="46.233411" lon="23.432745">
        <ele>1145.009</ele>
        <time>2026-03-15T09:48:46.685Z</time>
      </trkpt>
      <trkpt lat="46.233378" lon="23.432804">
        <ele>1147.451</ele>
        <time>2026-03-15T09:48:51.685Z</time>
      </trkpt>
      <trkpt lat="46.233338" lon="23.432859">
        <ele>1149.424</ele>
        <time>2026-03-15T09:48:59Z</time>
      </trkpt>
      <trkpt lat="46.233292" lon="23.432897">
        <ele>1150.533</ele>
        <time>2026-03-15T09:49:06.686Z</time>
      </trkpt>
      <trkpt lat="46.233339" lon="23.432872">
        <ele>1149.333</ele>
        <time>2026-03-15T09:49:16.687Z</time>
      </trkpt>
      <trkpt lat="46.233388" lon="23.432901">
        <ele>1146.686</ele>
        <time>2026-03-15T09:49:20.687Z</time>
      </trkpt>
      <trkpt lat="46.233349" lon="23.432937">
        <ele>1148.651</ele>
        <time>2026-03-15T09:49:50.686Z</time>
      </trkpt>
      <trkpt lat="46.233301" lon="23.432945">
        <ele>1150.218</ele>
        <time>2026-03-15T09:49:58.686Z</time>
      </trkpt>
      <trkpt lat="46.233291" lon="23.432877">
        <ele>1150.666</ele>
        <time>2026-03-15T09:50:08.687Z</time>
      </trkpt>
      <trkpt lat="46.233235" lon="23.432863">
        <ele>1151.912</ele>
        <time>2026-03-15T09:50:38.686Z</time>
      </trkpt>
      <trkpt lat="46.233187" lon="23.432861">
        <ele>1153.025</ele>
        <time>2026-03-15T09:50:42.687Z</time>
      </trkpt>
      <trkpt lat="46.233143" lon="23.432837">
        <ele>1154.026</ele>
        <time>2026-03-15T09:50:46.686Z</time>
      </trkpt>
      <trkpt lat="46.233099" lon="23.432822">
        <ele>1155.008</ele>
        <time>2026-03-15T09:50:57.686Z</time>
      </trkpt>
      <trkpt lat="46.233124" lon="23.432760">
        <ele>1154.409</ele>
        <time>2026-03-15T09:51:49.686Z</time>
      </trkpt>
      <trkpt lat="46.233078" lon="23.432731">
        <ele>1155.384</ele>
        <time>2026-03-15T09:51:53.686Z</time>
      </trkpt>
      <trkpt lat="46.233029" lon="23.432721">
        <ele>1155.777</ele>
        <time>2026-03-15T09:51:59.686Z</time>
      </trkpt>
      <trkpt lat="46.232982" lon="23.432738">
        <ele>1155.716</ele>
        <time>2026-03-15T09:52:05.687Z</time>
      </trkpt>
      <trkpt lat="46.232964" lon="23.432672">
        <ele>1155.226</ele>
        <time>2026-03-15T09:52:12.687Z</time>
      </trkpt>
      <trkpt lat="46.232996" lon="23.432620">
        <ele>1155.139</ele>
        <time>2026-03-15T09:52:23.687Z</time>
      </trkpt>
      <trkpt lat="46.232990" lon="23.432550">
        <ele>1154.664</ele>
        <time>2026-03-15T09:52:30.687Z</time>
      </trkpt>
      <trkpt lat="46.232955" lon="23.432499">
        <ele>1153.991</ele>
        <time>2026-03-15T09:52:36.687Z</time>
      </trkpt>
      <trkpt lat="46.232973" lon="23.432438">
        <ele>1151.989</ele>
        <time>2026-03-15T09:52:43.687Z</time>
      </trkpt>
      <trkpt lat="46.232940" lon="23.432495">
        <ele>1153.655</ele>
        <time>2026-03-15T09:52:54.687Z</time>
      </trkpt>
      <trkpt lat="46.232967" lon="23.432560">
        <ele>1154.569</ele>
        <time>2026-03-15T09:53:01.686Z</time>
      </trkpt>
      <trkpt lat="46.233009" lon="23.432523">
        <ele>1154.604</ele>
        <time>2026-03-15T09:53:11.686Z</time>
      </trkpt>
      <trkpt lat="46.233037" lon="23.432460">
        <ele>1153.224</ele>
        <time>2026-03-15T09:53:29.686Z</time>
      </trkpt>
      <trkpt lat="46.233081" lon="23.432498">
        <ele>1154.009</ele>
        <time>2026-03-15T09:54:13.686Z</time>
      </trkpt>
      <trkpt lat="46.233125" lon="23.432478">
        <ele>1151.748</ele>
        <time>2026-03-15T09:54:19.686Z</time>
      </trkpt>
      <trkpt lat="46.233080" lon="23.432456">
        <ele>1152.481</ele>
        <time>2026-03-15T09:56:10.686Z</time>
      </trkpt>
      <trkpt lat="46.233036" lon="23.432479">
        <ele>1154.020</ele>
        <time>2026-03-15T09:56:15.686Z</time>
      </trkpt>
      <trkpt lat="46.232991" lon="23.432454">
        <ele>1152.690</ele>
        <time>2026-03-15T09:56:35.687Z</time>
      </trkpt>
      <trkpt lat="46.232982" lon="23.432520">
        <ele>1154.373</ele>
        <time>2026-03-15T09:57:05.687Z</time>
      </trkpt>
      <trkpt lat="46.232965" lon="23.432587">
        <ele>1154.688</ele>
        <time>2026-03-15T09:57:24.687Z</time>
      </trkpt>
      <trkpt lat="46.232953" lon="23.432653">
        <ele>1155.175</ele>
        <time>2026-03-15T09:57:29.687Z</time>
      </trkpt>
      <trkpt lat="46.232911" lon="23.432694">
        <ele>1155.233</ele>
        <time>2026-03-15T09:57:33.686Z</time>
      </trkpt>
      <trkpt lat="46.232895" lon="23.432756">
        <ele>1155.849</ele>
        <time>2026-03-15T09:57:37.687Z</time>
      </trkpt>
      <trkpt lat="46.232888" lon="23.432825">
        <ele>1156.077</ele>
        <time>2026-03-15T09:57:42.687Z</time>
      </trkpt>
      <trkpt lat="46.232839" lon="23.432853">
        <ele>1156.061</ele>
        <time>2026-03-15T09:57:47.687Z</time>
      </trkpt>
      <trkpt lat="46.232817" lon="23.432920">
        <ele>1156.027</ele>
        <time>2026-03-15T09:57:58.686Z</time>
      </trkpt>
      <trkpt lat="46.232800" lon="23.432992">
        <ele>1156.009</ele>
        <time>2026-03-15T09:58:03.686Z</time>
      </trkpt>
      <trkpt lat="46.232771" lon="23.433048">
        <ele>1155.989</ele>
        <time>2026-03-15T09:58:07.686Z</time>
      </trkpt>
      <trkpt lat="46.232727" lon="23.433091">
        <ele>1155.492</ele>
        <time>2026-03-15T09:58:11.686Z</time>
      </trkpt>
      <trkpt lat="46.232687" lon="23.433131">
        <ele>1154.981</ele>
        <time>2026-03-15T09:58:15.686Z</time>
      </trkpt>
      <trkpt lat="46.232649" lon="23.433173">
        <ele>1154.681</ele>
        <time>2026-03-15T09:58:19.687Z</time>
      </trkpt>
      <trkpt lat="46.232621" lon="23.433228">
        <ele>1154.444</ele>
        <time>2026-03-15T09:58:23.687Z</time>
      </trkpt>
      <trkpt lat="46.232606" lon="23.433296">
        <ele>1154.459</ele>
        <time>2026-03-15T09:58:27.686Z</time>
      </trkpt>
      <trkpt lat="46.232570" lon="23.433344">
        <ele>1154.346</ele>
        <time>2026-03-15T09:58:30.686Z</time>
      </trkpt>
      <trkpt lat="46.232538" lon="23.433405">
        <ele>1154.384</ele>
        <time>2026-03-15T09:58:34Z</time>
      </trkpt>
      <trkpt lat="46.232517" lon="23.433471">
        <ele>1154.470</ele>
        <time>2026-03-15T09:58:39.687Z</time>
      </trkpt>
      <trkpt lat="46.232486" lon="23.433529">
        <ele>1154.871</ele>
        <time>2026-03-15T09:58:46.687Z</time>
      </trkpt>
      <trkpt lat="46.232443" lon="23.433575">
        <ele>1155.441</ele>
        <time>2026-03-15T09:58:51.686Z</time>
      </trkpt>
      <trkpt lat="46.232395" lon="23.433599">
        <ele>1156.015</ele>
        <time>2026-03-15T09:58:55.687Z</time>
      </trkpt>
      <trkpt lat="46.232338" lon="23.433549">
        <ele>1156.109</ele>
        <time>2026-03-15T09:59:07.686Z</time>
      </trkpt>
      <trkpt lat="46.232337" lon="23.433617">
        <ele>1156.879</ele>
        <time>2026-03-15T09:59:10.687Z</time>
      </trkpt>
      <trkpt lat="46.232285" lon="23.433634">
        <ele>1157.662</ele>
        <time>2026-03-15T09:59:13.687Z</time>
      </trkpt>
      <trkpt lat="46.232242" lon="23.433665">
        <ele>1158.571</ele>
        <time>2026-03-15T09:59:22.686Z</time>
      </trkpt>
      <trkpt lat="46.232191" lon="23.433679">
        <ele>1159.191</ele>
        <time>2026-03-15T09:59:27.686Z</time>
      </trkpt>
      <trkpt lat="46.232141" lon="23.433670">
        <ele>1159.374</ele>
        <time>2026-03-15T09:59:31.687Z</time>
      </trkpt>
      <trkpt lat="46.232089" lon="23.433680">
        <ele>1159.729</ele>
        <time>2026-03-15T09:59:40.686Z</time>
      </trkpt>
      <trkpt lat="46.232039" lon="23.433689">
        <ele>1160.246</ele>
        <time>2026-03-15T09:59:54.686Z</time>
      </trkpt>
      <trkpt lat="46.231984" lon="23.433686">
        <ele>1160.424</ele>
        <time>2026-03-15T09:59:58.686Z</time>
      </trkpt>
      <trkpt lat="46.231936" lon="23.433694">
        <ele>1160.760</ele>
        <time>2026-03-15T10:00:03.686Z</time>
      </trkpt>
      <trkpt lat="46.231895" lon="23.433730">
        <ele>1161.194</ele>
        <time>2026-03-15T10:00:07.686Z</time>
      </trkpt>
      <trkpt lat="46.231849" lon="23.433751">
        <ele>1161.057</ele>
        <time>2026-03-15T10:00:11.687Z</time>
      </trkpt>
      <trkpt lat="46.231803" lon="23.433774">
        <ele>1160.922</ele>
        <time>2026-03-15T10:00:16.686Z</time>
      </trkpt>
      <trkpt lat="46.231762" lon="23.433821">
        <ele>1161.209</ele>
        <time>2026-03-15T10:00:22.687Z</time>
      </trkpt>
      <trkpt lat="46.231744" lon="23.433880">
        <ele>1162.011</ele>
        <time>2026-03-15T10:00:28.686Z</time>
      </trkpt>
      <trkpt lat="46.231774" lon="23.433930">
        <ele>1163.044</ele>
        <time>2026-03-15T10:00:32.687Z</time>
      </trkpt>
      <trkpt lat="46.231793" lon="23.433989">
        <ele>1163.953</ele>
        <time>2026-03-15T10:00:37.687Z</time>
      </trkpt>
      <trkpt lat="46.231838" lon="23.433981">
        <ele>1164.563</ele>
        <time>2026-03-15T10:16:41.687Z</time>
      </trkpt>
      <trkpt lat="46.231829" lon="23.434050">
        <ele>1165.176</ele>
        <time>2026-03-15T10:17:11.687Z</time>
      </trkpt>
      <trkpt lat="46.231852" lon="23.434121">
        <ele>1166.211</ele>
        <time>2026-03-15T10:17:17.687Z</time>
      </trkpt>
      <trkpt lat="46.231893" lon="23.434164">
        <ele>1167.238</ele>
        <time>2026-03-15T10:17:22.686Z</time>
      </trkpt>
      <trkpt lat="46.231942" lon="23.434184">
        <ele>1167.886</ele>
        <time>2026-03-15T10:17:28.686Z</time>
      </trkpt>
      <trkpt lat="46.231988" lon="23.434209">
        <ele>1167.272</ele>
        <time>2026-03-15T10:18:11.686Z</time>
      </trkpt>
      <trkpt lat="46.231945" lon="23.434248">
        <ele>1167.423</ele>
        <time>2026-03-15T10:18:23.685Z</time>
      </trkpt>
      <trkpt lat="46.231897" lon="23.434267">
        <ele>1166.783</ele>
        <time>2026-03-15T10:18:40.685Z</time>
      </trkpt>
      <trkpt lat="46.231844" lon="23.434283">
        <ele>1166.011</ele>
        <time>2026-03-15T10:18:45.686Z</time>
      </trkpt>
      <trkpt lat="46.231791" lon="23.434299">
        <ele>1165.409</ele>
        <time>2026-03-15T10:18:49.686Z</time>
      </trkpt>
      <trkpt lat="46.231742" lon="23.434325">
        <ele>1164.844</ele>
        <time>2026-03-15T10:18:53.686Z</time>
      </trkpt>
      <trkpt lat="46.231694" lon="23.434331">
        <ele>1164.357</ele>
        <time>2026-03-15T10:18:57.685Z</time>
      </trkpt>
      <trkpt lat="46.231648" lon="23.434351">
        <ele>1163.716</ele>
        <time>2026-03-15T10:19:02.686Z</time>
      </trkpt>
      <trkpt lat="46.231596" lon="23.434368">
        <ele>1162.966</ele>
        <time>2026-03-15T10:19:08.686Z</time>
      </trkpt>
      <trkpt lat="46.231546" lon="23.434377">
        <ele>1162.299</ele>
        <time>2026-03-15T10:19:13.685Z</time>
      </trkpt>
      <trkpt lat="46.231493" lon="23.434377">
        <ele>1161.344</ele>
        <time>2026-03-15T10:19:18.685Z</time>
      </trkpt>
      <trkpt lat="46.231455" lon="23.434422">
        <ele>1160.951</ele>
        <time>2026-03-15T10:19:24.686Z</time>
      </trkpt>
      <trkpt lat="46.231417" lon="23.434479">
        <ele>1159.989</ele>
        <time>2026-03-15T10:19:30.685Z</time>
      </trkpt>
      <trkpt lat="46.231373" lon="23.434507">
        <ele>1158.935</ele>
        <time>2026-03-15T10:19:39.686Z</time>
      </trkpt>
      <trkpt lat="46.231332" lon="23.434537">
        <ele>1157.986</ele>
        <time>2026-03-15T10:19:49.686Z</time>
      </trkpt>
      <trkpt lat="46.231286" lon="23.434562">
        <ele>1157.160</ele>
        <time>2026-03-15T10:19:55.685Z</time>
      </trkpt>
      <trkpt lat="46.231242" lon="23.434584">
        <ele>1156.426</ele>
        <time>2026-03-15T10:20:01.685Z</time>
      </trkpt>
      <trkpt lat="46.231207" lon="23.434635">
        <ele>1155.809</ele>
        <time>2026-03-15T10:20:06.686Z</time>
      </trkpt>
      <trkpt lat="46.231174" lon="23.434680">
        <ele>1155.420</ele>
        <time>2026-03-15T10:20:11.686Z</time>
      </trkpt>
      <trkpt lat="46.231132" lon="23.434722">
        <ele>1155.173</ele>
        <time>2026-03-15T10:20:18.686Z</time>
      </trkpt>
      <trkpt lat="46.231094" lon="23.434768">
        <ele>1154.042</ele>
        <time>2026-03-15T10:20:23.686Z</time>
      </trkpt>
      <trkpt lat="46.231049" lon="23.434796">
        <ele>1152.822</ele>
        <time>2026-03-15T10:20:28.686Z</time>
      </trkpt>
      <trkpt lat="46.231023" lon="23.434850">
        <ele>1151.775</ele>
        <time>2026-03-15T10:20:34.686Z</time>
      </trkpt>
      <trkpt lat="46.231011" lon="23.434922">
        <ele>1150.730</ele>
        <time>2026-03-15T10:20:57.685Z</time>
      </trkpt>
      <trkpt lat="46.230975" lon="23.434979">
        <ele>1149.767</ele>
        <time>2026-03-15T10:21:01.685Z</time>
      </trkpt>
      <trkpt lat="46.230942" lon="23.435037">
        <ele>1148.865</ele>
        <time>2026-03-15T10:21:06.686Z</time>
      </trkpt>
      <trkpt lat="46.230941" lon="23.435109">
        <ele>1148.111</ele>
        <time>2026-03-15T10:21:10.686Z</time>
      </trkpt>
      <trkpt lat="46.230918" lon="23.435169">
        <ele>1147.324</ele>
        <time>2026-03-15T10:21:15.686Z</time>
      </trkpt>
      <trkpt lat="46.230885" lon="23.435220">
        <ele>1146.704</ele>
        <time>2026-03-15T10:21:23.686Z</time>
      </trkpt>
      <trkpt lat="46.230871" lon="23.435297">
        <ele>1146.214</ele>
        <time>2026-03-15T10:21:28.685Z</time>
      </trkpt>
      <trkpt lat="46.230855" lon="23.435372">
        <ele>1146.409</ele>
        <time>2026-03-15T10:21:33.686Z</time>
      </trkpt>
      <trkpt lat="46.230854" lon="23.435440">
        <ele>1146.654</ele>
        <time>2026-03-15T10:21:37.685Z</time>
      </trkpt>
      <trkpt lat="46.230841" lon="23.435516">
        <ele>1146.827</ele>
        <time>2026-03-15T10:21:42.685Z</time>
      </trkpt>
      <trkpt lat="46.230811" lon="23.435582">
        <ele>1146.916</ele>
        <time>2026-03-15T10:21:49.686Z</time>
      </trkpt>
      <trkpt lat="46.230795" lon="23.435655">
        <ele>1147.316</ele>
        <time>2026-03-15T10:21:54.686Z</time>
      </trkpt>
      <trkpt lat="46.230776" lon="23.435718">
        <ele>1147.629</ele>
        <time>2026-03-15T10:21:59.685Z</time>
      </trkpt>
      <trkpt lat="46.230756" lon="23.435785">
        <ele>1147.864</ele>
        <time>2026-03-15T10:22:04.685Z</time>
      </trkpt>
      <trkpt lat="46.230744" lon="23.435857">
        <ele>1148.251</ele>
        <time>2026-03-15T10:22:09.686Z</time>
      </trkpt>
      <trkpt lat="46.230722" lon="23.435923">
        <ele>1148.459</ele>
        <time>2026-03-15T10:22:14.686Z</time>
      </trkpt>
      <trkpt lat="46.230715" lon="23.436002">
        <ele>1148.875</ele>
        <time>2026-03-15T10:22:19.686Z</time>
      </trkpt>
      <trkpt lat="46.230695" lon="23.436074">
        <ele>1149.253</ele>
        <time>2026-03-15T10:22:25.686Z</time>
      </trkpt>
      <trkpt lat="46.230679" lon="23.436136">
        <ele>1149.504</ele>
        <time>2026-03-15T10:22:29.686Z</time>
      </trkpt>
      <trkpt lat="46.230674" lon="23.436201">
        <ele>1149.614</ele>
        <time>2026-03-15T10:22:33.685Z</time>
      </trkpt>
      <trkpt lat="46.230649" lon="23.436262">
        <ele>1149.709</ele>
        <time>2026-03-15T10:22:39.686Z</time>
      </trkpt>
      <trkpt lat="46.230632" lon="23.436338">
        <ele>1149.937</ele>
        <time>2026-03-15T10:22:44.686Z</time>
      </trkpt>
      <trkpt lat="46.230627" lon="23.436411">
        <ele>1150.160</ele>
        <time>2026-03-15T10:22:49.686Z</time>
      </trkpt>
      <trkpt lat="46.230610" lon="23.436474">
        <ele>1150.359</ele>
        <time>2026-03-15T10:22:53.685Z</time>
      </trkpt>
      <trkpt lat="46.230605" lon="23.436547">
        <ele>1150.619</ele>
        <time>2026-03-15T10:22:58.685Z</time>
      </trkpt>
      <trkpt lat="46.230593" lon="23.436619">
        <ele>1150.842</ele>
        <time>2026-03-15T10:23:03.686Z</time>
      </trkpt>
      <trkpt lat="46.230578" lon="23.436688">
        <ele>1151.147</ele>
        <time>2026-03-15T10:23:08.686Z</time>
      </trkpt>
      <trkpt lat="46.230550" lon="23.436755">
        <ele>1151.534</ele>
        <time>2026-03-15T10:23:13.686Z</time>
      </trkpt>
      <trkpt lat="46.230520" lon="23.436807">
        <ele>1151.492</ele>
        <time>2026-03-15T10:23:17.686Z</time>
      </trkpt>
      <trkpt lat="46.230486" lon="23.436856">
        <ele>1151.138</ele>
        <time>2026-03-15T10:23:22.686Z</time>
      </trkpt>
      <trkpt lat="46.230459" lon="23.436911">
        <ele>1151.097</ele>
        <time>2026-03-15T10:23:47.685Z</time>
      </trkpt>
      <trkpt lat="46.230458" lon="23.436979">
        <ele>1151.723</ele>
        <time>2026-03-15T10:24:17.686Z</time>
      </trkpt>
      <trkpt lat="46.230435" lon="23.437045">
        <ele>1152.125</ele>
        <time>2026-03-15T10:24:30.686Z</time>
      </trkpt>
      <trkpt lat="46.230407" lon="23.437113">
        <ele>1152.509</ele>
        <time>2026-03-15T10:24:34.685Z</time>
      </trkpt>
      <trkpt lat="46.230374" lon="23.437161">
        <ele>1152.631</ele>
        <time>2026-03-15T10:24:37.685Z</time>
      </trkpt>
      <trkpt lat="46.230346" lon="23.437219">
        <ele>1152.944</ele>
        <time>2026-03-15T10:24:41.685Z</time>
      </trkpt>
      <trkpt lat="46.230329" lon="23.437288">
        <ele>1153.433</ele>
        <time>2026-03-15T10:24:45.686Z</time>
      </trkpt>
      <trkpt lat="46.230303" lon="23.437353">
        <ele>1153.753</ele>
        <time>2026-03-15T10:24:49.685Z</time>
      </trkpt>
      <trkpt lat="46.230289" lon="23.437422">
        <ele>1154.396</ele>
        <time>2026-03-15T10:24:53.685Z</time>
      </trkpt>
      <trkpt lat="46.230284" lon="23.437501">
        <ele>1155.171</ele>
        <time>2026-03-15T10:24:58.686Z</time>
      </trkpt>
      <trkpt lat="46.230264" lon="23.437572">
        <ele>1155.398</ele>
        <time>2026-03-15T10:25:04.685Z</time>
      </trkpt>
      <trkpt lat="46.230254" lon="23.437644">
        <ele>1155.696</ele>
        <time>2026-03-15T10:25:10.686Z</time>
      </trkpt>
      <trkpt lat="46.230271" lon="23.437707">
        <ele>1156.422</ele>
        <time>2026-03-15T10:25:15.685Z</time>
      </trkpt>
      <trkpt lat="46.230267" lon="23.437781">
        <ele>1156.825</ele>
        <time>2026-03-15T10:25:21.685Z</time>
      </trkpt>
      <trkpt lat="46.230261" lon="23.437847">
        <ele>1157.126</ele>
        <time>2026-03-15T10:25:26.685Z</time>
      </trkpt>
      <trkpt lat="46.230273" lon="23.437913">
        <ele>1157.908</ele>
        <time>2026-03-15T10:25:35.685Z</time>
      </trkpt>
      <trkpt lat="46.230272" lon="23.437980">
        <ele>1158.309</ele>
        <time>2026-03-15T10:25:40.686Z</time>
      </trkpt>
      <trkpt lat="46.230282" lon="23.438049">
        <ele>1158.954</ele>
        <time>2026-03-15T10:25:44.685Z</time>
      </trkpt>
      <trkpt lat="46.230299" lon="23.438112">
        <ele>1158.887</ele>
        <time>2026-03-15T10:25:48.686Z</time>
      </trkpt>
      <trkpt lat="46.230320" lon="23.438178">
        <ele>1158.566</ele>
        <time>2026-03-15T10:25:52.686Z</time>
      </trkpt>
      <trkpt lat="46.230336" lon="23.438245">
        <ele>1158.476</ele>
        <time>2026-03-15T10:25:56.686Z</time>
      </trkpt>
      <trkpt lat="46.230323" lon="23.438310">
        <ele>1158.259</ele>
        <time>2026-03-15T10:26:01.685Z</time>
      </trkpt>
      <trkpt lat="46.230343" lon="23.438371">
        <ele>1158.214</ele>
        <time>2026-03-15T10:26:05.685Z</time>
      </trkpt>
      <trkpt lat="46.230362" lon="23.438430">
        <ele>1158.321</ele>
        <time>2026-03-15T10:26:09.685Z</time>
      </trkpt>
      <trkpt lat="46.230381" lon="23.438492">
        <ele>1158.439</ele>
        <time>2026-03-15T10:26:13.686Z</time>
      </trkpt>
      <trkpt lat="46.230398" lon="23.438562">
        <ele>1158.465</ele>
        <time>2026-03-15T10:26:23.686Z</time>
      </trkpt>
      <trkpt lat="46.230427" lon="23.438620">
        <ele>1158.546</ele>
        <time>2026-03-15T10:26:28.686Z</time>
      </trkpt>
      <trkpt lat="46.230446" lon="23.438692">
        <ele>1158.688</ele>
        <time>2026-03-15T10:26:33.686Z</time>
      </trkpt>
      <trkpt lat="46.230446" lon="23.438769">
        <ele>1158.516</ele>
        <time>2026-03-15T10:26:38.686Z</time>
      </trkpt>
      <trkpt lat="46.230457" lon="23.438842">
        <ele>1158.609</ele>
        <time>2026-03-15T10:26:43.686Z</time>
      </trkpt>
      <trkpt lat="46.230466" lon="23.438918">
        <ele>1158.646</ele>
        <time>2026-03-15T10:26:48.686Z</time>
      </trkpt>
      <trkpt lat="46.230462" lon="23.438989">
        <ele>1158.419</ele>
        <time>2026-03-15T10:26:53.686Z</time>
      </trkpt>
      <trkpt lat="46.230453" lon="23.439062">
        <ele>1158.148</ele>
        <time>2026-03-15T10:26:58.685Z</time>
      </trkpt>
      <trkpt lat="46.230436" lon="23.439129">
        <ele>1157.588</ele>
        <time>2026-03-15T10:27:03.685Z</time>
      </trkpt>
      <trkpt lat="46.230430" lon="23.439207">
        <ele>1157.291</ele>
        <time>2026-03-15T10:27:08.686Z</time>
      </trkpt>
      <trkpt lat="46.230417" lon="23.439278">
        <ele>1156.856</ele>
        <time>2026-03-15T10:27:13.686Z</time>
      </trkpt>
      <trkpt lat="46.230401" lon="23.439350">
        <ele>1156.363</ele>
        <time>2026-03-15T10:27:18.685Z</time>
      </trkpt>
      <trkpt lat="46.230385" lon="23.439422">
        <ele>1155.881</ele>
        <time>2026-03-15T10:27:24.685Z</time>
      </trkpt>
      <trkpt lat="46.230366" lon="23.439482">
        <ele>1155.537</ele>
        <time>2026-03-15T10:27:29.686Z</time>
      </trkpt>
      <trkpt lat="46.230405" lon="23.439535">
        <ele>1156.737</ele>
        <time>2026-03-15T10:27:33.686Z</time>
      </trkpt>
      <trkpt lat="46.230427" lon="23.439596">
        <ele>1157.649</ele>
        <time>2026-03-15T10:27:38.686Z</time>
      </trkpt>
      <trkpt lat="46.230449" lon="23.439655">
        <ele>1158.413</ele>
        <time>2026-03-15T10:27:45.685Z</time>
      </trkpt>
      <trkpt lat="46.230451" lon="23.439724">
        <ele>1158.809</ele>
        <time>2026-03-15T10:27:59.685Z</time>
      </trkpt>
      <trkpt lat="46.230452" lon="23.439793">
        <ele>1159.285</ele>
        <time>2026-03-15T10:28:13.685Z</time>
      </trkpt>
      <trkpt lat="46.230462" lon="23.439863">
        <ele>1159.818</ele>
        <time>2026-03-15T10:28:19.685Z</time>
      </trkpt>
      <trkpt lat="46.230470" lon="23.439932">
        <ele>1160.447</ele>
        <time>2026-03-15T10:28:25.686Z</time>
      </trkpt>
      <trkpt lat="46.230498" lon="23.439996">
        <ele>1161.567</ele>
        <time>2026-03-15T10:28:32.685Z</time>
      </trkpt>
      <trkpt lat="46.230509" lon="23.440065">
        <ele>1162.150</ele>
        <time>2026-03-15T10:28:38.686Z</time>
      </trkpt>
      <trkpt lat="46.230550" lon="23.440094">
        <ele>1163.245</ele>
        <time>2026-03-15T10:28:44.685Z</time>
      </trkpt>
      <trkpt lat="46.230590" lon="23.440057">
        <ele>1163.582</ele>
        <time>2026-03-15T10:29:07.686Z</time>
      </trkpt>
      <trkpt lat="46.230558" lon="23.440117">
        <ele>1163.450</ele>
        <time>2026-03-15T10:29:17.685Z</time>
      </trkpt>
      <trkpt lat="46.230513" lon="23.440145">
        <ele>1162.546</ele>
        <time>2026-03-15T10:29:29.686Z</time>
      </trkpt>
      <trkpt lat="46.230464" lon="23.440176">
        <ele>1161.591</ele>
        <time>2026-03-15T10:29:34.686Z</time>
      </trkpt>
      <trkpt lat="46.230410" lon="23.440195">
        <ele>1160.481</ele>
        <time>2026-03-15T10:29:40.685Z</time>
      </trkpt>
      <trkpt lat="46.230371" lon="23.440230">
        <ele>1159.719</ele>
        <time>2026-03-15T10:29:44.685Z</time>
      </trkpt>
      <trkpt lat="46.230331" lon="23.440261">
        <ele>1159.009</ele>
        <time>2026-03-15T10:29:48.685Z</time>
      </trkpt>
      <trkpt lat="46.230283" lon="23.440250">
        <ele>1157.931</ele>
        <time>2026-03-15T10:30:08.686Z</time>
      </trkpt>
      <trkpt lat="46.230233" lon="23.440253">
        <ele>1157.094</ele>
        <time>2026-03-15T10:30:17.685Z</time>
      </trkpt>
      <trkpt lat="46.230191" lon="23.440285">
        <ele>1156.593</ele>
        <time>2026-03-15T10:30:28.686Z</time>
      </trkpt>
      <trkpt lat="46.230155" lon="23.440334">
        <ele>1156.123</ele>
        <time>2026-03-15T10:30:33.686Z</time>
      </trkpt>
      <trkpt lat="46.230122" lon="23.440380">
        <ele>1155.816</ele>
        <time>2026-03-15T10:30:38.685Z</time>
      </trkpt>
      <trkpt lat="46.230068" lon="23.440404">
        <ele>1155.011</ele>
        <time>2026-03-15T10:30:44.686Z</time>
      </trkpt>
      <trkpt lat="46.230014" lon="23.440421">
        <ele>1154.328</ele>
        <time>2026-03-15T10:30:49.686Z</time>
      </trkpt>
      <trkpt lat="46.229980" lon="23.440475">
        <ele>1154.336</ele>
        <time>2026-03-15T10:30:54.685Z</time>
      </trkpt>
      <trkpt lat="46.229954" lon="23.440537">
        <ele>1154.522</ele>
        <time>2026-03-15T10:31:12Z</time>
      </trkpt>
      <trkpt lat="46.229917" lon="23.440583">
        <ele>1154.682</ele>
        <time>2026-03-15T10:31:17.686Z</time>
      </trkpt>
      <trkpt lat="46.229871" lon="23.440617">
        <ele>1154.443</ele>
        <time>2026-03-15T10:31:27.686Z</time>
      </trkpt>
      <trkpt lat="46.229818" lon="23.440627">
        <ele>1154.017</ele>
        <time>2026-03-15T10:31:32.686Z</time>
      </trkpt>
      <trkpt lat="46.229767" lon="23.440613">
        <ele>1153.609</ele>
        <time>2026-03-15T10:31:38.685Z</time>
      </trkpt>
      <trkpt lat="46.229723" lon="23.440629">
        <ele>1153.310</ele>
        <time>2026-03-15T10:31:41.685Z</time>
      </trkpt>
      <trkpt lat="46.229693" lon="23.440678">
        <ele>1153.273</ele>
        <time>2026-03-15T10:31:45.685Z</time>
      </trkpt>
      <trkpt lat="46.229662" lon="23.440732">
        <ele>1153.392</ele>
        <time>2026-03-15T10:31:49.686Z</time>
      </trkpt>
      <trkpt lat="46.229632" lon="23.440794">
        <ele>1153.452</ele>
        <time>2026-03-15T10:31:54.686Z</time>
      </trkpt>
      <trkpt lat="46.229579" lon="23.440817">
        <ele>1153.425</ele>
        <time>2026-03-15T10:31:59.686Z</time>
      </trkpt>
      <trkpt lat="46.229536" lon="23.440853">
        <ele>1153.420</ele>
        <time>2026-03-15T10:32:05.686Z</time>
      </trkpt>
      <trkpt lat="46.229490" lon="23.440882">
        <ele>1153.417</ele>
        <time>2026-03-15T10:32:11.686Z</time>
      </trkpt>
      <trkpt lat="46.229457" lon="23.440938">
        <ele>1153.735</ele>
        <time>2026-03-15T10:32:18.686Z</time>
      </trkpt>
      <trkpt lat="46.229415" lon="23.440984">
        <ele>1153.921</ele>
        <time>2026-03-15T10:32:25.686Z</time>
      </trkpt>
      <trkpt lat="46.229379" lon="23.441024">
        <ele>1153.993</ele>
        <time>2026-03-15T10:32:31.686Z</time>
      </trkpt>
      <trkpt lat="46.229332" lon="23.441015">
        <ele>1153.565</ele>
        <time>2026-03-15T10:32:37.686Z</time>
      </trkpt>
      <trkpt lat="46.229302" lon="23.441072">
        <ele>1153.721</ele>
        <time>2026-03-15T10:32:44.686Z</time>
      </trkpt>
      <trkpt lat="46.229274" lon="23.441129">
        <ele>1153.809</ele>
        <time>2026-03-15T10:33:00.685Z</time>
      </trkpt>
      <trkpt lat="46.229261" lon="23.441204">
        <ele>1153.871</ele>
        <time>2026-03-15T10:33:20.685Z</time>
      </trkpt>
      <trkpt lat="46.229265" lon="23.441275">
        <ele>1153.924</ele>
        <time>2026-03-15T10:33:25.686Z</time>
      </trkpt>
      <trkpt lat="46.229244" lon="23.441340">
        <ele>1153.983</ele>
        <time>2026-03-15T10:33:29.686Z</time>
      </trkpt>
      <trkpt lat="46.229216" lon="23.441393">
        <ele>1154.093</ele>
        <time>2026-03-15T10:34:09.684Z</time>
      </trkpt>
      <trkpt lat="46.229175" lon="23.441430">
        <ele>1153.756</ele>
        <time>2026-03-15T10:35:02.685Z</time>
      </trkpt>
      <trkpt lat="46.229168" lon="23.441497">
        <ele>1153.281</ele>
        <time>2026-03-15T10:35:09.685Z</time>
      </trkpt>
      <trkpt lat="46.229161" lon="23.441567">
        <ele>1152.648</ele>
        <time>2026-03-15T10:35:24.685Z</time>
      </trkpt>
      <trkpt lat="46.229163" lon="23.441634">
        <ele>1152.236</ele>
        <time>2026-03-15T10:36:04.684Z</time>
      </trkpt>
      <trkpt lat="46.229172" lon="23.441698">
        <ele>1151.432</ele>
        <time>2026-03-15T10:36:10.685Z</time>
      </trkpt>
      <trkpt lat="46.229182" lon="23.441770">
        <ele>1150.041</ele>
        <time>2026-03-15T10:36:16.684Z</time>
      </trkpt>
      <trkpt lat="46.229189" lon="23.441837">
        <ele>1148.881</ele>
        <time>2026-03-15T10:36:21Z</time>
      </trkpt>
      <trkpt lat="46.229185" lon="23.441914">
        <ele>1147.409</ele>
        <time>2026-03-15T10:36:40.685Z</time>
      </trkpt>
      <trkpt lat="46.229173" lon="23.441978">
        <ele>1146.209</ele>
        <time>2026-03-15T10:36:45.685Z</time>
      </trkpt>
      <trkpt lat="46.229164" lon="23.442042">
        <ele>1144.876</ele>
        <time>2026-03-15T10:37:14.685Z</time>
      </trkpt>
      <trkpt lat="46.229184" lon="23.442110">
        <ele>1143.229</ele>
        <time>2026-03-15T10:37:19.685Z</time>
      </trkpt>
      <trkpt lat="46.229178" lon="23.442184">
        <ele>1141.688</ele>
        <time>2026-03-15T10:37:24.685Z</time>
      </trkpt>
      <trkpt lat="46.229193" lon="23.442247">
        <ele>1140.098</ele>
        <time>2026-03-15T10:37:27.684Z</time>
      </trkpt>
      <trkpt lat="46.229206" lon="23.442311">
        <ele>1138.221</ele>
        <time>2026-03-15T10:37:30.685Z</time>
      </trkpt>
      <trkpt lat="46.229221" lon="23.442385">
        <ele>1136.216</ele>
        <time>2026-03-15T10:37:35.685Z</time>
      </trkpt>
      <trkpt lat="46.229242" lon="23.442449">
        <ele>1134.143</ele>
        <time>2026-03-15T10:37:55.685Z</time>
      </trkpt>
      <trkpt lat="46.229287" lon="23.442477">
        <ele>1132.171</ele>
        <time>2026-03-15T10:38:41.685Z</time>
      </trkpt>
      <trkpt lat="46.229317" lon="23.442539">
        <ele>1129.337</ele>
        <time>2026-03-15T10:38:48.684Z</time>
      </trkpt>
      <trkpt lat="46.229312" lon="23.442612">
        <ele>1127.085</ele>
        <time>2026-03-15T10:38:55.685Z</time>
      </trkpt>
      <trkpt lat="46.229261" lon="23.442633">
        <ele>1127.889</ele>
        <time>2026-03-15T10:39:00.684Z</time>
      </trkpt>
      <trkpt lat="46.229216" lon="23.442632">
        <ele>1129.217</ele>
        <time>2026-03-15T10:39:04.684Z</time>
      </trkpt>
      <trkpt lat="46.229168" lon="23.442638">
        <ele>1130.509</ele>
        <time>2026-03-15T10:39:09.684Z</time>
      </trkpt>
      <trkpt lat="46.229118" lon="23.442618">
        <ele>1130.270</ele>
        <time>2026-03-15T10:39:15.684Z</time>
      </trkpt>
      <trkpt lat="46.229075" lon="23.442641">
        <ele>1128.623</ele>
        <time>2026-03-15T10:39:21.685Z</time>
      </trkpt>
      <trkpt lat="46.229096" lon="23.442707">
        <ele>1127.192</ele>
        <time>2026-03-15T10:39:29.685Z</time>
      </trkpt>
      <trkpt lat="46.229063" lon="23.442752">
        <ele>1125.272</ele>
        <time>2026-03-15T10:39:35.684Z</time>
      </trkpt>
      <trkpt lat="46.229065" lon="23.442824">
        <ele>1123.155</ele>
        <time>2026-03-15T10:39:40.684Z</time>
      </trkpt>
      <trkpt lat="46.229067" lon="23.442902">
        <ele>1120.790</ele>
        <time>2026-03-15T10:39:45.685Z</time>
      </trkpt>
      <trkpt lat="46.229040" lon="23.442962">
        <ele>1118.897</ele>
        <time>2026-03-15T10:39:54.685Z</time>
      </trkpt>
      <trkpt lat="46.228999" lon="23.443000">
        <ele>1117.565</ele>
        <time>2026-03-15T10:40:03.685Z</time>
      </trkpt>
      <trkpt lat="46.228956" lon="23.442979">
        <ele>1117.931</ele>
        <time>2026-03-15T10:40:09.684Z</time>
      </trkpt>
      <trkpt lat="46.228909" lon="23.442992">
        <ele>1117.464</ele>
        <time>2026-03-15T10:40:15.685Z</time>
      </trkpt>
      <trkpt lat="46.228898" lon="23.443062">
        <ele>1115.806</ele>
        <time>2026-03-15T10:40:21.685Z</time>
      </trkpt>
      <trkpt lat="46.228849" lon="23.443074">
        <ele>1114.216</ele>
        <time>2026-03-15T10:40:30.685Z</time>
      </trkpt>
      <trkpt lat="46.228805" lon="23.443059">
        <ele>1113.209</ele>
        <time>2026-03-15T10:40:35.685Z</time>
      </trkpt>
      <trkpt lat="46.228757" lon="23.443042">
        <ele>1112.088</ele>
        <time>2026-03-15T10:40:42.685Z</time>
      </trkpt>
      <trkpt lat="46.228721" lon="23.443000">
        <ele>1111.831</ele>
        <time>2026-03-15T10:40:48.685Z</time>
      </trkpt>
      <trkpt lat="46.228680" lon="23.443031">
        <ele>1109.870</ele>
        <time>2026-03-15T10:41:08.684Z</time>
      </trkpt>
      <trkpt lat="46.228714" lon="23.443084">
        <ele>1109.690</ele>
        <time>2026-03-15T10:41:23.684Z</time>
      </trkpt>
      <trkpt lat="46.228685" lon="23.443136">
        <ele>1107.543</ele>
        <time>2026-03-15T10:41:27.684Z</time>
      </trkpt>
      <trkpt lat="46.228649" lon="23.443176">
        <ele>1105.538</ele>
        <time>2026-03-15T10:41:50.684Z</time>
      </trkpt>
      <trkpt lat="46.228617" lon="23.443234">
        <ele>1103.315</ele>
        <time>2026-03-15T10:41:56.685Z</time>
      </trkpt>
      <trkpt lat="46.228585" lon="23.443294">
        <ele>1101.133</ele>
        <time>2026-03-15T10:42:02.685Z</time>
      </trkpt>
      <trkpt lat="46.228586" lon="23.443362">
        <ele>1099.889</ele>
        <time>2026-03-15T10:42:07.684Z</time>
      </trkpt>
      <trkpt lat="46.228541" lon="23.443282">
        <ele>1100.046</ele>
        <time>2026-03-15T10:42:13.684Z</time>
      </trkpt>
      <trkpt lat="46.228528" lon="23.443345">
        <ele>1098.488</ele>
        <time>2026-03-15T10:42:17.685Z</time>
      </trkpt>
      <trkpt lat="46.228532" lon="23.443422">
        <ele>1097.216</ele>
        <time>2026-03-15T10:42:20.685Z</time>
      </trkpt>
      <trkpt lat="46.228519" lon="23.443484">
        <ele>1095.809</ele>
        <time>2026-03-15T10:42:27.685Z</time>
      </trkpt>
      <trkpt lat="46.228515" lon="23.443557">
        <ele>1094.536</ele>
        <time>2026-03-15T10:42:44.684Z</time>
      </trkpt>
      <trkpt lat="46.228489" lon="23.443618">
        <ele>1092.869</ele>
        <time>2026-03-15T10:42:50.685Z</time>
      </trkpt>
      <trkpt lat="46.228453" lon="23.443671">
        <ele>1090.758</ele>
        <time>2026-03-15T10:43:04.684Z</time>
      </trkpt>
      <trkpt lat="46.228417" lon="23.443710">
        <ele>1089.088</ele>
        <time>2026-03-15T10:43:09.684Z</time>
      </trkpt>
      <trkpt lat="46.228366" lon="23.443708">
        <ele>1087.731</ele>
        <time>2026-03-15T10:43:16.685Z</time>
      </trkpt>
      <trkpt lat="46.228316" lon="23.443714">
        <ele>1086.166</ele>
        <time>2026-03-15T10:43:22.685Z</time>
      </trkpt>
      <trkpt lat="46.228272" lon="23.443761">
        <ele>1083.333</ele>
        <time>2026-03-15T10:43:27.685Z</time>
      </trkpt>
      <trkpt lat="46.228272" lon="23.443834">
        <ele>1081.641</ele>
        <time>2026-03-15T10:43:33.684Z</time>
      </trkpt>
      <trkpt lat="46.228226" lon="23.443854">
        <ele>1079.277</ele>
        <time>2026-03-15T10:43:36.685Z</time>
      </trkpt>
      <trkpt lat="46.228170" lon="23.443862">
        <ele>1076.697</ele>
        <time>2026-03-15T10:43:38.684Z</time>
      </trkpt>
      <trkpt lat="46.228175" lon="23.443930">
        <ele>1075.023</ele>
        <time>2026-03-15T10:43:41.684Z</time>
      </trkpt>
      <trkpt lat="46.228209" lon="23.443978">
        <ele>1075.225</ele>
        <time>2026-03-15T10:43:43.684Z</time>
      </trkpt>
      <trkpt lat="46.228258" lon="23.444007">
        <ele>1076.709</ele>
        <time>2026-03-15T10:43:45.684Z</time>
      </trkpt>
      <trkpt lat="46.228270" lon="23.444082">
        <ele>1075.291</ele>
        <time>2026-03-15T10:43:49.685Z</time>
      </trkpt>
      <trkpt lat="46.228263" lon="23.444154">
        <ele>1073.074</ele>
        <time>2026-03-15T10:43:53.685Z</time>
      </trkpt>
      <trkpt lat="46.228283" lon="23.444234">
        <ele>1071.873</ele>
        <time>2026-03-15T10:43:57.685Z</time>
      </trkpt>
      <trkpt lat="46.228235" lon="23.444235">
        <ele>1069.773</ele>
        <time>2026-03-15T10:44:09.684Z</time>
      </trkpt>
      <trkpt lat="46.228220" lon="23.444305">
        <ele>1067.386</ele>
        <time>2026-03-15T10:44:13.684Z</time>
      </trkpt>
      <trkpt lat="46.228184" lon="23.444346">
        <ele>1064.961</ele>
        <time>2026-03-15T10:44:19.685Z</time>
      </trkpt>
      <trkpt lat="46.228225" lon="23.444399">
        <ele>1065.268</ele>
        <time>2026-03-15T10:44:37.684Z</time>
      </trkpt>
      <trkpt lat="46.228236" lon="23.444466">
        <ele>1063.946</ele>
        <time>2026-03-15T10:45:54.684Z</time>
      </trkpt>
      <trkpt lat="46.228233" lon="23.444531">
        <ele>1062.042</ele>
        <time>2026-03-15T10:45:58.685Z</time>
      </trkpt>
      <trkpt lat="46.228204" lon="23.444583">
        <ele>1059.874</ele>
        <time>2026-03-15T10:46:03.685Z</time>
      </trkpt>
      <trkpt lat="46.228157" lon="23.444600">
        <ele>1058.056</ele>
        <time>2026-03-15T10:46:09.684Z</time>
      </trkpt>
      <trkpt lat="46.228113" lon="23.444579">
        <ele>1057.221</ele>
        <time>2026-03-15T10:46:54.685Z</time>
      </trkpt>
      <trkpt lat="46.228072" lon="23.444626">
        <ele>1055.209</ele>
        <time>2026-03-15T10:46:57.685Z</time>
      </trkpt>
      <trkpt lat="46.228045" lon="23.444683">
        <ele>1053.589</ele>
        <time>2026-03-15T10:47:08.684Z</time>
      </trkpt>
      <trkpt lat="46.228100" lon="23.444664">
        <ele>1055.172</ele>
        <time>2026-03-15T10:47:11.684Z</time>
      </trkpt>
      <trkpt lat="46.228051" lon="23.444668">
        <ele>1053.951</ele>
        <time>2026-03-15T10:47:19.684Z</time>
      </trkpt>
      <trkpt lat="46.228010" lon="23.444730">
        <ele>1052.241</ele>
        <time>2026-03-15T10:47:27.685Z</time>
      </trkpt>
      <trkpt lat="46.227982" lon="23.444782">
        <ele>1050.824</ele>
        <time>2026-03-15T10:47:31.685Z</time>
      </trkpt>
      <trkpt lat="46.228020" lon="23.444817">
        <ele>1050.529</ele>
        <time>2026-03-15T10:47:43.684Z</time>
      </trkpt>
      <trkpt lat="46.227972" lon="23.444848">
        <ele>1049.476</ele>
        <time>2026-03-15T10:47:49.685Z</time>
      </trkpt>
      <trkpt lat="46.227927" lon="23.444888">
        <ele>1048.154</ele>
        <time>2026-03-15T10:48:02.684Z</time>
      </trkpt>
      <trkpt lat="46.227890" lon="23.444932">
        <ele>1047.060</ele>
        <time>2026-03-15T10:48:11.685Z</time>
      </trkpt>
      <trkpt lat="46.227846" lon="23.444903">
        <ele>1047.181</ele>
        <time>2026-03-15T10:48:18.685Z</time>
      </trkpt>
      <trkpt lat="46.227817" lon="23.444972">
        <ele>1045.761</ele>
        <time>2026-03-15T10:48:34.684Z</time>
      </trkpt>
      <trkpt lat="46.227803" lon="23.445037">
        <ele>1044.417</ele>
        <time>2026-03-15T10:48:40.685Z</time>
      </trkpt>
      <trkpt lat="46.227776" lon="23.445095">
        <ele>1042.909</ele>
        <time>2026-03-15T10:48:45.685Z</time>
      </trkpt>
      <trkpt lat="46.227741" lon="23.445150">
        <ele>1040.660</ele>
        <time>2026-03-15T10:48:49.684Z</time>
      </trkpt>
      <trkpt lat="46.227710" lon="23.445204">
        <ele>1038.653</ele>
        <time>2026-03-15T10:48:53.685Z</time>
      </trkpt>
      <trkpt lat="46.227693" lon="23.445270">
        <ele>1036.732</ele>
        <time>2026-03-15T10:48:58.685Z</time>
      </trkpt>
      <trkpt lat="46.227669" lon="23.445335">
        <ele>1034.732</ele>
        <time>2026-03-15T10:49:02.684Z</time>
      </trkpt>
      <trkpt lat="46.227657" lon="23.445399">
        <ele>1033.195</ele>
        <time>2026-03-15T10:49:06.684Z</time>
      </trkpt>
      <trkpt lat="46.227659" lon="23.445470">
        <ele>1031.790</ele>
        <time>2026-03-15T10:49:11.685Z</time>
      </trkpt>
      <trkpt lat="46.227653" lon="23.445547">
        <ele>1030.087</ele>
        <time>2026-03-15T10:49:16.684Z</time>
      </trkpt>
      <trkpt lat="46.227637" lon="23.445613">
        <ele>1028.965</ele>
        <time>2026-03-15T10:49:20.685Z</time>
      </trkpt>
      <trkpt lat="46.227620" lon="23.445686">
        <ele>1027.941</ele>
        <time>2026-03-15T10:49:25.685Z</time>
      </trkpt>
      <trkpt lat="46.227597" lon="23.445758">
        <ele>1027.028</ele>
        <time>2026-03-15T10:50:08.685Z</time>
      </trkpt>
      <trkpt lat="46.227557" lon="23.445815">
        <ele>1025.989</ele>
        <time>2026-03-15T10:50:13.684Z</time>
      </trkpt>
      <trkpt lat="46.227532" lon="23.445883">
        <ele>1025.617</ele>
        <time>2026-03-15T10:50:18.684Z</time>
      </trkpt>
      <trkpt lat="46.227527" lon="23.445949">
        <ele>1025.609</ele>
        <time>2026-03-15T10:50:23.684Z</time>
      </trkpt>
      <trkpt lat="46.227509" lon="23.446009">
        <ele>1025.724</ele>
        <time>2026-03-15T10:50:27.685Z</time>
      </trkpt>
      <trkpt lat="46.227479" lon="23.446080">
        <ele>1025.227</ele>
        <time>2026-03-15T10:50:32.684Z</time>
      </trkpt>
      <trkpt lat="46.227454" lon="23.446136">
        <ele>1024.346</ele>
        <time>2026-03-15T10:50:36.684Z</time>
      </trkpt>
      <trkpt lat="46.227422" lon="23.446209">
        <ele>1022.816</ele>
        <time>2026-03-15T10:50:41.685Z</time>
      </trkpt>
      <trkpt lat="46.227393" lon="23.446277">
        <ele>1021.769</ele>
        <time>2026-03-15T10:50:45.684Z</time>
      </trkpt>
      <trkpt lat="46.227375" lon="23.446342">
        <ele>1021.044</ele>
        <time>2026-03-15T10:51:05.685Z</time>
      </trkpt>
      <trkpt lat="46.227376" lon="23.446415">
        <ele>1020.531</ele>
        <time>2026-03-15T10:51:10.685Z</time>
      </trkpt>
      <trkpt lat="46.227376" lon="23.446485">
        <ele>1019.729</ele>
        <time>2026-03-15T10:51:15.685Z</time>
      </trkpt>
      <trkpt lat="46.227350" lon="23.446552">
        <ele>1018.635</ele>
        <time>2026-03-15T10:51:20.685Z</time>
      </trkpt>
      <trkpt lat="46.227346" lon="23.446622">
        <ele>1017.844</ele>
        <time>2026-03-15T10:51:25.684Z</time>
      </trkpt>
      <trkpt lat="46.227338" lon="23.446687">
        <ele>1017.005</ele>
        <time>2026-03-15T10:51:30.685Z</time>
      </trkpt>
      <trkpt lat="46.227333" lon="23.446754">
        <ele>1016.015</ele>
        <time>2026-03-15T10:51:35.685Z</time>
      </trkpt>
      <trkpt lat="46.227316" lon="23.446819">
        <ele>1015.009</ele>
        <time>2026-03-15T10:51:40.684Z</time>
      </trkpt>
      <trkpt lat="46.227301" lon="23.446887">
        <ele>1014.086</ele>
        <time>2026-03-15T10:51:45.684Z</time>
      </trkpt>
      <trkpt lat="46.227280" lon="23.446956">
        <ele>1013.149</ele>
        <time>2026-03-15T10:51:50.684Z</time>
      </trkpt>
      <trkpt lat="46.227264" lon="23.447027">
        <ele>1012.718</ele>
        <time>2026-03-15T10:51:55.685Z</time>
      </trkpt>
      <trkpt lat="46.227244" lon="23.447103">
        <ele>1012.428</ele>
        <time>2026-03-15T10:52:00.685Z</time>
      </trkpt>
      <trkpt lat="46.227232" lon="23.447175">
        <ele>1012.141</ele>
        <time>2026-03-15T10:52:05.684Z</time>
      </trkpt>
      <trkpt lat="46.227214" lon="23.447244">
        <ele>1011.986</ele>
        <time>2026-03-15T10:52:10.685Z</time>
      </trkpt>
      <trkpt lat="46.227173" lon="23.447301">
        <ele>1011.173</ele>
        <time>2026-03-15T10:52:14.685Z</time>
      </trkpt>
      <trkpt lat="46.227155" lon="23.447367">
        <ele>1010.811</ele>
        <time>2026-03-15T10:52:18.684Z</time>
      </trkpt>
      <trkpt lat="46.227142" lon="23.447443">
        <ele>1010.677</ele>
        <time>2026-03-15T10:52:23.685Z</time>
      </trkpt>
      <trkpt lat="46.227131" lon="23.447506">
        <ele>1010.349</ele>
        <time>2026-03-15T10:52:27.685Z</time>
      </trkpt>
      <trkpt lat="46.227124" lon="23.447572">
        <ele>1010.102</ele>
        <time>2026-03-15T10:52:31.684Z</time>
      </trkpt>
      <trkpt lat="46.227110" lon="23.447641">
        <ele>1009.722</ele>
        <time>2026-03-15T10:52:35.685Z</time>
      </trkpt>
      <trkpt lat="46.227090" lon="23.447712">
        <ele>1009.209</ele>
        <time>2026-03-15T10:52:39.685Z</time>
      </trkpt>
      <trkpt lat="46.227061" lon="23.447775">
        <ele>1008.796</ele>
        <time>2026-03-15T10:52:43.685Z</time>
      </trkpt>
      <trkpt lat="46.227042" lon="23.447845">
        <ele>1008.149</ele>
        <time>2026-03-15T10:52:48.685Z</time>
      </trkpt>
      <trkpt lat="46.227023" lon="23.447918">
        <ele>1007.558</ele>
        <time>2026-03-15T10:52:53.684Z</time>
      </trkpt>
      <trkpt lat="46.227015" lon="23.447986">
        <ele>1007.148</ele>
        <time>2026-03-15T10:52:58.685Z</time>
      </trkpt>
      <trkpt lat="46.226997" lon="23.448057">
        <ele>1006.631</ele>
        <time>2026-03-15T10:53:03.684Z</time>
      </trkpt>
      <trkpt lat="46.226975" lon="23.448123">
        <ele>1006.046</ele>
        <time>2026-03-15T10:53:07.685Z</time>
      </trkpt>
      <trkpt lat="46.226941" lon="23.448193">
        <ele>1005.473</ele>
        <time>2026-03-15T10:53:12.685Z</time>
      </trkpt>
      <trkpt lat="46.226907" lon="23.448238">
        <ele>1004.691</ele>
        <time>2026-03-15T10:53:15.684Z</time>
      </trkpt>
      <trkpt lat="46.226875" lon="23.448297">
        <ele>1004.097</ele>
        <time>2026-03-15T10:53:19.684Z</time>
      </trkpt>
      <trkpt lat="46.226839" lon="23.448355">
        <ele>1003.678</ele>
        <time>2026-03-15T10:53:24.684Z</time>
      </trkpt>
      <trkpt lat="46.226817" lon="23.448413">
        <ele>1003.733</ele>
        <time>2026-03-15T10:53:28.684Z</time>
      </trkpt>
      <trkpt lat="46.226774" lon="23.448432">
        <ele>1003.326</ele>
        <time>2026-03-15T10:53:31.685Z</time>
      </trkpt>
      <trkpt lat="46.226743" lon="23.448493">
        <ele>1003.509</ele>
        <time>2026-03-15T10:53:37.684Z</time>
      </trkpt>
      <trkpt lat="46.226705" lon="23.448531">
        <ele>1003.559</ele>
        <time>2026-03-15T10:53:41.684Z</time>
      </trkpt>
      <trkpt lat="46.226670" lon="23.448574">
        <ele>1003.632</ele>
        <time>2026-03-15T10:53:45.685Z</time>
      </trkpt>
      <trkpt lat="46.226636" lon="23.448624">
        <ele>1003.791</ele>
        <time>2026-03-15T10:53:49.685Z</time>
      </trkpt>
      <trkpt lat="46.226605" lon="23.448676">
        <ele>1003.711</ele>
        <time>2026-03-15T10:53:53Z</time>
      </trkpt>
      <trkpt lat="46.226582" lon="23.448741">
        <ele>1004.174</ele>
        <time>2026-03-15T10:53:58.684Z</time>
      </trkpt>
      <trkpt lat="46.226553" lon="23.448807">
        <ele>1004.629</ele>
        <time>2026-03-15T10:54:03.685Z</time>
      </trkpt>
      <trkpt lat="46.226525" lon="23.448875">
        <ele>1005.316</ele>
        <time>2026-03-15T10:54:08.685Z</time>
      </trkpt>
      <trkpt lat="46.226492" lon="23.448926">
        <ele>1005.434</ele>
        <time>2026-03-15T10:54:13.684Z</time>
      </trkpt>
      <trkpt lat="46.226494" lon="23.449000">
        <ele>1005.410</ele>
        <time>2026-03-15T10:54:18.685Z</time>
      </trkpt>
      <trkpt lat="46.226539" lon="23.448977">
        <ele>1005.571</ele>
        <time>2026-03-15T10:54:22.684Z</time>
      </trkpt>
      <trkpt lat="46.226504" lon="23.448935">
        <ele>1005.441</ele>
        <time>2026-03-15T10:54:36.685Z</time>
      </trkpt>
      <trkpt lat="46.226520" lon="23.448999">
        <ele>1005.515</ele>
        <time>2026-03-15T10:54:41.685Z</time>
      </trkpt>
      <trkpt lat="46.226501" lon="23.449066">
        <ele>1005.409</ele>
        <time>2026-03-15T10:54:46.684Z</time>
      </trkpt>
      <trkpt lat="46.226480" lon="23.449138">
        <ele>1005.319</ele>
        <time>2026-03-15T10:54:51.685Z</time>
      </trkpt>
      <trkpt lat="46.226458" lon="23.449207">
        <ele>1005.322</ele>
        <time>2026-03-15T10:54:56.684Z</time>
      </trkpt>
      <trkpt lat="46.226476" lon="23.449273">
        <ele>1005.441</ele>
        <time>2026-03-15T10:55:00.685Z</time>
      </trkpt>
      <trkpt lat="46.226454" lon="23.449334">
        <ele>1005.431</ele>
        <time>2026-03-15T10:55:50.685Z</time>
      </trkpt>
      <trkpt lat="46.226433" lon="23.449395">
        <ele>1005.324</ele>
        <time>2026-03-15T10:55:54.685Z</time>
      </trkpt>
      <trkpt lat="46.226407" lon="23.449461">
        <ele>1005.289</ele>
        <time>2026-03-15T10:55:59.685Z</time>
      </trkpt>
      <trkpt lat="46.226389" lon="23.449537">
        <ele>1005.366</ele>
        <time>2026-03-15T10:56:04.684Z</time>
      </trkpt>
      <trkpt lat="46.226386" lon="23.449603">
        <ele>1005.554</ele>
        <time>2026-03-15T10:56:08.684Z</time>
      </trkpt>
      <trkpt lat="46.226388" lon="23.449668">
        <ele>1005.890</ele>
        <time>2026-03-15T10:56:12.684Z</time>
      </trkpt>
      <trkpt lat="46.226397" lon="23.449747">
        <ele>1006.083</ele>
        <time>2026-03-15T10:56:17.684Z</time>
      </trkpt>
      <trkpt lat="46.226407" lon="23.449812">
        <ele>1006.025</ele>
        <time>2026-03-15T10:56:21.685Z</time>
      </trkpt>
      <trkpt lat="46.226407" lon="23.449879">
        <ele>1006.017</ele>
        <time>2026-03-15T10:56:25.685Z</time>
      </trkpt>
      <trkpt lat="46.226413" lon="23.449958">
        <ele>1005.909</ele>
        <time>2026-03-15T10:56:30.685Z</time>
      </trkpt>
      <trkpt lat="46.226412" lon="23.450034">
        <ele>1005.710</ele>
        <time>2026-03-15T10:56:35.684Z</time>
      </trkpt>
      <trkpt lat="46.226420" lon="23.450113">
        <ele>1005.123</ele>
        <time>2026-03-15T10:56:40.684Z</time>
      </trkpt>
      <trkpt lat="46.226425" lon="23.450189">
        <ele>1004.572</ele>
        <time>2026-03-15T10:56:45.684Z</time>
      </trkpt>
      <trkpt lat="46.226427" lon="23.450257">
        <ele>1004.032</ele>
        <time>2026-03-15T10:56:49.684Z</time>
      </trkpt>
      <trkpt lat="46.226411" lon="23.450325">
        <ele>1003.625</ele>
        <time>2026-03-15T10:56:52.685Z</time>
      </trkpt>
      <trkpt lat="46.226399" lon="23.450390">
        <ele>1003.150</ele>
        <time>2026-03-15T10:57:29Z</time>
      </trkpt>
      <trkpt lat="46.226391" lon="23.450468">
        <ele>1002.697</ele>
        <time>2026-03-15T10:57:33.685Z</time>
      </trkpt>
      <trkpt lat="46.226394" lon="23.450536">
        <ele>1002.165</ele>
        <time>2026-03-15T10:57:37.685Z</time>
      </trkpt>
      <trkpt lat="46.226408" lon="23.450601">
        <ele>1001.231</ele>
        <time>2026-03-15T10:57:41.685Z</time>
      </trkpt>
      <trkpt lat="46.226395" lon="23.450671">
        <ele>1000.323</ele>
        <time>2026-03-15T10:57:58.684Z</time>
      </trkpt>
      <trkpt lat="46.226408" lon="23.450751">
        <ele>999.183</ele>
        <time>2026-03-15T10:58:02.684Z</time>
      </trkpt>
      <trkpt lat="46.226427" lon="23.450825">
        <ele>998.011</ele>
        <time>2026-03-15T10:58:06.684Z</time>
      </trkpt>
      <trkpt lat="46.226445" lon="23.450895">
        <ele>997.109</ele>
        <time>2026-03-15T10:58:11.683Z</time>
      </trkpt>
      <trkpt lat="46.226461" lon="23.450968">
        <ele>996.314</ele>
        <time>2026-03-15T10:58:16.683Z</time>
      </trkpt>
      <trkpt lat="46.226476" lon="23.451047">
        <ele>995.427</ele>
        <time>2026-03-15T10:58:21.684Z</time>
      </trkpt>
      <trkpt lat="46.226488" lon="23.451110">
        <ele>994.776</ele>
        <time>2026-03-15T10:58:25.684Z</time>
      </trkpt>
      <trkpt lat="46.226488" lon="23.451176">
        <ele>994.046</ele>
        <time>2026-03-15T10:58:29.683Z</time>
      </trkpt>
      <trkpt lat="46.226490" lon="23.451252">
        <ele>993.289</ele>
        <time>2026-03-15T10:58:34.684Z</time>
      </trkpt>
      <trkpt lat="46.226481" lon="23.451318">
        <ele>992.474</ele>
        <time>2026-03-15T10:58:38.684Z</time>
      </trkpt>
      <trkpt lat="46.226477" lon="23.451384">
        <ele>991.751</ele>
        <time>2026-03-15T10:58:42.683Z</time>
      </trkpt>
      <trkpt lat="46.226472" lon="23.451450">
        <ele>991.029</ele>
        <time>2026-03-15T10:58:46.683Z</time>
      </trkpt>
      <trkpt lat="46.226477" lon="23.451519">
        <ele>990.465</ele>
        <time>2026-03-15T10:58:50.684Z</time>
      </trkpt>
      <trkpt lat="46.226478" lon="23.451584">
        <ele>989.868</ele>
        <time>2026-03-15T10:58:54.684Z</time>
      </trkpt>
      <trkpt lat="46.226479" lon="23.451658">
        <ele>989.142</ele>
        <time>2026-03-15T10:58:58.683Z</time>
      </trkpt>
      <trkpt lat="46.226478" lon="23.451731">
        <ele>988.326</ele>
        <time>2026-03-15T10:59:02.684Z</time>
      </trkpt>
      <trkpt lat="46.226478" lon="23.451799">
        <ele>987.509</ele>
        <time>2026-03-15T10:59:06.684Z</time>
      </trkpt>
      <trkpt lat="46.226492" lon="23.451872">
        <ele>987.038</ele>
        <time>2026-03-15T10:59:11.684Z</time>
      </trkpt>
      <trkpt lat="46.226498" lon="23.451953">
        <ele>986.311</ele>
        <time>2026-03-15T10:59:16.684Z</time>
      </trkpt>
      <trkpt lat="46.226512" lon="23.452021">
        <ele>986.430</ele>
        <time>2026-03-15T10:59:20.684Z</time>
      </trkpt>
      <trkpt lat="46.226526" lon="23.452097">
        <ele>986.470</ele>
        <time>2026-03-15T10:59:24.684Z</time>
      </trkpt>
      <trkpt lat="46.226542" lon="23.452168">
        <ele>986.593</ele>
        <time>2026-03-15T10:59:28.683Z</time>
      </trkpt>
      <trkpt lat="46.226550" lon="23.452242">
        <ele>986.418</ele>
        <time>2026-03-15T10:59:32.684Z</time>
      </trkpt>
      <trkpt lat="46.226567" lon="23.452318">
        <ele>986.375</ele>
        <time>2026-03-15T10:59:36.683Z</time>
      </trkpt>
      <trkpt lat="46.226583" lon="23.452384">
        <ele>986.283</ele>
        <time>2026-03-15T10:59:40.683Z</time>
      </trkpt>
      <trkpt lat="46.226603" lon="23.452452">
        <ele>986.279</ele>
        <time>2026-03-15T10:59:44.684Z</time>
      </trkpt>
      <trkpt lat="46.226618" lon="23.452524">
        <ele>986.045</ele>
        <time>2026-03-15T10:59:49.683Z</time>
      </trkpt>
      <trkpt lat="46.226617" lon="23.452604">
        <ele>985.747</ele>
        <time>2026-03-15T10:59:54.684Z</time>
      </trkpt>
      <trkpt lat="46.226599" lon="23.452679">
        <ele>985.111</ele>
        <time>2026-03-15T10:59:59.683Z</time>
      </trkpt>
      <trkpt lat="46.226584" lon="23.452745">
        <ele>984.609</ele>
        <time>2026-03-15T11:00:03.684Z</time>
      </trkpt>
      <trkpt lat="46.226583" lon="23.452827">
        <ele>984.826</ele>
        <time>2026-03-15T11:00:08.683Z</time>
      </trkpt>
      <trkpt lat="46.226580" lon="23.452892">
        <ele>985.269</ele>
        <time>2026-03-15T11:00:12.684Z</time>
      </trkpt>
      <trkpt lat="46.226567" lon="23.452965">
        <ele>985.678</ele>
        <time>2026-03-15T11:00:17.683Z</time>
      </trkpt>
      <trkpt lat="46.226540" lon="23.453022">
        <ele>985.818</ele>
        <time>2026-03-15T11:00:22.684Z</time>
      </trkpt>
      <trkpt lat="46.226530" lon="23.453099">
        <ele>986.641</ele>
        <time>2026-03-15T11:00:27.684Z</time>
      </trkpt>
      <trkpt lat="46.226509" lon="23.453166">
        <ele>987.266</ele>
        <time>2026-03-15T11:00:32.684Z</time>
      </trkpt>
      <trkpt lat="46.226493" lon="23.453228">
        <ele>987.863</ele>
        <time>2026-03-15T11:00:37.684Z</time>
      </trkpt>
      <trkpt lat="46.226480" lon="23.453294">
        <ele>988.531</ele>
        <time>2026-03-15T11:00:42.683Z</time>
      </trkpt>
      <trkpt lat="46.226476" lon="23.453362">
        <ele>989.347</ele>
        <time>2026-03-15T11:00:47.684Z</time>
      </trkpt>
      <trkpt lat="46.226484" lon="23.453429">
        <ele>990.349</ele>
        <time>2026-03-15T11:01:00.684Z</time>
      </trkpt>
      <trkpt lat="46.226511" lon="23.453493">
        <ele>991.202</ele>
        <time>2026-03-15T11:01:05.683Z</time>
      </trkpt>
      <trkpt lat="46.226521" lon="23.453566">
        <ele>992.022</ele>
        <time>2026-03-15T11:01:11.683Z</time>
      </trkpt>
      <trkpt lat="46.226510" lon="23.453648">
        <ele>992.609</ele>
        <time>2026-03-15T11:01:16.683Z</time>
      </trkpt>
      <trkpt lat="46.226484" lon="23.453714">
        <ele>992.986</ele>
        <time>2026-03-15T11:01:20.683Z</time>
      </trkpt>
      <trkpt lat="46.226472" lon="23.453785">
        <ele>993.379</ele>
        <time>2026-03-15T11:01:26.684Z</time>
      </trkpt>
      <trkpt lat="46.226465" lon="23.453855">
        <ele>993.788</ele>
        <time>2026-03-15T11:01:31.684Z</time>
      </trkpt>
      <trkpt lat="46.226432" lon="23.453916">
        <ele>994.538</ele>
        <time>2026-03-15T11:01:37.684Z</time>
      </trkpt>
      <trkpt lat="46.226405" lon="23.453969">
        <ele>994.981</ele>
        <time>2026-03-15T11:01:42.683Z</time>
      </trkpt>
      <trkpt lat="46.226386" lon="23.454028">
        <ele>995.086</ele>
        <time>2026-03-15T11:02:11.684Z</time>
      </trkpt>
      <trkpt lat="46.226344" lon="23.454061">
        <ele>994.873</ele>
        <time>2026-03-15T11:02:16.684Z</time>
      </trkpt>
      <trkpt lat="46.226334" lon="23.454132">
        <ele>994.591</ele>
        <time>2026-03-15T11:02:21.684Z</time>
      </trkpt>
      <trkpt lat="46.226298" lon="23.454178">
        <ele>994.557</ele>
        <time>2026-03-15T11:02:25.684Z</time>
      </trkpt>
      <trkpt lat="46.226264" lon="23.454225">
        <ele>994.376</ele>
        <time>2026-03-15T11:03:28.684Z</time>
      </trkpt>
      <trkpt lat="46.226220" lon="23.454244">
        <ele>994.690</ele>
        <time>2026-03-15T11:03:32.683Z</time>
      </trkpt>
      <trkpt lat="46.226177" lon="23.454269">
        <ele>994.919</ele>
        <time>2026-03-15T11:03:36.684Z</time>
      </trkpt>
      <trkpt lat="46.226134" lon="23.454301">
        <ele>995.209</ele>
        <time>2026-03-15T11:03:45.684Z</time>
      </trkpt>
      <trkpt lat="46.226098" lon="23.454349">
        <ele>995.119</ele>
        <time>2026-03-15T11:03:50.684Z</time>
      </trkpt>
      <trkpt lat="46.226053" lon="23.454392">
        <ele>994.332</ele>
        <time>2026-03-15T11:03:54.683Z</time>
      </trkpt>
      <trkpt lat="46.226008" lon="23.454428">
        <ele>993.551</ele>
        <time>2026-03-15T11:04:00.683Z</time>
      </trkpt>
      <trkpt lat="46.225963" lon="23.454416">
        <ele>992.921</ele>
        <time>2026-03-15T11:04:05.683Z</time>
      </trkpt>
      <trkpt lat="46.225915" lon="23.454428">
        <ele>992.224</ele>
        <time>2026-03-15T11:04:10.683Z</time>
      </trkpt>
      <trkpt lat="46.225867" lon="23.454436">
        <ele>991.579</ele>
        <time>2026-03-15T11:04:17.684Z</time>
      </trkpt>
      <trkpt lat="46.225838" lon="23.454491">
        <ele>990.986</ele>
        <time>2026-03-15T11:04:23.683Z</time>
      </trkpt>
      <trkpt lat="46.225829" lon="23.454566">
        <ele>990.554</ele>
        <time>2026-03-15T11:04:29.684Z</time>
      </trkpt>
      <trkpt lat="46.225855" lon="23.454628">
        <ele>990.570</ele>
        <time>2026-03-15T11:04:34.684Z</time>
      </trkpt>
      <trkpt lat="46.225866" lon="23.454697">
        <ele>990.353</ele>
        <time>2026-03-15T11:04:38.683Z</time>
      </trkpt>
      <trkpt lat="46.225888" lon="23.454773">
        <ele>989.304</ele>
        <time>2026-03-15T11:04:42.684Z</time>
      </trkpt>
      <trkpt lat="46.225907" lon="23.454838">
        <ele>987.914</ele>
        <time>2026-03-15T11:04:47.684Z</time>
      </trkpt>
      <trkpt lat="46.225957" lon="23.454849">
        <ele>987.909</ele>
        <time>2026-03-15T11:04:52.684Z</time>
      </trkpt>
      <trkpt lat="46.225951" lon="23.454783">
        <ele>989.477</ele>
        <time>2026-03-15T11:05:25.683Z</time>
      </trkpt>
      <trkpt lat="46.225992" lon="23.454849">
        <ele>988.180</ele>
        <time>2026-03-15T11:05:31.684Z</time>
      </trkpt>
      <trkpt lat="46.225990" lon="23.454921">
        <ele>986.459</ele>
        <time>2026-03-15T11:05:36.684Z</time>
      </trkpt>
      <trkpt lat="46.226012" lon="23.454979">
        <ele>985.119</ele>
        <time>2026-03-15T11:05:40.684Z</time>
      </trkpt>
      <trkpt lat="46.226051" lon="23.455019">
        <ele>984.212</ele>
        <time>2026-03-15T11:05:44.684Z</time>
      </trkpt>
      <trkpt lat="46.226092" lon="23.455061">
        <ele>983.087</ele>
        <time>2026-03-15T11:05:48.683Z</time>
      </trkpt>
      <trkpt lat="46.226091" lon="23.455129">
        <ele>980.764</ele>
        <time>2026-03-15T11:05:58.684Z</time>
      </trkpt>
      <trkpt lat="46.226132" lon="23.455169">
        <ele>979.532</ele>
        <time>2026-03-15T11:06:01.683Z</time>
      </trkpt>
      <trkpt lat="46.226172" lon="23.455207">
        <ele>978.348</ele>
        <time>2026-03-15T11:06:04.684Z</time>
      </trkpt>
      <trkpt lat="46.226210" lon="23.455251">
        <ele>977.139</ele>
        <time>2026-03-15T11:06:09.683Z</time>
      </trkpt>
      <trkpt lat="46.226233" lon="23.455307">
        <ele>975.701</ele>
        <time>2026-03-15T11:06:14.683Z</time>
      </trkpt>
      <trkpt lat="46.226258" lon="23.455364">
        <ele>974.521</ele>
        <time>2026-03-15T11:06:18.684Z</time>
      </trkpt>
      <trkpt lat="46.226318" lon="23.455370">
        <ele>974.709</ele>
        <time>2026-03-15T11:06:23.683Z</time>
      </trkpt>
      <trkpt lat="46.226367" lon="23.455364">
        <ele>975.055</ele>
        <time>2026-03-15T11:06:26.684Z</time>
      </trkpt>
      <trkpt lat="46.226387" lon="23.455297">
        <ele>976.688</ele>
        <time>2026-03-15T11:06:30.684Z</time>
      </trkpt>
      <trkpt lat="46.226330" lon="23.455305">
        <ele>976.267</ele>
        <time>2026-03-15T11:07:03.683Z</time>
      </trkpt>
      <trkpt lat="46.226316" lon="23.455369">
        <ele>974.717</ele>
        <time>2026-03-15T11:07:05.683Z</time>
      </trkpt>
      <trkpt lat="46.226344" lon="23.455434">
        <ele>973.470</ele>
        <time>2026-03-15T11:07:08.683Z</time>
      </trkpt>
      <trkpt lat="46.226339" lon="23.455499">
        <ele>971.995</ele>
        <time>2026-03-15T11:07:14.683Z</time>
      </trkpt>
      <trkpt lat="46.226368" lon="23.455553">
        <ele>970.972</ele>
        <time>2026-03-15T11:07:18.684Z</time>
      </trkpt>
      <trkpt lat="46.226375" lon="23.455444">
        <ele>973.380</ele>
        <time>2026-03-15T11:07:29.683Z</time>
      </trkpt>
      <trkpt lat="46.226391" lon="23.455508">
        <ele>972.066</ele>
        <time>2026-03-15T11:07:34.684Z</time>
      </trkpt>
      <trkpt lat="46.226363" lon="23.455572">
        <ele>970.574</ele>
        <time>2026-03-15T11:07:39.683Z</time>
      </trkpt>
      <trkpt lat="46.226353" lon="23.455645">
        <ele>969.056</ele>
        <time>2026-03-15T11:07:55.683Z</time>
      </trkpt>
      <trkpt lat="46.226367" lon="23.455708">
        <ele>968.021</ele>
        <time>2026-03-15T11:08:09.684Z</time>
      </trkpt>
      <trkpt lat="46.226398" lon="23.455777">
        <ele>967.009</ele>
        <time>2026-03-15T11:08:25.684Z</time>
      </trkpt>
      <trkpt lat="46.226425" lon="23.455835">
        <ele>966.069</ele>
        <time>2026-03-15T11:08:29.683Z</time>
      </trkpt>
      <trkpt lat="46.226445" lon="23.455893">
        <ele>965.152</ele>
        <time>2026-03-15T11:08:34.684Z</time>
      </trkpt>
      <trkpt lat="46.226462" lon="23.455971">
        <ele>963.971</ele>
        <time>2026-03-15T11:08:39.684Z</time>
      </trkpt>
      <trkpt lat="46.226465" lon="23.456037">
        <ele>962.991</ele>
        <time>2026-03-15T11:08:43.683Z</time>
      </trkpt>
      <trkpt lat="46.226476" lon="23.456114">
        <ele>961.944</ele>
        <time>2026-03-15T11:08:48.684Z</time>
      </trkpt>
      <trkpt lat="46.226500" lon="23.456176">
        <ele>961.099</ele>
        <time>2026-03-15T11:08:53.684Z</time>
      </trkpt>
      <trkpt lat="46.226529" lon="23.456242">
        <ele>960.256</ele>
        <time>2026-03-15T11:08:57.684Z</time>
      </trkpt>
      <trkpt lat="46.226559" lon="23.456297">
        <ele>959.594</ele>
        <time>2026-03-15T11:09:00.684Z</time>
      </trkpt>
      <trkpt lat="46.226607" lon="23.456342">
        <ele>959.270</ele>
        <time>2026-03-15T11:09:04.683Z</time>
      </trkpt>
      <trkpt lat="46.226633" lon="23.456401">
        <ele>958.411</ele>
        <time>2026-03-15T11:09:12.683Z</time>
      </trkpt>
      <trkpt lat="46.226651" lon="23.456462">
        <ele>957.521</ele>
        <time>2026-03-15T11:09:19.682Z</time>
      </trkpt>
      <trkpt lat="46.226685" lon="23.456517">
        <ele>956.303</ele>
        <time>2026-03-15T11:09:26.682Z</time>
      </trkpt>
      <trkpt lat="46.226719" lon="23.456569">
        <ele>954.609</ele>
        <time>2026-03-15T11:09:34.683Z</time>
      </trkpt>
      <trkpt lat="46.226759" lon="23.456620">
        <ele>952.823</ele>
        <time>2026-03-15T11:09:39.683Z</time>
      </trkpt>
      <trkpt lat="46.226784" lon="23.456680">
        <ele>951.266</ele>
        <time>2026-03-15T11:09:43.682Z</time>
      </trkpt>
      <trkpt lat="46.226815" lon="23.456741">
        <ele>949.445</ele>
        <time>2026-03-15T11:09:49.682Z</time>
      </trkpt>
      <trkpt lat="46.226839" lon="23.456797">
        <ele>947.935</ele>
        <time>2026-03-15T11:09:54.682Z</time>
      </trkpt>
      <trkpt lat="46.226877" lon="23.456840">
        <ele>946.558</ele>
        <time>2026-03-15T11:10:26.682Z</time>
      </trkpt>
      <trkpt lat="46.226897" lon="23.456910">
        <ele>945.183</ele>
        <time>2026-03-15T11:10:34.683Z</time>
      </trkpt>
      <trkpt lat="46.226911" lon="23.456980">
        <ele>944.020</ele>
        <time>2026-03-15T11:10:40.683Z</time>
      </trkpt>
      <trkpt lat="46.226931" lon="23.457056">
        <ele>943.248</ele>
        <time>2026-03-15T11:10:45.683Z</time>
      </trkpt>
      <trkpt lat="46.226949" lon="23.457122">
        <ele>942.774</ele>
        <time>2026-03-15T11:10:50.683Z</time>
      </trkpt>
      <trkpt lat="46.226973" lon="23.457187">
        <ele>942.465</ele>
        <time>2026-03-15T11:10:56.683Z</time>
      </trkpt>
      <trkpt lat="46.226991" lon="23.457251">
        <ele>942.268</ele>
        <time>2026-03-15T11:11:01.682Z</time>
      </trkpt>
      <trkpt lat="46.227012" lon="23.457318">
        <ele>942.014</ele>
        <time>2026-03-15T11:11:06.683Z</time>
      </trkpt>
      <trkpt lat="46.227038" lon="23.457391">
        <ele>942.109</ele>
        <time>2026-03-15T11:11:11.683Z</time>
      </trkpt>
      <trkpt lat="46.227059" lon="23.457453">
        <ele>942.248</ele>
        <time>2026-03-15T11:11:15.683Z</time>
      </trkpt>
      <trkpt lat="46.227082" lon="23.457516">
        <ele>942.551</ele>
        <time>2026-03-15T11:11:19.683Z</time>
      </trkpt>
      <trkpt lat="46.227109" lon="23.457577">
        <ele>943.180</ele>
        <time>2026-03-15T11:11:23.683Z</time>
      </trkpt>
      <trkpt lat="46.227135" lon="23.457637">
        <ele>943.630</ele>
        <time>2026-03-15T11:11:27.682Z</time>
      </trkpt>
      <trkpt lat="46.227172" lon="23.457678">
        <ele>944.223</ele>
        <time>2026-03-15T11:11:31.683Z</time>
      </trkpt>
      <trkpt lat="46.227197" lon="23.457741">
        <ele>944.638</ele>
        <time>2026-03-15T11:11:37.682Z</time>
      </trkpt>
      <trkpt lat="46.227226" lon="23.457792">
        <ele>945.275</ele>
        <time>2026-03-15T11:11:49.683Z</time>
      </trkpt>
      <trkpt lat="46.227254" lon="23.457850">
        <ele>945.913</ele>
        <time>2026-03-15T11:11:54.683Z</time>
      </trkpt>
      <trkpt lat="46.227288" lon="23.457896">
        <ele>946.759</ele>
        <time>2026-03-15T11:11:59.682Z</time>
      </trkpt>
      <trkpt lat="46.227328" lon="23.457937">
        <ele>947.573</ele>
        <time>2026-03-15T11:12:04Z</time>
      </trkpt>
      <trkpt lat="46.227372" lon="23.457950">
        <ele>948.185</ele>
        <time>2026-03-15T11:12:11.682Z</time>
      </trkpt>
      <trkpt lat="46.227410" lon="23.457987">
        <ele>948.713</ele>
        <time>2026-03-15T11:12:17.682Z</time>
      </trkpt>
      <trkpt lat="46.227450" lon="23.458023">
        <ele>949.309</ele>
        <time>2026-03-15T11:12:22.682Z</time>
      </trkpt>
      <trkpt lat="46.227495" lon="23.458065">
        <ele>950.099</ele>
        <time>2026-03-15T11:12:27.682Z</time>
      </trkpt>
      <trkpt lat="46.227538" lon="23.458118">
        <ele>951.292</ele>
        <time>2026-03-15T11:12:32.682Z</time>
      </trkpt>
      <trkpt lat="46.227573" lon="23.458172">
        <ele>952.451</ele>
        <time>2026-03-15T11:12:37.683Z</time>
      </trkpt>
      <trkpt lat="46.227558" lon="23.458237">
        <ele>952.691</ele>
        <time>2026-03-15T11:12:51.683Z</time>
      </trkpt>
      <trkpt lat="46.227559" lon="23.458304">
        <ele>953.224</ele>
        <time>2026-03-15T11:12:56.682Z</time>
      </trkpt>
      <trkpt lat="46.227566" lon="23.458373">
        <ele>953.919</ele>
        <time>2026-03-15T11:13:02.682Z</time>
      </trkpt>
      <trkpt lat="46.227576" lon="23.458437">
        <ele>954.736</ele>
        <time>2026-03-15T11:13:07.682Z</time>
      </trkpt>
      <trkpt lat="46.227578" lon="23.458505">
        <ele>955.284</ele>
        <time>2026-03-15T11:13:29.683Z</time>
      </trkpt>
      <trkpt lat="46.227579" lon="23.458572">
        <ele>955.790</ele>
        <time>2026-03-15T11:13:35.683Z</time>
      </trkpt>
      <trkpt lat="46.227576" lon="23.458645">
        <ele>956.325</ele>
        <time>2026-03-15T11:13:42.683Z</time>
      </trkpt>
      <trkpt lat="46.227574" lon="23.458713">
        <ele>957.026</ele>
        <time>2026-03-15T11:13:48.683Z</time>
      </trkpt>
      <trkpt lat="46.227575" lon="23.458781">
        <ele>957.808</ele>
        <time>2026-03-15T11:13:54.683Z</time>
      </trkpt>
      <trkpt lat="46.227576" lon="23.458846">
        <ele>958.609</ele>
        <time>2026-03-15T11:14:01.682Z</time>
      </trkpt>
      <trkpt lat="46.227592" lon="23.458913">
        <ele>959.734</ele>
        <time>2026-03-15T11:14:07.683Z</time>
      </trkpt>
      <trkpt lat="46.227608" lon="23.458979">
        <ele>960.997</ele>
        <time>2026-03-15T11:14:59.682Z</time>
      </trkpt>
      <trkpt lat="46.227620" lon="23.459045">
        <ele>962.116</ele>
        <time>2026-03-15T11:15:33.683Z</time>
      </trkpt>
      <trkpt lat="46.227611" lon="23.459130">
        <ele>963.246</ele>
        <time>2026-03-15T11:15:38.683Z</time>
      </trkpt>
      <trkpt lat="46.227623" lon="23.459195">
        <ele>964.519</ele>
        <time>2026-03-15T11:15:44.683Z</time>
      </trkpt>
      <trkpt lat="46.227638" lon="23.459261">
        <ele>966.224</ele>
        <time>2026-03-15T11:16:02.682Z</time>
      </trkpt>
      <trkpt lat="46.227617" lon="23.459321">
        <ele>967.461</ele>
        <time>2026-03-15T11:16:06.683Z</time>
      </trkpt>
      <trkpt lat="46.227615" lon="23.459396">
        <ele>969.159</ele>
        <time>2026-03-15T11:16:12.682Z</time>
      </trkpt>
      <trkpt lat="46.227628" lon="23.459473">
        <ele>971.125</ele>
        <time>2026-03-15T11:16:27.683Z</time>
      </trkpt>
      <trkpt lat="46.227669" lon="23.459440">
        <ele>970.739</ele>
        <time>2026-03-15T11:17:03.682Z</time>
      </trkpt>
      <trkpt lat="46.227650" lon="23.459502">
        <ele>972.101</ele>
        <time>2026-03-15T11:17:08.683Z</time>
      </trkpt>
      <trkpt lat="46.227622" lon="23.459558">
        <ele>973.221</ele>
        <time>2026-03-15T11:17:12.683Z</time>
      </trkpt>
      <trkpt lat="46.227601" lon="23.459620">
        <ele>974.709</ele>
        <time>2026-03-15T11:17:17.683Z</time>
      </trkpt>
      <trkpt lat="46.227588" lon="23.459683">
        <ele>976.375</ele>
        <time>2026-03-15T11:17:23.682Z</time>
      </trkpt>
      <trkpt lat="46.227583" lon="23.459750">
        <ele>977.948</ele>
        <time>2026-03-15T11:17:29.682Z</time>
      </trkpt>
      <trkpt lat="46.227601" lon="23.459820">
        <ele>979.367</ele>
        <time>2026-03-15T11:17:35.683Z</time>
      </trkpt>
      <trkpt lat="46.227611" lon="23.459891">
        <ele>980.797</ele>
        <time>2026-03-15T11:17:42.682Z</time>
      </trkpt>
      <trkpt lat="46.227583" lon="23.459956">
        <ele>982.210</ele>
        <time>2026-03-15T11:17:49.683Z</time>
      </trkpt>
      <trkpt lat="46.227626" lon="23.459992">
        <ele>982.525</ele>
        <time>2026-03-15T11:18:09.682Z</time>
      </trkpt>
      <trkpt lat="46.227665" lon="23.460030">
        <ele>982.732</ele>
        <time>2026-03-15T11:19:00.682Z</time>
      </trkpt>
      <trkpt lat="46.227706" lon="23.460064">
        <ele>983.080</ele>
        <time>2026-03-15T11:19:20.681Z</time>
      </trkpt>
      <trkpt lat="46.227691" lon="23.460139">
        <ele>984.586</ele>
        <time>2026-03-15T11:19:35.681Z</time>
      </trkpt>
      <trkpt lat="46.227660" lon="23.460199">
        <ele>985.728</ele>
        <time>2026-03-15T11:19:45.681Z</time>
      </trkpt>
      <trkpt lat="46.227697" lon="23.460235">
        <ele>986.289</ele>
        <time>2026-03-15T11:19:55.682Z</time>
      </trkpt>
      <trkpt lat="46.227702" lon="23.460307">
        <ele>987.917</ele>
        <time>2026-03-15T11:20:06.681Z</time>
      </trkpt>
      <trkpt lat="46.227716" lon="23.460377">
        <ele>990.109</ele>
        <time>2026-03-15T11:20:38.681Z</time>
      </trkpt>
      <trkpt lat="46.227729" lon="23.460442">
        <ele>992.274</ele>
        <time>2026-03-15T11:20:47.681Z</time>
      </trkpt>
      <trkpt lat="46.227740" lon="23.460508">
        <ele>994.317</ele>
        <time>2026-03-15T11:20:56.682Z</time>
      </trkpt>
      <trkpt lat="46.227766" lon="23.460563">
        <ele>996.216</ele>
        <time>2026-03-15T11:21:13.682Z</time>
      </trkpt>
      <trkpt lat="46.227761" lon="23.460645">
        <ele>998.636</ele>
        <time>2026-03-15T11:21:25.681Z</time>
      </trkpt>
      <trkpt lat="46.227780" lon="23.460704">
        <ele>1000.259</ele>
        <time>2026-03-15T11:21:31.681Z</time>
      </trkpt>
      <trkpt lat="46.227766" lon="23.460776">
        <ele>1002.484</ele>
        <time>2026-03-15T11:21:39.681Z</time>
      </trkpt>
      <trkpt lat="46.227739" lon="23.460835">
        <ele>1004.331</ele>
        <time>2026-03-15T11:21:54.682Z</time>
      </trkpt>
      <trkpt lat="46.227746" lon="23.460903">
        <ele>1006.789</ele>
        <time>2026-03-15T11:22:01.682Z</time>
      </trkpt>
      <trkpt lat="46.227746" lon="23.460970">
        <ele>1009.035</ele>
        <time>2026-03-15T11:22:07.682Z</time>
      </trkpt>
      <trkpt lat="46.227741" lon="23.461055">
        <ele>1012.076</ele>
        <time>2026-03-15T11:22:33.681Z</time>
      </trkpt>
      <trkpt lat="46.227687" lon="23.461072">
        <ele>1012.790</ele>
        <time>2026-03-15T11:22:48.682Z</time>
      </trkpt>
      <trkpt lat="46.227655" lon="23.461130">
        <ele>1014.419</ele>
        <time>2026-03-15T11:22:57.682Z</time>
      </trkpt>
      <trkpt lat="46.227610" lon="23.461148">
        <ele>1014.809</ele>
        <time>2026-03-15T11:23:03.682Z</time>
      </trkpt>
      <trkpt lat="46.227597" lon="23.461215">
        <ele>1016.269</ele>
        <time>2026-03-15T11:23:08.681Z</time>
      </trkpt>
      <trkpt lat="46.227622" lon="23.461277">
        <ele>1017.442</ele>
        <time>2026-03-15T11:23:28.681Z</time>
      </trkpt>
      <trkpt lat="46.227594" lon="23.461335">
        <ele>1018.891</ele>
        <time>2026-03-15T11:23:44.682Z</time>
      </trkpt>
      <trkpt lat="46.227613" lon="23.461399">
        <ele>1020.091</ele>
        <time>2026-03-15T11:24:06.681Z</time>
      </trkpt>
      <trkpt lat="46.227585" lon="23.461453">
        <ele>1021.334</ele>
        <time>2026-03-15T11:24:30.681Z</time>
      </trkpt>
      <trkpt lat="46.227545" lon="23.461499">
        <ele>1022.799</ele>
        <time>2026-03-15T11:24:36.681Z</time>
      </trkpt>
      <trkpt lat="46.227555" lon="23.461566">
        <ele>1023.966</ele>
        <time>2026-03-15T11:25:12.682Z</time>
      </trkpt>
      <trkpt lat="46.227526" lon="23.461621">
        <ele>1025.524</ele>
        <time>2026-03-15T11:25:22.682Z</time>
      </trkpt>
      <trkpt lat="46.227557" lon="23.461678">
        <ele>1026.170</ele>
        <time>2026-03-15T11:25:31.682Z</time>
      </trkpt>
      <trkpt lat="46.227511" lon="23.461692">
        <ele>1027.697</ele>
        <time>2026-03-15T11:26:28.681Z</time>
      </trkpt>
      <trkpt lat="46.227487" lon="23.461753">
        <ele>1029.723</ele>
        <time>2026-03-15T11:26:38.681Z</time>
      </trkpt>
      <trkpt lat="46.227444" lon="23.461775">
        <ele>1030.125</ele>
        <time>2026-03-15T11:26:59.681Z</time>
      </trkpt>
      <trkpt lat="46.227399" lon="23.461751">
        <ele>1028.909</ele>
        <time>2026-03-15T11:27:11.682Z</time>
      </trkpt>
      <trkpt lat="46.227356" lon="23.461785">
        <ele>1029.791</ele>
        <time>2026-03-15T11:27:25.681Z</time>
      </trkpt>
      <trkpt lat="46.227348" lon="23.461855">
        <ele>1032.264</ele>
        <time>2026-03-15T11:27:33.682Z</time>
      </trkpt>
      <trkpt lat="46.227372" lon="23.461922">
        <ele>1034.753</ele>
        <time>2026-03-15T11:27:53.681Z</time>
      </trkpt>
      <trkpt lat="46.227337" lon="23.461966">
        <ele>1036.183</ele>
        <time>2026-03-15T11:28:12.682Z</time>
      </trkpt>
      <trkpt lat="46.227320" lon="23.462034">
        <ele>1038.386</ele>
        <time>2026-03-15T11:28:45.682Z</time>
      </trkpt>
      <trkpt lat="46.227285" lon="23.462075">
        <ele>1039.721</ele>
        <time>2026-03-15T11:28:54Z</time>
      </trkpt>
      <trkpt lat="46.227278" lon="23.462149">
        <ele>1042.348</ele>
        <time>2026-03-15T11:29:03.681Z</time>
      </trkpt>
      <trkpt lat="46.227308" lon="23.462206">
        <ele>1044.166</ele>
        <time>2026-03-15T11:29:31.682Z</time>
      </trkpt>
      <trkpt lat="46.227285" lon="23.462264">
        <ele>1046.282</ele>
        <time>2026-03-15T11:30:11.681Z</time>
      </trkpt>
      <trkpt lat="46.227265" lon="23.462329">
        <ele>1048.682</ele>
        <time>2026-03-15T11:31:06.681Z</time>
      </trkpt>
      <trkpt lat="46.227277" lon="23.462393">
        <ele>1050.743</ele>
        <time>2026-03-15T11:31:19.680Z</time>
      </trkpt>
      <trkpt lat="46.227270" lon="23.462465">
        <ele>1053.317</ele>
        <time>2026-03-15T11:31:29.680Z</time>
      </trkpt>
      <trkpt lat="46.227274" lon="23.462537">
        <ele>1055.509</ele>
        <time>2026-03-15T11:31:52.681Z</time>
      </trkpt>
      <trkpt lat="46.227283" lon="23.462605">
        <ele>1057.440</ele>
        <time>2026-03-15T11:32:00.680Z</time>
      </trkpt>
      <trkpt lat="46.227234" lon="23.462612">
        <ele>1058.123</ele>
        <time>2026-03-15T11:32:08.680Z</time>
      </trkpt>
      <trkpt lat="46.227265" lon="23.462669">
        <ele>1059.442</ele>
        <time>2026-03-15T11:32:55.680Z</time>
      </trkpt>
      <trkpt lat="46.227303" lon="23.462718">
        <ele>1060.442</ele>
        <time>2026-03-15T11:33:02.681Z</time>
      </trkpt>
      <trkpt lat="46.227325" lon="23.462781">
        <ele>1062.095</ele>
        <time>2026-03-15T11:33:26.681Z</time>
      </trkpt>
      <trkpt lat="46.227292" lon="23.462829">
        <ele>1063.440</ele>
        <time>2026-03-15T11:33:34.681Z</time>
      </trkpt>
      <trkpt lat="46.227271" lon="23.462892">
        <ele>1065.057</ele>
        <time>2026-03-15T11:33:57.681Z</time>
      </trkpt>
      <trkpt lat="46.227242" lon="23.462955">
        <ele>1066.765</ele>
        <time>2026-03-15T11:34:16.681Z</time>
      </trkpt>
      <trkpt lat="46.227248" lon="23.463021">
        <ele>1068.111</ele>
        <time>2026-03-15T11:34:24.680Z</time>
      </trkpt>
      <trkpt lat="46.227242" lon="23.463096">
        <ele>1069.543</ele>
        <time>2026-03-15T11:34:50.681Z</time>
      </trkpt>
      <trkpt lat="46.227237" lon="23.463166">
        <ele>1070.564</ele>
        <time>2026-03-15T11:34:56.681Z</time>
      </trkpt>
      <trkpt lat="46.227243" lon="23.463233">
        <ele>1071.510</ele>
        <time>2026-03-15T11:35:04Z</time>
      </trkpt>
      <trkpt lat="46.227217" lon="23.463292">
        <ele>1072.209</ele>
        <time>2026-03-15T11:35:44.680Z</time>
      </trkpt>
      <trkpt lat="46.227236" lon="23.463356">
        <ele>1072.936</ele>
        <time>2026-03-15T11:35:48.680Z</time>
      </trkpt>
      <trkpt lat="46.227230" lon="23.463429">
        <ele>1072.719</ele>
        <time>2026-03-15T11:35:56.680Z</time>
      </trkpt>
      <trkpt lat="46.227241" lon="23.463493">
        <ele>1072.588</ele>
        <time>2026-03-15T11:36:03.681Z</time>
      </trkpt>
      <trkpt lat="46.227250" lon="23.463562">
        <ele>1072.488</ele>
        <time>2026-03-15T11:37:31.680Z</time>
      </trkpt>
      <trkpt lat="46.227291" lon="23.463608">
        <ele>1072.731</ele>
        <time>2026-03-15T11:37:56.680Z</time>
      </trkpt>
      <trkpt lat="46.227319" lon="23.463670">
        <ele>1072.376</ele>
        <time>2026-03-15T11:38:26.681Z</time>
      </trkpt>
      <trkpt lat="46.227327" lon="23.463741">
        <ele>1071.633</ele>
        <time>2026-03-15T11:38:31.680Z</time>
      </trkpt>
      <trkpt lat="46.227283" lon="23.463756">
        <ele>1070.891</ele>
        <time>2026-03-15T11:38:55.681Z</time>
      </trkpt>
      <trkpt lat="46.227300" lon="23.463695">
        <ele>1071.837</ele>
        <time>2026-03-15T11:39:08.681Z</time>
      </trkpt>
      <trkpt lat="46.227333" lon="23.463749">
        <ele>1071.657</ele>
        <time>2026-03-15T11:39:22.681Z</time>
      </trkpt>
      <trkpt lat="46.227378" lon="23.463753">
        <ele>1072.200</ele>
        <time>2026-03-15T11:39:33.681Z</time>
      </trkpt>
      <trkpt lat="46.227418" lon="23.463802">
        <ele>1072.320</ele>
        <time>2026-03-15T11:39:37.680Z</time>
      </trkpt>
      <trkpt lat="46.227443" lon="23.463863">
        <ele>1072.209</ele>
        <time>2026-03-15T11:39:42.680Z</time>
      </trkpt>
      <trkpt lat="46.227468" lon="23.463918">
        <ele>1071.987</ele>
        <time>2026-03-15T11:39:47.681Z</time>
      </trkpt>
      <trkpt lat="46.227491" lon="23.463986">
        <ele>1071.170</ele>
        <time>2026-03-15T11:39:52.681Z</time>
      </trkpt>
      <trkpt lat="46.227522" lon="23.464039">
        <ele>1070.229</ele>
        <time>2026-03-15T11:39:58.681Z</time>
      </trkpt>
      <trkpt lat="46.227558" lon="23.464091">
        <ele>1069.199</ele>
        <time>2026-03-15T11:40:04.681Z</time>
      </trkpt>
      <trkpt lat="46.227585" lon="23.464147">
        <ele>1068.342</ele>
        <time>2026-03-15T11:40:09.680Z</time>
      </trkpt>
      <trkpt lat="46.227557" lon="23.464209">
        <ele>1067.387</ele>
        <time>2026-03-15T11:40:19.681Z</time>
      </trkpt>
      <trkpt lat="46.227596" lon="23.464251">
        <ele>1066.864</ele>
        <time>2026-03-15T11:40:45.681Z</time>
      </trkpt>
      <trkpt lat="46.227621" lon="23.464183">
        <ele>1067.832</ele>
        <time>2026-03-15T11:41:05.681Z</time>
      </trkpt>
      <trkpt lat="46.227655" lon="23.464229">
        <ele>1067.368</ele>
        <time>2026-03-15T11:41:15.681Z</time>
      </trkpt>
      <trkpt lat="46.227683" lon="23.464288">
        <ele>1066.789</ele>
        <time>2026-03-15T11:41:22.680Z</time>
      </trkpt>
      <trkpt lat="46.227695" lon="23.464355">
        <ele>1066.006</ele>
        <time>2026-03-15T11:41:27.681Z</time>
      </trkpt>
      <trkpt lat="46.227707" lon="23.464418">
        <ele>1065.526</ele>
        <time>2026-03-15T11:41:31.680Z</time>
      </trkpt>
      <trkpt lat="46.227696" lon="23.464482">
        <ele>1064.609</ele>
        <time>2026-03-15T11:41:37.680Z</time>
      </trkpt>
      <trkpt lat="46.227742" lon="23.464498">
        <ele>1065.070</ele>
        <time>2026-03-15T11:41:41.680Z</time>
      </trkpt>
      <trkpt lat="46.227788" lon="23.464542">
        <ele>1064.943</ele>
        <time>2026-03-15T11:41:46.681Z</time>
      </trkpt>
      <trkpt lat="46.227827" lon="23.464596">
        <ele>1064.562</ele>
        <time>2026-03-15T11:41:51.680Z</time>
      </trkpt>
      <trkpt lat="46.227875" lon="23.464600">
        <ele>1064.632</ele>
        <time>2026-03-15T11:48:09.679Z</time>
      </trkpt>
      <trkpt lat="46.227920" lon="23.464623">
        <ele>1064.575</ele>
        <time>2026-03-15T11:48:15.679Z</time>
      </trkpt>
      <trkpt lat="46.227921" lon="23.464698">
        <ele>1064.250</ele>
        <time>2026-03-15T11:48:30.679Z</time>
      </trkpt>
      <trkpt lat="46.227934" lon="23.464762">
        <ele>1064.067</ele>
        <time>2026-03-15T11:48:35.679Z</time>
      </trkpt>
      <trkpt lat="46.227918" lon="23.464826">
        <ele>1063.665</ele>
        <time>2026-03-15T11:48:38.680Z</time>
      </trkpt>
      <trkpt lat="46.227928" lon="23.464905">
        <ele>1063.661</ele>
        <time>2026-03-15T11:48:42.680Z</time>
      </trkpt>
      <trkpt lat="46.227954" lon="23.464973">
        <ele>1064.147</ele>
        <time>2026-03-15T11:48:46.679Z</time>
      </trkpt>
      <trkpt lat="46.227988" lon="23.465016">
        <ele>1065.029</ele>
        <time>2026-03-15T11:48:51.679Z</time>
      </trkpt>
      <trkpt lat="46.228010" lon="23.465082">
        <ele>1065.621</ele>
        <time>2026-03-15T11:48:55.680Z</time>
      </trkpt>
      <trkpt lat="46.228001" lon="23.465155">
        <ele>1065.309</ele>
        <time>2026-03-15T11:49:03.680Z</time>
      </trkpt>
      <trkpt lat="46.228015" lon="23.465221">
        <ele>1065.756</ele>
        <time>2026-03-15T11:49:08.679Z</time>
      </trkpt>
      <trkpt lat="46.228000" lon="23.465287">
        <ele>1065.279</ele>
        <time>2026-03-15T11:49:15.679Z</time>
      </trkpt>
      <trkpt lat="46.228001" lon="23.465352">
        <ele>1065.298</ele>
        <time>2026-03-15T11:49:20.679Z</time>
      </trkpt>
      <trkpt lat="46.228004" lon="23.465420">
        <ele>1065.298</ele>
        <time>2026-03-15T11:49:25.680Z</time>
      </trkpt>
      <trkpt lat="46.227987" lon="23.465483">
        <ele>1064.691</ele>
        <time>2026-03-15T11:49:31.680Z</time>
      </trkpt>
      <trkpt lat="46.227995" lon="23.465560">
        <ele>1064.886</ele>
        <time>2026-03-15T11:49:38.680Z</time>
      </trkpt>
      <trkpt lat="46.227991" lon="23.465628">
        <ele>1063.753</ele>
        <time>2026-03-15T11:49:43.680Z</time>
      </trkpt>
      <trkpt lat="46.228012" lon="23.465688">
        <ele>1063.671</ele>
        <time>2026-03-15T11:49:49.679Z</time>
      </trkpt>
      <trkpt lat="46.228053" lon="23.465653">
        <ele>1065.567</ele>
        <time>2026-03-15T11:49:52.679Z</time>
      </trkpt>
      <trkpt lat="46.228021" lon="23.465700">
        <ele>1063.747</ele>
        <time>2026-03-15T11:50:27.679Z</time>
      </trkpt>
      <trkpt lat="46.228051" lon="23.465751">
        <ele>1064.029</ele>
        <time>2026-03-15T11:50:33.679Z</time>
      </trkpt>
      <trkpt lat="46.228056" lon="23.465818">
        <ele>1063.221</ele>
        <time>2026-03-15T11:51:18.680Z</time>
      </trkpt>
      <trkpt lat="46.228046" lon="23.465891">
        <ele>1061.909</ele>
        <time>2026-03-15T11:51:24.680Z</time>
      </trkpt>
      <trkpt lat="46.228081" lon="23.465932">
        <ele>1061.756</ele>
        <time>2026-03-15T11:51:28Z</time>
      </trkpt>
      <trkpt lat="46.228100" lon="23.465994">
        <ele>1060.949</ele>
        <time>2026-03-15T11:51:34.680Z</time>
      </trkpt>
      <trkpt lat="46.228118" lon="23.466061">
        <ele>1060.138</ele>
        <time>2026-03-15T11:51:40.679Z</time>
      </trkpt>
      <trkpt lat="46.228131" lon="23.466126">
        <ele>1059.238</ele>
        <time>2026-03-15T11:51:45.679Z</time>
      </trkpt>
      <trkpt lat="46.228181" lon="23.466115">
        <ele>1059.871</ele>
        <time>2026-03-15T11:51:49.679Z</time>
      </trkpt>
      <trkpt lat="46.228151" lon="23.466169">
        <ele>1058.586</ele>
        <time>2026-03-15T11:51:54.680Z</time>
      </trkpt>
      <trkpt lat="46.228156" lon="23.466238">
        <ele>1057.293</ele>
        <time>2026-03-15T11:51:59.680Z</time>
      </trkpt>
      <trkpt lat="46.228190" lon="23.466303">
        <ele>1056.551</ele>
        <time>2026-03-15T11:52:04.679Z</time>
      </trkpt>
      <trkpt lat="46.228217" lon="23.466367">
        <ele>1055.967</ele>
        <time>2026-03-15T11:52:09.679Z</time>
      </trkpt>
      <trkpt lat="46.228227" lon="23.466440">
        <ele>1055.148</ele>
        <time>2026-03-15T11:52:14.679Z</time>
      </trkpt>
      <trkpt lat="46.228247" lon="23.466501">
        <ele>1054.861</ele>
        <time>2026-03-15T11:52:19.679Z</time>
      </trkpt>
      <trkpt lat="46.228264" lon="23.466562">
        <ele>1054.517</ele>
        <time>2026-03-15T11:52:23.680Z</time>
      </trkpt>
      <trkpt lat="46.228282" lon="23.466622">
        <ele>1054.209</ele>
        <time>2026-03-15T11:52:27.680Z</time>
      </trkpt>
      <trkpt lat="46.228299" lon="23.466692">
        <ele>1053.926</ele>
        <time>2026-03-15T11:52:32.679Z</time>
      </trkpt>
      <trkpt lat="46.228313" lon="23.466755">
        <ele>1053.829</ele>
        <time>2026-03-15T11:52:36.680Z</time>
      </trkpt>
      <trkpt lat="46.228350" lon="23.466797">
        <ele>1054.118</ele>
        <time>2026-03-15T11:52:41.679Z</time>
      </trkpt>
      <trkpt lat="46.228363" lon="23.466872">
        <ele>1053.728</ele>
        <time>2026-03-15T11:52:47.680Z</time>
      </trkpt>
      <trkpt lat="46.228378" lon="23.466952">
        <ele>1053.561</ele>
        <time>2026-03-15T11:52:53Z</time>
      </trkpt>
      <trkpt lat="46.228386" lon="23.467030">
        <ele>1053.416</ele>
        <time>2026-03-15T11:52:57.680Z</time>
      </trkpt>
      <trkpt lat="46.228419" lon="23.467098">
        <ele>1053.723</ele>
        <time>2026-03-15T11:53:02.680Z</time>
      </trkpt>
      <trkpt lat="46.228426" lon="23.467167">
        <ele>1053.791</ele>
        <time>2026-03-15T11:53:08.680Z</time>
      </trkpt>
      <trkpt lat="46.228439" lon="23.467239">
        <ele>1054.047</ele>
        <time>2026-03-15T11:53:24.680Z</time>
      </trkpt>
      <trkpt lat="46.228457" lon="23.467302">
        <ele>1054.547</ele>
        <time>2026-03-15T11:53:29.680Z</time>
      </trkpt>
      <trkpt lat="46.228440" lon="23.467367">
        <ele>1054.429</ele>
        <time>2026-03-15T11:53:34.679Z</time>
      </trkpt>
      <trkpt lat="46.228441" lon="23.467441">
        <ele>1054.721</ele>
        <time>2026-03-15T11:53:40.680Z</time>
      </trkpt>
      <trkpt lat="46.228477" lon="23.467492">
        <ele>1055.609</ele>
        <time>2026-03-15T11:53:45.679Z</time>
      </trkpt>
      <trkpt lat="46.228458" lon="23.467562">
        <ele>1055.376</ele>
        <time>2026-03-15T11:54:02.680Z</time>
      </trkpt>
      <trkpt lat="46.228430" lon="23.467623">
        <ele>1054.939</ele>
        <time>2026-03-15T11:54:08.680Z</time>
      </trkpt>
      <trkpt lat="46.228381" lon="23.467622">
        <ele>1054.138</ele>
        <time>2026-03-15T11:54:13.679Z</time>
      </trkpt>
      <trkpt lat="46.228372" lon="23.467691">
        <ele>1054.298</ele>
        <time>2026-03-15T11:54:17.679Z</time>
      </trkpt>
      <trkpt lat="46.228352" lon="23.467771">
        <ele>1054.241</ele>
        <time>2026-03-15T11:54:22.679Z</time>
      </trkpt>
      <trkpt lat="46.228338" lon="23.467844">
        <ele>1054.126</ele>
        <time>2026-03-15T11:54:25.679Z</time>
      </trkpt>
      <trkpt lat="46.228323" lon="23.467925">
        <ele>1053.633</ele>
        <time>2026-03-15T11:54:31.680Z</time>
      </trkpt>
      <trkpt lat="46.228323" lon="23.468000">
        <ele>1053.611</ele>
        <time>2026-03-15T11:54:35.680Z</time>
      </trkpt>
      <trkpt lat="46.228303" lon="23.468070">
        <ele>1052.897</ele>
        <time>2026-03-15T11:54:40.680Z</time>
      </trkpt>
      <trkpt lat="46.228290" lon="23.468152">
        <ele>1051.594</ele>
        <time>2026-03-15T11:54:46.680Z</time>
      </trkpt>
      <trkpt lat="46.228301" lon="23.468217">
        <ele>1051.257</ele>
        <time>2026-03-15T11:54:50.680Z</time>
      </trkpt>
      <trkpt lat="46.228311" lon="23.468291">
        <ele>1050.822</ele>
        <time>2026-03-15T11:54:56.680Z</time>
      </trkpt>
      <trkpt lat="46.228355" lon="23.468326">
        <ele>1051.409</ele>
        <time>2026-03-15T11:55:00.679Z</time>
      </trkpt>
      <trkpt lat="46.228367" lon="23.468390">
        <ele>1050.681</ele>
        <time>2026-03-15T11:55:05.680Z</time>
      </trkpt>
      <trkpt lat="46.228370" lon="23.468467">
        <ele>1049.554</ele>
        <time>2026-03-15T11:55:10.680Z</time>
      </trkpt>
      <trkpt lat="46.228363" lon="23.468533">
        <ele>1048.573</ele>
        <time>2026-03-15T11:55:15.679Z</time>
      </trkpt>
      <trkpt lat="46.228351" lon="23.468605">
        <ele>1047.363</ele>
        <time>2026-03-15T11:55:21.679Z</time>
      </trkpt>
      <trkpt lat="46.228371" lon="23.468664">
        <ele>1046.556</ele>
        <time>2026-03-15T11:55:26.680Z</time>
      </trkpt>
      <trkpt lat="46.228359" lon="23.468733">
        <ele>1045.161</ele>
        <time>2026-03-15T11:55:32.679Z</time>
      </trkpt>
      <trkpt lat="46.228355" lon="23.468799">
        <ele>1043.978</ele>
        <time>2026-03-15T11:55:37.679Z</time>
      </trkpt>
      <trkpt lat="46.228374" lon="23.468860">
        <ele>1043.126</ele>
        <time>2026-03-15T11:55:42.680Z</time>
      </trkpt>
      <trkpt lat="46.228382" lon="23.468925">
        <ele>1042.262</ele>
        <time>2026-03-15T11:55:47.680Z</time>
      </trkpt>
      <trkpt lat="46.228428" lon="23.468951">
        <ele>1042.551</ele>
        <time>2026-03-15T11:56:03.679Z</time>
      </trkpt>
      <trkpt lat="46.228397" lon="23.469003">
        <ele>1041.401</ele>
        <time>2026-03-15T11:56:08.680Z</time>
      </trkpt>
      <trkpt lat="46.228402" lon="23.469069">
        <ele>1040.611</ele>
        <time>2026-03-15T11:56:13.679Z</time>
      </trkpt>
      <trkpt lat="46.228409" lon="23.469139">
        <ele>1039.709</ele>
        <time>2026-03-15T11:56:19.679Z</time>
      </trkpt>
      <trkpt lat="46.228389" lon="23.469201">
        <ele>1038.757</ele>
        <time>2026-03-15T11:56:28.679Z</time>
      </trkpt>
      <trkpt lat="46.228413" lon="23.469264">
        <ele>1038.530</ele>
        <time>2026-03-15T11:56:33.680Z</time>
      </trkpt>
      <trkpt lat="46.228448" lon="23.469311">
        <ele>1038.729</ele>
        <time>2026-03-15T11:56:38.679Z</time>
      </trkpt>
      <trkpt lat="46.228485" lon="23.469354">
        <ele>1039.199</ele>
        <time>2026-03-15T11:56:43.679Z</time>
      </trkpt>
      <trkpt lat="46.228503" lon="23.469414">
        <ele>1038.922</ele>
        <time>2026-03-15T11:56:48.680Z</time>
      </trkpt>
      <trkpt lat="46.228564" lon="23.469454">
        <ele>1039.917</ele>
        <time>2026-03-15T11:58:06.680Z</time>
      </trkpt>
      <trkpt lat="46.228603" lon="23.469414">
        <ele>1041.084</ele>
        <time>2026-03-15T11:58:11.680Z</time>
      </trkpt>
      <trkpt lat="46.228652" lon="23.469440">
        <ele>1040.632</ele>
        <time>2026-03-15T11:58:17.679Z</time>
      </trkpt>
      <trkpt lat="46.228658" lon="23.469516">
        <ele>1040.228</ele>
        <time>2026-03-15T11:58:21.679Z</time>
      </trkpt>
      <trkpt lat="46.228686" lon="23.469579">
        <ele>1039.793</ele>
        <time>2026-03-15T11:58:29.680Z</time>
      </trkpt>
      <trkpt lat="46.228695" lon="23.469646">
        <ele>1039.565</ele>
        <time>2026-03-15T11:58:37.679Z</time>
      </trkpt>
      <trkpt lat="46.228666" lon="23.469702">
        <ele>1039.321</ele>
        <time>2026-03-15T11:58:43.679Z</time>
      </trkpt>
      <trkpt lat="46.228695" lon="23.469752">
        <ele>1039.309</ele>
        <time>2026-03-15T11:58:57.679Z</time>
      </trkpt>
      <trkpt lat="46.228691" lon="23.469818">
        <ele>1039.281</ele>
        <time>2026-03-15T11:59:02.680Z</time>
      </trkpt>
      <trkpt lat="46.228694" lon="23.469894">
        <ele>1039.214</ele>
        <time>2026-03-15T11:59:22.680Z</time>
      </trkpt>
      <trkpt lat="46.228721" lon="23.469949">
        <ele>1039.583</ele>
        <time>2026-03-15T11:59:27.679Z</time>
      </trkpt>
      <trkpt lat="46.228749" lon="23.470003">
        <ele>1040.043</ele>
        <time>2026-03-15T11:59:32.679Z</time>
      </trkpt>
      <trkpt lat="46.228776" lon="23.470068">
        <ele>1039.946</ele>
        <time>2026-03-15T11:59:37.679Z</time>
      </trkpt>
      <trkpt lat="46.228795" lon="23.470127">
        <ele>1039.771</ele>
        <time>2026-03-15T11:59:41.679Z</time>
      </trkpt>
      <trkpt lat="46.228811" lon="23.470194">
        <ele>1039.588</ele>
        <time>2026-03-15T11:59:45.679Z</time>
      </trkpt>
      <trkpt lat="46.228820" lon="23.470280">
        <ele>1039.086</ele>
        <time>2026-03-15T11:59:50.680Z</time>
      </trkpt>
      <trkpt lat="46.228840" lon="23.470342">
        <ele>1038.492</ele>
        <time>2026-03-15T11:59:54.679Z</time>
      </trkpt>
      <trkpt lat="46.228878" lon="23.470392">
        <ele>1038.213</ele>
        <time>2026-03-15T12:00:00Z</time>
      </trkpt>
      <trkpt lat="46.228881" lon="23.470468">
        <ele>1037.143</ele>
        <time>2026-03-15T12:00:17.680Z</time>
      </trkpt>
      <trkpt lat="46.228902" lon="23.470528">
        <ele>1036.607</ele>
        <time>2026-03-15T12:00:22.680Z</time>
      </trkpt>
      <trkpt lat="46.228932" lon="23.470587">
        <ele>1036.609</ele>
        <time>2026-03-15T12:00:28.679Z</time>
      </trkpt>
      <trkpt lat="46.228972" lon="23.470627">
        <ele>1037.113</ele>
        <time>2026-03-15T12:00:34.680Z</time>
      </trkpt>
      <trkpt lat="46.229016" lon="23.470660">
        <ele>1037.786</ele>
        <time>2026-03-15T12:00:40.679Z</time>
      </trkpt>
      <trkpt lat="46.229042" lon="23.470727">
        <ele>1037.985</ele>
        <time>2026-03-15T12:00:45.680Z</time>
      </trkpt>
      <trkpt lat="46.229051" lon="23.470798">
        <ele>1037.785</ele>
        <time>2026-03-15T12:00:52.680Z</time>
      </trkpt>
      <trkpt lat="46.229093" lon="23.470821">
        <ele>1038.528</ele>
        <time>2026-03-15T12:00:57.680Z</time>
      </trkpt>
      <trkpt lat="46.229144" lon="23.470837">
        <ele>1039.553</ele>
        <time>2026-03-15T12:01:03.680Z</time>
      </trkpt>
      <trkpt lat="46.229184" lon="23.470881">
        <ele>1040.330</ele>
        <time>2026-03-15T12:01:09.680Z</time>
      </trkpt>
      <trkpt lat="46.229218" lon="23.470933">
        <ele>1041.078</ele>
        <time>2026-03-15T12:01:15.680Z</time>
      </trkpt>
      <trkpt lat="46.229241" lon="23.470991">
        <ele>1041.534</ele>
        <time>2026-03-15T12:01:22.680Z</time>
      </trkpt>
      <trkpt lat="46.229285" lon="23.471020">
        <ele>1042.414</ele>
        <time>2026-03-15T12:01:29.680Z</time>
      </trkpt>
      <trkpt lat="46.229275" lon="23.470956">
        <ele>1042.154</ele>
        <time>2026-03-15T12:02:32.680Z</time>
      </trkpt>
      <trkpt lat="46.229319" lon="23.470973">
        <ele>1043.009</ele>
        <time>2026-03-15T12:03:03.680Z</time>
      </trkpt>
      <trkpt lat="46.229349" lon="23.471045">
        <ele>1043.809</ele>
        <time>2026-03-15T12:03:11.679Z</time>
      </trkpt>
      <trkpt lat="46.229368" lon="23.471114">
        <ele>1044.463</ele>
        <time>2026-03-15T12:03:16.679Z</time>
      </trkpt>
      <trkpt lat="46.229396" lon="23.471176">
        <ele>1045.146</ele>
        <time>2026-03-15T12:03:23.680Z</time>
      </trkpt>
      <trkpt lat="46.229407" lon="23.471239">
        <ele>1045.635</ele>
        <time>2026-03-15T12:03:30.680Z</time>
      </trkpt>
      <trkpt lat="46.229407" lon="23.471311">
        <ele>1045.875</ele>
        <time>2026-03-15T12:03:38.679Z</time>
      </trkpt>
      <trkpt lat="46.229433" lon="23.471377">
        <ele>1046.768</ele>
        <time>2026-03-15T12:03:46.680Z</time>
      </trkpt>
      <trkpt lat="46.229460" lon="23.471438">
        <ele>1047.323</ele>
        <time>2026-03-15T12:03:52.679Z</time>
      </trkpt>
      <trkpt lat="46.229478" lon="23.471507">
        <ele>1047.860</ele>
        <time>2026-03-15T12:03:59.679Z</time>
      </trkpt>
      <trkpt lat="46.229506" lon="23.471564">
        <ele>1048.328</ele>
        <time>2026-03-15T12:04:09.680Z</time>
      </trkpt>
      <trkpt lat="46.229512" lon="23.471643">
        <ele>1048.654</ele>
        <time>2026-03-15T12:04:12.680Z</time>
      </trkpt>
      <trkpt lat="46.229550" lon="23.471703">
        <ele>1049.089</ele>
        <time>2026-03-15T12:04:29.679Z</time>
      </trkpt>
      <trkpt lat="46.229583" lon="23.471754">
        <ele>1049.206</ele>
        <time>2026-03-15T12:04:33.679Z</time>
      </trkpt>
      <trkpt lat="46.229587" lon="23.471820">
        <ele>1049.026</ele>
        <time>2026-03-15T12:04:36.680Z</time>
      </trkpt>
      <trkpt lat="46.229615" lon="23.471886">
        <ele>1049.109</ele>
        <time>2026-03-15T12:04:42.680Z</time>
      </trkpt>
      <trkpt lat="46.229637" lon="23.471955">
        <ele>1049.070</ele>
        <time>2026-03-15T12:04:49.680Z</time>
      </trkpt>
      <trkpt lat="46.229647" lon="23.472029">
        <ele>1048.463</ele>
        <time>2026-03-15T12:04:54.679Z</time>
      </trkpt>
      <trkpt lat="46.229681" lon="23.472091">
        <ele>1048.132</ele>
        <time>2026-03-15T12:04:59.680Z</time>
      </trkpt>
      <trkpt lat="46.229725" lon="23.472126">
        <ele>1048.012</ele>
        <time>2026-03-15T12:05:03.680Z</time>
      </trkpt>
      <trkpt lat="46.229740" lon="23.472192">
        <ele>1047.435</ele>
        <time>2026-03-15T12:05:08.680Z</time>
      </trkpt>
      <trkpt lat="46.229742" lon="23.472266">
        <ele>1046.860</ele>
        <time>2026-03-15T12:05:13.680Z</time>
      </trkpt>
      <trkpt lat="46.229762" lon="23.472326">
        <ele>1046.417</ele>
        <time>2026-03-15T12:05:18.679Z</time>
      </trkpt>
      <trkpt lat="46.229804" lon="23.472372">
        <ele>1046.455</ele>
        <time>2026-03-15T12:05:33.679Z</time>
      </trkpt>
      <trkpt lat="46.229846" lon="23.472405">
        <ele>1046.461</ele>
        <time>2026-03-15T12:06:08.680Z</time>
      </trkpt>
      <trkpt lat="46.229881" lon="23.472451">
        <ele>1046.473</ele>
        <time>2026-03-15T12:06:13.680Z</time>
      </trkpt>
      <trkpt lat="46.229908" lon="23.472507">
        <ele>1046.385</ele>
        <time>2026-03-15T12:06:20.679Z</time>
      </trkpt>
      <trkpt lat="46.229963" lon="23.472522">
        <ele>1046.713</ele>
        <time>2026-03-15T12:06:30.680Z</time>
      </trkpt>
      <trkpt lat="46.230011" lon="23.472518">
        <ele>1046.909</ele>
        <time>2026-03-15T12:06:37.680Z</time>
      </trkpt>
      <trkpt lat="46.230058" lon="23.472538">
        <ele>1046.639</ele>
        <time>2026-03-15T12:06:43.680Z</time>
      </trkpt>
      <trkpt lat="46.230101" lon="23.472565">
        <ele>1046.372</ele>
        <time>2026-03-15T12:06:50.679Z</time>
      </trkpt>
      <trkpt lat="46.230153" lon="23.472560">
        <ele>1046.131</ele>
        <time>2026-03-15T12:06:56.679Z</time>
      </trkpt>
      <trkpt lat="46.230204" lon="23.472561">
        <ele>1045.911</ele>
        <time>2026-03-15T12:07:02.678Z</time>
      </trkpt>
      <trkpt lat="46.230256" lon="23.472566">
        <ele>1045.654</ele>
        <time>2026-03-15T12:07:07.678Z</time>
      </trkpt>
      <trkpt lat="46.230307" lon="23.472564">
        <ele>1045.339</ele>
        <time>2026-03-15T12:07:12.679Z</time>
      </trkpt>
      <trkpt lat="46.230359" lon="23.472576">
        <ele>1044.916</ele>
        <time>2026-03-15T12:07:17.679Z</time>
      </trkpt>
      <trkpt lat="46.230406" lon="23.472561">
        <ele>1044.674</ele>
        <time>2026-03-15T12:07:22.679Z</time>
      </trkpt>
      <trkpt lat="46.230449" lon="23.472583">
        <ele>1044.230</ele>
        <time>2026-03-15T12:07:27.679Z</time>
      </trkpt>
      <trkpt lat="46.230497" lon="23.472591">
        <ele>1043.836</ele>
        <time>2026-03-15T12:07:32.679Z</time>
      </trkpt>
      <trkpt lat="46.230543" lon="23.472591">
        <ele>1043.417</ele>
        <time>2026-03-15T12:07:42.679Z</time>
      </trkpt>
      <trkpt lat="46.230595" lon="23.472596">
        <ele>1043.518</ele>
        <time>2026-03-15T12:07:48.678Z</time>
      </trkpt>
      <trkpt lat="46.230644" lon="23.472596">
        <ele>1043.609</ele>
        <time>2026-03-15T12:07:53.679Z</time>
      </trkpt>
      <trkpt lat="46.230692" lon="23.472570">
        <ele>1044.015</ele>
        <time>2026-03-15T12:07:58.679Z</time>
      </trkpt>
      <trkpt lat="46.230740" lon="23.472543">
        <ele>1044.438</ele>
        <time>2026-03-15T12:08:03.679Z</time>
      </trkpt>
      <trkpt lat="46.230786" lon="23.472544">
        <ele>1044.527</ele>
        <time>2026-03-15T12:08:07.679Z</time>
      </trkpt>
      <trkpt lat="46.230835" lon="23.472555">
        <ele>1044.697</ele>
        <time>2026-03-15T12:08:12.679Z</time>
      </trkpt>
      <trkpt lat="46.230890" lon="23.472557">
        <ele>1045.180</ele>
        <time>2026-03-15T12:08:17.679Z</time>
      </trkpt>
      <trkpt lat="46.230942" lon="23.472550">
        <ele>1045.635</ele>
        <time>2026-03-15T12:08:22.679Z</time>
      </trkpt>
      <trkpt lat="46.230995" lon="23.472539">
        <ele>1046.162</ele>
        <time>2026-03-15T12:08:27.678Z</time>
      </trkpt>
      <trkpt lat="46.231043" lon="23.472539">
        <ele>1046.540</ele>
        <time>2026-03-15T12:08:32.679Z</time>
      </trkpt>
      <trkpt lat="46.231095" lon="23.472525">
        <ele>1047.066</ele>
        <time>2026-03-15T12:08:38.679Z</time>
      </trkpt>
      <trkpt lat="46.231140" lon="23.472518">
        <ele>1047.877</ele>
        <time>2026-03-15T12:08:44.678Z</time>
      </trkpt>
      <trkpt lat="46.231191" lon="23.472520">
        <ele>1049.161</ele>
        <time>2026-03-15T12:08:51.679Z</time>
      </trkpt>
      <trkpt lat="46.231236" lon="23.472516">
        <ele>1050.327</ele>
        <time>2026-03-15T12:09:00.678Z</time>
      </trkpt>
      <trkpt lat="46.231278" lon="23.472551">
        <ele>1051.609</ele>
        <time>2026-03-15T12:09:25.678Z</time>
      </trkpt>
      <trkpt lat="46.231322" lon="23.472585">
        <ele>1053.199</ele>
        <time>2026-03-15T12:09:32.679Z</time>
      </trkpt>
      <trkpt lat="46.231368" lon="23.472596">
        <ele>1054.532</ele>
        <time>2026-03-15T12:09:45.678Z</time>
      </trkpt>
      <trkpt lat="46.231415" lon="23.472597">
        <ele>1055.471</ele>
        <time>2026-03-15T12:10:07.679Z</time>
      </trkpt>
      <trkpt lat="46.231460" lon="23.472599">
        <ele>1056.011</ele>
        <time>2026-03-15T12:10:13.679Z</time>
      </trkpt>
      <trkpt lat="46.231453" lon="23.472676">
        <ele>1056.724</ele>
        <time>2026-03-15T12:10:30.679Z</time>
      </trkpt>
      <trkpt lat="46.231499" lon="23.472687">
        <ele>1057.389</ele>
        <time>2026-03-15T12:10:36.679Z</time>
      </trkpt>
      <trkpt lat="46.231538" lon="23.472734">
        <ele>1058.276</ele>
        <time>2026-03-15T12:10:44.679Z</time>
      </trkpt>
      <trkpt lat="46.231567" lon="23.472788">
        <ele>1058.944</ele>
        <time>2026-03-15T12:10:49.678Z</time>
      </trkpt>
      <trkpt lat="46.231574" lon="23.472855">
        <ele>1059.190</ele>
        <time>2026-03-15T12:10:55.679Z</time>
      </trkpt>
      <trkpt lat="46.231618" lon="23.472889">
        <ele>1059.734</ele>
        <time>2026-03-15T12:11:04.679Z</time>
      </trkpt>
      <trkpt lat="46.231645" lon="23.472950">
        <ele>1060.355</ele>
        <time>2026-03-15T12:12:50.678Z</time>
      </trkpt>
      <trkpt lat="46.231664" lon="23.473022">
        <ele>1060.810</ele>
        <time>2026-03-15T12:13:27.679Z</time>
      </trkpt>
      <trkpt lat="46.231648" lon="23.473085">
        <ele>1060.709</ele>
        <time>2026-03-15T12:14:58.678Z</time>
      </trkpt>
      <trkpt lat="46.231674" lon="23.473140">
        <ele>1060.935</ele>
        <time>2026-03-15T12:15:03.678Z</time>
      </trkpt>
      <trkpt lat="46.231693" lon="23.473199">
        <ele>1060.798</ele>
        <time>2026-03-15T12:15:08.679Z</time>
      </trkpt>
      <trkpt lat="46.231707" lon="23.473266">
        <ele>1060.667</ele>
        <time>2026-03-15T12:15:13.678Z</time>
      </trkpt>
      <trkpt lat="46.231741" lon="23.473325">
        <ele>1060.457</ele>
        <time>2026-03-15T12:15:18.678Z</time>
      </trkpt>
      <trkpt lat="46.231745" lon="23.473396">
        <ele>1060.380</ele>
        <time>2026-03-15T12:15:23.678Z</time>
      </trkpt>
      <trkpt lat="46.231753" lon="23.473468">
        <ele>1060.235</ele>
        <time>2026-03-15T12:15:36.679Z</time>
      </trkpt>
      <trkpt lat="46.231764" lon="23.473536">
        <ele>1060.112</ele>
        <time>2026-03-15T12:15:43.679Z</time>
      </trkpt>
      <trkpt lat="46.231779" lon="23.473612">
        <ele>1060.090</ele>
        <time>2026-03-15T12:15:50.679Z</time>
      </trkpt>
      <trkpt lat="46.231813" lon="23.473662">
        <ele>1059.556</ele>
        <time>2026-03-15T12:15:54.679Z</time>
      </trkpt>
      <trkpt lat="46.231820" lon="23.473738">
        <ele>1058.781</ele>
        <time>2026-03-15T12:15:59.678Z</time>
      </trkpt>
      <trkpt lat="46.231833" lon="23.473801">
        <ele>1058.261</ele>
        <time>2026-03-15T12:16:03.678Z</time>
      </trkpt>
      <trkpt lat="46.231855" lon="23.473866">
        <ele>1057.917</ele>
        <time>2026-03-15T12:17:05Z</time>
      </trkpt>
      <trkpt lat="46.231868" lon="23.473931">
        <ele>1057.309</ele>
        <time>2026-03-15T12:17:13.679Z</time>
      </trkpt>
      <trkpt lat="46.231906" lon="23.473978">
        <ele>1057.440</ele>
        <time>2026-03-15T12:17:17.678Z</time>
      </trkpt>
      <trkpt lat="46.231954" lon="23.473992">
        <ele>1057.763</ele>
        <time>2026-03-15T12:19:47.679Z</time>
      </trkpt>
      <trkpt lat="46.231995" lon="23.474026">
        <ele>1056.782</ele>
        <time>2026-03-15T12:19:53.679Z</time>
      </trkpt>
      <trkpt lat="46.232028" lon="23.474082">
        <ele>1055.762</ele>
        <time>2026-03-15T12:20:02.679Z</time>
      </trkpt>
      <trkpt lat="46.232015" lon="23.474148">
        <ele>1055.495</ele>
        <time>2026-03-15T12:20:09.678Z</time>
      </trkpt>
      <trkpt lat="46.232012" lon="23.474224">
        <ele>1054.410</ele>
        <time>2026-03-15T12:20:19.679Z</time>
      </trkpt>
      <trkpt lat="46.232033" lon="23.474283">
        <ele>1053.567</ele>
        <time>2026-03-15T12:20:26.679Z</time>
      </trkpt>
      <trkpt lat="46.232021" lon="23.474355">
        <ele>1052.515</ele>
        <time>2026-03-15T12:20:34.678Z</time>
      </trkpt>
      <trkpt lat="46.232033" lon="23.474420">
        <ele>1051.641</ele>
        <time>2026-03-15T12:20:42.679Z</time>
      </trkpt>
      <trkpt lat="46.232080" lon="23.474434">
        <ele>1051.677</ele>
        <time>2026-03-15T12:20:48.679Z</time>
      </trkpt>
      <trkpt lat="46.232103" lon="23.474495">
        <ele>1050.661</ele>
        <time>2026-03-15T12:21:04.678Z</time>
      </trkpt>
      <trkpt lat="46.232076" lon="23.474551">
        <ele>1049.427</ele>
        <time>2026-03-15T12:21:09.679Z</time>
      </trkpt>
      <trkpt lat="46.232066" lon="23.474624">
        <ele>1047.809</ele>
        <time>2026-03-15T12:21:15.678Z</time>
      </trkpt>
      <trkpt lat="46.232060" lon="23.474701">
        <ele>1046.319</ele>
        <time>2026-03-15T12:21:32.678Z</time>
      </trkpt>
      <trkpt lat="46.232044" lon="23.474774">
        <ele>1044.452</ele>
        <time>2026-03-15T12:21:36.679Z</time>
      </trkpt>
      <trkpt lat="46.232017" lon="23.474827">
        <ele>1042.981</ele>
        <time>2026-03-15T12:21:41.679Z</time>
      </trkpt>
      <trkpt lat="46.231983" lon="23.474870">
        <ele>1041.691</ele>
        <time>2026-03-15T12:21:46.679Z</time>
      </trkpt>
      <trkpt lat="46.231934" lon="23.474873">
        <ele>1040.914</ele>
        <time>2026-03-15T12:21:52.678Z</time>
      </trkpt>
      <trkpt lat="46.231888" lon="23.474892">
        <ele>1039.339</ele>
        <time>2026-03-15T12:21:59.678Z</time>
      </trkpt>
      <trkpt lat="46.231840" lon="23.474894">
        <ele>1038.076</ele>
        <time>2026-03-15T12:22:04.679Z</time>
      </trkpt>
      <trkpt lat="46.231795" lon="23.474855">
        <ele>1037.984</ele>
        <time>2026-03-15T12:22:10.678Z</time>
      </trkpt>
      <trkpt lat="46.231751" lon="23.474805">
        <ele>1038.030</ele>
        <time>2026-03-15T12:22:15.679Z</time>
      </trkpt>
      <trkpt lat="46.231696" lon="23.474787">
        <ele>1037.177</ele>
        <time>2026-03-15T12:22:20.679Z</time>
      </trkpt>
      <trkpt lat="46.231659" lon="23.474732">
        <ele>1037.561</ele>
        <time>2026-03-15T12:22:25.678Z</time>
      </trkpt>
      <trkpt lat="46.231617" lon="23.474682">
        <ele>1037.127</ele>
        <time>2026-03-15T12:22:30.679Z</time>
      </trkpt>
      <trkpt lat="46.231584" lon="23.474636">
        <ele>1036.909</ele>
        <time>2026-03-15T12:22:35.679Z</time>
      </trkpt>
      <trkpt lat="46.231563" lon="23.474574">
        <ele>1037.379</ele>
        <time>2026-03-15T12:22:40.678Z</time>
      </trkpt>
      <trkpt lat="46.231517" lon="23.474547">
        <ele>1036.342</ele>
        <time>2026-03-15T12:22:47.679Z</time>
      </trkpt>
      <trkpt lat="46.231470" lon="23.474528">
        <ele>1035.131</ele>
        <time>2026-03-15T12:22:53.678Z</time>
      </trkpt>
      <trkpt lat="46.231426" lon="23.474494">
        <ele>1034.331</ele>
        <time>2026-03-15T12:23:14.678Z</time>
      </trkpt>
      <trkpt lat="46.231377" lon="23.474473">
        <ele>1033.054</ele>
        <time>2026-03-15T12:23:22.678Z</time>
      </trkpt>
      <trkpt lat="46.231323" lon="23.474497">
        <ele>1030.469</ele>
        <time>2026-03-15T12:23:28.679Z</time>
      </trkpt>
      <trkpt lat="46.231280" lon="23.474526">
        <ele>1028.156</ele>
        <time>2026-03-15T12:23:35.679Z</time>
      </trkpt>
      <trkpt lat="46.231266" lon="23.474592">
        <ele>1026.214</ele>
        <time>2026-03-15T12:23:44.678Z</time>
      </trkpt>
      <trkpt lat="46.231213" lon="23.474573">
        <ele>1024.460</ele>
        <time>2026-03-15T12:23:49.679Z</time>
      </trkpt>
      <trkpt lat="46.231167" lon="23.474551">
        <ele>1023.092</ele>
        <time>2026-03-15T12:23:53.678Z</time>
      </trkpt>
      <trkpt lat="46.231115" lon="23.474541">
        <ele>1021.173</ele>
        <time>2026-03-15T12:24:00.678Z</time>
      </trkpt>
      <trkpt lat="46.231091" lon="23.474609">
        <ele>1018.720</ele>
        <time>2026-03-15T12:24:05.679Z</time>
      </trkpt>
      <trkpt lat="46.231072" lon="23.474704">
        <ele>1016.009</ele>
        <time>2026-03-15T12:24:15.679Z</time>
      </trkpt>
      <trkpt lat="46.231022" lon="23.474714">
        <ele>1014.091</ele>
        <time>2026-03-15T12:24:19.678Z</time>
      </trkpt>
      <trkpt lat="46.230987" lon="23.474671">
        <ele>1013.624</ele>
        <time>2026-03-15T12:24:26.678Z</time>
      </trkpt>
      <trkpt lat="46.230943" lon="23.474645">
        <ele>1012.643</ele>
        <time>2026-03-15T12:24:32.679Z</time>
      </trkpt>
      <trkpt lat="46.230904" lon="23.474610">
        <ele>1012.053</ele>
        <time>2026-03-15T12:24:37.678Z</time>
      </trkpt>
      <trkpt lat="46.230864" lon="23.474569">
        <ele>1011.496</ele>
        <time>2026-03-15T12:24:42.679Z</time>
      </trkpt>
      <trkpt lat="46.230820" lon="23.474523">
        <ele>1010.891</ele>
        <time>2026-03-15T12:24:46.679Z</time>
      </trkpt>
      <trkpt lat="46.230773" lon="23.474471">
        <ele>1010.418</ele>
        <time>2026-03-15T12:24:51.679Z</time>
      </trkpt>
      <trkpt lat="46.230750" lon="23.474410">
        <ele>1011.126</ele>
        <time>2026-03-15T12:24:55.678Z</time>
      </trkpt>
      <trkpt lat="46.230721" lon="23.474350">
        <ele>1011.582</ele>
        <time>2026-03-15T12:24:59.678Z</time>
      </trkpt>
      <trkpt lat="46.230715" lon="23.474283">
        <ele>1012.965</ele>
        <time>2026-03-15T12:25:04.679Z</time>
      </trkpt>
      <trkpt lat="46.230683" lon="23.474229">
        <ele>1013.268</ele>
        <time>2026-03-15T12:25:08.679Z</time>
      </trkpt>
      <trkpt lat="46.230636" lon="23.474236">
        <ele>1011.614</ele>
        <time>2026-03-15T12:25:15.678Z</time>
      </trkpt>
      <trkpt lat="46.230590" lon="23.474211">
        <ele>1010.909</ele>
        <time>2026-03-15T12:25:21.679Z</time>
      </trkpt>
      <trkpt lat="46.230545" lon="23.474179">
        <ele>1010.588</ele>
        <time>2026-03-15T12:25:28.679Z</time>
      </trkpt>
      <trkpt lat="46.230500" lon="23.474153">
        <ele>1010.431</ele>
        <time>2026-03-15T12:25:37.679Z</time>
      </trkpt>
      <trkpt lat="46.230471" lon="23.474102">
        <ele>1011.250</ele>
        <time>2026-03-15T12:25:42.678Z</time>
      </trkpt>
      <trkpt lat="46.230430" lon="23.474071">
        <ele>1011.370</ele>
        <time>2026-03-15T12:25:49.679Z</time>
      </trkpt>
      <trkpt lat="46.230390" lon="23.474107">
        <ele>1009.793</ele>
        <time>2026-03-15T12:26:36.678Z</time>
      </trkpt>
      <trkpt lat="46.230345" lon="23.474106">
        <ele>1008.958</ele>
        <time>2026-03-15T12:31:33.679Z</time>
      </trkpt>
      <trkpt lat="46.230296" lon="23.474075">
        <ele>1008.985</ele>
        <time>2026-03-15T12:31:39.679Z</time>
      </trkpt>
      <trkpt lat="46.230250" lon="23.474044">
        <ele>1009.873</ele>
        <time>2026-03-15T12:31:43.679Z</time>
      </trkpt>
      <trkpt lat="46.230231" lon="23.473978">
        <ele>1012.049</ele>
        <time>2026-03-15T12:31:48.678Z</time>
      </trkpt>
      <trkpt lat="46.230186" lon="23.473937">
        <ele>1013.874</ele>
        <time>2026-03-15T12:31:55.679Z</time>
      </trkpt>
      <trkpt lat="46.230140" lon="23.473925">
        <ele>1014.856</ele>
        <time>2026-03-15T12:32:00.678Z</time>
      </trkpt>
      <trkpt lat="46.230093" lon="23.473900">
        <ele>1016.321</ele>
        <time>2026-03-15T12:32:05.678Z</time>
      </trkpt>
      <trkpt lat="46.230042" lon="23.473903">
        <ele>1016.909</ele>
        <time>2026-03-15T12:32:10.679Z</time>
      </trkpt>
      <trkpt lat="46.230007" lon="23.473944">
        <ele>1015.919</ele>
        <time>2026-03-15T12:32:16.679Z</time>
      </trkpt>
      <trkpt lat="46.229960" lon="23.473959">
        <ele>1016.242</ele>
        <time>2026-03-15T12:32:22.679Z</time>
      </trkpt>
      <trkpt lat="46.229915" lon="23.473960">
        <ele>1017.051</ele>
        <time>2026-03-15T12:32:29.678Z</time>
      </trkpt>
      <trkpt lat="46.229872" lon="23.473940">
        <ele>1018.551</ele>
        <time>2026-03-15T12:32:33.679Z</time>
      </trkpt>
      <trkpt lat="46.229823" lon="23.473980">
        <ele>1017.954</ele>
        <time>2026-03-15T12:32:36.678Z</time>
      </trkpt>
      <trkpt lat="46.229790" lon="23.474046">
        <ele>1016.169</ele>
        <time>2026-03-15T12:32:41.679Z</time>
      </trkpt>
      <trkpt lat="46.229756" lon="23.474092">
        <ele>1015.116</ele>
        <time>2026-03-15T12:32:44.679Z</time>
      </trkpt>
      <trkpt lat="46.229714" lon="23.474123">
        <ele>1014.734</ele>
        <time>2026-03-15T12:32:47.679Z</time>
      </trkpt>
      <trkpt lat="46.229680" lon="23.474176">
        <ele>1013.320</ele>
        <time>2026-03-15T12:32:50.679Z</time>
      </trkpt>
      <trkpt lat="46.229644" lon="23.474230">
        <ele>1012.471</ele>
        <time>2026-03-15T12:32:54.679Z</time>
      </trkpt>
      <trkpt lat="46.229601" lon="23.474273">
        <ele>1011.941</ele>
        <time>2026-03-15T12:32:59.679Z</time>
      </trkpt>
      <trkpt lat="46.229555" lon="23.474308">
        <ele>1011.615</ele>
        <time>2026-03-15T12:33:04.679Z</time>
      </trkpt>
      <trkpt lat="46.229516" lon="23.474355">
        <ele>1011.009</ele>
        <time>2026-03-15T12:33:09.678Z</time>
      </trkpt>
      <trkpt lat="46.229469" lon="23.474378">
        <ele>1011.399</ele>
        <time>2026-03-15T12:33:14.678Z</time>
      </trkpt>
      <trkpt lat="46.229436" lon="23.474426">
        <ele>1010.532</ele>
        <time>2026-03-15T12:33:19.679Z</time>
      </trkpt>
      <trkpt lat="46.229407" lon="23.474483">
        <ele>1009.461</ele>
        <time>2026-03-15T12:33:23.679Z</time>
      </trkpt>
      <trkpt lat="46.229368" lon="23.474518">
        <ele>1008.971</ele>
        <time>2026-03-15T12:33:27.679Z</time>
      </trkpt>
      <trkpt lat="46.229326" lon="23.474564">
        <ele>1008.144</ele>
        <time>2026-03-15T12:33:32.679Z</time>
      </trkpt>
      <trkpt lat="46.229317" lon="23.474629">
        <ele>1007.079</ele>
        <time>2026-03-15T12:34:05.679Z</time>
      </trkpt>
      <trkpt lat="46.229280" lon="23.474687">
        <ele>1006.096</ele>
        <time>2026-03-15T12:35:42.679Z</time>
      </trkpt>
      <trkpt lat="46.229256" lon="23.474746">
        <ele>1005.074</ele>
        <time>2026-03-15T12:35:48.679Z</time>
      </trkpt>
      <trkpt lat="46.229255" lon="23.474818">
        <ele>1004.220</ele>
        <time>2026-03-15T12:35:52.679Z</time>
      </trkpt>
      <trkpt lat="46.229244" lon="23.474895">
        <ele>1003.282</ele>
        <time>2026-03-15T12:35:56.678Z</time>
      </trkpt>
      <trkpt lat="46.229228" lon="23.474959">
        <ele>1002.543</ele>
        <time>2026-03-15T12:36:00.678Z</time>
      </trkpt>
      <trkpt lat="46.229201" lon="23.475024">
        <ele>1001.817</ele>
        <time>2026-03-15T12:36:05.678Z</time>
      </trkpt>
      <trkpt lat="46.229188" lon="23.475093">
        <ele>1001.309</ele>
        <time>2026-03-15T12:36:11.679Z</time>
      </trkpt>
      <trkpt lat="46.229173" lon="23.475155">
        <ele>1000.990</ele>
        <time>2026-03-15T12:36:15.679Z</time>
      </trkpt>
      <trkpt lat="46.229155" lon="23.475227">
        <ele>1000.223</ele>
        <time>2026-03-15T12:36:20.679Z</time>
      </trkpt>
      <trkpt lat="46.229125" lon="23.475295">
        <ele>999.272</ele>
        <time>2026-03-15T12:36:25.678Z</time>
      </trkpt>
      <trkpt lat="46.229089" lon="23.475357">
        <ele>998.382</ele>
        <time>2026-03-15T12:36:30.678Z</time>
      </trkpt>
      <trkpt lat="46.229055" lon="23.475403">
        <ele>997.575</ele>
        <time>2026-03-15T12:36:34.679Z</time>
      </trkpt>
      <trkpt lat="46.229031" lon="23.475465">
        <ele>996.970</ele>
        <time>2026-03-15T12:36:40.678Z</time>
      </trkpt>
      <trkpt lat="46.229007" lon="23.475522">
        <ele>996.257</ele>
        <time>2026-03-15T12:36:45.679Z</time>
      </trkpt>
      <trkpt lat="46.228981" lon="23.475577">
        <ele>995.655</ele>
        <time>2026-03-15T12:36:50.678Z</time>
      </trkpt>
      <trkpt lat="46.228954" lon="23.475643">
        <ele>994.941</ele>
        <time>2026-03-15T12:36:55.678Z</time>
      </trkpt>
      <trkpt lat="46.228924" lon="23.475700">
        <ele>994.166</ele>
        <time>2026-03-15T12:37:00.678Z</time>
      </trkpt>
      <trkpt lat="46.228901" lon="23.475766">
        <ele>993.529</ele>
        <time>2026-03-15T12:37:05.679Z</time>
      </trkpt>
      <trkpt lat="46.228870" lon="23.475814">
        <ele>992.821</ele>
        <time>2026-03-15T12:37:10.679Z</time>
      </trkpt>
      <trkpt lat="46.228844" lon="23.475872">
        <ele>992.309</ele>
        <time>2026-03-15T12:37:15.679Z</time>
      </trkpt>
      <trkpt lat="46.228815" lon="23.475928">
        <ele>991.848</ele>
        <time>2026-03-15T12:37:20.679Z</time>
      </trkpt>
      <trkpt lat="46.228776" lon="23.475980">
        <ele>991.311</ele>
        <time>2026-03-15T12:37:25.678Z</time>
      </trkpt>
      <trkpt lat="46.228742" lon="23.476026">
        <ele>990.930</ele>
        <time>2026-03-15T12:37:29.679Z</time>
      </trkpt>
      <trkpt lat="46.228709" lon="23.476077">
        <ele>990.750</ele>
        <time>2026-03-15T12:37:33.679Z</time>
      </trkpt>
      <trkpt lat="46.228688" lon="23.476148">
        <ele>990.483</ele>
        <time>2026-03-15T12:37:37.679Z</time>
      </trkpt>
      <trkpt lat="46.228679" lon="23.476217">
        <ele>990.018</ele>
        <time>2026-03-15T12:37:41.679Z</time>
      </trkpt>
      <trkpt lat="46.228686" lon="23.476288">
        <ele>989.715</ele>
        <time>2026-03-15T12:37:48.678Z</time>
      </trkpt>
      <trkpt lat="46.228694" lon="23.476352">
        <ele>989.553</ele>
        <time>2026-03-15T12:37:53.679Z</time>
      </trkpt>
      <trkpt lat="46.228706" lon="23.476427">
        <ele>989.039</ele>
        <time>2026-03-15T12:37:59.678Z</time>
      </trkpt>
      <trkpt lat="46.228734" lon="23.476484">
        <ele>988.641</ele>
        <time>2026-03-15T12:38:05.678Z</time>
      </trkpt>
      <trkpt lat="46.228763" lon="23.476546">
        <ele>988.181</ele>
        <time>2026-03-15T12:38:10.678Z</time>
      </trkpt>
      <trkpt lat="46.228771" lon="23.476613">
        <ele>987.509</ele>
        <time>2026-03-15T12:38:14.679Z</time>
      </trkpt>
      <trkpt lat="46.228777" lon="23.476685">
        <ele>986.709</ele>
        <time>2026-03-15T12:38:22.679Z</time>
      </trkpt>
      <trkpt lat="46.228774" lon="23.476753">
        <ele>985.486</ele>
        <time>2026-03-15T12:38:27.679Z</time>
      </trkpt>
      <trkpt lat="46.228804" lon="23.476812">
        <ele>984.449</ele>
        <time>2026-03-15T12:38:33.678Z</time>
      </trkpt>
      <trkpt lat="46.228814" lon="23.476880">
        <ele>983.278</ele>
        <time>2026-03-15T12:38:39.678Z</time>
      </trkpt>
      <trkpt lat="46.228836" lon="23.476948">
        <ele>981.998</ele>
        <time>2026-03-15T12:38:45.679Z</time>
      </trkpt>
      <trkpt lat="46.228882" lon="23.476928">
        <ele>982.361</ele>
        <time>2026-03-15T12:39:00.679Z</time>
      </trkpt>
      <trkpt lat="46.228916" lon="23.476991">
        <ele>981.596</ele>
        <time>2026-03-15T12:39:09.678Z</time>
      </trkpt>
      <trkpt lat="46.228932" lon="23.477057">
        <ele>980.423</ele>
        <time>2026-03-15T12:39:14.678Z</time>
      </trkpt>
      <trkpt lat="46.228964" lon="23.477104">
        <ele>979.971</ele>
        <time>2026-03-15T12:39:21.678Z</time>
      </trkpt>
      <trkpt lat="46.228998" lon="23.477162">
        <ele>979.387</ele>
        <time>2026-03-15T12:39:27.679Z</time>
      </trkpt>
      <trkpt lat="46.229014" lon="23.477235">
        <ele>978.177</ele>
        <time>2026-03-15T12:39:33.679Z</time>
      </trkpt>
      <trkpt lat="46.229028" lon="23.477298">
        <ele>977.161</ele>
        <time>2026-03-15T12:39:38.678Z</time>
      </trkpt>
      <trkpt lat="46.229030" lon="23.477369">
        <ele>975.927</ele>
        <time>2026-03-15T12:39:45.679Z</time>
      </trkpt>
      <trkpt lat="46.229017" lon="23.477442">
        <ele>974.409</ele>
        <time>2026-03-15T12:39:54.678Z</time>
      </trkpt>
      <trkpt lat="46.229021" lon="23.477507">
        <ele>973.349</ele>
        <time>2026-03-15T12:39:59.679Z</time>
      </trkpt>
      <trkpt lat="46.229029" lon="23.477574">
        <ele>972.662</ele>
        <time>2026-03-15T12:40:05.679Z</time>
      </trkpt>
      <trkpt lat="46.229038" lon="23.477646">
        <ele>971.841</ele>
        <time>2026-03-15T12:40:11.679Z</time>
      </trkpt>
      <trkpt lat="46.229048" lon="23.477718">
        <ele>971.051</ele>
        <time>2026-03-15T12:40:15.679Z</time>
      </trkpt>
      <trkpt lat="46.229060" lon="23.477787">
        <ele>970.444</ele>
        <time>2026-03-15T12:40:19.679Z</time>
      </trkpt>
      <trkpt lat="46.229092" lon="23.477841">
        <ele>970.679</ele>
        <time>2026-03-15T12:40:23.679Z</time>
      </trkpt>
      <trkpt lat="46.229103" lon="23.477915">
        <ele>970.596</ele>
        <time>2026-03-15T12:40:28.679Z</time>
      </trkpt>
      <trkpt lat="46.229081" lon="23.477976">
        <ele>969.834</ele>
        <time>2026-03-15T12:40:33.678Z</time>
      </trkpt>
      <trkpt lat="46.229088" lon="23.478045">
        <ele>969.630</ele>
        <time>2026-03-15T12:40:39.679Z</time>
      </trkpt>
      <trkpt lat="46.229071" lon="23.478109">
        <ele>968.893</ele>
        <time>2026-03-15T12:40:44.679Z</time>
      </trkpt>
      <trkpt lat="46.229054" lon="23.478183">
        <ele>967.965</ele>
        <time>2026-03-15T12:40:49.679Z</time>
      </trkpt>
      <trkpt lat="46.229032" lon="23.478250">
        <ele>966.821</ele>
        <time>2026-03-15T12:40:55.679Z</time>
      </trkpt>
      <trkpt lat="46.229019" lon="23.478317">
        <ele>966.009</ele>
        <time>2026-03-15T12:41:00.679Z</time>
      </trkpt>
      <trkpt lat="46.229004" lon="23.478381">
        <ele>965.161</ele>
        <time>2026-03-15T12:41:05.679Z</time>
      </trkpt>
      <trkpt lat="46.228991" lon="23.478445">
        <ele>964.354</ele>
        <time>2026-03-15T12:41:09.679Z</time>
      </trkpt>
      <trkpt lat="46.228983" lon="23.478518">
        <ele>963.543</ele>
        <time>2026-03-15T12:41:14.679Z</time>
      </trkpt>
      <trkpt lat="46.228960" lon="23.478579">
        <ele>962.523</ele>
        <time>2026-03-15T12:41:19.679Z</time>
      </trkpt>
      <trkpt lat="46.228951" lon="23.478660">
        <ele>961.716</ele>
        <time>2026-03-15T12:41:23.678Z</time>
      </trkpt>
      <trkpt lat="46.228930" lon="23.478723">
        <ele>960.991</ele>
        <time>2026-03-15T12:41:27.678Z</time>
      </trkpt>
      <trkpt lat="46.228910" lon="23.478784">
        <ele>960.178</ele>
        <time>2026-03-15T12:41:32.679Z</time>
      </trkpt>
      <trkpt lat="46.228906" lon="23.478852">
        <ele>959.526</ele>
        <time>2026-03-15T12:41:37.679Z</time>
      </trkpt>
      <trkpt lat="46.228903" lon="23.478926">
        <ele>958.752</ele>
        <time>2026-03-15T12:41:43.677Z</time>
      </trkpt>
      <trkpt lat="46.228898" lon="23.479007">
        <ele>957.454</ele>
        <time>2026-03-15T12:41:48.678Z</time>
      </trkpt>
      <trkpt lat="46.228896" lon="23.479080">
        <ele>956.456</ele>
        <time>2026-03-15T12:41:53.678Z</time>
      </trkpt>
      <trkpt lat="46.228890" lon="23.479164">
        <ele>955.111</ele>
        <time>2026-03-15T12:41:58.678Z</time>
      </trkpt>
      <trkpt lat="46.228891" lon="23.479229">
        <ele>954.409</ele>
        <time>2026-03-15T12:42:01.678Z</time>
      </trkpt>
      <trkpt lat="46.228909" lon="23.479299">
        <ele>953.997</ele>
        <time>2026-03-15T12:42:05.677Z</time>
      </trkpt>
      <trkpt lat="46.228917" lon="23.479385">
        <ele>953.120</ele>
        <time>2026-03-15T12:42:11.678Z</time>
      </trkpt>
      <trkpt lat="46.228907" lon="23.479459">
        <ele>952.499</ele>
        <time>2026-03-15T12:42:16.678Z</time>
      </trkpt>
      <trkpt lat="46.228907" lon="23.479540">
        <ele>952.699</ele>
        <time>2026-03-15T12:42:21.677Z</time>
      </trkpt>
      <trkpt lat="46.228910" lon="23.479607">
        <ele>952.912</ele>
        <time>2026-03-15T12:42:26.677Z</time>
      </trkpt>
      <trkpt lat="46.228912" lon="23.479674">
        <ele>953.287</ele>
        <time>2026-03-15T12:42:30.677Z</time>
      </trkpt>
      <trkpt lat="46.228907" lon="23.479743">
        <ele>953.334</ele>
        <time>2026-03-15T12:42:34.677Z</time>
      </trkpt>
      <trkpt lat="46.228906" lon="23.479812">
        <ele>953.612</ele>
        <time>2026-03-15T12:42:38.678Z</time>
      </trkpt>
      <trkpt lat="46.228899" lon="23.479884">
        <ele>953.738</ele>
        <time>2026-03-15T12:42:42.678Z</time>
      </trkpt>
      <trkpt lat="46.228896" lon="23.479957">
        <ele>953.971</ele>
        <time>2026-03-15T12:42:47.677Z</time>
      </trkpt>
      <trkpt lat="46.228876" lon="23.480017">
        <ele>953.741</ele>
        <time>2026-03-15T12:42:52.678Z</time>
      </trkpt>
      <trkpt lat="46.228859" lon="23.480091">
        <ele>953.615</ele>
        <time>2026-03-15T12:42:57.677Z</time>
      </trkpt>
      <trkpt lat="46.228850" lon="23.480158">
        <ele>953.609</ele>
        <time>2026-03-15T12:43:02.678Z</time>
      </trkpt>
      <trkpt lat="46.228830" lon="23.480229">
        <ele>953.369</ele>
        <time>2026-03-15T12:43:08.678Z</time>
      </trkpt>
      <trkpt lat="46.228827" lon="23.480297">
        <ele>953.492</ele>
        <time>2026-03-15T12:43:13.677Z</time>
      </trkpt>
      <trkpt lat="46.228817" lon="23.480374">
        <ele>952.851</ele>
        <time>2026-03-15T12:43:18.678Z</time>
      </trkpt>
      <trkpt lat="46.228816" lon="23.480449">
        <ele>952.551</ele>
        <time>2026-03-15T12:43:23.678Z</time>
      </trkpt>
      <trkpt lat="46.228828" lon="23.480523">
        <ele>952.654</ele>
        <time>2026-03-15T12:43:27.677Z</time>
      </trkpt>
      <trkpt lat="46.228832" lon="23.480589">
        <ele>952.139</ele>
        <time>2026-03-15T12:43:31.678Z</time>
      </trkpt>
      <trkpt lat="46.228838" lon="23.480664">
        <ele>951.286</ele>
        <time>2026-03-15T12:43:36.677Z</time>
      </trkpt>
      <trkpt lat="46.228844" lon="23.480741">
        <ele>950.354</ele>
        <time>2026-03-15T12:43:41.678Z</time>
      </trkpt>
      <trkpt lat="46.228861" lon="23.480815">
        <ele>949.790</ele>
        <time>2026-03-15T12:43:46.677Z</time>
      </trkpt>
      <trkpt lat="46.228867" lon="23.480881">
        <ele>948.821</ele>
        <time>2026-03-15T12:43:50.678Z</time>
      </trkpt>
      <trkpt lat="46.228883" lon="23.480951">
        <ele>948.241</ele>
        <time>2026-03-15T12:43:55.677Z</time>
      </trkpt>
      <trkpt lat="46.228907" lon="23.481007">
        <ele>947.705</ele>
        <time>2026-03-15T12:44:00.677Z</time>
      </trkpt>
      <trkpt lat="46.228926" lon="23.481068">
        <ele>947.009</ele>
        <time>2026-03-15T12:44:04.677Z</time>
      </trkpt>
      <trkpt lat="46.228948" lon="23.481126">
        <ele>946.564</ele>
        <time>2026-03-15T12:44:08.678Z</time>
      </trkpt>
      <trkpt lat="46.228975" lon="23.481193">
        <ele>946.037</ele>
        <time>2026-03-15T12:44:13.677Z</time>
      </trkpt>
      <trkpt lat="46.229000" lon="23.481254">
        <ele>945.796</ele>
        <time>2026-03-15T12:44:17.678Z</time>
      </trkpt>
      <trkpt lat="46.229026" lon="23.481312">
        <ele>945.356</ele>
        <time>2026-03-15T12:44:21.678Z</time>
      </trkpt>
      <trkpt lat="46.229048" lon="23.481377">
        <ele>944.819</ele>
        <time>2026-03-15T12:44:25.678Z</time>
      </trkpt>
      <trkpt lat="46.229076" lon="23.481430">
        <ele>944.724</ele>
        <time>2026-03-15T12:44:29.677Z</time>
      </trkpt>
      <trkpt lat="46.229111" lon="23.481483">
        <ele>944.981</ele>
        <time>2026-03-15T12:44:34.677Z</time>
      </trkpt>
      <trkpt lat="46.229139" lon="23.481543">
        <ele>945.099</ele>
        <time>2026-03-15T12:44:38.677Z</time>
      </trkpt>
      <trkpt lat="46.229157" lon="23.481604">
        <ele>945.085</ele>
        <time>2026-03-15T12:44:42.678Z</time>
      </trkpt>
      <trkpt lat="46.229188" lon="23.481656">
        <ele>945.047</ele>
        <time>2026-03-15T12:44:47.677Z</time>
      </trkpt>
      <trkpt lat="46.229211" lon="23.481717">
        <ele>944.729</ele>
        <time>2026-03-15T12:44:52.677Z</time>
      </trkpt>
      <trkpt lat="46.229239" lon="23.481777">
        <ele>944.321</ele>
        <time>2026-03-15T12:44:57.678Z</time>
      </trkpt>
      <trkpt lat="46.229265" lon="23.481837">
        <ele>944.009</ele>
        <time>2026-03-15T12:45:03.677Z</time>
      </trkpt>
      <trkpt lat="46.229286" lon="23.481901">
        <ele>943.786</ele>
        <time>2026-03-15T12:45:08.677Z</time>
      </trkpt>
      <trkpt lat="46.229315" lon="23.481958">
        <ele>943.459</ele>
        <time>2026-03-15T12:45:13.678Z</time>
      </trkpt>
      <trkpt lat="46.229352" lon="23.482004">
        <ele>943.298</ele>
        <time>2026-03-15T12:45:19.678Z</time>
      </trkpt>
      <trkpt lat="46.229385" lon="23.482063">
        <ele>942.788</ele>
        <time>2026-03-15T12:45:24.678Z</time>
      </trkpt>
      <trkpt lat="46.229414" lon="23.482116">
        <ele>942.251</ele>
        <time>2026-03-15T12:45:29.678Z</time>
      </trkpt>
      <trkpt lat="46.229446" lon="23.482178">
        <ele>941.556</ele>
        <time>2026-03-15T12:45:34.677Z</time>
      </trkpt>
      <trkpt lat="46.229465" lon="23.482258">
        <ele>940.933</ele>
        <time>2026-03-15T12:45:39.677Z</time>
      </trkpt>
      <trkpt lat="46.229486" lon="23.482332">
        <ele>940.951</ele>
        <time>2026-03-15T12:45:43.677Z</time>
      </trkpt>
      <trkpt lat="46.229479" lon="23.482402">
        <ele>940.997</ele>
        <time>2026-03-15T12:45:48.678Z</time>
      </trkpt>
      <trkpt lat="46.229503" lon="23.482466">
        <ele>940.897</ele>
        <time>2026-03-15T12:45:54.678Z</time>
      </trkpt>
      <trkpt lat="46.229450" lon="23.482484">
        <ele>941.023</ele>
        <time>2026-03-15T12:46:37.677Z</time>
      </trkpt>
      <trkpt lat="46.229407" lon="23.482507">
        <ele>941.025</ele>
        <time>2026-03-15T12:46:41.678Z</time>
      </trkpt>
      <trkpt lat="46.229362" lon="23.482521">
        <ele>941.109</ele>
        <time>2026-03-15T12:46:45.678Z</time>
      </trkpt>
      <trkpt lat="46.229311" lon="23.482518">
        <ele>941.041</ele>
        <time>2026-03-15T12:46:50.677Z</time>
      </trkpt>
      <trkpt lat="46.229260" lon="23.482518">
        <ele>941.024</ele>
        <time>2026-03-15T12:46:54.677Z</time>
      </trkpt>
      <trkpt lat="46.229219" lon="23.482487">
        <ele>941.033</ele>
        <time>2026-03-15T12:46:58.677Z</time>
      </trkpt>
      <trkpt lat="46.229177" lon="23.482462">
        <ele>941.123</ele>
        <time>2026-03-15T12:47:02.678Z</time>
      </trkpt>
      <trkpt lat="46.229143" lon="23.482506">
        <ele>940.736</ele>
        <time>2026-03-15T12:47:07.678Z</time>
      </trkpt>
      <trkpt lat="46.229124" lon="23.482567">
        <ele>940.561</ele>
        <time>2026-03-15T12:47:13.677Z</time>
      </trkpt>
      <trkpt lat="46.229087" lon="23.482625">
        <ele>940.148</ele>
        <time>2026-03-15T12:47:19.677Z</time>
      </trkpt>
      <trkpt lat="46.229053" lon="23.482670">
        <ele>939.826</ele>
        <time>2026-03-15T12:47:24.678Z</time>
      </trkpt>
      <trkpt lat="46.229036" lon="23.482746">
        <ele>939.662</ele>
        <time>2026-03-15T12:47:31.677Z</time>
      </trkpt>
      <trkpt lat="46.229006" lon="23.482801">
        <ele>939.455</ele>
        <time>2026-03-15T12:47:35.677Z</time>
      </trkpt>
      <trkpt lat="46.228965" lon="23.482848">
        <ele>939.307</ele>
        <time>2026-03-15T12:47:41.678Z</time>
      </trkpt>
      <trkpt lat="46.228940" lon="23.482912">
        <ele>939.417</ele>
        <time>2026-03-15T12:47:54.677Z</time>
      </trkpt>
      <trkpt lat="46.228895" lon="23.482958">
        <ele>939.309</ele>
        <time>2026-03-15T12:47:59.677Z</time>
      </trkpt>
      <trkpt lat="46.228861" lon="23.483012">
        <ele>939.237</ele>
        <time>2026-03-15T12:48:04.678Z</time>
      </trkpt>
      <trkpt lat="46.228826" lon="23.483063">
        <ele>938.920</ele>
        <time>2026-03-15T12:48:09.677Z</time>
      </trkpt>
      <trkpt lat="46.228809" lon="23.483130">
        <ele>938.869</ele>
        <time>2026-03-15T12:48:14.678Z</time>
      </trkpt>
      <trkpt lat="46.228772" lon="23.483181">
        <ele>938.229</ele>
        <time>2026-03-15T12:48:19.678Z</time>
      </trkpt>
      <trkpt lat="46.228740" lon="23.483244">
        <ele>937.672</ele>
        <time>2026-03-15T12:48:25.678Z</time>
      </trkpt>
      <trkpt lat="46.228718" lon="23.483302">
        <ele>937.387</ele>
        <time>2026-03-15T12:48:30.677Z</time>
      </trkpt>
      <trkpt lat="46.228694" lon="23.483373">
        <ele>937.064</ele>
        <time>2026-03-15T12:48:36.678Z</time>
      </trkpt>
      <trkpt lat="46.228665" lon="23.483427">
        <ele>936.812</ele>
        <time>2026-03-15T12:48:41.678Z</time>
      </trkpt>
      <trkpt lat="46.228632" lon="23.483480">
        <ele>936.548</ele>
        <time>2026-03-15T12:48:46.677Z</time>
      </trkpt>
      <trkpt lat="46.228617" lon="23.483553">
        <ele>936.792</ele>
        <time>2026-03-15T12:48:52.678Z</time>
      </trkpt>
      <trkpt lat="46.228577" lon="23.483590">
        <ele>935.773</ele>
        <time>2026-03-15T12:48:57.677Z</time>
      </trkpt>
      <trkpt lat="46.228532" lon="23.483625">
        <ele>934.620</ele>
        <time>2026-03-15T12:49:04.677Z</time>
      </trkpt>
      <trkpt lat="46.228490" lon="23.483666">
        <ele>933.609</ele>
        <time>2026-03-15T12:49:09.677Z</time>
      </trkpt>
      <trkpt lat="46.228457" lon="23.483719">
        <ele>933.061</ele>
        <time>2026-03-15T12:49:14.677Z</time>
      </trkpt>
      <trkpt lat="46.228411" lon="23.483739">
        <ele>931.834</ele>
        <time>2026-03-15T12:49:22.678Z</time>
      </trkpt>
      <trkpt lat="46.228354" lon="23.483756">
        <ele>930.213</ele>
        <time>2026-03-15T12:49:28.678Z</time>
      </trkpt>
      <trkpt lat="46.228321" lon="23.483820">
        <ele>929.783</ele>
        <time>2026-03-15T12:49:33.677Z</time>
      </trkpt>
      <trkpt lat="46.228292" lon="23.483876">
        <ele>928.936</ele>
        <time>2026-03-15T12:49:38.678Z</time>
      </trkpt>
      <trkpt lat="46.228266" lon="23.483946">
        <ele>928.671</ele>
        <time>2026-03-15T12:49:43.677Z</time>
      </trkpt>
      <trkpt lat="46.228227" lon="23.483998">
        <ele>927.588</ele>
        <time>2026-03-15T12:49:48.677Z</time>
      </trkpt>
      <trkpt lat="46.228196" lon="23.484057">
        <ele>927.036</ele>
        <time>2026-03-15T12:49:53.677Z</time>
      </trkpt>
      <trkpt lat="46.228157" lon="23.484106">
        <ele>926.122</ele>
        <time>2026-03-15T12:49:58.677Z</time>
      </trkpt>
      <trkpt lat="46.228127" lon="23.484160">
        <ele>925.796</ele>
        <time>2026-03-15T12:50:03.678Z</time>
      </trkpt>
      <trkpt lat="46.228105" lon="23.484226">
        <ele>925.731</ele>
        <time>2026-03-15T12:50:07.677Z</time>
      </trkpt>
      <trkpt lat="46.228088" lon="23.484288">
        <ele>925.824</ele>
        <time>2026-03-15T12:50:11.677Z</time>
      </trkpt>
      <trkpt lat="46.228066" lon="23.484346">
        <ele>925.909</ele>
        <time>2026-03-15T12:50:15.677Z</time>
      </trkpt>
      <trkpt lat="46.228050" lon="23.484412">
        <ele>926.321</ele>
        <time>2026-03-15T12:50:19.678Z</time>
      </trkpt>
      <trkpt lat="46.228070" lon="23.484473">
        <ele>927.534</ele>
        <time>2026-03-15T12:50:31.677Z</time>
      </trkpt>
      <trkpt lat="46.228027" lon="23.484499">
        <ele>926.263</ele>
        <time>2026-03-15T12:50:52.677Z</time>
      </trkpt>
      <trkpt lat="46.227996" lon="23.484546">
        <ele>925.283</ele>
        <time>2026-03-15T12:50:56.677Z</time>
      </trkpt>
      <trkpt lat="46.227969" lon="23.484600">
        <ele>924.466</ele>
        <time>2026-03-15T12:51:01.678Z</time>
      </trkpt>
      <trkpt lat="46.227947" lon="23.484666">
        <ele>923.921</ele>
        <time>2026-03-15T12:51:07.678Z</time>
      </trkpt>
      <trkpt lat="46.227941" lon="23.484733">
        <ele>923.818</ele>
        <time>2026-03-15T12:51:11.678Z</time>
      </trkpt>
      <trkpt lat="46.227917" lon="23.484800">
        <ele>922.586</ele>
        <time>2026-03-15T12:51:16.678Z</time>
      </trkpt>
      <trkpt lat="46.227891" lon="23.484867">
        <ele>921.092</ele>
        <time>2026-03-15T12:51:22.678Z</time>
      </trkpt>
      <trkpt lat="46.227857" lon="23.484917">
        <ele>919.524</ele>
        <time>2026-03-15T12:51:27.677Z</time>
      </trkpt>
      <trkpt lat="46.227826" lon="23.484966">
        <ele>918.004</ele>
        <time>2026-03-15T12:51:33.678Z</time>
      </trkpt>
      <trkpt lat="46.227795" lon="23.485022">
        <ele>916.214</ele>
        <time>2026-03-15T12:51:39.678Z</time>
      </trkpt>
      <trkpt lat="46.227770" lon="23.485087">
        <ele>914.109</ele>
        <time>2026-03-15T12:51:50.677Z</time>
      </trkpt>
      <trkpt lat="46.227736" lon="23.485134">
        <ele>911.744</ele>
        <time>2026-03-15T12:51:57.677Z</time>
      </trkpt>
      <trkpt lat="46.227700" lon="23.485178">
        <ele>909.517</ele>
        <time>2026-03-15T12:52:04.677Z</time>
      </trkpt>
      <trkpt lat="46.227657" lon="23.485207">
        <ele>907.456</ele>
        <time>2026-03-15T12:52:09.678Z</time>
      </trkpt>
      <trkpt lat="46.227615" lon="23.485246">
        <ele>905.446</ele>
        <time>2026-03-15T12:52:14.678Z</time>
      </trkpt>
      <trkpt lat="46.227578" lon="23.485295">
        <ele>903.679</ele>
        <time>2026-03-15T12:52:20.678Z</time>
      </trkpt>
      <trkpt lat="46.227551" lon="23.485355">
        <ele>901.844</ele>
        <time>2026-03-15T12:52:28.678Z</time>
      </trkpt>
      <trkpt lat="46.227517" lon="23.485404">
        <ele>900.291</ele>
        <time>2026-03-15T12:52:35.678Z</time>
      </trkpt>
      <trkpt lat="46.227480" lon="23.485465">
        <ele>898.459</ele>
        <time>2026-03-15T12:52:40.677Z</time>
      </trkpt>
      <trkpt lat="46.227453" lon="23.485529">
        <ele>897.235</ele>
        <time>2026-03-15T12:52:45.678Z</time>
      </trkpt>
      <trkpt lat="46.227434" lon="23.485601">
        <ele>896.267</ele>
        <time>2026-03-15T12:52:52.678Z</time>
      </trkpt>
      <trkpt lat="46.227438" lon="23.485667">
        <ele>895.681</ele>
        <time>2026-03-15T12:52:58.678Z</time>
      </trkpt>
      <trkpt lat="46.227437" lon="23.485741">
        <ele>894.919</ele>
        <time>2026-03-15T12:53:03.677Z</time>
      </trkpt>
      <trkpt lat="46.227424" lon="23.485806">
        <ele>894.109</ele>
        <time>2026-03-15T12:55:01Z</time>
      </trkpt>
      <trkpt lat="46.227378" lon="23.485848">
        <ele>893.148</ele>
        <time>2026-03-15T12:55:05.677Z</time>
      </trkpt>
      <trkpt lat="46.227333" lon="23.485841">
        <ele>892.531</ele>
        <time>2026-03-15T12:55:09.678Z</time>
      </trkpt>
      <trkpt lat="46.227281" lon="23.485848">
        <ele>891.730</ele>
        <time>2026-03-15T12:55:14.677Z</time>
      </trkpt>
      <trkpt lat="46.227242" lon="23.485898">
        <ele>890.610</ele>
        <time>2026-03-15T12:55:19.678Z</time>
      </trkpt>
      <trkpt lat="46.227206" lon="23.485950">
        <ele>889.353</ele>
        <time>2026-03-15T12:55:24.677Z</time>
      </trkpt>
      <trkpt lat="46.227179" lon="23.486017">
        <ele>887.848</ele>
        <time>2026-03-15T12:55:29.678Z</time>
      </trkpt>
      <trkpt lat="46.227149" lon="23.486077">
        <ele>886.315</ele>
        <time>2026-03-15T12:55:33.678Z</time>
      </trkpt>
      <trkpt lat="46.227127" lon="23.486151">
        <ele>884.743</ele>
        <time>2026-03-15T12:55:38.678Z</time>
      </trkpt>
      <trkpt lat="46.227101" lon="23.486214">
        <ele>883.039</ele>
        <time>2026-03-15T12:55:43.678Z</time>
      </trkpt>
      <trkpt lat="46.227073" lon="23.486280">
        <ele>881.311</ele>
        <time>2026-03-15T12:55:48.678Z</time>
      </trkpt>
      <trkpt lat="46.227042" lon="23.486342">
        <ele>879.521</ele>
        <time>2026-03-15T12:55:52.678Z</time>
      </trkpt>
      <trkpt lat="46.227016" lon="23.486413">
        <ele>877.903</ele>
        <time>2026-03-15T12:55:56.678Z</time>
      </trkpt>
      <trkpt lat="46.226997" lon="23.486478">
        <ele>877.209</ele>
        <time>2026-03-15T12:56:00.678Z</time>
      </trkpt>
      <trkpt lat="46.226953" lon="23.486519">
        <ele>876.293</ele>
        <time>2026-03-15T12:56:05.677Z</time>
      </trkpt>
      <trkpt lat="46.226917" lon="23.486560">
        <ele>875.336</ele>
        <time>2026-03-15T12:56:10.678Z</time>
      </trkpt>
      <trkpt lat="46.226874" lon="23.486590">
        <ele>874.215</ele>
        <time>2026-03-15T12:56:16.678Z</time>
      </trkpt>
      <trkpt lat="46.226825" lon="23.486581">
        <ele>872.945</ele>
        <time>2026-03-15T12:56:21.677Z</time>
      </trkpt>
      <trkpt lat="46.226819" lon="23.486651">
        <ele>872.818</ele>
        <time>2026-03-15T12:56:37.678Z</time>
      </trkpt>
      <trkpt lat="46.226796" lon="23.486711">
        <ele>871.863</ele>
        <time>2026-03-15T12:56:43.678Z</time>
      </trkpt>
      <trkpt lat="46.226747" lon="23.486708">
        <ele>870.780</ele>
        <time>2026-03-15T12:56:53.678Z</time>
      </trkpt>
      <trkpt lat="46.226798" lon="23.486718">
        <ele>871.888</ele>
        <time>2026-03-15T12:57:18.678Z</time>
      </trkpt>
      <trkpt lat="46.226741" lon="23.486724">
        <ele>870.434</ele>
        <time>2026-03-15T13:09:44.677Z</time>
      </trkpt>
      <trkpt lat="46.226691" lon="23.486724">
        <ele>869.344</ele>
        <time>2026-03-15T13:09:48.677Z</time>
      </trkpt>
      <trkpt lat="46.226635" lon="23.486701">
        <ele>868.005</ele>
        <time>2026-03-15T13:09:53.677Z</time>
      </trkpt>
      <trkpt lat="46.226588" lon="23.486725">
        <ele>866.715</ele>
        <time>2026-03-15T13:09:57.677Z</time>
      </trkpt>
      <trkpt lat="46.226548" lon="23.486770">
        <ele>865.709</ele>
        <time>2026-03-15T13:10:02.677Z</time>
      </trkpt>
      <trkpt lat="46.226582" lon="23.486847">
        <ele>866.586</ele>
        <time>2026-03-15T13:10:08.677Z</time>
      </trkpt>
      <trkpt lat="46.226548" lon="23.486903">
        <ele>865.849</ele>
        <time>2026-03-15T13:10:15.676Z</time>
      </trkpt>
      <trkpt lat="46.226514" lon="23.486949">
        <ele>865.258</ele>
        <time>2026-03-15T13:10:21.676Z</time>
      </trkpt>
      <trkpt lat="46.226478" lon="23.487007">
        <ele>863.918</ele>
        <time>2026-03-15T13:10:28.677Z</time>
      </trkpt>
      <trkpt lat="46.226460" lon="23.487068">
        <ele>862.861</ele>
        <time>2026-03-15T13:10:34.676Z</time>
      </trkpt>
      <trkpt lat="46.226462" lon="23.487140">
        <ele>862.046</ele>
        <time>2026-03-15T13:10:39.677Z</time>
      </trkpt>
      <trkpt lat="46.226412" lon="23.487131">
        <ele>861.393</ele>
        <time>2026-03-15T13:10:44.676Z</time>
      </trkpt>
      <trkpt lat="46.226382" lon="23.487191">
        <ele>860.271</ele>
        <time>2026-03-15T13:10:50.677Z</time>
      </trkpt>
      <trkpt lat="46.226341" lon="23.487221">
        <ele>858.867</ele>
        <time>2026-03-15T13:10:55.677Z</time>
      </trkpt>
      <trkpt lat="46.226311" lon="23.487275">
        <ele>857.748</ele>
        <time>2026-03-15T13:11:00.676Z</time>
      </trkpt>
      <trkpt lat="46.226274" lon="23.487325">
        <ele>856.561</ele>
        <time>2026-03-15T13:11:06.677Z</time>
      </trkpt>
      <trkpt lat="46.226244" lon="23.487379">
        <ele>855.517</ele>
        <time>2026-03-15T13:11:11.677Z</time>
      </trkpt>
      <trkpt lat="46.226213" lon="23.487432">
        <ele>854.509</ele>
        <time>2026-03-15T13:11:16.677Z</time>
      </trkpt>
      <trkpt lat="46.226199" lon="23.487505">
        <ele>853.846</ele>
        <time>2026-03-15T13:11:22.677Z</time>
      </trkpt>
      <trkpt lat="46.226162" lon="23.487547">
        <ele>852.329</ele>
        <time>2026-03-15T13:11:32.677Z</time>
      </trkpt>
      <trkpt lat="46.226124" lon="23.487493">
        <ele>852.348</ele>
        <time>2026-03-15T13:11:51Z</time>
      </trkpt>
      <trkpt lat="46.226069" lon="23.487490">
        <ele>850.738</ele>
        <time>2026-03-15T13:11:55.676Z</time>
      </trkpt>
      <trkpt lat="46.226017" lon="23.487480">
        <ele>849.031</ele>
        <time>2026-03-15T13:12:00.676Z</time>
      </trkpt>
      <trkpt lat="46.225971" lon="23.487499">
        <ele>847.576</ele>
        <time>2026-03-15T13:12:13.677Z</time>
      </trkpt>
      <trkpt lat="46.225925" lon="23.487492">
        <ele>846.063</ele>
        <time>2026-03-15T13:12:18.677Z</time>
      </trkpt>
      <trkpt lat="46.225883" lon="23.487528">
        <ele>844.461</ele>
        <time>2026-03-15T13:12:25.676Z</time>
      </trkpt>
      <trkpt lat="46.225847" lon="23.487580">
        <ele>842.837</ele>
        <time>2026-03-15T13:12:32.677Z</time>
      </trkpt>
      <trkpt lat="46.225835" lon="23.487645">
        <ele>842.023</ele>
        <time>2026-03-15T13:12:37.677Z</time>
      </trkpt>
      <trkpt lat="46.225810" lon="23.487711">
        <ele>840.683</ele>
        <time>2026-03-15T13:12:40.676Z</time>
      </trkpt>
      <trkpt lat="46.225798" lon="23.487780">
        <ele>839.711</ele>
        <time>2026-03-15T13:12:45.676Z</time>
      </trkpt>
      <trkpt lat="46.225774" lon="23.487846">
        <ele>838.309</ele>
        <time>2026-03-15T13:12:50.676Z</time>
      </trkpt>
      <trkpt lat="46.225747" lon="23.487908">
        <ele>836.994</ele>
        <time>2026-03-15T13:12:54.677Z</time>
      </trkpt>
      <trkpt lat="46.225724" lon="23.487977">
        <ele>835.877</ele>
        <time>2026-03-15T13:12:59.676Z</time>
      </trkpt>
      <trkpt lat="46.225725" lon="23.488055">
        <ele>835.346</ele>
        <time>2026-03-15T13:13:05.677Z</time>
      </trkpt>
      <trkpt lat="46.225749" lon="23.488117">
        <ele>835.746</ele>
        <time>2026-03-15T13:13:10.676Z</time>
      </trkpt>
      <trkpt lat="46.225791" lon="23.488172">
        <ele>836.619</ele>
        <time>2026-03-15T13:13:15.677Z</time>
      </trkpt>
      <trkpt lat="46.225828" lon="23.488214">
        <ele>837.344</ele>
        <time>2026-03-15T13:13:19.676Z</time>
      </trkpt>
      <trkpt lat="46.225869" lon="23.488245">
        <ele>837.871</ele>
        <time>2026-03-15T13:13:23.676Z</time>
      </trkpt>
      <trkpt lat="46.225924" lon="23.488262">
        <ele>838.529</ele>
        <time>2026-03-15T13:13:28.677Z</time>
      </trkpt>
      <trkpt lat="46.225975" lon="23.488272">
        <ele>839.145</ele>
        <time>2026-03-15T13:13:33.677Z</time>
      </trkpt>
      <trkpt lat="46.226021" lon="23.488271">
        <ele>839.732</ele>
        <time>2026-03-15T13:13:38.677Z</time>
      </trkpt>
      <trkpt lat="46.226033" lon="23.488337">
        <ele>839.192</ele>
        <time>2026-03-15T13:14:00.677Z</time>
      </trkpt>
      <trkpt lat="46.226043" lon="23.488403">
        <ele>837.911</ele>
        <time>2026-03-15T13:14:06.677Z</time>
      </trkpt>
      <trkpt lat="46.226014" lon="23.488455">
        <ele>836.609</ele>
        <time>2026-03-15T13:14:13.677Z</time>
      </trkpt>
      <trkpt lat="46.225975" lon="23.488503">
        <ele>835.515</ele>
        <time>2026-03-15T13:14:17.677Z</time>
      </trkpt>
      <trkpt lat="46.225995" lon="23.488564">
        <ele>834.588</ele>
        <time>2026-03-15T13:14:30.677Z</time>
      </trkpt>
      <trkpt lat="46.225998" lon="23.488632">
        <ele>833.187</ele>
        <time>2026-03-15T13:14:34.677Z</time>
      </trkpt>
      <trkpt lat="46.225971" lon="23.488698">
        <ele>831.347</ele>
        <time>2026-03-15T13:14:39.676Z</time>
      </trkpt>
      <trkpt lat="46.225951" lon="23.488761">
        <ele>829.710</ele>
        <time>2026-03-15T13:14:43.676Z</time>
      </trkpt>
      <trkpt lat="46.225931" lon="23.488819">
        <ele>828.385</ele>
        <time>2026-03-15T13:14:47.677Z</time>
      </trkpt>
      <trkpt lat="46.225904" lon="23.488888">
        <ele>826.812</ele>
        <time>2026-03-15T13:14:53.677Z</time>
      </trkpt>
      <trkpt lat="46.225863" lon="23.488935">
        <ele>825.680</ele>
        <time>2026-03-15T13:15:25.677Z</time>
      </trkpt>
      <trkpt lat="46.225873" lon="23.489001">
        <ele>823.646</ele>
        <time>2026-03-15T13:15:28.676Z</time>
      </trkpt>
      <trkpt lat="46.225874" lon="23.489080">
        <ele>821.422</ele>
        <time>2026-03-15T13:15:34.676Z</time>
      </trkpt>
      <trkpt lat="46.225849" lon="23.489149">
        <ele>819.562</ele>
        <time>2026-03-15T13:15:39.677Z</time>
      </trkpt>
      <trkpt lat="46.225816" lon="23.489207">
        <ele>817.608</ele>
        <time>2026-03-15T13:15:44.677Z</time>
      </trkpt>
      <trkpt lat="46.225780" lon="23.489248">
        <ele>815.909</ele>
        <time>2026-03-15T13:15:49Z</time>
      </trkpt>
      <trkpt lat="46.225733" lon="23.489293">
        <ele>813.954</ele>
        <time>2026-03-15T13:15:53.676Z</time>
      </trkpt>
      <trkpt lat="46.225687" lon="23.489342">
        <ele>811.867</ele>
        <time>2026-03-15T13:15:57.677Z</time>
      </trkpt>
      <trkpt lat="46.225654" lon="23.489397">
        <ele>809.856</ele>
        <time>2026-03-15T13:16:00.676Z</time>
      </trkpt>
      <trkpt lat="46.225622" lon="23.489453">
        <ele>807.826</ele>
        <time>2026-03-15T13:16:04.677Z</time>
      </trkpt>
      <trkpt lat="46.225599" lon="23.489527">
        <ele>805.919</ele>
        <time>2026-03-15T13:16:09Z</time>
      </trkpt>
      <trkpt lat="46.225592" lon="23.489592">
        <ele>804.494</ele>
        <time>2026-03-15T13:16:14.677Z</time>
      </trkpt>
      <trkpt lat="46.225580" lon="23.489659">
        <ele>802.851</ele>
        <time>2026-03-15T13:16:19.676Z</time>
      </trkpt>
      <trkpt lat="46.225560" lon="23.489729">
        <ele>801.069</ele>
        <time>2026-03-15T13:16:25.677Z</time>
      </trkpt>
      <trkpt lat="46.225545" lon="23.489797">
        <ele>799.765</ele>
        <time>2026-03-15T13:16:30.676Z</time>
      </trkpt>
      <trkpt lat="46.225530" lon="23.489874">
        <ele>798.324</ele>
        <time>2026-03-15T13:16:34.677Z</time>
      </trkpt>
      <trkpt lat="46.225517" lon="23.489944">
        <ele>797.104</ele>
        <time>2026-03-15T13:16:38.677Z</time>
      </trkpt>
      <trkpt lat="46.225486" lon="23.489999">
        <ele>795.814</ele>
        <time>2026-03-15T13:16:42.677Z</time>
      </trkpt>
      <trkpt lat="46.225477" lon="23.490067">
        <ele>794.709</ele>
        <time>2026-03-15T13:16:46.677Z</time>
      </trkpt>
      <trkpt lat="46.225475" lon="23.490151">
        <ele>793.644</ele>
        <time>2026-03-15T13:16:50.677Z</time>
      </trkpt>
      <trkpt lat="46.225470" lon="23.490234">
        <ele>792.487</ele>
        <time>2026-03-15T13:16:54.676Z</time>
      </trkpt>
      <trkpt lat="46.225466" lon="23.490311">
        <ele>791.646</ele>
        <time>2026-03-15T13:16:58.677Z</time>
      </trkpt>
      <trkpt lat="46.225468" lon="23.490395">
        <ele>791.286</ele>
        <time>2026-03-15T13:17:02.677Z</time>
      </trkpt>
      <trkpt lat="46.225474" lon="23.490469">
        <ele>791.139</ele>
        <time>2026-03-15T13:17:06.677Z</time>
      </trkpt>
      <trkpt lat="46.225475" lon="23.490550">
        <ele>790.714</ele>
        <time>2026-03-15T13:17:10.677Z</time>
      </trkpt>
      <trkpt lat="46.225474" lon="23.490629">
        <ele>790.591</ele>
        <time>2026-03-15T13:17:14.677Z</time>
      </trkpt>
      <trkpt lat="46.225478" lon="23.490709">
        <ele>790.419</ele>
        <time>2026-03-15T13:17:18.677Z</time>
      </trkpt>
      <trkpt lat="46.225479" lon="23.490774">
        <ele>790.285</ele>
        <time>2026-03-15T13:17:21.676Z</time>
      </trkpt>
      <trkpt lat="46.225479" lon="23.490843">
        <ele>790.177</ele>
        <time>2026-03-15T13:17:24.677Z</time>
      </trkpt>
      <trkpt lat="46.225475" lon="23.490910">
        <ele>790.061</ele>
        <time>2026-03-15T13:17:27.677Z</time>
      </trkpt>
      <trkpt lat="46.225469" lon="23.490993">
        <ele>789.827</ele>
        <time>2026-03-15T13:17:31.676Z</time>
      </trkpt>
      <trkpt lat="46.225470" lon="23.491061">
        <ele>789.809</ele>
        <time>2026-03-15T13:17:34.677Z</time>
      </trkpt>
      <trkpt lat="46.225459" lon="23.491143">
        <ele>789.589</ele>
        <time>2026-03-15T13:17:38.677Z</time>
      </trkpt>
      <trkpt lat="46.225451" lon="23.491217">
        <ele>789.222</ele>
        <time>2026-03-15T13:17:45.677Z</time>
      </trkpt>
      <trkpt lat="46.225490" lon="23.491252">
        <ele>789.831</ele>
        <time>2026-03-15T13:17:49.677Z</time>
      </trkpt>
      <trkpt lat="46.225513" lon="23.491309">
        <ele>789.911</ele>
        <time>2026-03-15T13:17:54.677Z</time>
      </trkpt>
      <trkpt lat="46.225555" lon="23.491344">
        <ele>790.314</ele>
        <time>2026-03-15T13:17:58.677Z</time>
      </trkpt>
      <trkpt lat="46.225596" lon="23.491391">
        <ele>790.089</ele>
        <time>2026-03-15T13:18:02.677Z</time>
      </trkpt>
      <trkpt lat="46.225620" lon="23.491456">
        <ele>789.786</ele>
        <time>2026-03-15T13:18:06.676Z</time>
      </trkpt>
      <trkpt lat="46.225646" lon="23.491515">
        <ele>789.424</ele>
        <time>2026-03-15T13:18:10.676Z</time>
      </trkpt>
      <trkpt lat="46.225686" lon="23.491562">
        <ele>789.130</ele>
        <time>2026-03-15T13:18:14.677Z</time>
      </trkpt>
      <trkpt lat="46.225717" lon="23.491617">
        <ele>788.776</ele>
        <time>2026-03-15T13:18:18.676Z</time>
      </trkpt>
      <trkpt lat="46.225760" lon="23.491649">
        <ele>788.490</ele>
        <time>2026-03-15T13:18:23.677Z</time>
      </trkpt>
      <trkpt lat="46.225802" lon="23.491674">
        <ele>788.119</ele>
        <time>2026-03-15T13:18:31.676Z</time>
      </trkpt>
      <trkpt lat="46.225846" lon="23.491684">
        <ele>788.109</ele>
        <time>2026-03-15T13:18:37.676Z</time>
      </trkpt>
      <trkpt lat="46.225888" lon="23.491642">
        <ele>788.419</ele>
        <time>2026-03-15T13:18:41.676Z</time>
      </trkpt>
      <trkpt lat="46.225940" lon="23.491604">
        <ele>789.082</ele>
        <time>2026-03-15T13:18:46.677Z</time>
      </trkpt>
      <trkpt lat="46.225971" lon="23.491545">
        <ele>789.841</ele>
        <time>2026-03-15T13:18:51.677Z</time>
      </trkpt>
      <trkpt lat="46.226020" lon="23.491525">
        <ele>790.471</ele>
        <time>2026-03-15T13:18:57.676Z</time>
      </trkpt>
      <trkpt lat="46.226059" lon="23.491566">
        <ele>790.154</ele>
        <time>2026-03-15T13:19:19.677Z</time>
      </trkpt>
      <trkpt lat="46.226100" lon="23.491617">
        <ele>789.739</ele>
        <time>2026-03-15T13:19:27.676Z</time>
      </trkpt>
      <trkpt lat="46.226135" lon="23.491659">
        <ele>790.166</ele>
        <time>2026-03-15T13:19:30.677Z</time>
      </trkpt>
      <trkpt lat="46.226179" lon="23.491700">
        <ele>791.614</ele>
        <time>2026-03-15T13:19:34.677Z</time>
      </trkpt>
      <trkpt lat="46.226204" lon="23.491775">
        <ele>792.260</ele>
        <time>2026-03-15T13:19:38.676Z</time>
      </trkpt>
      <trkpt lat="46.226224" lon="23.491850">
        <ele>792.497</ele>
        <time>2026-03-15T13:19:42.677Z</time>
      </trkpt>
      <trkpt lat="46.226248" lon="23.491926">
        <ele>792.623</ele>
        <time>2026-03-15T13:19:46.676Z</time>
      </trkpt>
      <trkpt lat="46.226277" lon="23.491986">
        <ele>792.925</ele>
        <time>2026-03-15T13:19:50.677Z</time>
      </trkpt>
      <trkpt lat="46.226301" lon="23.492047">
        <ele>793.209</ele>
        <time>2026-03-15T13:19:57.677Z</time>
      </trkpt>
      <trkpt lat="46.226320" lon="23.492110">
        <ele>793.241</ele>
        <time>2026-03-15T13:20:03.677Z</time>
      </trkpt>
      <trkpt lat="46.226345" lon="23.492170">
        <ele>793.484</ele>
        <time>2026-03-15T13:20:10.677Z</time>
      </trkpt>
      <trkpt lat="46.226368" lon="23.492233">
        <ele>793.363</ele>
        <time>2026-03-15T13:20:16.677Z</time>
      </trkpt>
      <trkpt lat="46.226391" lon="23.492303">
        <ele>792.353</ele>
        <time>2026-03-15T13:20:21.676Z</time>
      </trkpt>
      <trkpt lat="46.226407" lon="23.492376">
        <ele>791.296</ele>
        <time>2026-03-15T13:20:26.677Z</time>
      </trkpt>
      <trkpt lat="46.226422" lon="23.492440">
        <ele>790.311</ele>
        <time>2026-03-15T13:20:30.676Z</time>
      </trkpt>
      <trkpt lat="46.226430" lon="23.492508">
        <ele>789.278</ele>
        <time>2026-03-15T13:20:49.677Z</time>
      </trkpt>
      <trkpt lat="46.226451" lon="23.492572">
        <ele>788.626</ele>
        <time>2026-03-15T13:20:54.677Z</time>
      </trkpt>
      <trkpt lat="46.226481" lon="23.492648">
        <ele>788.042</ele>
        <time>2026-03-15T13:20:58.677Z</time>
      </trkpt>
      <trkpt lat="46.226509" lon="23.492719">
        <ele>787.365</ele>
        <time>2026-03-15T13:21:02.676Z</time>
      </trkpt>
      <trkpt lat="46.226537" lon="23.492784">
        <ele>786.768</ele>
        <time>2026-03-15T13:21:07.676Z</time>
      </trkpt>
      <trkpt lat="46.226563" lon="23.492843">
        <ele>786.514</ele>
        <time>2026-03-15T13:21:13.677Z</time>
      </trkpt>
      <trkpt lat="46.226603" lon="23.492887">
        <ele>786.709</ele>
        <time>2026-03-15T13:21:20.677Z</time>
      </trkpt>
      <trkpt lat="46.226636" lon="23.492936">
        <ele>786.628</ele>
        <time>2026-03-15T13:21:25.677Z</time>
      </trkpt>
      <trkpt lat="46.226668" lon="23.492996">
        <ele>786.191</ele>
        <time>2026-03-15T13:21:29.677Z</time>
      </trkpt>
      <trkpt lat="46.226688" lon="23.493058">
        <ele>785.890</ele>
        <time>2026-03-15T13:21:33.677Z</time>
      </trkpt>
      <trkpt lat="46.226708" lon="23.493116">
        <ele>785.950</ele>
        <time>2026-03-15T13:21:38.676Z</time>
      </trkpt>
      <trkpt lat="46.226730" lon="23.493177">
        <ele>785.983</ele>
        <time>2026-03-15T13:21:43.677Z</time>
      </trkpt>
      <trkpt lat="46.226750" lon="23.493236">
        <ele>785.868</ele>
        <time>2026-03-15T13:21:47.676Z</time>
      </trkpt>
      <trkpt lat="46.226766" lon="23.493306">
        <ele>785.315</ele>
        <time>2026-03-15T13:21:51.677Z</time>
      </trkpt>
      <trkpt lat="46.226781" lon="23.493384">
        <ele>784.853</ele>
        <time>2026-03-15T13:21:56.677Z</time>
      </trkpt>
      <trkpt lat="46.226810" lon="23.493439">
        <ele>785.029</ele>
        <time>2026-03-15T13:22:00.676Z</time>
      </trkpt>
      <trkpt lat="46.226848" lon="23.493498">
        <ele>785.384</ele>
        <time>2026-03-15T13:22:05.676Z</time>
      </trkpt>
      <trkpt lat="46.226872" lon="23.493572">
        <ele>784.907</ele>
        <time>2026-03-15T13:22:09.677Z</time>
      </trkpt>
      <trkpt lat="46.226898" lon="23.493645">
        <ele>784.417</ele>
        <time>2026-03-15T13:22:12.677Z</time>
      </trkpt>
      <trkpt lat="46.226919" lon="23.493722">
        <ele>783.609</ele>
        <time>2026-03-15T13:22:15.676Z</time>
      </trkpt>
      <trkpt lat="46.226956" lon="23.493792">
        <ele>783.250</ele>
        <time>2026-03-15T13:22:18.676Z</time>
      </trkpt>
      <trkpt lat="46.226977" lon="23.493859">
        <ele>782.813</ele>
        <time>2026-03-15T13:22:21.676Z</time>
      </trkpt>
      <trkpt lat="46.227008" lon="23.493922">
        <ele>783.262</ele>
        <time>2026-03-15T13:22:27.677Z</time>
      </trkpt>
      <trkpt lat="46.227043" lon="23.493968">
        <ele>784.162</ele>
        <time>2026-03-15T13:22:31Z</time>
      </trkpt>
      <trkpt lat="46.227073" lon="23.494025">
        <ele>784.755</ele>
        <time>2026-03-15T13:22:36.676Z</time>
      </trkpt>
      <trkpt lat="46.227104" lon="23.494078">
        <ele>785.250</ele>
        <time>2026-03-15T13:22:40.676Z</time>
      </trkpt>
      <trkpt lat="46.227130" lon="23.494144">
        <ele>785.377</ele>
        <time>2026-03-15T13:22:44.676Z</time>
      </trkpt>
      <trkpt lat="46.227153" lon="23.494200">
        <ele>785.195</ele>
        <time>2026-03-15T13:22:47.676Z</time>
      </trkpt>
      <trkpt lat="46.227187" lon="23.494264">
        <ele>784.831</ele>
        <time>2026-03-15T13:22:51.677Z</time>
      </trkpt>
      <trkpt lat="46.227224" lon="23.494324">
        <ele>784.636</ele>
        <time>2026-03-15T13:22:55.676Z</time>
      </trkpt>
      <trkpt lat="46.227265" lon="23.494378">
        <ele>784.517</ele>
        <time>2026-03-15T13:22:59.676Z</time>
      </trkpt>
      <trkpt lat="46.227306" lon="23.494420">
        <ele>784.618</ele>
        <time>2026-03-15T13:23:03.676Z</time>
      </trkpt>
      <trkpt lat="46.227350" lon="23.494458">
        <ele>784.909</ele>
        <time>2026-03-15T13:23:07.677Z</time>
      </trkpt>
      <trkpt lat="46.227396" lon="23.494497">
        <ele>785.345</ele>
        <time>2026-03-15T13:23:11.677Z</time>
      </trkpt>
      <trkpt lat="46.227453" lon="23.494526">
        <ele>786.278</ele>
        <time>2026-03-15T13:23:15.677Z</time>
      </trkpt>
      <trkpt lat="46.227499" lon="23.494539">
        <ele>787.327</ele>
        <time>2026-03-15T13:23:18.676Z</time>
      </trkpt>
      <trkpt lat="46.227549" lon="23.494561">
        <ele>788.117</ele>
        <time>2026-03-15T13:23:22.677Z</time>
      </trkpt>
      <trkpt lat="46.227587" lon="23.494602">
        <ele>788.480</ele>
        <time>2026-03-15T13:23:25.677Z</time>
      </trkpt>
      <trkpt lat="46.227625" lon="23.494650">
        <ele>788.775</ele>
        <time>2026-03-15T13:23:29.677Z</time>
      </trkpt>
      <trkpt lat="46.227670" lon="23.494701">
        <ele>789.272</ele>
        <time>2026-03-15T13:23:34.677Z</time>
      </trkpt>
      <trkpt lat="46.227703" lon="23.494766">
        <ele>789.680</ele>
        <time>2026-03-15T13:23:46.676Z</time>
      </trkpt>
      <trkpt lat="46.227710" lon="23.494840">
        <ele>789.446</ele>
        <time>2026-03-15T13:24:00.677Z</time>
      </trkpt>
      <trkpt lat="46.227705" lon="23.494915">
        <ele>788.899</ele>
        <time>2026-03-15T13:24:04.676Z</time>
      </trkpt>
      <trkpt lat="46.227701" lon="23.494984">
        <ele>788.307</ele>
        <time>2026-03-15T13:24:08.676Z</time>
      </trkpt>
      <trkpt lat="46.227713" lon="23.495053">
        <ele>788.627</ele>
        <time>2026-03-15T13:24:23.676Z</time>
      </trkpt>
      <trkpt lat="46.227727" lon="23.495123">
        <ele>789.009</ele>
        <time>2026-03-15T13:24:27.676Z</time>
      </trkpt>
      <trkpt lat="46.227729" lon="23.495204">
        <ele>789.011</ele>
        <time>2026-03-15T13:24:32.676Z</time>
      </trkpt>
      <trkpt lat="46.227713" lon="23.495267">
        <ele>788.244</ele>
        <time>2026-03-15T13:24:36.677Z</time>
      </trkpt>
      <trkpt lat="46.227684" lon="23.495317">
        <ele>786.983</ele>
        <time>2026-03-15T13:24:40.677Z</time>
      </trkpt>
      <trkpt lat="46.227705" lon="23.495378">
        <ele>787.693</ele>
        <time>2026-03-15T13:24:56.676Z</time>
      </trkpt>
      <trkpt lat="46.227693" lon="23.495441">
        <ele>786.976</ele>
        <time>2026-03-15T13:25:01.676Z</time>
      </trkpt>
      <trkpt lat="46.227688" lon="23.495511">
        <ele>786.661</ele>
        <time>2026-03-15T13:25:07.677Z</time>
      </trkpt>
      <trkpt lat="46.227683" lon="23.495587">
        <ele>786.218</ele>
        <time>2026-03-15T13:25:12.677Z</time>
      </trkpt>
      <trkpt lat="46.227686" lon="23.495656">
        <ele>786.456</ele>
        <time>2026-03-15T13:25:16.676Z</time>
      </trkpt>
      <trkpt lat="46.227679" lon="23.495721">
        <ele>786.182</ele>
        <time>2026-03-15T13:25:23.677Z</time>
      </trkpt>
      <trkpt lat="46.227681" lon="23.495795">
        <ele>786.264</ele>
        <time>2026-03-15T13:25:28.677Z</time>
      </trkpt>
      <trkpt lat="46.227680" lon="23.495871">
        <ele>786.106</ele>
        <time>2026-03-15T13:25:33.677Z</time>
      </trkpt>
      <trkpt lat="46.227696" lon="23.495934">
        <ele>786.816</ele>
        <time>2026-03-15T13:25:39.676Z</time>
      </trkpt>
      <trkpt lat="46.227706" lon="23.496005">
        <ele>787.209</ele>
        <time>2026-03-15T13:25:45.677Z</time>
      </trkpt>
      <trkpt lat="46.227731" lon="23.496063">
        <ele>788.148</ele>
        <time>2026-03-15T13:25:49.677Z</time>
      </trkpt>
      <trkpt lat="46.227748" lon="23.496139">
        <ele>788.771</ele>
        <time>2026-03-15T13:25:54.677Z</time>
      </trkpt>
      <trkpt lat="46.227769" lon="23.496197">
        <ele>789.350</ele>
        <time>2026-03-15T13:25:59.677Z</time>
      </trkpt>
      <trkpt lat="46.227794" lon="23.496253">
        <ele>790.210</ele>
        <time>2026-03-15T13:26:03.676Z</time>
      </trkpt>
      <trkpt lat="46.227826" lon="23.496307">
        <ele>791.343</ele>
        <time>2026-03-15T13:26:08.676Z</time>
      </trkpt>
      <trkpt lat="46.227851" lon="23.496372">
        <ele>792.058</ele>
        <time>2026-03-15T13:26:13.677Z</time>
      </trkpt>
      <trkpt lat="46.227885" lon="23.496430">
        <ele>792.985</ele>
        <time>2026-03-15T13:26:19.676Z</time>
      </trkpt>
      <trkpt lat="46.227920" lon="23.496482">
        <ele>793.853</ele>
        <time>2026-03-15T13:26:29.676Z</time>
      </trkpt>
      <trkpt lat="46.227948" lon="23.496538">
        <ele>794.339</ele>
        <time>2026-03-15T13:26:35.677Z</time>
      </trkpt>
      <trkpt lat="46.227970" lon="23.496602">
        <ele>794.558</ele>
        <time>2026-03-15T13:26:41.676Z</time>
      </trkpt>
      <trkpt lat="46.228008" lon="23.496645">
        <ele>795.552</ele>
        <time>2026-03-15T13:26:46.677Z</time>
      </trkpt>
      <trkpt lat="46.228043" lon="23.496700">
        <ele>796.217</ele>
        <time>2026-03-15T13:26:51.677Z</time>
      </trkpt>
      <trkpt lat="46.228075" lon="23.496753">
        <ele>796.909</ele>
        <time>2026-03-15T13:26:56.676Z</time>
      </trkpt>
      <trkpt lat="46.228095" lon="23.496813">
        <ele>797.027</ele>
        <time>2026-03-15T13:27:01.677Z</time>
      </trkpt>
      <trkpt lat="46.228133" lon="23.496868">
        <ele>798.040</ele>
        <time>2026-03-15T13:27:07.677Z</time>
      </trkpt>
      <trkpt lat="46.228148" lon="23.496938">
        <ele>797.799</ele>
        <time>2026-03-15T13:27:11.676Z</time>
      </trkpt>
      <trkpt lat="46.228179" lon="23.496986">
        <ele>798.449</ele>
        <time>2026-03-15T13:27:16.676Z</time>
      </trkpt>
      <trkpt lat="46.228210" lon="23.497040">
        <ele>798.932</ele>
        <time>2026-03-15T13:27:22.677Z</time>
      </trkpt>
      <trkpt lat="46.228239" lon="23.497095">
        <ele>799.387</ele>
        <time>2026-03-15T13:27:28.676Z</time>
      </trkpt>
      <trkpt lat="46.228281" lon="23.497133">
        <ele>800.344</ele>
        <time>2026-03-15T13:27:33.677Z</time>
      </trkpt>
      <trkpt lat="46.228312" lon="23.497195">
        <ele>800.612</ele>
        <time>2026-03-15T13:27:38.677Z</time>
      </trkpt>
      <trkpt lat="46.228348" lon="23.497245">
        <ele>801.178</ele>
        <time>2026-03-15T13:27:44.677Z</time>
      </trkpt>
      <trkpt lat="46.228375" lon="23.497306">
        <ele>800.988</ele>
        <time>2026-03-15T13:27:50Z</time>
      </trkpt>
      <trkpt lat="46.228406" lon="23.497355">
        <ele>800.924</ele>
        <time>2026-03-15T13:27:55.677Z</time>
      </trkpt>
      <trkpt lat="46.228435" lon="23.497417">
        <ele>800.626</ele>
        <time>2026-03-15T13:28:02.677Z</time>
      </trkpt>
      <trkpt lat="46.228467" lon="23.497478">
        <ele>800.309</ele>
        <time>2026-03-15T13:28:07.677Z</time>
      </trkpt>
      <trkpt lat="46.228498" lon="23.497538">
        <ele>800.010</ele>
        <time>2026-03-15T13:28:12.677Z</time>
      </trkpt>
      <trkpt lat="46.228528" lon="23.497598">
        <ele>799.843</ele>
        <time>2026-03-15T13:28:16.677Z</time>
      </trkpt>
      <trkpt lat="46.228564" lon="23.497641">
        <ele>800.012</ele>
        <time>2026-03-15T13:28:20.676Z</time>
      </trkpt>
      <trkpt lat="46.228594" lon="23.497696">
        <ele>799.882</ele>
        <time>2026-03-15T13:28:25.677Z</time>
      </trkpt>
      <trkpt lat="46.228639" lon="23.497732">
        <ele>800.415</ele>
        <time>2026-03-15T13:28:30.676Z</time>
      </trkpt>
      <trkpt lat="46.228682" lon="23.497757">
        <ele>801.130</ele>
        <time>2026-03-15T13:28:34.677Z</time>
      </trkpt>
      <trkpt lat="46.228730" lon="23.497786">
        <ele>801.897</ele>
        <time>2026-03-15T13:28:39.676Z</time>
      </trkpt>
      <trkpt lat="46.228777" lon="23.497806">
        <ele>802.665</ele>
        <time>2026-03-15T13:28:43.676Z</time>
      </trkpt>
      <trkpt lat="46.228826" lon="23.497813">
        <ele>803.721</ele>
        <time>2026-03-15T13:28:47.677Z</time>
      </trkpt>
      <trkpt lat="46.228876" lon="23.497842">
        <ele>804.328</ele>
        <time>2026-03-15T13:28:52.677Z</time>
      </trkpt>
      <trkpt lat="46.228919" lon="23.497863">
        <ele>805.189</ele>
        <time>2026-03-15T13:28:56.677Z</time>
      </trkpt>
      <trkpt lat="46.228970" lon="23.497890">
        <ele>806.017</ele>
        <time>2026-03-15T13:29:01.676Z</time>
      </trkpt>
      <trkpt lat="46.228997" lon="23.497945">
        <ele>805.409</ele>
        <time>2026-03-15T13:29:05.676Z</time>
      </trkpt>
      <trkpt lat="46.229034" lon="23.497996">
        <ele>805.274</ele>
        <time>2026-03-15T13:29:10.676Z</time>
      </trkpt>
      <trkpt lat="46.229060" lon="23.498052">
        <ele>804.467</ele>
        <time>2026-03-15T13:29:15.677Z</time>
      </trkpt>
      <trkpt lat="46.229071" lon="23.498119">
        <ele>803.126</ele>
        <time>2026-03-15T13:29:19.677Z</time>
      </trkpt>
      <trkpt lat="46.229098" lon="23.498187">
        <ele>802.336</ele>
        <time>2026-03-15T13:29:24.676Z</time>
      </trkpt>
      <trkpt lat="46.229116" lon="23.498247">
        <ele>801.559</ele>
        <time>2026-03-15T13:29:28.676Z</time>
      </trkpt>
      <trkpt lat="46.229129" lon="23.498312">
        <ele>800.484</ele>
        <time>2026-03-15T13:29:32.677Z</time>
      </trkpt>
      <trkpt lat="46.229133" lon="23.498378">
        <ele>799.531</ele>
        <time>2026-03-15T13:29:36.677Z</time>
      </trkpt>
      <trkpt lat="46.229135" lon="23.498457">
        <ele>798.829</ele>
        <time>2026-03-15T13:29:41.676Z</time>
      </trkpt>
      <trkpt lat="46.229147" lon="23.498532">
        <ele>798.325</ele>
        <time>2026-03-15T13:29:46.677Z</time>
      </trkpt>
      <trkpt lat="46.229152" lon="23.498597">
        <ele>797.773</ele>
        <time>2026-03-15T13:29:50.677Z</time>
      </trkpt>
      <trkpt lat="46.229162" lon="23.498676">
        <ele>797.985</ele>
        <time>2026-03-15T13:29:55.677Z</time>
      </trkpt>
      <trkpt lat="46.229175" lon="23.498749">
        <ele>798.313</ele>
        <time>2026-03-15T13:30:00.677Z</time>
      </trkpt>
      <trkpt lat="46.229176" lon="23.498819">
        <ele>798.409</ele>
        <time>2026-03-15T13:30:05.677Z</time>
      </trkpt>
      <trkpt lat="46.229189" lon="23.498884">
        <ele>798.979</ele>
        <time>2026-03-15T13:30:10.677Z</time>
      </trkpt>
      <trkpt lat="46.229183" lon="23.498951">
        <ele>799.112</ele>
        <time>2026-03-15T13:30:15.677Z</time>
      </trkpt>
      <trkpt lat="46.229195" lon="23.499014">
        <ele>800.041</ele>
        <time>2026-03-15T13:30:20.677Z</time>
      </trkpt>
      <trkpt lat="46.229199" lon="23.499085">
        <ele>800.741</ele>
        <time>2026-03-15T13:30:25.677Z</time>
      </trkpt>
      <trkpt lat="46.229209" lon="23.499154">
        <ele>801.654</ele>
        <time>2026-03-15T13:30:30.677Z</time>
      </trkpt>
      <trkpt lat="46.229227" lon="23.499220">
        <ele>802.469</ele>
        <time>2026-03-15T13:30:35.676Z</time>
      </trkpt>
      <trkpt lat="46.229234" lon="23.499289">
        <ele>802.816</ele>
        <time>2026-03-15T13:30:40.677Z</time>
      </trkpt>
      <trkpt lat="46.229238" lon="23.499359">
        <ele>803.044</ele>
        <time>2026-03-15T13:30:45.677Z</time>
      </trkpt>
      <trkpt lat="46.229246" lon="23.499428">
        <ele>803.450</ele>
        <time>2026-03-15T13:30:50.677Z</time>
      </trkpt>
      <trkpt lat="46.229251" lon="23.499504">
        <ele>803.727</ele>
        <time>2026-03-15T13:30:56.677Z</time>
      </trkpt>
      <trkpt lat="46.229261" lon="23.499577">
        <ele>804.268</ele>
        <time>2026-03-15T13:31:01.677Z</time>
      </trkpt>
      <trkpt lat="46.229271" lon="23.499642">
        <ele>804.714</ele>
        <time>2026-03-15T13:31:06.677Z</time>
      </trkpt>
      <trkpt lat="46.229274" lon="23.499722">
        <ele>804.909</ele>
        <time>2026-03-15T13:31:12.677Z</time>
      </trkpt>
      <trkpt lat="46.229276" lon="23.499797">
        <ele>804.694</ele>
        <time>2026-03-15T13:31:17.676Z</time>
      </trkpt>
      <trkpt lat="46.229292" lon="23.499872">
        <ele>804.717</ele>
        <time>2026-03-15T13:31:22.677Z</time>
      </trkpt>
      <trkpt lat="46.229304" lon="23.499941">
        <ele>804.886</ele>
        <time>2026-03-15T13:31:27.676Z</time>
      </trkpt>
      <trkpt lat="46.229305" lon="23.500009">
        <ele>804.496</ele>
        <time>2026-03-15T13:31:32.677Z</time>
      </trkpt>
      <trkpt lat="46.229318" lon="23.500085">
        <ele>804.329</ele>
        <time>2026-03-15T13:31:37.677Z</time>
      </trkpt>
      <trkpt lat="46.229326" lon="23.500163">
        <ele>803.944</ele>
        <time>2026-03-15T13:31:42.676Z</time>
      </trkpt>
      <trkpt lat="46.229336" lon="23.500232">
        <ele>803.631</ele>
        <time>2026-03-15T13:31:46.677Z</time>
      </trkpt>
      <trkpt lat="46.229337" lon="23.500308">
        <ele>803.169</ele>
        <time>2026-03-15T13:31:51.676Z</time>
      </trkpt>
      <trkpt lat="46.229340" lon="23.500387">
        <ele>802.635</ele>
        <time>2026-03-15T13:31:56.677Z</time>
      </trkpt>
      <trkpt lat="46.229348" lon="23.500463">
        <ele>802.321</ele>
        <time>2026-03-15T13:32:01.677Z</time>
      </trkpt>
      <trkpt lat="46.229356" lon="23.500532">
        <ele>801.941</ele>
        <time>2026-03-15T13:32:05.676Z</time>
      </trkpt>
      <trkpt lat="46.229367" lon="23.500605">
        <ele>801.705</ele>
        <time>2026-03-15T13:32:10.676Z</time>
      </trkpt>
      <trkpt lat="46.229389" lon="23.500666">
        <ele>801.709</ele>
        <time>2026-03-15T13:32:13.677Z</time>
      </trkpt>
      <trkpt lat="46.229392" lon="23.500733">
        <ele>801.584</ele>
        <time>2026-03-15T13:32:16Z</time>
      </trkpt>
      <trkpt lat="46.229417" lon="23.500798">
        <ele>801.657</ele>
        <time>2026-03-15T13:32:21.676Z</time>
      </trkpt>
      <trkpt lat="46.229451" lon="23.500850">
        <ele>802.016</ele>
        <time>2026-03-15T13:32:26.676Z</time>
      </trkpt>
      <trkpt lat="46.229495" lon="23.500874">
        <ele>802.446</ele>
        <time>2026-03-15T13:32:33.677Z</time>
      </trkpt>
      <trkpt lat="46.229530" lon="23.500923">
        <ele>802.589</ele>
        <time>2026-03-15T13:32:39.677Z</time>
      </trkpt>
      <trkpt lat="46.229576" lon="23.500955">
        <ele>802.864</ele>
        <time>2026-03-15T13:32:45.677Z</time>
      </trkpt>
      <trkpt lat="46.229596" lon="23.501019">
        <ele>802.591</ele>
        <time>2026-03-15T13:32:51.677Z</time>
      </trkpt>
      <trkpt lat="46.229568" lon="23.501079">
        <ele>801.649</ele>
        <time>2026-03-15T13:32:57.675Z</time>
      </trkpt>
      <trkpt lat="46.229550" lon="23.501147">
        <ele>801.075</ele>
        <time>2026-03-15T13:33:02.675Z</time>
      </trkpt>
      <trkpt lat="46.229532" lon="23.501219">
        <ele>800.492</ele>
        <time>2026-03-15T13:33:07.676Z</time>
      </trkpt>
      <trkpt lat="46.229543" lon="23.501287">
        <ele>800.273</ele>
        <time>2026-03-15T13:33:11.676Z</time>
      </trkpt>
      <trkpt lat="46.229550" lon="23.501365">
        <ele>799.920</ele>
        <time>2026-03-15T13:33:16.675Z</time>
      </trkpt>
      <trkpt lat="46.229594" lon="23.501351">
        <ele>800.309</ele>
        <time>2026-03-15T13:33:20.676Z</time>
      </trkpt>
      <trkpt lat="46.229640" lon="23.501372">
        <ele>800.561</ele>
        <time>2026-03-15T13:33:25.676Z</time>
      </trkpt>
      <trkpt lat="46.229685" lon="23.501376">
        <ele>800.854</ele>
        <time>2026-03-15T13:33:29.675Z</time>
      </trkpt>
      <trkpt lat="46.229741" lon="23.501366">
        <ele>801.113</ele>
        <time>2026-03-15T13:33:34.676Z</time>
      </trkpt>
      <trkpt lat="46.229782" lon="23.501330">
        <ele>801.333</ele>
        <time>2026-03-15T13:33:38.675Z</time>
      </trkpt>
      <trkpt lat="46.229814" lon="23.501283">
        <ele>801.716</ele>
        <time>2026-03-15T13:33:42.676Z</time>
      </trkpt>
      <trkpt lat="46.229864" lon="23.501260">
        <ele>801.941</ele>
        <time>2026-03-15T13:33:46.676Z</time>
      </trkpt>
      <trkpt lat="46.229901" lon="23.501223">
        <ele>802.378</ele>
        <time>2026-03-15T13:33:50.675Z</time>
      </trkpt>
      <trkpt lat="46.229945" lon="23.501177">
        <ele>802.996</ele>
        <time>2026-03-15T13:33:55.676Z</time>
      </trkpt>
      <trkpt lat="46.229987" lon="23.501146">
        <ele>803.582</ele>
        <time>2026-03-15T13:33:59.676Z</time>
      </trkpt>
      <trkpt lat="46.230028" lon="23.501119">
        <ele>803.811</ele>
        <time>2026-03-15T13:34:04.675Z</time>
      </trkpt>
      <trkpt lat="46.230073" lon="23.501124">
        <ele>803.521</ele>
        <time>2026-03-15T13:34:09.675Z</time>
      </trkpt>
      <trkpt lat="46.230103" lon="23.501179">
        <ele>802.403</ele>
        <time>2026-03-15T13:34:15.676Z</time>
      </trkpt>
      <trkpt lat="46.230142" lon="23.501226">
        <ele>801.209</ele>
        <time>2026-03-15T13:34:21.675Z</time>
      </trkpt>
      <trkpt lat="46.230187" lon="23.501262">
        <ele>800.183</ele>
        <time>2026-03-15T13:34:26.676Z</time>
      </trkpt>
      <trkpt lat="46.230228" lon="23.501298">
        <ele>798.816</ele>
        <time>2026-03-15T13:34:31.676Z</time>
      </trkpt>
      <trkpt lat="46.230258" lon="23.501348">
        <ele>797.325</ele>
        <time>2026-03-15T13:34:37.676Z</time>
      </trkpt>
      <trkpt lat="46.230307" lon="23.501370">
        <ele>796.645</ele>
        <time>2026-03-15T13:34:44.676Z</time>
      </trkpt>
      <trkpt lat="46.230351" lon="23.501397">
        <ele>796.168</ele>
        <time>2026-03-15T13:34:50.676Z</time>
      </trkpt>
      <trkpt lat="46.230394" lon="23.501425">
        <ele>795.883</ele>
        <time>2026-03-15T13:34:55.676Z</time>
      </trkpt>
      <trkpt lat="46.230439" lon="23.501467">
        <ele>795.150</ele>
        <time>2026-03-15T13:35:01.676Z</time>
      </trkpt>
      <trkpt lat="46.230436" lon="23.501537">
        <ele>793.898</ele>
        <time>2026-03-15T13:35:08.676Z</time>
      </trkpt>
      <trkpt lat="46.230482" lon="23.501575">
        <ele>793.164</ele>
        <time>2026-03-15T13:35:14.675Z</time>
      </trkpt>
      <trkpt lat="46.230514" lon="23.501625">
        <ele>792.015</ele>
        <time>2026-03-15T13:35:19.676Z</time>
      </trkpt>
      <trkpt lat="46.230556" lon="23.501660">
        <ele>791.265</ele>
        <time>2026-03-15T13:35:28.675Z</time>
      </trkpt>
      <trkpt lat="46.230576" lon="23.501724">
        <ele>790.011</ele>
        <time>2026-03-15T13:35:34.676Z</time>
      </trkpt>
      <trkpt lat="46.230603" lon="23.501792">
        <ele>788.809</ele>
        <time>2026-03-15T13:35:42.675Z</time>
      </trkpt>
      <trkpt lat="46.230650" lon="23.501794">
        <ele>789.323</ele>
        <time>2026-03-15T13:35:47.676Z</time>
      </trkpt>
      <trkpt lat="46.230683" lon="23.501842">
        <ele>788.586</ele>
        <time>2026-03-15T13:35:55.676Z</time>
      </trkpt>
      <trkpt lat="46.230721" lon="23.501883">
        <ele>787.825</ele>
        <time>2026-03-15T13:36:02.676Z</time>
      </trkpt>
      <trkpt lat="46.230755" lon="23.501937">
        <ele>786.645</ele>
        <time>2026-03-15T13:36:09.676Z</time>
      </trkpt>
      <trkpt lat="46.230778" lon="23.502003">
        <ele>785.138</ele>
        <time>2026-03-15T13:36:16.676Z</time>
      </trkpt>
      <trkpt lat="46.230791" lon="23.502066">
        <ele>783.643</ele>
        <time>2026-03-15T13:36:21.675Z</time>
      </trkpt>
      <trkpt lat="46.230809" lon="23.502133">
        <ele>782.070</ele>
        <time>2026-03-15T13:36:26.676Z</time>
      </trkpt>
      <trkpt lat="46.230834" lon="23.502197">
        <ele>780.618</ele>
        <time>2026-03-15T13:36:32.676Z</time>
      </trkpt>
      <trkpt lat="46.230863" lon="23.502254">
        <ele>779.654</ele>
        <time>2026-03-15T13:36:38.676Z</time>
      </trkpt>
      <trkpt lat="46.230892" lon="23.502306">
        <ele>778.867</ele>
        <time>2026-03-15T13:36:44.676Z</time>
      </trkpt>
      <trkpt lat="46.230909" lon="23.502378">
        <ele>777.381</ele>
        <time>2026-03-15T13:36:50.675Z</time>
      </trkpt>
      <trkpt lat="46.230927" lon="23.502443">
        <ele>776.119</ele>
        <time>2026-03-15T13:36:56.675Z</time>
      </trkpt>
      <trkpt lat="46.230941" lon="23.502508">
        <ele>774.709</ele>
        <time>2026-03-15T13:37:02.676Z</time>
      </trkpt>
      <trkpt lat="46.230952" lon="23.502575">
        <ele>773.248</ele>
        <time>2026-03-15T13:37:08.675Z</time>
      </trkpt>
      <trkpt lat="46.230965" lon="23.502639">
        <ele>771.981</ele>
        <time>2026-03-15T13:37:13.675Z</time>
      </trkpt>
      <trkpt lat="46.230983" lon="23.502714">
        <ele>770.350</ele>
        <time>2026-03-15T13:37:19.675Z</time>
      </trkpt>
      <trkpt lat="46.231000" lon="23.502787">
        <ele>768.850</ele>
        <time>2026-03-15T13:37:25.676Z</time>
      </trkpt>
      <trkpt lat="46.231018" lon="23.502862">
        <ele>767.383</ele>
        <time>2026-03-15T13:37:30.675Z</time>
      </trkpt>
      <trkpt lat="46.231046" lon="23.502925">
        <ele>766.258</ele>
        <time>2026-03-15T13:37:36.676Z</time>
      </trkpt>
      <trkpt lat="46.231077" lon="23.502978">
        <ele>765.455</ele>
        <time>2026-03-15T13:37:43.675Z</time>
      </trkpt>
      <trkpt lat="46.231091" lon="23.503049">
        <ele>763.973</ele>
        <time>2026-03-15T13:37:47.675Z</time>
      </trkpt>
      <trkpt lat="46.231119" lon="23.503106">
        <ele>762.869</ele>
        <time>2026-03-15T13:37:57.676Z</time>
      </trkpt>
      <trkpt lat="46.231144" lon="23.503161">
        <ele>761.615</ele>
        <time>2026-03-15T13:38:04.676Z</time>
      </trkpt>
      <trkpt lat="46.231156" lon="23.503235">
        <ele>759.865</ele>
        <time>2026-03-15T13:38:11.675Z</time>
      </trkpt>
      <trkpt lat="46.231180" lon="23.503302">
        <ele>758.111</ele>
        <time>2026-03-15T13:38:16.676Z</time>
      </trkpt>
      <trkpt lat="46.231197" lon="23.503376">
        <ele>755.909</ele>
        <time>2026-03-15T13:38:22.676Z</time>
      </trkpt>
      <trkpt lat="46.231221" lon="23.503442">
        <ele>753.953</ele>
        <time>2026-03-15T13:38:28.675Z</time>
      </trkpt>
      <trkpt lat="46.231231" lon="23.503506">
        <ele>751.836</ele>
        <time>2026-03-15T13:38:33.675Z</time>
      </trkpt>
      <trkpt lat="46.231251" lon="23.503568">
        <ele>749.955</ele>
        <time>2026-03-15T13:38:39.676Z</time>
      </trkpt>
      <trkpt lat="46.231293" lon="23.503611">
        <ele>748.765</ele>
        <time>2026-03-15T13:38:45.675Z</time>
      </trkpt>
      <trkpt lat="46.231327" lon="23.503658">
        <ele>747.838</ele>
        <time>2026-03-15T13:38:51.676Z</time>
      </trkpt>
      <trkpt lat="46.231352" lon="23.503715">
        <ele>746.743</ele>
        <time>2026-03-15T13:38:55.675Z</time>
      </trkpt>
      <trkpt lat="46.231388" lon="23.503767">
        <ele>745.620</ele>
        <time>2026-03-15T13:39:00.676Z</time>
      </trkpt>
      <trkpt lat="46.231427" lon="23.503809">
        <ele>744.848</ele>
        <time>2026-03-15T13:39:06.675Z</time>
      </trkpt>
      <trkpt lat="46.231456" lon="23.503866">
        <ele>743.514</ele>
        <time>2026-03-15T13:39:11.676Z</time>
      </trkpt>
      <trkpt lat="46.231473" lon="23.503927">
        <ele>742.023</ele>
        <time>2026-03-15T13:39:15.676Z</time>
      </trkpt>
      <trkpt lat="46.231515" lon="23.503968">
        <ele>740.983</ele>
        <time>2026-03-15T13:39:20.676Z</time>
      </trkpt>
      <trkpt lat="46.231546" lon="23.504019">
        <ele>739.511</ele>
        <time>2026-03-15T13:39:27.676Z</time>
      </trkpt>
      <trkpt lat="46.231581" lon="23.504072">
        <ele>737.909</ele>
        <time>2026-03-15T13:39:34.675Z</time>
      </trkpt>
      <trkpt lat="46.231627" lon="23.504114">
        <ele>736.674</ele>
        <time>2026-03-15T13:39:42.675Z</time>
      </trkpt>
      <trkpt lat="46.231660" lon="23.504159">
        <ele>735.237</ele>
        <time>2026-03-15T13:39:47.676Z</time>
      </trkpt>
      <trkpt lat="46.231682" lon="23.504219">
        <ele>733.546</ele>
        <time>2026-03-15T13:39:53.675Z</time>
      </trkpt>
      <trkpt lat="46.231716" lon="23.504269">
        <ele>732.016</ele>
        <time>2026-03-15T13:40:00.676Z</time>
      </trkpt>
      <trkpt lat="46.231749" lon="23.504318">
        <ele>730.599</ele>
        <time>2026-03-15T13:40:06.676Z</time>
      </trkpt>
      <trkpt lat="46.231785" lon="23.504370">
        <ele>728.844</ele>
        <time>2026-03-15T13:40:12.675Z</time>
      </trkpt>
      <trkpt lat="46.231817" lon="23.504422">
        <ele>727.191</ele>
        <time>2026-03-15T13:40:19.676Z</time>
      </trkpt>
      <trkpt lat="46.231848" lon="23.504474">
        <ele>725.739</ele>
        <time>2026-03-15T13:40:25.676Z</time>
      </trkpt>
      <trkpt lat="46.231876" lon="23.504529">
        <ele>724.575</ele>
        <time>2026-03-15T13:40:29.675Z</time>
      </trkpt>
      <trkpt lat="46.231917" lon="23.504564">
        <ele>723.658</ele>
        <time>2026-03-15T13:40:34.675Z</time>
      </trkpt>
      <trkpt lat="46.231949" lon="23.504625">
        <ele>722.152</ele>
        <time>2026-03-15T13:40:45.675Z</time>
      </trkpt>
      <trkpt lat="46.231978" lon="23.504676">
        <ele>721.017</ele>
        <time>2026-03-15T13:40:50.675Z</time>
      </trkpt>
      <trkpt lat="46.232017" lon="23.504720">
        <ele>720.109</ele>
        <time>2026-03-15T13:40:55.676Z</time>
      </trkpt>
      <trkpt lat="46.232057" lon="23.504766">
        <ele>719.587</ele>
        <time>2026-03-15T13:41:00.676Z</time>
      </trkpt>
      <trkpt lat="46.232107" lon="23.504788">
        <ele>719.270</ele>
        <time>2026-03-15T13:41:09.676Z</time>
      </trkpt>
      <trkpt lat="46.232150" lon="23.504833">
        <ele>718.599</ele>
        <time>2026-03-15T13:41:15.676Z</time>
      </trkpt>
      <trkpt lat="46.232189" lon="23.504885">
        <ele>717.729</ele>
        <time>2026-03-15T13:41:20.676Z</time>
      </trkpt>
      <trkpt lat="46.232223" lon="23.504932">
        <ele>717.012</ele>
        <time>2026-03-15T13:41:25.676Z</time>
      </trkpt>
      <trkpt lat="46.232251" lon="23.504987">
        <ele>716.277</ele>
        <time>2026-03-15T13:41:30.675Z</time>
      </trkpt>
      <trkpt lat="46.232264" lon="23.505055">
        <ele>714.814</ele>
        <time>2026-03-15T13:41:36.675Z</time>
      </trkpt>
      <trkpt lat="46.232281" lon="23.505126">
        <ele>713.142</ele>
        <time>2026-03-15T13:41:41.676Z</time>
      </trkpt>
      <trkpt lat="46.232299" lon="23.505189">
        <ele>711.578</ele>
        <time>2026-03-15T13:41:46.676Z</time>
      </trkpt>
      <trkpt lat="46.232324" lon="23.505258">
        <ele>709.779</ele>
        <time>2026-03-15T13:41:51.676Z</time>
      </trkpt>
      <trkpt lat="46.232355" lon="23.505326">
        <ele>708.205</ele>
        <time>2026-03-15T13:41:56.676Z</time>
      </trkpt>
      <trkpt lat="46.232385" lon="23.505387">
        <ele>706.925</ele>
        <time>2026-03-15T13:42:00.676Z</time>
      </trkpt>
      <trkpt lat="46.232421" lon="23.505435">
        <ele>705.709</ele>
        <time>2026-03-15T13:42:04.676Z</time>
      </trkpt>
      <trkpt lat="46.232467" lon="23.505469">
        <ele>704.839</ele>
        <time>2026-03-15T13:42:10.676Z</time>
      </trkpt>
      <trkpt lat="46.232486" lon="23.505532">
        <ele>703.572</ele>
        <time>2026-03-15T13:42:14.676Z</time>
      </trkpt>
      <trkpt lat="46.232526" lon="23.505577">
        <ele>702.841</ele>
        <time>2026-03-15T13:42:19.676Z</time>
      </trkpt>
      <trkpt lat="46.232562" lon="23.505619">
        <ele>702.351</ele>
        <time>2026-03-15T13:42:24.676Z</time>
      </trkpt>
      <trkpt lat="46.232591" lon="23.505677">
        <ele>701.564</ele>
        <time>2026-03-15T13:42:29.675Z</time>
      </trkpt>
      <trkpt lat="46.232605" lon="23.505750">
        <ele>700.629</ele>
        <time>2026-03-15T13:42:33.675Z</time>
      </trkpt>
      <trkpt lat="46.232622" lon="23.505815">
        <ele>699.876</ele>
        <time>2026-03-15T13:42:37.675Z</time>
      </trkpt>
      <trkpt lat="46.232659" lon="23.505870">
        <ele>698.894</ele>
        <time>2026-03-15T13:42:42.676Z</time>
      </trkpt>
      <trkpt lat="46.232695" lon="23.505931">
        <ele>697.530</ele>
        <time>2026-03-15T13:42:46.676Z</time>
      </trkpt>
      <trkpt lat="46.232730" lon="23.505981">
        <ele>696.546</ele>
        <time>2026-03-15T13:42:50.676Z</time>
      </trkpt>
      <trkpt lat="46.232770" lon="23.506035">
        <ele>695.488</ele>
        <time>2026-03-15T13:42:55.676Z</time>
      </trkpt>
      <trkpt lat="46.232811" lon="23.506091">
        <ele>694.716</ele>
        <time>2026-03-15T13:43:00.676Z</time>
      </trkpt>
      <trkpt lat="46.232831" lon="23.506152">
        <ele>694.109</ele>
        <time>2026-03-15T13:43:04.675Z</time>
      </trkpt>
      <trkpt lat="46.232854" lon="23.506227">
        <ele>693.566</ele>
        <time>2026-03-15T13:43:09.676Z</time>
      </trkpt>
      <trkpt lat="46.232879" lon="23.506294">
        <ele>692.919</ele>
        <time>2026-03-15T13:43:13.676Z</time>
      </trkpt>
      <trkpt lat="46.232909" lon="23.506349">
        <ele>692.468</ele>
        <time>2026-03-15T13:43:18.675Z</time>
      </trkpt>
      <trkpt lat="46.232941" lon="23.506405">
        <ele>692.038</ele>
        <time>2026-03-15T13:43:23.675Z</time>
      </trkpt>
      <trkpt lat="46.232977" lon="23.506448">
        <ele>691.771</ele>
        <time>2026-03-15T13:43:27.675Z</time>
      </trkpt>
      <trkpt lat="46.233006" lon="23.506500">
        <ele>691.246</ele>
        <time>2026-03-15T13:43:31.675Z</time>
      </trkpt>
      <trkpt lat="46.233031" lon="23.506573">
        <ele>690.373</ele>
        <time>2026-03-15T13:43:36.676Z</time>
      </trkpt>
      <trkpt lat="46.233048" lon="23.506647">
        <ele>689.321</ele>
        <time>2026-03-15T13:43:41.675Z</time>
      </trkpt>
      <trkpt lat="46.233067" lon="23.506719">
        <ele>688.277</ele>
        <time>2026-03-15T13:43:47.675Z</time>
      </trkpt>
      <trkpt lat="46.233083" lon="23.506786">
        <ele>687.351</ele>
        <time>2026-03-15T13:43:53.675Z</time>
      </trkpt>
      <trkpt lat="46.233110" lon="23.506851">
        <ele>686.401</ele>
        <time>2026-03-15T13:43:58.675Z</time>
      </trkpt>
      <trkpt lat="46.233130" lon="23.506921">
        <ele>685.311</ele>
        <time>2026-03-15T13:44:03.676Z</time>
      </trkpt>
      <trkpt lat="46.233141" lon="23.506986">
        <ele>684.109</ele>
        <time>2026-03-15T13:44:07.676Z</time>
      </trkpt>
      <trkpt lat="46.233161" lon="23.507059">
        <ele>682.827</ele>
        <time>2026-03-15T13:44:11.676Z</time>
      </trkpt>
      <trkpt lat="46.233183" lon="23.507135">
        <ele>681.320</ele>
        <time>2026-03-15T13:44:16.675Z</time>
      </trkpt>
      <trkpt lat="46.233190" lon="23.507202">
        <ele>679.919</ele>
        <time>2026-03-15T13:44:20.676Z</time>
      </trkpt>
      <trkpt lat="46.233199" lon="23.507266">
        <ele>678.399</ele>
        <time>2026-03-15T13:44:24.675Z</time>
      </trkpt>
      <trkpt lat="46.233202" lon="23.507333">
        <ele>676.512</ele>
        <time>2026-03-15T13:44:29.676Z</time>
      </trkpt>
      <trkpt lat="46.233216" lon="23.507400">
        <ele>674.757</ele>
        <time>2026-03-15T13:44:34.675Z</time>
      </trkpt>
      <trkpt lat="46.233227" lon="23.507475">
        <ele>672.714</ele>
        <time>2026-03-15T13:44:39.676Z</time>
      </trkpt>
      <trkpt lat="46.233237" lon="23.507550">
        <ele>670.712</ele>
        <time>2026-03-15T13:44:44.675Z</time>
      </trkpt>
      <trkpt lat="46.233253" lon="23.507617">
        <ele>669.138</ele>
        <time>2026-03-15T13:44:49.675Z</time>
      </trkpt>
      <trkpt lat="46.233271" lon="23.507677">
        <ele>667.519</ele>
        <time>2026-03-15T13:44:53.675Z</time>
      </trkpt>
      <trkpt lat="46.233282" lon="23.507752">
        <ele>665.709</ele>
        <time>2026-03-15T13:44:58.674Z</time>
      </trkpt>
      <trkpt lat="46.233287" lon="23.507828">
        <ele>664.319</ele>
        <time>2026-03-15T13:45:03.675Z</time>
      </trkpt>
      <trkpt lat="46.233305" lon="23.507897">
        <ele>663.309</ele>
        <time>2026-03-15T13:45:08.675Z</time>
      </trkpt>
      <trkpt lat="46.233329" lon="23.507955">
        <ele>662.553</ele>
        <time>2026-03-15T13:45:13.675Z</time>
      </trkpt>
      <trkpt lat="46.233341" lon="23.508029">
        <ele>661.486</ele>
        <time>2026-03-15T13:45:18.675Z</time>
      </trkpt>
      <trkpt lat="46.233368" lon="23.508085">
        <ele>661.065</ele>
        <time>2026-03-15T13:45:26.675Z</time>
      </trkpt>
      <trkpt lat="46.233389" lon="23.508152">
        <ele>660.615</ele>
        <time>2026-03-15T13:45:32.674Z</time>
      </trkpt>
      <trkpt lat="46.233406" lon="23.508215">
        <ele>660.168</ele>
        <time>2026-03-15T13:45:38.675Z</time>
      </trkpt>
      <trkpt lat="46.233414" lon="23.508280">
        <ele>659.553</ele>
        <time>2026-03-15T13:45:42.675Z</time>
      </trkpt>
      <trkpt lat="46.233427" lon="23.508354">
        <ele>658.850</ele>
        <time>2026-03-15T13:45:46.675Z</time>
      </trkpt>
      <trkpt lat="46.233444" lon="23.508421">
        <ele>657.938</ele>
        <time>2026-03-15T13:45:52.675Z</time>
      </trkpt>
      <trkpt lat="46.233462" lon="23.508485">
        <ele>657.134</ele>
        <time>2026-03-15T13:45:57.675Z</time>
      </trkpt>
      <trkpt lat="46.233480" lon="23.508566">
        <ele>656.067</ele>
        <time>2026-03-15T13:46:02.674Z</time>
      </trkpt>
      <trkpt lat="46.233500" lon="23.508629">
        <ele>655.181</ele>
        <time>2026-03-15T13:46:05.675Z</time>
      </trkpt>
      <trkpt lat="46.233524" lon="23.508688">
        <ele>653.819</ele>
        <time>2026-03-15T13:46:09.674Z</time>
      </trkpt>
      <trkpt lat="46.233550" lon="23.508747">
        <ele>652.509</ele>
        <time>2026-03-15T13:46:14.674Z</time>
      </trkpt>
      <trkpt lat="46.233585" lon="23.508792">
        <ele>651.318</ele>
        <time>2026-03-15T13:46:18.675Z</time>
      </trkpt>
      <trkpt lat="46.233623" lon="23.508831">
        <ele>650.421</ele>
        <time>2026-03-15T13:46:26.674Z</time>
      </trkpt>
      <trkpt lat="46.233623" lon="23.508907">
        <ele>648.880</ele>
        <time>2026-03-15T13:46:33.675Z</time>
      </trkpt>
      <trkpt lat="46.233649" lon="23.508965">
        <ele>648.060</ele>
        <time>2026-03-15T13:46:37.675Z</time>
      </trkpt>
      <trkpt lat="46.233672" lon="23.509034">
        <ele>646.853</ele>
        <time>2026-03-15T13:46:41.674Z</time>
      </trkpt>
      <trkpt lat="46.233688" lon="23.509105">
        <ele>645.578</ele>
        <time>2026-03-15T13:46:46.674Z</time>
      </trkpt>
      <trkpt lat="46.233687" lon="23.509180">
        <ele>644.055</ele>
        <time>2026-03-15T13:46:52.674Z</time>
      </trkpt>
      <trkpt lat="46.233683" lon="23.509251">
        <ele>642.613</ele>
        <time>2026-03-15T13:46:57.675Z</time>
      </trkpt>
      <trkpt lat="46.233675" lon="23.509325">
        <ele>641.189</ele>
        <time>2026-03-15T13:47:15.675Z</time>
      </trkpt>
      <trkpt lat="46.233670" lon="23.509394">
        <ele>639.612</ele>
        <time>2026-03-15T13:47:20.674Z</time>
      </trkpt>
      <trkpt lat="46.233659" lon="23.509465">
        <ele>638.332</ele>
        <time>2026-03-15T13:47:26.674Z</time>
      </trkpt>
      <trkpt lat="46.233670" lon="23.509535">
        <ele>637.705</ele>
        <time>2026-03-15T13:47:31.674Z</time>
      </trkpt>
      <trkpt lat="46.233684" lon="23.509602">
        <ele>637.109</ele>
        <time>2026-03-15T13:47:36.674Z</time>
      </trkpt>
      <trkpt lat="46.233703" lon="23.509677">
        <ele>636.593</ele>
        <time>2026-03-15T13:47:41.674Z</time>
      </trkpt>
      <trkpt lat="46.233725" lon="23.509739">
        <ele>636.176</ele>
        <time>2026-03-15T13:47:45.675Z</time>
      </trkpt>
      <trkpt lat="46.233758" lon="23.509797">
        <ele>635.945</ele>
        <time>2026-03-15T13:47:50.674Z</time>
      </trkpt>
      <trkpt lat="46.233777" lon="23.509873">
        <ele>635.495</ele>
        <time>2026-03-15T13:47:55.675Z</time>
      </trkpt>
      <trkpt lat="46.233800" lon="23.509945">
        <ele>634.928</ele>
        <time>2026-03-15T13:48:00.675Z</time>
      </trkpt>
      <trkpt lat="46.233824" lon="23.510007">
        <ele>634.483</ele>
        <time>2026-03-15T13:48:05.674Z</time>
      </trkpt>
      <trkpt lat="46.233825" lon="23.510076">
        <ele>633.270</ele>
        <time>2026-03-15T13:48:12.674Z</time>
      </trkpt>
      <trkpt lat="46.233848" lon="23.510140">
        <ele>632.268</ele>
        <time>2026-03-15T13:48:17.674Z</time>
      </trkpt>
      <trkpt lat="46.233880" lon="23.510195">
        <ele>631.444</ele>
        <time>2026-03-15T13:48:22.675Z</time>
      </trkpt>
      <trkpt lat="46.233903" lon="23.510258">
        <ele>630.561</ele>
        <time>2026-03-15T13:48:27.674Z</time>
      </trkpt>
      <trkpt lat="46.233919" lon="23.510328">
        <ele>629.221</ele>
        <time>2026-03-15T13:48:33.674Z</time>
      </trkpt>
      <trkpt lat="46.233948" lon="23.510384">
        <ele>628.313</ele>
        <time>2026-03-15T13:48:38.674Z</time>
      </trkpt>
      <trkpt lat="46.233985" lon="23.510443">
        <ele>627.509</ele>
        <time>2026-03-15T13:48:43.675Z</time>
      </trkpt>
      <trkpt lat="46.234004" lon="23.510512">
        <ele>626.288</ele>
        <time>2026-03-15T13:48:49.675Z</time>
      </trkpt>
      <trkpt lat="46.234018" lon="23.510582">
        <ele>624.961</ele>
        <time>2026-03-15T13:48:55.675Z</time>
      </trkpt>
      <trkpt lat="46.234028" lon="23.510652">
        <ele>623.850</ele>
        <time>2026-03-15T13:49:01.675Z</time>
      </trkpt>
      <trkpt lat="46.234049" lon="23.510720">
        <ele>622.770</ele>
        <time>2026-03-15T13:49:06.674Z</time>
      </trkpt>
      <trkpt lat="46.234053" lon="23.510791">
        <ele>621.473</ele>
        <time>2026-03-15T13:49:11.675Z</time>
      </trkpt>
      <trkpt lat="46.234073" lon="23.510856">
        <ele>620.298</ele>
        <time>2026-03-15T13:49:16.675Z</time>
      </trkpt>
      <trkpt lat="46.234086" lon="23.510924">
        <ele>618.945</ele>
        <time>2026-03-15T13:49:21.674Z</time>
      </trkpt>
      <trkpt lat="46.234096" lon="23.511003">
        <ele>617.273</ele>
        <time>2026-03-15T13:49:26.675Z</time>
      </trkpt>
      <trkpt lat="46.234114" lon="23.511071">
        <ele>615.659</ele>
        <time>2026-03-15T13:49:30.675Z</time>
      </trkpt>
      <trkpt lat="46.234144" lon="23.511133">
        <ele>614.147</ele>
        <time>2026-03-15T13:49:35.675Z</time>
      </trkpt>
      <trkpt lat="46.234186" lon="23.511192">
        <ele>613.229</ele>
        <time>2026-03-15T13:49:39.674Z</time>
      </trkpt>
      <trkpt lat="46.234223" lon="23.511240">
        <ele>612.721</ele>
        <time>2026-03-15T13:49:43.675Z</time>
      </trkpt>
      <trkpt lat="46.234253" lon="23.511294">
        <ele>612.109</ele>
        <time>2026-03-15T13:49:47.675Z</time>
      </trkpt>
      <trkpt lat="46.234300" lon="23.511312">
        <ele>612.086</ele>
        <time>2026-03-15T13:49:51.674Z</time>
      </trkpt>
      <trkpt lat="46.234339" lon="23.511369">
        <ele>611.379</ele>
        <time>2026-03-15T13:49:56.674Z</time>
      </trkpt>
      <trkpt lat="46.234386" lon="23.511401">
        <ele>610.918</ele>
        <time>2026-03-15T13:50:00.675Z</time>
      </trkpt>
      <trkpt lat="46.234426" lon="23.511430">
        <ele>610.418</ele>
        <time>2026-03-15T13:50:04.675Z</time>
      </trkpt>
      <trkpt lat="46.234476" lon="23.511469">
        <ele>609.821</ele>
        <time>2026-03-15T13:50:09.675Z</time>
      </trkpt>
      <trkpt lat="46.234522" lon="23.511493">
        <ele>609.446</ele>
        <time>2026-03-15T13:50:14.674Z</time>
      </trkpt>
      <trkpt lat="46.234572" lon="23.511480">
        <ele>609.553</ele>
        <time>2026-03-15T13:50:24.675Z</time>
      </trkpt>
      <trkpt lat="46.234620" lon="23.511486">
        <ele>609.421</ele>
        <time>2026-03-15T13:50:28.674Z</time>
      </trkpt>
      <trkpt lat="46.234665" lon="23.511497">
        <ele>609.167</ele>
        <time>2026-03-15T13:50:32.674Z</time>
      </trkpt>
      <trkpt lat="46.234708" lon="23.511473">
        <ele>609.514</ele>
        <time>2026-03-15T13:50:36.674Z</time>
      </trkpt>
      <trkpt lat="46.234760" lon="23.511482">
        <ele>609.554</ele>
        <time>2026-03-15T13:50:41.675Z</time>
      </trkpt>
      <trkpt lat="46.234806" lon="23.511529">
        <ele>608.809</ele>
        <time>2026-03-15T13:50:47.674Z</time>
      </trkpt>
      <trkpt lat="46.234844" lon="23.511574">
        <ele>608.109</ele>
        <time>2026-03-15T13:50:52.675Z</time>
      </trkpt>
      <trkpt lat="46.234861" lon="23.511634">
        <ele>607.113</ele>
        <time>2026-03-15T13:50:56.675Z</time>
      </trkpt>
      <trkpt lat="46.234893" lon="23.511689">
        <ele>606.316</ele>
        <time>2026-03-15T13:51:01.675Z</time>
      </trkpt>
      <trkpt lat="46.234923" lon="23.511740">
        <ele>605.955</ele>
        <time>2026-03-15T13:51:05.674Z</time>
      </trkpt>
      <trkpt lat="46.234953" lon="23.511800">
        <ele>605.395</ele>
        <time>2026-03-15T13:51:09.674Z</time>
      </trkpt>
      <trkpt lat="46.234980" lon="23.511857">
        <ele>604.818</ele>
        <time>2026-03-15T13:51:14.675Z</time>
      </trkpt>
      <trkpt lat="46.235017" lon="23.511919">
        <ele>604.533</ele>
        <time>2026-03-15T13:51:20.675Z</time>
      </trkpt>
      <trkpt lat="46.235054" lon="23.511982">
        <ele>603.910</ele>
        <time>2026-03-15T13:51:25.674Z</time>
      </trkpt>
      <trkpt lat="46.235078" lon="23.512051">
        <ele>602.888</ele>
        <time>2026-03-15T13:51:30.675Z</time>
      </trkpt>
      <trkpt lat="46.235108" lon="23.512108">
        <ele>602.044</ele>
        <time>2026-03-15T13:51:35.675Z</time>
      </trkpt>
      <trkpt lat="46.235140" lon="23.512165">
        <ele>601.131</ele>
        <time>2026-03-15T13:51:39.675Z</time>
      </trkpt>
      <trkpt lat="46.235171" lon="23.512224">
        <ele>600.261</ele>
        <time>2026-03-15T13:51:44.674Z</time>
      </trkpt>
      <trkpt lat="46.235203" lon="23.512285">
        <ele>599.007</ele>
        <time>2026-03-15T13:51:50.675Z</time>
      </trkpt>
      <trkpt lat="46.235227" lon="23.512350">
        <ele>597.609</ele>
        <time>2026-03-15T13:51:55.675Z</time>
      </trkpt>
      <trkpt lat="46.235264" lon="23.512395">
        <ele>596.615</ele>
        <time>2026-03-15T13:52:02.675Z</time>
      </trkpt>
      <trkpt lat="46.235289" lon="23.512456">
        <ele>595.368</ele>
        <time>2026-03-15T13:52:06.675Z</time>
      </trkpt>
      <trkpt lat="46.235306" lon="23.512524">
        <ele>593.837</ele>
        <time>2026-03-15T13:52:10.674Z</time>
      </trkpt>
      <trkpt lat="46.235342" lon="23.512583">
        <ele>592.827</ele>
        <time>2026-03-15T13:52:16.674Z</time>
      </trkpt>
      <trkpt lat="46.235367" lon="23.512652">
        <ele>591.570</ele>
        <time>2026-03-15T13:52:21.675Z</time>
      </trkpt>
      <trkpt lat="46.235404" lon="23.512700">
        <ele>590.845</ele>
        <time>2026-03-15T13:52:26.675Z</time>
      </trkpt>
      <trkpt lat="46.235429" lon="23.512757">
        <ele>589.742</ele>
        <time>2026-03-15T13:52:30.675Z</time>
      </trkpt>
      <trkpt lat="46.235456" lon="23.512810">
        <ele>589.080</ele>
        <time>2026-03-15T13:52:34.674Z</time>
      </trkpt>
      <trkpt lat="46.235481" lon="23.512879">
        <ele>588.266</ele>
        <time>2026-03-15T13:52:39.674Z</time>
      </trkpt>
      <trkpt lat="46.235505" lon="23.512936">
        <ele>587.568</ele>
        <time>2026-03-15T13:52:44.674Z</time>
      </trkpt>
      <trkpt lat="46.235520" lon="23.513005">
        <ele>586.542</ele>
        <time>2026-03-15T13:52:49.674Z</time>
      </trkpt>
      <trkpt lat="46.235533" lon="23.513082">
        <ele>585.526</ele>
        <time>2026-03-15T13:52:54.675Z</time>
      </trkpt>
      <trkpt lat="46.235554" lon="23.513150">
        <ele>585.009</ele>
        <time>2026-03-15T13:52:59.674Z</time>
      </trkpt>
      <trkpt lat="46.235564" lon="23.513218">
        <ele>584.338</ele>
        <time>2026-03-15T13:53:07.675Z</time>
      </trkpt>
      <trkpt lat="46.235577" lon="23.513292">
        <ele>583.591</ele>
        <time>2026-03-15T13:53:12.674Z</time>
      </trkpt>
      <trkpt lat="46.235577" lon="23.513359">
        <ele>582.530</ele>
        <time>2026-03-15T13:53:16.675Z</time>
      </trkpt>
      <trkpt lat="46.235592" lon="23.513423">
        <ele>581.430</ele>
        <time>2026-03-15T13:53:21.674Z</time>
      </trkpt>
      <trkpt lat="46.235614" lon="23.513489">
        <ele>580.343</ele>
        <time>2026-03-15T13:53:26.674Z</time>
      </trkpt>
      <trkpt lat="46.235661" lon="23.513520">
        <ele>579.988</ele>
        <time>2026-03-15T13:53:31.674Z</time>
      </trkpt>
      <trkpt lat="46.235708" lon="23.513538">
        <ele>579.745</ele>
        <time>2026-03-15T13:53:36.675Z</time>
      </trkpt>
      <trkpt lat="46.235720" lon="23.513612">
        <ele>578.623</ele>
        <time>2026-03-15T13:53:40.675Z</time>
      </trkpt>
      <trkpt lat="46.235735" lon="23.513677">
        <ele>577.449</ele>
        <time>2026-03-15T13:53:45.674Z</time>
      </trkpt>
      <trkpt lat="46.235786" lon="23.513721">
        <ele>576.611</ele>
        <time>2026-03-15T13:53:50.674Z</time>
      </trkpt>
      <trkpt lat="46.235806" lon="23.513786">
        <ele>575.221</ele>
        <time>2026-03-15T13:53:54.675Z</time>
      </trkpt>
      <trkpt lat="46.235810" lon="23.513865">
        <ele>573.603</ele>
        <time>2026-03-15T13:53:59.674Z</time>
      </trkpt>
      <trkpt lat="46.235823" lon="23.513942">
        <ele>572.109</ele>
        <time>2026-03-15T13:54:04.674Z</time>
      </trkpt>
      <trkpt lat="46.235840" lon="23.514023">
        <ele>570.663</ele>
        <time>2026-03-15T13:54:10.674Z</time>
      </trkpt>
      <trkpt lat="46.235858" lon="23.514097">
        <ele>569.416</ele>
        <time>2026-03-15T13:54:15.675Z</time>
      </trkpt>
      <trkpt lat="46.235886" lon="23.514151">
        <ele>568.515</ele>
        <time>2026-03-15T13:54:20.674Z</time>
      </trkpt>
      <trkpt lat="46.235930" lon="23.514168">
        <ele>568.395</ele>
        <time>2026-03-15T13:54:35.674Z</time>
      </trkpt>
      <trkpt lat="46.235960" lon="23.514224">
        <ele>567.538</ele>
        <time>2026-03-15T13:54:43.675Z</time>
      </trkpt>
      <trkpt lat="46.235971" lon="23.514290">
        <ele>566.543</ele>
        <time>2026-03-15T13:54:48.674Z</time>
      </trkpt>
      <trkpt lat="46.235978" lon="23.514370">
        <ele>565.290</ele>
        <time>2026-03-15T13:54:52.674Z</time>
      </trkpt>
      <trkpt lat="46.236017" lon="23.514431">
        <ele>564.248</ele>
        <time>2026-03-15T13:54:58Z</time>
      </trkpt>
      <trkpt lat="46.236059" lon="23.514461">
        <ele>563.834</ele>
        <time>2026-03-15T13:55:01Z</time>
      </trkpt>
      <trkpt lat="46.236085" lon="23.514524">
        <ele>562.718</ele>
        <time>2026-03-15T13:55:08.674Z</time>
      </trkpt>
      <trkpt lat="46.236132" lon="23.514556">
        <ele>562.198</ele>
        <time>2026-03-15T13:55:17.675Z</time>
      </trkpt>
      <trkpt lat="46.236159" lon="23.514618">
        <ele>561.117</ele>
        <time>2026-03-15T13:55:27.675Z</time>
      </trkpt>
      <trkpt lat="46.236201" lon="23.514662">
        <ele>560.309</ele>
        <time>2026-03-15T13:55:32.675Z</time>
      </trkpt>
      <trkpt lat="46.236221" lon="23.514724">
        <ele>559.043</ele>
        <time>2026-03-15T13:55:38.674Z</time>
      </trkpt>
      <trkpt lat="46.236243" lon="23.514782">
        <ele>558.286</ele>
        <time>2026-03-15T13:55:43.675Z</time>
      </trkpt>
      <trkpt lat="46.236273" lon="23.514831">
        <ele>557.445</ele>
        <time>2026-03-15T13:55:47.674Z</time>
      </trkpt>
      <trkpt lat="46.236321" lon="23.514864">
        <ele>556.755</ele>
        <time>2026-03-15T13:55:51.674Z</time>
      </trkpt>
      <trkpt lat="46.236355" lon="23.514908">
        <ele>555.878</ele>
        <time>2026-03-15T13:55:55.675Z</time>
      </trkpt>
      <trkpt lat="46.236377" lon="23.514965">
        <ele>554.743</ele>
        <time>2026-03-15T13:55:59.674Z</time>
      </trkpt>
      <trkpt lat="46.236400" lon="23.515022">
        <ele>554.190</ele>
        <time>2026-03-15T13:56:03.675Z</time>
      </trkpt>
      <trkpt lat="46.236432" lon="23.515091">
        <ele>554.138</ele>
        <time>2026-03-15T13:56:08.675Z</time>
      </trkpt>
      <trkpt lat="46.236457" lon="23.515145">
        <ele>554.164</ele>
        <time>2026-03-15T13:56:12.674Z</time>
      </trkpt>
      <trkpt lat="46.236484" lon="23.515206">
        <ele>553.989</ele>
        <time>2026-03-15T13:56:17.675Z</time>
      </trkpt>
      <trkpt lat="46.236497" lon="23.515280">
        <ele>553.406</ele>
        <time>2026-03-15T13:56:23.674Z</time>
      </trkpt>
      <trkpt lat="46.236511" lon="23.515347">
        <ele>553.226</ele>
        <time>2026-03-15T13:56:30.674Z</time>
      </trkpt>
      <trkpt lat="46.236512" lon="23.515418">
        <ele>552.909</ele>
        <time>2026-03-15T13:56:37.674Z</time>
      </trkpt>
      <trkpt lat="46.236553" lon="23.515460">
        <ele>552.920</ele>
        <time>2026-03-15T13:56:48.675Z</time>
      </trkpt>
      <trkpt lat="46.236591" lon="23.515498">
        <ele>552.923</ele>
        <time>2026-03-15T13:56:52.675Z</time>
      </trkpt>
      <trkpt lat="46.236617" lon="23.515560">
        <ele>552.822</ele>
        <time>2026-03-15T13:56:57.675Z</time>
      </trkpt>
      <trkpt lat="46.236656" lon="23.515610">
        <ele>552.682</ele>
        <time>2026-03-15T13:57:02.674Z</time>
      </trkpt>
      <trkpt lat="46.236676" lon="23.515672">
        <ele>552.185</ele>
        <time>2026-03-15T13:57:09.674Z</time>
      </trkpt>
      <trkpt lat="46.236679" lon="23.515740">
        <ele>551.650</ele>
        <time>2026-03-15T13:57:16.673Z</time>
      </trkpt>
      <trkpt lat="46.236693" lon="23.515811">
        <ele>551.037</ele>
        <time>2026-03-15T13:57:22.674Z</time>
      </trkpt>
      <trkpt lat="46.236719" lon="23.515867">
        <ele>550.535</ele>
        <time>2026-03-15T13:57:27.673Z</time>
      </trkpt>
      <trkpt lat="46.236746" lon="23.515922">
        <ele>549.931</ele>
        <time>2026-03-15T13:57:31.673Z</time>
      </trkpt>
      <trkpt lat="46.236797" lon="23.515960">
        <ele>549.213</ele>
        <time>2026-03-15T13:57:35.673Z</time>
      </trkpt>
      <trkpt lat="46.236827" lon="23.516010">
        <ele>548.543</ele>
        <time>2026-03-15T13:57:39.673Z</time>
      </trkpt>
      <trkpt lat="46.236854" lon="23.516072">
        <ele>547.607</ele>
        <time>2026-03-15T13:57:44.673Z</time>
      </trkpt>
      <trkpt lat="46.236875" lon="23.516139">
        <ele>546.909</ele>
        <time>2026-03-15T13:57:49.673Z</time>
      </trkpt>
      <trkpt lat="46.236912" lon="23.516189">
        <ele>546.213</ele>
        <time>2026-03-15T13:57:53.673Z</time>
      </trkpt>
      <trkpt lat="46.236937" lon="23.516250">
        <ele>545.696</ele>
        <time>2026-03-15T13:57:57Z</time>
      </trkpt>
      <trkpt lat="46.236963" lon="23.516310">
        <ele>545.285</ele>
        <time>2026-03-15T13:58:03.674Z</time>
      </trkpt>
      <trkpt lat="46.236982" lon="23.516370">
        <ele>544.875</ele>
        <time>2026-03-15T13:58:07.673Z</time>
      </trkpt>
      <trkpt lat="46.237016" lon="23.516418">
        <ele>544.288</ele>
        <time>2026-03-15T13:58:11.674Z</time>
      </trkpt>
      <trkpt lat="46.237049" lon="23.516471">
        <ele>543.513</ele>
        <time>2026-03-15T13:58:16.673Z</time>
      </trkpt>
      <trkpt lat="46.237060" lon="23.516536">
        <ele>542.810</ele>
        <time>2026-03-15T13:58:20.674Z</time>
      </trkpt>
      <trkpt lat="46.237095" lon="23.516586">
        <ele>542.258</ele>
        <time>2026-03-15T13:58:24.674Z</time>
      </trkpt>
      <trkpt lat="46.237141" lon="23.516628">
        <ele>541.634</ele>
        <time>2026-03-15T13:58:30.673Z</time>
      </trkpt>
      <trkpt lat="46.237156" lon="23.516705">
        <ele>541.196</ele>
        <time>2026-03-15T13:58:35Z</time>
      </trkpt>
      <trkpt lat="46.237158" lon="23.516778">
        <ele>540.731</ele>
        <time>2026-03-15T13:58:40.674Z</time>
      </trkpt>
      <trkpt lat="46.237161" lon="23.516850">
        <ele>540.424</ele>
        <time>2026-03-15T13:58:45.674Z</time>
      </trkpt>
      <trkpt lat="46.237157" lon="23.516934">
        <ele>540.009</ele>
        <time>2026-03-15T13:58:50.674Z</time>
      </trkpt>
      <trkpt lat="46.237163" lon="23.516999">
        <ele>539.531</ele>
        <time>2026-03-15T13:58:54.674Z</time>
      </trkpt>
      <trkpt lat="46.237159" lon="23.517066">
        <ele>539.094</ele>
        <time>2026-03-15T13:58:59.674Z</time>
      </trkpt>
      <trkpt lat="46.237162" lon="23.517140">
        <ele>538.383</ele>
        <time>2026-03-15T13:59:05.673Z</time>
      </trkpt>
      <trkpt lat="46.237163" lon="23.517218">
        <ele>537.753</ele>
        <time>2026-03-15T13:59:09.674Z</time>
      </trkpt>
      <trkpt lat="46.237171" lon="23.517295">
        <ele>537.136</ele>
        <time>2026-03-15T13:59:14.673Z</time>
      </trkpt>
      <trkpt lat="46.237187" lon="23.517361">
        <ele>536.431</ele>
        <time>2026-03-15T13:59:18.674Z</time>
      </trkpt>
      <trkpt lat="46.237205" lon="23.517433">
        <ele>535.778</ele>
        <time>2026-03-15T13:59:22.674Z</time>
      </trkpt>
      <trkpt lat="46.237234" lon="23.517501">
        <ele>534.876</ele>
        <time>2026-03-15T13:59:26.673Z</time>
      </trkpt>
      <trkpt lat="46.237272" lon="23.517553">
        <ele>533.762</ele>
        <time>2026-03-15T13:59:30.673Z</time>
      </trkpt>
      <trkpt lat="46.237297" lon="23.517623">
        <ele>532.755</ele>
        <time>2026-03-15T13:59:34.673Z</time>
      </trkpt>
      <trkpt lat="46.237335" lon="23.517681">
        <ele>531.707</ele>
        <time>2026-03-15T13:59:38.674Z</time>
      </trkpt>
      <trkpt lat="46.237353" lon="23.517753">
        <ele>530.817</ele>
        <time>2026-03-15T13:59:43.673Z</time>
      </trkpt>
      <trkpt lat="46.237381" lon="23.517817">
        <ele>530.109</ele>
        <time>2026-03-15T13:59:48.673Z</time>
      </trkpt>
      <trkpt lat="46.237401" lon="23.517879">
        <ele>529.527</ele>
        <time>2026-03-15T13:59:53.673Z</time>
      </trkpt>
      <trkpt lat="46.237429" lon="23.517945">
        <ele>528.790</ele>
        <time>2026-03-15T13:59:58.674Z</time>
      </trkpt>
      <trkpt lat="46.237458" lon="23.518008">
        <ele>527.979</ele>
        <time>2026-03-15T14:00:03.673Z</time>
      </trkpt>
      <trkpt lat="46.237487" lon="23.518060">
        <ele>527.239</ele>
        <time>2026-03-15T14:00:09.674Z</time>
      </trkpt>
      <trkpt lat="46.237519" lon="23.518117">
        <ele>526.392</ele>
        <time>2026-03-15T14:00:15.674Z</time>
      </trkpt>
      <trkpt lat="46.237559" lon="23.518169">
        <ele>525.057</ele>
        <time>2026-03-15T14:00:20.674Z</time>
      </trkpt>
      <trkpt lat="46.237587" lon="23.518240">
        <ele>523.914</ele>
        <time>2026-03-15T14:00:25.674Z</time>
      </trkpt>
      <trkpt lat="46.237609" lon="23.518309">
        <ele>523.082</ele>
        <time>2026-03-15T14:00:30.674Z</time>
      </trkpt>
      <trkpt lat="46.237627" lon="23.518378">
        <ele>522.458</ele>
        <time>2026-03-15T14:00:34.673Z</time>
      </trkpt>
      <trkpt lat="46.237645" lon="23.518441">
        <ele>522.076</ele>
        <time>2026-03-15T14:00:38.674Z</time>
      </trkpt>
      <trkpt lat="46.237665" lon="23.518501">
        <ele>521.690</ele>
        <time>2026-03-15T14:00:42.673Z</time>
      </trkpt>
      <trkpt lat="46.237705" lon="23.518536">
        <ele>520.619</ele>
        <time>2026-03-15T14:00:49.674Z</time>
      </trkpt>
      <trkpt lat="46.237738" lon="23.518592">
        <ele>519.909</ele>
        <time>2026-03-15T14:00:54.673Z</time>
      </trkpt>
      <trkpt lat="46.237771" lon="23.518637">
        <ele>519.229</ele>
        <time>2026-03-15T14:00:59.674Z</time>
      </trkpt>
      <trkpt lat="46.237803" lon="23.518689">
        <ele>518.772</ele>
        <time>2026-03-15T14:01:04.674Z</time>
      </trkpt>
      <trkpt lat="46.237836" lon="23.518741">
        <ele>518.481</ele>
        <time>2026-03-15T14:01:09.673Z</time>
      </trkpt>
      <trkpt lat="46.237862" lon="23.518804">
        <ele>518.171</ele>
        <time>2026-03-15T14:01:15.673Z</time>
      </trkpt>
      <trkpt lat="46.237886" lon="23.518861">
        <ele>517.854</ele>
        <time>2026-03-15T14:01:20.674Z</time>
      </trkpt>
      <trkpt lat="46.237913" lon="23.518921">
        <ele>517.439</ele>
        <time>2026-03-15T14:01:25.673Z</time>
      </trkpt>
      <trkpt lat="46.237943" lon="23.518974">
        <ele>516.846</ele>
        <time>2026-03-15T14:01:30.674Z</time>
      </trkpt>
      <trkpt lat="46.237980" lon="23.519021">
        <ele>516.274</ele>
        <time>2026-03-15T14:01:36.673Z</time>
      </trkpt>
      <trkpt lat="46.238019" lon="23.519063">
        <ele>515.770</ele>
        <time>2026-03-15T14:01:41.674Z</time>
      </trkpt>
      <trkpt lat="46.238058" lon="23.519108">
        <ele>515.248</ele>
        <time>2026-03-15T14:01:46.673Z</time>
      </trkpt>
      <trkpt lat="46.238097" lon="23.519163">
        <ele>515.061</ele>
        <time>2026-03-15T14:01:52.673Z</time>
      </trkpt>
      <trkpt lat="46.238128" lon="23.519218">
        <ele>514.417</ele>
        <time>2026-03-15T14:01:57.674Z</time>
      </trkpt>
      <trkpt lat="46.238163" lon="23.519275">
        <ele>513.809</ele>
        <time>2026-03-15T14:02:03.673Z</time>
      </trkpt>
      <trkpt lat="46.238184" lon="23.519333">
        <ele>513.296</ele>
        <time>2026-03-15T14:02:09.674Z</time>
      </trkpt>
      <trkpt lat="46.238203" lon="23.519392">
        <ele>512.689</ele>
        <time>2026-03-15T14:02:14.673Z</time>
      </trkpt>
      <trkpt lat="46.238218" lon="23.519458">
        <ele>511.898</ele>
        <time>2026-03-15T14:02:19.673Z</time>
      </trkpt>
      <trkpt lat="46.238237" lon="23.519527">
        <ele>510.988</ele>
        <time>2026-03-15T14:02:25.674Z</time>
      </trkpt>
      <trkpt lat="46.238262" lon="23.519582">
        <ele>510.191</ele>
        <time>2026-03-15T14:02:30.673Z</time>
      </trkpt>
      <trkpt lat="46.238278" lon="23.519647">
        <ele>509.266</ele>
        <time>2026-03-15T14:02:35.673Z</time>
      </trkpt>
      <trkpt lat="46.238298" lon="23.519707">
        <ele>508.333</ele>
        <time>2026-03-15T14:02:41.674Z</time>
      </trkpt>
      <trkpt lat="46.238323" lon="23.519765">
        <ele>507.671</ele>
        <time>2026-03-15T14:02:47Z</time>
      </trkpt>
      <trkpt lat="46.238327" lon="23.519843">
        <ele>506.717</ele>
        <time>2026-03-15T14:02:51.674Z</time>
      </trkpt>
      <trkpt lat="46.238338" lon="23.519906">
        <ele>505.955</ele>
        <time>2026-03-15T14:02:55.674Z</time>
      </trkpt>
      <trkpt lat="46.238371" lon="23.519950">
        <ele>504.907</ele>
        <time>2026-03-15T14:03:01.673Z</time>
      </trkpt>
      <trkpt lat="46.238397" lon="23.520013">
        <ele>504.017</ele>
        <time>2026-03-15T14:03:06Z</time>
      </trkpt>
      <trkpt lat="46.238425" lon="23.520077">
        <ele>503.009</ele>
        <time>2026-03-15T14:03:11.673Z</time>
      </trkpt>
      <trkpt lat="46.238455" lon="23.520132">
        <ele>502.157</ele>
        <time>2026-03-15T14:03:16.674Z</time>
      </trkpt>
      <trkpt lat="46.238478" lon="23.520198">
        <ele>501.110</ele>
        <time>2026-03-15T14:03:21.674Z</time>
      </trkpt>
      <trkpt lat="46.238503" lon="23.520258">
        <ele>500.119</ele>
        <time>2026-03-15T14:03:28.673Z</time>
      </trkpt>
      <trkpt lat="46.238510" lon="23.520325">
        <ele>499.579</ele>
        <time>2026-03-15T14:03:35.673Z</time>
      </trkpt>
      <trkpt lat="46.238552" lon="23.520372">
        <ele>498.482</ele>
        <time>2026-03-15T14:03:47.674Z</time>
      </trkpt>
      <trkpt lat="46.238558" lon="23.520451">
        <ele>497.797</ele>
        <time>2026-03-15T14:03:51.674Z</time>
      </trkpt>
      <trkpt lat="46.238575" lon="23.520511">
        <ele>497.024</ele>
        <time>2026-03-15T14:03:55.673Z</time>
      </trkpt>
      <trkpt lat="46.238594" lon="23.520576">
        <ele>496.272</ele>
        <time>2026-03-15T14:04:01.673Z</time>
      </trkpt>
      <trkpt lat="46.238616" lon="23.520645">
        <ele>495.688</ele>
        <time>2026-03-15T14:04:07.674Z</time>
      </trkpt>
      <trkpt lat="46.238634" lon="23.520709">
        <ele>495.178</ele>
        <time>2026-03-15T14:04:12.674Z</time>
      </trkpt>
      <trkpt lat="46.238664" lon="23.520767">
        <ele>494.533</ele>
        <time>2026-03-15T14:04:18.674Z</time>
      </trkpt>
      <trkpt lat="46.238673" lon="23.520834">
        <ele>494.126</ele>
        <time>2026-03-15T14:04:23.673Z</time>
      </trkpt>
      <trkpt lat="46.238693" lon="23.520905">
        <ele>493.509</ele>
        <time>2026-03-15T14:04:28.674Z</time>
      </trkpt>
      <trkpt lat="46.238714" lon="23.520966">
        <ele>492.959</ele>
        <time>2026-03-15T14:04:33.673Z</time>
      </trkpt>
      <trkpt lat="46.238718" lon="23.521040">
        <ele>492.492</ele>
        <time>2026-03-15T14:04:38.673Z</time>
      </trkpt>
      <trkpt lat="46.238740" lon="23.521109">
        <ele>491.721</ele>
        <time>2026-03-15T14:04:43.673Z</time>
      </trkpt>
      <trkpt lat="46.238783" lon="23.521142">
        <ele>490.741</ele>
        <time>2026-03-15T14:04:48.673Z</time>
      </trkpt>
      <trkpt lat="46.238826" lon="23.521179">
        <ele>489.664</ele>
        <time>2026-03-15T14:04:54.674Z</time>
      </trkpt>
      <trkpt lat="46.238860" lon="23.521234">
        <ele>488.359</ele>
        <time>2026-03-15T14:04:58.673Z</time>
      </trkpt>
      <trkpt lat="46.238894" lon="23.521289">
        <ele>487.056</ele>
        <time>2026-03-15T14:05:03.673Z</time>
      </trkpt>
      <trkpt lat="46.238923" lon="23.521349">
        <ele>486.254</ele>
        <time>2026-03-15T14:05:08.673Z</time>
      </trkpt>
      <trkpt lat="46.238952" lon="23.521403">
        <ele>485.480</ele>
        <time>2026-03-15T14:05:18.674Z</time>
      </trkpt>
      <trkpt lat="46.239003" lon="23.521430">
        <ele>484.776</ele>
        <time>2026-03-15T14:05:23.673Z</time>
      </trkpt>
      <trkpt lat="46.239022" lon="23.521490">
        <ele>483.890</ele>
        <time>2026-03-15T14:05:30.674Z</time>
      </trkpt>
      <trkpt lat="46.239067" lon="23.521513">
        <ele>483.119</ele>
        <time>2026-03-15T14:05:35Z</time>
      </trkpt>
      <trkpt lat="46.239116" lon="23.521504">
        <ele>482.809</ele>
        <time>2026-03-15T14:05:43.673Z</time>
      </trkpt>
      <trkpt lat="46.239155" lon="23.521553">
        <ele>481.749</ele>
        <time>2026-03-15T14:05:49.674Z</time>
      </trkpt>
      <trkpt lat="46.239191" lon="23.521597">
        <ele>480.862</ele>
        <time>2026-03-15T14:05:54.673Z</time>
      </trkpt>
      <trkpt lat="46.239234" lon="23.521636">
        <ele>479.961</ele>
        <time>2026-03-15T14:05:59.674Z</time>
      </trkpt>
      <trkpt lat="46.239271" lon="23.521683">
        <ele>479.021</ele>
        <time>2026-03-15T14:06:04.674Z</time>
      </trkpt>
      <trkpt lat="46.239293" lon="23.521748">
        <ele>477.784</ele>
        <time>2026-03-15T14:06:09.673Z</time>
      </trkpt>
      <trkpt lat="46.239334" lon="23.521800">
        <ele>476.319</ele>
        <time>2026-03-15T14:06:15.674Z</time>
      </trkpt>
      <trkpt lat="46.239375" lon="23.521843">
        <ele>475.066</ele>
        <time>2026-03-15T14:06:20.674Z</time>
      </trkpt>
      <trkpt lat="46.239400" lon="23.521906">
        <ele>473.444</ele>
        <time>2026-03-15T14:06:26.674Z</time>
      </trkpt>
      <trkpt lat="46.239436" lon="23.521959">
        <ele>472.060</ele>
        <time>2026-03-15T14:06:31.674Z</time>
      </trkpt>
      <trkpt lat="46.239476" lon="23.521997">
        <ele>470.992</ele>
        <time>2026-03-15T14:06:37.674Z</time>
      </trkpt>
      <trkpt lat="46.239512" lon="23.522047">
        <ele>469.973</ele>
        <time>2026-03-15T14:06:43.674Z</time>
      </trkpt>
      <trkpt lat="46.239549" lon="23.522094">
        <ele>468.920</ele>
        <time>2026-03-15T14:06:49.674Z</time>
      </trkpt>
      <trkpt lat="46.239584" lon="23.522151">
        <ele>468.009</ele>
        <time>2026-03-15T14:06:54.674Z</time>
      </trkpt>
      <trkpt lat="46.239621" lon="23.522198">
        <ele>467.241</ele>
        <time>2026-03-15T14:06:59Z</time>
      </trkpt>
      <trkpt lat="46.239663" lon="23.522230">
        <ele>466.634</ele>
        <time>2026-03-15T14:07:04.673Z</time>
      </trkpt>
      <trkpt lat="46.239702" lon="23.522265">
        <ele>465.993</ele>
        <time>2026-03-15T14:07:08.673Z</time>
      </trkpt>
      <trkpt lat="46.239741" lon="23.522310">
        <ele>465.233</ele>
        <time>2026-03-15T14:07:14.674Z</time>
      </trkpt>
      <trkpt lat="46.239777" lon="23.522369">
        <ele>464.546</ele>
        <time>2026-03-15T14:07:19.673Z</time>
      </trkpt>
      <trkpt lat="46.239814" lon="23.522405">
        <ele>463.921</ele>
        <time>2026-03-15T14:07:24.673Z</time>
      </trkpt>
      <trkpt lat="46.239858" lon="23.522431">
        <ele>463.418</ele>
        <time>2026-03-15T14:07:29.674Z</time>
      </trkpt>
      <trkpt lat="46.239904" lon="23.522442">
        <ele>463.066</ele>
        <time>2026-03-15T14:07:34.674Z</time>
      </trkpt>
      <trkpt lat="46.239951" lon="23.522462">
        <ele>462.522</ele>
        <time>2026-03-15T14:07:40.674Z</time>
      </trkpt>
      <trkpt lat="46.240000" lon="23.522480">
        <ele>462.136</ele>
        <time>2026-03-15T14:07:46.674Z</time>
      </trkpt>
      <trkpt lat="46.240050" lon="23.522482">
        <ele>461.217</ele>
        <time>2026-03-15T14:07:51.674Z</time>
      </trkpt>
      <trkpt lat="46.240099" lon="23.522491">
        <ele>460.318</ele>
        <time>2026-03-15T14:07:57Z</time>
      </trkpt>
      <trkpt lat="46.240148" lon="23.522505">
        <ele>459.309</ele>
        <time>2026-03-15T14:08:04.673Z</time>
      </trkpt>
      <trkpt lat="46.240199" lon="23.522506">
        <ele>458.435</ele>
        <time>2026-03-15T14:08:09.673Z</time>
      </trkpt>
      <trkpt lat="46.240249" lon="23.522484">
        <ele>457.668</ele>
        <time>2026-03-15T14:08:15.673Z</time>
      </trkpt>
      <trkpt lat="46.240299" lon="23.522478">
        <ele>456.797</ele>
        <time>2026-03-15T14:08:21.674Z</time>
      </trkpt>
      <trkpt lat="46.240344" lon="23.522457">
        <ele>455.767</ele>
        <time>2026-03-15T14:08:27.674Z</time>
      </trkpt>
      <trkpt lat="46.240389" lon="23.522448">
        <ele>454.740</ele>
        <time>2026-03-15T14:08:31.674Z</time>
      </trkpt>
      <trkpt lat="46.240439" lon="23.522446">
        <ele>453.545</ele>
        <time>2026-03-15T14:08:37.673Z</time>
      </trkpt>
      <trkpt lat="46.240491" lon="23.522452">
        <ele>452.212</ele>
        <time>2026-03-15T14:08:43.674Z</time>
      </trkpt>
      <trkpt lat="46.240543" lon="23.522451">
        <ele>451.050</ele>
        <time>2026-03-15T14:08:49.674Z</time>
      </trkpt>
      <trkpt lat="46.240592" lon="23.522466">
        <ele>449.716</ele>
        <time>2026-03-15T14:08:54.673Z</time>
      </trkpt>
      <trkpt lat="46.240637" lon="23.522496">
        <ele>448.697</ele>
        <time>2026-03-15T14:08:59.674Z</time>
      </trkpt>
      <trkpt lat="46.240682" lon="23.522515">
        <ele>447.423</ele>
        <time>2026-03-15T14:09:04.674Z</time>
      </trkpt>
      <trkpt lat="46.240730" lon="23.522547">
        <ele>446.325</ele>
        <time>2026-03-15T14:09:09.673Z</time>
      </trkpt>
      <trkpt lat="46.240775" lon="23.522569">
        <ele>445.109</ele>
        <time>2026-03-15T14:09:13.674Z</time>
      </trkpt>
      <trkpt lat="46.240823" lon="23.522599">
        <ele>444.061</ele>
        <time>2026-03-15T14:09:18.673Z</time>
      </trkpt>
      <trkpt lat="46.240864" lon="23.522628">
        <ele>443.214</ele>
        <time>2026-03-15T14:09:24.673Z</time>
      </trkpt>
      <trkpt lat="46.240911" lon="23.522669">
        <ele>442.423</ele>
        <time>2026-03-15T14:09:29.674Z</time>
      </trkpt>
      <trkpt lat="46.240962" lon="23.522694">
        <ele>441.313</ele>
        <time>2026-03-15T14:09:34.673Z</time>
      </trkpt>
      <trkpt lat="46.241006" lon="23.522720">
        <ele>440.466</ele>
        <time>2026-03-15T14:09:40.674Z</time>
      </trkpt>
      <trkpt lat="46.241054" lon="23.522747">
        <ele>439.331</ele>
        <time>2026-03-15T14:09:46.674Z</time>
      </trkpt>
      <trkpt lat="46.241093" lon="23.522794">
        <ele>438.578</ele>
        <time>2026-03-15T14:09:52.674Z</time>
      </trkpt>
      <trkpt lat="46.241129" lon="23.522840">
        <ele>437.566</ele>
        <time>2026-03-15T14:09:58.673Z</time>
      </trkpt>
      <trkpt lat="46.241166" lon="23.522880">
        <ele>436.532</ele>
        <time>2026-03-15T14:10:03.674Z</time>
      </trkpt>
      <trkpt lat="46.241207" lon="23.522910">
        <ele>435.448</ele>
        <time>2026-03-15T14:10:09.674Z</time>
      </trkpt>
      <trkpt lat="46.241247" lon="23.522943">
        <ele>434.461</ele>
        <time>2026-03-15T14:10:15.674Z</time>
      </trkpt>
      <trkpt lat="46.241289" lon="23.522968">
        <ele>433.317</ele>
        <time>2026-03-15T14:10:21.673Z</time>
      </trkpt>
      <trkpt lat="46.241329" lon="23.523005">
        <ele>432.409</ele>
        <time>2026-03-15T14:10:27.673Z</time>
      </trkpt>
      <trkpt lat="46.241376" lon="23.523024">
        <ele>431.246</ele>
        <time>2026-03-15T14:10:33.674Z</time>
      </trkpt>
      <trkpt lat="46.241420" lon="23.523054">
        <ele>429.939</ele>
        <time>2026-03-15T14:10:40.674Z</time>
      </trkpt>
      <trkpt lat="46.241471" lon="23.523052">
        <ele>428.018</ele>
        <time>2026-03-15T14:10:45.674Z</time>
      </trkpt>
      <trkpt lat="46.241518" lon="23.523058">
        <ele>426.388</ele>
        <time>2026-03-15T14:10:51.674Z</time>
      </trkpt>
      <trkpt lat="46.241564" lon="23.523070">
        <ele>424.671</ele>
        <time>2026-03-15T14:11:04.674Z</time>
      </trkpt>
      <trkpt lat="46.241611" lon="23.523079">
        <ele>422.956</ele>
        <time>2026-03-15T14:12:02.674Z</time>
      </trkpt>
      <trkpt lat="46.241652" lon="23.523121">
        <ele>421.313</ele>
        <time>2026-03-15T14:12:08.674Z</time>
      </trkpt>
      <trkpt lat="46.241703" lon="23.523134">
        <ele>419.941</ele>
        <time>2026-03-15T14:12:13.672Z</time>
      </trkpt>
      <trkpt lat="46.241754" lon="23.523122">
        <ele>418.887</ele>
        <time>2026-03-15T14:12:19.672Z</time>
      </trkpt>
      <trkpt lat="46.241798" lon="23.523132">
        <ele>417.862</ele>
        <time>2026-03-15T14:12:24.672Z</time>
      </trkpt>
      <trkpt lat="46.241846" lon="23.523138">
        <ele>416.683</ele>
        <time>2026-03-15T14:12:28.672Z</time>
      </trkpt>
      <trkpt lat="46.241900" lon="23.523133">
        <ele>415.411</ele>
        <time>2026-03-15T14:12:33.673Z</time>
      </trkpt>
      <trkpt lat="46.241948" lon="23.523126">
        <ele>414.509</ele>
        <time>2026-03-15T14:12:38.673Z</time>
      </trkpt>
      <trkpt lat="46.241994" lon="23.523126">
        <ele>414.018</ele>
        <time>2026-03-15T14:12:42.672Z</time>
      </trkpt>
      <trkpt lat="46.242044" lon="23.523154">
        <ele>413.261</ele>
        <time>2026-03-15T14:12:47.672Z</time>
      </trkpt>
      <trkpt lat="46.242081" lon="23.523208">
        <ele>412.480</ele>
        <time>2026-03-15T14:12:53.673Z</time>
      </trkpt>
      <trkpt lat="46.242112" lon="23.523258">
        <ele>411.740</ele>
        <time>2026-03-15T14:12:59.672Z</time>
      </trkpt>
      <trkpt lat="46.242129" lon="23.523324">
        <ele>411.193</ele>
        <time>2026-03-15T14:13:04.673Z</time>
      </trkpt>
      <trkpt lat="46.242128" lon="23.523394">
        <ele>410.418</ele>
        <time>2026-03-15T14:13:10.673Z</time>
      </trkpt>
      <trkpt lat="46.242171" lon="23.523439">
        <ele>409.575</ele>
        <time>2026-03-15T14:13:15.673Z</time>
      </trkpt>
      <trkpt lat="46.242220" lon="23.523464">
        <ele>408.673</ele>
        <time>2026-03-15T14:13:21.672Z</time>
      </trkpt>
      <trkpt lat="46.242252" lon="23.523511">
        <ele>408.029</ele>
        <time>2026-03-15T14:13:26.673Z</time>
      </trkpt>
      <trkpt lat="46.242276" lon="23.523580">
        <ele>407.123</ele>
        <time>2026-03-15T14:13:37.672Z</time>
      </trkpt>
      <trkpt lat="46.242321" lon="23.523618">
        <ele>406.683</ele>
        <time>2026-03-15T14:13:41Z</time>
      </trkpt>
      <trkpt lat="46.242347" lon="23.523684">
        <ele>405.611</ele>
        <time>2026-03-15T14:13:46.672Z</time>
      </trkpt>
      <trkpt lat="46.242372" lon="23.523749">
        <ele>404.709</ele>
        <time>2026-03-15T14:13:51Z</time>
      </trkpt>
      <trkpt lat="46.242400" lon="23.523803">
        <ele>404.084</ele>
        <time>2026-03-15T14:13:56.672Z</time>
      </trkpt>
      <trkpt lat="46.242433" lon="23.523849">
        <ele>403.547</ele>
        <time>2026-03-15T14:14:00.672Z</time>
      </trkpt>
      <trkpt lat="46.242460" lon="23.523919">
        <ele>402.896</ele>
        <time>2026-03-15T14:14:05.673Z</time>
      </trkpt>
      <trkpt lat="46.242486" lon="23.523978">
        <ele>402.476</ele>
        <time>2026-03-15T14:14:09.672Z</time>
      </trkpt>
      <trkpt lat="46.242532" lon="23.524013">
        <ele>402.079</ele>
        <time>2026-03-15T14:14:13.673Z</time>
      </trkpt>
      <trkpt lat="46.242578" lon="23.524038">
        <ele>401.684</ele>
        <time>2026-03-15T14:14:17.673Z</time>
      </trkpt>
      <trkpt lat="46.242611" lon="23.524082">
        <ele>401.141</ele>
        <time>2026-03-15T14:14:22.673Z</time>
      </trkpt>
      <trkpt lat="46.242655" lon="23.524132">
        <ele>400.359</ele>
        <time>2026-03-15T14:14:26.672Z</time>
      </trkpt>
      <trkpt lat="46.242702" lon="23.524175">
        <ele>399.525</ele>
        <time>2026-03-15T14:14:30.673Z</time>
      </trkpt>
      <trkpt lat="46.242744" lon="23.524208">
        <ele>398.844</ele>
        <time>2026-03-15T14:14:33.673Z</time>
      </trkpt>
      <trkpt lat="46.242781" lon="23.524263">
        <ele>398.005</ele>
        <time>2026-03-15T14:14:37.673Z</time>
      </trkpt>
      <trkpt lat="46.242821" lon="23.524303">
        <ele>397.415</ele>
        <time>2026-03-15T14:14:42.673Z</time>
      </trkpt>
      <trkpt lat="46.242857" lon="23.524350">
        <ele>396.909</ele>
        <time>2026-03-15T14:14:46.672Z</time>
      </trkpt>
      <trkpt lat="46.242888" lon="23.524401">
        <ele>396.496</ele>
        <time>2026-03-15T14:14:50.673Z</time>
      </trkpt>
      <trkpt lat="46.242931" lon="23.524443">
        <ele>396.029</ele>
        <time>2026-03-15T14:14:55.672Z</time>
      </trkpt>
      <trkpt lat="46.242971" lon="23.524487">
        <ele>396.068</ele>
        <time>2026-03-15T14:15:00.673Z</time>
      </trkpt>
      <trkpt lat="46.243004" lon="23.524545">
        <ele>395.998</ele>
        <time>2026-03-15T14:15:05.672Z</time>
      </trkpt>
      <trkpt lat="46.243029" lon="23.524613">
        <ele>395.971</ele>
        <time>2026-03-15T14:15:11.672Z</time>
      </trkpt>
      <trkpt lat="46.243070" lon="23.524651">
        <ele>396.086</ele>
        <time>2026-03-15T14:15:16.672Z</time>
      </trkpt>
      <trkpt lat="46.243117" lon="23.524696">
        <ele>396.083</ele>
        <time>2026-03-15T14:15:21.673Z</time>
      </trkpt>
      <trkpt lat="46.243154" lon="23.524745">
        <ele>395.971</ele>
        <time>2026-03-15T14:15:25.673Z</time>
      </trkpt>
      <trkpt lat="46.243187" lon="23.524808">
        <ele>395.897</ele>
        <time>2026-03-15T14:15:30.673Z</time>
      </trkpt>
      <trkpt lat="46.243217" lon="23.524868">
        <ele>395.818</ele>
        <time>2026-03-15T14:15:35.672Z</time>
      </trkpt>
      <trkpt lat="46.243255" lon="23.524921">
        <ele>395.898</ele>
        <time>2026-03-15T14:15:40.672Z</time>
      </trkpt>
      <trkpt lat="46.243297" lon="23.524971">
        <ele>395.917</ele>
        <time>2026-03-15T14:15:45.673Z</time>
      </trkpt>
      <trkpt lat="46.243327" lon="23.525020">
        <ele>395.909</ele>
        <time>2026-03-15T14:15:49.672Z</time>
      </trkpt>
      <trkpt lat="46.243359" lon="23.525068">
        <ele>395.853</ele>
        <time>2026-03-15T14:15:53.673Z</time>
      </trkpt>
      <trkpt lat="46.243378" lon="23.525130">
        <ele>395.586</ele>
        <time>2026-03-15T14:15:57.672Z</time>
      </trkpt>
      <trkpt lat="46.243393" lon="23.525197">
        <ele>395.385</ele>
        <time>2026-03-15T14:16:02.673Z</time>
      </trkpt>
      <trkpt lat="46.243441" lon="23.525218">
        <ele>395.215</ele>
        <time>2026-03-15T14:16:43.672Z</time>
      </trkpt>
      <trkpt lat="46.243485" lon="23.525192">
        <ele>395.398</ele>
        <time>2026-03-15T14:16:56.673Z</time>
      </trkpt>
      <trkpt lat="46.243534" lon="23.525187">
        <ele>395.363</ele>
        <time>2026-03-15T14:17:03.672Z</time>
      </trkpt>
      <trkpt lat="46.243552" lon="23.525261">
        <ele>395.160</ele>
        <time>2026-03-15T14:17:08.673Z</time>
      </trkpt>
      <trkpt lat="46.243546" lon="23.525336">
        <ele>395.068</ele>
        <time>2026-03-15T14:17:13.672Z</time>
      </trkpt>
      <trkpt lat="46.243550" lon="23.525421">
        <ele>394.974</ele>
        <time>2026-03-15T14:17:17.673Z</time>
      </trkpt>
      <trkpt lat="46.243556" lon="23.525490">
        <ele>394.884</ele>
        <time>2026-03-15T14:17:21.673Z</time>
      </trkpt>
      <trkpt lat="46.243545" lon="23.525565">
        <ele>394.807</ele>
        <time>2026-03-15T14:17:25.673Z</time>
      </trkpt>
      <trkpt lat="46.243531" lon="23.525632">
        <ele>394.717</ele>
        <time>2026-03-15T14:17:29.673Z</time>
      </trkpt>
      <trkpt lat="46.243534" lon="23.525704">
        <ele>394.709</ele>
        <time>2026-03-15T14:17:33.672Z</time>
      </trkpt>
      <trkpt lat="46.243532" lon="23.525773">
        <ele>394.760</ele>
        <time>2026-03-15T14:17:37.672Z</time>
      </trkpt>
      <trkpt lat="46.243525" lon="23.525846">
        <ele>394.773</ele>
        <time>2026-03-15T14:17:41.672Z</time>
      </trkpt>
      <trkpt lat="46.243520" lon="23.525916">
        <ele>394.532</ele>
        <time>2026-03-15T14:17:45.673Z</time>
      </trkpt>
      <trkpt lat="46.243516" lon="23.525986">
        <ele>394.342</ele>
        <time>2026-03-15T14:17:49Z</time>
      </trkpt>
      <trkpt lat="46.243512" lon="23.526054">
        <ele>394.185</ele>
        <time>2026-03-15T14:17:53Z</time>
      </trkpt>
      <trkpt lat="46.243513" lon="23.526120">
        <ele>394.080</ele>
        <time>2026-03-15T14:17:57.672Z</time>
      </trkpt>
      <trkpt lat="46.243497" lon="23.526183">
        <ele>394.147</ele>
        <time>2026-03-15T14:18:03.673Z</time>
      </trkpt>
      <trkpt lat="46.243474" lon="23.526248">
        <ele>394.275</ele>
        <time>2026-03-15T14:18:09.673Z</time>
      </trkpt>
    </trkseg>
  </trk></gpx>