<?xml version="1.0" encoding="UTF-8"?>
<gpx creator="Wikiloc - https://www.wikiloc.com" version="1.1" xmlns="http://www.topografix.com/GPX/1/1" xmlns:xsi="http://www.w3.org/2001/XMLSchema-instance" xsi:schemaLocation="http://www.topografix.com/GPX/1/1 http://www.topografix.com/GPX/1/1/gpx.xsd">
  <metadata>
    <name>Wikiloc - Platoul Carstic Ciumerna</name>
    <author>
      <name>Toni Grecu</name>
      <link href="https://www.wikiloc.com/wikiloc/user.do?id=2082631">
        <text>Toni Grecu on Wikiloc</text>
      </link>
    </author>
    <link href="https://www.wikiloc.com/hiking-trails/platoul-carstic-ciumerna-17092100">
      <text>Platoul Carstic Ciumerna on Wikiloc</text>
    </link>
    <time>2017-04-02T14:22:48Z</time>
  </metadata>
  <trk>
    <name>Platoul Carstic Ciumerna - Wikiloc</name>
    <cmt>Intregalde - Cheile turcului (TR) 
Platou Carstic Ciumerna - Varful Piatra Arsa (BR) 
Platou Carstic Ciumerna - Pestera Bisericuta (nemarcat) 
Platou Carstic Ciumerna - Necrilesti (CG)</cmt>
    <desc>Intregalde - Cheile turcului (TR) 
Platou Carstic Ciumerna - Varful Piatra Arsa (BR) 
Platou Carstic Ciumerna - Pestera Bisericuta (nemarcat) 
Platou Carstic Ciumerna - Necrilesti (CG)</desc>
    <trkseg>
      <trkpt lat="46.234226" lon="23.413419">
        <ele>664.636</ele>
        <time>2017-04-02T07:37:21Z</time>
      </trkpt>
      <trkpt lat="46.234156" lon="23.413481">
        <ele>667.517</ele>
        <time>2017-04-02T07:37:39Z</time>
      </trkpt>
      <trkpt lat="46.234078" lon="23.413424">
        <ele>671.218</ele>
        <time>2017-04-02T07:40:14Z</time>
      </trkpt>
      <trkpt lat="46.234092" lon="23.413543">
        <ele>669.808</ele>
        <time>2017-04-02T07:40:25Z</time>
      </trkpt>
      <trkpt lat="46.234126" lon="23.413658">
        <ele>668.224</ele>
        <time>2017-04-02T07:40:33Z</time>
      </trkpt>
      <trkpt lat="46.234091" lon="23.413793">
        <ele>668.430</ele>
        <time>2017-04-02T07:40:43Z</time>
      </trkpt>
      <trkpt lat="46.234058" lon="23.413903">
        <ele>668.163</ele>
        <time>2017-04-02T07:40:46Z</time>
      </trkpt>
      <trkpt lat="46.234080" lon="23.414017">
        <ele>667.242</ele>
        <time>2017-04-02T07:40:56Z</time>
      </trkpt>
      <trkpt lat="46.234040" lon="23.414123">
        <ele>666.415</ele>
        <time>2017-04-02T07:41:06Z</time>
      </trkpt>
      <trkpt lat="46.233990" lon="23.414237">
        <ele>666.214</ele>
        <time>2017-04-02T07:41:16Z</time>
      </trkpt>
      <trkpt lat="46.233905" lon="23.414238">
        <ele>665.423</ele>
        <time>2017-04-02T07:41:19Z</time>
      </trkpt>
      <trkpt lat="46.233826" lon="23.414287">
        <ele>664.983</ele>
        <time>2017-04-02T07:41:25Z</time>
      </trkpt>
      <trkpt lat="46.233737" lon="23.414270">
        <ele>664.114</ele>
        <time>2017-04-02T07:41:31Z</time>
      </trkpt>
      <trkpt lat="46.233663" lon="23.414215">
        <ele>663.454</ele>
        <time>2017-04-02T07:41:38Z</time>
      </trkpt>
      <trkpt lat="46.233594" lon="23.414137">
        <ele>663.509</ele>
        <time>2017-04-02T07:41:46Z</time>
      </trkpt>
      <trkpt lat="46.233539" lon="23.414049">
        <ele>664.708</ele>
        <time>2017-04-02T07:41:55Z</time>
      </trkpt>
      <trkpt lat="46.233435" lon="23.414050">
        <ele>664.872</ele>
        <time>2017-04-02T07:42:02Z</time>
      </trkpt>
      <trkpt lat="46.233377" lon="23.414144">
        <ele>664.028</ele>
        <time>2017-04-02T07:42:12Z</time>
      </trkpt>
      <trkpt lat="46.233315" lon="23.414231">
        <ele>664.271</ele>
        <time>2017-04-02T07:42:25Z</time>
      </trkpt>
      <trkpt lat="46.233229" lon="23.414282">
        <ele>665.320</ele>
        <time>2017-04-02T07:42:32Z</time>
      </trkpt>
      <trkpt lat="46.233285" lon="23.414367">
        <ele>664.973</ele>
        <time>2017-04-02T07:45:52Z</time>
      </trkpt>
      <trkpt lat="46.233215" lon="23.414450">
        <ele>667.272</ele>
        <time>2017-04-02T07:46:03Z</time>
      </trkpt>
      <trkpt lat="46.233144" lon="23.414533">
        <ele>672.091</ele>
        <time>2017-04-02T07:46:14Z</time>
      </trkpt>
      <trkpt lat="46.233100" lon="23.414632">
        <ele>676.611</ele>
        <time>2017-04-02T07:46:39Z</time>
      </trkpt>
      <trkpt lat="46.233052" lon="23.414746">
        <ele>682.469</ele>
        <time>2017-04-02T07:47:14Z</time>
      </trkpt>
      <trkpt lat="46.232979" lon="23.414810">
        <ele>686.104</ele>
        <time>2017-04-02T07:47:30Z</time>
      </trkpt>
      <trkpt lat="46.232941" lon="23.414950">
        <ele>692.924</ele>
        <time>2017-04-02T07:48:15Z</time>
      </trkpt>
      <trkpt lat="46.232992" lon="23.414855">
        <ele>688.408</ele>
        <time>2017-04-02T07:48:37Z</time>
      </trkpt>
      <trkpt lat="46.232930" lon="23.414767">
        <ele>684.047</ele>
        <time>2017-04-02T07:48:57Z</time>
      </trkpt>
      <trkpt lat="46.232845" lon="23.414731">
        <ele>682.973</ele>
        <time>2017-04-02T07:49:06Z</time>
      </trkpt>
      <trkpt lat="46.232759" lon="23.414730">
        <ele>683.816</ele>
        <time>2017-04-02T07:49:18Z</time>
      </trkpt>
      <trkpt lat="46.232675" lon="23.414762">
        <ele>687.085</ele>
        <time>2017-04-02T07:49:26Z</time>
      </trkpt>
      <trkpt lat="46.232613" lon="23.414855">
        <ele>691.948</ele>
        <time>2017-04-02T07:49:37Z</time>
      </trkpt>
      <trkpt lat="46.232532" lon="23.414909">
        <ele>695.927</ele>
        <time>2017-04-02T07:49:49Z</time>
      </trkpt>
      <trkpt lat="46.232490" lon="23.415021">
        <ele>700.746</ele>
        <time>2017-04-02T07:49:56Z</time>
      </trkpt>
      <trkpt lat="46.232470" lon="23.415151">
        <ele>704.026</ele>
        <time>2017-04-02T07:50:03Z</time>
      </trkpt>
      <trkpt lat="46.232456" lon="23.415269">
        <ele>707.122</ele>
        <time>2017-04-02T07:50:14Z</time>
      </trkpt>
      <trkpt lat="46.232428" lon="23.415379">
        <ele>709.062</ele>
        <time>2017-04-02T07:50:25Z</time>
      </trkpt>
      <trkpt lat="46.232402" lon="23.415493">
        <ele>710.608</ele>
        <time>2017-04-02T07:50:48Z</time>
      </trkpt>
      <trkpt lat="46.232368" lon="23.415610">
        <ele>712.508</ele>
        <time>2017-04-02T07:50:56Z</time>
      </trkpt>
      <trkpt lat="46.232352" lon="23.415737">
        <ele>714.023</ele>
        <time>2017-04-02T07:51:11Z</time>
      </trkpt>
      <trkpt lat="46.232295" lon="23.415821">
        <ele>714.999</ele>
        <time>2017-04-02T07:51:27Z</time>
      </trkpt>
      <trkpt lat="46.232305" lon="23.415941">
        <ele>716.552</ele>
        <time>2017-04-02T07:51:45Z</time>
      </trkpt>
      <trkpt lat="46.232339" lon="23.416052">
        <ele>718.421</ele>
        <time>2017-04-02T07:52:04Z</time>
      </trkpt>
      <trkpt lat="46.232360" lon="23.416172">
        <ele>720.534</ele>
        <time>2017-04-02T07:52:24Z</time>
      </trkpt>
      <trkpt lat="46.232372" lon="23.416294">
        <ele>722.763</ele>
        <time>2017-04-02T07:52:41Z</time>
      </trkpt>
      <trkpt lat="46.232357" lon="23.416410">
        <ele>724.332</ele>
        <time>2017-04-02T07:52:54Z</time>
      </trkpt>
      <trkpt lat="46.232344" lon="23.416527">
        <ele>726.582</ele>
        <time>2017-04-02T07:53:17Z</time>
      </trkpt>
      <trkpt lat="46.232306" lon="23.416633">
        <ele>727.784</ele>
        <time>2017-04-02T07:53:31Z</time>
      </trkpt>
      <trkpt lat="46.232253" lon="23.416735">
        <ele>729.807</ele>
        <time>2017-04-02T07:53:55Z</time>
      </trkpt>
      <trkpt lat="46.232254" lon="23.416857">
        <ele>735.117</ele>
        <time>2017-04-02T07:54:07Z</time>
      </trkpt>
      <trkpt lat="46.232212" lon="23.416967">
        <ele>739.108</ele>
        <time>2017-04-02T07:54:18Z</time>
      </trkpt>
      <trkpt lat="46.232196" lon="23.417101">
        <ele>745.249</ele>
        <time>2017-04-02T07:54:26Z</time>
      </trkpt>
      <trkpt lat="46.232153" lon="23.417202">
        <ele>750.445</ele>
        <time>2017-04-02T07:54:36Z</time>
      </trkpt>
      <trkpt lat="46.232129" lon="23.417314">
        <ele>753.748</ele>
        <time>2017-04-02T07:54:48Z</time>
      </trkpt>
      <trkpt lat="46.232101" lon="23.417430">
        <ele>756.417</ele>
        <time>2017-04-02T07:55:20Z</time>
      </trkpt>
      <trkpt lat="46.232088" lon="23.417550">
        <ele>758.380</ele>
        <time>2017-04-02T07:55:37Z</time>
      </trkpt>
      <trkpt lat="46.232056" lon="23.417667">
        <ele>758.729</ele>
        <time>2017-04-02T07:55:49Z</time>
      </trkpt>
      <trkpt lat="46.232033" lon="23.417782">
        <ele>758.658</ele>
        <time>2017-04-02T07:56:03Z</time>
      </trkpt>
      <trkpt lat="46.232027" lon="23.417903">
        <ele>760.098</ele>
        <time>2017-04-02T07:56:22Z</time>
      </trkpt>
      <trkpt lat="46.232030" lon="23.418021">
        <ele>761.538</ele>
        <time>2017-04-02T07:56:58Z</time>
      </trkpt>
      <trkpt lat="46.232068" lon="23.418130">
        <ele>764.170</ele>
        <time>2017-04-02T07:57:15Z</time>
      </trkpt>
      <trkpt lat="46.232054" lon="23.418250">
        <ele>767.017</ele>
        <time>2017-04-02T07:57:29Z</time>
      </trkpt>
      <trkpt lat="46.232041" lon="23.418370">
        <ele>769.408</ele>
        <time>2017-04-02T07:57:58Z</time>
      </trkpt>
      <trkpt lat="46.232000" lon="23.418477">
        <ele>770.784</ele>
        <time>2017-04-02T07:58:32Z</time>
      </trkpt>
      <trkpt lat="46.231958" lon="23.418580">
        <ele>771.750</ele>
        <time>2017-04-02T07:58:50Z</time>
      </trkpt>
      <trkpt lat="46.231940" lon="23.418698">
        <ele>772.583</ele>
        <time>2017-04-02T07:59:06Z</time>
      </trkpt>
      <trkpt lat="46.231938" lon="23.418817">
        <ele>773.062</ele>
        <time>2017-04-02T07:59:19Z</time>
      </trkpt>
      <trkpt lat="46.231923" lon="23.418938">
        <ele>774.565</ele>
        <time>2017-04-02T07:59:37Z</time>
      </trkpt>
      <trkpt lat="46.231877" lon="23.419038">
        <ele>777.334</ele>
        <time>2017-04-02T07:59:50Z</time>
      </trkpt>
      <trkpt lat="46.231819" lon="23.419137">
        <ele>779.983</ele>
        <time>2017-04-02T08:00:03Z</time>
      </trkpt>
      <trkpt lat="46.231816" lon="23.419255">
        <ele>782.083</ele>
        <time>2017-04-02T08:00:22Z</time>
      </trkpt>
      <trkpt lat="46.231778" lon="23.419369">
        <ele>784.352</ele>
        <time>2017-04-02T08:00:45Z</time>
      </trkpt>
      <trkpt lat="46.231827" lon="23.419466">
        <ele>785.853</ele>
        <time>2017-04-02T08:01:07Z</time>
      </trkpt>
      <trkpt lat="46.231816" lon="23.419586">
        <ele>787.808</ele>
        <time>2017-04-02T08:01:34Z</time>
      </trkpt>
      <trkpt lat="46.231835" lon="23.419700">
        <ele>789.608</ele>
        <time>2017-04-02T08:02:05Z</time>
      </trkpt>
      <trkpt lat="46.231863" lon="23.419811">
        <ele>791.246</ele>
        <time>2017-04-02T08:02:20Z</time>
      </trkpt>
      <trkpt lat="46.231899" lon="23.419926">
        <ele>792.862</ele>
        <time>2017-04-02T08:02:42Z</time>
      </trkpt>
      <trkpt lat="46.231938" lon="23.420032">
        <ele>794.735</ele>
        <time>2017-04-02T08:03:09Z</time>
      </trkpt>
      <trkpt lat="46.231961" lon="23.420152">
        <ele>797.854</ele>
        <time>2017-04-02T08:03:39Z</time>
      </trkpt>
      <trkpt lat="46.231997" lon="23.420258">
        <ele>801.177</ele>
        <time>2017-04-02T08:03:54Z</time>
      </trkpt>
      <trkpt lat="46.232042" lon="23.420357">
        <ele>804.716</ele>
        <time>2017-04-02T08:04:34Z</time>
      </trkpt>
      <trkpt lat="46.232018" lon="23.420472">
        <ele>806.715</ele>
        <time>2017-04-02T08:06:08Z</time>
      </trkpt>
      <trkpt lat="46.232098" lon="23.420495">
        <ele>810.065</ele>
        <time>2017-04-02T08:07:38Z</time>
      </trkpt>
      <trkpt lat="46.232052" lon="23.420598">
        <ele>811.026</ele>
        <time>2017-04-02T08:13:05Z</time>
      </trkpt>
      <trkpt lat="46.232004" lon="23.420708">
        <ele>812.347</ele>
        <time>2017-04-02T08:13:15Z</time>
      </trkpt>
      <trkpt lat="46.231979" lon="23.420820">
        <ele>814.611</ele>
        <time>2017-04-02T08:13:47Z</time>
      </trkpt>
      <trkpt lat="46.231927" lon="23.420927">
        <ele>816.508</ele>
        <time>2017-04-02T08:14:06Z</time>
      </trkpt>
      <trkpt lat="46.231855" lon="23.420983">
        <ele>818.283</ele>
        <time>2017-04-02T08:14:16Z</time>
      </trkpt>
      <trkpt lat="46.231820" lon="23.421090">
        <ele>821.069</ele>
        <time>2017-04-02T08:14:42Z</time>
      </trkpt>
      <trkpt lat="46.231859" lon="23.421209">
        <ele>823.692</ele>
        <time>2017-04-02T08:15:02Z</time>
      </trkpt>
      <trkpt lat="46.231901" lon="23.421320">
        <ele>825.971</ele>
        <time>2017-04-02T08:15:16Z</time>
      </trkpt>
      <trkpt lat="46.231844" lon="23.421404">
        <ele>828.444</ele>
        <time>2017-04-02T08:15:26Z</time>
      </trkpt>
      <trkpt lat="46.231783" lon="23.421491">
        <ele>831.493</ele>
        <time>2017-04-02T08:15:40Z</time>
      </trkpt>
      <trkpt lat="46.231835" lon="23.421582">
        <ele>832.822</ele>
        <time>2017-04-02T08:15:53Z</time>
      </trkpt>
      <trkpt lat="46.231863" lon="23.421692">
        <ele>834.822</ele>
        <time>2017-04-02T08:16:10Z</time>
      </trkpt>
      <trkpt lat="46.231895" lon="23.421800">
        <ele>837.079</ele>
        <time>2017-04-02T08:16:26Z</time>
      </trkpt>
      <trkpt lat="46.231935" lon="23.421903">
        <ele>839.005</ele>
        <time>2017-04-02T08:16:39Z</time>
      </trkpt>
      <trkpt lat="46.231983" lon="23.422013">
        <ele>842.625</ele>
        <time>2017-04-02T08:16:56Z</time>
      </trkpt>
      <trkpt lat="46.232042" lon="23.422106">
        <ele>846.008</ele>
        <time>2017-04-02T08:17:27Z</time>
      </trkpt>
      <trkpt lat="46.232041" lon="23.422229">
        <ele>849.298</ele>
        <time>2017-04-02T08:17:48Z</time>
      </trkpt>
      <trkpt lat="46.232081" lon="23.422339">
        <ele>852.444</ele>
        <time>2017-04-02T08:18:03Z</time>
      </trkpt>
      <trkpt lat="46.232159" lon="23.422410">
        <ele>854.777</ele>
        <time>2017-04-02T08:18:12Z</time>
      </trkpt>
      <trkpt lat="46.232184" lon="23.422533">
        <ele>857.676</ele>
        <time>2017-04-02T08:18:24Z</time>
      </trkpt>
      <trkpt lat="46.232159" lon="23.422650">
        <ele>860.379</ele>
        <time>2017-04-02T08:18:47Z</time>
      </trkpt>
      <trkpt lat="46.232193" lon="23.422758">
        <ele>862.748</ele>
        <time>2017-04-02T08:19:04Z</time>
      </trkpt>
      <trkpt lat="46.232237" lon="23.422870">
        <ele>864.687</ele>
        <time>2017-04-02T08:19:19Z</time>
      </trkpt>
      <trkpt lat="46.232256" lon="23.423005">
        <ele>866.787</ele>
        <time>2017-04-02T08:19:32Z</time>
      </trkpt>
      <trkpt lat="46.232275" lon="23.423121">
        <ele>868.551</ele>
        <time>2017-04-02T08:19:45Z</time>
      </trkpt>
      <trkpt lat="46.232228" lon="23.423229">
        <ele>869.601</ele>
        <time>2017-04-02T08:19:57Z</time>
      </trkpt>
      <trkpt lat="46.232228" lon="23.423356">
        <ele>871.611</ele>
        <time>2017-04-02T08:20:17Z</time>
      </trkpt>
      <trkpt lat="46.232255" lon="23.423473">
        <ele>874.308</ele>
        <time>2017-04-02T08:20:34Z</time>
      </trkpt>
      <trkpt lat="46.232286" lon="23.423584">
        <ele>876.986</ele>
        <time>2017-04-02T08:21:01Z</time>
      </trkpt>
      <trkpt lat="46.232184" lon="23.423683">
        <ele>879.152</ele>
        <time>2017-04-02T08:21:13Z</time>
      </trkpt>
      <trkpt lat="46.232101" lon="23.423690">
        <ele>879.755</ele>
        <time>2017-04-02T08:21:16Z</time>
      </trkpt>
      <trkpt lat="46.232178" lon="23.423752">
        <ele>880.814</ele>
        <time>2017-04-02T08:21:24Z</time>
      </trkpt>
      <trkpt lat="46.232090" lon="23.423735">
        <ele>880.937</ele>
        <time>2017-04-02T08:22:00Z</time>
      </trkpt>
      <trkpt lat="46.232005" lon="23.423764">
        <ele>882.036</ele>
        <time>2017-04-02T08:22:12Z</time>
      </trkpt>
      <trkpt lat="46.231926" lon="23.423796">
        <ele>883.555</ele>
        <time>2017-04-02T08:24:47Z</time>
      </trkpt>
      <trkpt lat="46.231875" lon="23.423888">
        <ele>886.565</ele>
        <time>2017-04-02T08:25:15Z</time>
      </trkpt>
      <trkpt lat="46.231845" lon="23.424013">
        <ele>889.697</ele>
        <time>2017-04-02T08:25:43Z</time>
      </trkpt>
      <trkpt lat="46.231846" lon="23.424136">
        <ele>892.123</ele>
        <time>2017-04-02T08:26:00Z</time>
      </trkpt>
      <trkpt lat="46.231873" lon="23.424249">
        <ele>894.725</ele>
        <time>2017-04-02T08:26:41Z</time>
      </trkpt>
      <trkpt lat="46.231848" lon="23.424395">
        <ele>898.708</ele>
        <time>2017-04-02T08:27:14Z</time>
      </trkpt>
      <trkpt lat="46.231823" lon="23.424536">
        <ele>902.240</ele>
        <time>2017-04-02T08:27:25Z</time>
      </trkpt>
      <trkpt lat="46.231784" lon="23.424653">
        <ele>904.866</ele>
        <time>2017-04-02T08:29:02Z</time>
      </trkpt>
      <trkpt lat="46.231745" lon="23.424761">
        <ele>907.889</ele>
        <time>2017-04-02T08:29:24Z</time>
      </trkpt>
      <trkpt lat="46.231737" lon="23.424879">
        <ele>912.518</ele>
        <time>2017-04-02T08:29:54Z</time>
      </trkpt>
      <trkpt lat="46.231703" lon="23.425006">
        <ele>917.461</ele>
        <time>2017-04-02T08:30:08Z</time>
      </trkpt>
      <trkpt lat="46.231726" lon="23.425121">
        <ele>922.910</ele>
        <time>2017-04-02T08:30:31Z</time>
      </trkpt>
      <trkpt lat="46.231810" lon="23.425179">
        <ele>925.969</ele>
        <time>2017-04-02T08:30:43Z</time>
      </trkpt>
      <trkpt lat="46.231893" lon="23.425242">
        <ele>929.139</ele>
        <time>2017-04-02T08:30:51Z</time>
      </trkpt>
      <trkpt lat="46.231801" lon="23.425379">
        <ele>935.276</ele>
        <time>2017-04-02T08:31:00Z</time>
      </trkpt>
      <trkpt lat="46.231715" lon="23.425429">
        <ele>937.390</ele>
        <time>2017-04-02T08:31:05Z</time>
      </trkpt>
      <trkpt lat="46.231795" lon="23.425466">
        <ele>939.319</ele>
        <time>2017-04-02T08:33:00Z</time>
      </trkpt>
      <trkpt lat="46.231863" lon="23.425384">
        <ele>935.708</ele>
        <time>2017-04-02T08:33:30Z</time>
      </trkpt>
      <trkpt lat="46.231792" lon="23.425454">
        <ele>938.738</ele>
        <time>2017-04-02T08:34:22Z</time>
      </trkpt>
      <trkpt lat="46.231711" lon="23.425535">
        <ele>942.294</ele>
        <time>2017-04-02T08:34:49Z</time>
      </trkpt>
      <trkpt lat="46.231719" lon="23.425654">
        <ele>947.517</ele>
        <time>2017-04-02T08:35:05Z</time>
      </trkpt>
      <trkpt lat="46.231639" lon="23.425607">
        <ele>946.166</ele>
        <time>2017-04-02T08:36:41Z</time>
      </trkpt>
      <trkpt lat="46.231554" lon="23.425624">
        <ele>949.379</ele>
        <time>2017-04-02T08:36:48Z</time>
      </trkpt>
      <trkpt lat="46.231474" lon="23.425649">
        <ele>952.618</ele>
        <time>2017-04-02T08:37:10Z</time>
      </trkpt>
      <trkpt lat="46.231400" lon="23.425710">
        <ele>956.737</ele>
        <time>2017-04-02T08:37:24Z</time>
      </trkpt>
      <trkpt lat="46.231449" lon="23.425805">
        <ele>958.737</ele>
        <time>2017-04-02T08:37:38Z</time>
      </trkpt>
      <trkpt lat="46.231276" lon="23.425898">
        <ele>968.888</ele>
        <time>2017-04-02T08:37:46Z</time>
      </trkpt>
      <trkpt lat="46.231184" lon="23.425957">
        <ele>975.124</ele>
        <time>2017-04-02T08:37:49Z</time>
      </trkpt>
      <trkpt lat="46.231176" lon="23.426085">
        <ele>979.426</ele>
        <time>2017-04-02T08:38:01Z</time>
      </trkpt>
      <trkpt lat="46.231229" lon="23.426184">
        <ele>981.408</ele>
        <time>2017-04-02T08:38:23Z</time>
      </trkpt>
      <trkpt lat="46.231273" lon="23.426285">
        <ele>984.589</ele>
        <time>2017-04-02T08:38:57Z</time>
      </trkpt>
      <trkpt lat="46.231342" lon="23.426356">
        <ele>985.225</ele>
        <time>2017-04-02T08:39:14Z</time>
      </trkpt>
      <trkpt lat="46.231266" lon="23.426399">
        <ele>990.438</ele>
        <time>2017-04-02T08:40:41Z</time>
      </trkpt>
      <trkpt lat="46.231187" lon="23.426422">
        <ele>994.697</ele>
        <time>2017-04-02T08:40:51Z</time>
      </trkpt>
      <trkpt lat="46.231117" lon="23.426508">
        <ele>1001.440</ele>
        <time>2017-04-02T08:41:25Z</time>
      </trkpt>
      <trkpt lat="46.231076" lon="23.426615">
        <ele>1007.539</ele>
        <time>2017-04-02T08:42:53Z</time>
      </trkpt>
      <trkpt lat="46.231097" lon="23.426496">
        <ele>1001.698</ele>
        <time>2017-04-02T08:45:54Z</time>
      </trkpt>
      <trkpt lat="46.231036" lon="23.426413">
        <ele>1000.768</ele>
        <time>2017-04-02T08:46:05Z</time>
      </trkpt>
      <trkpt lat="46.230981" lon="23.426318">
        <ele>999.847</ele>
        <time>2017-04-02T08:46:18Z</time>
      </trkpt>
      <trkpt lat="46.230879" lon="23.426293">
        <ele>1004.729</ele>
        <time>2017-04-02T08:46:38Z</time>
      </trkpt>
      <trkpt lat="46.230823" lon="23.426207">
        <ele>1005.221</ele>
        <time>2017-04-02T08:46:58Z</time>
      </trkpt>
      <trkpt lat="46.230742" lon="23.426226">
        <ele>1009.408</ele>
        <time>2017-04-02T08:47:05Z</time>
      </trkpt>
      <trkpt lat="46.230654" lon="23.426234">
        <ele>1013.465</ele>
        <time>2017-04-02T08:47:32Z</time>
      </trkpt>
      <trkpt lat="46.230577" lon="23.426272">
        <ele>1017.451</ele>
        <time>2017-04-02T08:47:46Z</time>
      </trkpt>
      <trkpt lat="46.230497" lon="23.426250">
        <ele>1019.994</ele>
        <time>2017-04-02T08:48:05Z</time>
      </trkpt>
      <trkpt lat="46.230412" lon="23.426253">
        <ele>1022.783</ele>
        <time>2017-04-02T08:48:17Z</time>
      </trkpt>
      <trkpt lat="46.230362" lon="23.426349">
        <ele>1025.296</ele>
        <time>2017-04-02T08:48:36Z</time>
      </trkpt>
      <trkpt lat="46.230296" lon="23.426422">
        <ele>1027.615</ele>
        <time>2017-04-02T08:48:53Z</time>
      </trkpt>
      <trkpt lat="46.230250" lon="23.426527">
        <ele>1029.334</ele>
        <time>2017-04-02T08:49:07Z</time>
      </trkpt>
      <trkpt lat="46.230161" lon="23.426591">
        <ele>1032.364</ele>
        <time>2017-04-02T08:49:19Z</time>
      </trkpt>
      <trkpt lat="46.230078" lon="23.426563">
        <ele>1034.692</ele>
        <time>2017-04-02T08:49:51Z</time>
      </trkpt>
      <trkpt lat="46.229987" lon="23.426551">
        <ele>1037.273</ele>
        <time>2017-04-02T08:50:06Z</time>
      </trkpt>
      <trkpt lat="46.230000" lon="23.426431">
        <ele>1035.520</ele>
        <time>2017-04-02T08:50:37Z</time>
      </trkpt>
      <trkpt lat="46.230016" lon="23.426314">
        <ele>1033.808</ele>
        <time>2017-04-02T08:50:53Z</time>
      </trkpt>
      <trkpt lat="46.229963" lon="23.426222">
        <ele>1034.450</ele>
        <time>2017-04-02T08:51:07Z</time>
      </trkpt>
      <trkpt lat="46.229926" lon="23.426113">
        <ele>1034.446</ele>
        <time>2017-04-02T08:51:20Z</time>
      </trkpt>
      <trkpt lat="46.229923" lon="23.425996">
        <ele>1034.089</ele>
        <time>2017-04-02T08:51:34Z</time>
      </trkpt>
      <trkpt lat="46.229898" lon="23.425871">
        <ele>1034.038</ele>
        <time>2017-04-02T08:51:45Z</time>
      </trkpt>
      <trkpt lat="46.229836" lon="23.425795">
        <ele>1034.981</ele>
        <time>2017-04-02T08:51:51Z</time>
      </trkpt>
      <trkpt lat="46.229761" lon="23.425716">
        <ele>1036.060</ele>
        <time>2017-04-02T08:52:00Z</time>
      </trkpt>
      <trkpt lat="46.229716" lon="23.425607">
        <ele>1036.269</ele>
        <time>2017-04-02T08:52:10Z</time>
      </trkpt>
      <trkpt lat="46.229642" lon="23.425560">
        <ele>1036.049</ele>
        <time>2017-04-02T08:52:28Z</time>
      </trkpt>
      <trkpt lat="46.229561" lon="23.425539">
        <ele>1035.732</ele>
        <time>2017-04-02T08:56:33Z</time>
      </trkpt>
      <trkpt lat="46.229484" lon="23.425499">
        <ele>1034.992</ele>
        <time>2017-04-02T08:57:19Z</time>
      </trkpt>
      <trkpt lat="46.229416" lon="23.425566">
        <ele>1036.211</ele>
        <time>2017-04-02T08:58:38Z</time>
      </trkpt>
      <trkpt lat="46.229344" lon="23.425624">
        <ele>1037.708</ele>
        <time>2017-04-02T08:58:49Z</time>
      </trkpt>
      <trkpt lat="46.229271" lon="23.425676">
        <ele>1039.574</ele>
        <time>2017-04-02T08:59:00Z</time>
      </trkpt>
      <trkpt lat="46.229185" lon="23.425725">
        <ele>1041.980</ele>
        <time>2017-04-02T08:59:10Z</time>
      </trkpt>
      <trkpt lat="46.229135" lon="23.425822">
        <ele>1046.353</ele>
        <time>2017-04-02T08:59:35Z</time>
      </trkpt>
      <trkpt lat="46.229067" lon="23.425893">
        <ele>1049.932</ele>
        <time>2017-04-02T08:59:47Z</time>
      </trkpt>
      <trkpt lat="46.228985" lon="23.425929">
        <ele>1052.795</ele>
        <time>2017-04-02T09:00:02Z</time>
      </trkpt>
      <trkpt lat="46.228895" lon="23.425959">
        <ele>1055.544</ele>
        <time>2017-04-02T09:00:08Z</time>
      </trkpt>
      <trkpt lat="46.228811" lon="23.426001">
        <ele>1055.773</ele>
        <time>2017-04-02T09:00:15Z</time>
      </trkpt>
      <trkpt lat="46.228728" lon="23.426014">
        <ele>1054.993</ele>
        <time>2017-04-02T09:00:25Z</time>
      </trkpt>
      <trkpt lat="46.228648" lon="23.426074">
        <ele>1055.586</ele>
        <time>2017-04-02T09:00:38Z</time>
      </trkpt>
      <trkpt lat="46.228574" lon="23.426140">
        <ele>1056.460</ele>
        <time>2017-04-02T09:00:44Z</time>
      </trkpt>
      <trkpt lat="46.228496" lon="23.426196">
        <ele>1057.226</ele>
        <time>2017-04-02T09:00:52Z</time>
      </trkpt>
      <trkpt lat="46.228409" lon="23.426214">
        <ele>1056.808</ele>
        <time>2017-04-02T09:01:03Z</time>
      </trkpt>
      <trkpt lat="46.228328" lon="23.426266">
        <ele>1057.449</ele>
        <time>2017-04-02T09:01:10Z</time>
      </trkpt>
      <trkpt lat="46.228259" lon="23.426331">
        <ele>1058.285</ele>
        <time>2017-04-02T09:01:17Z</time>
      </trkpt>
      <trkpt lat="46.228181" lon="23.426386">
        <ele>1058.788</ele>
        <time>2017-04-02T09:01:23Z</time>
      </trkpt>
      <trkpt lat="46.228103" lon="23.426452">
        <ele>1059.487</ele>
        <time>2017-04-02T09:01:30Z</time>
      </trkpt>
      <trkpt lat="46.228035" lon="23.426518">
        <ele>1059.830</ele>
        <time>2017-04-02T09:01:37Z</time>
      </trkpt>
      <trkpt lat="46.227968" lon="23.426585">
        <ele>1060.199</ele>
        <time>2017-04-02T09:01:45Z</time>
      </trkpt>
      <trkpt lat="46.227881" lon="23.426620">
        <ele>1059.188</ele>
        <time>2017-04-02T09:01:51Z</time>
      </trkpt>
      <trkpt lat="46.227801" lon="23.426687">
        <ele>1059.028</ele>
        <time>2017-04-02T09:01:58Z</time>
      </trkpt>
      <trkpt lat="46.227718" lon="23.426742">
        <ele>1059.129</ele>
        <time>2017-04-02T09:02:06Z</time>
      </trkpt>
      <trkpt lat="46.227633" lon="23.426782">
        <ele>1058.900</ele>
        <time>2017-04-02T09:02:13Z</time>
      </trkpt>
      <trkpt lat="46.227564" lon="23.426859">
        <ele>1059.520</ele>
        <time>2017-04-02T09:02:23Z</time>
      </trkpt>
      <trkpt lat="46.227502" lon="23.426941">
        <ele>1060.008</ele>
        <time>2017-04-02T09:02:32Z</time>
      </trkpt>
      <trkpt lat="46.227421" lon="23.426997">
        <ele>1059.383</ele>
        <time>2017-04-02T09:02:40Z</time>
      </trkpt>
      <trkpt lat="46.227338" lon="23.427022">
        <ele>1058.239</ele>
        <time>2017-04-02T09:02:48Z</time>
      </trkpt>
      <trkpt lat="46.227262" lon="23.427079">
        <ele>1057.772</ele>
        <time>2017-04-02T09:02:55Z</time>
      </trkpt>
      <trkpt lat="46.227174" lon="23.427136">
        <ele>1057.371</ele>
        <time>2017-04-02T09:03:03Z</time>
      </trkpt>
      <trkpt lat="46.227092" lon="23.427144">
        <ele>1056.634</ele>
        <time>2017-04-02T09:03:10Z</time>
      </trkpt>
      <trkpt lat="46.227011" lon="23.427181">
        <ele>1056.233</ele>
        <time>2017-04-02T09:03:16Z</time>
      </trkpt>
      <trkpt lat="46.226945" lon="23.427275">
        <ele>1056.622</ele>
        <time>2017-04-02T09:03:24Z</time>
      </trkpt>
      <trkpt lat="46.226911" lon="23.427389">
        <ele>1057.972</ele>
        <time>2017-04-02T09:03:35Z</time>
      </trkpt>
      <trkpt lat="46.226850" lon="23.427472">
        <ele>1059.016</ele>
        <time>2017-04-02T09:04:10Z</time>
      </trkpt>
      <trkpt lat="46.226768" lon="23.427520">
        <ele>1060.176</ele>
        <time>2017-04-02T09:04:20Z</time>
      </trkpt>
      <trkpt lat="46.226679" lon="23.427557">
        <ele>1061.213</ele>
        <time>2017-04-02T09:04:31Z</time>
      </trkpt>
      <trkpt lat="46.226601" lon="23.427595">
        <ele>1063.708</ele>
        <time>2017-04-02T09:04:41Z</time>
      </trkpt>
      <trkpt lat="46.226518" lon="23.427608">
        <ele>1066.142</ele>
        <time>2017-04-02T09:04:53Z</time>
      </trkpt>
      <trkpt lat="46.226435" lon="23.427585">
        <ele>1067.758</ele>
        <time>2017-04-02T09:05:05Z</time>
      </trkpt>
      <trkpt lat="46.226339" lon="23.427575">
        <ele>1069.541</ele>
        <time>2017-04-02T09:05:17Z</time>
      </trkpt>
      <trkpt lat="46.226264" lon="23.427528">
        <ele>1069.990</ele>
        <time>2017-04-02T09:05:25Z</time>
      </trkpt>
      <trkpt lat="46.226183" lon="23.427492">
        <ele>1070.683</ele>
        <time>2017-04-02T09:07:13Z</time>
      </trkpt>
      <trkpt lat="46.226106" lon="23.427450">
        <ele>1071.842</ele>
        <time>2017-04-02T09:07:25Z</time>
      </trkpt>
      <trkpt lat="46.226024" lon="23.427419">
        <ele>1074.761</ele>
        <time>2017-04-02T09:07:36Z</time>
      </trkpt>
      <trkpt lat="46.225955" lon="23.427357">
        <ele>1076.681</ele>
        <time>2017-04-02T09:07:46Z</time>
      </trkpt>
      <trkpt lat="46.225881" lon="23.427300">
        <ele>1078.599</ele>
        <time>2017-04-02T09:07:56Z</time>
      </trkpt>
      <trkpt lat="46.225812" lon="23.427237">
        <ele>1080.207</ele>
        <time>2017-04-02T09:08:05Z</time>
      </trkpt>
      <trkpt lat="46.225762" lon="23.427142">
        <ele>1082.327</ele>
        <time>2017-04-02T09:08:14Z</time>
      </trkpt>
      <trkpt lat="46.225714" lon="23.427039">
        <ele>1084.608</ele>
        <time>2017-04-02T09:08:25Z</time>
      </trkpt>
      <trkpt lat="46.225669" lon="23.426939">
        <ele>1086.730</ele>
        <time>2017-04-02T09:08:36Z</time>
      </trkpt>
      <trkpt lat="46.225637" lon="23.426828">
        <ele>1088.156</ele>
        <time>2017-04-02T09:08:49Z</time>
      </trkpt>
      <trkpt lat="46.225602" lon="23.426718">
        <ele>1090.169</ele>
        <time>2017-04-02T09:09:11Z</time>
      </trkpt>
      <trkpt lat="46.225577" lon="23.426603">
        <ele>1091.178</ele>
        <time>2017-04-02T09:09:26Z</time>
      </trkpt>
      <trkpt lat="46.225593" lon="23.426487">
        <ele>1089.041</ele>
        <time>2017-04-02T09:09:37Z</time>
      </trkpt>
      <trkpt lat="46.225584" lon="23.426367">
        <ele>1088.650</ele>
        <time>2017-04-02T09:09:47Z</time>
      </trkpt>
      <trkpt lat="46.225562" lon="23.426248">
        <ele>1090.139</ele>
        <time>2017-04-02T09:09:57Z</time>
      </trkpt>
      <trkpt lat="46.225543" lon="23.426132">
        <ele>1091.599</ele>
        <time>2017-04-02T09:10:06Z</time>
      </trkpt>
      <trkpt lat="46.225523" lon="23.426013">
        <ele>1090.749</ele>
        <time>2017-04-02T09:10:15Z</time>
      </trkpt>
      <trkpt lat="46.225503" lon="23.425898">
        <ele>1089.702</ele>
        <time>2017-04-02T09:10:26Z</time>
      </trkpt>
      <trkpt lat="46.225463" lon="23.425782">
        <ele>1090.322</ele>
        <time>2017-04-02T09:10:34Z</time>
      </trkpt>
      <trkpt lat="46.225422" lon="23.425677">
        <ele>1091.408</ele>
        <time>2017-04-02T09:10:42Z</time>
      </trkpt>
      <trkpt lat="46.225376" lon="23.425577">
        <ele>1092.375</ele>
        <time>2017-04-02T09:10:51Z</time>
      </trkpt>
      <trkpt lat="46.225321" lon="23.425471">
        <ele>1092.781</ele>
        <time>2017-04-02T09:11:02Z</time>
      </trkpt>
      <trkpt lat="46.225266" lon="23.425384">
        <ele>1092.794</ele>
        <time>2017-04-02T09:11:11Z</time>
      </trkpt>
      <trkpt lat="46.225202" lon="23.425292">
        <ele>1092.723</ele>
        <time>2017-04-02T09:11:21Z</time>
      </trkpt>
      <trkpt lat="46.225141" lon="23.425203">
        <ele>1093.896</ele>
        <time>2017-04-02T09:11:31Z</time>
      </trkpt>
      <trkpt lat="46.225087" lon="23.425111">
        <ele>1094.375</ele>
        <time>2017-04-02T09:11:39Z</time>
      </trkpt>
      <trkpt lat="46.225036" lon="23.425007">
        <ele>1094.364</ele>
        <time>2017-04-02T09:11:48Z</time>
      </trkpt>
      <trkpt lat="46.224975" lon="23.424917">
        <ele>1094.154</ele>
        <time>2017-04-02T09:11:57Z</time>
      </trkpt>
      <trkpt lat="46.224905" lon="23.424852">
        <ele>1093.456</ele>
        <time>2017-04-02T09:12:05Z</time>
      </trkpt>
      <trkpt lat="46.224819" lon="23.424794">
        <ele>1093.159</ele>
        <time>2017-04-02T09:12:13Z</time>
      </trkpt>
      <trkpt lat="46.224724" lon="23.424739">
        <ele>1093.114</ele>
        <time>2017-04-02T09:12:21Z</time>
      </trkpt>
      <trkpt lat="46.224642" lon="23.424693">
        <ele>1092.408</ele>
        <time>2017-04-02T09:12:28Z</time>
      </trkpt>
      <trkpt lat="46.224558" lon="23.424643">
        <ele>1091.676</ele>
        <time>2017-04-02T09:12:36Z</time>
      </trkpt>
      <trkpt lat="46.224485" lon="23.424591">
        <ele>1090.762</ele>
        <time>2017-04-02T09:12:44Z</time>
      </trkpt>
      <trkpt lat="46.224403" lon="23.424532">
        <ele>1090.365</ele>
        <time>2017-04-02T09:12:52Z</time>
      </trkpt>
      <trkpt lat="46.224334" lon="23.424465">
        <ele>1090.054</ele>
        <time>2017-04-02T09:13:00Z</time>
      </trkpt>
      <trkpt lat="46.224254" lon="23.424397">
        <ele>1089.947</ele>
        <time>2017-04-02T09:13:06Z</time>
      </trkpt>
      <trkpt lat="46.224167" lon="23.424347">
        <ele>1089.926</ele>
        <time>2017-04-02T09:13:13Z</time>
      </trkpt>
      <trkpt lat="46.224098" lon="23.424276">
        <ele>1089.355</ele>
        <time>2017-04-02T09:13:20Z</time>
      </trkpt>
      <trkpt lat="46.224026" lon="23.424218">
        <ele>1089.015</ele>
        <time>2017-04-02T09:13:27Z</time>
      </trkpt>
      <trkpt lat="46.223964" lon="23.424125">
        <ele>1088.586</ele>
        <time>2017-04-02T09:13:36Z</time>
      </trkpt>
      <trkpt lat="46.223912" lon="23.424023">
        <ele>1088.360</ele>
        <time>2017-04-02T09:13:45Z</time>
      </trkpt>
      <trkpt lat="46.223875" lon="23.423913">
        <ele>1088.226</ele>
        <time>2017-04-02T09:13:54Z</time>
      </trkpt>
      <trkpt lat="46.223796" lon="23.423851">
        <ele>1088.808</ele>
        <time>2017-04-02T09:14:01Z</time>
      </trkpt>
      <trkpt lat="46.223715" lon="23.423794">
        <ele>1089.779</ele>
        <time>2017-04-02T09:14:09Z</time>
      </trkpt>
      <trkpt lat="46.223638" lon="23.423754">
        <ele>1090.795</ele>
        <time>2017-04-02T09:14:16Z</time>
      </trkpt>
      <trkpt lat="46.223554" lon="23.423747">
        <ele>1091.118</ele>
        <time>2017-04-02T09:14:33Z</time>
      </trkpt>
      <trkpt lat="46.223506" lon="23.423642">
        <ele>1092.477</ele>
        <time>2017-04-02T09:14:44Z</time>
      </trkpt>
      <trkpt lat="46.223433" lon="23.423590">
        <ele>1093.710</ele>
        <time>2017-04-02T09:15:09Z</time>
      </trkpt>
      <trkpt lat="46.223347" lon="23.423557">
        <ele>1095.059</ele>
        <time>2017-04-02T09:16:27Z</time>
      </trkpt>
      <trkpt lat="46.223264" lon="23.423541">
        <ele>1096.088</ele>
        <time>2017-04-02T09:16:34Z</time>
      </trkpt>
      <trkpt lat="46.223172" lon="23.423533">
        <ele>1096.848</ele>
        <time>2017-04-02T09:16:44Z</time>
      </trkpt>
      <trkpt lat="46.223092" lon="23.423576">
        <ele>1096.573</ele>
        <time>2017-04-02T09:16:50Z</time>
      </trkpt>
      <trkpt lat="46.223025" lon="23.423649">
        <ele>1095.885</ele>
        <time>2017-04-02T09:16:55Z</time>
      </trkpt>
      <trkpt lat="46.222955" lon="23.423719">
        <ele>1095.813</ele>
        <time>2017-04-02T09:17:02Z</time>
      </trkpt>
      <trkpt lat="46.222876" lon="23.423779">
        <ele>1096.308</ele>
        <time>2017-04-02T09:17:09Z</time>
      </trkpt>
      <trkpt lat="46.222795" lon="23.423865">
        <ele>1096.158</ele>
        <time>2017-04-02T09:17:16Z</time>
      </trkpt>
      <trkpt lat="46.222712" lon="23.423937">
        <ele>1095.974</ele>
        <time>2017-04-02T09:17:21Z</time>
      </trkpt>
      <trkpt lat="46.222699" lon="23.424062">
        <ele>1092.757</ele>
        <time>2017-04-02T09:17:27Z</time>
      </trkpt>
      <trkpt lat="46.222656" lon="23.424161">
        <ele>1090.536</ele>
        <time>2017-04-02T09:17:33Z</time>
      </trkpt>
      <trkpt lat="46.222622" lon="23.424272">
        <ele>1088.299</ele>
        <time>2017-04-02T09:17:40Z</time>
      </trkpt>
      <trkpt lat="46.222569" lon="23.424381">
        <ele>1086.048</ele>
        <time>2017-04-02T09:17:50Z</time>
      </trkpt>
      <trkpt lat="46.222507" lon="23.424465">
        <ele>1084.517</ele>
        <time>2017-04-02T09:18:03Z</time>
      </trkpt>
      <trkpt lat="46.222485" lon="23.424580">
        <ele>1082.237</ele>
        <time>2017-04-02T09:18:13Z</time>
      </trkpt>
      <trkpt lat="46.222435" lon="23.424679">
        <ele>1080.238</ele>
        <time>2017-04-02T09:18:28Z</time>
      </trkpt>
      <trkpt lat="46.222376" lon="23.424773">
        <ele>1078.770</ele>
        <time>2017-04-02T09:19:05Z</time>
      </trkpt>
      <trkpt lat="46.222285" lon="23.424765">
        <ele>1079.117</ele>
        <time>2017-04-02T09:19:14Z</time>
      </trkpt>
      <trkpt lat="46.222211" lon="23.424836">
        <ele>1078.108</ele>
        <time>2017-04-02T09:19:23Z</time>
      </trkpt>
      <trkpt lat="46.222150" lon="23.424914">
        <ele>1077.354</ele>
        <time>2017-04-02T09:19:34Z</time>
      </trkpt>
      <trkpt lat="46.222077" lon="23.424978">
        <ele>1077.080</ele>
        <time>2017-04-02T09:19:43Z</time>
      </trkpt>
      <trkpt lat="46.222009" lon="23.425055">
        <ele>1076.433</ele>
        <time>2017-04-02T09:19:53Z</time>
      </trkpt>
      <trkpt lat="46.221947" lon="23.425130">
        <ele>1075.632</ele>
        <time>2017-04-02T09:20:02Z</time>
      </trkpt>
      <trkpt lat="46.221875" lon="23.425194">
        <ele>1074.845</ele>
        <time>2017-04-02T09:20:09Z</time>
      </trkpt>
      <trkpt lat="46.221812" lon="23.425283">
        <ele>1073.464</ele>
        <time>2017-04-02T09:20:14Z</time>
      </trkpt>
      <trkpt lat="46.221751" lon="23.425373">
        <ele>1071.783</ele>
        <time>2017-04-02T09:20:18Z</time>
      </trkpt>
      <trkpt lat="46.221716" lon="23.425494">
        <ele>1069.343</ele>
        <time>2017-04-02T09:22:29Z</time>
      </trkpt>
      <trkpt lat="46.221650" lon="23.425572">
        <ele>1067.843</ele>
        <time>2017-04-02T09:22:38Z</time>
      </trkpt>
      <trkpt lat="46.221574" lon="23.425633">
        <ele>1067.064</ele>
        <time>2017-04-02T09:22:48Z</time>
      </trkpt>
      <trkpt lat="46.221508" lon="23.425706">
        <ele>1065.810</ele>
        <time>2017-04-02T09:22:58Z</time>
      </trkpt>
      <trkpt lat="46.221431" lon="23.425782">
        <ele>1064.208</ele>
        <time>2017-04-02T09:23:08Z</time>
      </trkpt>
      <trkpt lat="46.221365" lon="23.425854">
        <ele>1063.015</ele>
        <time>2017-04-02T09:23:15Z</time>
      </trkpt>
      <trkpt lat="46.221290" lon="23.425904">
        <ele>1063.321</ele>
        <time>2017-04-02T09:23:21Z</time>
      </trkpt>
      <trkpt lat="46.221202" lon="23.425973">
        <ele>1063.314</ele>
        <time>2017-04-02T09:23:27Z</time>
      </trkpt>
      <trkpt lat="46.221121" lon="23.426040">
        <ele>1063.233</ele>
        <time>2017-04-02T09:23:37Z</time>
      </trkpt>
      <trkpt lat="46.221065" lon="23.426154">
        <ele>1062.256</ele>
        <time>2017-04-02T09:23:43Z</time>
      </trkpt>
      <trkpt lat="46.221064" lon="23.426271">
        <ele>1059.965</ele>
        <time>2017-04-02T09:23:48Z</time>
      </trkpt>
      <trkpt lat="46.220976" lon="23.426321">
        <ele>1060.444</ele>
        <time>2017-04-02T09:23:54Z</time>
      </trkpt>
      <trkpt lat="46.220914" lon="23.426428">
        <ele>1059.124</ele>
        <time>2017-04-02T09:24:00Z</time>
      </trkpt>
      <trkpt lat="46.220836" lon="23.426466">
        <ele>1059.376</ele>
        <time>2017-04-02T09:24:09Z</time>
      </trkpt>
      <trkpt lat="46.220744" lon="23.426510">
        <ele>1060.090</ele>
        <time>2017-04-02T09:24:34Z</time>
      </trkpt>
      <trkpt lat="46.220659" lon="23.426525">
        <ele>1061.219</ele>
        <time>2017-04-02T09:24:40Z</time>
      </trkpt>
      <trkpt lat="46.220580" lon="23.426563">
        <ele>1061.808</ele>
        <time>2017-04-02T09:24:46Z</time>
      </trkpt>
      <trkpt lat="46.220524" lon="23.426653">
        <ele>1060.958</ele>
        <time>2017-04-02T09:24:53Z</time>
      </trkpt>
      <trkpt lat="46.220466" lon="23.426758">
        <ele>1060.174</ele>
        <time>2017-04-02T09:25:03Z</time>
      </trkpt>
      <trkpt lat="46.220433" lon="23.426871">
        <ele>1058.927</ele>
        <time>2017-04-02T09:25:13Z</time>
      </trkpt>
      <trkpt lat="46.220402" lon="23.426984">
        <ele>1057.946</ele>
        <time>2017-04-02T09:25:24Z</time>
      </trkpt>
      <trkpt lat="46.220360" lon="23.427093">
        <ele>1057.689</ele>
        <time>2017-04-02T09:25:33Z</time>
      </trkpt>
      <trkpt lat="46.220303" lon="23.427201">
        <ele>1057.738</ele>
        <time>2017-04-02T09:25:41Z</time>
      </trkpt>
      <trkpt lat="46.220307" lon="23.427335">
        <ele>1056.637</ele>
        <time>2017-04-02T09:25:46Z</time>
      </trkpt>
      <trkpt lat="46.220285" lon="23.427459">
        <ele>1056.177</ele>
        <time>2017-04-02T09:25:53Z</time>
      </trkpt>
      <trkpt lat="46.220280" lon="23.427588">
        <ele>1055.325</ele>
        <time>2017-04-02T09:25:59Z</time>
      </trkpt>
      <trkpt lat="46.220244" lon="23.427700">
        <ele>1055.526</ele>
        <time>2017-04-02T09:26:09Z</time>
      </trkpt>
      <trkpt lat="46.220200" lon="23.427805">
        <ele>1055.808</ele>
        <time>2017-04-02T09:26:15Z</time>
      </trkpt>
      <trkpt lat="46.220124" lon="23.427881">
        <ele>1056.708</ele>
        <time>2017-04-02T09:26:19Z</time>
      </trkpt>
      <trkpt lat="46.220067" lon="23.427976">
        <ele>1056.713</ele>
        <time>2017-04-02T09:26:25Z</time>
      </trkpt>
      <trkpt lat="46.220046" lon="23.428098">
        <ele>1055.289</ele>
        <time>2017-04-02T09:26:32Z</time>
      </trkpt>
      <trkpt lat="46.220043" lon="23.428222">
        <ele>1053.322</ele>
        <time>2017-04-02T09:26:39Z</time>
      </trkpt>
      <trkpt lat="46.220002" lon="23.428325">
        <ele>1053.181</ele>
        <time>2017-04-02T09:26:47Z</time>
      </trkpt>
      <trkpt lat="46.219960" lon="23.428432">
        <ele>1052.944</ele>
        <time>2017-04-02T09:26:53Z</time>
      </trkpt>
      <trkpt lat="46.219930" lon="23.428552">
        <ele>1052.173</ele>
        <time>2017-04-02T09:27:00Z</time>
      </trkpt>
      <trkpt lat="46.219885" lon="23.428671">
        <ele>1051.962</ele>
        <time>2017-04-02T09:27:07Z</time>
      </trkpt>
      <trkpt lat="46.219957" lon="23.428782">
        <ele>1048.432</ele>
        <time>2017-04-02T09:28:50Z</time>
      </trkpt>
      <trkpt lat="46.219889" lon="23.428860">
        <ele>1049.258</ele>
        <time>2017-04-02T09:29:19Z</time>
      </trkpt>
      <trkpt lat="46.219802" lon="23.428907">
        <ele>1050.652</ele>
        <time>2017-04-02T09:29:27Z</time>
      </trkpt>
      <trkpt lat="46.219732" lon="23.428989">
        <ele>1050.617</ele>
        <time>2017-04-02T09:29:36Z</time>
      </trkpt>
      <trkpt lat="46.219665" lon="23.429057">
        <ele>1050.408</ele>
        <time>2017-04-02T09:29:44Z</time>
      </trkpt>
      <trkpt lat="46.219639" lon="23.429178">
        <ele>1048.336</ele>
        <time>2017-04-02T09:29:55Z</time>
      </trkpt>
      <trkpt lat="46.219562" lon="23.429226">
        <ele>1049.042</ele>
        <time>2017-04-02T09:30:02Z</time>
      </trkpt>
      <trkpt lat="46.219482" lon="23.429291">
        <ele>1049.575</ele>
        <time>2017-04-02T09:30:09Z</time>
      </trkpt>
      <trkpt lat="46.219458" lon="23.429404">
        <ele>1048.374</ele>
        <time>2017-04-02T09:30:33Z</time>
      </trkpt>
      <trkpt lat="46.219404" lon="23.429492">
        <ele>1048.487</ele>
        <time>2017-04-02T09:31:22Z</time>
      </trkpt>
      <trkpt lat="46.219323" lon="23.429538">
        <ele>1049.446</ele>
        <time>2017-04-02T09:31:27Z</time>
      </trkpt>
      <trkpt lat="46.219307" lon="23.429653">
        <ele>1048.625</ele>
        <time>2017-04-02T09:31:38Z</time>
      </trkpt>
      <trkpt lat="46.219233" lon="23.429702">
        <ele>1049.275</ele>
        <time>2017-04-02T09:31:45Z</time>
      </trkpt>
      <trkpt lat="46.219161" lon="23.429763">
        <ele>1049.615</ele>
        <time>2017-04-02T09:31:52Z</time>
      </trkpt>
      <trkpt lat="46.219087" lon="23.429841">
        <ele>1049.965</ele>
        <time>2017-04-02T09:31:58Z</time>
      </trkpt>
      <trkpt lat="46.219026" lon="23.429936">
        <ele>1049.711</ele>
        <time>2017-04-02T09:32:04Z</time>
      </trkpt>
      <trkpt lat="46.218984" lon="23.430053">
        <ele>1049.408</ele>
        <time>2017-04-02T09:32:11Z</time>
      </trkpt>
      <trkpt lat="46.218943" lon="23.430172">
        <ele>1049.212</ele>
        <time>2017-04-02T09:32:18Z</time>
      </trkpt>
      <trkpt lat="46.218933" lon="23.430289">
        <ele>1048.718</ele>
        <time>2017-04-02T09:32:24Z</time>
      </trkpt>
      <trkpt lat="46.218908" lon="23.430404">
        <ele>1049.371</ele>
        <time>2017-04-02T09:32:50Z</time>
      </trkpt>
      <trkpt lat="46.218853" lon="23.430503">
        <ele>1050.350</ele>
        <time>2017-04-02T09:32:58Z</time>
      </trkpt>
      <trkpt lat="46.218781" lon="23.430573">
        <ele>1051.323</ele>
        <time>2017-04-02T09:33:07Z</time>
      </trkpt>
      <trkpt lat="46.218728" lon="23.430667">
        <ele>1052.572</ele>
        <time>2017-04-02T09:33:15Z</time>
      </trkpt>
      <trkpt lat="46.218662" lon="23.430743">
        <ele>1053.441</ele>
        <time>2017-04-02T09:33:24Z</time>
      </trkpt>
      <trkpt lat="46.218629" lon="23.430858">
        <ele>1053.931</ele>
        <time>2017-04-02T09:33:34Z</time>
      </trkpt>
      <trkpt lat="46.218568" lon="23.430950">
        <ele>1054.054</ele>
        <time>2017-04-02T09:33:42Z</time>
      </trkpt>
      <trkpt lat="46.218540" lon="23.431062">
        <ele>1053.956</ele>
        <time>2017-04-02T09:33:50Z</time>
      </trkpt>
      <trkpt lat="46.218488" lon="23.431176">
        <ele>1054.011</ele>
        <time>2017-04-02T09:34:08Z</time>
      </trkpt>
      <trkpt lat="46.218415" lon="23.431257">
        <ele>1054.208</ele>
        <time>2017-04-02T09:34:16Z</time>
      </trkpt>
      <trkpt lat="46.218335" lon="23.431302">
        <ele>1054.686</ele>
        <time>2017-04-02T09:34:24Z</time>
      </trkpt>
      <trkpt lat="46.218263" lon="23.431363">
        <ele>1054.072</ele>
        <time>2017-04-02T09:34:32Z</time>
      </trkpt>
      <trkpt lat="46.218197" lon="23.431437">
        <ele>1053.195</ele>
        <time>2017-04-02T09:34:39Z</time>
      </trkpt>
      <trkpt lat="46.218191" lon="23.431557">
        <ele>1052.044</ele>
        <time>2017-04-02T09:35:05Z</time>
      </trkpt>
      <trkpt lat="46.218217" lon="23.431437">
        <ele>1053.247</ele>
        <time>2017-04-02T09:35:26Z</time>
      </trkpt>
      <trkpt lat="46.218192" lon="23.431324">
        <ele>1054.136</ele>
        <time>2017-04-02T09:35:33Z</time>
      </trkpt>
      <trkpt lat="46.218142" lon="23.431232">
        <ele>1054.845</ele>
        <time>2017-04-02T09:35:41Z</time>
      </trkpt>
      <trkpt lat="46.218124" lon="23.431117">
        <ele>1055.995</ele>
        <time>2017-04-02T09:35:53Z</time>
      </trkpt>
      <trkpt lat="46.218147" lon="23.430998">
        <ele>1057.219</ele>
        <time>2017-04-02T09:36:04Z</time>
      </trkpt>
      <trkpt lat="46.218082" lon="23.430923">
        <ele>1058.509</ele>
        <time>2017-04-02T10:04:45Z</time>
      </trkpt>
      <trkpt lat="46.218054" lon="23.430813">
        <ele>1060.319</ele>
        <time>2017-04-02T10:05:15Z</time>
      </trkpt>
      <trkpt lat="46.218008" lon="23.430709">
        <ele>1062.208</ele>
        <time>2017-04-02T10:05:27Z</time>
      </trkpt>
      <trkpt lat="46.217979" lon="23.430597">
        <ele>1064.092</ele>
        <time>2017-04-02T10:05:39Z</time>
      </trkpt>
      <trkpt lat="46.217936" lon="23.430493">
        <ele>1065.478</ele>
        <time>2017-04-02T10:05:49Z</time>
      </trkpt>
      <trkpt lat="46.217936" lon="23.430376">
        <ele>1066.561</ele>
        <time>2017-04-02T10:05:59Z</time>
      </trkpt>
      <trkpt lat="46.217930" lon="23.430244">
        <ele>1067.630</ele>
        <time>2017-04-02T10:06:11Z</time>
      </trkpt>
      <trkpt lat="46.217956" lon="23.430131">
        <ele>1068.263</ele>
        <time>2017-04-02T10:06:20Z</time>
      </trkpt>
      <trkpt lat="46.218009" lon="23.430039">
        <ele>1068.732</ele>
        <time>2017-04-02T10:06:30Z</time>
      </trkpt>
      <trkpt lat="46.218018" lon="23.429906">
        <ele>1069.741</ele>
        <time>2017-04-02T10:06:43Z</time>
      </trkpt>
      <trkpt lat="46.218051" lon="23.429789">
        <ele>1070.551</ele>
        <time>2017-04-02T10:06:48Z</time>
      </trkpt>
      <trkpt lat="46.218088" lon="23.429682">
        <ele>1070.721</ele>
        <time>2017-04-02T10:06:57Z</time>
      </trkpt>
      <trkpt lat="46.218074" lon="23.429561">
        <ele>1071.941</ele>
        <time>2017-04-02T10:07:10Z</time>
      </trkpt>
      <trkpt lat="46.218079" lon="23.429438">
        <ele>1072.705</ele>
        <time>2017-04-02T10:07:21Z</time>
      </trkpt>
      <trkpt lat="46.218110" lon="23.429329">
        <ele>1073.508</ele>
        <time>2017-04-02T10:07:27Z</time>
      </trkpt>
      <trkpt lat="46.218133" lon="23.429206">
        <ele>1074.763</ele>
        <time>2017-04-02T10:07:40Z</time>
      </trkpt>
      <trkpt lat="46.218157" lon="23.429080">
        <ele>1076.059</ele>
        <time>2017-04-02T10:07:54Z</time>
      </trkpt>
      <trkpt lat="46.218182" lon="23.428966">
        <ele>1077.122</ele>
        <time>2017-04-02T10:08:04Z</time>
      </trkpt>
      <trkpt lat="46.218166" lon="23.428837">
        <ele>1079.061</ele>
        <time>2017-04-02T10:08:17Z</time>
      </trkpt>
      <trkpt lat="46.218166" lon="23.428712">
        <ele>1080.924</ele>
        <time>2017-04-02T10:08:28Z</time>
      </trkpt>
      <trkpt lat="46.218215" lon="23.428618">
        <ele>1081.663</ele>
        <time>2017-04-02T10:08:38Z</time>
      </trkpt>
      <trkpt lat="46.218253" lon="23.428510">
        <ele>1082.652</ele>
        <time>2017-04-02T10:08:48Z</time>
      </trkpt>
      <trkpt lat="46.218263" lon="23.428391">
        <ele>1084.212</ele>
        <time>2017-04-02T10:09:01Z</time>
      </trkpt>
      <trkpt lat="46.218288" lon="23.428272">
        <ele>1086.096</ele>
        <time>2017-04-02T10:09:15Z</time>
      </trkpt>
      <trkpt lat="46.218290" lon="23.428152">
        <ele>1088.631</ele>
        <time>2017-04-02T10:10:02Z</time>
      </trkpt>
      <trkpt lat="46.218314" lon="23.428034">
        <ele>1090.924</ele>
        <time>2017-04-02T10:10:30Z</time>
      </trkpt>
      <trkpt lat="46.218347" lon="23.427923">
        <ele>1093.108</ele>
        <time>2017-04-02T10:10:43Z</time>
      </trkpt>
      <trkpt lat="46.218379" lon="23.427814">
        <ele>1095.110</ele>
        <time>2017-04-02T10:11:01Z</time>
      </trkpt>
      <trkpt lat="46.218410" lon="23.427706">
        <ele>1096.866</ele>
        <time>2017-04-02T10:11:13Z</time>
      </trkpt>
      <trkpt lat="46.218447" lon="23.427588">
        <ele>1098.519</ele>
        <time>2017-04-02T10:11:23Z</time>
      </trkpt>
      <trkpt lat="46.218465" lon="23.427462">
        <ele>1100.948</ele>
        <time>2017-04-02T10:11:35Z</time>
      </trkpt>
      <trkpt lat="46.218499" lon="23.427352">
        <ele>1102.861</ele>
        <time>2017-04-02T10:11:53Z</time>
      </trkpt>
      <trkpt lat="46.218524" lon="23.427221">
        <ele>1105.350</ele>
        <time>2017-04-02T10:12:05Z</time>
      </trkpt>
      <trkpt lat="46.218568" lon="23.427117">
        <ele>1106.329</ele>
        <time>2017-04-02T10:12:15Z</time>
      </trkpt>
      <trkpt lat="46.218595" lon="23.426996">
        <ele>1107.679</ele>
        <time>2017-04-02T10:12:23Z</time>
      </trkpt>
      <trkpt lat="46.218647" lon="23.426897">
        <ele>1107.539</ele>
        <time>2017-04-02T10:12:30Z</time>
      </trkpt>
      <trkpt lat="46.218713" lon="23.426803">
        <ele>1106.601</ele>
        <time>2017-04-02T10:12:36Z</time>
      </trkpt>
      <trkpt lat="46.218759" lon="23.426694">
        <ele>1106.121</ele>
        <time>2017-04-02T10:12:44Z</time>
      </trkpt>
      <trkpt lat="46.218791" lon="23.426583">
        <ele>1106.108</ele>
        <time>2017-04-02T10:12:53Z</time>
      </trkpt>
      <trkpt lat="46.218821" lon="23.426465">
        <ele>1106.214</ele>
        <time>2017-04-02T10:13:00Z</time>
      </trkpt>
      <trkpt lat="46.218825" lon="23.426345">
        <ele>1106.980</ele>
        <time>2017-04-02T10:13:06Z</time>
      </trkpt>
      <trkpt lat="46.218826" lon="23.426216">
        <ele>1107.733</ele>
        <time>2017-04-02T10:13:13Z</time>
      </trkpt>
      <trkpt lat="46.218820" lon="23.426098">
        <ele>1108.612</ele>
        <time>2017-04-02T10:13:25Z</time>
      </trkpt>
      <trkpt lat="46.218821" lon="23.425979">
        <ele>1109.565</ele>
        <time>2017-04-02T10:13:33Z</time>
      </trkpt>
      <trkpt lat="46.218816" lon="23.425853">
        <ele>1110.674</ele>
        <time>2017-04-02T10:13:40Z</time>
      </trkpt>
      <trkpt lat="46.218811" lon="23.425731">
        <ele>1111.773</ele>
        <time>2017-04-02T10:13:46Z</time>
      </trkpt>
      <trkpt lat="46.218821" lon="23.425612">
        <ele>1112.773</ele>
        <time>2017-04-02T10:13:55Z</time>
      </trkpt>
      <trkpt lat="46.218851" lon="23.425485">
        <ele>1113.665</ele>
        <time>2017-04-02T10:14:03Z</time>
      </trkpt>
      <trkpt lat="46.218888" lon="23.425375">
        <ele>1114.368</ele>
        <time>2017-04-02T10:14:15Z</time>
      </trkpt>
      <trkpt lat="46.218956" lon="23.425275">
        <ele>1114.514</ele>
        <time>2017-04-02T10:14:22Z</time>
      </trkpt>
      <trkpt lat="46.218999" lon="23.425160">
        <ele>1114.708</ele>
        <time>2017-04-02T10:14:29Z</time>
      </trkpt>
      <trkpt lat="46.219042" lon="23.425045">
        <ele>1115.337</ele>
        <time>2017-04-02T10:14:39Z</time>
      </trkpt>
      <trkpt lat="46.219055" lon="23.424920">
        <ele>1116.243</ele>
        <time>2017-04-02T10:14:47Z</time>
      </trkpt>
      <trkpt lat="46.219079" lon="23.424792">
        <ele>1117.536</ele>
        <time>2017-04-02T10:14:55Z</time>
      </trkpt>
      <trkpt lat="46.219118" lon="23.424673">
        <ele>1119.155</ele>
        <time>2017-04-02T10:15:01Z</time>
      </trkpt>
      <trkpt lat="46.219168" lon="23.424556">
        <ele>1121.498</ele>
        <time>2017-04-02T10:15:08Z</time>
      </trkpt>
      <trkpt lat="46.219199" lon="23.424442">
        <ele>1123.347</ele>
        <time>2017-04-02T10:15:17Z</time>
      </trkpt>
      <trkpt lat="46.219235" lon="23.424327">
        <ele>1125.336</ele>
        <time>2017-04-02T10:15:27Z</time>
      </trkpt>
      <trkpt lat="46.219234" lon="23.424205">
        <ele>1127.156</ele>
        <time>2017-04-02T10:15:34Z</time>
      </trkpt>
      <trkpt lat="46.219249" lon="23.424089">
        <ele>1128.478</ele>
        <time>2017-04-02T10:15:41Z</time>
      </trkpt>
      <trkpt lat="46.219268" lon="23.423975">
        <ele>1129.533</ele>
        <time>2017-04-02T10:15:48Z</time>
      </trkpt>
      <trkpt lat="46.219264" lon="23.423857">
        <ele>1130.426</ele>
        <time>2017-04-02T10:15:55Z</time>
      </trkpt>
      <trkpt lat="46.219267" lon="23.423736">
        <ele>1131.508</ele>
        <time>2017-04-02T10:16:11Z</time>
      </trkpt>
      <trkpt lat="46.219264" lon="23.423617">
        <ele>1132.478</ele>
        <time>2017-04-02T10:16:20Z</time>
      </trkpt>
      <trkpt lat="46.219260" lon="23.423493">
        <ele>1133.394</ele>
        <time>2017-04-02T10:16:30Z</time>
      </trkpt>
      <trkpt lat="46.219266" lon="23.423361">
        <ele>1134.617</ele>
        <time>2017-04-02T10:16:38Z</time>
      </trkpt>
      <trkpt lat="46.219294" lon="23.423241">
        <ele>1135.846</ele>
        <time>2017-04-02T10:16:46Z</time>
      </trkpt>
      <trkpt lat="46.219299" lon="23.423119">
        <ele>1136.199</ele>
        <time>2017-04-02T10:16:55Z</time>
      </trkpt>
      <trkpt lat="46.219316" lon="23.422997">
        <ele>1137.078</ele>
        <time>2017-04-02T10:17:04Z</time>
      </trkpt>
      <trkpt lat="46.219304" lon="23.422877">
        <ele>1136.837</ele>
        <time>2017-04-02T10:17:15Z</time>
      </trkpt>
      <trkpt lat="46.219302" lon="23.422752">
        <ele>1136.937</ele>
        <time>2017-04-02T10:17:37Z</time>
      </trkpt>
      <trkpt lat="46.219290" lon="23.422632">
        <ele>1136.662</ele>
        <time>2017-04-02T10:17:45Z</time>
      </trkpt>
      <trkpt lat="46.219305" lon="23.422513">
        <ele>1137.583</ele>
        <time>2017-04-02T10:17:55Z</time>
      </trkpt>
      <trkpt lat="46.219309" lon="23.422389">
        <ele>1137.611</ele>
        <time>2017-04-02T10:18:04Z</time>
      </trkpt>
      <trkpt lat="46.219318" lon="23.422267">
        <ele>1137.908</ele>
        <time>2017-04-02T10:18:12Z</time>
      </trkpt>
      <trkpt lat="46.219312" lon="23.422141">
        <ele>1137.177</ele>
        <time>2017-04-02T10:18:23Z</time>
      </trkpt>
      <trkpt lat="46.219334" lon="23.422016">
        <ele>1136.933</ele>
        <time>2017-04-02T10:18:31Z</time>
      </trkpt>
      <trkpt lat="46.219351" lon="23.421894">
        <ele>1136.746</ele>
        <time>2017-04-02T10:18:42Z</time>
      </trkpt>
      <trkpt lat="46.219399" lon="23.421789">
        <ele>1137.835</ele>
        <time>2017-04-02T10:18:52Z</time>
      </trkpt>
      <trkpt lat="46.219456" lon="23.421706">
        <ele>1139.628</ele>
        <time>2017-04-02T10:19:02Z</time>
      </trkpt>
      <trkpt lat="46.219504" lon="23.421598">
        <ele>1140.527</ele>
        <time>2017-04-02T10:19:11Z</time>
      </trkpt>
      <trkpt lat="46.219539" lon="23.421488">
        <ele>1140.746</ele>
        <time>2017-04-02T10:19:19Z</time>
      </trkpt>
      <trkpt lat="46.219582" lon="23.421376">
        <ele>1141.316</ele>
        <time>2017-04-02T10:19:29Z</time>
      </trkpt>
      <trkpt lat="46.219639" lon="23.421284">
        <ele>1142.027</ele>
        <time>2017-04-02T10:19:53Z</time>
      </trkpt>
      <trkpt lat="46.219715" lon="23.421214">
        <ele>1143.668</ele>
        <time>2017-04-02T10:20:05Z</time>
      </trkpt>
      <trkpt lat="46.219776" lon="23.421126">
        <ele>1144.414</ele>
        <time>2017-04-02T10:20:13Z</time>
      </trkpt>
      <trkpt lat="46.219815" lon="23.421007">
        <ele>1144.608</ele>
        <time>2017-04-02T10:20:22Z</time>
      </trkpt>
      <trkpt lat="46.219858" lon="23.420894">
        <ele>1145.023</ele>
        <time>2017-04-02T10:20:31Z</time>
      </trkpt>
      <trkpt lat="46.219892" lon="23.420775">
        <ele>1145.769</ele>
        <time>2017-04-02T10:20:38Z</time>
      </trkpt>
      <trkpt lat="46.219911" lon="23.420645">
        <ele>1146.222</ele>
        <time>2017-04-02T10:20:46Z</time>
      </trkpt>
      <trkpt lat="46.219951" lon="23.420537">
        <ele>1147.481</ele>
        <time>2017-04-02T10:20:54Z</time>
      </trkpt>
      <trkpt lat="46.219972" lon="23.420418">
        <ele>1148.134</ele>
        <time>2017-04-02T10:21:02Z</time>
      </trkpt>
      <trkpt lat="46.219994" lon="23.420293">
        <ele>1148.843</ele>
        <time>2017-04-02T10:21:10Z</time>
      </trkpt>
      <trkpt lat="46.220009" lon="23.420176">
        <ele>1148.952</ele>
        <time>2017-04-02T10:21:17Z</time>
      </trkpt>
      <trkpt lat="46.220012" lon="23.420044">
        <ele>1148.582</ele>
        <time>2017-04-02T10:21:25Z</time>
      </trkpt>
      <trkpt lat="46.220012" lon="23.419921">
        <ele>1148.479</ele>
        <time>2017-04-02T10:21:33Z</time>
      </trkpt>
      <trkpt lat="46.220014" lon="23.419796">
        <ele>1148.405</ele>
        <time>2017-04-02T10:21:42Z</time>
      </trkpt>
      <trkpt lat="46.220016" lon="23.419668">
        <ele>1148.125</ele>
        <time>2017-04-02T10:21:50Z</time>
      </trkpt>
      <trkpt lat="46.220027" lon="23.419548">
        <ele>1147.708</ele>
        <time>2017-04-02T10:22:10Z</time>
      </trkpt>
      <trkpt lat="46.220048" lon="23.419434">
        <ele>1147.818</ele>
        <time>2017-04-02T10:22:19Z</time>
      </trkpt>
      <trkpt lat="46.220066" lon="23.419316">
        <ele>1147.734</ele>
        <time>2017-04-02T10:22:28Z</time>
      </trkpt>
      <trkpt lat="46.220088" lon="23.419194">
        <ele>1147.777</ele>
        <time>2017-04-02T10:22:36Z</time>
      </trkpt>
      <trkpt lat="46.220112" lon="23.419077">
        <ele>1147.276</ele>
        <time>2017-04-02T10:22:43Z</time>
      </trkpt>
      <trkpt lat="46.220097" lon="23.418957">
        <ele>1145.189</ele>
        <time>2017-04-02T10:22:50Z</time>
      </trkpt>
      <trkpt lat="46.220074" lon="23.418831">
        <ele>1142.928</ele>
        <time>2017-04-02T10:22:58Z</time>
      </trkpt>
      <trkpt lat="46.220077" lon="23.418701">
        <ele>1142.017</ele>
        <time>2017-04-02T10:23:05Z</time>
      </trkpt>
      <trkpt lat="46.220063" lon="23.418581">
        <ele>1140.777</ele>
        <time>2017-04-02T10:23:12Z</time>
      </trkpt>
      <trkpt lat="46.220044" lon="23.418457">
        <ele>1139.619</ele>
        <time>2017-04-02T10:23:20Z</time>
      </trkpt>
      <trkpt lat="46.220027" lon="23.418331">
        <ele>1138.709</ele>
        <time>2017-04-02T10:23:29Z</time>
      </trkpt>
      <trkpt lat="46.219995" lon="23.418211">
        <ele>1138.419</ele>
        <time>2017-04-02T10:23:39Z</time>
      </trkpt>
      <trkpt lat="46.219942" lon="23.418106">
        <ele>1138.408</ele>
        <time>2017-04-02T10:23:47Z</time>
      </trkpt>
      <trkpt lat="46.219892" lon="23.418000">
        <ele>1139.082</ele>
        <time>2017-04-02T10:23:56Z</time>
      </trkpt>
      <trkpt lat="46.219849" lon="23.417901">
        <ele>1140.188</ele>
        <time>2017-04-02T10:24:03Z</time>
      </trkpt>
      <trkpt lat="46.219814" lon="23.417791">
        <ele>1141.591</ele>
        <time>2017-04-02T10:24:11Z</time>
      </trkpt>
      <trkpt lat="46.219771" lon="23.417682">
        <ele>1143.870</ele>
        <time>2017-04-02T10:24:17Z</time>
      </trkpt>
      <trkpt lat="46.219713" lon="23.417580">
        <ele>1145.923</ele>
        <time>2017-04-02T10:24:26Z</time>
      </trkpt>
      <trkpt lat="46.219661" lon="23.417471">
        <ele>1148.732</ele>
        <time>2017-04-02T10:24:33Z</time>
      </trkpt>
      <trkpt lat="46.219590" lon="23.417379">
        <ele>1151.411</ele>
        <time>2017-04-02T10:24:40Z</time>
      </trkpt>
      <trkpt lat="46.219506" lon="23.417400">
        <ele>1150.521</ele>
        <time>2017-04-02T10:24:53Z</time>
      </trkpt>
      <trkpt lat="46.219416" lon="23.417365">
        <ele>1151.395</ele>
        <time>2017-04-02T10:25:11Z</time>
      </trkpt>
      <trkpt lat="46.219334" lon="23.417366">
        <ele>1150.949</ele>
        <time>2017-04-02T10:25:43Z</time>
      </trkpt>
      <trkpt lat="46.219252" lon="23.417359">
        <ele>1150.923</ele>
        <time>2017-04-02T10:26:32Z</time>
      </trkpt>
      <trkpt lat="46.219172" lon="23.417393">
        <ele>1149.508</ele>
        <time>2017-04-02T10:26:50Z</time>
      </trkpt>
      <trkpt lat="46.219086" lon="23.417367">
        <ele>1150.080</ele>
        <time>2017-04-02T10:27:12Z</time>
      </trkpt>
      <trkpt lat="46.218999" lon="23.417348">
        <ele>1150.266</ele>
        <time>2017-04-02T10:27:22Z</time>
      </trkpt>
      <trkpt lat="46.218914" lon="23.417324">
        <ele>1150.359</ele>
        <time>2017-04-02T10:27:30Z</time>
      </trkpt>
      <trkpt lat="46.218836" lon="23.417283">
        <ele>1150.718</ele>
        <time>2017-04-02T10:27:39Z</time>
      </trkpt>
      <trkpt lat="46.218754" lon="23.417241">
        <ele>1151.271</ele>
        <time>2017-04-02T10:27:48Z</time>
      </trkpt>
      <trkpt lat="46.218671" lon="23.417234">
        <ele>1151.090</ele>
        <time>2017-04-02T10:27:57Z</time>
      </trkpt>
      <trkpt lat="46.218585" lon="23.417229">
        <ele>1150.869</ele>
        <time>2017-04-02T10:28:04Z</time>
      </trkpt>
      <trkpt lat="46.218493" lon="23.417214">
        <ele>1150.729</ele>
        <time>2017-04-02T10:28:13Z</time>
      </trkpt>
      <trkpt lat="46.218411" lon="23.417192">
        <ele>1150.783</ele>
        <time>2017-04-02T10:28:20Z</time>
      </trkpt>
      <trkpt lat="46.218329" lon="23.417186">
        <ele>1150.525</ele>
        <time>2017-04-02T10:28:28Z</time>
      </trkpt>
      <trkpt lat="46.218241" lon="23.417182">
        <ele>1149.217</ele>
        <time>2017-04-02T10:28:36Z</time>
      </trkpt>
      <trkpt lat="46.218162" lon="23.417150">
        <ele>1148.408</ele>
        <time>2017-04-02T10:28:43Z</time>
      </trkpt>
      <trkpt lat="46.218079" lon="23.417122">
        <ele>1147.559</ele>
        <time>2017-04-02T10:28:49Z</time>
      </trkpt>
      <trkpt lat="46.217998" lon="23.417126">
        <ele>1146.185</ele>
        <time>2017-04-02T10:28:56Z</time>
      </trkpt>
      <trkpt lat="46.217914" lon="23.417101">
        <ele>1144.918</ele>
        <time>2017-04-02T10:29:03Z</time>
      </trkpt>
      <trkpt lat="46.217837" lon="23.417060">
        <ele>1143.627</ele>
        <time>2017-04-02T10:29:11Z</time>
      </trkpt>
      <trkpt lat="46.217763" lon="23.416982">
        <ele>1141.920</ele>
        <time>2017-04-02T10:29:19Z</time>
      </trkpt>
      <trkpt lat="46.217688" lon="23.416904">
        <ele>1140.469</ele>
        <time>2017-04-02T10:29:27Z</time>
      </trkpt>
      <trkpt lat="46.217619" lon="23.416825">
        <ele>1139.148</ele>
        <time>2017-04-02T10:29:34Z</time>
      </trkpt>
      <trkpt lat="46.217550" lon="23.416735">
        <ele>1137.958</ele>
        <time>2017-04-02T10:29:41Z</time>
      </trkpt>
      <trkpt lat="46.217510" lon="23.416629">
        <ele>1137.378</ele>
        <time>2017-04-02T10:29:49Z</time>
      </trkpt>
      <trkpt lat="46.217460" lon="23.416524">
        <ele>1136.733</ele>
        <time>2017-04-02T10:29:56Z</time>
      </trkpt>
      <trkpt lat="46.217413" lon="23.416420">
        <ele>1136.326</ele>
        <time>2017-04-02T10:30:03Z</time>
      </trkpt>
      <trkpt lat="46.217374" lon="23.416302">
        <ele>1135.908</ele>
        <time>2017-04-02T10:30:11Z</time>
      </trkpt>
      <trkpt lat="46.217337" lon="23.416190">
        <ele>1135.538</ele>
        <time>2017-04-02T10:30:19Z</time>
      </trkpt>
      <trkpt lat="46.217302" lon="23.416071">
        <ele>1134.924</ele>
        <time>2017-04-02T10:30:27Z</time>
      </trkpt>
      <trkpt lat="46.217277" lon="23.415945">
        <ele>1133.857</ele>
        <time>2017-04-02T10:30:35Z</time>
      </trkpt>
      <trkpt lat="46.217259" lon="23.415830">
        <ele>1132.846</ele>
        <time>2017-04-02T10:30:42Z</time>
      </trkpt>
      <trkpt lat="46.217240" lon="23.415705">
        <ele>1131.039</ele>
        <time>2017-04-02T10:30:50Z</time>
      </trkpt>
      <trkpt lat="46.217175" lon="23.415629">
        <ele>1129.098</ele>
        <time>2017-04-02T10:32:38Z</time>
      </trkpt>
      <trkpt lat="46.217210" lon="23.415510">
        <ele>1128.867</ele>
        <time>2017-04-02T10:32:59Z</time>
      </trkpt>
      <trkpt lat="46.217222" lon="23.415389">
        <ele>1129.037</ele>
        <time>2017-04-02T10:33:11Z</time>
      </trkpt>
      <trkpt lat="46.217246" lon="23.415270">
        <ele>1129.526</ele>
        <time>2017-04-02T10:33:19Z</time>
      </trkpt>
      <trkpt lat="46.217249" lon="23.415152">
        <ele>1129.647</ele>
        <time>2017-04-02T10:33:26Z</time>
      </trkpt>
      <trkpt lat="46.217225" lon="23.415038">
        <ele>1129.111</ele>
        <time>2017-04-02T10:33:34Z</time>
      </trkpt>
      <trkpt lat="46.217208" lon="23.414923">
        <ele>1129.208</ele>
        <time>2017-04-02T10:33:49Z</time>
      </trkpt>
      <trkpt lat="46.217185" lon="23.414806">
        <ele>1129.423</ele>
        <time>2017-04-02T10:33:57Z</time>
      </trkpt>
      <trkpt lat="46.217186" lon="23.414683">
        <ele>1129.769</ele>
        <time>2017-04-02T10:34:04Z</time>
      </trkpt>
      <trkpt lat="46.217162" lon="23.414562">
        <ele>1129.442</ele>
        <time>2017-04-02T10:34:12Z</time>
      </trkpt>
      <trkpt lat="46.217133" lon="23.414449">
        <ele>1129.081</ele>
        <time>2017-04-02T10:35:07Z</time>
      </trkpt>
      <trkpt lat="46.217092" lon="23.414335">
        <ele>1128.814</ele>
        <time>2017-04-02T10:35:52Z</time>
      </trkpt>
      <trkpt lat="46.217059" lon="23.414216">
        <ele>1128.753</ele>
        <time>2017-04-02T10:36:00Z</time>
      </trkpt>
      <trkpt lat="46.217007" lon="23.414122">
        <ele>1128.642</ele>
        <time>2017-04-02T10:36:10Z</time>
      </trkpt>
      <trkpt lat="46.216957" lon="23.414029">
        <ele>1128.662</ele>
        <time>2017-04-02T10:36:17Z</time>
      </trkpt>
      <trkpt lat="46.216909" lon="23.413924">
        <ele>1129.449</ele>
        <time>2017-04-02T10:36:26Z</time>
      </trkpt>
      <trkpt lat="46.216856" lon="23.413817">
        <ele>1131.302</ele>
        <time>2017-04-02T10:36:35Z</time>
      </trkpt>
      <trkpt lat="46.216923" lon="23.413751">
        <ele>1131.722</ele>
        <time>2017-04-02T10:37:51Z</time>
      </trkpt>
      <trkpt lat="46.217013" lon="23.413683">
        <ele>1133.008</ele>
        <time>2017-04-02T10:38:07Z</time>
      </trkpt>
      <trkpt lat="46.217081" lon="23.413607">
        <ele>1134.645</ele>
        <time>2017-04-02T10:38:15Z</time>
      </trkpt>
      <trkpt lat="46.217162" lon="23.413591">
        <ele>1135.141</ele>
        <time>2017-04-02T10:38:23Z</time>
      </trkpt>
      <trkpt lat="46.217235" lon="23.413539">
        <ele>1136.214</ele>
        <time>2017-04-02T10:39:28Z</time>
      </trkpt>
      <trkpt lat="46.217306" lon="23.413471">
        <ele>1137.853</ele>
        <time>2017-04-02T10:39:41Z</time>
      </trkpt>
      <trkpt lat="46.217358" lon="23.413372">
        <ele>1139.146</ele>
        <time>2017-04-02T10:39:55Z</time>
      </trkpt>
      <trkpt lat="46.217402" lon="23.413269">
        <ele>1139.795</ele>
        <time>2017-04-02T10:40:06Z</time>
      </trkpt>
      <trkpt lat="46.217469" lon="23.413197">
        <ele>1139.634</ele>
        <time>2017-04-02T10:40:19Z</time>
      </trkpt>
      <trkpt lat="46.217538" lon="23.413135">
        <ele>1138.564</ele>
        <time>2017-04-02T10:40:29Z</time>
      </trkpt>
      <trkpt lat="46.217460" lon="23.413093">
        <ele>1139.413</ele>
        <time>2017-04-02T10:47:13Z</time>
      </trkpt>
      <trkpt lat="46.217372" lon="23.413100">
        <ele>1139.943</ele>
        <time>2017-04-02T10:47:25Z</time>
      </trkpt>
      <trkpt lat="46.217295" lon="23.413137">
        <ele>1140.107</ele>
        <time>2017-04-02T10:47:40Z</time>
      </trkpt>
      <trkpt lat="46.217216" lon="23.413091">
        <ele>1140.708</ele>
        <time>2017-04-02T10:47:57Z</time>
      </trkpt>
      <trkpt lat="46.217134" lon="23.413069">
        <ele>1140.652</ele>
        <time>2017-04-02T10:48:07Z</time>
      </trkpt>
      <trkpt lat="46.217055" lon="23.413021">
        <ele>1140.438</ele>
        <time>2017-04-02T10:48:20Z</time>
      </trkpt>
      <trkpt lat="46.216976" lon="23.412985">
        <ele>1140.331</ele>
        <time>2017-04-02T10:48:27Z</time>
      </trkpt>
      <trkpt lat="46.216890" lon="23.412961">
        <ele>1140.550</ele>
        <time>2017-04-02T10:48:35Z</time>
      </trkpt>
      <trkpt lat="46.216804" lon="23.412936">
        <ele>1140.933</ele>
        <time>2017-04-02T10:48:44Z</time>
      </trkpt>
      <trkpt lat="46.216726" lon="23.412877">
        <ele>1141.772</ele>
        <time>2017-04-02T10:48:55Z</time>
      </trkpt>
      <trkpt lat="46.216642" lon="23.412854">
        <ele>1142.391</ele>
        <time>2017-04-02T10:49:04Z</time>
      </trkpt>
      <trkpt lat="46.216563" lon="23.412878">
        <ele>1142.331</ele>
        <time>2017-04-02T10:49:22Z</time>
      </trkpt>
      <trkpt lat="46.216478" lon="23.412853">
        <ele>1142.982</ele>
        <time>2017-04-02T10:49:32Z</time>
      </trkpt>
      <trkpt lat="46.216393" lon="23.412827">
        <ele>1143.543</ele>
        <time>2017-04-02T10:49:43Z</time>
      </trkpt>
      <trkpt lat="46.216301" lon="23.412851">
        <ele>1144.617</ele>
        <time>2017-04-02T10:49:53Z</time>
      </trkpt>
      <trkpt lat="46.216226" lon="23.412915">
        <ele>1145.208</ele>
        <time>2017-04-02T10:50:00Z</time>
      </trkpt>
      <trkpt lat="46.216151" lon="23.412977">
        <ele>1145.919</ele>
        <time>2017-04-02T10:50:08Z</time>
      </trkpt>
      <trkpt lat="46.216068" lon="23.412979">
        <ele>1147.175</ele>
        <time>2017-04-02T10:50:24Z</time>
      </trkpt>
      <trkpt lat="46.215986" lon="23.412951">
        <ele>1148.468</ele>
        <time>2017-04-02T10:52:34Z</time>
      </trkpt>
      <trkpt lat="46.215918" lon="23.412880">
        <ele>1150.237</ele>
        <time>2017-04-02T10:52:44Z</time>
      </trkpt>
      <trkpt lat="46.215861" lon="23.412794">
        <ele>1152.320</ele>
        <time>2017-04-02T10:52:53Z</time>
      </trkpt>
      <trkpt lat="46.215800" lon="23.412711">
        <ele>1153.399</ele>
        <time>2017-04-02T10:53:03Z</time>
      </trkpt>
      <trkpt lat="46.215748" lon="23.412621">
        <ele>1153.788</ele>
        <time>2017-04-02T10:53:12Z</time>
      </trkpt>
      <trkpt lat="46.215684" lon="23.412541">
        <ele>1154.178</ele>
        <time>2017-04-02T10:53:23Z</time>
      </trkpt>
      <trkpt lat="46.215625" lon="23.412459">
        <ele>1154.554</ele>
        <time>2017-04-02T10:53:34Z</time>
      </trkpt>
      <trkpt lat="46.215571" lon="23.412370">
        <ele>1154.656</ele>
        <time>2017-04-02T10:53:46Z</time>
      </trkpt>
      <trkpt lat="46.215510" lon="23.412285">
        <ele>1153.911</ele>
        <time>2017-04-02T10:53:55Z</time>
      </trkpt>
      <trkpt lat="46.215462" lon="23.412182">
        <ele>1153.808</ele>
        <time>2017-04-02T10:54:04Z</time>
      </trkpt>
      <trkpt lat="46.215423" lon="23.412068">
        <ele>1154.376</ele>
        <time>2017-04-02T10:54:13Z</time>
      </trkpt>
      <trkpt lat="46.215408" lon="23.411950">
        <ele>1155.292</ele>
        <time>2017-04-02T10:54:21Z</time>
      </trkpt>
      <trkpt lat="46.215398" lon="23.411828">
        <ele>1155.535</ele>
        <time>2017-04-02T10:54:29Z</time>
      </trkpt>
      <trkpt lat="46.215379" lon="23.411713">
        <ele>1155.644</ele>
        <time>2017-04-02T10:54:37Z</time>
      </trkpt>
      <trkpt lat="46.215368" lon="23.411590">
        <ele>1155.717</ele>
        <time>2017-04-02T10:54:45Z</time>
      </trkpt>
      <trkpt lat="46.215370" lon="23.411465">
        <ele>1155.916</ele>
        <time>2017-04-02T10:54:54Z</time>
      </trkpt>
      <trkpt lat="46.215353" lon="23.411340">
        <ele>1155.465</ele>
        <time>2017-04-02T10:55:02Z</time>
      </trkpt>
      <trkpt lat="46.215352" lon="23.411210">
        <ele>1155.095</ele>
        <time>2017-04-02T10:55:10Z</time>
      </trkpt>
      <trkpt lat="46.215356" lon="23.411092">
        <ele>1154.626</ele>
        <time>2017-04-02T10:55:18Z</time>
      </trkpt>
      <trkpt lat="46.215355" lon="23.410965">
        <ele>1154.047</ele>
        <time>2017-04-02T10:55:30Z</time>
      </trkpt>
      <trkpt lat="46.215347" lon="23.410841">
        <ele>1153.311</ele>
        <time>2017-04-02T10:55:37Z</time>
      </trkpt>
      <trkpt lat="46.215341" lon="23.410714">
        <ele>1153.408</ele>
        <time>2017-04-02T10:55:45Z</time>
      </trkpt>
      <trkpt lat="46.215327" lon="23.410592">
        <ele>1153.473</ele>
        <time>2017-04-02T10:55:53Z</time>
      </trkpt>
      <trkpt lat="46.215299" lon="23.410476">
        <ele>1154.059</ele>
        <time>2017-04-02T10:56:01Z</time>
      </trkpt>
      <trkpt lat="46.215257" lon="23.410375">
        <ele>1154.992</ele>
        <time>2017-04-02T10:56:08Z</time>
      </trkpt>
      <trkpt lat="46.215221" lon="23.410262">
        <ele>1156.231</ele>
        <time>2017-04-02T10:56:16Z</time>
      </trkpt>
      <trkpt lat="46.215162" lon="23.410178">
        <ele>1157.414</ele>
        <time>2017-04-02T10:56:24Z</time>
      </trkpt>
      <trkpt lat="46.215112" lon="23.410069">
        <ele>1159.063</ele>
        <time>2017-04-02T10:56:33Z</time>
      </trkpt>
      <trkpt lat="46.215059" lon="23.409979">
        <ele>1160.272</ele>
        <time>2017-04-02T10:56:41Z</time>
      </trkpt>
      <trkpt lat="46.215008" lon="23.409879">
        <ele>1160.952</ele>
        <time>2017-04-02T10:56:53Z</time>
      </trkpt>
      <trkpt lat="46.214948" lon="23.409777">
        <ele>1161.233</ele>
        <time>2017-04-02T10:57:03Z</time>
      </trkpt>
      <trkpt lat="46.214888" lon="23.409679">
        <ele>1161.723</ele>
        <time>2017-04-02T10:57:11Z</time>
      </trkpt>
      <trkpt lat="46.214829" lon="23.409581">
        <ele>1162.315</ele>
        <time>2017-04-02T10:57:20Z</time>
      </trkpt>
      <trkpt lat="46.214758" lon="23.409506">
        <ele>1162.608</ele>
        <time>2017-04-02T10:57:28Z</time>
      </trkpt>
      <trkpt lat="46.214695" lon="23.409420">
        <ele>1163.594</ele>
        <time>2017-04-02T10:57:37Z</time>
      </trkpt>
      <trkpt lat="46.214622" lon="23.409356">
        <ele>1164.760</ele>
        <time>2017-04-02T10:57:55Z</time>
      </trkpt>
      <trkpt lat="46.214544" lon="23.409320">
        <ele>1165.773</ele>
        <time>2017-04-02T10:59:02Z</time>
      </trkpt>
      <trkpt lat="46.214485" lon="23.409235">
        <ele>1167.582</ele>
        <time>2017-04-02T10:59:10Z</time>
      </trkpt>
      <trkpt lat="46.214427" lon="23.409142">
        <ele>1169.625</ele>
        <time>2017-04-02T10:59:39Z</time>
      </trkpt>
      <trkpt lat="46.214365" lon="23.409065">
        <ele>1171.594</ele>
        <time>2017-04-02T10:59:51Z</time>
      </trkpt>
      <trkpt lat="46.214297" lon="23.408990">
        <ele>1173.643</ele>
        <time>2017-04-02T11:00:16Z</time>
      </trkpt>
      <trkpt lat="46.214245" lon="23.408888">
        <ele>1176.293</ele>
        <time>2017-04-02T11:00:30Z</time>
      </trkpt>
      <trkpt lat="46.214188" lon="23.408800">
        <ele>1177.887</ele>
        <time>2017-04-02T11:00:40Z</time>
      </trkpt>
      <trkpt lat="46.214110" lon="23.408763">
        <ele>1178.542</ele>
        <time>2017-04-02T11:00:51Z</time>
      </trkpt>
      <trkpt lat="46.214043" lon="23.408683">
        <ele>1179.626</ele>
        <time>2017-04-02T11:01:14Z</time>
      </trkpt>
      <trkpt lat="46.213989" lon="23.408594">
        <ele>1180.708</ele>
        <time>2017-04-02T11:01:25Z</time>
      </trkpt>
      <trkpt lat="46.213947" lon="23.408483">
        <ele>1181.439</ele>
        <time>2017-04-02T11:01:40Z</time>
      </trkpt>
      <trkpt lat="46.213897" lon="23.408388">
        <ele>1182.515</ele>
        <time>2017-04-02T11:01:50Z</time>
      </trkpt>
      <trkpt lat="46.213872" lon="23.408274">
        <ele>1183.248</ele>
        <time>2017-04-02T11:01:59Z</time>
      </trkpt>
      <trkpt lat="46.213844" lon="23.408154">
        <ele>1183.637</ele>
        <time>2017-04-02T11:02:09Z</time>
      </trkpt>
      <trkpt lat="46.213798" lon="23.408053">
        <ele>1184.330</ele>
        <time>2017-04-02T11:02:16Z</time>
      </trkpt>
      <trkpt lat="46.213765" lon="23.407943">
        <ele>1183.969</ele>
        <time>2017-04-02T11:02:25Z</time>
      </trkpt>
      <trkpt lat="46.213712" lon="23.407848">
        <ele>1184.338</ele>
        <time>2017-04-02T11:02:32Z</time>
      </trkpt>
      <trkpt lat="46.213654" lon="23.407743">
        <ele>1184.828</ele>
        <time>2017-04-02T11:02:40Z</time>
      </trkpt>
      <trkpt lat="46.213595" lon="23.407643">
        <ele>1185.162</ele>
        <time>2017-04-02T11:02:48Z</time>
      </trkpt>
      <trkpt lat="46.213542" lon="23.407543">
        <ele>1185.083</ele>
        <time>2017-04-02T11:02:57Z</time>
      </trkpt>
      <trkpt lat="46.213489" lon="23.407453">
        <ele>1185.211</ele>
        <time>2017-04-02T11:03:04Z</time>
      </trkpt>
      <trkpt lat="46.213431" lon="23.407367">
        <ele>1185.808</ele>
        <time>2017-04-02T11:03:11Z</time>
      </trkpt>
      <trkpt lat="46.213383" lon="23.407271">
        <ele>1186.367</ele>
        <time>2017-04-02T11:03:19Z</time>
      </trkpt>
      <trkpt lat="46.213355" lon="23.407151">
        <ele>1186.483</ele>
        <time>2017-04-02T11:03:27Z</time>
      </trkpt>
      <trkpt lat="46.213344" lon="23.407032">
        <ele>1186.186</ele>
        <time>2017-04-02T11:03:35Z</time>
      </trkpt>
      <trkpt lat="46.213322" lon="23.406906">
        <ele>1185.425</ele>
        <time>2017-04-02T11:03:45Z</time>
      </trkpt>
      <trkpt lat="46.213294" lon="23.406796">
        <ele>1183.788</ele>
        <time>2017-04-02T11:03:52Z</time>
      </trkpt>
      <trkpt lat="46.213265" lon="23.406686">
        <ele>1182.047</ele>
        <time>2017-04-02T11:03:59Z</time>
      </trkpt>
      <trkpt lat="46.213216" lon="23.406588">
        <ele>1180.486</ele>
        <time>2017-04-02T11:04:06Z</time>
      </trkpt>
      <trkpt lat="46.213159" lon="23.406488">
        <ele>1179.126</ele>
        <time>2017-04-02T11:04:15Z</time>
      </trkpt>
      <trkpt lat="46.213113" lon="23.406390">
        <ele>1178.425</ele>
        <time>2017-04-02T11:04:23Z</time>
      </trkpt>
      <trkpt lat="46.213087" lon="23.406273">
        <ele>1178.226</ele>
        <time>2017-04-02T11:04:31Z</time>
      </trkpt>
      <trkpt lat="46.213066" lon="23.406148">
        <ele>1178.008</ele>
        <time>2017-04-02T11:04:39Z</time>
      </trkpt>
      <trkpt lat="46.213055" lon="23.406032">
        <ele>1178.008</ele>
        <time>2017-04-02T11:04:46Z</time>
      </trkpt>
      <trkpt lat="46.213036" lon="23.405914">
        <ele>1177.823</ele>
        <time>2017-04-02T11:04:54Z</time>
      </trkpt>
      <trkpt lat="46.213001" lon="23.405798">
        <ele>1177.629</ele>
        <time>2017-04-02T11:05:01Z</time>
      </trkpt>
      <trkpt lat="46.212946" lon="23.405688">
        <ele>1177.392</ele>
        <time>2017-04-02T11:05:08Z</time>
      </trkpt>
      <trkpt lat="46.212875" lon="23.405621">
        <ele>1177.461</ele>
        <time>2017-04-02T11:05:14Z</time>
      </trkpt>
      <trkpt lat="46.212812" lon="23.405548">
        <ele>1177.934</ele>
        <time>2017-04-02T11:05:21Z</time>
      </trkpt>
      <trkpt lat="46.212745" lon="23.405456">
        <ele>1178.243</ele>
        <time>2017-04-02T11:05:30Z</time>
      </trkpt>
      <trkpt lat="46.212669" lon="23.405375">
        <ele>1177.742</ele>
        <time>2017-04-02T11:05:37Z</time>
      </trkpt>
      <trkpt lat="46.212601" lon="23.405289">
        <ele>1177.472</ele>
        <time>2017-04-02T11:05:45Z</time>
      </trkpt>
      <trkpt lat="46.212537" lon="23.405199">
        <ele>1177.113</ele>
        <time>2017-04-02T11:05:53Z</time>
      </trkpt>
      <trkpt lat="46.212488" lon="23.405093">
        <ele>1177.143</ele>
        <time>2017-04-02T11:06:01Z</time>
      </trkpt>
      <trkpt lat="46.212430" lon="23.404994">
        <ele>1176.507</ele>
        <time>2017-04-02T11:06:09Z</time>
      </trkpt>
      <trkpt lat="46.212389" lon="23.404881">
        <ele>1176.708</ele>
        <time>2017-04-02T11:06:17Z</time>
      </trkpt>
      <trkpt lat="46.212349" lon="23.404775">
        <ele>1176.772</ele>
        <time>2017-04-02T11:06:25Z</time>
      </trkpt>
      <trkpt lat="46.212297" lon="23.404665">
        <ele>1176.718</ele>
        <time>2017-04-02T11:06:33Z</time>
      </trkpt>
      <trkpt lat="46.212251" lon="23.404558">
        <ele>1177.051</ele>
        <time>2017-04-02T11:06:41Z</time>
      </trkpt>
      <trkpt lat="46.212206" lon="23.404455">
        <ele>1177.490</ele>
        <time>2017-04-02T11:06:49Z</time>
      </trkpt>
      <trkpt lat="46.212153" lon="23.404356">
        <ele>1177.433</ele>
        <time>2017-04-02T11:06:57Z</time>
      </trkpt>
      <trkpt lat="46.212102" lon="23.404253">
        <ele>1177.622</ele>
        <time>2017-04-02T11:07:05Z</time>
      </trkpt>
      <trkpt lat="46.212056" lon="23.404151">
        <ele>1178.221</ele>
        <time>2017-04-02T11:07:13Z</time>
      </trkpt>
      <trkpt lat="46.212005" lon="23.404045">
        <ele>1178.351</ele>
        <time>2017-04-02T11:07:21Z</time>
      </trkpt>
      <trkpt lat="46.211962" lon="23.403941">
        <ele>1178.779</ele>
        <time>2017-04-02T11:07:29Z</time>
      </trkpt>
      <trkpt lat="46.211897" lon="23.403871">
        <ele>1178.605</ele>
        <time>2017-04-02T11:07:38Z</time>
      </trkpt>
      <trkpt lat="46.211842" lon="23.403782">
        <ele>1178.325</ele>
        <time>2017-04-02T11:07:44Z</time>
      </trkpt>
      <trkpt lat="46.211795" lon="23.403685">
        <ele>1178.108</ele>
        <time>2017-04-02T11:07:53Z</time>
      </trkpt>
      <trkpt lat="46.211728" lon="23.403612">
        <ele>1177.748</ele>
        <time>2017-04-02T11:08:03Z</time>
      </trkpt>
      <trkpt lat="46.211680" lon="23.403504">
        <ele>1176.034</ele>
        <time>2017-04-02T11:08:11Z</time>
      </trkpt>
      <trkpt lat="46.211629" lon="23.403406">
        <ele>1173.777</ele>
        <time>2017-04-02T11:08:19Z</time>
      </trkpt>
      <trkpt lat="46.211643" lon="23.403288">
        <ele>1172.516</ele>
        <time>2017-04-02T11:08:31Z</time>
      </trkpt>
      <trkpt lat="46.211688" lon="23.403186">
        <ele>1171.659</ele>
        <time>2017-04-02T11:08:41Z</time>
      </trkpt>
      <trkpt lat="46.211760" lon="23.403106">
        <ele>1171.068</ele>
        <time>2017-04-02T11:08:49Z</time>
      </trkpt>
      <trkpt lat="46.211823" lon="23.403025">
        <ele>1170.277</ele>
        <time>2017-04-02T11:09:00Z</time>
      </trkpt>
      <trkpt lat="46.211875" lon="23.402930">
        <ele>1169.117</ele>
        <time>2017-04-02T11:09:10Z</time>
      </trkpt>
      <trkpt lat="46.211943" lon="23.402859">
        <ele>1168.553</ele>
        <time>2017-04-02T11:09:18Z</time>
      </trkpt>
      <trkpt lat="46.211997" lon="23.402762">
        <ele>1166.204</ele>
        <time>2017-04-02T11:09:24Z</time>
      </trkpt>
      <trkpt lat="46.212021" lon="23.402647">
        <ele>1164.214</ele>
        <time>2017-04-02T11:09:32Z</time>
      </trkpt>
      <trkpt lat="46.212061" lon="23.402535">
        <ele>1161.908</ele>
        <time>2017-04-02T11:09:40Z</time>
      </trkpt>
      <trkpt lat="46.212029" lon="23.402423">
        <ele>1161.096</ele>
        <time>2017-04-02T11:09:59Z</time>
      </trkpt>
      <trkpt lat="46.212008" lon="23.402310">
        <ele>1160.032</ele>
        <time>2017-04-02T11:11:17Z</time>
      </trkpt>
      <trkpt lat="46.211983" lon="23.402178">
        <ele>1159.495</ele>
        <time>2017-04-02T11:11:26Z</time>
      </trkpt>
      <trkpt lat="46.211988" lon="23.402059">
        <ele>1159.474</ele>
        <time>2017-04-02T11:11:37Z</time>
      </trkpt>
      <trkpt lat="46.212005" lon="23.401932">
        <ele>1159.237</ele>
        <time>2017-04-02T11:11:49Z</time>
      </trkpt>
      <trkpt lat="46.212001" lon="23.401792">
        <ele>1160.456</ele>
        <time>2017-04-02T11:11:59Z</time>
      </trkpt>
      <trkpt lat="46.211994" lon="23.401672">
        <ele>1161.495</ele>
        <time>2017-04-02T11:12:06Z</time>
      </trkpt>
      <trkpt lat="46.212000" lon="23.401550">
        <ele>1162.735</ele>
        <time>2017-04-02T11:12:16Z</time>
      </trkpt>
      <trkpt lat="46.212001" lon="23.401433">
        <ele>1163.936</ele>
        <time>2017-04-02T11:12:31Z</time>
      </trkpt>
      <trkpt lat="46.212013" lon="23.401306">
        <ele>1165.517</ele>
        <time>2017-04-02T11:12:43Z</time>
      </trkpt>
      <trkpt lat="46.212015" lon="23.401175">
        <ele>1167.518</ele>
        <time>2017-04-02T11:12:53Z</time>
      </trkpt>
      <trkpt lat="46.212015" lon="23.401041">
        <ele>1169.908</ele>
        <time>2017-04-02T11:13:04Z</time>
      </trkpt>
      <trkpt lat="46.212019" lon="23.400916">
        <ele>1172.384</ele>
        <time>2017-04-02T11:13:27Z</time>
      </trkpt>
      <trkpt lat="46.212016" lon="23.400795">
        <ele>1174.780</ele>
        <time>2017-04-02T11:13:44Z</time>
      </trkpt>
      <trkpt lat="46.211998" lon="23.400680">
        <ele>1177.063</ele>
        <time>2017-04-02T11:13:58Z</time>
      </trkpt>
      <trkpt lat="46.211962" lon="23.400571">
        <ele>1179.582</ele>
        <time>2017-04-02T11:14:13Z</time>
      </trkpt>
      <trkpt lat="46.211945" lon="23.400447">
        <ele>1181.995</ele>
        <time>2017-04-02T11:14:30Z</time>
      </trkpt>
      <trkpt lat="46.211913" lon="23.400336">
        <ele>1183.724</ele>
        <time>2017-04-02T11:14:43Z</time>
      </trkpt>
      <trkpt lat="46.211906" lon="23.400216">
        <ele>1185.863</ele>
        <time>2017-04-02T11:15:02Z</time>
      </trkpt>
      <trkpt lat="46.211906" lon="23.400098">
        <ele>1188.083</ele>
        <time>2017-04-02T11:15:23Z</time>
      </trkpt>
      <trkpt lat="46.211926" lon="23.399969">
        <ele>1190.446</ele>
        <time>2017-04-02T11:15:35Z</time>
      </trkpt>
      <trkpt lat="46.211923" lon="23.399838">
        <ele>1192.888</ele>
        <time>2017-04-02T11:15:45Z</time>
      </trkpt>
      <trkpt lat="46.211911" lon="23.399700">
        <ele>1194.916</ele>
        <time>2017-04-02T11:15:53Z</time>
      </trkpt>
      <trkpt lat="46.211890" lon="23.399586">
        <ele>1195.708</ele>
        <time>2017-04-02T11:16:01Z</time>
      </trkpt>
      <trkpt lat="46.211859" lon="23.399465">
        <ele>1196.575</ele>
        <time>2017-04-02T11:16:06Z</time>
      </trkpt>
      <trkpt lat="46.211863" lon="23.399344">
        <ele>1196.641</ele>
        <time>2017-04-02T11:16:20Z</time>
      </trkpt>
      <trkpt lat="46.211909" lon="23.399237">
        <ele>1196.824</ele>
        <time>2017-04-02T11:18:18Z</time>
      </trkpt>
      <trkpt lat="46.211876" lon="23.399122">
        <ele>1196.263</ele>
        <time>2017-04-02T11:19:32Z</time>
      </trkpt>
      <trkpt lat="46.211907" lon="23.399011">
        <ele>1195.726</ele>
        <time>2017-04-02T11:19:38Z</time>
      </trkpt>
      <trkpt lat="46.211948" lon="23.398898">
        <ele>1195.135</ele>
        <time>2017-04-02T11:19:45Z</time>
      </trkpt>
      <trkpt lat="46.211984" lon="23.398779">
        <ele>1194.984</ele>
        <time>2017-04-02T11:19:53Z</time>
      </trkpt>
      <trkpt lat="46.212000" lon="23.398657">
        <ele>1195.094</ele>
        <time>2017-04-02T11:20:02Z</time>
      </trkpt>
      <trkpt lat="46.212002" lon="23.398521">
        <ele>1195.121</ele>
        <time>2017-04-02T11:20:10Z</time>
      </trkpt>
      <trkpt lat="46.211999" lon="23.398395">
        <ele>1195.341</ele>
        <time>2017-04-02T11:20:16Z</time>
      </trkpt>
      <trkpt lat="46.212025" lon="23.398259">
        <ele>1195.905</ele>
        <time>2017-04-02T11:20:22Z</time>
      </trkpt>
      <trkpt lat="46.212004" lon="23.398136">
        <ele>1196.308</ele>
        <time>2017-04-02T11:20:29Z</time>
      </trkpt>
      <trkpt lat="46.211946" lon="23.398055">
        <ele>1196.043</ele>
        <time>2017-04-02T11:20:35Z</time>
      </trkpt>
      <trkpt lat="46.211901" lon="23.397939">
        <ele>1196.199</ele>
        <time>2017-04-02T11:20:42Z</time>
      </trkpt>
      <trkpt lat="46.211866" lon="23.397820">
        <ele>1196.542</ele>
        <time>2017-04-02T11:20:48Z</time>
      </trkpt>
      <trkpt lat="46.211817" lon="23.397721">
        <ele>1197.191</ele>
        <time>2017-04-02T11:20:54Z</time>
      </trkpt>
      <trkpt lat="46.211754" lon="23.397647">
        <ele>1197.964</ele>
        <time>2017-04-02T11:21:02Z</time>
      </trkpt>
      <trkpt lat="46.211688" lon="23.397559">
        <ele>1199.153</ele>
        <time>2017-04-02T11:21:10Z</time>
      </trkpt>
      <trkpt lat="46.211627" lon="23.397478">
        <ele>1200.562</ele>
        <time>2017-04-02T11:21:22Z</time>
      </trkpt>
      <trkpt lat="46.211552" lon="23.397394">
        <ele>1201.932</ele>
        <time>2017-04-02T11:21:31Z</time>
      </trkpt>
      <trkpt lat="46.211496" lon="23.397303">
        <ele>1203.552</ele>
        <time>2017-04-02T11:21:37Z</time>
      </trkpt>
      <trkpt lat="46.211437" lon="23.397210">
        <ele>1205.053</ele>
        <time>2017-04-02T11:21:46Z</time>
      </trkpt>
      <trkpt lat="46.211387" lon="23.397106">
        <ele>1206.208</ele>
        <time>2017-04-02T11:21:57Z</time>
      </trkpt>
      <trkpt lat="46.211351" lon="23.396997">
        <ele>1206.808</ele>
        <time>2017-04-02T11:22:06Z</time>
      </trkpt>
      <trkpt lat="46.211292" lon="23.396891">
        <ele>1206.326</ele>
        <time>2017-04-02T11:22:16Z</time>
      </trkpt>
      <trkpt lat="46.211234" lon="23.396786">
        <ele>1205.122</ele>
        <time>2017-04-02T11:22:24Z</time>
      </trkpt>
      <trkpt lat="46.211188" lon="23.396681">
        <ele>1204.095</ele>
        <time>2017-04-02T11:22:31Z</time>
      </trkpt>
      <trkpt lat="46.211139" lon="23.396575">
        <ele>1202.434</ele>
        <time>2017-04-02T11:22:39Z</time>
      </trkpt>
      <trkpt lat="46.211095" lon="23.396470">
        <ele>1200.977</ele>
        <time>2017-04-02T11:22:49Z</time>
      </trkpt>
      <trkpt lat="46.211037" lon="23.396379">
        <ele>1199.256</ele>
        <time>2017-04-02T11:22:57Z</time>
      </trkpt>
      <trkpt lat="46.210982" lon="23.396284">
        <ele>1198.125</ele>
        <time>2017-04-02T11:23:06Z</time>
      </trkpt>
      <trkpt lat="46.210938" lon="23.396186">
        <ele>1197.435</ele>
        <time>2017-04-02T11:23:12Z</time>
      </trkpt>
      <trkpt lat="46.210892" lon="23.396075">
        <ele>1196.539</ele>
        <time>2017-04-02T11:23:19Z</time>
      </trkpt>
      <trkpt lat="46.210852" lon="23.395961">
        <ele>1195.501</ele>
        <time>2017-04-02T11:23:27Z</time>
      </trkpt>
      <trkpt lat="46.210803" lon="23.395848">
        <ele>1194.021</ele>
        <time>2017-04-02T11:23:36Z</time>
      </trkpt>
      <trkpt lat="46.210754" lon="23.395746">
        <ele>1193.108</ele>
        <time>2017-04-02T11:23:44Z</time>
      </trkpt>
      <trkpt lat="46.210701" lon="23.395658">
        <ele>1192.034</ele>
        <time>2017-04-02T11:23:52Z</time>
      </trkpt>
      <trkpt lat="46.210638" lon="23.395548">
        <ele>1190.860</ele>
        <time>2017-04-02T11:23:59Z</time>
      </trkpt>
      <trkpt lat="46.210579" lon="23.395450">
        <ele>1190.343</ele>
        <time>2017-04-02T11:24:06Z</time>
      </trkpt>
      <trkpt lat="46.210537" lon="23.395338">
        <ele>1190.542</ele>
        <time>2017-04-02T11:24:13Z</time>
      </trkpt>
      <trkpt lat="46.210475" lon="23.395252">
        <ele>1190.015</ele>
        <time>2017-04-02T11:24:22Z</time>
      </trkpt>
      <trkpt lat="46.210409" lon="23.395179">
        <ele>1189.684</ele>
        <time>2017-04-02T11:24:35Z</time>
      </trkpt>
      <trkpt lat="46.210325" lon="23.395152">
        <ele>1187.643</ele>
        <time>2017-04-02T11:24:42Z</time>
      </trkpt>
      <trkpt lat="46.210254" lon="23.395087">
        <ele>1187.533</ele>
        <time>2017-04-02T11:24:47Z</time>
      </trkpt>
      <trkpt lat="46.210190" lon="23.395011">
        <ele>1188.526</ele>
        <time>2017-04-02T11:24:54Z</time>
      </trkpt>
      <trkpt lat="46.210118" lon="23.394934">
        <ele>1189.347</ele>
        <time>2017-04-02T11:25:03Z</time>
      </trkpt>
      <trkpt lat="46.210041" lon="23.394862">
        <ele>1189.711</ele>
        <time>2017-04-02T11:25:12Z</time>
      </trkpt>
      <trkpt lat="46.209969" lon="23.394787">
        <ele>1190.308</ele>
        <time>2017-04-02T11:25:18Z</time>
      </trkpt>
      <trkpt lat="46.209888" lon="23.394750">
        <ele>1190.243</ele>
        <time>2017-04-02T11:25:25Z</time>
      </trkpt>
      <trkpt lat="46.209811" lon="23.394684">
        <ele>1191.429</ele>
        <time>2017-04-02T11:25:33Z</time>
      </trkpt>
      <trkpt lat="46.209749" lon="23.394583">
        <ele>1194.412</ele>
        <time>2017-04-02T11:25:41Z</time>
      </trkpt>
      <trkpt lat="46.209672" lon="23.394542">
        <ele>1194.631</ele>
        <time>2017-04-02T11:25:58Z</time>
      </trkpt>
      <trkpt lat="46.209632" lon="23.394437">
        <ele>1197.754</ele>
        <time>2017-04-02T11:26:09Z</time>
      </trkpt>
      <trkpt lat="46.209557" lon="23.394371">
        <ele>1198.873</ele>
        <time>2017-04-02T11:26:23Z</time>
      </trkpt>
      <trkpt lat="46.209502" lon="23.394279">
        <ele>1201.172</ele>
        <time>2017-04-02T11:26:34Z</time>
      </trkpt>
      <trkpt lat="46.209409" lon="23.394222">
        <ele>1201.152</ele>
        <time>2017-04-02T11:26:42Z</time>
      </trkpt>
      <trkpt lat="46.209332" lon="23.394179">
        <ele>1200.777</ele>
        <time>2017-04-02T11:26:48Z</time>
      </trkpt>
      <trkpt lat="46.209249" lon="23.394146">
        <ele>1199.461</ele>
        <time>2017-04-02T11:26:56Z</time>
      </trkpt>
      <trkpt lat="46.209186" lon="23.394041">
        <ele>1199.427</ele>
        <time>2017-04-02T11:27:04Z</time>
      </trkpt>
      <trkpt lat="46.209115" lon="23.393973">
        <ele>1197.908</ele>
        <time>2017-04-02T11:27:12Z</time>
      </trkpt>
      <trkpt lat="46.209041" lon="23.393906">
        <ele>1196.238</ele>
        <time>2017-04-02T11:27:22Z</time>
      </trkpt>
      <trkpt lat="46.208980" lon="23.393810">
        <ele>1195.564</ele>
        <time>2017-04-02T11:27:32Z</time>
      </trkpt>
      <trkpt lat="46.208973" lon="23.393693">
        <ele>1197.167</ele>
        <time>2017-04-02T11:27:40Z</time>
      </trkpt>
      <trkpt lat="46.208970" lon="23.393570">
        <ele>1198.936</ele>
        <time>2017-04-02T11:27:46Z</time>
      </trkpt>
      <trkpt lat="46.208954" lon="23.393454">
        <ele>1200.349</ele>
        <time>2017-04-02T11:27:56Z</time>
      </trkpt>
      <trkpt lat="46.208941" lon="23.393330">
        <ele>1201.938</ele>
        <time>2017-04-02T11:28:02Z</time>
      </trkpt>
      <trkpt lat="46.208898" lon="23.393229">
        <ele>1201.547</ele>
        <time>2017-04-02T11:28:08Z</time>
      </trkpt>
      <trkpt lat="46.208887" lon="23.393110">
        <ele>1202.397</ele>
        <time>2017-04-02T11:28:14Z</time>
      </trkpt>
      <trkpt lat="46.208860" lon="23.392993">
        <ele>1202.362</ele>
        <time>2017-04-02T11:28:23Z</time>
      </trkpt>
      <trkpt lat="46.208817" lon="23.392891">
        <ele>1201.583</ele>
        <time>2017-04-02T11:28:32Z</time>
      </trkpt>
      <trkpt lat="46.208804" lon="23.392756">
        <ele>1202.211</ele>
        <time>2017-04-02T11:28:38Z</time>
      </trkpt>
      <trkpt lat="46.208749" lon="23.392658">
        <ele>1201.708</ele>
        <time>2017-04-02T11:28:44Z</time>
      </trkpt>
      <trkpt lat="46.208694" lon="23.392539">
        <ele>1201.887</ele>
        <time>2017-04-02T11:28:51Z</time>
      </trkpt>
      <trkpt lat="46.208651" lon="23.392432">
        <ele>1202.613</ele>
        <time>2017-04-02T11:29:03Z</time>
      </trkpt>
      <trkpt lat="46.208597" lon="23.392338">
        <ele>1203.336</ele>
        <time>2017-04-02T11:29:13Z</time>
      </trkpt>
      <trkpt lat="46.208547" lon="23.392246">
        <ele>1204.825</ele>
        <time>2017-04-02T11:29:22Z</time>
      </trkpt>
      <trkpt lat="46.208486" lon="23.392143">
        <ele>1206.488</ele>
        <time>2017-04-02T11:29:32Z</time>
      </trkpt>
      <trkpt lat="46.208404" lon="23.392147">
        <ele>1205.317</ele>
        <time>2017-04-02T11:30:35Z</time>
      </trkpt>
      <trkpt lat="46.208337" lon="23.392075">
        <ele>1205.746</ele>
        <time>2017-04-02T11:34:03Z</time>
      </trkpt>
      <trkpt lat="46.208341" lon="23.391943">
        <ele>1208.226</ele>
        <time>2017-04-02T11:34:12Z</time>
      </trkpt>
      <trkpt lat="46.208288" lon="23.391846">
        <ele>1209.234</ele>
        <time>2017-04-02T11:34:29Z</time>
      </trkpt>
      <trkpt lat="46.208266" lon="23.391732">
        <ele>1210.455</ele>
        <time>2017-04-02T11:34:37Z</time>
      </trkpt>
      <trkpt lat="46.208192" lon="23.391682">
        <ele>1210.910</ele>
        <time>2017-04-02T11:35:35Z</time>
      </trkpt>
      <trkpt lat="46.208110" lon="23.391681">
        <ele>1210.908</ele>
        <time>2017-04-02T11:36:21Z</time>
      </trkpt>
      <trkpt lat="46.208170" lon="23.391587">
        <ele>1212.374</ele>
        <time>2017-04-02T11:38:20Z</time>
      </trkpt>
      <trkpt lat="46.208162" lon="23.391466">
        <ele>1214.230</ele>
        <time>2017-04-02T11:38:28Z</time>
      </trkpt>
      <trkpt lat="46.208136" lon="23.391343">
        <ele>1216.173</ele>
        <time>2017-04-02T11:38:38Z</time>
      </trkpt>
      <trkpt lat="46.208102" lon="23.391231">
        <ele>1218.062</ele>
        <time>2017-04-02T11:38:55Z</time>
      </trkpt>
      <trkpt lat="46.208018" lon="23.391199">
        <ele>1218.745</ele>
        <time>2017-04-02T11:39:07Z</time>
      </trkpt>
      <trkpt lat="46.207930" lon="23.391202">
        <ele>1219.424</ele>
        <time>2017-04-02T11:39:13Z</time>
      </trkpt>
      <trkpt lat="46.207850" lon="23.391233">
        <ele>1219.653</ele>
        <time>2017-04-02T11:39:22Z</time>
      </trkpt>
      <trkpt lat="46.207759" lon="23.391249">
        <ele>1220.313</ele>
        <time>2017-04-02T11:39:31Z</time>
      </trkpt>
      <trkpt lat="46.207677" lon="23.391294">
        <ele>1221.177</ele>
        <time>2017-04-02T11:39:38Z</time>
      </trkpt>
      <trkpt lat="46.207592" lon="23.391326">
        <ele>1222.161</ele>
        <time>2017-04-02T11:39:47Z</time>
      </trkpt>
      <trkpt lat="46.207528" lon="23.391400">
        <ele>1222.427</ele>
        <time>2017-04-02T11:40:02Z</time>
      </trkpt>
      <trkpt lat="46.207462" lon="23.391486">
        <ele>1222.308</ele>
        <time>2017-04-02T11:40:26Z</time>
      </trkpt>
      <trkpt lat="46.207368" lon="23.391517">
        <ele>1222.868</ele>
        <time>2017-04-02T11:40:37Z</time>
      </trkpt>
      <trkpt lat="46.207286" lon="23.391506">
        <ele>1223.684</ele>
        <time>2017-04-02T11:40:48Z</time>
      </trkpt>
      <trkpt lat="46.207190" lon="23.391500">
        <ele>1224.197</ele>
        <time>2017-04-02T11:40:59Z</time>
      </trkpt>
      <trkpt lat="46.207103" lon="23.391477">
        <ele>1223.986</ele>
        <time>2017-04-02T11:41:07Z</time>
      </trkpt>
      <trkpt lat="46.207025" lon="23.391437">
        <ele>1223.969</ele>
        <time>2017-04-02T11:41:19Z</time>
      </trkpt>
      <trkpt lat="46.206959" lon="23.391368">
        <ele>1224.268</ele>
        <time>2017-04-02T11:41:35Z</time>
      </trkpt>
      <trkpt lat="46.206945" lon="23.391240">
        <ele>1225.147</ele>
        <time>2017-04-02T11:41:43Z</time>
      </trkpt>
      <trkpt lat="46.206891" lon="23.391146">
        <ele>1225.237</ele>
        <time>2017-04-02T11:41:47Z</time>
      </trkpt>
      <trkpt lat="46.206907" lon="23.391031">
        <ele>1225.921</ele>
        <time>2017-04-02T11:41:55Z</time>
      </trkpt>
      <trkpt lat="46.206940" lon="23.390914">
        <ele>1226.741</ele>
        <time>2017-04-02T11:42:06Z</time>
      </trkpt>
      <trkpt lat="46.206954" lon="23.390789">
        <ele>1227.305</ele>
        <time>2017-04-02T11:42:14Z</time>
      </trkpt>
      <trkpt lat="46.206981" lon="23.390659">
        <ele>1228.108</ele>
        <time>2017-04-02T11:42:24Z</time>
      </trkpt>
      <trkpt lat="46.207017" lon="23.390548">
        <ele>1229.143</ele>
        <time>2017-04-02T11:42:31Z</time>
      </trkpt>
      <trkpt lat="46.207045" lon="23.390433">
        <ele>1229.879</ele>
        <time>2017-04-02T11:42:47Z</time>
      </trkpt>
      <trkpt lat="46.207088" lon="23.390331">
        <ele>1230.982</ele>
        <time>2017-04-02T11:42:55Z</time>
      </trkpt>
      <trkpt lat="46.207131" lon="23.390231">
        <ele>1232.181</ele>
        <time>2017-04-02T11:43:04Z</time>
      </trkpt>
      <trkpt lat="46.207122" lon="23.390095">
        <ele>1232.144</ele>
        <time>2017-04-02T11:43:10Z</time>
      </trkpt>
      <trkpt lat="46.207081" lon="23.389985">
        <ele>1231.653</ele>
        <time>2017-04-02T11:43:15Z</time>
      </trkpt>
      <trkpt lat="46.207069" lon="23.389867">
        <ele>1232.572</ele>
        <time>2017-04-02T11:43:21Z</time>
      </trkpt>
      <trkpt lat="46.207037" lon="23.389759">
        <ele>1233.052</ele>
        <time>2017-04-02T11:43:26Z</time>
      </trkpt>
      <trkpt lat="46.206986" lon="23.389664">
        <ele>1233.249</ele>
        <time>2017-04-02T11:43:33Z</time>
      </trkpt>
      <trkpt lat="46.206948" lon="23.389552">
        <ele>1233.902</ele>
        <time>2017-04-02T11:43:42Z</time>
      </trkpt>
      <trkpt lat="46.206888" lon="23.389466">
        <ele>1234.322</ele>
        <time>2017-04-02T11:43:50Z</time>
      </trkpt>
      <trkpt lat="46.206827" lon="23.389371">
        <ele>1234.408</ele>
        <time>2017-04-02T11:43:57Z</time>
      </trkpt>
      <trkpt lat="46.206764" lon="23.389292">
        <ele>1234.325</ele>
        <time>2017-04-02T11:44:03Z</time>
      </trkpt>
      <trkpt lat="46.206688" lon="23.389228">
        <ele>1233.981</ele>
        <time>2017-04-02T11:44:09Z</time>
      </trkpt>
      <trkpt lat="46.206606" lon="23.389226">
        <ele>1233.784</ele>
        <time>2017-04-02T11:44:18Z</time>
      </trkpt>
      <trkpt lat="46.206556" lon="23.389126">
        <ele>1233.943</ele>
        <time>2017-04-02T11:44:28Z</time>
      </trkpt>
      <trkpt lat="46.206503" lon="23.389036">
        <ele>1233.566</ele>
        <time>2017-04-02T11:44:35Z</time>
      </trkpt>
      <trkpt lat="46.206439" lon="23.388948">
        <ele>1233.225</ele>
        <time>2017-04-02T11:44:44Z</time>
      </trkpt>
      <trkpt lat="46.206370" lon="23.388874">
        <ele>1233.034</ele>
        <time>2017-04-02T11:44:52Z</time>
      </trkpt>
      <trkpt lat="46.206294" lon="23.388834">
        <ele>1233.394</ele>
        <time>2017-04-02T11:48:13Z</time>
      </trkpt>
      <trkpt lat="46.206248" lon="23.388731">
        <ele>1232.948</ele>
        <time>2017-04-02T11:55:58Z</time>
      </trkpt>
      <trkpt lat="46.206186" lon="23.388654">
        <ele>1232.861</ele>
        <time>2017-04-02T11:56:11Z</time>
      </trkpt>
      <trkpt lat="46.206125" lon="23.388571">
        <ele>1232.317</ele>
        <time>2017-04-02T11:56:21Z</time>
      </trkpt>
      <trkpt lat="46.206062" lon="23.388496">
        <ele>1231.708</ele>
        <time>2017-04-02T11:56:30Z</time>
      </trkpt>
      <trkpt lat="46.206006" lon="23.388402">
        <ele>1230.765</ele>
        <time>2017-04-02T11:56:40Z</time>
      </trkpt>
      <trkpt lat="46.205940" lon="23.388324">
        <ele>1230.021</ele>
        <time>2017-04-02T11:56:48Z</time>
      </trkpt>
      <trkpt lat="46.205871" lon="23.388255">
        <ele>1229.164</ele>
        <time>2017-04-02T11:56:56Z</time>
      </trkpt>
      <trkpt lat="46.205805" lon="23.388165">
        <ele>1227.763</ele>
        <time>2017-04-02T11:57:05Z</time>
      </trkpt>
      <trkpt lat="46.205742" lon="23.388087">
        <ele>1226.796</ele>
        <time>2017-04-02T11:57:13Z</time>
      </trkpt>
      <trkpt lat="46.205672" lon="23.388010">
        <ele>1225.715</ele>
        <time>2017-04-02T11:57:21Z</time>
      </trkpt>
      <trkpt lat="46.205611" lon="23.387933">
        <ele>1224.424</ele>
        <time>2017-04-02T11:57:29Z</time>
      </trkpt>
      <trkpt lat="46.205547" lon="23.387842">
        <ele>1222.724</ele>
        <time>2017-04-02T11:57:37Z</time>
      </trkpt>
      <trkpt lat="46.205482" lon="23.387766">
        <ele>1221.696</ele>
        <time>2017-04-02T11:57:45Z</time>
      </trkpt>
      <trkpt lat="46.205413" lon="23.387681">
        <ele>1221.031</ele>
        <time>2017-04-02T11:57:53Z</time>
      </trkpt>
      <trkpt lat="46.205348" lon="23.387604">
        <ele>1220.624</ele>
        <time>2017-04-02T11:58:02Z</time>
      </trkpt>
      <trkpt lat="46.205288" lon="23.387518">
        <ele>1220.108</ele>
        <time>2017-04-02T11:58:11Z</time>
      </trkpt>
      <trkpt lat="46.205219" lon="23.387440">
        <ele>1219.570</ele>
        <time>2017-04-02T11:58:18Z</time>
      </trkpt>
      <trkpt lat="46.205154" lon="23.387361">
        <ele>1218.496</ele>
        <time>2017-04-02T11:58:27Z</time>
      </trkpt>
      <trkpt lat="46.205091" lon="23.387288">
        <ele>1217.339</ele>
        <time>2017-04-02T11:58:35Z</time>
      </trkpt>
      <trkpt lat="46.205033" lon="23.387198">
        <ele>1215.758</ele>
        <time>2017-04-02T11:58:43Z</time>
      </trkpt>
      <trkpt lat="46.204982" lon="23.387100">
        <ele>1214.271</ele>
        <time>2017-04-02T11:58:50Z</time>
      </trkpt>
      <trkpt lat="46.204933" lon="23.387002">
        <ele>1212.890</ele>
        <time>2017-04-02T11:59:04Z</time>
      </trkpt>
      <trkpt lat="46.204885" lon="23.386900">
        <ele>1211.599</ele>
        <time>2017-04-02T11:59:10Z</time>
      </trkpt>
      <trkpt lat="46.204842" lon="23.386797">
        <ele>1210.449</ele>
        <time>2017-04-02T11:59:17Z</time>
      </trkpt>
      <trkpt lat="46.204791" lon="23.386692">
        <ele>1209.361</ele>
        <time>2017-04-02T11:59:24Z</time>
      </trkpt>
      <trkpt lat="46.204747" lon="23.386580">
        <ele>1208.121</ele>
        <time>2017-04-02T11:59:32Z</time>
      </trkpt>
      <trkpt lat="46.204694" lon="23.386488">
        <ele>1206.913</ele>
        <time>2017-04-02T11:59:39Z</time>
      </trkpt>
      <trkpt lat="46.204650" lon="23.386388">
        <ele>1205.708</ele>
        <time>2017-04-02T11:59:45Z</time>
      </trkpt>
      <trkpt lat="46.204602" lon="23.386274">
        <ele>1204.637</ele>
        <time>2017-04-02T11:59:52Z</time>
      </trkpt>
      <trkpt lat="46.204564" lon="23.386160">
        <ele>1203.363</ele>
        <time>2017-04-02T11:59:59Z</time>
      </trkpt>
      <trkpt lat="46.204528" lon="23.386054">
        <ele>1202.576</ele>
        <time>2017-04-02T12:00:06Z</time>
      </trkpt>
      <trkpt lat="46.204484" lon="23.385947">
        <ele>1202.155</ele>
        <time>2017-04-02T12:00:13Z</time>
      </trkpt>
      <trkpt lat="46.204444" lon="23.385842">
        <ele>1202.038</ele>
        <time>2017-04-02T12:00:20Z</time>
      </trkpt>
      <trkpt lat="46.204399" lon="23.385729">
        <ele>1201.447</ele>
        <time>2017-04-02T12:00:28Z</time>
      </trkpt>
      <trkpt lat="46.204356" lon="23.385618">
        <ele>1201.376</ele>
        <time>2017-04-02T12:00:35Z</time>
      </trkpt>
      <trkpt lat="46.204300" lon="23.385529">
        <ele>1201.646</ele>
        <time>2017-04-02T12:00:41Z</time>
      </trkpt>
      <trkpt lat="46.204241" lon="23.385438">
        <ele>1202.072</ele>
        <time>2017-04-02T12:00:48Z</time>
      </trkpt>
      <trkpt lat="46.204200" lon="23.385329">
        <ele>1202.613</ele>
        <time>2017-04-02T12:00:55Z</time>
      </trkpt>
      <trkpt lat="46.204134" lon="23.385247">
        <ele>1203.314</ele>
        <time>2017-04-02T12:01:02Z</time>
      </trkpt>
      <trkpt lat="46.204079" lon="23.385151">
        <ele>1204.208</ele>
        <time>2017-04-02T12:01:10Z</time>
      </trkpt>
      <trkpt lat="46.204038" lon="23.385042">
        <ele>1205.578</ele>
        <time>2017-04-02T12:01:21Z</time>
      </trkpt>
      <trkpt lat="46.204011" lon="23.384929">
        <ele>1206.154</ele>
        <time>2017-04-02T12:01:29Z</time>
      </trkpt>
      <trkpt lat="46.203954" lon="23.384841">
        <ele>1207.057</ele>
        <time>2017-04-02T12:01:39Z</time>
      </trkpt>
      <trkpt lat="46.203894" lon="23.384746">
        <ele>1208.076</ele>
        <time>2017-04-02T12:01:47Z</time>
      </trkpt>
      <trkpt lat="46.203826" lon="23.384681">
        <ele>1209.189</ele>
        <time>2017-04-02T12:01:55Z</time>
      </trkpt>
      <trkpt lat="46.203746" lon="23.384647">
        <ele>1210.658</ele>
        <time>2017-04-02T12:02:03Z</time>
      </trkpt>
      <trkpt lat="46.203664" lon="23.384646">
        <ele>1212.057</ele>
        <time>2017-04-02T12:02:10Z</time>
      </trkpt>
      <trkpt lat="46.203577" lon="23.384658">
        <ele>1212.977</ele>
        <time>2017-04-02T12:02:19Z</time>
      </trkpt>
      <trkpt lat="46.203492" lon="23.384674">
        <ele>1213.474</ele>
        <time>2017-04-02T12:02:28Z</time>
      </trkpt>
      <trkpt lat="46.203409" lon="23.384693">
        <ele>1213.856</ele>
        <time>2017-04-02T12:02:48Z</time>
      </trkpt>
      <trkpt lat="46.203325" lon="23.384713">
        <ele>1214.221</ele>
        <time>2017-04-02T12:02:56Z</time>
      </trkpt>
      <trkpt lat="46.203243" lon="23.384707">
        <ele>1214.808</ele>
        <time>2017-04-02T12:03:04Z</time>
      </trkpt>
      <trkpt lat="46.203165" lon="23.384659">
        <ele>1215.868</ele>
        <time>2017-04-02T12:03:25Z</time>
      </trkpt>
      <trkpt lat="46.203100" lon="23.384557">
        <ele>1217.044</ele>
        <time>2017-04-02T12:04:00Z</time>
      </trkpt>
      <trkpt lat="46.203086" lon="23.384433">
        <ele>1218.027</ele>
        <time>2017-04-02T12:04:09Z</time>
      </trkpt>
      <trkpt lat="46.203038" lon="23.384322">
        <ele>1218.616</ele>
        <time>2017-04-02T12:04:15Z</time>
      </trkpt>
      <trkpt lat="46.203051" lon="23.384204">
        <ele>1219.729</ele>
        <time>2017-04-02T12:04:29Z</time>
      </trkpt>
      <trkpt lat="46.203020" lon="23.384094">
        <ele>1220.218</ele>
        <time>2017-04-02T12:04:38Z</time>
      </trkpt>
      <trkpt lat="46.203004" lon="23.383959">
        <ele>1221.427</ele>
        <time>2017-04-02T12:04:47Z</time>
      </trkpt>
      <trkpt lat="46.202986" lon="23.383840">
        <ele>1222.247</ele>
        <time>2017-04-02T12:04:53Z</time>
      </trkpt>
      <trkpt lat="46.202971" lon="23.383719">
        <ele>1223.156</ele>
        <time>2017-04-02T12:05:00Z</time>
      </trkpt>
      <trkpt lat="46.202921" lon="23.383610">
        <ele>1223.659</ele>
        <time>2017-04-02T12:05:07Z</time>
      </trkpt>
      <trkpt lat="46.202880" lon="23.383497">
        <ele>1223.714</ele>
        <time>2017-04-02T12:05:14Z</time>
      </trkpt>
      <trkpt lat="46.202833" lon="23.383376">
        <ele>1223.608</ele>
        <time>2017-04-02T12:05:21Z</time>
      </trkpt>
      <trkpt lat="46.202799" lon="23.383258">
        <ele>1223.636</ele>
        <time>2017-04-02T12:05:28Z</time>
      </trkpt>
      <trkpt lat="46.202762" lon="23.383151">
        <ele>1223.622</ele>
        <time>2017-04-02T12:05:35Z</time>
      </trkpt>
      <trkpt lat="46.202733" lon="23.383026">
        <ele>1223.945</ele>
        <time>2017-04-02T12:05:43Z</time>
      </trkpt>
      <trkpt lat="46.202688" lon="23.382911">
        <ele>1223.854</ele>
        <time>2017-04-02T12:05:50Z</time>
      </trkpt>
      <trkpt lat="46.202616" lon="23.382845">
        <ele>1223.947</ele>
        <time>2017-04-02T12:05:58Z</time>
      </trkpt>
      <trkpt lat="46.202560" lon="23.382745">
        <ele>1223.866</ele>
        <time>2017-04-02T12:06:06Z</time>
      </trkpt>
      <trkpt lat="46.202489" lon="23.382680">
        <ele>1223.365</ele>
        <time>2017-04-02T12:06:13Z</time>
      </trkpt>
      <trkpt lat="46.202414" lon="23.382606">
        <ele>1222.665</ele>
        <time>2017-04-02T12:06:22Z</time>
      </trkpt>
      <trkpt lat="46.202344" lon="23.382538">
        <ele>1221.866</ele>
        <time>2017-04-02T12:06:29Z</time>
      </trkpt>
      <trkpt lat="46.202264" lon="23.382492">
        <ele>1221.129</ele>
        <time>2017-04-02T12:06:36Z</time>
      </trkpt>
      <trkpt lat="46.202200" lon="23.382418">
        <ele>1220.721</ele>
        <time>2017-04-02T12:07:13Z</time>
      </trkpt>
      <trkpt lat="46.202149" lon="23.382322">
        <ele>1220.708</ele>
        <time>2017-04-02T12:07:20Z</time>
      </trkpt>
      <trkpt lat="46.202104" lon="23.382223">
        <ele>1220.757</ele>
        <time>2017-04-02T12:07:27Z</time>
      </trkpt>
      <trkpt lat="46.202047" lon="23.382119">
        <ele>1220.933</ele>
        <time>2017-04-02T12:07:36Z</time>
      </trkpt>
      <trkpt lat="46.202002" lon="23.382021">
        <ele>1220.936</ele>
        <time>2017-04-02T12:07:44Z</time>
      </trkpt>
      <trkpt lat="46.201948" lon="23.381929">
        <ele>1220.915</ele>
        <time>2017-04-02T12:07:51Z</time>
      </trkpt>
      <trkpt lat="46.201899" lon="23.381826">
        <ele>1220.628</ele>
        <time>2017-04-02T12:07:58Z</time>
      </trkpt>
      <trkpt lat="46.201847" lon="23.381718">
        <ele>1220.297</ele>
        <time>2017-04-02T12:08:05Z</time>
      </trkpt>
      <trkpt lat="46.201803" lon="23.381606">
        <ele>1219.776</ele>
        <time>2017-04-02T12:08:13Z</time>
      </trkpt>
      <trkpt lat="46.201764" lon="23.381498">
        <ele>1219.266</ele>
        <time>2017-04-02T12:08:20Z</time>
      </trkpt>
      <trkpt lat="46.201741" lon="23.381376">
        <ele>1218.812</ele>
        <time>2017-04-02T12:08:28Z</time>
      </trkpt>
      <trkpt lat="46.201739" lon="23.381242">
        <ele>1219.032</ele>
        <time>2017-04-02T12:08:37Z</time>
      </trkpt>
      <trkpt lat="46.201741" lon="23.381121">
        <ele>1219.205</ele>
        <time>2017-04-02T12:08:44Z</time>
      </trkpt>
      <trkpt lat="46.201736" lon="23.380998">
        <ele>1219.608</ele>
        <time>2017-04-02T12:08:52Z</time>
      </trkpt>
      <trkpt lat="46.201733" lon="23.380876">
        <ele>1219.932</ele>
        <time>2017-04-02T12:09:00Z</time>
      </trkpt>
      <trkpt lat="46.201749" lon="23.380746">
        <ele>1220.168</ele>
        <time>2017-04-02T12:09:10Z</time>
      </trkpt>
      <trkpt lat="46.201761" lon="23.380620">
        <ele>1220.481</ele>
        <time>2017-04-02T12:09:17Z</time>
      </trkpt>
      <trkpt lat="46.201744" lon="23.380500">
        <ele>1221.150</ele>
        <time>2017-04-02T12:09:24Z</time>
      </trkpt>
      <trkpt lat="46.201742" lon="23.380382">
        <ele>1221.513</ele>
        <time>2017-04-02T12:09:34Z</time>
      </trkpt>
      <trkpt lat="46.201750" lon="23.380254">
        <ele>1221.962</ele>
        <time>2017-04-02T12:09:41Z</time>
      </trkpt>
      <trkpt lat="46.201748" lon="23.380129">
        <ele>1222.421</ele>
        <time>2017-04-02T12:09:48Z</time>
      </trkpt>
      <trkpt lat="46.201752" lon="23.380001">
        <ele>1222.891</ele>
        <time>2017-04-02T12:09:56Z</time>
      </trkpt>
      <trkpt lat="46.201759" lon="23.379868">
        <ele>1223.072</ele>
        <time>2017-04-02T12:10:04Z</time>
      </trkpt>
      <trkpt lat="46.201747" lon="23.379736">
        <ele>1223.413</ele>
        <time>2017-04-02T12:10:12Z</time>
      </trkpt>
      <trkpt lat="46.201725" lon="23.379621">
        <ele>1223.114</ele>
        <time>2017-04-02T12:10:19Z</time>
      </trkpt>
      <trkpt lat="46.201701" lon="23.379498">
        <ele>1222.708</ele>
        <time>2017-04-02T12:10:27Z</time>
      </trkpt>
      <trkpt lat="46.201667" lon="23.379369">
        <ele>1222.768</ele>
        <time>2017-04-02T12:10:35Z</time>
      </trkpt>
      <trkpt lat="46.201649" lon="23.379247">
        <ele>1222.964</ele>
        <time>2017-04-02T12:10:42Z</time>
      </trkpt>
      <trkpt lat="46.201623" lon="23.379130">
        <ele>1223.247</ele>
        <time>2017-04-02T12:10:49Z</time>
      </trkpt>
      <trkpt lat="46.201599" lon="23.379016">
        <ele>1223.546</ele>
        <time>2017-04-02T12:10:56Z</time>
      </trkpt>
      <trkpt lat="46.201564" lon="23.378898">
        <ele>1224.519</ele>
        <time>2017-04-02T12:11:05Z</time>
      </trkpt>
      <trkpt lat="46.201519" lon="23.378780">
        <ele>1225.028</ele>
        <time>2017-04-02T12:12:18Z</time>
      </trkpt>
      <trkpt lat="46.201481" lon="23.378667">
        <ele>1225.157</ele>
        <time>2017-04-02T12:12:25Z</time>
      </trkpt>
      <trkpt lat="46.201452" lon="23.378557">
        <ele>1224.797</ele>
        <time>2017-04-02T12:12:32Z</time>
      </trkpt>
      <trkpt lat="46.201427" lon="23.378439">
        <ele>1223.657</ele>
        <time>2017-04-02T12:12:39Z</time>
      </trkpt>
      <trkpt lat="46.201401" lon="23.378326">
        <ele>1222.500</ele>
        <time>2017-04-02T12:12:46Z</time>
      </trkpt>
      <trkpt lat="46.201363" lon="23.378206">
        <ele>1222.020</ele>
        <time>2017-04-02T12:12:53Z</time>
      </trkpt>
      <trkpt lat="46.201338" lon="23.378094">
        <ele>1221.208</ele>
        <time>2017-04-02T12:13:00Z</time>
      </trkpt>
      <trkpt lat="46.201320" lon="23.377979">
        <ele>1221.296</ele>
        <time>2017-04-02T12:13:09Z</time>
      </trkpt>
      <trkpt lat="46.201292" lon="23.377858">
        <ele>1221.942</ele>
        <time>2017-04-02T12:13:17Z</time>
      </trkpt>
      <trkpt lat="46.201267" lon="23.377741">
        <ele>1222.845</ele>
        <time>2017-04-02T12:13:25Z</time>
      </trkpt>
      <trkpt lat="46.201239" lon="23.377628">
        <ele>1224.424</ele>
        <time>2017-04-02T12:13:32Z</time>
      </trkpt>
      <trkpt lat="46.201217" lon="23.377506">
        <ele>1225.967</ele>
        <time>2017-04-02T12:13:40Z</time>
      </trkpt>
      <trkpt lat="46.201190" lon="23.377381">
        <ele>1227.166</ele>
        <time>2017-04-02T12:13:48Z</time>
      </trkpt>
      <trkpt lat="46.201158" lon="23.377258">
        <ele>1228.125</ele>
        <time>2017-04-02T12:13:56Z</time>
      </trkpt>
      <trkpt lat="46.201137" lon="23.377137">
        <ele>1228.395</ele>
        <time>2017-04-02T12:14:04Z</time>
      </trkpt>
      <trkpt lat="46.201111" lon="23.377021">
        <ele>1228.396</ele>
        <time>2017-04-02T12:14:11Z</time>
      </trkpt>
      <trkpt lat="46.201082" lon="23.376904">
        <ele>1229.031</ele>
        <time>2017-04-02T12:14:18Z</time>
      </trkpt>
      <trkpt lat="46.201049" lon="23.376795">
        <ele>1229.724</ele>
        <time>2017-04-02T12:14:26Z</time>
      </trkpt>
      <trkpt lat="46.201041" lon="23.376673">
        <ele>1229.308</ele>
        <time>2017-04-02T12:14:35Z</time>
      </trkpt>
      <trkpt lat="46.201046" lon="23.376554">
        <ele>1228.110</ele>
        <time>2017-04-02T12:14:42Z</time>
      </trkpt>
      <trkpt lat="46.201053" lon="23.376438">
        <ele>1226.926</ele>
        <time>2017-04-02T12:14:49Z</time>
      </trkpt>
      <trkpt lat="46.201068" lon="23.376310">
        <ele>1226.089</ele>
        <time>2017-04-02T12:14:57Z</time>
      </trkpt>
      <trkpt lat="46.201069" lon="23.376178">
        <ele>1225.928</ele>
        <time>2017-04-02T12:15:04Z</time>
      </trkpt>
      <trkpt lat="46.201071" lon="23.376056">
        <ele>1226.511</ele>
        <time>2017-04-02T12:15:11Z</time>
      </trkpt>
      <trkpt lat="46.201056" lon="23.375933">
        <ele>1228.220</ele>
        <time>2017-04-02T12:15:18Z</time>
      </trkpt>
      <trkpt lat="46.201043" lon="23.375809">
        <ele>1229.649</ele>
        <time>2017-04-02T12:15:25Z</time>
      </trkpt>
      <trkpt lat="46.201014" lon="23.375689">
        <ele>1230.229</ele>
        <time>2017-04-02T12:15:32Z</time>
      </trkpt>
      <trkpt lat="46.200983" lon="23.375574">
        <ele>1230.958</ele>
        <time>2017-04-02T12:15:40Z</time>
      </trkpt>
      <trkpt lat="46.200984" lon="23.375450">
        <ele>1231.152</ele>
        <time>2017-04-02T12:15:48Z</time>
      </trkpt>
      <trkpt lat="46.200952" lon="23.375329">
        <ele>1231.517</ele>
        <time>2017-04-02T12:15:58Z</time>
      </trkpt>
      <trkpt lat="46.200930" lon="23.375205">
        <ele>1231.208</ele>
        <time>2017-04-02T12:16:06Z</time>
      </trkpt>
      <trkpt lat="46.200912" lon="23.375081">
        <ele>1230.516</ele>
        <time>2017-04-02T12:16:14Z</time>
      </trkpt>
      <trkpt lat="46.200895" lon="23.374958">
        <ele>1229.872</ele>
        <time>2017-04-02T12:16:21Z</time>
      </trkpt>
      <trkpt lat="46.200862" lon="23.374836">
        <ele>1229.355</ele>
        <time>2017-04-02T12:16:28Z</time>
      </trkpt>
      <trkpt lat="46.200826" lon="23.374729">
        <ele>1229.154</ele>
        <time>2017-04-02T12:16:35Z</time>
      </trkpt>
      <trkpt lat="46.200789" lon="23.374611">
        <ele>1228.817</ele>
        <time>2017-04-02T12:16:43Z</time>
      </trkpt>
      <trkpt lat="46.200765" lon="23.374493">
        <ele>1228.476</ele>
        <time>2017-04-02T12:16:50Z</time>
      </trkpt>
      <trkpt lat="46.200753" lon="23.374372">
        <ele>1228.145</ele>
        <time>2017-04-02T12:16:57Z</time>
      </trkpt>
      <trkpt lat="46.200732" lon="23.374253">
        <ele>1227.965</ele>
        <time>2017-04-02T12:17:04Z</time>
      </trkpt>
      <trkpt lat="46.200713" lon="23.374130">
        <ele>1227.851</ele>
        <time>2017-04-02T12:17:11Z</time>
      </trkpt>
      <trkpt lat="46.200682" lon="23.374011">
        <ele>1227.801</ele>
        <time>2017-04-02T12:17:18Z</time>
      </trkpt>
      <trkpt lat="46.200655" lon="23.373890">
        <ele>1227.611</ele>
        <time>2017-04-02T12:17:26Z</time>
      </trkpt>
      <trkpt lat="46.200629" lon="23.373777">
        <ele>1227.708</ele>
        <time>2017-04-02T12:17:34Z</time>
      </trkpt>
      <trkpt lat="46.200604" lon="23.373659">
        <ele>1227.856</ele>
        <time>2017-04-02T12:17:43Z</time>
      </trkpt>
      <trkpt lat="46.200584" lon="23.373543">
        <ele>1228.132</ele>
        <time>2017-04-02T12:17:50Z</time>
      </trkpt>
      <trkpt lat="46.200565" lon="23.373426">
        <ele>1228.625</ele>
        <time>2017-04-02T12:17:58Z</time>
      </trkpt>
      <trkpt lat="46.200531" lon="23.373318">
        <ele>1229.144</ele>
        <time>2017-04-02T12:18:09Z</time>
      </trkpt>
      <trkpt lat="46.200503" lon="23.373190">
        <ele>1229.467</ele>
        <time>2017-04-02T12:18:17Z</time>
      </trkpt>
      <trkpt lat="46.200475" lon="23.373081">
        <ele>1229.816</ele>
        <time>2017-04-02T12:18:49Z</time>
      </trkpt>
      <trkpt lat="46.200475" lon="23.372955">
        <ele>1230.565</ele>
        <time>2017-04-02T12:18:56Z</time>
      </trkpt>
      <trkpt lat="46.200476" lon="23.372828">
        <ele>1231.315</ele>
        <time>2017-04-02T12:19:04Z</time>
      </trkpt>
      <trkpt lat="46.200473" lon="23.372698">
        <ele>1231.027</ele>
        <time>2017-04-02T12:19:12Z</time>
      </trkpt>
      <trkpt lat="46.200429" lon="23.372583">
        <ele>1230.568</ele>
        <time>2017-04-02T12:19:19Z</time>
      </trkpt>
      <trkpt lat="46.200383" lon="23.372486">
        <ele>1230.014</ele>
        <time>2017-04-02T12:19:27Z</time>
      </trkpt>
      <trkpt lat="46.200412" lon="23.372365">
        <ele>1228.108</ele>
        <time>2017-04-02T12:19:45Z</time>
      </trkpt>
      <trkpt lat="46.200481" lon="23.372288">
        <ele>1226.563</ele>
        <time>2017-04-02T12:19:53Z</time>
      </trkpt>
      <trkpt lat="46.200543" lon="23.372195">
        <ele>1224.759</ele>
        <time>2017-04-02T12:20:00Z</time>
      </trkpt>
      <trkpt lat="46.200601" lon="23.372112">
        <ele>1223.352</ele>
        <time>2017-04-02T12:20:07Z</time>
      </trkpt>
      <trkpt lat="46.200688" lon="23.372055">
        <ele>1222.371</ele>
        <time>2017-04-02T12:20:16Z</time>
      </trkpt>
      <trkpt lat="46.200760" lon="23.371981">
        <ele>1220.914</ele>
        <time>2017-04-02T12:20:22Z</time>
      </trkpt>
      <trkpt lat="46.200834" lon="23.371918">
        <ele>1219.823</ele>
        <time>2017-04-02T12:20:29Z</time>
      </trkpt>
      <trkpt lat="46.200903" lon="23.371851">
        <ele>1219.272</ele>
        <time>2017-04-02T12:20:36Z</time>
      </trkpt>
      <trkpt lat="46.200978" lon="23.371786">
        <ele>1218.642</ele>
        <time>2017-04-02T12:20:43Z</time>
      </trkpt>
      <trkpt lat="46.201037" lon="23.371691">
        <ele>1217.591</ele>
        <time>2017-04-02T12:20:51Z</time>
      </trkpt>
      <trkpt lat="46.201081" lon="23.371581">
        <ele>1216.881</ele>
        <time>2017-04-02T12:21:02Z</time>
      </trkpt>
      <trkpt lat="46.201115" lon="23.371471">
        <ele>1216.319</ele>
        <time>2017-04-02T12:21:11Z</time>
      </trkpt>
      <trkpt lat="46.201175" lon="23.371375">
        <ele>1215.408</ele>
        <time>2017-04-02T12:21:20Z</time>
      </trkpt>
      <trkpt lat="46.201212" lon="23.371261">
        <ele>1214.240</ele>
        <time>2017-04-02T12:21:28Z</time>
      </trkpt>
      <trkpt lat="46.201246" lon="23.371150">
        <ele>1212.936</ele>
        <time>2017-04-02T12:21:38Z</time>
      </trkpt>
      <trkpt lat="46.201262" lon="23.371030">
        <ele>1211.869</ele>
        <time>2017-04-02T12:21:46Z</time>
      </trkpt>
      <trkpt lat="46.201242" lon="23.370912">
        <ele>1211.168</ele>
        <time>2017-04-02T12:21:54Z</time>
      </trkpt>
      <trkpt lat="46.201237" lon="23.370783">
        <ele>1210.171</ele>
        <time>2017-04-02T12:22:03Z</time>
      </trkpt>
      <trkpt lat="46.201252" lon="23.370660">
        <ele>1208.980</ele>
        <time>2017-04-02T12:22:16Z</time>
      </trkpt>
      <trkpt lat="46.201261" lon="23.370535">
        <ele>1207.869</ele>
        <time>2017-04-02T12:22:26Z</time>
      </trkpt>
      <trkpt lat="46.201263" lon="23.370413">
        <ele>1206.929</ele>
        <time>2017-04-02T12:22:33Z</time>
      </trkpt>
      <trkpt lat="46.201258" lon="23.370283">
        <ele>1206.038</ele>
        <time>2017-04-02T12:22:40Z</time>
      </trkpt>
      <trkpt lat="46.201269" lon="23.370164">
        <ele>1205.070</ele>
        <time>2017-04-02T12:22:46Z</time>
      </trkpt>
      <trkpt lat="46.201237" lon="23.370046">
        <ele>1204.517</ele>
        <time>2017-04-02T12:22:53Z</time>
      </trkpt>
      <trkpt lat="46.201198" lon="23.369932">
        <ele>1204.008</ele>
        <time>2017-04-02T12:23:00Z</time>
      </trkpt>
      <trkpt lat="46.201157" lon="23.369828">
        <ele>1203.514</ele>
        <time>2017-04-02T12:23:05Z</time>
      </trkpt>
      <trkpt lat="46.201162" lon="23.369708">
        <ele>1202.220</ele>
        <time>2017-04-02T12:23:12Z</time>
      </trkpt>
      <trkpt lat="46.201179" lon="23.369588">
        <ele>1201.113</ele>
        <time>2017-04-02T12:23:18Z</time>
      </trkpt>
      <trkpt lat="46.201168" lon="23.369466">
        <ele>1200.312</ele>
        <time>2017-04-02T12:23:24Z</time>
      </trkpt>
      <trkpt lat="46.201140" lon="23.369345">
        <ele>1200.295</ele>
        <time>2017-04-02T12:23:30Z</time>
      </trkpt>
      <trkpt lat="46.201091" lon="23.369248">
        <ele>1200.654</ele>
        <time>2017-04-02T12:23:52Z</time>
      </trkpt>
      <trkpt lat="46.201009" lon="23.369249">
        <ele>1201.953</ele>
        <time>2017-04-02T12:24:33Z</time>
      </trkpt>
      <trkpt lat="46.201086" lon="23.369196">
        <ele>1200.533</ele>
        <time>2017-04-02T12:25:26Z</time>
      </trkpt>
      <trkpt lat="46.201113" lon="23.369079">
        <ele>1199.743</ele>
        <time>2017-04-02T12:25:30Z</time>
      </trkpt>
      <trkpt lat="46.201137" lon="23.368964">
        <ele>1198.864</ele>
        <time>2017-04-02T12:25:34Z</time>
      </trkpt>
      <trkpt lat="46.201194" lon="23.368861">
        <ele>1197.710</ele>
        <time>2017-04-02T12:25:45Z</time>
      </trkpt>
      <trkpt lat="46.201250" lon="23.368759">
        <ele>1197.208</ele>
        <time>2017-04-02T12:25:52Z</time>
      </trkpt>
      <trkpt lat="46.201305" lon="23.368664">
        <ele>1196.235</ele>
        <time>2017-04-02T12:25:59Z</time>
      </trkpt>
      <trkpt lat="46.201358" lon="23.368572">
        <ele>1195.341</ele>
        <time>2017-04-02T12:26:06Z</time>
      </trkpt>
      <trkpt lat="46.201412" lon="23.368479">
        <ele>1194.764</ele>
        <time>2017-04-02T12:26:14Z</time>
      </trkpt>
      <trkpt lat="46.201447" lon="23.368368">
        <ele>1194.813</ele>
        <time>2017-04-02T12:26:22Z</time>
      </trkpt>
      <trkpt lat="46.201511" lon="23.368253">
        <ele>1194.016</ele>
        <time>2017-04-02T12:26:29Z</time>
      </trkpt>
      <trkpt lat="46.201536" lon="23.368140">
        <ele>1194.795</ele>
        <time>2017-04-02T12:26:34Z</time>
      </trkpt>
      <trkpt lat="46.201569" lon="23.367996">
        <ele>1195.394</ele>
        <time>2017-04-02T12:26:41Z</time>
      </trkpt>
      <trkpt lat="46.201615" lon="23.367881">
        <ele>1194.574</ele>
        <time>2017-04-02T12:26:46Z</time>
      </trkpt>
      <trkpt lat="46.201683" lon="23.367787">
        <ele>1192.669</ele>
        <time>2017-04-02T12:26:55Z</time>
      </trkpt>
      <trkpt lat="46.201729" lon="23.367673">
        <ele>1192.104</ele>
        <time>2017-04-02T12:27:01Z</time>
      </trkpt>
      <trkpt lat="46.201762" lon="23.367533">
        <ele>1192.124</ele>
        <time>2017-04-02T12:27:08Z</time>
      </trkpt>
      <trkpt lat="46.201802" lon="23.367428">
        <ele>1191.808</ele>
        <time>2017-04-02T12:27:12Z</time>
      </trkpt>
      <trkpt lat="46.201869" lon="23.367344">
        <ele>1191.247</ele>
        <time>2017-04-02T12:27:17Z</time>
      </trkpt>
      <trkpt lat="46.201856" lon="23.367224">
        <ele>1191.973</ele>
        <time>2017-04-02T12:27:23Z</time>
      </trkpt>
      <trkpt lat="46.201856" lon="23.367092">
        <ele>1192.936</ele>
        <time>2017-04-02T12:27:30Z</time>
      </trkpt>
      <trkpt lat="46.201884" lon="23.366975">
        <ele>1193.425</ele>
        <time>2017-04-02T12:27:36Z</time>
      </trkpt>
      <trkpt lat="46.201941" lon="23.366880">
        <ele>1193.598</ele>
        <time>2017-04-02T12:27:42Z</time>
      </trkpt>
      <trkpt lat="46.202003" lon="23.366804">
        <ele>1193.997</ele>
        <time>2017-04-02T12:27:52Z</time>
      </trkpt>
      <trkpt lat="46.202029" lon="23.366679">
        <ele>1194.636</ele>
        <time>2017-04-02T12:27:58Z</time>
      </trkpt>
      <trkpt lat="46.202081" lon="23.366589">
        <ele>1194.836</ele>
        <time>2017-04-02T12:28:04Z</time>
      </trkpt>
      <trkpt lat="46.202109" lon="23.366472">
        <ele>1195.062</ele>
        <time>2017-04-02T12:28:13Z</time>
      </trkpt>
      <trkpt lat="46.202113" lon="23.366342">
        <ele>1195.183</ele>
        <time>2017-04-02T12:28:20Z</time>
      </trkpt>
      <trkpt lat="46.202135" lon="23.366213">
        <ele>1194.511</ele>
        <time>2017-04-02T12:28:26Z</time>
      </trkpt>
      <trkpt lat="46.202182" lon="23.366098">
        <ele>1192.908</ele>
        <time>2017-04-02T12:28:32Z</time>
      </trkpt>
      <trkpt lat="46.202176" lon="23.365979">
        <ele>1192.017</ele>
        <time>2017-04-02T12:28:38Z</time>
      </trkpt>
      <trkpt lat="46.202139" lon="23.365855">
        <ele>1192.293</ele>
        <time>2017-04-02T12:28:44Z</time>
      </trkpt>
      <trkpt lat="46.202112" lon="23.365737">
        <ele>1191.776</ele>
        <time>2017-04-02T12:28:50Z</time>
      </trkpt>
      <trkpt lat="46.202071" lon="23.365624">
        <ele>1191.895</ele>
        <time>2017-04-02T12:28:56Z</time>
      </trkpt>
      <trkpt lat="46.202043" lon="23.365502">
        <ele>1191.358</ele>
        <time>2017-04-02T12:29:02Z</time>
      </trkpt>
      <trkpt lat="46.202045" lon="23.365383">
        <ele>1189.327</ele>
        <time>2017-04-02T12:29:11Z</time>
      </trkpt>
      <trkpt lat="46.202014" lon="23.365259">
        <ele>1188.796</ele>
        <time>2017-04-02T12:29:17Z</time>
      </trkpt>
      <trkpt lat="46.201964" lon="23.365152">
        <ele>1188.936</ele>
        <time>2017-04-02T12:29:26Z</time>
      </trkpt>
      <trkpt lat="46.201951" lon="23.365022">
        <ele>1187.156</ele>
        <time>2017-04-02T12:29:34Z</time>
      </trkpt>
      <trkpt lat="46.201910" lon="23.364918">
        <ele>1186.959</ele>
        <time>2017-04-02T12:29:42Z</time>
      </trkpt>
      <trkpt lat="46.201837" lon="23.364820">
        <ele>1188.414</ele>
        <time>2017-04-02T12:29:49Z</time>
      </trkpt>
      <trkpt lat="46.201772" lon="23.364744">
        <ele>1190.108</ele>
        <time>2017-04-02T12:29:54Z</time>
      </trkpt>
      <trkpt lat="46.201693" lon="23.364672">
        <ele>1192.626</ele>
        <time>2017-04-02T12:30:05Z</time>
      </trkpt>
      <trkpt lat="46.201611" lon="23.364644">
        <ele>1195.362</ele>
        <time>2017-04-02T12:30:18Z</time>
      </trkpt>
      <trkpt lat="46.201540" lon="23.364581">
        <ele>1196.525</ele>
        <time>2017-04-02T12:31:01Z</time>
      </trkpt>
      <trkpt lat="46.201521" lon="23.364466">
        <ele>1194.764</ele>
        <time>2017-04-02T12:31:09Z</time>
      </trkpt>
      <trkpt lat="46.201479" lon="23.364347">
        <ele>1193.887</ele>
        <time>2017-04-02T12:31:17Z</time>
      </trkpt>
      <trkpt lat="46.201423" lon="23.364248">
        <ele>1193.666</ele>
        <time>2017-04-02T12:31:23Z</time>
      </trkpt>
      <trkpt lat="46.201353" lon="23.364143">
        <ele>1193.375</ele>
        <time>2017-04-02T12:31:34Z</time>
      </trkpt>
      <trkpt lat="46.201273" lon="23.364125">
        <ele>1194.775</ele>
        <time>2017-04-02T12:31:39Z</time>
      </trkpt>
      <trkpt lat="46.201227" lon="23.364021">
        <ele>1193.628</ele>
        <time>2017-04-02T12:31:46Z</time>
      </trkpt>
      <trkpt lat="46.201157" lon="23.363948">
        <ele>1193.489</ele>
        <time>2017-04-02T12:31:52Z</time>
      </trkpt>
      <trkpt lat="46.201073" lon="23.363935">
        <ele>1194.317</ele>
        <time>2017-04-02T12:31:57Z</time>
      </trkpt>
      <trkpt lat="46.200987" lon="23.363901">
        <ele>1194.208</ele>
        <time>2017-04-02T12:32:01Z</time>
      </trkpt>
      <trkpt lat="46.200893" lon="23.363860">
        <ele>1194.133</ele>
        <time>2017-04-02T12:32:07Z</time>
      </trkpt>
      <trkpt lat="46.200824" lon="23.363786">
        <ele>1193.769</ele>
        <time>2017-04-02T12:32:13Z</time>
      </trkpt>
      <trkpt lat="46.200761" lon="23.363692">
        <ele>1193.252</ele>
        <time>2017-04-02T12:32:24Z</time>
      </trkpt>
      <trkpt lat="46.200692" lon="23.363613">
        <ele>1193.131</ele>
        <time>2017-04-02T12:32:31Z</time>
      </trkpt>
      <trkpt lat="46.200634" lon="23.363519">
        <ele>1193.424</ele>
        <time>2017-04-02T12:32:43Z</time>
      </trkpt>
      <trkpt lat="46.200554" lon="23.363475">
        <ele>1194.573</ele>
        <time>2017-04-02T12:32:50Z</time>
      </trkpt>
      <trkpt lat="46.200463" lon="23.363413">
        <ele>1196.052</ele>
        <time>2017-04-02T12:32:57Z</time>
      </trkpt>
      <trkpt lat="46.200383" lon="23.363330">
        <ele>1197.192</ele>
        <time>2017-04-02T12:33:04Z</time>
      </trkpt>
      <trkpt lat="46.200350" lon="23.363213">
        <ele>1197.888</ele>
        <time>2017-04-02T12:33:19Z</time>
      </trkpt>
      <trkpt lat="46.200305" lon="23.363115">
        <ele>1198.624</ele>
        <time>2017-04-02T12:33:28Z</time>
      </trkpt>
      <trkpt lat="46.200222" lon="23.363053">
        <ele>1199.626</ele>
        <time>2017-04-02T12:33:40Z</time>
      </trkpt>
      <trkpt lat="46.200151" lon="23.362978">
        <ele>1201.108</ele>
        <time>2017-04-02T12:33:47Z</time>
      </trkpt>
      <trkpt lat="46.200075" lon="23.362910">
        <ele>1202.119</ele>
        <time>2017-04-02T12:33:55Z</time>
      </trkpt>
      <trkpt lat="46.199989" lon="23.362865">
        <ele>1202.895</ele>
        <time>2017-04-02T12:34:03Z</time>
      </trkpt>
      <trkpt lat="46.199931" lon="23.362770">
        <ele>1203.318</ele>
        <time>2017-04-02T12:34:14Z</time>
      </trkpt>
      <trkpt lat="46.199857" lon="23.362705">
        <ele>1204.017</ele>
        <time>2017-04-02T12:34:21Z</time>
      </trkpt>
      <trkpt lat="46.199797" lon="23.362623">
        <ele>1204.320</ele>
        <time>2017-04-02T12:34:27Z</time>
      </trkpt>
      <trkpt lat="46.199728" lon="23.362549">
        <ele>1204.069</ele>
        <time>2017-04-02T12:34:32Z</time>
      </trkpt>
      <trkpt lat="46.199658" lon="23.362473">
        <ele>1204.278</ele>
        <time>2017-04-02T12:34:41Z</time>
      </trkpt>
      <trkpt lat="46.199606" lon="23.362378">
        <ele>1204.888</ele>
        <time>2017-04-02T12:34:49Z</time>
      </trkpt>
      <trkpt lat="46.199549" lon="23.362275">
        <ele>1204.926</ele>
        <time>2017-04-02T12:35:01Z</time>
      </trkpt>
      <trkpt lat="46.199485" lon="23.362198">
        <ele>1204.947</ele>
        <time>2017-04-02T12:35:09Z</time>
      </trkpt>
      <trkpt lat="46.199485" lon="23.362040">
        <ele>1208.311</ele>
        <time>2017-04-02T12:35:17Z</time>
      </trkpt>
      <trkpt lat="46.199385" lon="23.362078">
        <ele>1207.308</ele>
        <time>2017-04-02T12:35:21Z</time>
      </trkpt>
      <trkpt lat="46.199436" lon="23.361976">
        <ele>1209.323</ele>
        <time>2017-04-02T12:35:47Z</time>
      </trkpt>
      <trkpt lat="46.199430" lon="23.361857">
        <ele>1211.949</ele>
        <time>2017-04-02T12:36:12Z</time>
      </trkpt>
      <trkpt lat="46.199493" lon="23.361776">
        <ele>1214.112</ele>
        <time>2017-04-02T12:36:46Z</time>
      </trkpt>
      <trkpt lat="46.199567" lon="23.361696">
        <ele>1216.681</ele>
        <time>2017-04-02T12:36:53Z</time>
      </trkpt>
      <trkpt lat="46.199630" lon="23.361615">
        <ele>1219.084</ele>
        <time>2017-04-02T12:36:59Z</time>
      </trkpt>
      <trkpt lat="46.199665" lon="23.361500">
        <ele>1221.523</ele>
        <time>2017-04-02T12:37:10Z</time>
      </trkpt>
      <trkpt lat="46.199691" lon="23.361384">
        <ele>1223.932</ele>
        <time>2017-04-02T12:37:25Z</time>
      </trkpt>
      <trkpt lat="46.199722" lon="23.361254">
        <ele>1226.982</ele>
        <time>2017-04-02T12:37:36Z</time>
      </trkpt>
      <trkpt lat="46.199727" lon="23.361130">
        <ele>1229.782</ele>
        <time>2017-04-02T12:38:01Z</time>
      </trkpt>
      <trkpt lat="46.199690" lon="23.361011">
        <ele>1231.743</ele>
        <time>2017-04-02T12:38:22Z</time>
      </trkpt>
      <trkpt lat="46.199665" lon="23.360900">
        <ele>1233.617</ele>
        <time>2017-04-02T12:38:37Z</time>
      </trkpt>
      <trkpt lat="46.199724" lon="23.360806">
        <ele>1236.308</ele>
        <time>2017-04-02T12:38:51Z</time>
      </trkpt>
      <trkpt lat="46.199770" lon="23.360704">
        <ele>1238.029</ele>
        <time>2017-04-02T12:39:03Z</time>
      </trkpt>
      <trkpt lat="46.199735" lon="23.360590">
        <ele>1238.835</ele>
        <time>2017-04-02T12:39:37Z</time>
      </trkpt>
      <trkpt lat="46.199738" lon="23.360471">
        <ele>1240.238</ele>
        <time>2017-04-02T12:40:04Z</time>
      </trkpt>
      <trkpt lat="46.199742" lon="23.360353">
        <ele>1241.567</ele>
        <time>2017-04-02T12:40:09Z</time>
      </trkpt>
      <trkpt lat="46.199759" lon="23.360232">
        <ele>1243.240</ele>
        <time>2017-04-02T12:40:14Z</time>
      </trkpt>
      <trkpt lat="46.199746" lon="23.360091">
        <ele>1244.529</ele>
        <time>2017-04-02T12:40:21Z</time>
      </trkpt>
      <trkpt lat="46.199691" lon="23.360002">
        <ele>1244.858</ele>
        <time>2017-04-02T12:40:34Z</time>
      </trkpt>
      <trkpt lat="46.199623" lon="23.359930">
        <ele>1245.728</ele>
        <time>2017-04-02T12:40:54Z</time>
      </trkpt>
      <trkpt lat="46.199544" lon="23.359901">
        <ele>1246.085</ele>
        <time>2017-04-02T12:41:03Z</time>
      </trkpt>
      <trkpt lat="46.199457" lon="23.359898">
        <ele>1245.689</ele>
        <time>2017-04-02T12:41:10Z</time>
      </trkpt>
      <trkpt lat="46.199370" lon="23.359900">
        <ele>1246.217</ele>
        <time>2017-04-02T12:41:16Z</time>
      </trkpt>
      <trkpt lat="46.199288" lon="23.359914">
        <ele>1246.508</ele>
        <time>2017-04-02T12:41:23Z</time>
      </trkpt>
      <trkpt lat="46.199206" lon="23.359961">
        <ele>1245.819</ele>
        <time>2017-04-02T12:41:39Z</time>
      </trkpt>
      <trkpt lat="46.199116" lon="23.359959">
        <ele>1247.355</ele>
        <time>2017-04-02T12:41:46Z</time>
      </trkpt>
      <trkpt lat="46.199027" lon="23.359974">
        <ele>1248.818</ele>
        <time>2017-04-02T12:41:54Z</time>
      </trkpt>
      <trkpt lat="46.198940" lon="23.359964">
        <ele>1250.957</ele>
        <time>2017-04-02T12:42:03Z</time>
      </trkpt>
      <trkpt lat="46.198854" lon="23.359979">
        <ele>1252.270</ele>
        <time>2017-04-02T12:42:26Z</time>
      </trkpt>
      <trkpt lat="46.198768" lon="23.359986">
        <ele>1253.519</ele>
        <time>2017-04-02T12:42:44Z</time>
      </trkpt>
      <trkpt lat="46.198690" lon="23.360031">
        <ele>1253.458</ele>
        <time>2017-04-02T12:42:58Z</time>
      </trkpt>
      <trkpt lat="46.198602" lon="23.360036">
        <ele>1254.568</ele>
        <time>2017-04-02T12:43:32Z</time>
      </trkpt>
      <trkpt lat="46.198518" lon="23.360032">
        <ele>1254.246</ele>
        <time>2017-04-02T12:43:39Z</time>
      </trkpt>
      <trkpt lat="46.198433" lon="23.360000">
        <ele>1254.788</ele>
        <time>2017-04-02T12:43:48Z</time>
      </trkpt>
      <trkpt lat="46.198342" lon="23.359993">
        <ele>1254.216</ele>
        <time>2017-04-02T12:43:56Z</time>
      </trkpt>
      <trkpt lat="46.198276" lon="23.360062">
        <ele>1253.008</ele>
        <time>2017-04-02T12:44:28Z</time>
      </trkpt>
      <trkpt lat="46.198193" lon="23.360068">
        <ele>1253.735</ele>
        <time>2017-04-02T12:44:36Z</time>
      </trkpt>
      <trkpt lat="46.198107" lon="23.360067">
        <ele>1254.551</ele>
        <time>2017-04-02T12:44:45Z</time>
      </trkpt>
      <trkpt lat="46.198026" lon="23.360047">
        <ele>1255.324</ele>
        <time>2017-04-02T12:44:52Z</time>
      </trkpt>
      <trkpt lat="46.197942" lon="23.360004">
        <ele>1255.973</ele>
        <time>2017-04-02T12:45:03Z</time>
      </trkpt>
      <trkpt lat="46.197877" lon="23.359924">
        <ele>1257.336</ele>
        <time>2017-04-02T12:45:12Z</time>
      </trkpt>
      <trkpt lat="46.197815" lon="23.359836">
        <ele>1258.955</ele>
        <time>2017-04-02T12:45:21Z</time>
      </trkpt>
      <trkpt lat="46.197732" lon="23.359816">
        <ele>1259.024</ele>
        <time>2017-04-02T12:45:30Z</time>
      </trkpt>
      <trkpt lat="46.197655" lon="23.359759">
        <ele>1259.594</ele>
        <time>2017-04-02T12:45:38Z</time>
      </trkpt>
      <trkpt lat="46.197587" lon="23.359835">
        <ele>1257.656</ele>
        <time>2017-04-02T12:47:11Z</time>
      </trkpt>
      <trkpt lat="46.197511" lon="23.359770">
        <ele>1258.259</ele>
        <time>2017-04-02T12:47:23Z</time>
      </trkpt>
      <trkpt lat="46.197444" lon="23.359701">
        <ele>1258.914</ele>
        <time>2017-04-02T12:47:33Z</time>
      </trkpt>
      <trkpt lat="46.197360" lon="23.359693">
        <ele>1258.108</ele>
        <time>2017-04-02T12:47:45Z</time>
      </trkpt>
      <trkpt lat="46.197278" lon="23.359640">
        <ele>1258.446</ele>
        <time>2017-04-02T12:47:54Z</time>
      </trkpt>
      <trkpt lat="46.197192" lon="23.359651">
        <ele>1257.282</ele>
        <time>2017-04-02T12:48:07Z</time>
      </trkpt>
      <trkpt lat="46.197138" lon="23.359739">
        <ele>1254.845</ele>
        <time>2017-04-02T12:48:24Z</time>
      </trkpt>
      <trkpt lat="46.197062" lon="23.359794">
        <ele>1253.094</ele>
        <time>2017-04-02T12:48:34Z</time>
      </trkpt>
      <trkpt lat="46.196996" lon="23.359864">
        <ele>1251.067</ele>
        <time>2017-04-02T12:48:44Z</time>
      </trkpt>
      <trkpt lat="46.196914" lon="23.359903">
        <ele>1249.356</ele>
        <time>2017-04-02T12:48:55Z</time>
      </trkpt>
      <trkpt lat="46.196820" lon="23.359943">
        <ele>1247.365</ele>
        <time>2017-04-02T12:49:16Z</time>
      </trkpt>
      <trkpt lat="46.196752" lon="23.360007">
        <ele>1245.125</ele>
        <time>2017-04-02T12:49:28Z</time>
      </trkpt>
      <trkpt lat="46.196667" lon="23.360014">
        <ele>1243.744</ele>
        <time>2017-04-02T12:49:36Z</time>
      </trkpt>
      <trkpt lat="46.196593" lon="23.360064">
        <ele>1241.105</ele>
        <time>2017-04-02T12:49:47Z</time>
      </trkpt>
      <trkpt lat="46.196516" lon="23.360106">
        <ele>1238.615</ele>
        <time>2017-04-02T12:49:54Z</time>
      </trkpt>
      <trkpt lat="46.196449" lon="23.360205">
        <ele>1234.908</ele>
        <time>2017-04-02T12:50:29Z</time>
      </trkpt>
      <trkpt lat="46.196392" lon="23.360292">
        <ele>1231.745</ele>
        <time>2017-04-02T12:50:57Z</time>
      </trkpt>
      <trkpt lat="46.196313" lon="23.360339">
        <ele>1228.981</ele>
        <time>2017-04-02T12:51:06Z</time>
      </trkpt>
      <trkpt lat="46.196252" lon="23.360419">
        <ele>1225.734</ele>
        <time>2017-04-02T12:51:13Z</time>
      </trkpt>
      <trkpt lat="46.196168" lon="23.360424">
        <ele>1224.093</ele>
        <time>2017-04-02T12:51:24Z</time>
      </trkpt>
      <trkpt lat="46.196146" lon="23.360300">
        <ele>1226.336</ele>
        <time>2017-04-02T12:51:36Z</time>
      </trkpt>
      <trkpt lat="46.196160" lon="23.360177">
        <ele>1229.335</ele>
        <time>2017-04-02T12:51:51Z</time>
      </trkpt>
      <trkpt lat="46.196124" lon="23.360061">
        <ele>1231.094</ele>
        <time>2017-04-02T12:52:09Z</time>
      </trkpt>
      <trkpt lat="46.196128" lon="23.359929">
        <ele>1234.474</ele>
        <time>2017-04-02T12:52:27Z</time>
      </trkpt>
      <trkpt lat="46.196207" lon="23.359850">
        <ele>1238.459</ele>
        <time>2017-04-02T12:53:02Z</time>
      </trkpt>
      <trkpt lat="46.196207" lon="23.359730">
        <ele>1241.503</ele>
        <time>2017-04-02T12:53:08Z</time>
      </trkpt>
      <trkpt lat="46.196118" lon="23.359670">
        <ele>1241.223</ele>
        <time>2017-04-02T12:53:37Z</time>
      </trkpt>
      <trkpt lat="46.196041" lon="23.359607">
        <ele>1240.008</ele>
        <time>2017-04-02T12:53:48Z</time>
      </trkpt>
      <trkpt lat="46.195963" lon="23.359548">
        <ele>1238.946</ele>
        <time>2017-04-02T12:54:09Z</time>
      </trkpt>
      <trkpt lat="46.195876" lon="23.359525">
        <ele>1236.832</ele>
        <time>2017-04-02T12:54:18Z</time>
      </trkpt>
      <trkpt lat="46.195803" lon="23.359463">
        <ele>1236.235</ele>
        <time>2017-04-02T12:54:27Z</time>
      </trkpt>
      <trkpt lat="46.195738" lon="23.359367">
        <ele>1236.174</ele>
        <time>2017-04-02T12:54:39Z</time>
      </trkpt>
      <trkpt lat="46.195682" lon="23.359277">
        <ele>1236.317</ele>
        <time>2017-04-02T12:54:47Z</time>
      </trkpt>
      <trkpt lat="46.195582" lon="23.359249">
        <ele>1233.596</ele>
        <time>2017-04-02T12:54:57Z</time>
      </trkpt>
      <trkpt lat="46.195519" lon="23.359172">
        <ele>1233.955</ele>
        <time>2017-04-02T12:55:04Z</time>
      </trkpt>
      <trkpt lat="46.195455" lon="23.359081">
        <ele>1234.385</ele>
        <time>2017-04-02T12:55:15Z</time>
      </trkpt>
      <trkpt lat="46.195386" lon="23.359012">
        <ele>1234.118</ele>
        <time>2017-04-02T12:55:27Z</time>
      </trkpt>
      <trkpt lat="46.195374" lon="23.358892">
        <ele>1236.498</ele>
        <time>2017-04-02T12:55:58Z</time>
      </trkpt>
      <trkpt lat="46.195295" lon="23.358820">
        <ele>1235.917</ele>
        <time>2017-04-02T12:56:06Z</time>
      </trkpt>
      <trkpt lat="46.195218" lon="23.358756">
        <ele>1235.008</ele>
        <time>2017-04-02T12:56:13Z</time>
      </trkpt>
      <trkpt lat="46.195214" lon="23.358637">
        <ele>1237.492</ele>
        <time>2017-04-02T12:56:21Z</time>
      </trkpt>
      <trkpt lat="46.195183" lon="23.358525">
        <ele>1238.228</ele>
        <time>2017-04-02T12:56:31Z</time>
      </trkpt>
      <trkpt lat="46.195175" lon="23.358385">
        <ele>1239.941</ele>
        <time>2017-04-02T12:56:38Z</time>
      </trkpt>
      <trkpt lat="46.195144" lon="23.358267">
        <ele>1240.580</ele>
        <time>2017-04-02T12:56:47Z</time>
      </trkpt>
      <trkpt lat="46.195134" lon="23.358139">
        <ele>1241.813</ele>
        <time>2017-04-02T12:56:55Z</time>
      </trkpt>
      <trkpt lat="46.195127" lon="23.358012">
        <ele>1243.012</ele>
        <time>2017-04-02T12:57:03Z</time>
      </trkpt>
      <trkpt lat="46.195070" lon="23.357928">
        <ele>1242.161</ele>
        <time>2017-04-02T12:57:14Z</time>
      </trkpt>
      <trkpt lat="46.195055" lon="23.357790">
        <ele>1242.791</ele>
        <time>2017-04-02T12:57:22Z</time>
      </trkpt>
      <trkpt lat="46.195074" lon="23.357662">
        <ele>1244.637</ele>
        <time>2017-04-02T12:57:30Z</time>
      </trkpt>
      <trkpt lat="46.195013" lon="23.357553">
        <ele>1243.849</ele>
        <time>2017-04-02T12:57:39Z</time>
      </trkpt>
      <trkpt lat="46.195049" lon="23.357444">
        <ele>1245.813</ele>
        <time>2017-04-02T12:57:44Z</time>
      </trkpt>
      <trkpt lat="46.194970" lon="23.357405">
        <ele>1243.408</ele>
        <time>2017-04-02T12:57:47Z</time>
      </trkpt>
      <trkpt lat="46.194950" lon="23.357286">
        <ele>1243.174</ele>
        <time>2017-04-02T12:57:54Z</time>
      </trkpt>
      <trkpt lat="46.194940" lon="23.357165">
        <ele>1242.560</ele>
        <time>2017-04-02T12:58:06Z</time>
      </trkpt>
      <trkpt lat="46.194931" lon="23.357039">
        <ele>1241.453</ele>
        <time>2017-04-02T12:58:14Z</time>
      </trkpt>
      <trkpt lat="46.194931" lon="23.356907">
        <ele>1240.222</ele>
        <time>2017-04-02T12:58:21Z</time>
      </trkpt>
      <trkpt lat="46.194940" lon="23.356790">
        <ele>1238.835</ele>
        <time>2017-04-02T12:58:26Z</time>
      </trkpt>
      <trkpt lat="46.194967" lon="23.356649">
        <ele>1237.184</ele>
        <time>2017-04-02T12:58:32Z</time>
      </trkpt>
      <trkpt lat="46.195003" lon="23.356533">
        <ele>1235.713</ele>
        <time>2017-04-02T12:58:37Z</time>
      </trkpt>
      <trkpt lat="46.194989" lon="23.356407">
        <ele>1233.143</ele>
        <time>2017-04-02T12:58:44Z</time>
      </trkpt>
      <trkpt lat="46.195024" lon="23.356298">
        <ele>1232.833</ele>
        <time>2017-04-02T12:58:52Z</time>
      </trkpt>
      <trkpt lat="46.195041" lon="23.356171">
        <ele>1232.223</ele>
        <time>2017-04-02T12:59:00Z</time>
      </trkpt>
      <trkpt lat="46.195057" lon="23.356043">
        <ele>1232.115</ele>
        <time>2017-04-02T12:59:08Z</time>
      </trkpt>
      <trkpt lat="46.195094" lon="23.355935">
        <ele>1233.308</ele>
        <time>2017-04-02T12:59:16Z</time>
      </trkpt>
      <trkpt lat="46.195114" lon="23.355818">
        <ele>1233.814</ele>
        <time>2017-04-02T12:59:28Z</time>
      </trkpt>
      <trkpt lat="46.195131" lon="23.355703">
        <ele>1234.050</ele>
        <time>2017-04-02T12:59:45Z</time>
      </trkpt>
      <trkpt lat="46.195182" lon="23.355595">
        <ele>1235.493</ele>
        <time>2017-04-02T12:59:52Z</time>
      </trkpt>
      <trkpt lat="46.195184" lon="23.355476">
        <ele>1234.832</ele>
        <time>2017-04-02T13:00:01Z</time>
      </trkpt>
      <trkpt lat="46.195181" lon="23.355351">
        <ele>1234.065</ele>
        <time>2017-04-02T13:00:11Z</time>
      </trkpt>
      <trkpt lat="46.195186" lon="23.355229">
        <ele>1233.434</ele>
        <time>2017-04-02T13:00:18Z</time>
      </trkpt>
      <trkpt lat="46.195192" lon="23.355093">
        <ele>1232.873</ele>
        <time>2017-04-02T13:00:25Z</time>
      </trkpt>
      <trkpt lat="46.195190" lon="23.354958">
        <ele>1232.223</ele>
        <time>2017-04-02T13:00:33Z</time>
      </trkpt>
      <trkpt lat="46.195173" lon="23.354832">
        <ele>1231.637</ele>
        <time>2017-04-02T13:00:40Z</time>
      </trkpt>
      <trkpt lat="46.195173" lon="23.354709">
        <ele>1231.649</ele>
        <time>2017-04-02T13:00:47Z</time>
      </trkpt>
      <trkpt lat="46.195165" lon="23.354577">
        <ele>1231.713</ele>
        <time>2017-04-02T13:00:55Z</time>
      </trkpt>
      <trkpt lat="46.195151" lon="23.354454">
        <ele>1231.408</ele>
        <time>2017-04-02T13:01:02Z</time>
      </trkpt>
      <trkpt lat="46.195149" lon="23.354334">
        <ele>1231.344</ele>
        <time>2017-04-02T13:01:09Z</time>
      </trkpt>
      <trkpt lat="46.195132" lon="23.354193">
        <ele>1230.820</ele>
        <time>2017-04-02T13:01:17Z</time>
      </trkpt>
      <trkpt lat="46.195121" lon="23.354071">
        <ele>1230.553</ele>
        <time>2017-04-02T13:01:24Z</time>
      </trkpt>
      <trkpt lat="46.195104" lon="23.353945">
        <ele>1230.272</ele>
        <time>2017-04-02T13:01:31Z</time>
      </trkpt>
      <trkpt lat="46.195092" lon="23.353818">
        <ele>1229.995</ele>
        <time>2017-04-02T13:01:37Z</time>
      </trkpt>
      <trkpt lat="46.195091" lon="23.353688">
        <ele>1229.784</ele>
        <time>2017-04-02T13:01:46Z</time>
      </trkpt>
      <trkpt lat="46.195118" lon="23.353561">
        <ele>1230.043</ele>
        <time>2017-04-02T13:01:52Z</time>
      </trkpt>
      <trkpt lat="46.195097" lon="23.353431">
        <ele>1229.323</ele>
        <time>2017-04-02T13:01:59Z</time>
      </trkpt>
      <trkpt lat="46.195092" lon="23.353310">
        <ele>1228.884</ele>
        <time>2017-04-02T13:02:06Z</time>
      </trkpt>
      <trkpt lat="46.195094" lon="23.353174">
        <ele>1228.107</ele>
        <time>2017-04-02T13:02:12Z</time>
      </trkpt>
      <trkpt lat="46.195062" lon="23.353060">
        <ele>1226.617</ele>
        <time>2017-04-02T13:02:19Z</time>
      </trkpt>
      <trkpt lat="46.195050" lon="23.352939">
        <ele>1225.808</ele>
        <time>2017-04-02T13:02:27Z</time>
      </trkpt>
      <trkpt lat="46.194991" lon="23.352859">
        <ele>1224.289</ele>
        <time>2017-04-02T13:04:51Z</time>
      </trkpt>
      <trkpt lat="46.195054" lon="23.352781">
        <ele>1225.485</ele>
        <time>2017-04-02T13:09:11Z</time>
      </trkpt>
      <trkpt lat="46.195053" lon="23.352663">
        <ele>1225.358</ele>
        <time>2017-04-02T13:09:17Z</time>
      </trkpt>
      <trkpt lat="46.195047" lon="23.352520">
        <ele>1225.037</ele>
        <time>2017-04-02T13:09:24Z</time>
      </trkpt>
      <trkpt lat="46.195079" lon="23.352411">
        <ele>1226.340</ele>
        <time>2017-04-02T13:09:29Z</time>
      </trkpt>
      <trkpt lat="46.195097" lon="23.352286">
        <ele>1227.649</ele>
        <time>2017-04-02T13:09:35Z</time>
      </trkpt>
      <trkpt lat="46.195114" lon="23.352161">
        <ele>1229.348</ele>
        <time>2017-04-02T13:09:41Z</time>
      </trkpt>
      <trkpt lat="46.195154" lon="23.352041">
        <ele>1231.978</ele>
        <time>2017-04-02T13:09:49Z</time>
      </trkpt>
      <trkpt lat="46.195168" lon="23.351923">
        <ele>1234.021</ele>
        <time>2017-04-02T13:09:57Z</time>
      </trkpt>
      <trkpt lat="46.195167" lon="23.351803">
        <ele>1235.841</ele>
        <time>2017-04-02T13:10:06Z</time>
      </trkpt>
      <trkpt lat="46.195162" lon="23.351679">
        <ele>1237.705</ele>
        <time>2017-04-02T13:10:24Z</time>
      </trkpt>
      <trkpt lat="46.195169" lon="23.351558">
        <ele>1239.708</ele>
        <time>2017-04-02T13:10:44Z</time>
      </trkpt>
      <trkpt lat="46.195255" lon="23.351517">
        <ele>1242.223</ele>
        <time>2017-04-02T13:11:09Z</time>
      </trkpt>
      <trkpt lat="46.195306" lon="23.351415">
        <ele>1245.189</ele>
        <time>2017-04-02T13:11:36Z</time>
      </trkpt>
      <trkpt lat="46.195359" lon="23.351321">
        <ele>1247.912</ele>
        <time>2017-04-02T13:11:51Z</time>
      </trkpt>
      <trkpt lat="46.195412" lon="23.351222">
        <ele>1250.651</ele>
        <time>2017-04-02T13:12:00Z</time>
      </trkpt>
      <trkpt lat="46.195479" lon="23.351154">
        <ele>1253.024</ele>
        <time>2017-04-02T13:12:14Z</time>
      </trkpt>
      <trkpt lat="46.195535" lon="23.351051">
        <ele>1255.933</ele>
        <time>2017-04-02T13:12:28Z</time>
      </trkpt>
      <trkpt lat="46.195575" lon="23.350932">
        <ele>1259.142</ele>
        <time>2017-04-02T13:12:37Z</time>
      </trkpt>
      <trkpt lat="46.195634" lon="23.350849">
        <ele>1261.322</ele>
        <time>2017-04-02T13:12:50Z</time>
      </trkpt>
      <trkpt lat="46.195615" lon="23.350723">
        <ele>1263.319</ele>
        <time>2017-04-02T13:13:01Z</time>
      </trkpt>
      <trkpt lat="46.195689" lon="23.350660">
        <ele>1264.809</ele>
        <time>2017-04-02T13:13:14Z</time>
      </trkpt>
      <trkpt lat="46.195736" lon="23.350560">
        <ele>1266.619</ele>
        <time>2017-04-02T13:13:29Z</time>
      </trkpt>
      <trkpt lat="46.195785" lon="23.350449">
        <ele>1268.308</ele>
        <time>2017-04-02T13:13:42Z</time>
      </trkpt>
      <trkpt lat="46.195805" lon="23.350334">
        <ele>1270.022</ele>
        <time>2017-04-02T13:13:53Z</time>
      </trkpt>
      <trkpt lat="46.195823" lon="23.350219">
        <ele>1271.168</ele>
        <time>2017-04-02T13:14:15Z</time>
      </trkpt>
      <trkpt lat="46.195800" lon="23.350105">
        <ele>1271.551</ele>
        <time>2017-04-02T13:14:26Z</time>
      </trkpt>
      <trkpt lat="46.195754" lon="23.349989">
        <ele>1271.760</ele>
        <time>2017-04-02T13:15:02Z</time>
      </trkpt>
      <trkpt lat="46.195669" lon="23.349939">
        <ele>1271.213</ele>
        <time>2017-04-02T13:15:12Z</time>
      </trkpt>
      <trkpt lat="46.195590" lon="23.349980">
        <ele>1271.112</ele>
        <time>2017-04-02T13:15:19Z</time>
      </trkpt>
      <trkpt lat="46.195515" lon="23.349926">
        <ele>1270.991</ele>
        <time>2017-04-02T13:15:59Z</time>
      </trkpt>
      <trkpt lat="46.195433" lon="23.349954">
        <ele>1270.781</ele>
        <time>2017-04-02T13:16:10Z</time>
      </trkpt>
      <trkpt lat="46.195352" lon="23.349925">
        <ele>1270.748</ele>
        <time>2017-04-02T13:16:19Z</time>
      </trkpt>
      <trkpt lat="46.195265" lon="23.349881">
        <ele>1270.961</ele>
        <time>2017-04-02T13:16:28Z</time>
      </trkpt>
      <trkpt lat="46.195184" lon="23.349838">
        <ele>1271.617</ele>
        <time>2017-04-02T13:16:41Z</time>
      </trkpt>
      <trkpt lat="46.195108" lon="23.349797">
        <ele>1272.608</ele>
        <time>2017-04-02T13:16:50Z</time>
      </trkpt>
      <trkpt lat="46.195029" lon="23.349766">
        <ele>1273.855</ele>
        <time>2017-04-02T13:17:11Z</time>
      </trkpt>
      <trkpt lat="46.194965" lon="23.349687">
        <ele>1275.361</ele>
        <time>2017-04-02T13:17:18Z</time>
      </trkpt>
      <trkpt lat="46.194893" lon="23.349618">
        <ele>1276.334</ele>
        <time>2017-04-02T13:17:35Z</time>
      </trkpt>
      <trkpt lat="46.194832" lon="23.349534">
        <ele>1277.893</ele>
        <time>2017-04-02T13:17:44Z</time>
      </trkpt>
      <trkpt lat="46.194801" lon="23.349425">
        <ele>1279.466</ele>
        <time>2017-04-02T13:18:04Z</time>
      </trkpt>
      <trkpt lat="46.194799" lon="23.349301">
        <ele>1280.035</ele>
        <time>2017-04-02T13:18:18Z</time>
      </trkpt>
      <trkpt lat="46.194756" lon="23.349200">
        <ele>1281.324</ele>
        <time>2017-04-02T13:18:27Z</time>
      </trkpt>
      <trkpt lat="46.194697" lon="23.349094">
        <ele>1281.614</ele>
        <time>2017-04-02T13:18:32Z</time>
      </trkpt>
      <trkpt lat="46.194627" lon="23.349034">
        <ele>1281.693</ele>
        <time>2017-04-02T13:18:40Z</time>
      </trkpt>
      <trkpt lat="46.194555" lon="23.348950">
        <ele>1281.565</ele>
        <time>2017-04-02T13:18:50Z</time>
      </trkpt>
      <trkpt lat="46.194476" lon="23.348884">
        <ele>1281.721</ele>
        <time>2017-04-02T13:18:58Z</time>
      </trkpt>
      <trkpt lat="46.194396" lon="23.348853">
        <ele>1282.008</ele>
        <time>2017-04-02T13:19:04Z</time>
      </trkpt>
      <trkpt lat="46.194310" lon="23.348838">
        <ele>1282.670</ele>
        <time>2017-04-02T13:19:10Z</time>
      </trkpt>
      <trkpt lat="46.194228" lon="23.348818">
        <ele>1283.226</ele>
        <time>2017-04-02T13:19:19Z</time>
      </trkpt>
      <trkpt lat="46.194149" lon="23.348775">
        <ele>1283.859</ele>
        <time>2017-04-02T13:19:30Z</time>
      </trkpt>
      <trkpt lat="46.194074" lon="23.348731">
        <ele>1284.688</ele>
        <time>2017-04-02T13:19:39Z</time>
      </trkpt>
      <trkpt lat="46.193984" lon="23.348721">
        <ele>1285.691</ele>
        <time>2017-04-02T13:19:47Z</time>
      </trkpt>
      <trkpt lat="46.193899" lon="23.348726">
        <ele>1286.710</ele>
        <time>2017-04-02T13:19:56Z</time>
      </trkpt>
      <trkpt lat="46.193813" lon="23.348721">
        <ele>1287.029</ele>
        <time>2017-04-02T13:20:05Z</time>
      </trkpt>
      <trkpt lat="46.193737" lon="23.348768">
        <ele>1287.439</ele>
        <time>2017-04-02T13:20:15Z</time>
      </trkpt>
      <trkpt lat="46.193685" lon="23.348668">
        <ele>1287.081</ele>
        <time>2017-04-02T13:20:58Z</time>
      </trkpt>
      <trkpt lat="46.193639" lon="23.348566">
        <ele>1286.661</ele>
        <time>2017-04-02T13:21:06Z</time>
      </trkpt>
      <trkpt lat="46.193571" lon="23.348479">
        <ele>1285.917</ele>
        <time>2017-04-02T13:21:15Z</time>
      </trkpt>
      <trkpt lat="46.193490" lon="23.348463">
        <ele>1285.508</ele>
        <time>2017-04-02T13:21:23Z</time>
      </trkpt>
      <trkpt lat="46.193418" lon="23.348386">
        <ele>1284.799</ele>
        <time>2017-04-02T13:21:32Z</time>
      </trkpt>
      <trkpt lat="46.193335" lon="23.348396">
        <ele>1284.585</ele>
        <time>2017-04-02T13:21:39Z</time>
      </trkpt>
      <trkpt lat="46.193270" lon="23.348317">
        <ele>1283.068</ele>
        <time>2017-04-02T13:21:47Z</time>
      </trkpt>
      <trkpt lat="46.193202" lon="23.348247">
        <ele>1281.677</ele>
        <time>2017-04-02T13:21:54Z</time>
      </trkpt>
      <trkpt lat="46.193116" lon="23.348232">
        <ele>1280.490</ele>
        <time>2017-04-02T13:22:02Z</time>
      </trkpt>
      <trkpt lat="46.193032" lon="23.348253">
        <ele>1279.149</ele>
        <time>2017-04-02T13:22:15Z</time>
      </trkpt>
      <trkpt lat="46.192943" lon="23.348235">
        <ele>1277.038</ele>
        <time>2017-04-02T13:22:23Z</time>
      </trkpt>
      <trkpt lat="46.192861" lon="23.348230">
        <ele>1275.088</ele>
        <time>2017-04-02T13:22:36Z</time>
      </trkpt>
      <trkpt lat="46.192861" lon="23.348354">
        <ele>1274.892</ele>
        <time>2017-04-02T13:22:57Z</time>
      </trkpt>
      <trkpt lat="46.192788" lon="23.348416">
        <ele>1272.173</ele>
        <time>2017-04-02T13:23:10Z</time>
      </trkpt>
      <trkpt lat="46.192753" lon="23.348530">
        <ele>1269.520</ele>
        <time>2017-04-02T13:23:20Z</time>
      </trkpt>
      <trkpt lat="46.192664" lon="23.348562">
        <ele>1266.708</ele>
        <time>2017-04-02T13:23:30Z</time>
      </trkpt>
      <trkpt lat="46.192628" lon="23.348676">
        <ele>1264.490</ele>
        <time>2017-04-02T13:23:35Z</time>
      </trkpt>
      <trkpt lat="46.192600" lon="23.348801">
        <ele>1262.296</ele>
        <time>2017-04-02T13:23:39Z</time>
      </trkpt>
      <trkpt lat="46.192569" lon="23.348938">
        <ele>1260.019</ele>
        <time>2017-04-02T13:23:43Z</time>
      </trkpt>
      <trkpt lat="46.192577" lon="23.349088">
        <ele>1258.668</ele>
        <time>2017-04-02T13:23:47Z</time>
      </trkpt>
      <trkpt lat="46.192594" lon="23.349245">
        <ele>1257.431</ele>
        <time>2017-04-02T13:23:51Z</time>
      </trkpt>
      <trkpt lat="46.192609" lon="23.349401">
        <ele>1256.210</ele>
        <time>2017-04-02T13:23:55Z</time>
      </trkpt>
      <trkpt lat="46.192629" lon="23.349517">
        <ele>1255.669</ele>
        <time>2017-04-02T13:23:58Z</time>
      </trkpt>
      <trkpt lat="46.192643" lon="23.349638">
        <ele>1255.039</ele>
        <time>2017-04-02T13:24:01Z</time>
      </trkpt>
      <trkpt lat="46.192672" lon="23.349754">
        <ele>1254.235</ele>
        <time>2017-04-02T13:24:05Z</time>
      </trkpt>
      <trkpt lat="46.192729" lon="23.349873">
        <ele>1253.286</ele>
        <time>2017-04-02T13:24:09Z</time>
      </trkpt>
      <trkpt lat="46.192800" lon="23.349989">
        <ele>1252.214</ele>
        <time>2017-04-02T13:24:13Z</time>
      </trkpt>
      <trkpt lat="46.192861" lon="23.350111">
        <ele>1251.608</ele>
        <time>2017-04-02T13:24:17Z</time>
      </trkpt>
      <trkpt lat="46.192938" lon="23.350199">
        <ele>1250.974</ele>
        <time>2017-04-02T13:24:21Z</time>
      </trkpt>
      <trkpt lat="46.193017" lon="23.350286">
        <ele>1250.040</ele>
        <time>2017-04-02T13:24:25Z</time>
      </trkpt>
      <trkpt lat="46.193100" lon="23.350357">
        <ele>1249.663</ele>
        <time>2017-04-02T13:24:29Z</time>
      </trkpt>
      <trkpt lat="46.193153" lon="23.350455">
        <ele>1248.982</ele>
        <time>2017-04-02T13:24:32Z</time>
      </trkpt>
      <trkpt lat="46.193245" lon="23.350537">
        <ele>1247.485</ele>
        <time>2017-04-02T13:24:36Z</time>
      </trkpt>
      <trkpt lat="46.193333" lon="23.350589">
        <ele>1245.944</ele>
        <time>2017-04-02T13:24:40Z</time>
      </trkpt>
      <trkpt lat="46.193424" lon="23.350653">
        <ele>1244.283</ele>
        <time>2017-04-02T13:24:44Z</time>
      </trkpt>
      <trkpt lat="46.193513" lon="23.350708">
        <ele>1242.533</ele>
        <time>2017-04-02T13:24:48Z</time>
      </trkpt>
      <trkpt lat="46.193586" lon="23.350771">
        <ele>1240.926</ele>
        <time>2017-04-02T13:24:51Z</time>
      </trkpt>
      <trkpt lat="46.193668" lon="23.350818">
        <ele>1239.947</ele>
        <time>2017-04-02T13:24:54Z</time>
      </trkpt>
      <trkpt lat="46.193770" lon="23.350841">
        <ele>1239.411</ele>
        <time>2017-04-02T13:24:58Z</time>
      </trkpt>
      <trkpt lat="46.193872" lon="23.350866">
        <ele>1238.708</ele>
        <time>2017-04-02T13:25:02Z</time>
      </trkpt>
      <trkpt lat="46.193943" lon="23.350924">
        <ele>1237.983</ele>
        <time>2017-04-02T13:25:05Z</time>
      </trkpt>
      <trkpt lat="46.194028" lon="23.351002">
        <ele>1236.649</ele>
        <time>2017-04-02T13:25:09Z</time>
      </trkpt>
      <trkpt lat="46.194120" lon="23.351063">
        <ele>1235.122</ele>
        <time>2017-04-02T13:25:13Z</time>
      </trkpt>
      <trkpt lat="46.194199" lon="23.351122">
        <ele>1233.721</ele>
        <time>2017-04-02T13:25:17Z</time>
      </trkpt>
      <trkpt lat="46.194288" lon="23.351178">
        <ele>1232.874</ele>
        <time>2017-04-02T13:25:21Z</time>
      </trkpt>
      <trkpt lat="46.194389" lon="23.351218">
        <ele>1231.953</ele>
        <time>2017-04-02T13:25:25Z</time>
      </trkpt>
      <trkpt lat="46.194481" lon="23.351279">
        <ele>1231.692</ele>
        <time>2017-04-02T13:25:29Z</time>
      </trkpt>
      <trkpt lat="46.194558" lon="23.351340">
        <ele>1231.712</ele>
        <time>2017-04-02T13:25:33Z</time>
      </trkpt>
      <trkpt lat="46.194643" lon="23.351391">
        <ele>1231.719</ele>
        <time>2017-04-02T13:25:37Z</time>
      </trkpt>
      <trkpt lat="46.194741" lon="23.351419">
        <ele>1232.309</ele>
        <time>2017-04-02T13:25:41Z</time>
      </trkpt>
      <trkpt lat="46.194817" lon="23.351468">
        <ele>1233.619</ele>
        <time>2017-04-02T13:25:45Z</time>
      </trkpt>
      <trkpt lat="46.194901" lon="23.351503">
        <ele>1234.908</ele>
        <time>2017-04-02T13:25:49Z</time>
      </trkpt>
      <trkpt lat="46.194986" lon="23.351543">
        <ele>1236.112</ele>
        <time>2017-04-02T13:25:53Z</time>
      </trkpt>
      <trkpt lat="46.195044" lon="23.351628">
        <ele>1236.388</ele>
        <time>2017-04-02T13:25:57Z</time>
      </trkpt>
      <trkpt lat="46.195129" lon="23.351635">
        <ele>1237.811</ele>
        <time>2017-04-02T13:26:17Z</time>
      </trkpt>
      <trkpt lat="46.195185" lon="23.351542">
        <ele>1240.330</ele>
        <time>2017-04-02T13:26:23Z</time>
      </trkpt>
      <trkpt lat="46.195233" lon="23.351435">
        <ele>1243.143</ele>
        <time>2017-04-02T13:27:00Z</time>
      </trkpt>
      <trkpt lat="46.195288" lon="23.351339">
        <ele>1246.192</ele>
        <time>2017-04-02T13:27:12Z</time>
      </trkpt>
      <trkpt lat="46.195351" lon="23.351257">
        <ele>1248.861</ele>
        <time>2017-04-02T13:27:33Z</time>
      </trkpt>
      <trkpt lat="46.195423" lon="23.351199">
        <ele>1251.241</ele>
        <time>2017-04-02T13:27:46Z</time>
      </trkpt>
      <trkpt lat="46.195502" lon="23.351138">
        <ele>1253.628</ele>
        <time>2017-04-02T13:27:58Z</time>
      </trkpt>
      <trkpt lat="46.195552" lon="23.351035">
        <ele>1256.689</ele>
        <time>2017-04-02T13:28:34Z</time>
      </trkpt>
      <trkpt lat="46.195635" lon="23.351007">
        <ele>1258.217</ele>
        <time>2017-04-02T13:28:49Z</time>
      </trkpt>
      <trkpt lat="46.195684" lon="23.350899">
        <ele>1260.708</ele>
        <time>2017-04-02T13:29:17Z</time>
      </trkpt>
      <trkpt lat="46.195719" lon="23.350778">
        <ele>1263.143</ele>
        <time>2017-04-02T13:29:31Z</time>
      </trkpt>
      <trkpt lat="46.195763" lon="23.350659">
        <ele>1265.299</ele>
        <time>2017-04-02T13:29:38Z</time>
      </trkpt>
      <trkpt lat="46.195811" lon="23.350562">
        <ele>1266.812</ele>
        <time>2017-04-02T13:29:52Z</time>
      </trkpt>
      <trkpt lat="46.195801" lon="23.350438">
        <ele>1268.571</ele>
        <time>2017-04-02T13:30:02Z</time>
      </trkpt>
      <trkpt lat="46.195795" lon="23.350317">
        <ele>1270.244</ele>
        <time>2017-04-02T13:30:23Z</time>
      </trkpt>
      <trkpt lat="46.195813" lon="23.350203">
        <ele>1271.163</ele>
        <time>2017-04-02T13:30:34Z</time>
      </trkpt>
      <trkpt lat="46.195787" lon="23.350083">
        <ele>1271.522</ele>
        <time>2017-04-02T13:30:46Z</time>
      </trkpt>
      <trkpt lat="46.195765" lon="23.349969">
        <ele>1271.632</ele>
        <time>2017-04-02T13:31:04Z</time>
      </trkpt>
      <trkpt lat="46.195750" lon="23.349851">
        <ele>1270.999</ele>
        <time>2017-04-02T13:31:15Z</time>
      </trkpt>
      <trkpt lat="46.195773" lon="23.349738">
        <ele>1270.307</ele>
        <time>2017-04-02T13:31:24Z</time>
      </trkpt>
      <trkpt lat="46.195747" lon="23.349622">
        <ele>1268.727</ele>
        <time>2017-04-02T13:32:52Z</time>
      </trkpt>
      <trkpt lat="46.195743" lon="23.349495">
        <ele>1266.808</ele>
        <time>2017-04-02T13:33:11Z</time>
      </trkpt>
      <trkpt lat="46.195717" lon="23.349372">
        <ele>1265.790</ele>
        <time>2017-04-02T13:33:19Z</time>
      </trkpt>
      <trkpt lat="46.195696" lon="23.349249">
        <ele>1265.196</ele>
        <time>2017-04-02T13:33:28Z</time>
      </trkpt>
      <trkpt lat="46.195693" lon="23.349120">
        <ele>1264.559</ele>
        <time>2017-04-02T13:33:36Z</time>
      </trkpt>
      <trkpt lat="46.195676" lon="23.348990">
        <ele>1264.748</ele>
        <time>2017-04-02T13:33:44Z</time>
      </trkpt>
      <trkpt lat="46.195675" lon="23.348861">
        <ele>1264.841</ele>
        <time>2017-04-02T13:33:51Z</time>
      </trkpt>
      <trkpt lat="46.195666" lon="23.348737">
        <ele>1265.270</ele>
        <time>2017-04-02T13:33:59Z</time>
      </trkpt>
      <trkpt lat="46.195671" lon="23.348614">
        <ele>1265.579</ele>
        <time>2017-04-02T13:34:06Z</time>
      </trkpt>
      <trkpt lat="46.195652" lon="23.348499">
        <ele>1266.259</ele>
        <time>2017-04-02T13:34:30Z</time>
      </trkpt>
      <trkpt lat="46.195654" lon="23.348624">
        <ele>1265.814</ele>
        <time>2017-04-02T13:36:11Z</time>
      </trkpt>
      <trkpt lat="46.195655" lon="23.348758">
        <ele>1265.454</ele>
        <time>2017-04-02T13:36:21Z</time>
      </trkpt>
      <trkpt lat="46.195655" lon="23.348878">
        <ele>1265.009</ele>
        <time>2017-04-02T13:36:28Z</time>
      </trkpt>
      <trkpt lat="46.195649" lon="23.349011">
        <ele>1265.008</ele>
        <time>2017-04-02T13:36:35Z</time>
      </trkpt>
      <trkpt lat="46.195671" lon="23.349129">
        <ele>1264.832</ele>
        <time>2017-04-02T13:36:44Z</time>
      </trkpt>
      <trkpt lat="46.195660" lon="23.349257">
        <ele>1265.538</ele>
        <time>2017-04-02T13:36:53Z</time>
      </trkpt>
      <trkpt lat="46.195677" lon="23.349385">
        <ele>1266.371</ele>
        <time>2017-04-02T13:37:02Z</time>
      </trkpt>
      <trkpt lat="46.195712" lon="23.349506">
        <ele>1267.280</ele>
        <time>2017-04-02T13:37:09Z</time>
      </trkpt>
      <trkpt lat="46.195726" lon="23.349621">
        <ele>1268.823</ele>
        <time>2017-04-02T13:37:16Z</time>
      </trkpt>
      <trkpt lat="46.195723" lon="23.349748">
        <ele>1270.522</ele>
        <time>2017-04-02T13:37:23Z</time>
      </trkpt>
      <trkpt lat="46.195692" lon="23.349868">
        <ele>1271.071</ele>
        <time>2017-04-02T13:37:30Z</time>
      </trkpt>
      <trkpt lat="46.195702" lon="23.349751">
        <ele>1270.611</ele>
        <time>2017-04-02T13:38:29Z</time>
      </trkpt>
      <trkpt lat="46.195698" lon="23.349623">
        <ele>1269.015</ele>
        <time>2017-04-02T13:38:36Z</time>
      </trkpt>
      <trkpt lat="46.195686" lon="23.349498">
        <ele>1267.465</ele>
        <time>2017-04-02T13:38:45Z</time>
      </trkpt>
      <trkpt lat="46.195677" lon="23.349372">
        <ele>1266.211</ele>
        <time>2017-04-02T13:38:53Z</time>
      </trkpt>
      <trkpt lat="46.195665" lon="23.349243">
        <ele>1265.408</ele>
        <time>2017-04-02T13:39:02Z</time>
      </trkpt>
      <trkpt lat="46.195636" lon="23.349125">
        <ele>1265.182</ele>
        <time>2017-04-02T13:39:14Z</time>
      </trkpt>
      <trkpt lat="46.195615" lon="23.348999">
        <ele>1265.478</ele>
        <time>2017-04-02T13:39:23Z</time>
      </trkpt>
      <trkpt lat="46.195608" lon="23.348878">
        <ele>1265.571</ele>
        <time>2017-04-02T13:39:32Z</time>
      </trkpt>
      <trkpt lat="46.195613" lon="23.348760">
        <ele>1266.040</ele>
        <time>2017-04-02T13:39:39Z</time>
      </trkpt>
      <trkpt lat="46.195615" lon="23.348637">
        <ele>1266.613</ele>
        <time>2017-04-02T13:39:50Z</time>
      </trkpt>
      <trkpt lat="46.195614" lon="23.348520">
        <ele>1267.022</ele>
        <time>2017-04-02T13:40:04Z</time>
      </trkpt>
      <trkpt lat="46.195572" lon="23.348416">
        <ele>1268.361</ele>
        <time>2017-04-02T13:41:57Z</time>
      </trkpt>
      <trkpt lat="46.195569" lon="23.348284">
        <ele>1268.741</ele>
        <time>2017-04-02T13:42:05Z</time>
      </trkpt>
      <trkpt lat="46.195569" lon="23.348162">
        <ele>1268.788</ele>
        <time>2017-04-02T13:42:14Z</time>
      </trkpt>
      <trkpt lat="46.195591" lon="23.348046">
        <ele>1268.324</ele>
        <time>2017-04-02T13:42:25Z</time>
      </trkpt>
      <trkpt lat="46.195587" lon="23.347917">
        <ele>1267.126</ele>
        <time>2017-04-02T13:42:36Z</time>
      </trkpt>
      <trkpt lat="46.195600" lon="23.347788">
        <ele>1265.608</ele>
        <time>2017-04-02T13:42:44Z</time>
      </trkpt>
      <trkpt lat="46.195608" lon="23.347664">
        <ele>1263.239</ele>
        <time>2017-04-02T13:42:54Z</time>
      </trkpt>
      <trkpt lat="46.195613" lon="23.347544">
        <ele>1260.995</ele>
        <time>2017-04-02T13:43:02Z</time>
      </trkpt>
      <trkpt lat="46.195622" lon="23.347425">
        <ele>1259.668</ele>
        <time>2017-04-02T13:43:10Z</time>
      </trkpt>
      <trkpt lat="46.195601" lon="23.347311">
        <ele>1258.927</ele>
        <time>2017-04-02T13:43:56Z</time>
      </trkpt>
      <trkpt lat="46.195600" lon="23.347188">
        <ele>1258.290</ele>
        <time>2017-04-02T13:44:03Z</time>
      </trkpt>
      <trkpt lat="46.195609" lon="23.347065">
        <ele>1257.929</ele>
        <time>2017-04-02T13:44:11Z</time>
      </trkpt>
      <trkpt lat="46.195609" lon="23.346936">
        <ele>1257.518</ele>
        <time>2017-04-02T13:44:19Z</time>
      </trkpt>
      <trkpt lat="46.195612" lon="23.346809">
        <ele>1257.048</ele>
        <time>2017-04-02T13:44:26Z</time>
      </trkpt>
      <trkpt lat="46.195655" lon="23.346708">
        <ele>1256.933</ele>
        <time>2017-04-02T13:44:33Z</time>
      </trkpt>
      <trkpt lat="46.195670" lon="23.346581">
        <ele>1256.023</ele>
        <time>2017-04-02T13:44:41Z</time>
      </trkpt>
      <trkpt lat="46.195675" lon="23.346445">
        <ele>1254.615</ele>
        <time>2017-04-02T13:44:48Z</time>
      </trkpt>
      <trkpt lat="46.195724" lon="23.346344">
        <ele>1253.708</ele>
        <time>2017-04-02T13:44:59Z</time>
      </trkpt>
      <trkpt lat="46.195741" lon="23.346222">
        <ele>1252.854</ele>
        <time>2017-04-02T13:45:07Z</time>
      </trkpt>
      <trkpt lat="46.195749" lon="23.346091">
        <ele>1251.710</ele>
        <time>2017-04-02T13:45:15Z</time>
      </trkpt>
      <trkpt lat="46.195807" lon="23.346005">
        <ele>1250.573</ele>
        <time>2017-04-02T13:45:30Z</time>
      </trkpt>
      <trkpt lat="46.195833" lon="23.345892">
        <ele>1248.832</ele>
        <time>2017-04-02T13:45:37Z</time>
      </trkpt>
      <trkpt lat="46.195884" lon="23.345788">
        <ele>1247.715</ele>
        <time>2017-04-02T13:45:43Z</time>
      </trkpt>
      <trkpt lat="46.195923" lon="23.345668">
        <ele>1246.594</ele>
        <time>2017-04-02T13:45:51Z</time>
      </trkpt>
      <trkpt lat="46.195969" lon="23.345558">
        <ele>1245.583</ele>
        <time>2017-04-02T13:45:58Z</time>
      </trkpt>
      <trkpt lat="46.196012" lon="23.345440">
        <ele>1244.893</ele>
        <time>2017-04-02T13:46:06Z</time>
      </trkpt>
      <trkpt lat="46.196066" lon="23.345343">
        <ele>1244.337</ele>
        <time>2017-04-02T13:46:13Z</time>
      </trkpt>
      <trkpt lat="46.196081" lon="23.345226">
        <ele>1243.549</ele>
        <time>2017-04-02T13:46:20Z</time>
      </trkpt>
      <trkpt lat="46.196131" lon="23.345130">
        <ele>1243.113</ele>
        <time>2017-04-02T13:46:28Z</time>
      </trkpt>
      <trkpt lat="46.196198" lon="23.345062">
        <ele>1243.208</ele>
        <time>2017-04-02T13:46:39Z</time>
      </trkpt>
      <trkpt lat="46.196272" lon="23.344992">
        <ele>1243.724</ele>
        <time>2017-04-02T13:46:59Z</time>
      </trkpt>
      <trkpt lat="46.196335" lon="23.344901">
        <ele>1243.750</ele>
        <time>2017-04-02T13:47:26Z</time>
      </trkpt>
      <trkpt lat="46.196394" lon="23.344815">
        <ele>1243.813</ele>
        <time>2017-04-02T13:47:34Z</time>
      </trkpt>
      <trkpt lat="46.196431" lon="23.344707">
        <ele>1243.852</ele>
        <time>2017-04-02T13:47:41Z</time>
      </trkpt>
      <trkpt lat="46.196438" lon="23.344580">
        <ele>1244.515</ele>
        <time>2017-04-02T13:47:49Z</time>
      </trkpt>
      <trkpt lat="46.196450" lon="23.344451">
        <ele>1245.354</ele>
        <time>2017-04-02T13:47:56Z</time>
      </trkpt>
      <trkpt lat="46.196409" lon="23.344343">
        <ele>1245.293</ele>
        <time>2017-04-02T13:48:04Z</time>
      </trkpt>
      <trkpt lat="46.196353" lon="23.344255">
        <ele>1244.433</ele>
        <time>2017-04-02T13:48:12Z</time>
      </trkpt>
      <trkpt lat="46.196303" lon="23.344161">
        <ele>1243.668</ele>
        <time>2017-04-02T13:48:22Z</time>
      </trkpt>
      <trkpt lat="46.196249" lon="23.344071">
        <ele>1242.542</ele>
        <time>2017-04-02T13:48:29Z</time>
      </trkpt>
      <trkpt lat="46.196194" lon="23.343958">
        <ele>1241.726</ele>
        <time>2017-04-02T13:48:42Z</time>
      </trkpt>
      <trkpt lat="46.196141" lon="23.343850">
        <ele>1241.008</ele>
        <time>2017-04-02T13:48:49Z</time>
      </trkpt>
      <trkpt lat="46.196097" lon="23.343733">
        <ele>1241.097</ele>
        <time>2017-04-02T13:48:56Z</time>
      </trkpt>
      <trkpt lat="46.196071" lon="23.343620">
        <ele>1241.713</ele>
        <time>2017-04-02T13:49:03Z</time>
      </trkpt>
      <trkpt lat="46.196044" lon="23.343493">
        <ele>1241.446</ele>
        <time>2017-04-02T13:49:11Z</time>
      </trkpt>
      <trkpt lat="46.196016" lon="23.343369">
        <ele>1241.075</ele>
        <time>2017-04-02T13:49:19Z</time>
      </trkpt>
      <trkpt lat="46.195992" lon="23.343247">
        <ele>1240.648</ele>
        <time>2017-04-02T13:49:26Z</time>
      </trkpt>
      <trkpt lat="46.195969" lon="23.343124">
        <ele>1240.177</ele>
        <time>2017-04-02T13:49:34Z</time>
      </trkpt>
      <trkpt lat="46.195959" lon="23.342994">
        <ele>1239.816</ele>
        <time>2017-04-02T13:49:41Z</time>
      </trkpt>
      <trkpt lat="46.195916" lon="23.342889">
        <ele>1239.226</ele>
        <time>2017-04-02T13:49:47Z</time>
      </trkpt>
      <trkpt lat="46.195895" lon="23.342771">
        <ele>1238.952</ele>
        <time>2017-04-02T13:49:53Z</time>
      </trkpt>
      <trkpt lat="46.195859" lon="23.342661">
        <ele>1238.453</ele>
        <time>2017-04-02T13:49:59Z</time>
      </trkpt>
      <trkpt lat="46.195793" lon="23.342591">
        <ele>1237.808</ele>
        <time>2017-04-02T13:50:04Z</time>
      </trkpt>
      <trkpt lat="46.195749" lon="23.342474">
        <ele>1237.708</ele>
        <time>2017-04-02T13:50:10Z</time>
      </trkpt>
      <trkpt lat="46.195675" lon="23.342417">
        <ele>1237.326</ele>
        <time>2017-04-02T13:50:16Z</time>
      </trkpt>
      <trkpt lat="46.195614" lon="23.342329">
        <ele>1236.732</ele>
        <time>2017-04-02T13:50:22Z</time>
      </trkpt>
      <trkpt lat="46.195575" lon="23.342224">
        <ele>1236.135</ele>
        <time>2017-04-02T13:50:28Z</time>
      </trkpt>
      <trkpt lat="46.195530" lon="23.342120">
        <ele>1235.344</ele>
        <time>2017-04-02T13:50:34Z</time>
      </trkpt>
      <trkpt lat="46.195457" lon="23.342033">
        <ele>1233.997</ele>
        <time>2017-04-02T13:50:42Z</time>
      </trkpt>
      <trkpt lat="46.195404" lon="23.341939">
        <ele>1232.856</ele>
        <time>2017-04-02T13:50:49Z</time>
      </trkpt>
      <trkpt lat="46.195344" lon="23.341842">
        <ele>1231.965</ele>
        <time>2017-04-02T13:50:56Z</time>
      </trkpt>
      <trkpt lat="46.195300" lon="23.341741">
        <ele>1231.375</ele>
        <time>2017-04-02T13:51:02Z</time>
      </trkpt>
      <trkpt lat="46.195222" lon="23.341674">
        <ele>1230.456</ele>
        <time>2017-04-02T13:51:08Z</time>
      </trkpt>
      <trkpt lat="46.195195" lon="23.341563">
        <ele>1230.259</ele>
        <time>2017-04-02T13:51:15Z</time>
      </trkpt>
      <trkpt lat="46.195119" lon="23.341493">
        <ele>1229.614</ele>
        <time>2017-04-02T13:51:21Z</time>
      </trkpt>
      <trkpt lat="46.195067" lon="23.341402">
        <ele>1229.408</ele>
        <time>2017-04-02T13:51:29Z</time>
      </trkpt>
      <trkpt lat="46.195056" lon="23.341285">
        <ele>1230.046</ele>
        <time>2017-04-02T13:51:36Z</time>
      </trkpt>
      <trkpt lat="46.195024" lon="23.341173">
        <ele>1230.682</ele>
        <time>2017-04-02T13:51:42Z</time>
      </trkpt>
      <trkpt lat="46.194968" lon="23.341070">
        <ele>1231.575</ele>
        <time>2017-04-02T13:51:50Z</time>
      </trkpt>
      <trkpt lat="46.195019" lon="23.340970">
        <ele>1233.074</ele>
        <time>2017-04-02T13:53:37Z</time>
      </trkpt>
      <trkpt lat="46.194948" lon="23.341028">
        <ele>1232.267</ele>
        <time>2017-04-02T13:54:12Z</time>
      </trkpt>
      <trkpt lat="46.195032" lon="23.340990">
        <ele>1232.636</ele>
        <time>2017-04-02T13:55:11Z</time>
      </trkpt>
      <trkpt lat="46.195089" lon="23.340901">
        <ele>1233.545</ele>
        <time>2017-04-02T13:55:20Z</time>
      </trkpt>
      <trkpt lat="46.195159" lon="23.340831">
        <ele>1233.965</ele>
        <time>2017-04-02T13:55:33Z</time>
      </trkpt>
      <trkpt lat="46.195238" lon="23.340774">
        <ele>1234.517</ele>
        <time>2017-04-02T13:55:44Z</time>
      </trkpt>
      <trkpt lat="46.195311" lon="23.340706">
        <ele>1234.987</ele>
        <time>2017-04-02T13:55:52Z</time>
      </trkpt>
      <trkpt lat="46.195387" lon="23.340638">
        <ele>1234.915</ele>
        <time>2017-04-02T13:56:00Z</time>
      </trkpt>
      <trkpt lat="46.195465" lon="23.340590">
        <ele>1234.308</ele>
        <time>2017-04-02T13:56:09Z</time>
      </trkpt>
      <trkpt lat="46.195525" lon="23.340501">
        <ele>1234.692</ele>
        <time>2017-04-02T13:56:18Z</time>
      </trkpt>
      <trkpt lat="46.195581" lon="23.340414">
        <ele>1234.948</ele>
        <time>2017-04-02T13:56:25Z</time>
      </trkpt>
      <trkpt lat="46.195657" lon="23.340324">
        <ele>1234.231</ele>
        <time>2017-04-02T13:56:33Z</time>
      </trkpt>
      <trkpt lat="46.195733" lon="23.340272">
        <ele>1232.370</ele>
        <time>2017-04-02T13:56:40Z</time>
      </trkpt>
      <trkpt lat="46.195818" lon="23.340240">
        <ele>1229.923</ele>
        <time>2017-04-02T13:56:48Z</time>
      </trkpt>
      <trkpt lat="46.195893" lon="23.340195">
        <ele>1229.432</ele>
        <time>2017-04-02T13:56:55Z</time>
      </trkpt>
      <trkpt lat="46.195956" lon="23.340121">
        <ele>1229.071</ele>
        <time>2017-04-02T13:57:02Z</time>
      </trkpt>
      <trkpt lat="46.196027" lon="23.340062">
        <ele>1227.921</ele>
        <time>2017-04-02T13:57:09Z</time>
      </trkpt>
      <trkpt lat="46.196035" lon="23.339940">
        <ele>1228.081</ele>
        <time>2017-04-02T13:57:18Z</time>
      </trkpt>
      <trkpt lat="46.196075" lon="23.339831">
        <ele>1227.561</ele>
        <time>2017-04-02T13:57:26Z</time>
      </trkpt>
      <trkpt lat="46.196116" lon="23.339719">
        <ele>1227.017</ele>
        <time>2017-04-02T13:57:34Z</time>
      </trkpt>
      <trkpt lat="46.196166" lon="23.339612">
        <ele>1227.408</ele>
        <time>2017-04-02T13:57:43Z</time>
      </trkpt>
      <trkpt lat="46.196222" lon="23.339522">
        <ele>1227.529</ele>
        <time>2017-04-02T13:57:51Z</time>
      </trkpt>
      <trkpt lat="46.196290" lon="23.339442">
        <ele>1227.485</ele>
        <time>2017-04-02T13:58:00Z</time>
      </trkpt>
      <trkpt lat="46.196343" lon="23.339347">
        <ele>1226.958</ele>
        <time>2017-04-02T13:58:08Z</time>
      </trkpt>
      <trkpt lat="46.196403" lon="23.339267">
        <ele>1226.447</ele>
        <time>2017-04-02T13:58:15Z</time>
      </trkpt>
      <trkpt lat="46.196476" lon="23.339206">
        <ele>1226.560</ele>
        <time>2017-04-02T13:58:22Z</time>
      </trkpt>
      <trkpt lat="46.196552" lon="23.339130">
        <ele>1226.389</ele>
        <time>2017-04-02T13:58:30Z</time>
      </trkpt>
      <trkpt lat="46.196628" lon="23.339082">
        <ele>1226.048</ele>
        <time>2017-04-02T13:58:37Z</time>
      </trkpt>
      <trkpt lat="46.196707" lon="23.339014">
        <ele>1225.588</ele>
        <time>2017-04-02T13:58:45Z</time>
      </trkpt>
      <trkpt lat="46.196741" lon="23.338906">
        <ele>1224.212</ele>
        <time>2017-04-02T13:58:52Z</time>
      </trkpt>
      <trkpt lat="46.196824" lon="23.338876">
        <ele>1223.832</ele>
        <time>2017-04-02T13:59:03Z</time>
      </trkpt>
      <trkpt lat="46.196888" lon="23.338801">
        <ele>1222.705</ele>
        <time>2017-04-02T13:59:11Z</time>
      </trkpt>
      <trkpt lat="46.196958" lon="23.338716">
        <ele>1221.608</ele>
        <time>2017-04-02T13:59:19Z</time>
      </trkpt>
      <trkpt lat="46.197023" lon="23.338630">
        <ele>1220.872</ele>
        <time>2017-04-02T13:59:27Z</time>
      </trkpt>
      <trkpt lat="46.197112" lon="23.338572">
        <ele>1221.118</ele>
        <time>2017-04-02T13:59:36Z</time>
      </trkpt>
      <trkpt lat="46.197170" lon="23.338484">
        <ele>1221.291</ele>
        <time>2017-04-02T13:59:43Z</time>
      </trkpt>
      <trkpt lat="46.197227" lon="23.338394">
        <ele>1221.270</ele>
        <time>2017-04-02T13:59:51Z</time>
      </trkpt>
      <trkpt lat="46.197279" lon="23.338299">
        <ele>1221.023</ele>
        <time>2017-04-02T13:59:58Z</time>
      </trkpt>
      <trkpt lat="46.197345" lon="23.338212">
        <ele>1220.632</ele>
        <time>2017-04-02T14:00:05Z</time>
      </trkpt>
      <trkpt lat="46.197394" lon="23.338108">
        <ele>1220.041</ele>
        <time>2017-04-02T14:00:11Z</time>
      </trkpt>
      <trkpt lat="46.197454" lon="23.338007">
        <ele>1219.451</ele>
        <time>2017-04-02T14:00:19Z</time>
      </trkpt>
      <trkpt lat="46.197512" lon="23.337908">
        <ele>1218.431</ele>
        <time>2017-04-02T14:00:31Z</time>
      </trkpt>
      <trkpt lat="46.197576" lon="23.337812">
        <ele>1217.161</ele>
        <time>2017-04-02T14:00:38Z</time>
      </trkpt>
      <trkpt lat="46.197638" lon="23.337723">
        <ele>1216.107</ele>
        <time>2017-04-02T14:00:45Z</time>
      </trkpt>
      <trkpt lat="46.197701" lon="23.337648">
        <ele>1215.308</ele>
        <time>2017-04-02T14:00:51Z</time>
      </trkpt>
      <trkpt lat="46.197762" lon="23.337562">
        <ele>1214.574</ele>
        <time>2017-04-02T14:00:57Z</time>
      </trkpt>
      <trkpt lat="46.197822" lon="23.337470">
        <ele>1214.280</ele>
        <time>2017-04-02T14:01:04Z</time>
      </trkpt>
      <trkpt lat="46.197891" lon="23.337389">
        <ele>1214.363</ele>
        <time>2017-04-02T14:01:11Z</time>
      </trkpt>
      <trkpt lat="46.197953" lon="23.337296">
        <ele>1214.142</ele>
        <time>2017-04-02T14:01:45Z</time>
      </trkpt>
      <trkpt lat="46.197997" lon="23.337187">
        <ele>1213.665</ele>
        <time>2017-04-02T14:01:58Z</time>
      </trkpt>
      <trkpt lat="46.198050" lon="23.337093">
        <ele>1213.584</ele>
        <time>2017-04-02T14:02:05Z</time>
      </trkpt>
      <trkpt lat="46.198112" lon="23.337014">
        <ele>1213.693</ele>
        <time>2017-04-02T14:02:13Z</time>
      </trkpt>
      <trkpt lat="46.198187" lon="23.336959">
        <ele>1214.043</ele>
        <time>2017-04-02T14:02:20Z</time>
      </trkpt>
      <trkpt lat="46.198273" lon="23.336940">
        <ele>1214.651</ele>
        <time>2017-04-02T14:02:29Z</time>
      </trkpt>
      <trkpt lat="46.198357" lon="23.336942">
        <ele>1215.101</ele>
        <time>2017-04-02T14:02:36Z</time>
      </trkpt>
      <trkpt lat="46.198439" lon="23.336961">
        <ele>1215.411</ele>
        <time>2017-04-02T14:02:44Z</time>
      </trkpt>
      <trkpt lat="46.198519" lon="23.336982">
        <ele>1215.708</ele>
        <time>2017-04-02T14:02:52Z</time>
      </trkpt>
      <trkpt lat="46.198608" lon="23.336990">
        <ele>1216.046</ele>
        <time>2017-04-02T14:02:59Z</time>
      </trkpt>
      <trkpt lat="46.198692" lon="23.336957">
        <ele>1216.092</ele>
        <time>2017-04-02T14:03:08Z</time>
      </trkpt>
      <trkpt lat="46.198781" lon="23.336949">
        <ele>1216.065</ele>
        <time>2017-04-02T14:03:15Z</time>
      </trkpt>
      <trkpt lat="46.198867" lon="23.336945">
        <ele>1216.094</ele>
        <time>2017-04-02T14:03:22Z</time>
      </trkpt>
      <trkpt lat="46.198953" lon="23.336955">
        <ele>1216.987</ele>
        <time>2017-04-02T14:03:29Z</time>
      </trkpt>
      <trkpt lat="46.199045" lon="23.336939">
        <ele>1218.396</ele>
        <time>2017-04-02T14:03:37Z</time>
      </trkpt>
      <trkpt lat="46.199132" lon="23.336913">
        <ele>1219.545</ele>
        <time>2017-04-02T14:03:48Z</time>
      </trkpt>
      <trkpt lat="46.199218" lon="23.336921">
        <ele>1221.315</ele>
        <time>2017-04-02T14:03:59Z</time>
      </trkpt>
      <trkpt lat="46.199300" lon="23.336895">
        <ele>1223.456</ele>
        <time>2017-04-02T14:04:20Z</time>
      </trkpt>
      <trkpt lat="46.199382" lon="23.336914">
        <ele>1225.459</ele>
        <time>2017-04-02T14:04:31Z</time>
      </trkpt>
      <trkpt lat="46.199454" lon="23.336839">
        <ele>1227.114</ele>
        <time>2017-04-02T14:04:44Z</time>
      </trkpt>
      <trkpt lat="46.199511" lon="23.336753">
        <ele>1227.808</ele>
        <time>2017-04-02T14:04:56Z</time>
      </trkpt>
      <trkpt lat="46.199591" lon="23.336712">
        <ele>1228.726</ele>
        <time>2017-04-02T14:05:29Z</time>
      </trkpt>
      <trkpt lat="46.199676" lon="23.336693">
        <ele>1229.612</ele>
        <time>2017-04-02T14:05:40Z</time>
      </trkpt>
      <trkpt lat="46.199687" lon="23.336575">
        <ele>1229.975</ele>
        <time>2017-04-02T14:05:58Z</time>
      </trkpt>
      <trkpt lat="46.199681" lon="23.336456">
        <ele>1230.274</ele>
        <time>2017-04-02T14:06:06Z</time>
      </trkpt>
      <trkpt lat="46.199696" lon="23.336340">
        <ele>1231.157</ele>
        <time>2017-04-02T14:06:14Z</time>
      </trkpt>
      <trkpt lat="46.199684" lon="23.336222">
        <ele>1232.196</ele>
        <time>2017-04-02T14:06:22Z</time>
      </trkpt>
      <trkpt lat="46.199749" lon="23.336142">
        <ele>1233.975</ele>
        <time>2017-04-02T14:06:42Z</time>
      </trkpt>
      <trkpt lat="46.199820" lon="23.336232">
        <ele>1233.675</ele>
        <time>2017-04-02T14:06:50Z</time>
      </trkpt>
      <trkpt lat="46.199897" lon="23.336272">
        <ele>1233.951</ele>
        <time>2017-04-02T14:07:05Z</time>
      </trkpt>
      <trkpt lat="46.199980" lon="23.336305">
        <ele>1234.401</ele>
        <time>2017-04-02T14:07:13Z</time>
      </trkpt>
      <trkpt lat="46.200068" lon="23.336272">
        <ele>1235.111</ele>
        <time>2017-04-02T14:07:21Z</time>
      </trkpt>
      <trkpt lat="46.200160" lon="23.336238">
        <ele>1235.708</ele>
        <time>2017-04-02T14:07:29Z</time>
      </trkpt>
      <trkpt lat="46.200246" lon="23.336263">
        <ele>1235.836</ele>
        <time>2017-04-02T14:07:37Z</time>
      </trkpt>
      <trkpt lat="46.200334" lon="23.336247">
        <ele>1235.052</ele>
        <time>2017-04-02T14:07:45Z</time>
      </trkpt>
      <trkpt lat="46.200429" lon="23.336261">
        <ele>1233.265</ele>
        <time>2017-04-02T14:07:53Z</time>
      </trkpt>
      <trkpt lat="46.200505" lon="23.336308">
        <ele>1231.834</ele>
        <time>2017-04-02T14:08:01Z</time>
      </trkpt>
      <trkpt lat="46.200570" lon="23.336379">
        <ele>1230.487</ele>
        <time>2017-04-02T14:09:22Z</time>
      </trkpt>
      <trkpt lat="46.200626" lon="23.336465">
        <ele>1229.146</ele>
        <time>2017-04-02T14:09:32Z</time>
      </trkpt>
      <trkpt lat="46.200681" lon="23.336565">
        <ele>1228.245</ele>
        <time>2017-04-02T14:09:40Z</time>
      </trkpt>
      <trkpt lat="46.200767" lon="23.336598">
        <ele>1225.575</ele>
        <time>2017-04-02T14:09:50Z</time>
      </trkpt>
      <trkpt lat="46.200836" lon="23.336669">
        <ele>1223.926</ele>
        <time>2017-04-02T14:10:11Z</time>
      </trkpt>
      <trkpt lat="46.200917" lon="23.336691">
        <ele>1219.147</ele>
        <time>2017-04-02T14:10:20Z</time>
      </trkpt>
      <trkpt lat="46.200847" lon="23.336633">
        <ele>1222.711</ele>
        <time>2017-04-02T14:23:44Z</time>
      </trkpt>
      <trkpt lat="46.200768" lon="23.336598">
        <ele>1225.408</ele>
        <time>2017-04-02T14:23:53Z</time>
      </trkpt>
      <trkpt lat="46.200696" lon="23.336524">
        <ele>1227.113</ele>
        <time>2017-04-02T14:24:02Z</time>
      </trkpt>
      <trkpt lat="46.200628" lon="23.336453">
        <ele>1228.919</ele>
        <time>2017-04-02T14:24:10Z</time>
      </trkpt>
      <trkpt lat="46.200580" lon="23.336355">
        <ele>1230.032</ele>
        <time>2017-04-02T14:24:25Z</time>
      </trkpt>
      <trkpt lat="46.200560" lon="23.336232">
        <ele>1230.891</ele>
        <time>2017-04-02T14:24:57Z</time>
      </trkpt>
      <trkpt lat="46.200618" lon="23.336147">
        <ele>1228.544</ele>
        <time>2017-04-02T14:25:11Z</time>
      </trkpt>
      <trkpt lat="46.200698" lon="23.336176">
        <ele>1225.463</ele>
        <time>2017-04-02T14:26:12Z</time>
      </trkpt>
      <trkpt lat="46.200759" lon="23.336093">
        <ele>1223.052</ele>
        <time>2017-04-02T14:26:43Z</time>
      </trkpt>
      <trkpt lat="46.200772" lon="23.335971">
        <ele>1222.572</ele>
        <time>2017-04-02T14:27:02Z</time>
      </trkpt>
      <trkpt lat="46.200815" lon="23.335869">
        <ele>1220.872</ele>
        <time>2017-04-02T14:27:23Z</time>
      </trkpt>
      <trkpt lat="46.200840" lon="23.335748">
        <ele>1220.613</ele>
        <time>2017-04-02T14:27:40Z</time>
      </trkpt>
      <trkpt lat="46.200840" lon="23.335627">
        <ele>1221.914</ele>
        <time>2017-04-02T14:27:55Z</time>
      </trkpt>
      <trkpt lat="46.200886" lon="23.335529">
        <ele>1220.008</ele>
        <time>2017-04-02T14:28:06Z</time>
      </trkpt>
      <trkpt lat="46.200962" lon="23.335485">
        <ele>1215.488</ele>
        <time>2017-04-02T14:31:17Z</time>
      </trkpt>
      <trkpt lat="46.200957" lon="23.335605">
        <ele>1215.684</ele>
        <time>2017-04-02T15:00:49Z</time>
      </trkpt>
      <trkpt lat="46.200881" lon="23.335647">
        <ele>1219.437</ele>
        <time>2017-04-02T15:01:02Z</time>
      </trkpt>
      <trkpt lat="46.200879" lon="23.335768">
        <ele>1218.596</ele>
        <time>2017-04-02T15:01:18Z</time>
      </trkpt>
      <trkpt lat="46.200831" lon="23.335880">
        <ele>1220.189</ele>
        <time>2017-04-02T15:01:43Z</time>
      </trkpt>
      <trkpt lat="46.200859" lon="23.336000">
        <ele>1218.838</ele>
        <time>2017-04-02T15:02:37Z</time>
      </trkpt>
      <trkpt lat="46.200798" lon="23.336077">
        <ele>1221.427</ele>
        <time>2017-04-02T15:03:02Z</time>
      </trkpt>
      <trkpt lat="46.200722" lon="23.336132">
        <ele>1224.447</ele>
        <time>2017-04-02T15:03:18Z</time>
      </trkpt>
      <trkpt lat="46.200634" lon="23.336133">
        <ele>1227.957</ele>
        <time>2017-04-02T15:03:37Z</time>
      </trkpt>
      <trkpt lat="46.200577" lon="23.336217">
        <ele>1230.200</ele>
        <time>2017-04-02T15:03:54Z</time>
      </trkpt>
      <trkpt lat="46.200604" lon="23.336328">
        <ele>1229.120</ele>
        <time>2017-04-02T15:04:22Z</time>
      </trkpt>
      <trkpt lat="46.200523" lon="23.336281">
        <ele>1231.608</ele>
        <time>2017-04-02T15:04:49Z</time>
      </trkpt>
      <trkpt lat="46.200443" lon="23.336305">
        <ele>1232.926</ele>
        <time>2017-04-02T15:05:12Z</time>
      </trkpt>
      <trkpt lat="46.200362" lon="23.336342">
        <ele>1234.062</ele>
        <time>2017-04-02T15:05:25Z</time>
      </trkpt>
      <trkpt lat="46.200291" lon="23.336402">
        <ele>1234.985</ele>
        <time>2017-04-02T15:05:39Z</time>
      </trkpt>
      <trkpt lat="46.200211" lon="23.336435">
        <ele>1235.084</ele>
        <time>2017-04-02T15:05:51Z</time>
      </trkpt>
      <trkpt lat="46.200148" lon="23.336515">
        <ele>1235.067</ele>
        <time>2017-04-02T15:06:04Z</time>
      </trkpt>
      <trkpt lat="46.200102" lon="23.336622">
        <ele>1235.096</ele>
        <time>2017-04-02T15:06:16Z</time>
      </trkpt>
      <trkpt lat="46.200037" lon="23.336699">
        <ele>1234.855</ele>
        <time>2017-04-02T15:06:25Z</time>
      </trkpt>
      <trkpt lat="46.199957" lon="23.336733">
        <ele>1234.015</ele>
        <time>2017-04-02T15:06:38Z</time>
      </trkpt>
      <trkpt lat="46.199871" lon="23.336754">
        <ele>1232.825</ele>
        <time>2017-04-02T15:06:47Z</time>
      </trkpt>
      <trkpt lat="46.199799" lon="23.336818">
        <ele>1232.026</ele>
        <time>2017-04-02T15:07:01Z</time>
      </trkpt>
      <trkpt lat="46.199732" lon="23.336751">
        <ele>1230.508</ele>
        <time>2017-04-02T15:07:12Z</time>
      </trkpt>
      <trkpt lat="46.199657" lon="23.336703">
        <ele>1229.408</ele>
        <time>2017-04-02T15:07:25Z</time>
      </trkpt>
      <trkpt lat="46.199574" lon="23.336726">
        <ele>1228.533</ele>
        <time>2017-04-02T15:07:39Z</time>
      </trkpt>
      <trkpt lat="46.199494" lon="23.336774">
        <ele>1227.689</ele>
        <time>2017-04-02T15:07:52Z</time>
      </trkpt>
      <trkpt lat="46.199414" lon="23.336829">
        <ele>1226.262</ele>
        <time>2017-04-02T15:08:05Z</time>
      </trkpt>
      <trkpt lat="46.199333" lon="23.336867">
        <ele>1224.221</ele>
        <time>2017-04-02T15:08:16Z</time>
      </trkpt>
      <trkpt lat="46.199249" lon="23.336881">
        <ele>1222.184</ele>
        <time>2017-04-02T15:08:32Z</time>
      </trkpt>
      <trkpt lat="46.199168" lon="23.336920">
        <ele>1220.053</ele>
        <time>2017-04-02T15:08:41Z</time>
      </trkpt>
      <trkpt lat="46.199082" lon="23.336919">
        <ele>1218.892</ele>
        <time>2017-04-02T15:08:48Z</time>
      </trkpt>
      <trkpt lat="46.198985" lon="23.336932">
        <ele>1217.432</ele>
        <time>2017-04-02T15:08:55Z</time>
      </trkpt>
      <trkpt lat="46.198893" lon="23.336923">
        <ele>1216.162</ele>
        <time>2017-04-02T15:09:03Z</time>
      </trkpt>
      <trkpt lat="46.198809" lon="23.336953">
        <ele>1216.083</ele>
        <time>2017-04-02T15:09:11Z</time>
      </trkpt>
      <trkpt lat="46.198723" lon="23.336970">
        <ele>1216.011</ele>
        <time>2017-04-02T15:09:20Z</time>
      </trkpt>
      <trkpt lat="46.198638" lon="23.336957">
        <ele>1216.008</ele>
        <time>2017-04-02T15:09:29Z</time>
      </trkpt>
      <trkpt lat="46.198575" lon="23.337033">
        <ele>1215.947</ele>
        <time>2017-04-02T15:09:42Z</time>
      </trkpt>
      <trkpt lat="46.198492" lon="23.337055">
        <ele>1215.623</ele>
        <time>2017-04-02T15:09:51Z</time>
      </trkpt>
      <trkpt lat="46.198408" lon="23.337104">
        <ele>1215.346</ele>
        <time>2017-04-02T15:10:02Z</time>
      </trkpt>
      <trkpt lat="46.198332" lon="23.337173">
        <ele>1215.055</ele>
        <time>2017-04-02T15:10:14Z</time>
      </trkpt>
      <trkpt lat="46.198255" lon="23.337226">
        <ele>1214.718</ele>
        <time>2017-04-02T15:10:25Z</time>
      </trkpt>
      <trkpt lat="46.198179" lon="23.337290">
        <ele>1214.867</ele>
        <time>2017-04-02T15:10:39Z</time>
      </trkpt>
      <trkpt lat="46.198101" lon="23.337335">
        <ele>1214.916</ele>
        <time>2017-04-02T15:10:49Z</time>
      </trkpt>
      <trkpt lat="46.198034" lon="23.337409">
        <ele>1215.286</ele>
        <time>2017-04-02T15:10:59Z</time>
      </trkpt>
      <trkpt lat="46.197971" lon="23.337491">
        <ele>1215.381</ele>
        <time>2017-04-02T15:11:06Z</time>
      </trkpt>
      <trkpt lat="46.197910" lon="23.337588">
        <ele>1215.461</ele>
        <time>2017-04-02T15:11:16Z</time>
      </trkpt>
      <trkpt lat="46.197851" lon="23.337673">
        <ele>1215.617</ele>
        <time>2017-04-02T15:11:26Z</time>
      </trkpt>
      <trkpt lat="46.197793" lon="23.337767">
        <ele>1216.008</ele>
        <time>2017-04-02T15:11:35Z</time>
      </trkpt>
      <trkpt lat="46.197738" lon="23.337870">
        <ele>1217.199</ele>
        <time>2017-04-02T15:11:46Z</time>
      </trkpt>
      <trkpt lat="46.197679" lon="23.337957">
        <ele>1218.395</ele>
        <time>2017-04-02T15:11:54Z</time>
      </trkpt>
      <trkpt lat="46.197620" lon="23.338048">
        <ele>1219.538</ele>
        <time>2017-04-02T15:12:03Z</time>
      </trkpt>
      <trkpt lat="46.197556" lon="23.338131">
        <ele>1220.357</ele>
        <time>2017-04-02T15:12:13Z</time>
      </trkpt>
      <trkpt lat="46.197482" lon="23.338187">
        <ele>1220.970</ele>
        <time>2017-04-02T15:12:22Z</time>
      </trkpt>
      <trkpt lat="46.197406" lon="23.338252">
        <ele>1221.179</ele>
        <time>2017-04-02T15:12:30Z</time>
      </trkpt>
      <trkpt lat="46.197322" lon="23.338285">
        <ele>1221.068</ele>
        <time>2017-04-02T15:12:39Z</time>
      </trkpt>
      <trkpt lat="46.197263" lon="23.338381">
        <ele>1221.328</ele>
        <time>2017-04-02T15:12:48Z</time>
      </trkpt>
      <trkpt lat="46.197203" lon="23.338466">
        <ele>1221.318</ele>
        <time>2017-04-02T15:16:30Z</time>
      </trkpt>
      <trkpt lat="46.197162" lon="23.338581">
        <ele>1221.598</ele>
        <time>2017-04-02T15:16:39Z</time>
      </trkpt>
      <trkpt lat="46.197113" lon="23.338697">
        <ele>1222.317</ele>
        <time>2017-04-02T15:16:48Z</time>
      </trkpt>
      <trkpt lat="46.197056" lon="23.338789">
        <ele>1223.108</ele>
        <time>2017-04-02T15:16:57Z</time>
      </trkpt>
      <trkpt lat="46.197007" lon="23.338883">
        <ele>1224.172</ele>
        <time>2017-04-02T15:17:05Z</time>
      </trkpt>
      <trkpt lat="46.196955" lon="23.338982">
        <ele>1225.798</ele>
        <time>2017-04-02T15:17:14Z</time>
      </trkpt>
      <trkpt lat="46.196912" lon="23.339092">
        <ele>1227.591</ele>
        <time>2017-04-02T15:17:22Z</time>
      </trkpt>
      <trkpt lat="46.196855" lon="23.339183">
        <ele>1228.530</ele>
        <time>2017-04-02T15:17:30Z</time>
      </trkpt>
      <trkpt lat="46.196812" lon="23.339283">
        <ele>1229.183</ele>
        <time>2017-04-02T15:17:38Z</time>
      </trkpt>
      <trkpt lat="46.196769" lon="23.339395">
        <ele>1229.792</ele>
        <time>2017-04-02T15:17:48Z</time>
      </trkpt>
      <trkpt lat="46.196732" lon="23.339516">
        <ele>1230.211</ele>
        <time>2017-04-02T15:17:58Z</time>
      </trkpt>
      <trkpt lat="46.196684" lon="23.339616">
        <ele>1230.471</ele>
        <time>2017-04-02T15:18:06Z</time>
      </trkpt>
      <trkpt lat="46.196653" lon="23.339737">
        <ele>1230.929</ele>
        <time>2017-04-02T15:18:17Z</time>
      </trkpt>
      <trkpt lat="46.196612" lon="23.339841">
        <ele>1230.800</ele>
        <time>2017-04-02T15:18:24Z</time>
      </trkpt>
      <trkpt lat="46.196592" lon="23.339965">
        <ele>1230.820</ele>
        <time>2017-04-02T15:18:45Z</time>
      </trkpt>
      <trkpt lat="46.196556" lon="23.340074">
        <ele>1231.008</ele>
        <time>2017-04-02T15:18:53Z</time>
      </trkpt>
      <trkpt lat="46.196501" lon="23.340168">
        <ele>1231.233</ele>
        <time>2017-04-02T15:19:01Z</time>
      </trkpt>
      <trkpt lat="46.196488" lon="23.340285">
        <ele>1232.269</ele>
        <time>2017-04-02T15:19:09Z</time>
      </trkpt>
      <trkpt lat="46.196456" lon="23.340398">
        <ele>1233.592</ele>
        <time>2017-04-02T15:19:18Z</time>
      </trkpt>
      <trkpt lat="46.196409" lon="23.340502">
        <ele>1234.491</ele>
        <time>2017-04-02T15:19:27Z</time>
      </trkpt>
      <trkpt lat="46.196374" lon="23.340609">
        <ele>1235.354</ele>
        <time>2017-04-02T15:19:39Z</time>
      </trkpt>
      <trkpt lat="46.196325" lon="23.340702">
        <ele>1235.623</ele>
        <time>2017-04-02T15:19:51Z</time>
      </trkpt>
      <trkpt lat="46.196280" lon="23.340800">
        <ele>1236.012</ele>
        <time>2017-04-02T15:20:00Z</time>
      </trkpt>
      <trkpt lat="46.196240" lon="23.340911">
        <ele>1236.792</ele>
        <time>2017-04-02T15:20:08Z</time>
      </trkpt>
      <trkpt lat="46.196194" lon="23.341019">
        <ele>1237.271</ele>
        <time>2017-04-02T15:20:16Z</time>
      </trkpt>
      <trkpt lat="46.196161" lon="23.341144">
        <ele>1238.041</ele>
        <time>2017-04-02T15:20:25Z</time>
      </trkpt>
      <trkpt lat="46.196129" lon="23.341257">
        <ele>1238.315</ele>
        <time>2017-04-02T15:20:33Z</time>
      </trkpt>
      <trkpt lat="46.196097" lon="23.341367">
        <ele>1238.608</ele>
        <time>2017-04-02T15:20:41Z</time>
      </trkpt>
      <trkpt lat="46.196071" lon="23.341481">
        <ele>1238.128</ele>
        <time>2017-04-02T15:20:50Z</time>
      </trkpt>
      <trkpt lat="46.196043" lon="23.341593">
        <ele>1237.584</ele>
        <time>2017-04-02T15:21:00Z</time>
      </trkpt>
      <trkpt lat="46.196023" lon="23.341712">
        <ele>1237.337</ele>
        <time>2017-04-02T15:21:10Z</time>
      </trkpt>
      <trkpt lat="46.196025" lon="23.341842">
        <ele>1237.976</ele>
        <time>2017-04-02T15:21:19Z</time>
      </trkpt>
      <trkpt lat="46.196009" lon="23.341956">
        <ele>1238.249</ele>
        <time>2017-04-02T15:21:26Z</time>
      </trkpt>
      <trkpt lat="46.195996" lon="23.342077">
        <ele>1238.838</ele>
        <time>2017-04-02T15:21:36Z</time>
      </trkpt>
      <trkpt lat="46.195987" lon="23.342197">
        <ele>1239.567</ele>
        <time>2017-04-02T15:21:44Z</time>
      </trkpt>
      <trkpt lat="46.195980" lon="23.342320">
        <ele>1240.097</ele>
        <time>2017-04-02T15:21:52Z</time>
      </trkpt>
      <trkpt lat="46.195981" lon="23.342447">
        <ele>1240.596</ele>
        <time>2017-04-02T15:22:00Z</time>
      </trkpt>
      <trkpt lat="46.195987" lon="23.342570">
        <ele>1240.631</ele>
        <time>2017-04-02T15:22:09Z</time>
      </trkpt>
      <trkpt lat="46.195985" lon="23.342691">
        <ele>1240.424</ele>
        <time>2017-04-02T15:22:18Z</time>
      </trkpt>
      <trkpt lat="46.195984" lon="23.342810">
        <ele>1240.208</ele>
        <time>2017-04-02T15:22:26Z</time>
      </trkpt>
      <trkpt lat="46.195992" lon="23.342928">
        <ele>1240.310</ele>
        <time>2017-04-02T15:22:34Z</time>
      </trkpt>
      <trkpt lat="46.196012" lon="23.343047">
        <ele>1240.656</ele>
        <time>2017-04-02T15:22:43Z</time>
      </trkpt>
      <trkpt lat="46.196029" lon="23.343173">
        <ele>1240.959</ele>
        <time>2017-04-02T15:22:53Z</time>
      </trkpt>
      <trkpt lat="46.196049" lon="23.343304">
        <ele>1241.338</ele>
        <time>2017-04-02T15:23:02Z</time>
      </trkpt>
      <trkpt lat="46.196070" lon="23.343435">
        <ele>1241.621</ele>
        <time>2017-04-02T15:23:10Z</time>
      </trkpt>
      <trkpt lat="46.196095" lon="23.343551">
        <ele>1241.920</ele>
        <time>2017-04-02T15:23:18Z</time>
      </trkpt>
      <trkpt lat="46.196131" lon="23.343656">
        <ele>1242.189</ele>
        <time>2017-04-02T15:23:27Z</time>
      </trkpt>
      <trkpt lat="46.196166" lon="23.343778">
        <ele>1242.099</ele>
        <time>2017-04-02T15:23:36Z</time>
      </trkpt>
      <trkpt lat="46.196203" lon="23.343885">
        <ele>1242.379</ele>
        <time>2017-04-02T15:23:44Z</time>
      </trkpt>
      <trkpt lat="46.196248" lon="23.343993">
        <ele>1242.905</ele>
        <time>2017-04-02T15:23:52Z</time>
      </trkpt>
      <trkpt lat="46.196297" lon="23.344088">
        <ele>1243.725</ele>
        <time>2017-04-02T15:23:59Z</time>
      </trkpt>
      <trkpt lat="46.196356" lon="23.344187">
        <ele>1244.908</ele>
        <time>2017-04-02T15:24:07Z</time>
      </trkpt>
      <trkpt lat="46.196419" lon="23.344273">
        <ele>1246.048</ele>
        <time>2017-04-02T15:24:16Z</time>
      </trkpt>
      <trkpt lat="46.196467" lon="23.344382">
        <ele>1246.294</ele>
        <time>2017-04-02T15:24:24Z</time>
      </trkpt>
      <trkpt lat="46.196495" lon="23.344496">
        <ele>1246.077</ele>
        <time>2017-04-02T15:24:32Z</time>
      </trkpt>
      <trkpt lat="46.196486" lon="23.344617">
        <ele>1245.316</ele>
        <time>2017-04-02T15:24:39Z</time>
      </trkpt>
      <trkpt lat="46.196491" lon="23.344740">
        <ele>1244.999</ele>
        <time>2017-04-02T15:24:47Z</time>
      </trkpt>
      <trkpt lat="46.196496" lon="23.344857">
        <ele>1245.718</ele>
        <time>2017-04-02T15:24:54Z</time>
      </trkpt>
      <trkpt lat="46.196496" lon="23.344984">
        <ele>1246.417</ele>
        <time>2017-04-02T15:25:02Z</time>
      </trkpt>
      <trkpt lat="46.196508" lon="23.345104">
        <ele>1246.787</ele>
        <time>2017-04-02T15:25:13Z</time>
      </trkpt>
      <trkpt lat="46.196516" lon="23.345221">
        <ele>1246.893</ele>
        <time>2017-04-02T15:25:20Z</time>
      </trkpt>
      <trkpt lat="46.196520" lon="23.345340">
        <ele>1247.165</ele>
        <time>2017-04-02T15:25:28Z</time>
      </trkpt>
      <trkpt lat="46.196520" lon="23.345470">
        <ele>1247.621</ele>
        <time>2017-04-02T15:25:36Z</time>
      </trkpt>
      <trkpt lat="46.196530" lon="23.345587">
        <ele>1248.208</ele>
        <time>2017-04-02T15:25:45Z</time>
      </trkpt>
      <trkpt lat="46.196556" lon="23.345699">
        <ele>1248.980</ele>
        <time>2017-04-02T15:25:53Z</time>
      </trkpt>
      <trkpt lat="46.196571" lon="23.345822">
        <ele>1249.666</ele>
        <time>2017-04-02T15:26:03Z</time>
      </trkpt>
      <trkpt lat="46.196598" lon="23.345945">
        <ele>1250.649</ele>
        <time>2017-04-02T15:26:14Z</time>
      </trkpt>
      <trkpt lat="46.196618" lon="23.346073">
        <ele>1251.618</ele>
        <time>2017-04-02T15:26:23Z</time>
      </trkpt>
      <trkpt lat="46.196649" lon="23.346188">
        <ele>1252.231</ele>
        <time>2017-04-02T15:26:31Z</time>
      </trkpt>
      <trkpt lat="46.196676" lon="23.346312">
        <ele>1252.720</ele>
        <time>2017-04-02T15:26:40Z</time>
      </trkpt>
      <trkpt lat="46.196694" lon="23.346437">
        <ele>1253.129</ele>
        <time>2017-04-02T15:26:50Z</time>
      </trkpt>
      <trkpt lat="46.196709" lon="23.346569">
        <ele>1253.559</ele>
        <time>2017-04-02T15:26:59Z</time>
      </trkpt>
      <trkpt lat="46.196725" lon="23.346686">
        <ele>1253.492</ele>
        <time>2017-04-02T15:27:07Z</time>
      </trkpt>
      <trkpt lat="46.196744" lon="23.346803">
        <ele>1252.373</ele>
        <time>2017-04-02T15:27:16Z</time>
      </trkpt>
      <trkpt lat="46.196757" lon="23.346927">
        <ele>1251.220</ele>
        <time>2017-04-02T15:27:25Z</time>
      </trkpt>
      <trkpt lat="46.196774" lon="23.347050">
        <ele>1249.308</ele>
        <time>2017-04-02T15:27:34Z</time>
      </trkpt>
      <trkpt lat="46.196783" lon="23.347168">
        <ele>1247.530</ele>
        <time>2017-04-02T15:27:42Z</time>
      </trkpt>
      <trkpt lat="46.196802" lon="23.347284">
        <ele>1245.846</ele>
        <time>2017-04-02T15:27:57Z</time>
      </trkpt>
      <trkpt lat="46.196817" lon="23.347404">
        <ele>1244.139</ele>
        <time>2017-04-02T15:28:19Z</time>
      </trkpt>
      <trkpt lat="46.196850" lon="23.347518">
        <ele>1242.668</ele>
        <time>2017-04-02T15:28:28Z</time>
      </trkpt>
      <trkpt lat="46.196884" lon="23.347626">
        <ele>1241.591</ele>
        <time>2017-04-02T15:28:38Z</time>
      </trkpt>
      <trkpt lat="46.196943" lon="23.347720">
        <ele>1240.420</ele>
        <time>2017-04-02T15:28:49Z</time>
      </trkpt>
      <trkpt lat="46.196981" lon="23.347828">
        <ele>1239.259</ele>
        <time>2017-04-02T15:28:58Z</time>
      </trkpt>
      <trkpt lat="46.197022" lon="23.347939">
        <ele>1238.099</ele>
        <time>2017-04-02T15:29:09Z</time>
      </trkpt>
      <trkpt lat="46.197062" lon="23.348048">
        <ele>1236.855</ele>
        <time>2017-04-02T15:29:21Z</time>
      </trkpt>
      <trkpt lat="46.197104" lon="23.348154">
        <ele>1235.907</ele>
        <time>2017-04-02T15:29:30Z</time>
      </trkpt>
      <trkpt lat="46.197134" lon="23.348276">
        <ele>1235.217</ele>
        <time>2017-04-02T15:29:39Z</time>
      </trkpt>
      <trkpt lat="46.197166" lon="23.348399">
        <ele>1234.808</ele>
        <time>2017-04-02T15:29:47Z</time>
      </trkpt>
      <trkpt lat="46.197223" lon="23.348494">
        <ele>1234.066</ele>
        <time>2017-04-02T15:29:54Z</time>
      </trkpt>
      <trkpt lat="46.197257" lon="23.348616">
        <ele>1233.462</ele>
        <time>2017-04-02T15:30:03Z</time>
      </trkpt>
      <trkpt lat="46.197279" lon="23.348730">
        <ele>1233.235</ele>
        <time>2017-04-02T15:30:10Z</time>
      </trkpt>
      <trkpt lat="46.197254" lon="23.348846">
        <ele>1234.184</ele>
        <time>2017-04-02T15:30:17Z</time>
      </trkpt>
      <trkpt lat="46.197245" lon="23.348974">
        <ele>1235.087</ele>
        <time>2017-04-02T15:30:24Z</time>
      </trkpt>
      <trkpt lat="46.197283" lon="23.349093">
        <ele>1234.986</ele>
        <time>2017-04-02T15:30:35Z</time>
      </trkpt>
      <trkpt lat="46.197338" lon="23.349180">
        <ele>1234.385</ele>
        <time>2017-04-02T15:30:42Z</time>
      </trkpt>
      <trkpt lat="46.197411" lon="23.349251">
        <ele>1233.425</ele>
        <time>2017-04-02T15:36:48Z</time>
      </trkpt>
      <trkpt lat="46.197480" lon="23.349321">
        <ele>1232.312</ele>
        <time>2017-04-02T15:36:57Z</time>
      </trkpt>
      <trkpt lat="46.197544" lon="23.349397">
        <ele>1231.632</ele>
        <time>2017-04-02T15:37:07Z</time>
      </trkpt>
      <trkpt lat="46.197594" lon="23.349505">
        <ele>1231.705</ele>
        <time>2017-04-02T15:37:16Z</time>
      </trkpt>
      <trkpt lat="46.197654" lon="23.349585">
        <ele>1230.808</ele>
        <time>2017-04-02T15:37:25Z</time>
      </trkpt>
      <trkpt lat="46.197745" lon="23.349631">
        <ele>1228.152</ele>
        <time>2017-04-02T15:37:42Z</time>
      </trkpt>
      <trkpt lat="46.197814" lon="23.349707">
        <ele>1226.768</ele>
        <time>2017-04-02T15:37:51Z</time>
      </trkpt>
      <trkpt lat="46.197882" lon="23.349794">
        <ele>1227.091</ele>
        <time>2017-04-02T15:38:01Z</time>
      </trkpt>
      <trkpt lat="46.197945" lon="23.349881">
        <ele>1227.680</ele>
        <time>2017-04-02T15:38:10Z</time>
      </trkpt>
      <trkpt lat="46.198005" lon="23.349968">
        <ele>1228.693</ele>
        <time>2017-04-02T15:38:20Z</time>
      </trkpt>
      <trkpt lat="46.198087" lon="23.349983">
        <ele>1228.312</ele>
        <time>2017-04-02T15:38:33Z</time>
      </trkpt>
      <trkpt lat="46.198141" lon="23.350078">
        <ele>1228.741</ele>
        <time>2017-04-02T15:38:42Z</time>
      </trkpt>
      <trkpt lat="46.198202" lon="23.350165">
        <ele>1229.081</ele>
        <time>2017-04-02T15:38:49Z</time>
      </trkpt>
      <trkpt lat="46.198253" lon="23.350260">
        <ele>1229.648</ele>
        <time>2017-04-02T15:38:58Z</time>
      </trkpt>
      <trkpt lat="46.198303" lon="23.350358">
        <ele>1229.061</ele>
        <time>2017-04-02T15:39:06Z</time>
      </trkpt>
      <trkpt lat="46.198360" lon="23.350445">
        <ele>1226.817</ele>
        <time>2017-04-02T15:39:14Z</time>
      </trkpt>
      <trkpt lat="46.198410" lon="23.350537">
        <ele>1224.308</ele>
        <time>2017-04-02T15:39:21Z</time>
      </trkpt>
      <trkpt lat="46.198469" lon="23.350630">
        <ele>1222.425</ele>
        <time>2017-04-02T15:39:29Z</time>
      </trkpt>
      <trkpt lat="46.198518" lon="23.350725">
        <ele>1221.031</ele>
        <time>2017-04-02T15:39:37Z</time>
      </trkpt>
      <trkpt lat="46.198565" lon="23.350820">
        <ele>1219.684</ele>
        <time>2017-04-02T15:39:44Z</time>
      </trkpt>
      <trkpt lat="46.198610" lon="23.350927">
        <ele>1218.033</ele>
        <time>2017-04-02T15:39:53Z</time>
      </trkpt>
      <trkpt lat="46.198664" lon="23.351019">
        <ele>1217.076</ele>
        <time>2017-04-02T15:40:01Z</time>
      </trkpt>
      <trkpt lat="46.198729" lon="23.351108">
        <ele>1215.555</ele>
        <time>2017-04-02T15:40:10Z</time>
      </trkpt>
      <trkpt lat="46.198790" lon="23.351190">
        <ele>1213.454</ele>
        <time>2017-04-02T15:40:18Z</time>
      </trkpt>
      <trkpt lat="46.198851" lon="23.351285">
        <ele>1210.734</ele>
        <time>2017-04-02T15:40:26Z</time>
      </trkpt>
      <trkpt lat="46.198945" lon="23.351333">
        <ele>1208.045</ele>
        <time>2017-04-02T15:40:35Z</time>
      </trkpt>
      <trkpt lat="46.199016" lon="23.351416">
        <ele>1206.247</ele>
        <time>2017-04-02T15:40:44Z</time>
      </trkpt>
      <trkpt lat="46.199077" lon="23.351506">
        <ele>1205.311</ele>
        <time>2017-04-02T15:40:52Z</time>
      </trkpt>
      <trkpt lat="46.199113" lon="23.351621">
        <ele>1204.408</ele>
        <time>2017-04-02T15:41:00Z</time>
      </trkpt>
      <trkpt lat="46.199157" lon="23.351723">
        <ele>1203.555</ele>
        <time>2017-04-02T15:41:07Z</time>
      </trkpt>
      <trkpt lat="46.199208" lon="23.351818">
        <ele>1203.361</ele>
        <time>2017-04-02T15:41:14Z</time>
      </trkpt>
      <trkpt lat="46.199278" lon="23.351893">
        <ele>1202.614</ele>
        <time>2017-04-02T15:41:21Z</time>
      </trkpt>
      <trkpt lat="46.199340" lon="23.351985">
        <ele>1201.813</ele>
        <time>2017-04-02T15:41:28Z</time>
      </trkpt>
      <trkpt lat="46.199398" lon="23.352074">
        <ele>1201.326</ele>
        <time>2017-04-02T15:41:36Z</time>
      </trkpt>
      <trkpt lat="46.199455" lon="23.352169">
        <ele>1200.855</ele>
        <time>2017-04-02T15:41:43Z</time>
      </trkpt>
      <trkpt lat="46.199524" lon="23.352255">
        <ele>1200.864</ele>
        <time>2017-04-02T15:41:50Z</time>
      </trkpt>
      <trkpt lat="46.199590" lon="23.352356">
        <ele>1200.764</ele>
        <time>2017-04-02T15:41:57Z</time>
      </trkpt>
      <trkpt lat="46.199656" lon="23.352432">
        <ele>1200.015</ele>
        <time>2017-04-02T15:42:05Z</time>
      </trkpt>
      <trkpt lat="46.199722" lon="23.352526">
        <ele>1198.865</ele>
        <time>2017-04-02T15:42:13Z</time>
      </trkpt>
      <trkpt lat="46.199758" lon="23.352650">
        <ele>1197.511</ele>
        <time>2017-04-02T15:42:22Z</time>
      </trkpt>
      <trkpt lat="46.199805" lon="23.352761">
        <ele>1195.408</ele>
        <time>2017-04-02T15:42:29Z</time>
      </trkpt>
      <trkpt lat="46.199869" lon="23.352845">
        <ele>1193.712</ele>
        <time>2017-04-02T15:42:37Z</time>
      </trkpt>
      <trkpt lat="46.199927" lon="23.352932">
        <ele>1192.468</ele>
        <time>2017-04-02T15:42:43Z</time>
      </trkpt>
      <trkpt lat="46.199981" lon="23.353036">
        <ele>1191.321</ele>
        <time>2017-04-02T15:42:51Z</time>
      </trkpt>
      <trkpt lat="46.200013" lon="23.353162">
        <ele>1190.870</ele>
        <time>2017-04-02T15:42:59Z</time>
      </trkpt>
      <trkpt lat="46.200053" lon="23.353275">
        <ele>1190.023</ele>
        <time>2017-04-02T15:43:07Z</time>
      </trkpt>
      <trkpt lat="46.200079" lon="23.353386">
        <ele>1190.082</ele>
        <time>2017-04-02T15:43:13Z</time>
      </trkpt>
      <trkpt lat="46.200129" lon="23.353488">
        <ele>1189.721</ele>
        <time>2017-04-02T15:43:20Z</time>
      </trkpt>
      <trkpt lat="46.200147" lon="23.353607">
        <ele>1190.161</ele>
        <time>2017-04-02T15:43:27Z</time>
      </trkpt>
      <trkpt lat="46.200205" lon="23.353704">
        <ele>1189.152</ele>
        <time>2017-04-02T15:43:35Z</time>
      </trkpt>
      <trkpt lat="46.200260" lon="23.353805">
        <ele>1188.553</ele>
        <time>2017-04-02T15:43:47Z</time>
      </trkpt>
      <trkpt lat="46.200304" lon="23.353919">
        <ele>1188.608</ele>
        <time>2017-04-02T15:43:54Z</time>
      </trkpt>
      <trkpt lat="46.200375" lon="23.354001">
        <ele>1187.208</ele>
        <time>2017-04-02T15:44:00Z</time>
      </trkpt>
      <trkpt lat="46.200435" lon="23.354095">
        <ele>1185.536</ele>
        <time>2017-04-02T15:44:07Z</time>
      </trkpt>
      <trkpt lat="46.200506" lon="23.354168">
        <ele>1182.532</ele>
        <time>2017-04-02T15:44:14Z</time>
      </trkpt>
      <trkpt lat="46.200548" lon="23.354273">
        <ele>1182.325</ele>
        <time>2017-04-02T15:44:21Z</time>
      </trkpt>
      <trkpt lat="46.200612" lon="23.354371">
        <ele>1181.734</ele>
        <time>2017-04-02T15:44:29Z</time>
      </trkpt>
      <trkpt lat="46.200675" lon="23.354448">
        <ele>1180.387</ele>
        <time>2017-04-02T15:44:35Z</time>
      </trkpt>
      <trkpt lat="46.200731" lon="23.354537">
        <ele>1179.046</ele>
        <time>2017-04-02T15:44:43Z</time>
      </trkpt>
      <trkpt lat="46.200793" lon="23.354631">
        <ele>1177.165</ele>
        <time>2017-04-02T15:44:52Z</time>
      </trkpt>
      <trkpt lat="46.200861" lon="23.354713">
        <ele>1175.035</ele>
        <time>2017-04-02T15:45:00Z</time>
      </trkpt>
      <trkpt lat="46.200910" lon="23.354810">
        <ele>1173.582</ele>
        <time>2017-04-02T15:45:10Z</time>
      </trkpt>
      <trkpt lat="46.200961" lon="23.354912">
        <ele>1171.843</ele>
        <time>2017-04-02T15:45:17Z</time>
      </trkpt>
      <trkpt lat="46.201025" lon="23.355008">
        <ele>1169.417</ele>
        <time>2017-04-02T15:45:27Z</time>
      </trkpt>
      <trkpt lat="46.201083" lon="23.355102">
        <ele>1167.208</ele>
        <time>2017-04-02T15:45:35Z</time>
      </trkpt>
      <trkpt lat="46.201142" lon="23.355208">
        <ele>1165.129</ele>
        <time>2017-04-02T15:45:42Z</time>
      </trkpt>
      <trkpt lat="46.201205" lon="23.355286">
        <ele>1163.185</ele>
        <time>2017-04-02T15:45:50Z</time>
      </trkpt>
      <trkpt lat="46.201246" lon="23.355389">
        <ele>1162.918</ele>
        <time>2017-04-02T15:45:59Z</time>
      </trkpt>
      <trkpt lat="46.201301" lon="23.355481">
        <ele>1161.587</ele>
        <time>2017-04-02T15:46:07Z</time>
      </trkpt>
      <trkpt lat="46.201304" lon="23.355608">
        <ele>1163.010</ele>
        <time>2017-04-02T15:46:15Z</time>
      </trkpt>
      <trkpt lat="46.201347" lon="23.355711">
        <ele>1162.889</ele>
        <time>2017-04-02T15:46:22Z</time>
      </trkpt>
      <trkpt lat="46.201416" lon="23.355774">
        <ele>1160.638</ele>
        <time>2017-04-02T15:46:30Z</time>
      </trkpt>
      <trkpt lat="46.201446" lon="23.355905">
        <ele>1160.968</ele>
        <time>2017-04-02T15:46:36Z</time>
      </trkpt>
      <trkpt lat="46.201494" lon="23.356007">
        <ele>1159.876</ele>
        <time>2017-04-02T15:46:44Z</time>
      </trkpt>
      <trkpt lat="46.201567" lon="23.356081">
        <ele>1157.390</ele>
        <time>2017-04-02T15:46:49Z</time>
      </trkpt>
      <trkpt lat="46.201533" lon="23.356192">
        <ele>1159.519</ele>
        <time>2017-04-02T15:46:55Z</time>
      </trkpt>
      <trkpt lat="46.201559" lon="23.356304">
        <ele>1158.608</ele>
        <time>2017-04-02T15:47:10Z</time>
      </trkpt>
      <trkpt lat="46.201599" lon="23.356410">
        <ele>1156.618</ele>
        <time>2017-04-02T15:47:19Z</time>
      </trkpt>
      <trkpt lat="46.201637" lon="23.356529">
        <ele>1154.234</ele>
        <time>2017-04-02T15:47:25Z</time>
      </trkpt>
      <trkpt lat="46.201706" lon="23.356611">
        <ele>1149.927</ele>
        <time>2017-04-02T15:47:37Z</time>
      </trkpt>
      <trkpt lat="46.201650" lon="23.356515">
        <ele>1153.586</ele>
        <time>2017-04-02T15:47:51Z</time>
      </trkpt>
      <trkpt lat="46.201708" lon="23.356405">
        <ele>1150.629</ele>
        <time>2017-04-02T15:47:55Z</time>
      </trkpt>
      <trkpt lat="46.201716" lon="23.356545">
        <ele>1149.678</ele>
        <time>2017-04-02T15:47:57Z</time>
      </trkpt>
      <trkpt lat="46.201717" lon="23.356673">
        <ele>1149.157</ele>
        <time>2017-04-02T15:48:05Z</time>
      </trkpt>
      <trkpt lat="46.201675" lon="23.356808">
        <ele>1152.047</ele>
        <time>2017-04-02T15:48:21Z</time>
      </trkpt>
      <trkpt lat="46.201758" lon="23.356781">
        <ele>1147.375</ele>
        <time>2017-04-02T15:48:26Z</time>
      </trkpt>
      <trkpt lat="46.201850" lon="23.356813">
        <ele>1142.328</ele>
        <time>2017-04-02T15:48:29Z</time>
      </trkpt>
      <trkpt lat="46.201748" lon="23.356805">
        <ele>1148.020</ele>
        <time>2017-04-02T15:48:31Z</time>
      </trkpt>
      <trkpt lat="46.201838" lon="23.356892">
        <ele>1143.408</ele>
        <time>2017-04-02T15:48:38Z</time>
      </trkpt>
      <trkpt lat="46.201756" lon="23.356877">
        <ele>1147.978</ele>
        <time>2017-04-02T15:48:46Z</time>
      </trkpt>
      <trkpt lat="46.201661" lon="23.356829">
        <ele>1153.054</ele>
        <time>2017-04-02T15:48:49Z</time>
      </trkpt>
      <trkpt lat="46.201704" lon="23.356934">
        <ele>1150.957</ele>
        <time>2017-04-02T15:49:02Z</time>
      </trkpt>
      <trkpt lat="46.201782" lon="23.356997">
        <ele>1146.996</ele>
        <time>2017-04-02T15:49:19Z</time>
      </trkpt>
      <trkpt lat="46.201819" lon="23.357126">
        <ele>1145.129</ele>
        <time>2017-04-02T15:49:26Z</time>
      </trkpt>
      <trkpt lat="46.201867" lon="23.357222">
        <ele>1142.558</ele>
        <time>2017-04-02T15:49:35Z</time>
      </trkpt>
      <trkpt lat="46.201900" lon="23.357346">
        <ele>1140.587</ele>
        <time>2017-04-02T15:49:46Z</time>
      </trkpt>
      <trkpt lat="46.201887" lon="23.357466">
        <ele>1141.367</ele>
        <time>2017-04-02T15:49:55Z</time>
      </trkpt>
      <trkpt lat="46.201931" lon="23.357572">
        <ele>1138.539</ele>
        <time>2017-04-02T15:50:11Z</time>
      </trkpt>
      <trkpt lat="46.201976" lon="23.357670">
        <ele>1136.401</ele>
        <time>2017-04-02T15:50:20Z</time>
      </trkpt>
      <trkpt lat="46.202026" lon="23.357763">
        <ele>1133.721</ele>
        <time>2017-04-02T15:50:31Z</time>
      </trkpt>
      <trkpt lat="46.202050" lon="23.357881">
        <ele>1132.208</ele>
        <time>2017-04-02T15:50:43Z</time>
      </trkpt>
      <trkpt lat="46.202116" lon="23.357974">
        <ele>1127.934</ele>
        <time>2017-04-02T15:50:54Z</time>
      </trkpt>
      <trkpt lat="46.202189" lon="23.358029">
        <ele>1123.260</ele>
        <time>2017-04-02T15:53:45Z</time>
      </trkpt>
      <trkpt lat="46.202184" lon="23.358155">
        <ele>1124.193</ele>
        <time>2017-04-02T15:55:00Z</time>
      </trkpt>
      <trkpt lat="46.202236" lon="23.358260">
        <ele>1121.752</ele>
        <time>2017-04-02T15:55:12Z</time>
      </trkpt>
      <trkpt lat="46.202263" lon="23.358375">
        <ele>1120.885</ele>
        <time>2017-04-02T15:55:23Z</time>
      </trkpt>
      <trkpt lat="46.202301" lon="23.358488">
        <ele>1119.364</ele>
        <time>2017-04-02T15:55:34Z</time>
      </trkpt>
      <trkpt lat="46.202333" lon="23.358598">
        <ele>1118.113</ele>
        <time>2017-04-02T15:55:50Z</time>
      </trkpt>
      <trkpt lat="46.202385" lon="23.358689">
        <ele>1115.573</ele>
        <time>2017-04-02T15:55:58Z</time>
      </trkpt>
      <trkpt lat="46.202457" lon="23.358762">
        <ele>1111.661</ele>
        <time>2017-04-02T15:56:11Z</time>
      </trkpt>
      <trkpt lat="46.202488" lon="23.358878">
        <ele>1110.621</ele>
        <time>2017-04-02T15:56:18Z</time>
      </trkpt>
      <trkpt lat="46.202519" lon="23.358986">
        <ele>1110.013</ele>
        <time>2017-04-02T15:56:26Z</time>
      </trkpt>
      <trkpt lat="46.202555" lon="23.359098">
        <ele>1109.408</ele>
        <time>2017-04-02T15:56:34Z</time>
      </trkpt>
      <trkpt lat="46.202579" lon="23.359211">
        <ele>1109.617</ele>
        <time>2017-04-02T15:56:44Z</time>
      </trkpt>
      <trkpt lat="46.202642" lon="23.359303">
        <ele>1107.633</ele>
        <time>2017-04-02T15:56:54Z</time>
      </trkpt>
      <trkpt lat="46.202723" lon="23.359346">
        <ele>1103.896</ele>
        <time>2017-04-02T15:57:06Z</time>
      </trkpt>
      <trkpt lat="46.202781" lon="23.359432">
        <ele>1101.775</ele>
        <time>2017-04-02T15:57:21Z</time>
      </trkpt>
      <trkpt lat="46.202859" lon="23.359505">
        <ele>1098.558</ele>
        <time>2017-04-02T15:57:31Z</time>
      </trkpt>
      <trkpt lat="46.202944" lon="23.359542">
        <ele>1094.727</ele>
        <time>2017-04-02T15:57:39Z</time>
      </trkpt>
      <trkpt lat="46.203007" lon="23.359621">
        <ele>1092.826</ele>
        <time>2017-04-02T15:57:51Z</time>
      </trkpt>
      <trkpt lat="46.203083" lon="23.359688">
        <ele>1090.066</ele>
        <time>2017-04-02T15:58:01Z</time>
      </trkpt>
      <trkpt lat="46.203152" lon="23.359753">
        <ele>1086.885</ele>
        <time>2017-04-02T15:58:13Z</time>
      </trkpt>
      <trkpt lat="46.203181" lon="23.359866">
        <ele>1085.489</ele>
        <time>2017-04-02T15:58:43Z</time>
      </trkpt>
      <trkpt lat="46.203235" lon="23.359962">
        <ele>1083.117</ele>
        <time>2017-04-02T15:58:56Z</time>
      </trkpt>
      <trkpt lat="46.203324" lon="23.359992">
        <ele>1079.308</ele>
        <time>2017-04-02T15:59:09Z</time>
      </trkpt>
      <trkpt lat="46.203374" lon="23.360098">
        <ele>1076.469</ele>
        <time>2017-04-02T15:59:17Z</time>
      </trkpt>
      <trkpt lat="46.203434" lon="23.360193">
        <ele>1073.015</ele>
        <time>2017-04-02T15:59:28Z</time>
      </trkpt>
      <trkpt lat="46.203475" lon="23.360300">
        <ele>1070.958</ele>
        <time>2017-04-02T15:59:37Z</time>
      </trkpt>
      <trkpt lat="46.203524" lon="23.360394">
        <ele>1068.827</ele>
        <time>2017-04-02T15:59:45Z</time>
      </trkpt>
      <trkpt lat="46.203604" lon="23.360433">
        <ele>1064.930</ele>
        <time>2017-04-02T16:00:07Z</time>
      </trkpt>
      <trkpt lat="46.203650" lon="23.360537">
        <ele>1062.729</ele>
        <time>2017-04-02T16:00:19Z</time>
      </trkpt>
      <trkpt lat="46.203684" lon="23.360645">
        <ele>1060.578</ele>
        <time>2017-04-02T16:00:30Z</time>
      </trkpt>
      <trkpt lat="46.203691" lon="23.360767">
        <ele>1059.688</ele>
        <time>2017-04-02T16:00:42Z</time>
      </trkpt>
      <trkpt lat="46.203743" lon="23.360865">
        <ele>1056.337</ele>
        <time>2017-04-02T16:01:00Z</time>
      </trkpt>
      <trkpt lat="46.203774" lon="23.360983">
        <ele>1054.049</ele>
        <time>2017-04-02T16:01:16Z</time>
      </trkpt>
      <trkpt lat="46.203835" lon="23.361070">
        <ele>1049.713</ele>
        <time>2017-04-02T16:01:29Z</time>
      </trkpt>
      <trkpt lat="46.203892" lon="23.361174">
        <ele>1044.908</ele>
        <time>2017-04-02T16:01:43Z</time>
      </trkpt>
      <trkpt lat="46.203931" lon="23.361294">
        <ele>1040.854</ele>
        <time>2017-04-02T16:01:54Z</time>
      </trkpt>
      <trkpt lat="46.203967" lon="23.361412">
        <ele>1037.290</ele>
        <time>2017-04-02T16:02:07Z</time>
      </trkpt>
      <trkpt lat="46.203997" lon="23.361524">
        <ele>1035.133</ele>
        <time>2017-04-02T16:02:14Z</time>
      </trkpt>
      <trkpt lat="46.204030" lon="23.361637">
        <ele>1032.912</ele>
        <time>2017-04-02T16:02:23Z</time>
      </trkpt>
      <trkpt lat="46.204108" lon="23.361711">
        <ele>1028.455</ele>
        <time>2017-04-02T16:02:41Z</time>
      </trkpt>
      <trkpt lat="46.204173" lon="23.361783">
        <ele>1024.724</ele>
        <time>2017-04-02T16:03:02Z</time>
      </trkpt>
      <trkpt lat="46.204257" lon="23.361796">
        <ele>1020.173</ele>
        <time>2017-04-02T16:03:19Z</time>
      </trkpt>
      <trkpt lat="46.204303" lon="23.361900">
        <ele>1018.063</ele>
        <time>2017-04-02T16:03:59Z</time>
      </trkpt>
      <trkpt lat="46.204384" lon="23.361949">
        <ele>1014.136</ele>
        <time>2017-04-02T16:04:23Z</time>
      </trkpt>
      <trkpt lat="46.204427" lon="23.362051">
        <ele>1012.217</ele>
        <time>2017-04-02T16:04:32Z</time>
      </trkpt>
      <trkpt lat="46.204477" lon="23.362143">
        <ele>1010.418</ele>
        <time>2017-04-02T16:04:42Z</time>
      </trkpt>
      <trkpt lat="46.204508" lon="23.362259">
        <ele>1009.308</ele>
        <time>2017-04-02T16:04:54Z</time>
      </trkpt>
      <trkpt lat="46.204554" lon="23.362362">
        <ele>1007.044</ele>
        <time>2017-04-02T16:05:01Z</time>
      </trkpt>
      <trkpt lat="46.204631" lon="23.362403">
        <ele>1003.580</ele>
        <time>2017-04-02T16:05:12Z</time>
      </trkpt>
      <trkpt lat="46.204673" lon="23.362507">
        <ele>1001.143</ele>
        <time>2017-04-02T16:05:25Z</time>
      </trkpt>
      <trkpt lat="46.204686" lon="23.362634">
        <ele>1000.632</ele>
        <time>2017-04-02T16:05:37Z</time>
      </trkpt>
      <trkpt lat="46.204761" lon="23.362684">
        <ele>997.015</ele>
        <time>2017-04-02T16:06:00Z</time>
      </trkpt>
      <trkpt lat="46.204842" lon="23.362700">
        <ele>992.874</ele>
        <time>2017-04-02T16:06:08Z</time>
      </trkpt>
      <trkpt lat="46.204916" lon="23.362624">
        <ele>989.353</ele>
        <time>2017-04-02T16:06:16Z</time>
      </trkpt>
      <trkpt lat="46.204993" lon="23.362588">
        <ele>985.773</ele>
        <time>2017-04-02T16:06:25Z</time>
      </trkpt>
      <trkpt lat="46.205052" lon="23.362506">
        <ele>983.184</ele>
        <time>2017-04-02T16:06:38Z</time>
      </trkpt>
      <trkpt lat="46.205073" lon="23.362632">
        <ele>980.907</ele>
        <time>2017-04-02T16:06:53Z</time>
      </trkpt>
      <trkpt lat="46.205131" lon="23.362723">
        <ele>976.617</ele>
        <time>2017-04-02T16:07:04Z</time>
      </trkpt>
      <trkpt lat="46.205214" lon="23.362750">
        <ele>971.308</ele>
        <time>2017-04-02T16:07:15Z</time>
      </trkpt>
      <trkpt lat="46.205298" lon="23.362783">
        <ele>966.139</ele>
        <time>2017-04-02T16:07:29Z</time>
      </trkpt>
      <trkpt lat="46.205376" lon="23.362730">
        <ele>963.445</ele>
        <time>2017-04-02T16:07:38Z</time>
      </trkpt>
      <trkpt lat="46.205456" lon="23.362683">
        <ele>960.418</ele>
        <time>2017-04-02T16:07:53Z</time>
      </trkpt>
      <trkpt lat="46.205537" lon="23.362698">
        <ele>956.727</ele>
        <time>2017-04-02T16:08:04Z</time>
      </trkpt>
      <trkpt lat="46.205620" lon="23.362670">
        <ele>953.490</ele>
        <time>2017-04-02T16:08:14Z</time>
      </trkpt>
      <trkpt lat="46.205717" lon="23.362659">
        <ele>949.339</ele>
        <time>2017-04-02T16:08:33Z</time>
      </trkpt>
      <trkpt lat="46.205795" lon="23.362614">
        <ele>946.498</ele>
        <time>2017-04-02T16:08:43Z</time>
      </trkpt>
      <trkpt lat="46.205879" lon="23.362578">
        <ele>944.128</ele>
        <time>2017-04-02T16:08:52Z</time>
      </trkpt>
      <trkpt lat="46.205948" lon="23.362495">
        <ele>943.185</ele>
        <time>2017-04-02T16:09:02Z</time>
      </trkpt>
      <trkpt lat="46.206024" lon="23.362440">
        <ele>940.589</ele>
        <time>2017-04-02T16:09:14Z</time>
      </trkpt>
      <trkpt lat="46.206090" lon="23.362361">
        <ele>937.217</ele>
        <time>2017-04-02T16:09:23Z</time>
      </trkpt>
      <trkpt lat="46.206129" lon="23.362257">
        <ele>933.908</ele>
        <time>2017-04-02T16:09:31Z</time>
      </trkpt>
      <trkpt lat="46.206182" lon="23.362162">
        <ele>930.599</ele>
        <time>2017-04-02T16:09:41Z</time>
      </trkpt>
      <trkpt lat="46.206230" lon="23.362067">
        <ele>928.095</ele>
        <time>2017-04-02T16:09:52Z</time>
      </trkpt>
      <trkpt lat="46.206292" lon="23.361991">
        <ele>925.758</ele>
        <time>2017-04-02T16:10:03Z</time>
      </trkpt>
      <trkpt lat="46.206360" lon="23.361905">
        <ele>923.667</ele>
        <time>2017-04-02T16:10:13Z</time>
      </trkpt>
      <trkpt lat="46.206438" lon="23.361863">
        <ele>920.920</ele>
        <time>2017-04-02T16:10:28Z</time>
      </trkpt>
      <trkpt lat="46.206521" lon="23.361870">
        <ele>917.869</ele>
        <time>2017-04-02T16:10:50Z</time>
      </trkpt>
      <trkpt lat="46.206554" lon="23.361760">
        <ele>916.078</ele>
        <time>2017-04-02T16:10:59Z</time>
      </trkpt>
      <trkpt lat="46.206625" lon="23.361695">
        <ele>912.838</ele>
        <time>2017-04-02T16:11:11Z</time>
      </trkpt>
      <trkpt lat="46.206712" lon="23.361670">
        <ele>909.164</ele>
        <time>2017-04-02T16:11:44Z</time>
      </trkpt>
      <trkpt lat="46.206796" lon="23.361659">
        <ele>905.406</ele>
        <time>2017-04-02T16:12:02Z</time>
      </trkpt>
      <trkpt lat="46.206878" lon="23.361618">
        <ele>901.916</ele>
        <time>2017-04-02T16:12:23Z</time>
      </trkpt>
      <trkpt lat="46.206956" lon="23.361582">
        <ele>898.808</ele>
        <time>2017-04-02T16:12:40Z</time>
      </trkpt>
      <trkpt lat="46.207043" lon="23.361575">
        <ele>895.257</ele>
        <time>2017-04-02T16:12:55Z</time>
      </trkpt>
      <trkpt lat="46.207121" lon="23.361537">
        <ele>892.123</ele>
        <time>2017-04-02T16:13:09Z</time>
      </trkpt>
      <trkpt lat="46.207201" lon="23.361506">
        <ele>889.036</ele>
        <time>2017-04-02T16:13:26Z</time>
      </trkpt>
      <trkpt lat="46.207285" lon="23.361480">
        <ele>885.735</ele>
        <time>2017-04-02T16:13:39Z</time>
      </trkpt>
      <trkpt lat="46.207378" lon="23.361479">
        <ele>881.878</ele>
        <time>2017-04-02T16:13:51Z</time>
      </trkpt>
      <trkpt lat="46.207463" lon="23.361465">
        <ele>878.377</ele>
        <time>2017-04-02T16:13:59Z</time>
      </trkpt>
      <trkpt lat="46.207549" lon="23.361461">
        <ele>875.416</ele>
        <time>2017-04-02T16:14:09Z</time>
      </trkpt>
      <trkpt lat="46.207633" lon="23.361425">
        <ele>873.186</ele>
        <time>2017-04-02T16:15:17Z</time>
      </trkpt>
      <trkpt lat="46.207713" lon="23.361454">
        <ele>870.823</ele>
        <time>2017-04-02T16:15:24Z</time>
      </trkpt>
      <trkpt lat="46.207796" lon="23.361483">
        <ele>868.683</ele>
        <time>2017-04-02T16:15:32Z</time>
      </trkpt>
      <trkpt lat="46.207885" lon="23.361502">
        <ele>866.511</ele>
        <time>2017-04-02T16:15:40Z</time>
      </trkpt>
      <trkpt lat="46.207969" lon="23.361489">
        <ele>864.608</ele>
        <time>2017-04-02T16:15:47Z</time>
      </trkpt>
      <trkpt lat="46.208056" lon="23.361499">
        <ele>862.673</ele>
        <time>2017-04-02T16:15:54Z</time>
      </trkpt>
      <trkpt lat="46.208141" lon="23.361495">
        <ele>861.499</ele>
        <time>2017-04-02T16:16:01Z</time>
      </trkpt>
      <trkpt lat="46.208227" lon="23.361484">
        <ele>860.272</ele>
        <time>2017-04-02T16:16:07Z</time>
      </trkpt>
      <trkpt lat="46.208308" lon="23.361468">
        <ele>859.181</ele>
        <time>2017-04-02T16:16:12Z</time>
      </trkpt>
      <trkpt lat="46.208399" lon="23.361443">
        <ele>858.324</ele>
        <time>2017-04-02T16:16:19Z</time>
      </trkpt>
      <trkpt lat="46.208493" lon="23.361422">
        <ele>857.743</ele>
        <time>2017-04-02T16:16:26Z</time>
      </trkpt>
      <trkpt lat="46.208578" lon="23.361412">
        <ele>857.132</ele>
        <time>2017-04-02T16:16:33Z</time>
      </trkpt>
      <trkpt lat="46.208651" lon="23.361354">
        <ele>857.452</ele>
        <time>2017-04-02T16:16:39Z</time>
      </trkpt>
      <trkpt lat="46.208709" lon="23.361261">
        <ele>858.128</ele>
        <time>2017-04-02T16:17:59Z</time>
      </trkpt>
      <trkpt lat="46.208795" lon="23.361275">
        <ele>858.289</ele>
        <time>2017-04-02T16:18:10Z</time>
      </trkpt>
      <trkpt lat="46.208879" lon="23.361269">
        <ele>858.417</ele>
        <time>2017-04-02T16:18:27Z</time>
      </trkpt>
      <trkpt lat="46.208961" lon="23.361240">
        <ele>858.808</ele>
        <time>2017-04-02T16:18:35Z</time>
      </trkpt>
      <trkpt lat="46.209006" lon="23.361341">
        <ele>858.633</ele>
        <time>2017-04-02T16:18:45Z</time>
      </trkpt>
      <trkpt lat="46.209088" lon="23.361367">
        <ele>858.839</ele>
        <time>2017-04-02T16:18:50Z</time>
      </trkpt>
      <trkpt lat="46.209133" lon="23.361263">
        <ele>859.342</ele>
        <time>2017-04-02T16:19:03Z</time>
      </trkpt>
      <trkpt lat="46.209203" lon="23.361196">
        <ele>860.231</ele>
        <time>2017-04-02T16:19:09Z</time>
      </trkpt>
      <trkpt lat="46.209266" lon="23.361121">
        <ele>861.464</ele>
        <time>2017-04-02T16:19:24Z</time>
      </trkpt>
      <trkpt lat="46.209294" lon="23.361006">
        <ele>863.363</ele>
        <time>2017-04-02T16:20:00Z</time>
      </trkpt>
      <trkpt lat="46.209334" lon="23.361110">
        <ele>862.412</ele>
        <time>2017-04-02T16:21:58Z</time>
      </trkpt>
      <trkpt lat="46.209356" lon="23.361226">
        <ele>862.052</ele>
        <time>2017-04-02T16:22:07Z</time>
      </trkpt>
      <trkpt lat="46.209329" lon="23.361353">
        <ele>861.092</ele>
        <time>2017-04-02T16:22:15Z</time>
      </trkpt>
      <trkpt lat="46.209320" lon="23.361475">
        <ele>860.273</ele>
        <time>2017-04-02T16:22:24Z</time>
      </trkpt>
      <trkpt lat="46.209315" lon="23.361605">
        <ele>859.420</ele>
        <time>2017-04-02T16:22:34Z</time>
      </trkpt>
      <trkpt lat="46.209334" lon="23.361727">
        <ele>858.708</ele>
        <time>2017-04-02T16:22:48Z</time>
      </trkpt>
    </trkseg>
  </trk></gpx>