<?xml version="1.0" encoding="UTF-8"?>
<gpx creator="Wikiloc - https://www.wikiloc.com" version="1.1" xmlns="http://www.topografix.com/GPX/1/1" xmlns:xsi="http://www.w3.org/2001/XMLSchema-instance" xsi:schemaLocation="http://www.topografix.com/GPX/1/1 http://www.topografix.com/GPX/1/1/gpx.xsd">
  <metadata>
    <name>Wikiloc - Scarita Belioara - Masivul Muntele Mare - Hiking 5/3/15 10:58 am -</name>
    <author>
      <name>Toni Grecu</name>
      <link href="https://www.wikiloc.com/wikiloc/user.do?id=2082631">
        <text>Toni Grecu on Wikiloc</text>
      </link>
    </author>
    <link href="https://www.wikiloc.com/hiking-trails/scarita-belioara-masivul-muntele-mare-hiking-5-3-15-10-58-am-17102068">
      <text>Scarita Belioara - Masivul Muntele Mare - Hiking 5/3/15 10:58 am - on Wikiloc</text>
    </link>
    <time>2015-05-03T13:21:29Z</time>
  </metadata>
  <trk>
    <name>Scarita Belioara - Masivul Muntele Mare - Hiking 5/3/15 10:58 am - - Wikiloc</name>
    <cmt></cmt>
    <desc></desc>
    <trkseg>
      <trkpt lat="46.472460" lon="23.377626">
        <ele>652.054</ele>
        <time>2015-05-03T07:58:39Z</time>
      </trkpt>
      <trkpt lat="46.472463" lon="23.377628">
        <ele>652.056</ele>
        <time>2015-05-03T07:58:41Z</time>
      </trkpt>
      <trkpt lat="46.472546" lon="23.377626">
        <ele>653.111</ele>
        <time>2015-05-03T07:58:56Z</time>
      </trkpt>
      <trkpt lat="46.472623" lon="23.377580">
        <ele>654.008</ele>
        <time>2015-05-03T07:59:05Z</time>
      </trkpt>
      <trkpt lat="46.472893" lon="23.377573">
        <ele>652.356</ele>
        <time>2015-05-03T07:59:19Z</time>
      </trkpt>
      <trkpt lat="46.472905" lon="23.377456">
        <ele>650.972</ele>
        <time>2015-05-03T07:59:35Z</time>
      </trkpt>
      <trkpt lat="46.472973" lon="23.377354">
        <ele>649.526</ele>
        <time>2015-05-03T07:59:49Z</time>
      </trkpt>
      <trkpt lat="46.473055" lon="23.377316">
        <ele>648.245</ele>
        <time>2015-05-03T07:59:55Z</time>
      </trkpt>
      <trkpt lat="46.473083" lon="23.377194">
        <ele>646.847</ele>
        <time>2015-05-03T08:00:03Z</time>
      </trkpt>
      <trkpt lat="46.473055" lon="23.377063">
        <ele>645.535</ele>
        <time>2015-05-03T08:00:15Z</time>
      </trkpt>
      <trkpt lat="46.473113" lon="23.376981">
        <ele>644.121</ele>
        <time>2015-05-03T08:00:26Z</time>
      </trkpt>
      <trkpt lat="46.473161" lon="23.376878">
        <ele>642.723</ele>
        <time>2015-05-03T08:00:36Z</time>
      </trkpt>
      <trkpt lat="46.473205" lon="23.376768">
        <ele>641.449</ele>
        <time>2015-05-03T08:00:47Z</time>
      </trkpt>
      <trkpt lat="46.473258" lon="23.376669">
        <ele>639.202</ele>
        <time>2015-05-03T08:00:57Z</time>
      </trkpt>
      <trkpt lat="46.473300" lon="23.376564">
        <ele>638.122</ele>
        <time>2015-05-03T08:01:08Z</time>
      </trkpt>
      <trkpt lat="46.473351" lon="23.376471">
        <ele>639.208</ele>
        <time>2015-05-03T08:01:18Z</time>
      </trkpt>
      <trkpt lat="46.473426" lon="23.376420">
        <ele>640.745</ele>
        <time>2015-05-03T08:01:26Z</time>
      </trkpt>
      <trkpt lat="46.473508" lon="23.376350">
        <ele>642.351</ele>
        <time>2015-05-03T08:01:46Z</time>
      </trkpt>
      <trkpt lat="46.473600" lon="23.376346">
        <ele>643.865</ele>
        <time>2015-05-03T08:01:51Z</time>
      </trkpt>
      <trkpt lat="46.473678" lon="23.376300">
        <ele>645.434</ele>
        <time>2015-05-03T08:02:01Z</time>
      </trkpt>
      <trkpt lat="46.473773" lon="23.376288">
        <ele>646.956</ele>
        <time>2015-05-03T08:02:11Z</time>
      </trkpt>
      <trkpt lat="46.473863" lon="23.376271">
        <ele>648.564</ele>
        <time>2015-05-03T08:02:16Z</time>
      </trkpt>
      <trkpt lat="46.473933" lon="23.376198">
        <ele>650.050</ele>
        <time>2015-05-03T08:02:25Z</time>
      </trkpt>
      <trkpt lat="46.474016" lon="23.376191">
        <ele>651.542</ele>
        <time>2015-05-03T08:02:29Z</time>
      </trkpt>
      <trkpt lat="46.474104" lon="23.376178">
        <ele>653.115</ele>
        <time>2015-05-03T08:02:35Z</time>
      </trkpt>
      <trkpt lat="46.474090" lon="23.376061">
        <ele>653.565</ele>
        <time>2015-05-03T08:02:50Z</time>
      </trkpt>
      <trkpt lat="46.474158" lon="23.375986">
        <ele>654.011</ele>
        <time>2015-05-03T08:02:58Z</time>
      </trkpt>
      <trkpt lat="46.474261" lon="23.375911">
        <ele>654.008</ele>
        <time>2015-05-03T08:03:23Z</time>
      </trkpt>
      <trkpt lat="46.474346" lon="23.375866">
        <ele>653.962</ele>
        <time>2015-05-03T08:03:28Z</time>
      </trkpt>
      <trkpt lat="46.474291" lon="23.375750">
        <ele>653.898</ele>
        <time>2015-05-03T08:03:48Z</time>
      </trkpt>
      <trkpt lat="46.474348" lon="23.375840">
        <ele>653.782</ele>
        <time>2015-05-03T08:04:02Z</time>
      </trkpt>
      <trkpt lat="46.474451" lon="23.375833">
        <ele>653.631</ele>
        <time>2015-05-03T08:04:09Z</time>
      </trkpt>
      <trkpt lat="46.474556" lon="23.375795">
        <ele>653.513</ele>
        <time>2015-05-03T08:04:12Z</time>
      </trkpt>
      <trkpt lat="46.474650" lon="23.375801">
        <ele>653.531</ele>
        <time>2015-05-03T08:04:19Z</time>
      </trkpt>
      <trkpt lat="46.474736" lon="23.375829">
        <ele>653.437</ele>
        <time>2015-05-03T08:04:25Z</time>
      </trkpt>
      <trkpt lat="46.474823" lon="23.375868">
        <ele>653.379</ele>
        <time>2015-05-03T08:04:28Z</time>
      </trkpt>
      <trkpt lat="46.474906" lon="23.375881">
        <ele>653.291</ele>
        <time>2015-05-03T08:04:33Z</time>
      </trkpt>
      <trkpt lat="46.474993" lon="23.375881">
        <ele>655.881</ele>
        <time>2015-05-03T08:04:37Z</time>
      </trkpt>
      <trkpt lat="46.475086" lon="23.375919">
        <ele>658.519</ele>
        <time>2015-05-03T08:04:40Z</time>
      </trkpt>
      <trkpt lat="46.475170" lon="23.375951">
        <ele>661.208</ele>
        <time>2015-05-03T08:04:48Z</time>
      </trkpt>
      <trkpt lat="46.475265" lon="23.375946">
        <ele>663.920</ele>
        <time>2015-05-03T08:04:57Z</time>
      </trkpt>
      <trkpt lat="46.475368" lon="23.375928">
        <ele>666.686</ele>
        <time>2015-05-03T08:05:06Z</time>
      </trkpt>
      <trkpt lat="46.475486" lon="23.375946">
        <ele>669.480</ele>
        <time>2015-05-03T08:05:11Z</time>
      </trkpt>
      <trkpt lat="46.475581" lon="23.375956">
        <ele>672.149</ele>
        <time>2015-05-03T08:05:17Z</time>
      </trkpt>
      <trkpt lat="46.475680" lon="23.375960">
        <ele>674.811</ele>
        <time>2015-05-03T08:05:23Z</time>
      </trkpt>
      <trkpt lat="46.475591" lon="23.375953">
        <ele>677.599</ele>
        <time>2015-05-03T08:05:25Z</time>
      </trkpt>
      <trkpt lat="46.475675" lon="23.375964">
        <ele>680.395</ele>
        <time>2015-05-03T08:05:35Z</time>
      </trkpt>
      <trkpt lat="46.475756" lon="23.376016">
        <ele>683.097</ele>
        <time>2015-05-03T08:05:46Z</time>
      </trkpt>
      <trkpt lat="46.475846" lon="23.376033">
        <ele>685.216</ele>
        <time>2015-05-03T08:05:48Z</time>
      </trkpt>
      <trkpt lat="46.475935" lon="23.376043">
        <ele>687.476</ele>
        <time>2015-05-03T08:05:51Z</time>
      </trkpt>
      <trkpt lat="46.476018" lon="23.376058">
        <ele>689.513</ele>
        <time>2015-05-03T08:05:57Z</time>
      </trkpt>
      <trkpt lat="46.476099" lon="23.376075">
        <ele>691.708</ele>
        <time>2015-05-03T08:06:02Z</time>
      </trkpt>
      <trkpt lat="46.476200" lon="23.376056">
        <ele>693.922</ele>
        <time>2015-05-03T08:06:10Z</time>
      </trkpt>
      <trkpt lat="46.476300" lon="23.376050">
        <ele>696.148</ele>
        <time>2015-05-03T08:06:13Z</time>
      </trkpt>
      <trkpt lat="46.476383" lon="23.376030">
        <ele>698.312</ele>
        <time>2015-05-03T08:06:16Z</time>
      </trkpt>
      <trkpt lat="46.476473" lon="23.375963">
        <ele>700.551</ele>
        <time>2015-05-03T08:06:21Z</time>
      </trkpt>
      <trkpt lat="46.476540" lon="23.375873">
        <ele>699.713</ele>
        <time>2015-05-03T08:06:28Z</time>
      </trkpt>
      <trkpt lat="46.476636" lon="23.375814">
        <ele>699.041</ele>
        <time>2015-05-03T08:06:32Z</time>
      </trkpt>
      <trkpt lat="46.476689" lon="23.375725">
        <ele>698.387</ele>
        <time>2015-05-03T08:06:46Z</time>
      </trkpt>
      <trkpt lat="46.476756" lon="23.375616">
        <ele>695.479</ele>
        <time>2015-05-03T08:06:53Z</time>
      </trkpt>
      <trkpt lat="46.476826" lon="23.375556">
        <ele>692.516</ele>
        <time>2015-05-03T08:06:58Z</time>
      </trkpt>
      <trkpt lat="46.476920" lon="23.375510">
        <ele>689.576</ele>
        <time>2015-05-03T08:07:03Z</time>
      </trkpt>
      <trkpt lat="46.477001" lon="23.375468">
        <ele>686.713</ele>
        <time>2015-05-03T08:07:08Z</time>
      </trkpt>
      <trkpt lat="46.476971" lon="23.375345">
        <ele>683.908</ele>
        <time>2015-05-03T08:07:15Z</time>
      </trkpt>
      <trkpt lat="46.476989" lon="23.375226">
        <ele>681.152</ele>
        <time>2015-05-03T08:07:21Z</time>
      </trkpt>
      <trkpt lat="46.477051" lon="23.375143">
        <ele>678.358</ele>
        <time>2015-05-03T08:07:25Z</time>
      </trkpt>
      <trkpt lat="46.477148" lon="23.375135">
        <ele>675.562</ele>
        <time>2015-05-03T08:07:31Z</time>
      </trkpt>
      <trkpt lat="46.477233" lon="23.375076">
        <ele>675.541</ele>
        <time>2015-05-03T08:07:41Z</time>
      </trkpt>
      <trkpt lat="46.477315" lon="23.375008">
        <ele>675.623</ele>
        <time>2015-05-03T08:07:51Z</time>
      </trkpt>
      <trkpt lat="46.477416" lon="23.374978">
        <ele>677.381</ele>
        <time>2015-05-03T08:07:55Z</time>
      </trkpt>
      <trkpt lat="46.477501" lon="23.374976">
        <ele>678.947</ele>
        <time>2015-05-03T08:07:58Z</time>
      </trkpt>
      <trkpt lat="46.477578" lon="23.374881">
        <ele>680.579</ele>
        <time>2015-05-03T08:08:10Z</time>
      </trkpt>
      <trkpt lat="46.477660" lon="23.374828">
        <ele>682.288</ele>
        <time>2015-05-03T08:08:20Z</time>
      </trkpt>
      <trkpt lat="46.477765" lon="23.374825">
        <ele>682.924</ele>
        <time>2015-05-03T08:08:24Z</time>
      </trkpt>
      <trkpt lat="46.477768" lon="23.374690">
        <ele>683.626</ele>
        <time>2015-05-03T08:08:35Z</time>
      </trkpt>
      <trkpt lat="46.477828" lon="23.374598">
        <ele>684.408</ele>
        <time>2015-05-03T08:08:50Z</time>
      </trkpt>
      <trkpt lat="46.477766" lon="23.374521">
        <ele>685.149</ele>
        <time>2015-05-03T08:08:57Z</time>
      </trkpt>
      <trkpt lat="46.477904" lon="23.374534">
        <ele>685.855</ele>
        <time>2015-05-03T08:09:07Z</time>
      </trkpt>
      <trkpt lat="46.477996" lon="23.374514">
        <ele>686.559</ele>
        <time>2015-05-03T08:09:13Z</time>
      </trkpt>
      <trkpt lat="46.478111" lon="23.374518">
        <ele>687.338</ele>
        <time>2015-05-03T08:09:17Z</time>
      </trkpt>
      <trkpt lat="46.478230" lon="23.374518">
        <ele>686.520</ele>
        <time>2015-05-03T08:09:19Z</time>
      </trkpt>
      <trkpt lat="46.478311" lon="23.374525">
        <ele>685.668</ele>
        <time>2015-05-03T08:09:21Z</time>
      </trkpt>
      <trkpt lat="46.478378" lon="23.374424">
        <ele>684.824</ele>
        <time>2015-05-03T08:09:29Z</time>
      </trkpt>
      <trkpt lat="46.478486" lon="23.374435">
        <ele>684.036</ele>
        <time>2015-05-03T08:09:33Z</time>
      </trkpt>
      <trkpt lat="46.478585" lon="23.374406">
        <ele>684.084</ele>
        <time>2015-05-03T08:09:39Z</time>
      </trkpt>
      <trkpt lat="46.478660" lon="23.374340">
        <ele>686.507</ele>
        <time>2015-05-03T08:09:51Z</time>
      </trkpt>
      <trkpt lat="46.478720" lon="23.374223">
        <ele>688.017</ele>
        <time>2015-05-03T08:09:59Z</time>
      </trkpt>
      <trkpt lat="46.478731" lon="23.374101">
        <ele>689.508</ele>
        <time>2015-05-03T08:10:04Z</time>
      </trkpt>
      <trkpt lat="46.478703" lon="23.373981">
        <ele>691.179</ele>
        <time>2015-05-03T08:10:08Z</time>
      </trkpt>
      <trkpt lat="46.478776" lon="23.373886">
        <ele>692.665</ele>
        <time>2015-05-03T08:10:14Z</time>
      </trkpt>
      <trkpt lat="46.478788" lon="23.373765">
        <ele>694.279</ele>
        <time>2015-05-03T08:10:23Z</time>
      </trkpt>
      <trkpt lat="46.478900" lon="23.373755">
        <ele>695.728</ele>
        <time>2015-05-03T08:10:25Z</time>
      </trkpt>
      <trkpt lat="46.478980" lon="23.373735">
        <ele>697.370</ele>
        <time>2015-05-03T08:10:29Z</time>
      </trkpt>
      <trkpt lat="46.479073" lon="23.373688">
        <ele>698.878</ele>
        <time>2015-05-03T08:10:35Z</time>
      </trkpt>
      <trkpt lat="46.479153" lon="23.373641">
        <ele>700.434</ele>
        <time>2015-05-03T08:10:39Z</time>
      </trkpt>
      <trkpt lat="46.479238" lon="23.373585">
        <ele>701.526</ele>
        <time>2015-05-03T08:10:45Z</time>
      </trkpt>
      <trkpt lat="46.479321" lon="23.373553">
        <ele>700.119</ele>
        <time>2015-05-03T08:10:51Z</time>
      </trkpt>
      <trkpt lat="46.479415" lon="23.373546">
        <ele>699.609</ele>
        <time>2015-05-03T08:10:53Z</time>
      </trkpt>
      <trkpt lat="46.479506" lon="23.373528">
        <ele>699.219</ele>
        <time>2015-05-03T08:10:57Z</time>
      </trkpt>
      <trkpt lat="46.479580" lon="23.373473">
        <ele>698.708</ele>
        <time>2015-05-03T08:11:00Z</time>
      </trkpt>
      <trkpt lat="46.479671" lon="23.373403">
        <ele>698.322</ele>
        <time>2015-05-03T08:11:04Z</time>
      </trkpt>
      <trkpt lat="46.479743" lon="23.373334">
        <ele>697.828</ele>
        <time>2015-05-03T08:11:11Z</time>
      </trkpt>
      <trkpt lat="46.479794" lon="23.373243">
        <ele>697.422</ele>
        <time>2015-05-03T08:11:17Z</time>
      </trkpt>
      <trkpt lat="46.479825" lon="23.373123">
        <ele>696.931</ele>
        <time>2015-05-03T08:11:28Z</time>
      </trkpt>
      <trkpt lat="46.479891" lon="23.373056">
        <ele>698.753</ele>
        <time>2015-05-03T08:11:33Z</time>
      </trkpt>
      <trkpt lat="46.480006" lon="23.373021">
        <ele>700.571</ele>
        <time>2015-05-03T08:11:36Z</time>
      </trkpt>
      <trkpt lat="46.480093" lon="23.372983">
        <ele>701.267</ele>
        <time>2015-05-03T08:11:41Z</time>
      </trkpt>
      <trkpt lat="46.480174" lon="23.372943">
        <ele>701.879</ele>
        <time>2015-05-03T08:11:45Z</time>
      </trkpt>
      <trkpt lat="46.480278" lon="23.372926">
        <ele>702.582</ele>
        <time>2015-05-03T08:11:47Z</time>
      </trkpt>
      <trkpt lat="46.480339" lon="23.372823">
        <ele>703.143</ele>
        <time>2015-05-03T08:11:54Z</time>
      </trkpt>
      <trkpt lat="46.480390" lon="23.372719">
        <ele>703.717</ele>
        <time>2015-05-03T08:12:01Z</time>
      </trkpt>
      <trkpt lat="46.480473" lon="23.372680">
        <ele>704.408</ele>
        <time>2015-05-03T08:12:05Z</time>
      </trkpt>
      <trkpt lat="46.480556" lon="23.372613">
        <ele>705.049</ele>
        <time>2015-05-03T08:12:11Z</time>
      </trkpt>
      <trkpt lat="46.480625" lon="23.372520">
        <ele>705.685</ele>
        <time>2015-05-03T08:12:20Z</time>
      </trkpt>
      <trkpt lat="46.480583" lon="23.372411">
        <ele>708.089</ele>
        <time>2015-05-03T08:12:34Z</time>
      </trkpt>
      <trkpt lat="46.480654" lon="23.372311">
        <ele>708.178</ele>
        <time>2015-05-03T08:12:38Z</time>
      </trkpt>
      <trkpt lat="46.480770" lon="23.372293">
        <ele>708.290</ele>
        <time>2015-05-03T08:12:41Z</time>
      </trkpt>
      <trkpt lat="46.480858" lon="23.372235">
        <ele>709.938</ele>
        <time>2015-05-03T08:12:45Z</time>
      </trkpt>
      <trkpt lat="46.480923" lon="23.372140">
        <ele>710.534</ele>
        <time>2015-05-03T08:12:51Z</time>
      </trkpt>
      <trkpt lat="46.481001" lon="23.372079">
        <ele>711.256</ele>
        <time>2015-05-03T08:12:54Z</time>
      </trkpt>
      <trkpt lat="46.481058" lon="23.371991">
        <ele>711.869</ele>
        <time>2015-05-03T08:13:04Z</time>
      </trkpt>
      <trkpt lat="46.481095" lon="23.371881">
        <ele>712.504</ele>
        <time>2015-05-03T08:13:13Z</time>
      </trkpt>
      <trkpt lat="46.481196" lon="23.371830">
        <ele>714.224</ele>
        <time>2015-05-03T08:13:18Z</time>
      </trkpt>
      <trkpt lat="46.481305" lon="23.371795">
        <ele>714.808</ele>
        <time>2015-05-03T08:13:21Z</time>
      </trkpt>
      <trkpt lat="46.481388" lon="23.371764">
        <ele>715.547</ele>
        <time>2015-05-03T08:13:25Z</time>
      </trkpt>
      <trkpt lat="46.481483" lon="23.371716">
        <ele>714.453</ele>
        <time>2015-05-03T08:13:28Z</time>
      </trkpt>
      <trkpt lat="46.481390" lon="23.371640">
        <ele>713.317</ele>
        <time>2015-05-03T08:13:45Z</time>
      </trkpt>
      <trkpt lat="46.481245" lon="23.371643">
        <ele>712.256</ele>
        <time>2015-05-03T08:13:49Z</time>
      </trkpt>
      <trkpt lat="46.481335" lon="23.371593">
        <ele>712.288</ele>
        <time>2015-05-03T08:14:09Z</time>
      </trkpt>
      <trkpt lat="46.481431" lon="23.371501">
        <ele>713.376</ele>
        <time>2015-05-03T08:14:20Z</time>
      </trkpt>
      <trkpt lat="46.481538" lon="23.371491">
        <ele>714.422</ele>
        <time>2015-05-03T08:14:22Z</time>
      </trkpt>
      <trkpt lat="46.481658" lon="23.371413">
        <ele>715.544</ele>
        <time>2015-05-03T08:14:30Z</time>
      </trkpt>
      <trkpt lat="46.481740" lon="23.371383">
        <ele>716.583</ele>
        <time>2015-05-03T08:14:38Z</time>
      </trkpt>
      <trkpt lat="46.481734" lon="23.371246">
        <ele>716.125</ele>
        <time>2015-05-03T08:14:43Z</time>
      </trkpt>
      <trkpt lat="46.481815" lon="23.371170">
        <ele>716.717</ele>
        <time>2015-05-03T08:14:52Z</time>
      </trkpt>
      <trkpt lat="46.481891" lon="23.371123">
        <ele>717.408</ele>
        <time>2015-05-03T08:14:56Z</time>
      </trkpt>
      <trkpt lat="46.481978" lon="23.371096">
        <ele>718.069</ele>
        <time>2015-05-03T08:15:03Z</time>
      </trkpt>
      <trkpt lat="46.482060" lon="23.371025">
        <ele>718.675</ele>
        <time>2015-05-03T08:15:10Z</time>
      </trkpt>
      <trkpt lat="46.482156" lon="23.370966">
        <ele>719.369</ele>
        <time>2015-05-03T08:15:15Z</time>
      </trkpt>
      <trkpt lat="46.482215" lon="23.370873">
        <ele>718.888</ele>
        <time>2015-05-03T08:15:23Z</time>
      </trkpt>
      <trkpt lat="46.482286" lon="23.370818">
        <ele>718.410</ele>
        <time>2015-05-03T08:15:34Z</time>
      </trkpt>
      <trkpt lat="46.482380" lon="23.370758">
        <ele>717.958</ele>
        <time>2015-05-03T08:15:41Z</time>
      </trkpt>
      <trkpt lat="46.482470" lon="23.370741">
        <ele>717.514</ele>
        <time>2015-05-03T08:15:54Z</time>
      </trkpt>
      <trkpt lat="46.482550" lon="23.370695">
        <ele>718.676</ele>
        <time>2015-05-03T08:16:00Z</time>
      </trkpt>
      <trkpt lat="46.482645" lon="23.370663">
        <ele>720.353</ele>
        <time>2015-05-03T08:16:08Z</time>
      </trkpt>
      <trkpt lat="46.482723" lon="23.370606">
        <ele>721.004</ele>
        <time>2015-05-03T08:16:19Z</time>
      </trkpt>
      <trkpt lat="46.482831" lon="23.370569">
        <ele>721.714</ele>
        <time>2015-05-03T08:16:24Z</time>
      </trkpt>
      <trkpt lat="46.482913" lon="23.370515">
        <ele>722.508</ele>
        <time>2015-05-03T08:16:30Z</time>
      </trkpt>
      <trkpt lat="46.483003" lon="23.370488">
        <ele>723.216</ele>
        <time>2015-05-03T08:16:36Z</time>
      </trkpt>
      <trkpt lat="46.483084" lon="23.370471">
        <ele>723.962</ele>
        <time>2015-05-03T08:16:42Z</time>
      </trkpt>
      <trkpt lat="46.483163" lon="23.370436">
        <ele>724.666</ele>
        <time>2015-05-03T08:16:49Z</time>
      </trkpt>
      <trkpt lat="46.483074" lon="23.370411">
        <ele>725.425</ele>
        <time>2015-05-03T08:17:49Z</time>
      </trkpt>
      <trkpt lat="46.483155" lon="23.370373">
        <ele>726.147</ele>
        <time>2015-05-03T08:18:07Z</time>
      </trkpt>
      <trkpt lat="46.483243" lon="23.370333">
        <ele>726.835</ele>
        <time>2015-05-03T08:18:24Z</time>
      </trkpt>
      <trkpt lat="46.483338" lon="23.370275">
        <ele>725.931</ele>
        <time>2015-05-03T08:18:35Z</time>
      </trkpt>
      <trkpt lat="46.483441" lon="23.370221">
        <ele>725.993</ele>
        <time>2015-05-03T08:18:43Z</time>
      </trkpt>
      <trkpt lat="46.483515" lon="23.370161">
        <ele>726.842</ele>
        <time>2015-05-03T08:18:54Z</time>
      </trkpt>
      <trkpt lat="46.483584" lon="23.370101">
        <ele>727.722</ele>
        <time>2015-05-03T08:19:02Z</time>
      </trkpt>
      <trkpt lat="46.483666" lon="23.370025">
        <ele>728.614</ele>
        <time>2015-05-03T08:19:11Z</time>
      </trkpt>
      <trkpt lat="46.483719" lon="23.369926">
        <ele>729.508</ele>
        <time>2015-05-03T08:19:19Z</time>
      </trkpt>
      <trkpt lat="46.483803" lon="23.369890">
        <ele>730.985</ele>
        <time>2015-05-03T08:19:27Z</time>
      </trkpt>
      <trkpt lat="46.483876" lon="23.369819">
        <ele>732.371</ele>
        <time>2015-05-03T08:19:35Z</time>
      </trkpt>
      <trkpt lat="46.483961" lon="23.369796">
        <ele>733.635</ele>
        <time>2015-05-03T08:19:40Z</time>
      </trkpt>
      <trkpt lat="46.484045" lon="23.369761">
        <ele>735.064</ele>
        <time>2015-05-03T08:19:45Z</time>
      </trkpt>
      <trkpt lat="46.484121" lon="23.369710">
        <ele>736.496</ele>
        <time>2015-05-03T08:19:52Z</time>
      </trkpt>
      <trkpt lat="46.484183" lon="23.369631">
        <ele>737.734</ele>
        <time>2015-05-03T08:20:03Z</time>
      </trkpt>
      <trkpt lat="46.484261" lon="23.369600">
        <ele>738.280</ele>
        <time>2015-05-03T08:20:13Z</time>
      </trkpt>
      <trkpt lat="46.484353" lon="23.369593">
        <ele>738.542</ele>
        <time>2015-05-03T08:20:20Z</time>
      </trkpt>
      <trkpt lat="46.484259" lon="23.369593">
        <ele>738.758</ele>
        <time>2015-05-03T08:20:29Z</time>
      </trkpt>
      <trkpt lat="46.484360" lon="23.369594">
        <ele>739.052</ele>
        <time>2015-05-03T08:21:07Z</time>
      </trkpt>
      <trkpt lat="46.484450" lon="23.369578">
        <ele>739.317</ele>
        <time>2015-05-03T08:21:11Z</time>
      </trkpt>
      <trkpt lat="46.484538" lon="23.369553">
        <ele>739.108</ele>
        <time>2015-05-03T08:21:17Z</time>
      </trkpt>
      <trkpt lat="46.484621" lon="23.369546">
        <ele>739.866</ele>
        <time>2015-05-03T08:21:21Z</time>
      </trkpt>
      <trkpt lat="46.484723" lon="23.369523">
        <ele>740.542</ele>
        <time>2015-05-03T08:21:25Z</time>
      </trkpt>
      <trkpt lat="46.484816" lon="23.369526">
        <ele>741.386</ele>
        <time>2015-05-03T08:21:29Z</time>
      </trkpt>
      <trkpt lat="46.484898" lon="23.369556">
        <ele>742.075</ele>
        <time>2015-05-03T08:21:35Z</time>
      </trkpt>
      <trkpt lat="46.484968" lon="23.369631">
        <ele>741.847</ele>
        <time>2015-05-03T08:21:45Z</time>
      </trkpt>
      <trkpt lat="46.485046" lon="23.369684">
        <ele>743.525</ele>
        <time>2015-05-03T08:21:53Z</time>
      </trkpt>
      <trkpt lat="46.485128" lon="23.369729">
        <ele>745.351</ele>
        <time>2015-05-03T08:22:05Z</time>
      </trkpt>
      <trkpt lat="46.485270" lon="23.369673">
        <ele>747.183</ele>
        <time>2015-05-03T08:22:28Z</time>
      </trkpt>
      <trkpt lat="46.485358" lon="23.369650">
        <ele>748.951</ele>
        <time>2015-05-03T08:22:32Z</time>
      </trkpt>
      <trkpt lat="46.485429" lon="23.369571">
        <ele>750.701</ele>
        <time>2015-05-03T08:22:41Z</time>
      </trkpt>
      <trkpt lat="46.485583" lon="23.369503">
        <ele>750.711</ele>
        <time>2015-05-03T08:23:07Z</time>
      </trkpt>
      <trkpt lat="46.485685" lon="23.369461">
        <ele>749.808</ele>
        <time>2015-05-03T08:23:08Z</time>
      </trkpt>
      <trkpt lat="46.485623" lon="23.369355">
        <ele>748.966</ele>
        <time>2015-05-03T08:23:16Z</time>
      </trkpt>
      <trkpt lat="46.485540" lon="23.369305">
        <ele>748.092</ele>
        <time>2015-05-03T08:23:24Z</time>
      </trkpt>
      <trkpt lat="46.485466" lon="23.369228">
        <ele>747.146</ele>
        <time>2015-05-03T08:23:31Z</time>
      </trkpt>
      <trkpt lat="46.485395" lon="23.369166">
        <ele>747.125</ele>
        <time>2015-05-03T08:23:37Z</time>
      </trkpt>
      <trkpt lat="46.485324" lon="23.369098">
        <ele>745.317</ele>
        <time>2015-05-03T08:23:43Z</time>
      </trkpt>
      <trkpt lat="46.485240" lon="23.369059">
        <ele>743.535</ele>
        <time>2015-05-03T08:23:46Z</time>
      </trkpt>
      <trkpt lat="46.485103" lon="23.369021">
        <ele>742.561</ele>
        <time>2015-05-03T08:23:50Z</time>
      </trkpt>
      <trkpt lat="46.485035" lon="23.368958">
        <ele>741.513</ele>
        <time>2015-05-03T08:23:56Z</time>
      </trkpt>
      <trkpt lat="46.484948" lon="23.368924">
        <ele>740.542</ele>
        <time>2015-05-03T08:24:03Z</time>
      </trkpt>
      <trkpt lat="46.484865" lon="23.368898">
        <ele>741.322</ele>
        <time>2015-05-03T08:24:07Z</time>
      </trkpt>
      <trkpt lat="46.484943" lon="23.368846">
        <ele>742.114</ele>
        <time>2015-05-03T08:24:23Z</time>
      </trkpt>
      <trkpt lat="46.484964" lon="23.368718">
        <ele>742.908</ele>
        <time>2015-05-03T08:24:35Z</time>
      </trkpt>
      <trkpt lat="46.484968" lon="23.368600">
        <ele>743.745</ele>
        <time>2015-05-03T08:24:50Z</time>
      </trkpt>
      <trkpt lat="46.485068" lon="23.368555">
        <ele>744.541</ele>
        <time>2015-05-03T08:24:55Z</time>
      </trkpt>
      <trkpt lat="46.485069" lon="23.368425">
        <ele>745.415</ele>
        <time>2015-05-03T08:25:05Z</time>
      </trkpt>
      <trkpt lat="46.485068" lon="23.368299">
        <ele>747.984</ele>
        <time>2015-05-03T08:25:15Z</time>
      </trkpt>
      <trkpt lat="46.485153" lon="23.368243">
        <ele>750.366</ele>
        <time>2015-05-03T08:25:22Z</time>
      </trkpt>
      <trkpt lat="46.485230" lon="23.368198">
        <ele>751.884</ele>
        <time>2015-05-03T08:25:27Z</time>
      </trkpt>
      <trkpt lat="46.485249" lon="23.368078">
        <ele>753.470</ele>
        <time>2015-05-03T08:25:40Z</time>
      </trkpt>
      <trkpt lat="46.485330" lon="23.368006">
        <ele>754.952</ele>
        <time>2015-05-03T08:25:49Z</time>
      </trkpt>
      <trkpt lat="46.485408" lon="23.367935">
        <ele>756.588</ele>
        <time>2015-05-03T08:26:00Z</time>
      </trkpt>
      <trkpt lat="46.485490" lon="23.367905">
        <ele>758.024</ele>
        <time>2015-05-03T08:26:05Z</time>
      </trkpt>
      <trkpt lat="46.485581" lon="23.367845">
        <ele>759.526</ele>
        <time>2015-05-03T08:26:14Z</time>
      </trkpt>
      <trkpt lat="46.485665" lon="23.367848">
        <ele>761.108</ele>
        <time>2015-05-03T08:26:19Z</time>
      </trkpt>
      <trkpt lat="46.485748" lon="23.367808">
        <ele>762.619</ele>
        <time>2015-05-03T08:26:30Z</time>
      </trkpt>
      <trkpt lat="46.485830" lon="23.367853">
        <ele>764.295</ele>
        <time>2015-05-03T08:26:41Z</time>
      </trkpt>
      <trkpt lat="46.485915" lon="23.367848">
        <ele>764.049</ele>
        <time>2015-05-03T08:26:56Z</time>
      </trkpt>
      <trkpt lat="46.485991" lon="23.367804">
        <ele>764.088</ele>
        <time>2015-05-03T08:27:13Z</time>
      </trkpt>
      <trkpt lat="46.485971" lon="23.367666">
        <ele>764.090</ele>
        <time>2015-05-03T08:27:49Z</time>
      </trkpt>
      <trkpt lat="46.485974" lon="23.367545">
        <ele>765.858</ele>
        <time>2015-05-03T08:27:58Z</time>
      </trkpt>
      <trkpt lat="46.486068" lon="23.367496">
        <ele>767.644</ele>
        <time>2015-05-03T08:28:24Z</time>
      </trkpt>
      <trkpt lat="46.486040" lon="23.367378">
        <ele>767.616</ele>
        <time>2015-05-03T08:28:37Z</time>
      </trkpt>
      <trkpt lat="46.485971" lon="23.367255">
        <ele>767.625</ele>
        <time>2015-05-03T08:29:13Z</time>
      </trkpt>
      <trkpt lat="46.485891" lon="23.367236">
        <ele>767.626</ele>
        <time>2015-05-03T08:29:20Z</time>
      </trkpt>
      <trkpt lat="46.485841" lon="23.367135">
        <ele>767.608</ele>
        <time>2015-05-03T08:29:30Z</time>
      </trkpt>
      <trkpt lat="46.485763" lon="23.367083">
        <ele>767.608</ele>
        <time>2015-05-03T08:29:38Z</time>
      </trkpt>
      <trkpt lat="46.485834" lon="23.367173">
        <ele>767.643</ele>
        <time>2015-05-03T08:32:09Z</time>
      </trkpt>
      <trkpt lat="46.485918" lon="23.367225">
        <ele>767.629</ele>
        <time>2015-05-03T08:32:30Z</time>
      </trkpt>
      <trkpt lat="46.485969" lon="23.367318">
        <ele>767.613</ele>
        <time>2015-05-03T08:32:40Z</time>
      </trkpt>
      <trkpt lat="46.485978" lon="23.367438">
        <ele>767.622</ele>
        <time>2015-05-03T08:32:44Z</time>
      </trkpt>
      <trkpt lat="46.485950" lon="23.367549">
        <ele>767.574</ele>
        <time>2015-05-03T08:32:53Z</time>
      </trkpt>
      <trkpt lat="46.485976" lon="23.367666">
        <ele>767.332</ele>
        <time>2015-05-03T08:33:01Z</time>
      </trkpt>
      <trkpt lat="46.486056" lon="23.367751">
        <ele>768.968</ele>
        <time>2015-05-03T08:33:08Z</time>
      </trkpt>
      <trkpt lat="46.486141" lon="23.367801">
        <ele>770.520</ele>
        <time>2015-05-03T08:33:14Z</time>
      </trkpt>
      <trkpt lat="46.486229" lon="23.367843">
        <ele>772.217</ele>
        <time>2015-05-03T08:33:21Z</time>
      </trkpt>
      <trkpt lat="46.486315" lon="23.367886">
        <ele>772.287</ele>
        <time>2015-05-03T08:33:28Z</time>
      </trkpt>
      <trkpt lat="46.486396" lon="23.367860">
        <ele>772.215</ele>
        <time>2015-05-03T08:33:44Z</time>
      </trkpt>
      <trkpt lat="46.486480" lon="23.367821">
        <ele>772.208</ele>
        <time>2015-05-03T08:33:55Z</time>
      </trkpt>
      <trkpt lat="46.486391" lon="23.367838">
        <ele>772.242</ele>
        <time>2015-05-03T08:34:13Z</time>
      </trkpt>
      <trkpt lat="46.486321" lon="23.367768">
        <ele>772.258</ele>
        <time>2015-05-03T08:34:21Z</time>
      </trkpt>
      <trkpt lat="46.486244" lon="23.367725">
        <ele>772.252</ele>
        <time>2015-05-03T08:34:28Z</time>
      </trkpt>
      <trkpt lat="46.486166" lon="23.367683">
        <ele>770.561</ele>
        <time>2015-05-03T08:34:35Z</time>
      </trkpt>
      <trkpt lat="46.486048" lon="23.367720">
        <ele>768.923</ele>
        <time>2015-05-03T08:34:57Z</time>
      </trkpt>
      <trkpt lat="46.485974" lon="23.367776">
        <ele>767.381</ele>
        <time>2015-05-03T08:35:14Z</time>
      </trkpt>
      <trkpt lat="46.485883" lon="23.367800">
        <ele>765.697</ele>
        <time>2015-05-03T08:35:42Z</time>
      </trkpt>
      <trkpt lat="46.485798" lon="23.367830">
        <ele>762.599</ele>
        <time>2015-05-03T08:35:51Z</time>
      </trkpt>
      <trkpt lat="46.485708" lon="23.367835">
        <ele>760.952</ele>
        <time>2015-05-03T08:36:00Z</time>
      </trkpt>
      <trkpt lat="46.485626" lon="23.367849">
        <ele>759.453</ele>
        <time>2015-05-03T08:36:08Z</time>
      </trkpt>
      <trkpt lat="46.485541" lon="23.367878">
        <ele>757.808</ele>
        <time>2015-05-03T08:36:16Z</time>
      </trkpt>
      <trkpt lat="46.485458" lon="23.367930">
        <ele>756.308</ele>
        <time>2015-05-03T08:36:24Z</time>
      </trkpt>
      <trkpt lat="46.485381" lon="23.368003">
        <ele>754.736</ele>
        <time>2015-05-03T08:36:30Z</time>
      </trkpt>
      <trkpt lat="46.485323" lon="23.368096">
        <ele>753.262</ele>
        <time>2015-05-03T08:36:45Z</time>
      </trkpt>
      <trkpt lat="46.485278" lon="23.368206">
        <ele>751.646</ele>
        <time>2015-05-03T08:36:52Z</time>
      </trkpt>
      <trkpt lat="46.485230" lon="23.368308">
        <ele>749.375</ele>
        <time>2015-05-03T08:37:00Z</time>
      </trkpt>
      <trkpt lat="46.485176" lon="23.368408">
        <ele>746.987</ele>
        <time>2015-05-03T08:37:07Z</time>
      </trkpt>
      <trkpt lat="46.485130" lon="23.368525">
        <ele>744.515</ele>
        <time>2015-05-03T08:37:13Z</time>
      </trkpt>
      <trkpt lat="46.485071" lon="23.368621">
        <ele>743.751</ele>
        <time>2015-05-03T08:37:19Z</time>
      </trkpt>
      <trkpt lat="46.485040" lon="23.368756">
        <ele>742.923</ele>
        <time>2015-05-03T08:37:25Z</time>
      </trkpt>
      <trkpt lat="46.484993" lon="23.368863">
        <ele>742.157</ele>
        <time>2015-05-03T08:37:29Z</time>
      </trkpt>
      <trkpt lat="46.484921" lon="23.368956">
        <ele>741.300</ele>
        <time>2015-05-03T08:37:34Z</time>
      </trkpt>
      <trkpt lat="46.484898" lon="23.369076">
        <ele>740.620</ele>
        <time>2015-05-03T08:37:39Z</time>
      </trkpt>
      <trkpt lat="46.484861" lon="23.369186">
        <ele>740.008</ele>
        <time>2015-05-03T08:37:45Z</time>
      </trkpt>
      <trkpt lat="46.484790" lon="23.369271">
        <ele>739.456</ele>
        <time>2015-05-03T08:37:52Z</time>
      </trkpt>
      <trkpt lat="46.484713" lon="23.369350">
        <ele>738.722</ele>
        <time>2015-05-03T08:37:59Z</time>
      </trkpt>
      <trkpt lat="46.484646" lon="23.369418">
        <ele>738.576</ele>
        <time>2015-05-03T08:38:05Z</time>
      </trkpt>
      <trkpt lat="46.484550" lon="23.369451">
        <ele>738.235</ele>
        <time>2015-05-03T08:38:12Z</time>
      </trkpt>
      <trkpt lat="46.484475" lon="23.369505">
        <ele>737.987</ele>
        <time>2015-05-03T08:38:16Z</time>
      </trkpt>
      <trkpt lat="46.484394" lon="23.369553">
        <ele>737.655</ele>
        <time>2015-05-03T08:38:22Z</time>
      </trkpt>
      <trkpt lat="46.484303" lon="23.369593">
        <ele>737.431</ele>
        <time>2015-05-03T08:38:28Z</time>
      </trkpt>
      <trkpt lat="46.484230" lon="23.369656">
        <ele>737.183</ele>
        <time>2015-05-03T08:38:33Z</time>
      </trkpt>
      <trkpt lat="46.484153" lon="23.369696">
        <ele>735.973</ele>
        <time>2015-05-03T08:38:38Z</time>
      </trkpt>
      <trkpt lat="46.484076" lon="23.369773">
        <ele>734.585</ele>
        <time>2015-05-03T08:38:44Z</time>
      </trkpt>
      <trkpt lat="46.484016" lon="23.369863">
        <ele>733.213</ele>
        <time>2015-05-03T08:38:50Z</time>
      </trkpt>
      <trkpt lat="46.483944" lon="23.369946">
        <ele>731.808</ele>
        <time>2015-05-03T08:38:56Z</time>
      </trkpt>
      <trkpt lat="46.483861" lon="23.369999">
        <ele>730.578</ele>
        <time>2015-05-03T08:39:02Z</time>
      </trkpt>
      <trkpt lat="46.483786" lon="23.370044">
        <ele>729.584</ele>
        <time>2015-05-03T08:39:06Z</time>
      </trkpt>
      <trkpt lat="46.483706" lon="23.370113">
        <ele>728.648</ele>
        <time>2015-05-03T08:39:11Z</time>
      </trkpt>
      <trkpt lat="46.483629" lon="23.370171">
        <ele>727.757</ele>
        <time>2015-05-03T08:39:19Z</time>
      </trkpt>
      <trkpt lat="46.483550" lon="23.370200">
        <ele>726.819</ele>
        <time>2015-05-03T08:39:25Z</time>
      </trkpt>
      <trkpt lat="46.483458" lon="23.370226">
        <ele>725.927</ele>
        <time>2015-05-03T08:39:32Z</time>
      </trkpt>
      <trkpt lat="46.483378" lon="23.370248">
        <ele>725.223</ele>
        <time>2015-05-03T08:39:35Z</time>
      </trkpt>
      <trkpt lat="46.483299" lon="23.370293">
        <ele>724.595</ele>
        <time>2015-05-03T08:39:39Z</time>
      </trkpt>
      <trkpt lat="46.483218" lon="23.370346">
        <ele>723.766</ele>
        <time>2015-05-03T08:39:44Z</time>
      </trkpt>
      <trkpt lat="46.483134" lon="23.370396">
        <ele>723.029</ele>
        <time>2015-05-03T08:39:49Z</time>
      </trkpt>
      <trkpt lat="46.483050" lon="23.370425">
        <ele>722.321</ele>
        <time>2015-05-03T08:39:55Z</time>
      </trkpt>
      <trkpt lat="46.482963" lon="23.370451">
        <ele>721.508</ele>
        <time>2015-05-03T08:40:01Z</time>
      </trkpt>
      <trkpt lat="46.482876" lon="23.370481">
        <ele>720.877</ele>
        <time>2015-05-03T08:40:06Z</time>
      </trkpt>
      <trkpt lat="46.482785" lon="23.370506">
        <ele>720.173</ele>
        <time>2015-05-03T08:40:12Z</time>
      </trkpt>
      <trkpt lat="46.482698" lon="23.370524">
        <ele>720.347</ele>
        <time>2015-05-03T08:40:20Z</time>
      </trkpt>
      <trkpt lat="46.482621" lon="23.370591">
        <ele>720.366</ele>
        <time>2015-05-03T08:40:27Z</time>
      </trkpt>
      <trkpt lat="46.482693" lon="23.370530">
        <ele>720.368</ele>
        <time>2015-05-03T08:40:51Z</time>
      </trkpt>
      <trkpt lat="46.482785" lon="23.370490">
        <ele>720.156</ele>
        <time>2015-05-03T08:40:58Z</time>
      </trkpt>
      <trkpt lat="46.482870" lon="23.370471">
        <ele>720.882</ele>
        <time>2015-05-03T08:41:04Z</time>
      </trkpt>
      <trkpt lat="46.482954" lon="23.370430">
        <ele>721.574</ele>
        <time>2015-05-03T08:41:10Z</time>
      </trkpt>
      <trkpt lat="46.483039" lon="23.370413">
        <ele>722.345</ele>
        <time>2015-05-03T08:41:16Z</time>
      </trkpt>
      <trkpt lat="46.483128" lon="23.370370">
        <ele>723.047</ele>
        <time>2015-05-03T08:41:24Z</time>
      </trkpt>
      <trkpt lat="46.483208" lon="23.370311">
        <ele>723.711</ele>
        <time>2015-05-03T08:41:30Z</time>
      </trkpt>
      <trkpt lat="46.483288" lon="23.370261">
        <ele>724.508</ele>
        <time>2015-05-03T08:41:36Z</time>
      </trkpt>
      <trkpt lat="46.483363" lon="23.370216">
        <ele>725.225</ele>
        <time>2015-05-03T08:41:42Z</time>
      </trkpt>
      <trkpt lat="46.483448" lon="23.370163">
        <ele>725.951</ele>
        <time>2015-05-03T08:41:49Z</time>
      </trkpt>
      <trkpt lat="46.483534" lon="23.370145">
        <ele>726.865</ele>
        <time>2015-05-03T08:41:56Z</time>
      </trkpt>
      <trkpt lat="46.483625" lon="23.370105">
        <ele>727.794</ele>
        <time>2015-05-03T08:42:03Z</time>
      </trkpt>
      <trkpt lat="46.483708" lon="23.370060">
        <ele>728.656</ele>
        <time>2015-05-03T08:42:09Z</time>
      </trkpt>
      <trkpt lat="46.483788" lon="23.369993">
        <ele>729.514</ele>
        <time>2015-05-03T08:42:16Z</time>
      </trkpt>
      <trkpt lat="46.483863" lon="23.369941">
        <ele>730.910</ele>
        <time>2015-05-03T08:42:22Z</time>
      </trkpt>
      <trkpt lat="46.483950" lon="23.369905">
        <ele>732.372</ele>
        <time>2015-05-03T08:42:33Z</time>
      </trkpt>
      <trkpt lat="46.484016" lon="23.369821">
        <ele>733.685</ele>
        <time>2015-05-03T08:42:40Z</time>
      </trkpt>
      <trkpt lat="46.484073" lon="23.369723">
        <ele>735.089</ele>
        <time>2015-05-03T08:42:46Z</time>
      </trkpt>
      <trkpt lat="46.484141" lon="23.369641">
        <ele>736.417</ele>
        <time>2015-05-03T08:42:53Z</time>
      </trkpt>
      <trkpt lat="46.484221" lon="23.369575">
        <ele>737.508</ele>
        <time>2015-05-03T08:43:00Z</time>
      </trkpt>
      <trkpt lat="46.484303" lon="23.369528">
        <ele>737.889</ele>
        <time>2015-05-03T08:43:06Z</time>
      </trkpt>
      <trkpt lat="46.484373" lon="23.369453">
        <ele>738.175</ele>
        <time>2015-05-03T08:43:13Z</time>
      </trkpt>
      <trkpt lat="46.484463" lon="23.369440">
        <ele>738.439</ele>
        <time>2015-05-03T08:43:19Z</time>
      </trkpt>
      <trkpt lat="46.484550" lon="23.369436">
        <ele>738.618</ele>
        <time>2015-05-03T08:43:25Z</time>
      </trkpt>
      <trkpt lat="46.484630" lon="23.369408">
        <ele>738.920</ele>
        <time>2015-05-03T08:43:31Z</time>
      </trkpt>
      <trkpt lat="46.484706" lon="23.369350">
        <ele>738.748</ele>
        <time>2015-05-03T08:43:40Z</time>
      </trkpt>
      <trkpt lat="46.484768" lon="23.369263">
        <ele>739.484</ele>
        <time>2015-05-03T08:43:47Z</time>
      </trkpt>
      <trkpt lat="46.484823" lon="23.369171">
        <ele>740.026</ele>
        <time>2015-05-03T08:43:54Z</time>
      </trkpt>
      <trkpt lat="46.484873" lon="23.369073">
        <ele>740.628</ele>
        <time>2015-05-03T08:44:02Z</time>
      </trkpt>
      <trkpt lat="46.484905" lon="23.368960">
        <ele>741.389</ele>
        <time>2015-05-03T08:44:12Z</time>
      </trkpt>
      <trkpt lat="46.484948" lon="23.368860">
        <ele>742.117</ele>
        <time>2015-05-03T08:44:21Z</time>
      </trkpt>
      <trkpt lat="46.484976" lon="23.368738">
        <ele>742.908</ele>
        <time>2015-05-03T08:44:29Z</time>
      </trkpt>
      <trkpt lat="46.485011" lon="23.368611">
        <ele>743.753</ele>
        <time>2015-05-03T08:44:37Z</time>
      </trkpt>
      <trkpt lat="46.485051" lon="23.368506">
        <ele>744.529</ele>
        <time>2015-05-03T08:44:44Z</time>
      </trkpt>
      <trkpt lat="46.485088" lon="23.368391">
        <ele>747.173</ele>
        <time>2015-05-03T08:44:52Z</time>
      </trkpt>
      <trkpt lat="46.485133" lon="23.368278">
        <ele>749.582</ele>
        <time>2015-05-03T08:45:01Z</time>
      </trkpt>
      <trkpt lat="46.485195" lon="23.368178">
        <ele>751.864</ele>
        <time>2015-05-03T08:45:09Z</time>
      </trkpt>
      <trkpt lat="46.485261" lon="23.368095">
        <ele>753.412</ele>
        <time>2015-05-03T08:45:16Z</time>
      </trkpt>
      <trkpt lat="46.485333" lon="23.368021">
        <ele>754.998</ele>
        <time>2015-05-03T08:45:51Z</time>
      </trkpt>
      <trkpt lat="46.485396" lon="23.367943">
        <ele>756.510</ele>
        <time>2015-05-03T08:45:58Z</time>
      </trkpt>
      <trkpt lat="46.485471" lon="23.367878">
        <ele>758.053</ele>
        <time>2015-05-03T08:46:07Z</time>
      </trkpt>
      <trkpt lat="46.485551" lon="23.367825">
        <ele>759.504</ele>
        <time>2015-05-03T08:46:16Z</time>
      </trkpt>
      <trkpt lat="46.485640" lon="23.367833">
        <ele>761.114</ele>
        <time>2015-05-03T08:46:25Z</time>
      </trkpt>
      <trkpt lat="46.485721" lon="23.367833">
        <ele>762.608</ele>
        <time>2015-05-03T08:46:32Z</time>
      </trkpt>
      <trkpt lat="46.485806" lon="23.367845">
        <ele>764.286</ele>
        <time>2015-05-03T08:46:40Z</time>
      </trkpt>
      <trkpt lat="46.485891" lon="23.367820">
        <ele>764.012</ele>
        <time>2015-05-03T08:46:51Z</time>
      </trkpt>
      <trkpt lat="46.485971" lon="23.367788">
        <ele>764.096</ele>
        <time>2015-05-03T08:47:17Z</time>
      </trkpt>
      <trkpt lat="46.485944" lon="23.367665">
        <ele>764.025</ele>
        <time>2015-05-03T08:47:28Z</time>
      </trkpt>
      <trkpt lat="46.485938" lon="23.367545">
        <ele>765.827</ele>
        <time>2015-05-03T08:47:36Z</time>
      </trkpt>
      <trkpt lat="46.485933" lon="23.367411">
        <ele>767.645</ele>
        <time>2015-05-03T08:47:47Z</time>
      </trkpt>
      <trkpt lat="46.485893" lon="23.367303">
        <ele>769.531</ele>
        <time>2015-05-03T08:47:55Z</time>
      </trkpt>
      <trkpt lat="46.485836" lon="23.367218">
        <ele>771.373</ele>
        <time>2015-05-03T08:48:04Z</time>
      </trkpt>
      <trkpt lat="46.485751" lon="23.367178">
        <ele>773.116</ele>
        <time>2015-05-03T08:48:14Z</time>
      </trkpt>
      <trkpt lat="46.485691" lon="23.367091">
        <ele>774.976</ele>
        <time>2015-05-03T08:48:22Z</time>
      </trkpt>
      <trkpt lat="46.485661" lon="23.366979">
        <ele>776.713</ele>
        <time>2015-05-03T08:48:34Z</time>
      </trkpt>
      <trkpt lat="46.485601" lon="23.366878">
        <ele>780.908</ele>
        <time>2015-05-03T08:48:49Z</time>
      </trkpt>
      <trkpt lat="46.485564" lon="23.366771">
        <ele>783.772</ele>
        <time>2015-05-03T08:48:57Z</time>
      </trkpt>
      <trkpt lat="46.485525" lon="23.366660">
        <ele>786.578</ele>
        <time>2015-05-03T08:49:05Z</time>
      </trkpt>
      <trkpt lat="46.485491" lon="23.366550">
        <ele>789.412</ele>
        <time>2015-05-03T08:49:16Z</time>
      </trkpt>
      <trkpt lat="46.485474" lon="23.366429">
        <ele>790.471</ele>
        <time>2015-05-03T08:49:26Z</time>
      </trkpt>
      <trkpt lat="46.485468" lon="23.366298">
        <ele>791.453</ele>
        <time>2015-05-03T08:49:33Z</time>
      </trkpt>
      <trkpt lat="46.485406" lon="23.366220">
        <ele>792.411</ele>
        <time>2015-05-03T08:49:43Z</time>
      </trkpt>
      <trkpt lat="46.485371" lon="23.366105">
        <ele>793.457</ele>
        <time>2015-05-03T08:49:54Z</time>
      </trkpt>
      <trkpt lat="46.485316" lon="23.366003">
        <ele>794.419</ele>
        <time>2015-05-03T08:50:06Z</time>
      </trkpt>
      <trkpt lat="46.485241" lon="23.365936">
        <ele>795.448</ele>
        <time>2015-05-03T08:50:17Z</time>
      </trkpt>
      <trkpt lat="46.485226" lon="23.365813">
        <ele>796.461</ele>
        <time>2015-05-03T08:50:25Z</time>
      </trkpt>
      <trkpt lat="46.485148" lon="23.365766">
        <ele>795.017</ele>
        <time>2015-05-03T08:50:46Z</time>
      </trkpt>
      <trkpt lat="46.485086" lon="23.365679">
        <ele>795.008</ele>
        <time>2015-05-03T08:50:56Z</time>
      </trkpt>
      <trkpt lat="46.485065" lon="23.365563">
        <ele>795.025</ele>
        <time>2015-05-03T08:51:10Z</time>
      </trkpt>
      <trkpt lat="46.484976" lon="23.365583">
        <ele>795.011</ele>
        <time>2015-05-03T08:51:23Z</time>
      </trkpt>
      <trkpt lat="46.484921" lon="23.365673">
        <ele>795.025</ele>
        <time>2015-05-03T08:51:34Z</time>
      </trkpt>
      <trkpt lat="46.484903" lon="23.365796">
        <ele>797.974</ele>
        <time>2015-05-03T08:51:43Z</time>
      </trkpt>
      <trkpt lat="46.484874" lon="23.365923">
        <ele>800.876</ele>
        <time>2015-05-03T08:51:52Z</time>
      </trkpt>
      <trkpt lat="46.484791" lon="23.365933">
        <ele>803.754</ele>
        <time>2015-05-03T08:52:37Z</time>
      </trkpt>
      <trkpt lat="46.484711" lon="23.365960">
        <ele>806.690</ele>
        <time>2015-05-03T08:53:30Z</time>
      </trkpt>
      <trkpt lat="46.484630" lon="23.365930">
        <ele>809.542</ele>
        <time>2015-05-03T08:54:04Z</time>
      </trkpt>
      <trkpt lat="46.484546" lon="23.365925">
        <ele>812.531</ele>
        <time>2015-05-03T08:54:18Z</time>
      </trkpt>
      <trkpt lat="46.484468" lon="23.365883">
        <ele>815.461</ele>
        <time>2015-05-03T08:54:41Z</time>
      </trkpt>
      <trkpt lat="46.484400" lon="23.365811">
        <ele>819.807</ele>
        <time>2015-05-03T08:55:28Z</time>
      </trkpt>
      <trkpt lat="46.484316" lon="23.365776">
        <ele>824.308</ele>
        <time>2015-05-03T08:55:51Z</time>
      </trkpt>
      <trkpt lat="46.484235" lon="23.365741">
        <ele>828.774</ele>
        <time>2015-05-03T08:56:04Z</time>
      </trkpt>
      <trkpt lat="46.484186" lon="23.365640">
        <ele>833.230</ele>
        <time>2015-05-03T08:56:31Z</time>
      </trkpt>
      <trkpt lat="46.484106" lon="23.365593">
        <ele>834.784</ele>
        <time>2015-05-03T08:57:21Z</time>
      </trkpt>
      <trkpt lat="46.484041" lon="23.365520">
        <ele>836.333</ele>
        <time>2015-05-03T08:57:46Z</time>
      </trkpt>
      <trkpt lat="46.483981" lon="23.365438">
        <ele>837.845</ele>
        <time>2015-05-03T08:58:06Z</time>
      </trkpt>
      <trkpt lat="46.483905" lon="23.365386">
        <ele>839.453</ele>
        <time>2015-05-03T08:59:19Z</time>
      </trkpt>
      <trkpt lat="46.483881" lon="23.365273">
        <ele>843.939</ele>
        <time>2015-05-03T08:59:32Z</time>
      </trkpt>
      <trkpt lat="46.483831" lon="23.365168">
        <ele>848.561</ele>
        <time>2015-05-03T09:00:03Z</time>
      </trkpt>
      <trkpt lat="46.483833" lon="23.365008">
        <ele>853.048</ele>
        <time>2015-05-03T09:02:07Z</time>
      </trkpt>
      <trkpt lat="46.483835" lon="23.364881">
        <ele>856.061</ele>
        <time>2015-05-03T09:02:17Z</time>
      </trkpt>
      <trkpt lat="46.483841" lon="23.364756">
        <ele>859.017</ele>
        <time>2015-05-03T09:02:33Z</time>
      </trkpt>
      <trkpt lat="46.483856" lon="23.364633">
        <ele>862.008</ele>
        <time>2015-05-03T09:02:45Z</time>
      </trkpt>
      <trkpt lat="46.483901" lon="23.364526">
        <ele>865.075</ele>
        <time>2015-05-03T09:03:01Z</time>
      </trkpt>
      <trkpt lat="46.483956" lon="23.364431">
        <ele>868.081</ele>
        <time>2015-05-03T09:03:30Z</time>
      </trkpt>
      <trkpt lat="46.484071" lon="23.364303">
        <ele>871.035</ele>
        <time>2015-05-03T09:04:14Z</time>
      </trkpt>
      <trkpt lat="46.484145" lon="23.364230">
        <ele>876.314</ele>
        <time>2015-05-03T09:04:23Z</time>
      </trkpt>
      <trkpt lat="46.484221" lon="23.364180">
        <ele>881.586</ele>
        <time>2015-05-03T09:04:34Z</time>
      </trkpt>
      <trkpt lat="46.484288" lon="23.364106">
        <ele>883.834</ele>
        <time>2015-05-03T09:04:43Z</time>
      </trkpt>
      <trkpt lat="46.484353" lon="23.364023">
        <ele>886.150</ele>
        <time>2015-05-03T09:04:52Z</time>
      </trkpt>
      <trkpt lat="46.484426" lon="23.363971">
        <ele>888.442</ele>
        <time>2015-05-03T09:05:01Z</time>
      </trkpt>
      <trkpt lat="46.484468" lon="23.363868">
        <ele>890.691</ele>
        <time>2015-05-03T09:05:12Z</time>
      </trkpt>
      <trkpt lat="46.484488" lon="23.363753">
        <ele>892.981</ele>
        <time>2015-05-03T09:05:30Z</time>
      </trkpt>
      <trkpt lat="46.484495" lon="23.363633">
        <ele>895.219</ele>
        <time>2015-05-03T09:05:41Z</time>
      </trkpt>
      <trkpt lat="46.484496" lon="23.363511">
        <ele>898.308</ele>
        <time>2015-05-03T09:06:04Z</time>
      </trkpt>
      <trkpt lat="46.484491" lon="23.363370">
        <ele>901.410</ele>
        <time>2015-05-03T09:06:12Z</time>
      </trkpt>
      <trkpt lat="46.484491" lon="23.363241">
        <ele>904.516</ele>
        <time>2015-05-03T09:06:19Z</time>
      </trkpt>
      <trkpt lat="46.484513" lon="23.363126">
        <ele>905.390</ele>
        <time>2015-05-03T09:06:29Z</time>
      </trkpt>
      <trkpt lat="46.484538" lon="23.363006">
        <ele>906.169</ele>
        <time>2015-05-03T09:06:38Z</time>
      </trkpt>
      <trkpt lat="46.484559" lon="23.362880">
        <ele>906.991</ele>
        <time>2015-05-03T09:06:45Z</time>
      </trkpt>
      <trkpt lat="46.484613" lon="23.362785">
        <ele>907.729</ele>
        <time>2015-05-03T09:06:53Z</time>
      </trkpt>
      <trkpt lat="46.484585" lon="23.362673">
        <ele>908.555</ele>
        <time>2015-05-03T09:07:32Z</time>
      </trkpt>
      <trkpt lat="46.484553" lon="23.362558">
        <ele>909.247</ele>
        <time>2015-05-03T09:07:52Z</time>
      </trkpt>
      <trkpt lat="46.484568" lon="23.362434">
        <ele>908.344</ele>
        <time>2015-05-03T09:08:04Z</time>
      </trkpt>
      <trkpt lat="46.484580" lon="23.362316">
        <ele>909.005</ele>
        <time>2015-05-03T09:08:13Z</time>
      </trkpt>
      <trkpt lat="46.484570" lon="23.362186">
        <ele>908.915</ele>
        <time>2015-05-03T09:08:22Z</time>
      </trkpt>
      <trkpt lat="46.484581" lon="23.362066">
        <ele>908.808</ele>
        <time>2015-05-03T09:08:32Z</time>
      </trkpt>
      <trkpt lat="46.484610" lon="23.361948">
        <ele>908.785</ele>
        <time>2015-05-03T09:08:42Z</time>
      </trkpt>
      <trkpt lat="46.484623" lon="23.361830">
        <ele>908.671</ele>
        <time>2015-05-03T09:08:50Z</time>
      </trkpt>
      <trkpt lat="46.484598" lon="23.361716">
        <ele>908.815</ele>
        <time>2015-05-03T09:09:02Z</time>
      </trkpt>
      <trkpt lat="46.484551" lon="23.361616">
        <ele>909.084</ele>
        <time>2015-05-03T09:09:11Z</time>
      </trkpt>
      <trkpt lat="46.484514" lon="23.361510">
        <ele>907.826</ele>
        <time>2015-05-03T09:09:20Z</time>
      </trkpt>
      <trkpt lat="46.484469" lon="23.361410">
        <ele>906.774</ele>
        <time>2015-05-03T09:09:36Z</time>
      </trkpt>
      <trkpt lat="46.484481" lon="23.361286">
        <ele>905.630</ele>
        <time>2015-05-03T09:10:15Z</time>
      </trkpt>
      <trkpt lat="46.484529" lon="23.361183">
        <ele>906.282</ele>
        <time>2015-05-03T09:10:35Z</time>
      </trkpt>
      <trkpt lat="46.484590" lon="23.361100">
        <ele>905.179</ele>
        <time>2015-05-03T09:10:44Z</time>
      </trkpt>
      <trkpt lat="46.484628" lon="23.360991">
        <ele>904.005</ele>
        <time>2015-05-03T09:10:53Z</time>
      </trkpt>
      <trkpt lat="46.484688" lon="23.360909">
        <ele>902.925</ele>
        <time>2015-05-03T09:11:01Z</time>
      </trkpt>
      <trkpt lat="46.484761" lon="23.360834">
        <ele>901.808</ele>
        <time>2015-05-03T09:11:20Z</time>
      </trkpt>
      <trkpt lat="46.484825" lon="23.360756">
        <ele>900.728</ele>
        <time>2015-05-03T09:11:30Z</time>
      </trkpt>
      <trkpt lat="46.484906" lon="23.360738">
        <ele>899.454</ele>
        <time>2015-05-03T09:11:40Z</time>
      </trkpt>
      <trkpt lat="46.484996" lon="23.360759">
        <ele>898.098</ele>
        <time>2015-05-03T09:11:49Z</time>
      </trkpt>
      <trkpt lat="46.485091" lon="23.360776">
        <ele>898.017</ele>
        <time>2015-05-03T09:11:59Z</time>
      </trkpt>
      <trkpt lat="46.485173" lon="23.360783">
        <ele>901.169</ele>
        <time>2015-05-03T09:12:07Z</time>
      </trkpt>
      <trkpt lat="46.485221" lon="23.360878">
        <ele>904.267</ele>
        <time>2015-05-03T09:12:27Z</time>
      </trkpt>
      <trkpt lat="46.485228" lon="23.361005">
        <ele>907.363</ele>
        <time>2015-05-03T09:12:52Z</time>
      </trkpt>
      <trkpt lat="46.485294" lon="23.361071">
        <ele>910.485</ele>
        <time>2015-05-03T09:13:29Z</time>
      </trkpt>
      <trkpt lat="46.485358" lon="23.361156">
        <ele>913.514</ele>
        <time>2015-05-03T09:14:43Z</time>
      </trkpt>
      <trkpt lat="46.485443" lon="23.361188">
        <ele>916.554</ele>
        <time>2015-05-03T09:14:54Z</time>
      </trkpt>
      <trkpt lat="46.485513" lon="23.361258">
        <ele>919.609</ele>
        <time>2015-05-03T09:15:14Z</time>
      </trkpt>
      <trkpt lat="46.485576" lon="23.361175">
        <ele>922.708</ele>
        <time>2015-05-03T09:15:35Z</time>
      </trkpt>
      <trkpt lat="46.485665" lon="23.361115">
        <ele>925.872</ele>
        <time>2015-05-03T09:17:23Z</time>
      </trkpt>
      <trkpt lat="46.485740" lon="23.361173">
        <ele>928.988</ele>
        <time>2015-05-03T09:17:39Z</time>
      </trkpt>
      <trkpt lat="46.485815" lon="23.361218">
        <ele>932.022</ele>
        <time>2015-05-03T09:17:52Z</time>
      </trkpt>
      <trkpt lat="46.485901" lon="23.361209">
        <ele>936.541</ele>
        <time>2015-05-03T09:18:08Z</time>
      </trkpt>
      <trkpt lat="46.485969" lon="23.361138">
        <ele>941.193</ele>
        <time>2015-05-03T09:18:22Z</time>
      </trkpt>
      <trkpt lat="46.486034" lon="23.361066">
        <ele>945.691</ele>
        <time>2015-05-03T09:20:37Z</time>
      </trkpt>
      <trkpt lat="46.486109" lon="23.360980">
        <ele>950.257</ele>
        <time>2015-05-03T09:21:03Z</time>
      </trkpt>
      <trkpt lat="46.486188" lon="23.360943">
        <ele>954.769</ele>
        <time>2015-05-03T09:21:26Z</time>
      </trkpt>
      <trkpt lat="46.486274" lon="23.360935">
        <ele>959.342</ele>
        <time>2015-05-03T09:22:11Z</time>
      </trkpt>
      <trkpt lat="46.486364" lon="23.360860">
        <ele>963.822</ele>
        <time>2015-05-03T09:23:25Z</time>
      </trkpt>
      <trkpt lat="46.486381" lon="23.360743">
        <ele>968.414</ele>
        <time>2015-05-03T09:23:46Z</time>
      </trkpt>
      <trkpt lat="46.486446" lon="23.360665">
        <ele>972.908</ele>
        <time>2015-05-03T09:24:29Z</time>
      </trkpt>
      <trkpt lat="46.486513" lon="23.360591">
        <ele>977.585</ele>
        <time>2015-05-03T09:25:04Z</time>
      </trkpt>
      <trkpt lat="46.486561" lon="23.360496">
        <ele>982.091</ele>
        <time>2015-05-03T09:29:59Z</time>
      </trkpt>
      <trkpt lat="46.486644" lon="23.360526">
        <ele>982.145</ele>
        <time>2015-05-03T09:30:18Z</time>
      </trkpt>
      <trkpt lat="46.486726" lon="23.360508">
        <ele>982.214</ele>
        <time>2015-05-03T09:30:39Z</time>
      </trkpt>
      <trkpt lat="46.486806" lon="23.360485">
        <ele>984.426</ele>
        <time>2015-05-03T09:30:56Z</time>
      </trkpt>
      <trkpt lat="46.486888" lon="23.360491">
        <ele>986.524</ele>
        <time>2015-05-03T09:31:33Z</time>
      </trkpt>
      <trkpt lat="46.486968" lon="23.360463">
        <ele>988.790</ele>
        <time>2015-05-03T09:31:42Z</time>
      </trkpt>
      <trkpt lat="46.487041" lon="23.360413">
        <ele>990.912</ele>
        <time>2015-05-03T09:31:56Z</time>
      </trkpt>
      <trkpt lat="46.487108" lon="23.360336">
        <ele>993.131</ele>
        <time>2015-05-03T09:32:06Z</time>
      </trkpt>
      <trkpt lat="46.487189" lon="23.360294">
        <ele>995.361</ele>
        <time>2015-05-03T09:32:20Z</time>
      </trkpt>
      <trkpt lat="46.487271" lon="23.360286">
        <ele>997.507</ele>
        <time>2015-05-03T09:32:39Z</time>
      </trkpt>
      <trkpt lat="46.487401" lon="23.360241">
        <ele>999.608</ele>
        <time>2015-05-03T09:33:13Z</time>
      </trkpt>
      <trkpt lat="46.487485" lon="23.360215">
        <ele>1001.874</ele>
        <time>2015-05-03T09:33:24Z</time>
      </trkpt>
      <trkpt lat="46.487570" lon="23.360233">
        <ele>1003.920</ele>
        <time>2015-05-03T09:33:48Z</time>
      </trkpt>
      <trkpt lat="46.487651" lon="23.360200">
        <ele>1008.524</ele>
        <time>2015-05-03T09:35:03Z</time>
      </trkpt>
      <trkpt lat="46.487738" lon="23.360201">
        <ele>1010.923</ele>
        <time>2015-05-03T09:35:18Z</time>
      </trkpt>
      <trkpt lat="46.487813" lon="23.360125">
        <ele>1013.415</ele>
        <time>2015-05-03T09:35:40Z</time>
      </trkpt>
      <trkpt lat="46.487885" lon="23.360068">
        <ele>1015.893</ele>
        <time>2015-05-03T09:35:49Z</time>
      </trkpt>
      <trkpt lat="46.487965" lon="23.360031">
        <ele>1018.339</ele>
        <time>2015-05-03T09:36:00Z</time>
      </trkpt>
      <trkpt lat="46.488044" lon="23.360001">
        <ele>1020.751</ele>
        <time>2015-05-03T09:36:09Z</time>
      </trkpt>
      <trkpt lat="46.488134" lon="23.359953">
        <ele>1023.238</ele>
        <time>2015-05-03T09:36:20Z</time>
      </trkpt>
      <trkpt lat="46.488221" lon="23.359965">
        <ele>1025.670</ele>
        <time>2015-05-03T09:36:28Z</time>
      </trkpt>
      <trkpt lat="46.488305" lon="23.359953">
        <ele>1028.117</ele>
        <time>2015-05-03T09:36:38Z</time>
      </trkpt>
      <trkpt lat="46.488395" lon="23.359940">
        <ele>1030.508</ele>
        <time>2015-05-03T09:36:54Z</time>
      </trkpt>
      <trkpt lat="46.488486" lon="23.359924">
        <ele>1034.574</ele>
        <time>2015-05-03T09:37:06Z</time>
      </trkpt>
      <trkpt lat="46.488560" lon="23.359868">
        <ele>1035.060</ele>
        <time>2015-05-03T09:37:15Z</time>
      </trkpt>
      <trkpt lat="46.488628" lon="23.359796">
        <ele>1035.594</ele>
        <time>2015-05-03T09:37:27Z</time>
      </trkpt>
      <trkpt lat="46.488696" lon="23.359720">
        <ele>1035.953</ele>
        <time>2015-05-03T09:37:35Z</time>
      </trkpt>
      <trkpt lat="46.488780" lon="23.359680">
        <ele>1036.485</ele>
        <time>2015-05-03T09:37:43Z</time>
      </trkpt>
      <trkpt lat="46.488854" lon="23.359635">
        <ele>1036.873</ele>
        <time>2015-05-03T09:38:12Z</time>
      </trkpt>
      <trkpt lat="46.488933" lon="23.359595">
        <ele>1037.379</ele>
        <time>2015-05-03T09:38:23Z</time>
      </trkpt>
      <trkpt lat="46.489013" lon="23.359563">
        <ele>1037.731</ele>
        <time>2015-05-03T09:38:31Z</time>
      </trkpt>
      <trkpt lat="46.489091" lon="23.359498">
        <ele>1038.212</ele>
        <time>2015-05-03T09:38:40Z</time>
      </trkpt>
      <trkpt lat="46.489163" lon="23.359429">
        <ele>1038.632</ele>
        <time>2015-05-03T09:38:48Z</time>
      </trkpt>
      <trkpt lat="46.489240" lon="23.359363">
        <ele>1039.105</ele>
        <time>2015-05-03T09:38:57Z</time>
      </trkpt>
      <trkpt lat="46.489320" lon="23.359313">
        <ele>1040.708</ele>
        <time>2015-05-03T09:39:05Z</time>
      </trkpt>
      <trkpt lat="46.489401" lon="23.359261">
        <ele>1043.562</ele>
        <time>2015-05-03T09:40:54Z</time>
      </trkpt>
      <trkpt lat="46.489486" lon="23.359225">
        <ele>1046.228</ele>
        <time>2015-05-03T09:41:02Z</time>
      </trkpt>
      <trkpt lat="46.489555" lon="23.359155">
        <ele>1048.962</ele>
        <time>2015-05-03T09:41:08Z</time>
      </trkpt>
      <trkpt lat="46.489613" lon="23.359060">
        <ele>1051.661</ele>
        <time>2015-05-03T09:41:16Z</time>
      </trkpt>
      <trkpt lat="46.489678" lon="23.358986">
        <ele>1055.743</ele>
        <time>2015-05-03T09:41:25Z</time>
      </trkpt>
      <trkpt lat="46.489758" lon="23.358954">
        <ele>1059.831</ele>
        <time>2015-05-03T09:41:33Z</time>
      </trkpt>
      <trkpt lat="46.489843" lon="23.358930">
        <ele>1063.917</ele>
        <time>2015-05-03T09:41:44Z</time>
      </trkpt>
      <trkpt lat="46.489916" lon="23.358871">
        <ele>1068.039</ele>
        <time>2015-05-03T09:41:54Z</time>
      </trkpt>
      <trkpt lat="46.489990" lon="23.358819">
        <ele>1072.162</ele>
        <time>2015-05-03T09:42:07Z</time>
      </trkpt>
      <trkpt lat="46.490066" lon="23.358778">
        <ele>1078.583</ele>
        <time>2015-05-03T09:42:23Z</time>
      </trkpt>
      <trkpt lat="46.490146" lon="23.358760">
        <ele>1082.111</ele>
        <time>2015-05-03T09:42:35Z</time>
      </trkpt>
      <trkpt lat="46.490233" lon="23.358733">
        <ele>1085.708</ele>
        <time>2015-05-03T09:42:50Z</time>
      </trkpt>
      <trkpt lat="46.490326" lon="23.358791">
        <ele>1089.477</ele>
        <time>2015-05-03T09:44:18Z</time>
      </trkpt>
      <trkpt lat="46.490401" lon="23.358738">
        <ele>1093.043</ele>
        <time>2015-05-03T09:44:33Z</time>
      </trkpt>
      <trkpt lat="46.490478" lon="23.358668">
        <ele>1096.627</ele>
        <time>2015-05-03T09:44:46Z</time>
      </trkpt>
      <trkpt lat="46.490563" lon="23.358656">
        <ele>1098.936</ele>
        <time>2015-05-03T09:45:04Z</time>
      </trkpt>
      <trkpt lat="46.490644" lon="23.358619">
        <ele>1101.278</ele>
        <time>2015-05-03T09:45:22Z</time>
      </trkpt>
      <trkpt lat="46.490734" lon="23.358561">
        <ele>1103.586</ele>
        <time>2015-05-03T09:46:09Z</time>
      </trkpt>
      <trkpt lat="46.490815" lon="23.358526">
        <ele>1105.722</ele>
        <time>2015-05-03T09:46:26Z</time>
      </trkpt>
      <trkpt lat="46.490900" lon="23.358516">
        <ele>1110.544</ele>
        <time>2015-05-03T09:46:41Z</time>
      </trkpt>
      <trkpt lat="46.490981" lon="23.358475">
        <ele>1112.967</ele>
        <time>2015-05-03T09:47:21Z</time>
      </trkpt>
      <trkpt lat="46.491065" lon="23.358458">
        <ele>1115.481</ele>
        <time>2015-05-03T09:47:34Z</time>
      </trkpt>
      <trkpt lat="46.491150" lon="23.358430">
        <ele>1117.819</ele>
        <time>2015-05-03T09:48:09Z</time>
      </trkpt>
      <trkpt lat="46.491229" lon="23.358408">
        <ele>1120.308</ele>
        <time>2015-05-03T09:48:23Z</time>
      </trkpt>
      <trkpt lat="46.491315" lon="23.358403">
        <ele>1122.777</ele>
        <time>2015-05-03T09:49:01Z</time>
      </trkpt>
      <trkpt lat="46.491400" lon="23.358390">
        <ele>1125.273</ele>
        <time>2015-05-03T09:49:20Z</time>
      </trkpt>
      <trkpt lat="46.491481" lon="23.358356">
        <ele>1127.657</ele>
        <time>2015-05-03T09:49:46Z</time>
      </trkpt>
      <trkpt lat="46.491565" lon="23.358368">
        <ele>1130.176</ele>
        <time>2015-05-03T09:50:08Z</time>
      </trkpt>
      <trkpt lat="46.491646" lon="23.358350">
        <ele>1132.578</ele>
        <time>2015-05-03T09:50:20Z</time>
      </trkpt>
      <trkpt lat="46.491728" lon="23.358396">
        <ele>1135.046</ele>
        <time>2015-05-03T09:50:36Z</time>
      </trkpt>
      <trkpt lat="46.491813" lon="23.358400">
        <ele>1137.662</ele>
        <time>2015-05-03T09:51:36Z</time>
      </trkpt>
      <trkpt lat="46.491908" lon="23.358346">
        <ele>1140.344</ele>
        <time>2015-05-03T09:51:58Z</time>
      </trkpt>
      <trkpt lat="46.491983" lon="23.358296">
        <ele>1142.913</ele>
        <time>2015-05-03T09:52:24Z</time>
      </trkpt>
      <trkpt lat="46.492066" lon="23.358310">
        <ele>1145.543</ele>
        <time>2015-05-03T09:54:00Z</time>
      </trkpt>
      <trkpt lat="46.492143" lon="23.358260">
        <ele>1148.707</ele>
        <time>2015-05-03T09:54:12Z</time>
      </trkpt>
      <trkpt lat="46.492221" lon="23.358196">
        <ele>1151.908</ele>
        <time>2015-05-03T09:54:26Z</time>
      </trkpt>
      <trkpt lat="46.492281" lon="23.358110">
        <ele>1155.112</ele>
        <time>2015-05-03T09:54:39Z</time>
      </trkpt>
      <trkpt lat="46.492358" lon="23.358061">
        <ele>1158.388</ele>
        <time>2015-05-03T09:55:10Z</time>
      </trkpt>
      <trkpt lat="46.492431" lon="23.358008">
        <ele>1161.552</ele>
        <time>2015-05-03T09:55:24Z</time>
      </trkpt>
      <trkpt lat="46.492456" lon="23.357895">
        <ele>1164.681</ele>
        <time>2015-05-03T09:55:52Z</time>
      </trkpt>
      <trkpt lat="46.492535" lon="23.357865">
        <ele>1167.833</ele>
        <time>2015-05-03T09:56:39Z</time>
      </trkpt>
      <trkpt lat="46.492611" lon="23.357826">
        <ele>1168.471</ele>
        <time>2015-05-03T09:56:57Z</time>
      </trkpt>
      <trkpt lat="46.492680" lon="23.357760">
        <ele>1168.977</ele>
        <time>2015-05-03T09:57:13Z</time>
      </trkpt>
      <trkpt lat="46.492721" lon="23.357658">
        <ele>1170.559</ele>
        <time>2015-05-03T09:57:25Z</time>
      </trkpt>
      <trkpt lat="46.492704" lon="23.357541">
        <ele>1172.284</ele>
        <time>2015-05-03T09:58:02Z</time>
      </trkpt>
      <trkpt lat="46.492736" lon="23.357421">
        <ele>1173.307</ele>
        <time>2015-05-03T09:58:13Z</time>
      </trkpt>
      <trkpt lat="46.492771" lon="23.357306">
        <ele>1174.417</ele>
        <time>2015-05-03T09:58:25Z</time>
      </trkpt>
      <trkpt lat="46.492820" lon="23.357211">
        <ele>1176.208</ele>
        <time>2015-05-03T09:58:52Z</time>
      </trkpt>
      <trkpt lat="46.492835" lon="23.357088">
        <ele>1178.069</ele>
        <time>2015-05-03T10:20:45Z</time>
      </trkpt>
      <trkpt lat="46.492870" lon="23.356981">
        <ele>1179.865</ele>
        <time>2015-05-03T10:21:53Z</time>
      </trkpt>
      <trkpt lat="46.492920" lon="23.356881">
        <ele>1181.679</ele>
        <time>2015-05-03T10:22:10Z</time>
      </trkpt>
      <trkpt lat="46.492963" lon="23.356776">
        <ele>1183.558</ele>
        <time>2015-05-03T10:22:29Z</time>
      </trkpt>
      <trkpt lat="46.492998" lon="23.356668">
        <ele>1185.340</ele>
        <time>2015-05-03T10:23:11Z</time>
      </trkpt>
      <trkpt lat="46.493040" lon="23.356560">
        <ele>1187.188</ele>
        <time>2015-05-03T10:23:25Z</time>
      </trkpt>
      <trkpt lat="46.493116" lon="23.356515">
        <ele>1187.874</ele>
        <time>2015-05-03T10:24:29Z</time>
      </trkpt>
      <trkpt lat="46.493201" lon="23.356518">
        <ele>1188.516</ele>
        <time>2015-05-03T10:25:07Z</time>
      </trkpt>
      <trkpt lat="46.493286" lon="23.356530">
        <ele>1189.388</ele>
        <time>2015-05-03T10:25:28Z</time>
      </trkpt>
      <trkpt lat="46.493370" lon="23.356525">
        <ele>1190.024</ele>
        <time>2015-05-03T10:25:41Z</time>
      </trkpt>
      <trkpt lat="46.493455" lon="23.356508">
        <ele>1193.326</ele>
        <time>2015-05-03T10:25:54Z</time>
      </trkpt>
      <trkpt lat="46.493540" lon="23.356513">
        <ele>1196.508</ele>
        <time>2015-05-03T10:26:11Z</time>
      </trkpt>
      <trkpt lat="46.493619" lon="23.356540">
        <ele>1199.859</ele>
        <time>2015-05-03T10:26:54Z</time>
      </trkpt>
      <trkpt lat="46.493703" lon="23.356541">
        <ele>1203.145</ele>
        <time>2015-05-03T10:27:07Z</time>
      </trkpt>
      <trkpt lat="46.493784" lon="23.356530">
        <ele>1206.439</ele>
        <time>2015-05-03T10:27:25Z</time>
      </trkpt>
      <trkpt lat="46.493868" lon="23.356531">
        <ele>1209.638</ele>
        <time>2015-05-03T10:27:53Z</time>
      </trkpt>
      <trkpt lat="46.493946" lon="23.356570">
        <ele>1212.920</ele>
        <time>2015-05-03T10:28:35Z</time>
      </trkpt>
      <trkpt lat="46.494028" lon="23.356595">
        <ele>1216.298</ele>
        <time>2015-05-03T10:28:45Z</time>
      </trkpt>
      <trkpt lat="46.494113" lon="23.356576">
        <ele>1219.594</ele>
        <time>2015-05-03T10:28:58Z</time>
      </trkpt>
      <trkpt lat="46.494191" lon="23.356533">
        <ele>1222.716</ele>
        <time>2015-05-03T10:29:15Z</time>
      </trkpt>
      <trkpt lat="46.494271" lon="23.356498">
        <ele>1228.539</ele>
        <time>2015-05-03T10:29:43Z</time>
      </trkpt>
      <trkpt lat="46.494353" lon="23.356493">
        <ele>1230.901</ele>
        <time>2015-05-03T10:29:56Z</time>
      </trkpt>
      <trkpt lat="46.494433" lon="23.356473">
        <ele>1233.421</ele>
        <time>2015-05-03T10:30:14Z</time>
      </trkpt>
      <trkpt lat="46.494518" lon="23.356451">
        <ele>1235.808</ele>
        <time>2015-05-03T10:30:47Z</time>
      </trkpt>
      <trkpt lat="46.494596" lon="23.356396">
        <ele>1238.324</ele>
        <time>2015-05-03T10:31:01Z</time>
      </trkpt>
      <trkpt lat="46.494656" lon="23.356306">
        <ele>1240.710</ele>
        <time>2015-05-03T10:31:14Z</time>
      </trkpt>
      <trkpt lat="46.494718" lon="23.356211">
        <ele>1243.284</ele>
        <time>2015-05-03T10:31:21Z</time>
      </trkpt>
      <trkpt lat="46.494780" lon="23.356135">
        <ele>1245.663</ele>
        <time>2015-05-03T10:31:28Z</time>
      </trkpt>
      <trkpt lat="46.494840" lon="23.356041">
        <ele>1248.165</ele>
        <time>2015-05-03T10:31:40Z</time>
      </trkpt>
      <trkpt lat="46.494908" lon="23.355974">
        <ele>1250.543</ele>
        <time>2015-05-03T10:31:53Z</time>
      </trkpt>
      <trkpt lat="46.494969" lon="23.355898">
        <ele>1253.019</ele>
        <time>2015-05-03T10:32:04Z</time>
      </trkpt>
      <trkpt lat="46.495040" lon="23.355816">
        <ele>1253.051</ele>
        <time>2015-05-03T10:32:14Z</time>
      </trkpt>
      <trkpt lat="46.495104" lon="23.355738">
        <ele>1256.666</ele>
        <time>2015-05-03T10:32:22Z</time>
      </trkpt>
      <trkpt lat="46.495180" lon="23.355691">
        <ele>1258.329</ele>
        <time>2015-05-03T10:32:32Z</time>
      </trkpt>
      <trkpt lat="46.495260" lon="23.355656">
        <ele>1259.921</ele>
        <time>2015-05-03T10:32:45Z</time>
      </trkpt>
      <trkpt lat="46.495338" lon="23.355616">
        <ele>1261.508</ele>
        <time>2015-05-03T10:33:03Z</time>
      </trkpt>
      <trkpt lat="46.495431" lon="23.355666">
        <ele>1263.227</ele>
        <time>2015-05-03T10:34:22Z</time>
      </trkpt>
      <trkpt lat="46.495486" lon="23.355569">
        <ele>1264.873</ele>
        <time>2015-05-03T10:35:21Z</time>
      </trkpt>
      <trkpt lat="46.495540" lon="23.355466">
        <ele>1266.597</ele>
        <time>2015-05-03T10:35:41Z</time>
      </trkpt>
      <trkpt lat="46.495595" lon="23.355376">
        <ele>1268.146</ele>
        <time>2015-05-03T10:35:49Z</time>
      </trkpt>
      <trkpt lat="46.495661" lon="23.355288">
        <ele>1269.758</ele>
        <time>2015-05-03T10:35:58Z</time>
      </trkpt>
      <trkpt lat="46.495720" lon="23.355205">
        <ele>1270.346</ele>
        <time>2015-05-03T10:36:07Z</time>
      </trkpt>
      <trkpt lat="46.495780" lon="23.355121">
        <ele>1270.852</ele>
        <time>2015-05-03T10:36:17Z</time>
      </trkpt>
      <trkpt lat="46.495831" lon="23.355015">
        <ele>1267.724</ele>
        <time>2015-05-03T10:36:29Z</time>
      </trkpt>
      <trkpt lat="46.495871" lon="23.354905">
        <ele>1266.645</ele>
        <time>2015-05-03T10:36:39Z</time>
      </trkpt>
      <trkpt lat="46.495910" lon="23.354790">
        <ele>1265.547</ele>
        <time>2015-05-03T10:36:48Z</time>
      </trkpt>
      <trkpt lat="46.495963" lon="23.354680">
        <ele>1264.511</ele>
        <time>2015-05-03T10:36:56Z</time>
      </trkpt>
      <trkpt lat="46.495986" lon="23.354561">
        <ele>1263.408</ele>
        <time>2015-05-03T10:37:05Z</time>
      </trkpt>
      <trkpt lat="46.496008" lon="23.354440">
        <ele>1262.345</ele>
        <time>2015-05-03T10:37:12Z</time>
      </trkpt>
      <trkpt lat="46.496035" lon="23.354323">
        <ele>1262.531</ele>
        <time>2015-05-03T10:37:25Z</time>
      </trkpt>
      <trkpt lat="46.496076" lon="23.354213">
        <ele>1262.845</ele>
        <time>2015-05-03T10:37:35Z</time>
      </trkpt>
      <trkpt lat="46.496126" lon="23.354110">
        <ele>1263.164</ele>
        <time>2015-05-03T10:37:45Z</time>
      </trkpt>
      <trkpt lat="46.496178" lon="23.354004">
        <ele>1264.556</ele>
        <time>2015-05-03T10:37:57Z</time>
      </trkpt>
      <trkpt lat="46.496243" lon="23.353918">
        <ele>1265.864</ele>
        <time>2015-05-03T10:38:11Z</time>
      </trkpt>
      <trkpt lat="46.496268" lon="23.353805">
        <ele>1267.230</ele>
        <time>2015-05-03T10:38:22Z</time>
      </trkpt>
      <trkpt lat="46.496298" lon="23.353686">
        <ele>1268.552</ele>
        <time>2015-05-03T10:38:33Z</time>
      </trkpt>
      <trkpt lat="46.496335" lon="23.353576">
        <ele>1269.918</ele>
        <time>2015-05-03T10:38:42Z</time>
      </trkpt>
      <trkpt lat="46.496410" lon="23.353488">
        <ele>1271.398</ele>
        <time>2015-05-03T10:38:51Z</time>
      </trkpt>
      <trkpt lat="46.496471" lon="23.353406">
        <ele>1272.617</ele>
        <time>2015-05-03T10:39:00Z</time>
      </trkpt>
      <trkpt lat="46.496548" lon="23.353326">
        <ele>1274.008</ele>
        <time>2015-05-03T10:39:07Z</time>
      </trkpt>
      <trkpt lat="46.496623" lon="23.353256">
        <ele>1274.042</ele>
        <time>2015-05-03T10:39:13Z</time>
      </trkpt>
      <trkpt lat="46.496711" lon="23.353211">
        <ele>1274.018</ele>
        <time>2015-05-03T10:39:21Z</time>
      </trkpt>
      <trkpt lat="46.496791" lon="23.353181">
        <ele>1274.452</ele>
        <time>2015-05-03T10:39:31Z</time>
      </trkpt>
      <trkpt lat="46.496883" lon="23.353138">
        <ele>1274.471</ele>
        <time>2015-05-03T10:39:40Z</time>
      </trkpt>
      <trkpt lat="46.496956" lon="23.353080">
        <ele>1274.423</ele>
        <time>2015-05-03T10:39:45Z</time>
      </trkpt>
      <trkpt lat="46.497038" lon="23.353040">
        <ele>1274.491</ele>
        <time>2015-05-03T10:39:54Z</time>
      </trkpt>
      <trkpt lat="46.497118" lon="23.352984">
        <ele>1274.457</ele>
        <time>2015-05-03T10:40:04Z</time>
      </trkpt>
      <trkpt lat="46.497196" lon="23.352928">
        <ele>1274.469</ele>
        <time>2015-05-03T10:40:14Z</time>
      </trkpt>
      <trkpt lat="46.497271" lon="23.352876">
        <ele>1274.423</ele>
        <time>2015-05-03T10:40:24Z</time>
      </trkpt>
      <trkpt lat="46.497333" lon="23.352789">
        <ele>1274.483</ele>
        <time>2015-05-03T10:40:33Z</time>
      </trkpt>
      <trkpt lat="46.497413" lon="23.352741">
        <ele>1274.411</ele>
        <time>2015-05-03T10:40:41Z</time>
      </trkpt>
      <trkpt lat="46.497491" lon="23.352680">
        <ele>1274.708</ele>
        <time>2015-05-03T10:40:50Z</time>
      </trkpt>
      <trkpt lat="46.497569" lon="23.352631">
        <ele>1275.123</ele>
        <time>2015-05-03T10:40:58Z</time>
      </trkpt>
      <trkpt lat="46.497659" lon="23.352624">
        <ele>1275.129</ele>
        <time>2015-05-03T10:41:06Z</time>
      </trkpt>
      <trkpt lat="46.497670" lon="23.352755">
        <ele>1275.513</ele>
        <time>2015-05-03T10:41:24Z</time>
      </trkpt>
      <trkpt lat="46.497666" lon="23.352875">
        <ele>1275.832</ele>
        <time>2015-05-03T10:41:32Z</time>
      </trkpt>
      <trkpt lat="46.497653" lon="23.352999">
        <ele>1276.254</ele>
        <time>2015-05-03T10:41:41Z</time>
      </trkpt>
      <trkpt lat="46.497635" lon="23.353126">
        <ele>1276.522</ele>
        <time>2015-05-03T10:41:50Z</time>
      </trkpt>
      <trkpt lat="46.497625" lon="23.353253">
        <ele>1276.928</ele>
        <time>2015-05-03T10:41:59Z</time>
      </trkpt>
      <trkpt lat="46.497623" lon="23.353371">
        <ele>1278.390</ele>
        <time>2015-05-03T10:42:08Z</time>
      </trkpt>
      <trkpt lat="46.497646" lon="23.353491">
        <ele>1279.617</ele>
        <time>2015-05-03T10:42:17Z</time>
      </trkpt>
      <trkpt lat="46.497673" lon="23.353610">
        <ele>1281.087</ele>
        <time>2015-05-03T10:42:26Z</time>
      </trkpt>
      <trkpt lat="46.497686" lon="23.353728">
        <ele>1282.015</ele>
        <time>2015-05-03T10:42:35Z</time>
      </trkpt>
      <trkpt lat="46.497703" lon="23.353853">
        <ele>1283.008</ele>
        <time>2015-05-03T10:42:45Z</time>
      </trkpt>
      <trkpt lat="46.497723" lon="23.353975">
        <ele>1284.062</ele>
        <time>2015-05-03T10:43:02Z</time>
      </trkpt>
      <trkpt lat="46.497731" lon="23.354098">
        <ele>1285.068</ele>
        <time>2015-05-03T10:43:14Z</time>
      </trkpt>
      <trkpt lat="46.497719" lon="23.354216">
        <ele>1287.082</ele>
        <time>2015-05-03T10:43:25Z</time>
      </trkpt>
      <trkpt lat="46.497698" lon="23.354333">
        <ele>1289.061</ele>
        <time>2015-05-03T10:43:36Z</time>
      </trkpt>
      <trkpt lat="46.497671" lon="23.354448">
        <ele>1291.023</ele>
        <time>2015-05-03T10:44:12Z</time>
      </trkpt>
      <trkpt lat="46.497643" lon="23.354566">
        <ele>1293.081</ele>
        <time>2015-05-03T10:44:28Z</time>
      </trkpt>
      <trkpt lat="46.497598" lon="23.354674">
        <ele>1294.087</ele>
        <time>2015-05-03T10:45:17Z</time>
      </trkpt>
      <trkpt lat="46.497566" lon="23.354793">
        <ele>1295.059</ele>
        <time>2015-05-03T10:46:08Z</time>
      </trkpt>
      <trkpt lat="46.497521" lon="23.354901">
        <ele>1296.022</ele>
        <time>2015-05-03T10:46:17Z</time>
      </trkpt>
      <trkpt lat="46.497483" lon="23.355010">
        <ele>1298.562</ele>
        <time>2015-05-03T10:46:26Z</time>
      </trkpt>
      <trkpt lat="46.497479" lon="23.355133">
        <ele>1301.108</ele>
        <time>2015-05-03T10:46:35Z</time>
      </trkpt>
      <trkpt lat="46.497465" lon="23.355258">
        <ele>1303.608</ele>
        <time>2015-05-03T10:46:45Z</time>
      </trkpt>
      <trkpt lat="46.497440" lon="23.355376">
        <ele>1306.223</ele>
        <time>2015-05-03T10:47:33Z</time>
      </trkpt>
      <trkpt lat="46.497411" lon="23.355494">
        <ele>1307.749</ele>
        <time>2015-05-03T10:47:42Z</time>
      </trkpt>
      <trkpt lat="46.497383" lon="23.355613">
        <ele>1309.373</ele>
        <time>2015-05-03T10:47:53Z</time>
      </trkpt>
      <trkpt lat="46.497350" lon="23.355725">
        <ele>1310.842</ele>
        <time>2015-05-03T10:48:05Z</time>
      </trkpt>
      <trkpt lat="46.497311" lon="23.355836">
        <ele>1313.764</ele>
        <time>2015-05-03T10:48:34Z</time>
      </trkpt>
      <trkpt lat="46.497306" lon="23.355956">
        <ele>1316.652</ele>
        <time>2015-05-03T10:48:46Z</time>
      </trkpt>
      <trkpt lat="46.497288" lon="23.356071">
        <ele>1319.558</ele>
        <time>2015-05-03T10:48:58Z</time>
      </trkpt>
      <trkpt lat="46.497248" lon="23.356178">
        <ele>1322.580</ele>
        <time>2015-05-03T10:49:11Z</time>
      </trkpt>
      <trkpt lat="46.497201" lon="23.356280">
        <ele>1323.828</ele>
        <time>2015-05-03T10:49:33Z</time>
      </trkpt>
      <trkpt lat="46.497148" lon="23.356371">
        <ele>1325.289</ele>
        <time>2015-05-03T10:49:46Z</time>
      </trkpt>
      <trkpt lat="46.497088" lon="23.356461">
        <ele>1326.517</ele>
        <time>2015-05-03T10:50:07Z</time>
      </trkpt>
      <trkpt lat="46.497028" lon="23.356555">
        <ele>1327.908</ele>
        <time>2015-05-03T10:50:19Z</time>
      </trkpt>
      <trkpt lat="46.497001" lon="23.356666">
        <ele>1330.083</ele>
        <time>2015-05-03T10:50:34Z</time>
      </trkpt>
      <trkpt lat="46.496976" lon="23.356790">
        <ele>1332.159</ele>
        <time>2015-05-03T10:50:45Z</time>
      </trkpt>
      <trkpt lat="46.496956" lon="23.356906">
        <ele>1334.233</ele>
        <time>2015-05-03T10:50:54Z</time>
      </trkpt>
      <trkpt lat="46.496925" lon="23.357023">
        <ele>1334.962</ele>
        <time>2015-05-03T10:51:04Z</time>
      </trkpt>
      <trkpt lat="46.496893" lon="23.357135">
        <ele>1335.634</ele>
        <time>2015-05-03T10:51:14Z</time>
      </trkpt>
      <trkpt lat="46.496863" lon="23.357251">
        <ele>1336.492</ele>
        <time>2015-05-03T10:51:32Z</time>
      </trkpt>
      <trkpt lat="46.496830" lon="23.357370">
        <ele>1337.158</ele>
        <time>2015-05-03T10:51:41Z</time>
      </trkpt>
      <trkpt lat="46.496793" lon="23.357478">
        <ele>1337.390</ele>
        <time>2015-05-03T10:51:49Z</time>
      </trkpt>
      <trkpt lat="46.496771" lon="23.357606">
        <ele>1337.525</ele>
        <time>2015-05-03T10:51:58Z</time>
      </trkpt>
      <trkpt lat="46.496758" lon="23.357733">
        <ele>1337.626</ele>
        <time>2015-05-03T10:52:07Z</time>
      </trkpt>
      <trkpt lat="46.496753" lon="23.357853">
        <ele>1337.808</ele>
        <time>2015-05-03T10:52:55Z</time>
      </trkpt>
      <trkpt lat="46.496771" lon="23.357979">
        <ele>1337.308</ele>
        <time>2015-05-03T10:54:13Z</time>
      </trkpt>
      <trkpt lat="46.496793" lon="23.358093">
        <ele>1336.793</ele>
        <time>2015-05-03T10:54:21Z</time>
      </trkpt>
      <trkpt lat="46.496801" lon="23.358211">
        <ele>1336.169</ele>
        <time>2015-05-03T10:54:29Z</time>
      </trkpt>
      <trkpt lat="46.496815" lon="23.358336">
        <ele>1335.513</ele>
        <time>2015-05-03T10:54:38Z</time>
      </trkpt>
      <trkpt lat="46.496838" lon="23.358456">
        <ele>1334.812</ele>
        <time>2015-05-03T10:54:46Z</time>
      </trkpt>
      <trkpt lat="46.496863" lon="23.358578">
        <ele>1334.254</ele>
        <time>2015-05-03T10:54:55Z</time>
      </trkpt>
      <trkpt lat="46.496873" lon="23.358708">
        <ele>1333.512</ele>
        <time>2015-05-03T10:55:04Z</time>
      </trkpt>
      <trkpt lat="46.496881" lon="23.358835">
        <ele>1333.588</ele>
        <time>2015-05-03T10:55:13Z</time>
      </trkpt>
      <trkpt lat="46.496888" lon="23.358966">
        <ele>1333.440</ele>
        <time>2015-05-03T10:55:32Z</time>
      </trkpt>
      <trkpt lat="46.496909" lon="23.359098">
        <ele>1334.067</ele>
        <time>2015-05-03T10:55:39Z</time>
      </trkpt>
      <trkpt lat="46.496923" lon="23.359228">
        <ele>1334.681</ele>
        <time>2015-05-03T10:55:45Z</time>
      </trkpt>
      <trkpt lat="46.496923" lon="23.359354">
        <ele>1335.319</ele>
        <time>2015-05-03T10:56:09Z</time>
      </trkpt>
      <trkpt lat="46.496896" lon="23.359471">
        <ele>1335.908</ele>
        <time>2015-05-03T10:56:17Z</time>
      </trkpt>
      <trkpt lat="46.496861" lon="23.359593">
        <ele>1336.657</ele>
        <time>2015-05-03T10:56:25Z</time>
      </trkpt>
      <trkpt lat="46.496835" lon="23.359708">
        <ele>1337.453</ele>
        <time>2015-05-03T10:56:33Z</time>
      </trkpt>
      <trkpt lat="46.496801" lon="23.359816">
        <ele>1338.117</ele>
        <time>2015-05-03T10:56:52Z</time>
      </trkpt>
      <trkpt lat="46.496765" lon="23.359923">
        <ele>1339.456</ele>
        <time>2015-05-03T10:57:34Z</time>
      </trkpt>
      <trkpt lat="46.496731" lon="23.360035">
        <ele>1340.678</ele>
        <time>2015-05-03T10:57:42Z</time>
      </trkpt>
      <trkpt lat="46.496701" lon="23.360148">
        <ele>1341.976</ele>
        <time>2015-05-03T10:57:52Z</time>
      </trkpt>
      <trkpt lat="46.496740" lon="23.360258">
        <ele>1343.262</ele>
        <time>2015-05-03T10:58:00Z</time>
      </trkpt>
      <trkpt lat="46.496770" lon="23.360384">
        <ele>1343.734</ele>
        <time>2015-05-03T10:58:09Z</time>
      </trkpt>
      <trkpt lat="46.496806" lon="23.360500">
        <ele>1344.336</ele>
        <time>2015-05-03T10:58:18Z</time>
      </trkpt>
      <trkpt lat="46.496835" lon="23.360616">
        <ele>1344.817</ele>
        <time>2015-05-03T10:58:27Z</time>
      </trkpt>
      <trkpt lat="46.496873" lon="23.360726">
        <ele>1345.918</ele>
        <time>2015-05-03T11:00:42Z</time>
      </trkpt>
      <trkpt lat="46.496864" lon="23.360848">
        <ele>1347.008</ele>
        <time>2015-05-03T11:00:50Z</time>
      </trkpt>
      <trkpt lat="46.496866" lon="23.360980">
        <ele>1348.184</ele>
        <time>2015-05-03T11:00:59Z</time>
      </trkpt>
      <trkpt lat="46.496878" lon="23.361103">
        <ele>1349.250</ele>
        <time>2015-05-03T11:01:07Z</time>
      </trkpt>
      <trkpt lat="46.496891" lon="23.361233">
        <ele>1349.764</ele>
        <time>2015-05-03T11:01:16Z</time>
      </trkpt>
      <trkpt lat="46.496903" lon="23.361363">
        <ele>1350.363</ele>
        <time>2015-05-03T11:01:25Z</time>
      </trkpt>
      <trkpt lat="46.496913" lon="23.361485">
        <ele>1350.875</ele>
        <time>2015-05-03T11:01:33Z</time>
      </trkpt>
      <trkpt lat="46.496908" lon="23.361605">
        <ele>1350.933</ele>
        <time>2015-05-03T11:01:41Z</time>
      </trkpt>
      <trkpt lat="46.496911" lon="23.361729">
        <ele>1351.019</ele>
        <time>2015-05-03T11:01:49Z</time>
      </trkpt>
      <trkpt lat="46.496925" lon="23.361849">
        <ele>1351.111</ele>
        <time>2015-05-03T11:01:57Z</time>
      </trkpt>
      <trkpt lat="46.496965" lon="23.361956">
        <ele>1351.234</ele>
        <time>2015-05-03T11:02:08Z</time>
      </trkpt>
      <trkpt lat="46.497003" lon="23.362070">
        <ele>1350.755</ele>
        <time>2015-05-03T11:02:19Z</time>
      </trkpt>
      <trkpt lat="46.497029" lon="23.362183">
        <ele>1350.310</ele>
        <time>2015-05-03T11:02:29Z</time>
      </trkpt>
      <trkpt lat="46.497048" lon="23.362311">
        <ele>1349.808</ele>
        <time>2015-05-03T11:02:39Z</time>
      </trkpt>
      <trkpt lat="46.497066" lon="23.362436">
        <ele>1349.224</ele>
        <time>2015-05-03T11:02:49Z</time>
      </trkpt>
      <trkpt lat="46.497096" lon="23.362548">
        <ele>1348.590</ele>
        <time>2015-05-03T11:03:07Z</time>
      </trkpt>
      <trkpt lat="46.497113" lon="23.362671">
        <ele>1348.844</ele>
        <time>2015-05-03T11:03:34Z</time>
      </trkpt>
      <trkpt lat="46.497101" lon="23.362788">
        <ele>1349.123</ele>
        <time>2015-05-03T11:03:45Z</time>
      </trkpt>
      <trkpt lat="46.497113" lon="23.362920">
        <ele>1349.895</ele>
        <time>2015-05-03T11:03:54Z</time>
      </trkpt>
      <trkpt lat="46.497119" lon="23.363041">
        <ele>1350.563</ele>
        <time>2015-05-03T11:04:03Z</time>
      </trkpt>
      <trkpt lat="46.497133" lon="23.363160">
        <ele>1351.319</ele>
        <time>2015-05-03T11:04:11Z</time>
      </trkpt>
      <trkpt lat="46.497153" lon="23.363293">
        <ele>1352.631</ele>
        <time>2015-05-03T11:04:26Z</time>
      </trkpt>
      <trkpt lat="46.497166" lon="23.363425">
        <ele>1354.094</ele>
        <time>2015-05-03T11:04:34Z</time>
      </trkpt>
      <trkpt lat="46.497183" lon="23.363541">
        <ele>1355.457</ele>
        <time>2015-05-03T11:04:47Z</time>
      </trkpt>
      <trkpt lat="46.497200" lon="23.363659">
        <ele>1356.722</ele>
        <time>2015-05-03T11:04:54Z</time>
      </trkpt>
      <trkpt lat="46.497224" lon="23.363785">
        <ele>1356.808</ele>
        <time>2015-05-03T11:05:02Z</time>
      </trkpt>
      <trkpt lat="46.497241" lon="23.363905">
        <ele>1356.960</ele>
        <time>2015-05-03T11:05:10Z</time>
      </trkpt>
      <trkpt lat="46.497241" lon="23.364036">
        <ele>1356.156</ele>
        <time>2015-05-03T11:05:18Z</time>
      </trkpt>
      <trkpt lat="46.497211" lon="23.364150">
        <ele>1355.350</ele>
        <time>2015-05-03T11:05:26Z</time>
      </trkpt>
      <trkpt lat="46.497155" lon="23.364235">
        <ele>1354.589</ele>
        <time>2015-05-03T11:05:34Z</time>
      </trkpt>
      <trkpt lat="46.497086" lon="23.364316">
        <ele>1353.651</ele>
        <time>2015-05-03T11:05:41Z</time>
      </trkpt>
      <trkpt lat="46.497021" lon="23.364408">
        <ele>1353.529</ele>
        <time>2015-05-03T11:05:49Z</time>
      </trkpt>
      <trkpt lat="46.496954" lon="23.364483">
        <ele>1352.665</ele>
        <time>2015-05-03T11:05:57Z</time>
      </trkpt>
      <trkpt lat="46.496886" lon="23.364551">
        <ele>1351.817</ele>
        <time>2015-05-03T11:06:05Z</time>
      </trkpt>
      <trkpt lat="46.496811" lon="23.364618">
        <ele>1351.078</ele>
        <time>2015-05-03T11:06:13Z</time>
      </trkpt>
      <trkpt lat="46.496740" lon="23.364698">
        <ele>1350.233</ele>
        <time>2015-05-03T11:06:23Z</time>
      </trkpt>
      <trkpt lat="46.496671" lon="23.364766">
        <ele>1350.826</ele>
        <time>2015-05-03T11:06:41Z</time>
      </trkpt>
      <trkpt lat="46.496600" lon="23.364840">
        <ele>1351.508</ele>
        <time>2015-05-03T11:06:50Z</time>
      </trkpt>
      <trkpt lat="46.496516" lon="23.364869">
        <ele>1352.128</ele>
        <time>2015-05-03T11:07:37Z</time>
      </trkpt>
      <trkpt lat="46.496481" lon="23.364981">
        <ele>1352.244</ele>
        <time>2015-05-03T11:11:58Z</time>
      </trkpt>
      <trkpt lat="46.496506" lon="23.365103">
        <ele>1352.358</ele>
        <time>2015-05-03T11:12:11Z</time>
      </trkpt>
      <trkpt lat="46.496500" lon="23.365221">
        <ele>1352.477</ele>
        <time>2015-05-03T11:12:19Z</time>
      </trkpt>
      <trkpt lat="46.496478" lon="23.365343">
        <ele>1351.849</ele>
        <time>2015-05-03T11:12:27Z</time>
      </trkpt>
      <trkpt lat="46.496450" lon="23.365466">
        <ele>1351.397</ele>
        <time>2015-05-03T11:12:37Z</time>
      </trkpt>
      <trkpt lat="46.496420" lon="23.365578">
        <ele>1349.943</ele>
        <time>2015-05-03T11:12:46Z</time>
      </trkpt>
      <trkpt lat="46.496390" lon="23.365700">
        <ele>1348.525</ele>
        <time>2015-05-03T11:12:55Z</time>
      </trkpt>
      <trkpt lat="46.496354" lon="23.365808">
        <ele>1348.581</ele>
        <time>2015-05-03T11:13:04Z</time>
      </trkpt>
      <trkpt lat="46.496326" lon="23.365923">
        <ele>1348.461</ele>
        <time>2015-05-03T11:13:14Z</time>
      </trkpt>
      <trkpt lat="46.496285" lon="23.366045">
        <ele>1348.317</ele>
        <time>2015-05-03T11:13:29Z</time>
      </trkpt>
      <trkpt lat="46.496236" lon="23.366145">
        <ele>1348.208</ele>
        <time>2015-05-03T11:13:44Z</time>
      </trkpt>
      <trkpt lat="46.496211" lon="23.366258">
        <ele>1348.629</ele>
        <time>2015-05-03T11:14:51Z</time>
      </trkpt>
      <trkpt lat="46.496198" lon="23.366381">
        <ele>1349.125</ele>
        <time>2015-05-03T11:15:08Z</time>
      </trkpt>
      <trkpt lat="46.496151" lon="23.366478">
        <ele>1349.589</ele>
        <time>2015-05-03T11:15:22Z</time>
      </trkpt>
      <trkpt lat="46.496090" lon="23.366566">
        <ele>1350.088</ele>
        <time>2015-05-03T11:16:12Z</time>
      </trkpt>
      <trkpt lat="46.496023" lon="23.366661">
        <ele>1351.080</ele>
        <time>2015-05-03T11:16:22Z</time>
      </trkpt>
      <trkpt lat="46.495991" lon="23.366781">
        <ele>1352.888</ele>
        <time>2015-05-03T11:16:46Z</time>
      </trkpt>
      <trkpt lat="46.495998" lon="23.366901">
        <ele>1354.644</ele>
        <time>2015-05-03T11:16:59Z</time>
      </trkpt>
      <trkpt lat="46.495946" lon="23.367009">
        <ele>1355.226</ele>
        <time>2015-05-03T11:17:30Z</time>
      </trkpt>
      <trkpt lat="46.495955" lon="23.367131">
        <ele>1355.748</ele>
        <time>2015-05-03T11:18:11Z</time>
      </trkpt>
      <trkpt lat="46.495964" lon="23.367253">
        <ele>1356.361</ele>
        <time>2015-05-03T11:18:22Z</time>
      </trkpt>
      <trkpt lat="46.495963" lon="23.367378">
        <ele>1356.817</ele>
        <time>2015-05-03T11:18:32Z</time>
      </trkpt>
      <trkpt lat="46.495971" lon="23.367506">
        <ele>1357.408</ele>
        <time>2015-05-03T11:18:39Z</time>
      </trkpt>
      <trkpt lat="46.495961" lon="23.367631">
        <ele>1357.985</ele>
        <time>2015-05-03T11:18:47Z</time>
      </trkpt>
      <trkpt lat="46.495893" lon="23.367700">
        <ele>1358.541</ele>
        <time>2015-05-03T11:19:04Z</time>
      </trkpt>
      <trkpt lat="46.495810" lon="23.367703">
        <ele>1356.135</ele>
        <time>2015-05-03T11:19:13Z</time>
      </trkpt>
      <trkpt lat="46.495728" lon="23.367684">
        <ele>1353.274</ele>
        <time>2015-05-03T11:19:22Z</time>
      </trkpt>
      <trkpt lat="46.495636" lon="23.367665">
        <ele>1350.316</ele>
        <time>2015-05-03T11:19:31Z</time>
      </trkpt>
      <trkpt lat="46.495551" lon="23.367624">
        <ele>1347.484</ele>
        <time>2015-05-03T11:19:39Z</time>
      </trkpt>
      <trkpt lat="46.495468" lon="23.367588">
        <ele>1344.560</ele>
        <time>2015-05-03T11:19:48Z</time>
      </trkpt>
      <trkpt lat="46.495385" lon="23.367549">
        <ele>1341.542</ele>
        <time>2015-05-03T11:19:59Z</time>
      </trkpt>
      <trkpt lat="46.495301" lon="23.367563">
        <ele>1338.665</ele>
        <time>2015-05-03T11:20:10Z</time>
      </trkpt>
      <trkpt lat="46.495216" lon="23.367571">
        <ele>1335.768</ele>
        <time>2015-05-03T11:20:20Z</time>
      </trkpt>
      <trkpt lat="46.495138" lon="23.367606">
        <ele>1332.814</ele>
        <time>2015-05-03T11:20:30Z</time>
      </trkpt>
      <trkpt lat="46.495056" lon="23.367606">
        <ele>1329.908</ele>
        <time>2015-05-03T11:20:46Z</time>
      </trkpt>
      <trkpt lat="46.494985" lon="23.367661">
        <ele>1323.917</ele>
        <time>2015-05-03T11:23:31Z</time>
      </trkpt>
      <trkpt lat="46.494900" lon="23.367633">
        <ele>1320.853</ele>
        <time>2015-05-03T11:23:43Z</time>
      </trkpt>
      <trkpt lat="46.494816" lon="23.367630">
        <ele>1317.747</ele>
        <time>2015-05-03T11:24:30Z</time>
      </trkpt>
      <trkpt lat="46.494731" lon="23.367668">
        <ele>1314.636</ele>
        <time>2015-05-03T11:24:40Z</time>
      </trkpt>
      <trkpt lat="46.494658" lon="23.367738">
        <ele>1311.528</ele>
        <time>2015-05-03T11:24:46Z</time>
      </trkpt>
      <trkpt lat="46.494590" lon="23.367636">
        <ele>1308.596</ele>
        <time>2015-05-03T11:28:12Z</time>
      </trkpt>
      <trkpt lat="46.494533" lon="23.367549">
        <ele>1305.432</ele>
        <time>2015-05-03T11:28:31Z</time>
      </trkpt>
      <trkpt lat="46.494460" lon="23.367491">
        <ele>1305.414</ele>
        <time>2015-05-03T11:28:56Z</time>
      </trkpt>
      <trkpt lat="46.494391" lon="23.367416">
        <ele>1305.477</ele>
        <time>2015-05-03T11:29:18Z</time>
      </trkpt>
      <trkpt lat="46.494460" lon="23.367486">
        <ele>1305.461</ele>
        <time>2015-05-03T11:48:21Z</time>
      </trkpt>
      <trkpt lat="46.494533" lon="23.367578">
        <ele>1305.427</ele>
        <time>2015-05-03T11:48:47Z</time>
      </trkpt>
      <trkpt lat="46.494588" lon="23.367676">
        <ele>1308.508</ele>
        <time>2015-05-03T11:49:04Z</time>
      </trkpt>
      <trkpt lat="46.494670" lon="23.367691">
        <ele>1311.548</ele>
        <time>2015-05-03T11:51:31Z</time>
      </trkpt>
      <trkpt lat="46.494748" lon="23.367635">
        <ele>1314.654</ele>
        <time>2015-05-03T11:51:53Z</time>
      </trkpt>
      <trkpt lat="46.494843" lon="23.367638">
        <ele>1317.798</ele>
        <time>2015-05-03T11:54:12Z</time>
      </trkpt>
      <trkpt lat="46.494924" lon="23.367648">
        <ele>1320.867</ele>
        <time>2015-05-03T11:54:31Z</time>
      </trkpt>
      <trkpt lat="46.495008" lon="23.367673">
        <ele>1323.969</ele>
        <time>2015-05-03T11:54:49Z</time>
      </trkpt>
      <trkpt lat="46.495059" lon="23.367579">
        <ele>1329.937</ele>
        <time>2015-05-03T11:58:07Z</time>
      </trkpt>
      <trkpt lat="46.495143" lon="23.367590">
        <ele>1332.853</ele>
        <time>2015-05-03T11:59:02Z</time>
      </trkpt>
      <trkpt lat="46.495223" lon="23.367556">
        <ele>1335.735</ele>
        <time>2015-05-03T11:59:13Z</time>
      </trkpt>
      <trkpt lat="46.495306" lon="23.367560">
        <ele>1338.693</ele>
        <time>2015-05-03T11:59:26Z</time>
      </trkpt>
      <trkpt lat="46.495393" lon="23.367583">
        <ele>1341.565</ele>
        <time>2015-05-03T11:59:46Z</time>
      </trkpt>
      <trkpt lat="46.495475" lon="23.367603">
        <ele>1344.521</ele>
        <time>2015-05-03T12:00:03Z</time>
      </trkpt>
      <trkpt lat="46.495561" lon="23.367571">
        <ele>1347.408</ele>
        <time>2015-05-03T12:00:17Z</time>
      </trkpt>
      <trkpt lat="46.495643" lon="23.367553">
        <ele>1350.390</ele>
        <time>2015-05-03T12:00:29Z</time>
      </trkpt>
      <trkpt lat="46.495718" lon="23.367504">
        <ele>1353.256</ele>
        <time>2015-05-03T12:00:42Z</time>
      </trkpt>
      <trkpt lat="46.495803" lon="23.367500">
        <ele>1355.820</ele>
        <time>2015-05-03T12:00:54Z</time>
      </trkpt>
      <trkpt lat="46.495859" lon="23.367585">
        <ele>1358.559</ele>
        <time>2015-05-03T12:01:16Z</time>
      </trkpt>
      <trkpt lat="46.495895" lon="23.367695">
        <ele>1358.281</ele>
        <time>2015-05-03T12:01:26Z</time>
      </trkpt>
      <trkpt lat="46.495896" lon="23.367816">
        <ele>1357.959</ele>
        <time>2015-05-03T12:01:37Z</time>
      </trkpt>
      <trkpt lat="46.495895" lon="23.367935">
        <ele>1357.615</ele>
        <time>2015-05-03T12:01:45Z</time>
      </trkpt>
      <trkpt lat="46.495913" lon="23.368061">
        <ele>1357.467</ele>
        <time>2015-05-03T12:01:54Z</time>
      </trkpt>
      <trkpt lat="46.495908" lon="23.368186">
        <ele>1357.049</ele>
        <time>2015-05-03T12:02:03Z</time>
      </trkpt>
      <trkpt lat="46.495900" lon="23.368311">
        <ele>1356.602</ele>
        <time>2015-05-03T12:02:14Z</time>
      </trkpt>
      <trkpt lat="46.495904" lon="23.368438">
        <ele>1356.322</ele>
        <time>2015-05-03T12:02:24Z</time>
      </trkpt>
      <trkpt lat="46.495923" lon="23.368566">
        <ele>1355.908</ele>
        <time>2015-05-03T12:02:33Z</time>
      </trkpt>
      <trkpt lat="46.495915" lon="23.368686">
        <ele>1355.545</ele>
        <time>2015-05-03T12:02:42Z</time>
      </trkpt>
      <trkpt lat="46.495904" lon="23.368815">
        <ele>1355.511</ele>
        <time>2015-05-03T12:02:51Z</time>
      </trkpt>
      <trkpt lat="46.495889" lon="23.368938">
        <ele>1355.435</ele>
        <time>2015-05-03T12:02:59Z</time>
      </trkpt>
      <trkpt lat="46.495888" lon="23.369070">
        <ele>1355.624</ele>
        <time>2015-05-03T12:03:08Z</time>
      </trkpt>
      <trkpt lat="46.495881" lon="23.369196">
        <ele>1355.956</ele>
        <time>2015-05-03T12:03:17Z</time>
      </trkpt>
      <trkpt lat="46.495868" lon="23.369326">
        <ele>1356.284</ele>
        <time>2015-05-03T12:03:26Z</time>
      </trkpt>
      <trkpt lat="46.495873" lon="23.369456">
        <ele>1356.580</ele>
        <time>2015-05-03T12:03:34Z</time>
      </trkpt>
      <trkpt lat="46.495858" lon="23.369586">
        <ele>1356.862</ele>
        <time>2015-05-03T12:03:42Z</time>
      </trkpt>
      <trkpt lat="46.495814" lon="23.369701">
        <ele>1357.287</ele>
        <time>2015-05-03T12:03:51Z</time>
      </trkpt>
      <trkpt lat="46.495781" lon="23.369818">
        <ele>1357.542</ele>
        <time>2015-05-03T12:03:59Z</time>
      </trkpt>
      <trkpt lat="46.495724" lon="23.369920">
        <ele>1357.926</ele>
        <time>2015-05-03T12:04:08Z</time>
      </trkpt>
      <trkpt lat="46.495660" lon="23.370006">
        <ele>1358.508</ele>
        <time>2015-05-03T12:04:16Z</time>
      </trkpt>
      <trkpt lat="46.495606" lon="23.370100">
        <ele>1356.769</ele>
        <time>2015-05-03T12:04:24Z</time>
      </trkpt>
      <trkpt lat="46.495585" lon="23.370230">
        <ele>1354.995</ele>
        <time>2015-05-03T12:04:33Z</time>
      </trkpt>
      <trkpt lat="46.495556" lon="23.370346">
        <ele>1352.759</ele>
        <time>2015-05-03T12:04:42Z</time>
      </trkpt>
      <trkpt lat="46.495508" lon="23.370453">
        <ele>1350.528</ele>
        <time>2015-05-03T12:04:52Z</time>
      </trkpt>
      <trkpt lat="46.495473" lon="23.370566">
        <ele>1348.480</ele>
        <time>2015-05-03T12:05:02Z</time>
      </trkpt>
      <trkpt lat="46.495430" lon="23.370668">
        <ele>1346.258</ele>
        <time>2015-05-03T12:05:12Z</time>
      </trkpt>
      <trkpt lat="46.495381" lon="23.370781">
        <ele>1344.614</ele>
        <time>2015-05-03T12:05:23Z</time>
      </trkpt>
      <trkpt lat="46.495351" lon="23.370910">
        <ele>1343.146</ele>
        <time>2015-05-03T12:06:25Z</time>
      </trkpt>
      <trkpt lat="46.495290" lon="23.370996">
        <ele>1341.522</ele>
        <time>2015-05-03T12:06:37Z</time>
      </trkpt>
      <trkpt lat="46.495295" lon="23.371115">
        <ele>1340.062</ele>
        <time>2015-05-03T12:06:46Z</time>
      </trkpt>
      <trkpt lat="46.495261" lon="23.371226">
        <ele>1338.208</ele>
        <time>2015-05-03T12:06:54Z</time>
      </trkpt>
      <trkpt lat="46.495213" lon="23.371325">
        <ele>1338.808</ele>
        <time>2015-05-03T12:07:05Z</time>
      </trkpt>
      <trkpt lat="46.495181" lon="23.371438">
        <ele>1339.553</ele>
        <time>2015-05-03T12:07:34Z</time>
      </trkpt>
      <trkpt lat="46.495176" lon="23.371556">
        <ele>1340.129</ele>
        <time>2015-05-03T12:07:44Z</time>
      </trkpt>
      <trkpt lat="46.495145" lon="23.371670">
        <ele>1340.743</ele>
        <time>2015-05-03T12:08:16Z</time>
      </trkpt>
      <trkpt lat="46.495090" lon="23.371756">
        <ele>1343.582</ele>
        <time>2015-05-03T12:08:36Z</time>
      </trkpt>
      <trkpt lat="46.495170" lon="23.371809">
        <ele>1346.254</ele>
        <time>2015-05-03T12:09:55Z</time>
      </trkpt>
      <trkpt lat="46.495225" lon="23.371901">
        <ele>1348.372</ele>
        <time>2015-05-03T12:10:03Z</time>
      </trkpt>
      <trkpt lat="46.495290" lon="23.371973">
        <ele>1350.448</ele>
        <time>2015-05-03T12:10:16Z</time>
      </trkpt>
      <trkpt lat="46.495360" lon="23.372033">
        <ele>1352.550</ele>
        <time>2015-05-03T12:11:05Z</time>
      </trkpt>
      <trkpt lat="46.495441" lon="23.371991">
        <ele>1354.536</ele>
        <time>2015-05-03T12:11:18Z</time>
      </trkpt>
      <trkpt lat="46.495523" lon="23.371981">
        <ele>1356.617</ele>
        <time>2015-05-03T12:11:29Z</time>
      </trkpt>
      <trkpt lat="46.495606" lon="23.371931">
        <ele>1358.718</ele>
        <time>2015-05-03T12:13:06Z</time>
      </trkpt>
      <trkpt lat="46.495678" lon="23.371858">
        <ele>1360.808</ele>
        <time>2015-05-03T12:13:15Z</time>
      </trkpt>
      <trkpt lat="46.495761" lon="23.371841">
        <ele>1362.934</ele>
        <time>2015-05-03T12:13:30Z</time>
      </trkpt>
      <trkpt lat="46.495838" lon="23.371798">
        <ele>1365.050</ele>
        <time>2015-05-03T12:13:38Z</time>
      </trkpt>
      <trkpt lat="46.495916" lon="23.371846">
        <ele>1363.144</ele>
        <time>2015-05-03T12:14:04Z</time>
      </trkpt>
      <trkpt lat="46.495976" lon="23.371933">
        <ele>1361.963</ele>
        <time>2015-05-03T12:14:21Z</time>
      </trkpt>
      <trkpt lat="46.496016" lon="23.372045">
        <ele>1360.765</ele>
        <time>2015-05-03T12:14:35Z</time>
      </trkpt>
      <trkpt lat="46.496099" lon="23.372056">
        <ele>1359.543</ele>
        <time>2015-05-03T12:15:46Z</time>
      </trkpt>
      <trkpt lat="46.496183" lon="23.372070">
        <ele>1358.429</ele>
        <time>2015-05-03T12:16:02Z</time>
      </trkpt>
      <trkpt lat="46.496241" lon="23.372153">
        <ele>1357.271</ele>
        <time>2015-05-03T12:16:50Z</time>
      </trkpt>
      <trkpt lat="46.496316" lon="23.372213">
        <ele>1356.052</ele>
        <time>2015-05-03T12:17:12Z</time>
      </trkpt>
      <trkpt lat="46.496396" lon="23.372165">
        <ele>1354.853</ele>
        <time>2015-05-03T12:17:25Z</time>
      </trkpt>
      <trkpt lat="46.496478" lon="23.372191">
        <ele>1353.608</ele>
        <time>2015-05-03T12:18:12Z</time>
      </trkpt>
      <trkpt lat="46.496603" lon="23.372321">
        <ele>1352.508</ele>
        <time>2015-05-03T12:18:58Z</time>
      </trkpt>
      <trkpt lat="46.496711" lon="23.372403">
        <ele>1351.336</ele>
        <time>2015-05-03T12:19:54Z</time>
      </trkpt>
      <trkpt lat="46.496804" lon="23.372475">
        <ele>1350.762</ele>
        <time>2015-05-03T12:20:17Z</time>
      </trkpt>
      <trkpt lat="46.496876" lon="23.372548">
        <ele>1349.556</ele>
        <time>2015-05-03T12:20:28Z</time>
      </trkpt>
      <trkpt lat="46.496933" lon="23.372651">
        <ele>1348.255</ele>
        <time>2015-05-03T12:20:45Z</time>
      </trkpt>
      <trkpt lat="46.497001" lon="23.372761">
        <ele>1346.927</ele>
        <time>2015-05-03T12:20:50Z</time>
      </trkpt>
      <trkpt lat="46.497048" lon="23.372868">
        <ele>1345.695</ele>
        <time>2015-05-03T12:20:55Z</time>
      </trkpt>
      <trkpt lat="46.497038" lon="23.372989">
        <ele>1344.421</ele>
        <time>2015-05-03T12:21:02Z</time>
      </trkpt>
      <trkpt lat="46.497043" lon="23.373109">
        <ele>1343.193</ele>
        <time>2015-05-03T12:21:13Z</time>
      </trkpt>
      <trkpt lat="46.497026" lon="23.373229">
        <ele>1341.817</ele>
        <time>2015-05-03T12:21:24Z</time>
      </trkpt>
      <trkpt lat="46.497013" lon="23.373346">
        <ele>1337.987</ele>
        <time>2015-05-03T12:21:33Z</time>
      </trkpt>
      <trkpt lat="46.497033" lon="23.373466">
        <ele>1334.015</ele>
        <time>2015-05-03T12:21:42Z</time>
      </trkpt>
      <trkpt lat="46.497046" lon="23.373589">
        <ele>1330.108</ele>
        <time>2015-05-03T12:21:50Z</time>
      </trkpt>
      <trkpt lat="46.497065" lon="23.373711">
        <ele>1327.552</ele>
        <time>2015-05-03T12:21:59Z</time>
      </trkpt>
      <trkpt lat="46.497098" lon="23.373825">
        <ele>1324.868</ele>
        <time>2015-05-03T12:22:08Z</time>
      </trkpt>
      <trkpt lat="46.497116" lon="23.373949">
        <ele>1322.212</ele>
        <time>2015-05-03T12:22:21Z</time>
      </trkpt>
      <trkpt lat="46.497100" lon="23.374138">
        <ele>1319.561</ele>
        <time>2015-05-03T12:22:58Z</time>
      </trkpt>
      <trkpt lat="46.497056" lon="23.374251">
        <ele>1317.183</ele>
        <time>2015-05-03T12:23:05Z</time>
      </trkpt>
      <trkpt lat="46.497028" lon="23.374368">
        <ele>1318.121</ele>
        <time>2015-05-03T12:23:12Z</time>
      </trkpt>
      <trkpt lat="46.496995" lon="23.374478">
        <ele>1319.197</ele>
        <time>2015-05-03T12:23:22Z</time>
      </trkpt>
      <trkpt lat="46.497041" lon="23.374574">
        <ele>1320.179</ele>
        <time>2015-05-03T12:25:02Z</time>
      </trkpt>
      <trkpt lat="46.497105" lon="23.374649">
        <ele>1323.742</ele>
        <time>2015-05-03T12:25:16Z</time>
      </trkpt>
      <trkpt lat="46.497145" lon="23.374768">
        <ele>1323.922</ele>
        <time>2015-05-03T12:25:38Z</time>
      </trkpt>
      <trkpt lat="46.497156" lon="23.374885">
        <ele>1324.114</ele>
        <time>2015-05-03T12:26:43Z</time>
      </trkpt>
      <trkpt lat="46.497176" lon="23.375001">
        <ele>1324.308</ele>
        <time>2015-05-03T12:26:52Z</time>
      </trkpt>
      <trkpt lat="46.497195" lon="23.375121">
        <ele>1326.715</ele>
        <time>2015-05-03T12:27:01Z</time>
      </trkpt>
      <trkpt lat="46.497171" lon="23.375234">
        <ele>1329.261</ele>
        <time>2015-05-03T12:27:13Z</time>
      </trkpt>
      <trkpt lat="46.497131" lon="23.375338">
        <ele>1331.675</ele>
        <time>2015-05-03T12:27:30Z</time>
      </trkpt>
      <trkpt lat="46.497063" lon="23.375405">
        <ele>1333.984</ele>
        <time>2015-05-03T12:27:45Z</time>
      </trkpt>
      <trkpt lat="46.496991" lon="23.375480">
        <ele>1332.726</ele>
        <time>2015-05-03T12:28:13Z</time>
      </trkpt>
      <trkpt lat="46.496931" lon="23.375576">
        <ele>1331.524</ele>
        <time>2015-05-03T12:28:21Z</time>
      </trkpt>
      <trkpt lat="46.496841" lon="23.375641">
        <ele>1330.490</ele>
        <time>2015-05-03T12:28:40Z</time>
      </trkpt>
      <trkpt lat="46.496766" lon="23.375703">
        <ele>1329.242</ele>
        <time>2015-05-03T12:29:01Z</time>
      </trkpt>
      <trkpt lat="46.496681" lon="23.375773">
        <ele>1331.583</ele>
        <time>2015-05-03T12:33:40Z</time>
      </trkpt>
      <trkpt lat="46.496763" lon="23.375798">
        <ele>1335.225</ele>
        <time>2015-05-03T12:52:43Z</time>
      </trkpt>
      <trkpt lat="46.496768" lon="23.375916">
        <ele>1338.917</ele>
        <time>2015-05-03T12:56:45Z</time>
      </trkpt>
      <trkpt lat="46.496783" lon="23.376038">
        <ele>1340.408</ele>
        <time>2015-05-03T12:57:07Z</time>
      </trkpt>
      <trkpt lat="46.496788" lon="23.376156">
        <ele>1341.869</ele>
        <time>2015-05-03T12:57:16Z</time>
      </trkpt>
      <trkpt lat="46.496776" lon="23.376286">
        <ele>1343.365</ele>
        <time>2015-05-03T12:57:31Z</time>
      </trkpt>
      <trkpt lat="46.496783" lon="23.376420">
        <ele>1344.759</ele>
        <time>2015-05-03T12:57:42Z</time>
      </trkpt>
      <trkpt lat="46.496836" lon="23.376510">
        <ele>1346.268</ele>
        <time>2015-05-03T12:57:52Z</time>
      </trkpt>
      <trkpt lat="46.496866" lon="23.376623">
        <ele>1348.140</ele>
        <time>2015-05-03T12:58:05Z</time>
      </trkpt>
      <trkpt lat="46.496864" lon="23.376751">
        <ele>1350.068</ele>
        <time>2015-05-03T12:58:17Z</time>
      </trkpt>
      <trkpt lat="46.496856" lon="23.376870">
        <ele>1351.924</ele>
        <time>2015-05-03T12:58:24Z</time>
      </trkpt>
      <trkpt lat="46.496821" lon="23.376983">
        <ele>1353.866</ele>
        <time>2015-05-03T12:58:31Z</time>
      </trkpt>
      <trkpt lat="46.496791" lon="23.377098">
        <ele>1354.325</ele>
        <time>2015-05-03T12:59:02Z</time>
      </trkpt>
      <trkpt lat="46.496778" lon="23.377221">
        <ele>1354.726</ele>
        <time>2015-05-03T12:59:13Z</time>
      </trkpt>
      <trkpt lat="46.496796" lon="23.377341">
        <ele>1355.208</ele>
        <time>2015-05-03T12:59:22Z</time>
      </trkpt>
      <trkpt lat="46.496808" lon="23.377468">
        <ele>1356.008</ele>
        <time>2015-05-03T12:59:32Z</time>
      </trkpt>
      <trkpt lat="46.496838" lon="23.377583">
        <ele>1356.823</ele>
        <time>2015-05-03T13:01:22Z</time>
      </trkpt>
      <trkpt lat="46.496830" lon="23.377711">
        <ele>1357.659</ele>
        <time>2015-05-03T13:01:29Z</time>
      </trkpt>
      <trkpt lat="46.496795" lon="23.377830">
        <ele>1358.523</ele>
        <time>2015-05-03T13:01:38Z</time>
      </trkpt>
      <trkpt lat="46.496753" lon="23.377933">
        <ele>1358.822</ele>
        <time>2015-05-03T13:01:49Z</time>
      </trkpt>
      <trkpt lat="46.496691" lon="23.378035">
        <ele>1359.254</ele>
        <time>2015-05-03T13:02:09Z</time>
      </trkpt>
      <trkpt lat="46.496623" lon="23.378103">
        <ele>1359.582</ele>
        <time>2015-05-03T13:02:23Z</time>
      </trkpt>
      <trkpt lat="46.496639" lon="23.378220">
        <ele>1359.988</ele>
        <time>2015-05-03T13:02:33Z</time>
      </trkpt>
      <trkpt lat="46.496570" lon="23.378303">
        <ele>1359.730</ele>
        <time>2015-05-03T13:02:43Z</time>
      </trkpt>
      <trkpt lat="46.496575" lon="23.378426">
        <ele>1359.573</ele>
        <time>2015-05-03T13:02:55Z</time>
      </trkpt>
      <trkpt lat="46.496611" lon="23.378531">
        <ele>1359.485</ele>
        <time>2015-05-03T13:03:07Z</time>
      </trkpt>
      <trkpt lat="46.496601" lon="23.378650">
        <ele>1358.813</ele>
        <time>2015-05-03T13:03:16Z</time>
      </trkpt>
      <trkpt lat="46.496624" lon="23.378771">
        <ele>1358.308</ele>
        <time>2015-05-03T13:03:55Z</time>
      </trkpt>
      <trkpt lat="46.496663" lon="23.378881">
        <ele>1357.728</ele>
        <time>2015-05-03T13:04:06Z</time>
      </trkpt>
      <trkpt lat="46.496708" lon="23.378984">
        <ele>1357.284</ele>
        <time>2015-05-03T13:04:15Z</time>
      </trkpt>
      <trkpt lat="46.496716" lon="23.379110">
        <ele>1356.678</ele>
        <time>2015-05-03T13:04:26Z</time>
      </trkpt>
      <trkpt lat="46.496781" lon="23.379194">
        <ele>1355.837</ele>
        <time>2015-05-03T13:04:35Z</time>
      </trkpt>
      <trkpt lat="46.496851" lon="23.379263">
        <ele>1355.029</ele>
        <time>2015-05-03T13:04:48Z</time>
      </trkpt>
      <trkpt lat="46.496840" lon="23.379385">
        <ele>1354.257</ele>
        <time>2015-05-03T13:04:58Z</time>
      </trkpt>
      <trkpt lat="46.496883" lon="23.379488">
        <ele>1353.993</ele>
        <time>2015-05-03T13:05:13Z</time>
      </trkpt>
      <trkpt lat="46.496826" lon="23.379573">
        <ele>1353.695</ele>
        <time>2015-05-03T13:05:25Z</time>
      </trkpt>
      <trkpt lat="46.496808" lon="23.379691">
        <ele>1353.431</ele>
        <time>2015-05-03T13:05:38Z</time>
      </trkpt>
      <trkpt lat="46.496811" lon="23.379824">
        <ele>1353.161</ele>
        <time>2015-05-03T13:05:50Z</time>
      </trkpt>
      <trkpt lat="46.496821" lon="23.379953">
        <ele>1350.307</ele>
        <time>2015-05-03T13:06:15Z</time>
      </trkpt>
      <trkpt lat="46.496896" lon="23.380033">
        <ele>1348.008</ele>
        <time>2015-05-03T13:06:38Z</time>
      </trkpt>
      <trkpt lat="46.496958" lon="23.380113">
        <ele>1345.714</ele>
        <time>2015-05-03T13:08:11Z</time>
      </trkpt>
      <trkpt lat="46.497025" lon="23.380206">
        <ele>1343.560</ele>
        <time>2015-05-03T13:08:18Z</time>
      </trkpt>
      <trkpt lat="46.497105" lon="23.380238">
        <ele>1341.514</ele>
        <time>2015-05-03T13:08:25Z</time>
      </trkpt>
      <trkpt lat="46.497153" lon="23.380348">
        <ele>1339.523</ele>
        <time>2015-05-03T13:08:32Z</time>
      </trkpt>
      <trkpt lat="46.497186" lon="23.380468">
        <ele>1337.535</ele>
        <time>2015-05-03T13:08:39Z</time>
      </trkpt>
      <trkpt lat="46.497240" lon="23.380558">
        <ele>1335.563</ele>
        <time>2015-05-03T13:08:47Z</time>
      </trkpt>
      <trkpt lat="46.497273" lon="23.380668">
        <ele>1333.569</ele>
        <time>2015-05-03T13:08:55Z</time>
      </trkpt>
      <trkpt lat="46.497321" lon="23.380763">
        <ele>1330.171</ele>
        <time>2015-05-03T13:09:22Z</time>
      </trkpt>
      <trkpt lat="46.497386" lon="23.380845">
        <ele>1326.795</ele>
        <time>2015-05-03T13:09:31Z</time>
      </trkpt>
      <trkpt lat="46.497401" lon="23.380971">
        <ele>1325.949</ele>
        <time>2015-05-03T13:09:39Z</time>
      </trkpt>
      <trkpt lat="46.497404" lon="23.381091">
        <ele>1324.523</ele>
        <time>2015-05-03T13:09:55Z</time>
      </trkpt>
      <trkpt lat="46.497455" lon="23.381186">
        <ele>1323.208</ele>
        <time>2015-05-03T13:10:13Z</time>
      </trkpt>
      <trkpt lat="46.497511" lon="23.381281">
        <ele>1321.830</ele>
        <time>2015-05-03T13:10:32Z</time>
      </trkpt>
      <trkpt lat="46.497584" lon="23.381348">
        <ele>1320.586</ele>
        <time>2015-05-03T13:10:43Z</time>
      </trkpt>
      <trkpt lat="46.497618" lon="23.381468">
        <ele>1319.150</ele>
        <time>2015-05-03T13:10:56Z</time>
      </trkpt>
      <trkpt lat="46.497653" lon="23.381580">
        <ele>1317.719</ele>
        <time>2015-05-03T13:11:12Z</time>
      </trkpt>
      <trkpt lat="46.497661" lon="23.381703">
        <ele>1316.471</ele>
        <time>2015-05-03T13:11:23Z</time>
      </trkpt>
      <trkpt lat="46.497659" lon="23.381831">
        <ele>1315.039</ele>
        <time>2015-05-03T13:11:31Z</time>
      </trkpt>
      <trkpt lat="46.497596" lon="23.381908">
        <ele>1315.065</ele>
        <time>2015-05-03T13:11:47Z</time>
      </trkpt>
      <trkpt lat="46.497510" lon="23.381906">
        <ele>1312.447</ele>
        <time>2015-05-03T13:11:57Z</time>
      </trkpt>
      <trkpt lat="46.497431" lon="23.381873">
        <ele>1309.728</ele>
        <time>2015-05-03T13:12:07Z</time>
      </trkpt>
      <trkpt lat="46.497350" lon="23.381835">
        <ele>1307.189</ele>
        <time>2015-05-03T13:12:16Z</time>
      </trkpt>
      <trkpt lat="46.497269" lon="23.381780">
        <ele>1304.517</ele>
        <time>2015-05-03T13:12:25Z</time>
      </trkpt>
      <trkpt lat="46.497188" lon="23.381765">
        <ele>1301.808</ele>
        <time>2015-05-03T13:12:41Z</time>
      </trkpt>
      <trkpt lat="46.497106" lon="23.381773">
        <ele>1299.273</ele>
        <time>2015-05-03T13:12:54Z</time>
      </trkpt>
      <trkpt lat="46.497026" lon="23.381745">
        <ele>1293.559</ele>
        <time>2015-05-03T13:13:10Z</time>
      </trkpt>
      <trkpt lat="46.496954" lon="23.381800">
        <ele>1287.753</ele>
        <time>2015-05-03T13:13:33Z</time>
      </trkpt>
      <trkpt lat="46.496875" lon="23.381833">
        <ele>1282.092</ele>
        <time>2015-05-03T13:14:12Z</time>
      </trkpt>
      <trkpt lat="46.496881" lon="23.381956">
        <ele>1276.344</ele>
        <time>2015-05-03T13:14:23Z</time>
      </trkpt>
      <trkpt lat="46.496873" lon="23.382086">
        <ele>1270.542</ele>
        <time>2015-05-03T13:14:43Z</time>
      </trkpt>
      <trkpt lat="46.496858" lon="23.382206">
        <ele>1267.568</ele>
        <time>2015-05-03T13:14:52Z</time>
      </trkpt>
      <trkpt lat="46.496906" lon="23.382319">
        <ele>1264.450</ele>
        <time>2015-05-03T13:15:26Z</time>
      </trkpt>
      <trkpt lat="46.496866" lon="23.382426">
        <ele>1261.342</ele>
        <time>2015-05-03T13:15:40Z</time>
      </trkpt>
      <trkpt lat="46.496851" lon="23.382543">
        <ele>1258.222</ele>
        <time>2015-05-03T13:16:02Z</time>
      </trkpt>
      <trkpt lat="46.496770" lon="23.382571">
        <ele>1255.114</ele>
        <time>2015-05-03T13:16:16Z</time>
      </trkpt>
      <trkpt lat="46.496684" lon="23.382580">
        <ele>1252.008</ele>
        <time>2015-05-03T13:16:28Z</time>
      </trkpt>
      <trkpt lat="46.496608" lon="23.382536">
        <ele>1250.115</ele>
        <time>2015-05-03T13:16:40Z</time>
      </trkpt>
      <trkpt lat="46.496523" lon="23.382516">
        <ele>1248.211</ele>
        <time>2015-05-03T13:16:59Z</time>
      </trkpt>
      <trkpt lat="46.496441" lon="23.382483">
        <ele>1246.325</ele>
        <time>2015-05-03T13:17:15Z</time>
      </trkpt>
      <trkpt lat="46.496356" lon="23.382471">
        <ele>1244.464</ele>
        <time>2015-05-03T13:17:31Z</time>
      </trkpt>
      <trkpt lat="46.496276" lon="23.382521">
        <ele>1242.596</ele>
        <time>2015-05-03T13:18:10Z</time>
      </trkpt>
      <trkpt lat="46.496200" lon="23.382561">
        <ele>1240.544</ele>
        <time>2015-05-03T13:18:22Z</time>
      </trkpt>
      <trkpt lat="46.496114" lon="23.382581">
        <ele>1238.650</ele>
        <time>2015-05-03T13:18:44Z</time>
      </trkpt>
      <trkpt lat="46.496030" lon="23.382591">
        <ele>1233.542</ele>
        <time>2015-05-03T13:19:17Z</time>
      </trkpt>
      <trkpt lat="46.495956" lon="23.382648">
        <ele>1228.593</ele>
        <time>2015-05-03T13:19:46Z</time>
      </trkpt>
      <trkpt lat="46.495886" lon="23.382708">
        <ele>1223.465</ele>
        <time>2015-05-03T13:19:58Z</time>
      </trkpt>
      <trkpt lat="46.495796" lon="23.382705">
        <ele>1218.321</ele>
        <time>2015-05-03T13:20:35Z</time>
      </trkpt>
      <trkpt lat="46.495769" lon="23.382820">
        <ele>1215.108</ele>
        <time>2015-05-03T13:20:55Z</time>
      </trkpt>
      <trkpt lat="46.495786" lon="23.382936">
        <ele>1210.690</ele>
        <time>2015-05-03T13:21:12Z</time>
      </trkpt>
      <trkpt lat="46.495776" lon="23.383055">
        <ele>1206.226</ele>
        <time>2015-05-03T13:21:26Z</time>
      </trkpt>
      <trkpt lat="46.495648" lon="23.383106">
        <ele>1201.770</ele>
        <time>2015-05-03T13:21:53Z</time>
      </trkpt>
      <trkpt lat="46.495561" lon="23.383153">
        <ele>1197.319</ele>
        <time>2015-05-03T13:22:08Z</time>
      </trkpt>
      <trkpt lat="46.495498" lon="23.383231">
        <ele>1192.891</ele>
        <time>2015-05-03T13:22:13Z</time>
      </trkpt>
      <trkpt lat="46.495433" lon="23.383353">
        <ele>1188.489</ele>
        <time>2015-05-03T13:22:31Z</time>
      </trkpt>
      <trkpt lat="46.495348" lon="23.383420">
        <ele>1187.165</ele>
        <time>2015-05-03T13:23:10Z</time>
      </trkpt>
      <trkpt lat="46.495263" lon="23.383416">
        <ele>1185.877</ele>
        <time>2015-05-03T13:23:20Z</time>
      </trkpt>
      <trkpt lat="46.495178" lon="23.383410">
        <ele>1184.583</ele>
        <time>2015-05-03T13:23:49Z</time>
      </trkpt>
      <trkpt lat="46.495098" lon="23.383365">
        <ele>1183.325</ele>
        <time>2015-05-03T13:24:10Z</time>
      </trkpt>
      <trkpt lat="46.495038" lon="23.383451">
        <ele>1182.017</ele>
        <time>2015-05-03T13:24:33Z</time>
      </trkpt>
      <trkpt lat="46.494960" lon="23.383485">
        <ele>1182.008</ele>
        <time>2015-05-03T13:24:47Z</time>
      </trkpt>
      <trkpt lat="46.494980" lon="23.383604">
        <ele>1182.039</ele>
        <time>2015-05-03T13:25:39Z</time>
      </trkpt>
      <trkpt lat="46.494945" lon="23.383715">
        <ele>1180.475</ele>
        <time>2015-05-03T13:25:52Z</time>
      </trkpt>
      <trkpt lat="46.494863" lon="23.383738">
        <ele>1178.759</ele>
        <time>2015-05-03T13:26:18Z</time>
      </trkpt>
      <trkpt lat="46.494785" lon="23.383806">
        <ele>1171.838</ele>
        <time>2015-05-03T13:26:36Z</time>
      </trkpt>
      <trkpt lat="46.494705" lon="23.383838">
        <ele>1164.910</ele>
        <time>2015-05-03T13:26:50Z</time>
      </trkpt>
      <trkpt lat="46.494654" lon="23.383694">
        <ele>1158.018</ele>
        <time>2015-05-03T13:27:07Z</time>
      </trkpt>
      <trkpt lat="46.494586" lon="23.383771">
        <ele>1151.174</ele>
        <time>2015-05-03T13:27:31Z</time>
      </trkpt>
      <trkpt lat="46.494519" lon="23.383844">
        <ele>1144.266</ele>
        <time>2015-05-03T13:27:51Z</time>
      </trkpt>
      <trkpt lat="46.494433" lon="23.383934">
        <ele>1137.355</ele>
        <time>2015-05-03T13:28:23Z</time>
      </trkpt>
      <trkpt lat="46.494395" lon="23.384046">
        <ele>1130.407</ele>
        <time>2015-05-03T13:30:00Z</time>
      </trkpt>
      <trkpt lat="46.494386" lon="23.384170">
        <ele>1123.517</ele>
        <time>2015-05-03T13:30:13Z</time>
      </trkpt>
      <trkpt lat="46.494306" lon="23.384188">
        <ele>1116.508</ele>
        <time>2015-05-03T13:30:39Z</time>
      </trkpt>
      <trkpt lat="46.494221" lon="23.384218">
        <ele>1112.176</ele>
        <time>2015-05-03T13:31:11Z</time>
      </trkpt>
      <trkpt lat="46.494135" lon="23.384266">
        <ele>1107.662</ele>
        <time>2015-05-03T13:31:17Z</time>
      </trkpt>
      <trkpt lat="46.494050" lon="23.384246">
        <ele>1108.586</ele>
        <time>2015-05-03T13:31:30Z</time>
      </trkpt>
      <trkpt lat="46.493945" lon="23.384238">
        <ele>1109.335</ele>
        <time>2015-05-03T13:31:57Z</time>
      </trkpt>
      <trkpt lat="46.493873" lon="23.384315">
        <ele>1110.157</ele>
        <time>2015-05-03T13:32:11Z</time>
      </trkpt>
      <trkpt lat="46.493786" lon="23.384354">
        <ele>1110.965</ele>
        <time>2015-05-03T13:32:19Z</time>
      </trkpt>
      <trkpt lat="46.493701" lon="23.384381">
        <ele>1111.791</ele>
        <time>2015-05-03T13:32:30Z</time>
      </trkpt>
      <trkpt lat="46.493608" lon="23.384408">
        <ele>1112.573</ele>
        <time>2015-05-03T13:32:41Z</time>
      </trkpt>
      <trkpt lat="46.493529" lon="23.384438">
        <ele>1113.467</ele>
        <time>2015-05-03T13:32:46Z</time>
      </trkpt>
      <trkpt lat="46.493445" lon="23.384463">
        <ele>1114.281</ele>
        <time>2015-05-03T13:32:51Z</time>
      </trkpt>
      <trkpt lat="46.493361" lon="23.384473">
        <ele>1115.019</ele>
        <time>2015-05-03T13:33:00Z</time>
      </trkpt>
      <trkpt lat="46.493280" lon="23.384475">
        <ele>1114.508</ele>
        <time>2015-05-03T13:33:21Z</time>
      </trkpt>
      <trkpt lat="46.493195" lon="23.384468">
        <ele>1113.937</ele>
        <time>2015-05-03T13:33:46Z</time>
      </trkpt>
      <trkpt lat="46.493133" lon="23.384548">
        <ele>1113.413</ele>
        <time>2015-05-03T13:33:55Z</time>
      </trkpt>
      <trkpt lat="46.493060" lon="23.384623">
        <ele>1112.117</ele>
        <time>2015-05-03T13:34:03Z</time>
      </trkpt>
      <trkpt lat="46.492978" lon="23.384680">
        <ele>1110.846</ele>
        <time>2015-05-03T13:34:15Z</time>
      </trkpt>
      <trkpt lat="46.492895" lon="23.384675">
        <ele>1109.558</ele>
        <time>2015-05-03T13:34:24Z</time>
      </trkpt>
      <trkpt lat="46.492809" lon="23.384671">
        <ele>1109.016</ele>
        <time>2015-05-03T13:34:31Z</time>
      </trkpt>
      <trkpt lat="46.492723" lon="23.384688">
        <ele>1108.582</ele>
        <time>2015-05-03T13:34:45Z</time>
      </trkpt>
      <trkpt lat="46.492650" lon="23.384746">
        <ele>1107.994</ele>
        <time>2015-05-03T13:34:54Z</time>
      </trkpt>
      <trkpt lat="46.492566" lon="23.384751">
        <ele>1105.592</ele>
        <time>2015-05-03T13:35:12Z</time>
      </trkpt>
      <trkpt lat="46.492483" lon="23.384721">
        <ele>1103.273</ele>
        <time>2015-05-03T13:35:25Z</time>
      </trkpt>
      <trkpt lat="46.492401" lon="23.384690">
        <ele>1102.720</ele>
        <time>2015-05-03T13:35:37Z</time>
      </trkpt>
      <trkpt lat="46.492316" lon="23.384693">
        <ele>1102.308</ele>
        <time>2015-05-03T13:35:49Z</time>
      </trkpt>
      <trkpt lat="46.492231" lon="23.384695">
        <ele>1101.810</ele>
        <time>2015-05-03T13:36:15Z</time>
      </trkpt>
      <trkpt lat="46.492101" lon="23.384701">
        <ele>1102.176</ele>
        <time>2015-05-03T13:36:37Z</time>
      </trkpt>
      <trkpt lat="46.492020" lon="23.384700">
        <ele>1102.430</ele>
        <time>2015-05-03T13:36:57Z</time>
      </trkpt>
      <trkpt lat="46.491913" lon="23.384711">
        <ele>1102.619</ele>
        <time>2015-05-03T13:37:21Z</time>
      </trkpt>
      <trkpt lat="46.491833" lon="23.384736">
        <ele>1102.281</ele>
        <time>2015-05-03T13:37:33Z</time>
      </trkpt>
      <trkpt lat="46.491751" lon="23.384755">
        <ele>1101.749</ele>
        <time>2015-05-03T13:37:49Z</time>
      </trkpt>
      <trkpt lat="46.491660" lon="23.384790">
        <ele>1100.765</ele>
        <time>2015-05-03T13:37:55Z</time>
      </trkpt>
      <trkpt lat="46.491570" lon="23.384813">
        <ele>1101.547</ele>
        <time>2015-05-03T13:38:05Z</time>
      </trkpt>
      <trkpt lat="46.491488" lon="23.384783">
        <ele>1102.466</ele>
        <time>2015-05-03T13:38:23Z</time>
      </trkpt>
      <trkpt lat="46.491395" lon="23.384806">
        <ele>1101.829</ele>
        <time>2015-05-03T13:38:34Z</time>
      </trkpt>
      <trkpt lat="46.491313" lon="23.384821">
        <ele>1101.321</ele>
        <time>2015-05-03T13:38:40Z</time>
      </trkpt>
      <trkpt lat="46.491216" lon="23.384851">
        <ele>1100.708</ele>
        <time>2015-05-03T13:38:50Z</time>
      </trkpt>
      <trkpt lat="46.491136" lon="23.384880">
        <ele>1100.267</ele>
        <time>2015-05-03T13:38:53Z</time>
      </trkpt>
      <trkpt lat="46.491049" lon="23.384871">
        <ele>1096.423</ele>
        <time>2015-05-03T13:39:09Z</time>
      </trkpt>
      <trkpt lat="46.490970" lon="23.384845">
        <ele>1092.547</ele>
        <time>2015-05-03T13:39:14Z</time>
      </trkpt>
      <trkpt lat="46.490888" lon="23.384821">
        <ele>1088.716</ele>
        <time>2015-05-03T13:39:20Z</time>
      </trkpt>
      <trkpt lat="46.490808" lon="23.384776">
        <ele>1084.998</ele>
        <time>2015-05-03T13:39:44Z</time>
      </trkpt>
      <trkpt lat="46.490738" lon="23.384710">
        <ele>1081.086</ele>
        <time>2015-05-03T13:40:03Z</time>
      </trkpt>
      <trkpt lat="46.490660" lon="23.384673">
        <ele>1077.192</ele>
        <time>2015-05-03T13:40:14Z</time>
      </trkpt>
      <trkpt lat="46.490584" lon="23.384601">
        <ele>1073.294</ele>
        <time>2015-05-03T13:40:28Z</time>
      </trkpt>
      <trkpt lat="46.490550" lon="23.384489">
        <ele>1069.315</ele>
        <time>2015-05-03T13:40:40Z</time>
      </trkpt>
      <trkpt lat="46.490470" lon="23.384456">
        <ele>1065.465</ele>
        <time>2015-05-03T13:40:47Z</time>
      </trkpt>
      <trkpt lat="46.490390" lon="23.384390">
        <ele>1061.511</ele>
        <time>2015-05-03T13:40:59Z</time>
      </trkpt>
      <trkpt lat="46.490301" lon="23.384378">
        <ele>1057.508</ele>
        <time>2015-05-03T13:41:09Z</time>
      </trkpt>
      <trkpt lat="46.490224" lon="23.384331">
        <ele>1056.942</ele>
        <time>2015-05-03T13:41:33Z</time>
      </trkpt>
      <trkpt lat="46.490200" lon="23.384213">
        <ele>1056.318</ele>
        <time>2015-05-03T13:41:49Z</time>
      </trkpt>
      <trkpt lat="46.490128" lon="23.384156">
        <ele>1055.672</ele>
        <time>2015-05-03T13:42:29Z</time>
      </trkpt>
      <trkpt lat="46.490053" lon="23.384111">
        <ele>1054.151</ele>
        <time>2015-05-03T13:42:41Z</time>
      </trkpt>
      <trkpt lat="46.489976" lon="23.384061">
        <ele>1053.223</ele>
        <time>2015-05-03T13:42:52Z</time>
      </trkpt>
      <trkpt lat="46.489906" lon="23.383998">
        <ele>1053.291</ele>
        <time>2015-05-03T13:43:02Z</time>
      </trkpt>
      <trkpt lat="46.489821" lon="23.384043">
        <ele>1053.217</ele>
        <time>2015-05-03T13:43:10Z</time>
      </trkpt>
      <trkpt lat="46.489698" lon="23.384065">
        <ele>1053.259</ele>
        <time>2015-05-03T13:43:40Z</time>
      </trkpt>
      <trkpt lat="46.489615" lon="23.384106">
        <ele>1052.324</ele>
        <time>2015-05-03T13:43:52Z</time>
      </trkpt>
      <trkpt lat="46.489616" lon="23.383988">
        <ele>1051.404</ele>
        <time>2015-05-03T13:44:17Z</time>
      </trkpt>
      <trkpt lat="46.489695" lon="23.383928">
        <ele>1050.514</ele>
        <time>2015-05-03T13:45:14Z</time>
      </trkpt>
      <trkpt lat="46.489690" lon="23.384050">
        <ele>1049.508</ele>
        <time>2015-05-03T13:46:52Z</time>
      </trkpt>
      <trkpt lat="46.489651" lon="23.384185">
        <ele>1048.663</ele>
        <time>2015-05-03T13:47:18Z</time>
      </trkpt>
      <trkpt lat="46.489580" lon="23.384248">
        <ele>1047.719</ele>
        <time>2015-05-03T13:47:34Z</time>
      </trkpt>
      <trkpt lat="46.489495" lon="23.384249">
        <ele>1047.783</ele>
        <time>2015-05-03T13:47:46Z</time>
      </trkpt>
      <trkpt lat="46.489410" lon="23.384258">
        <ele>1047.752</ele>
        <time>2015-05-03T13:47:52Z</time>
      </trkpt>
      <trkpt lat="46.489240" lon="23.384245">
        <ele>1046.864</ele>
        <time>2015-05-03T13:48:09Z</time>
      </trkpt>
      <trkpt lat="46.489156" lon="23.384238">
        <ele>1043.182</ele>
        <time>2015-05-03T13:48:14Z</time>
      </trkpt>
      <trkpt lat="46.489075" lon="23.384266">
        <ele>1039.428</ele>
        <time>2015-05-03T13:48:20Z</time>
      </trkpt>
      <trkpt lat="46.489010" lon="23.384170">
        <ele>1037.990</ele>
        <time>2015-05-03T13:48:28Z</time>
      </trkpt>
      <trkpt lat="46.488963" lon="23.384063">
        <ele>1036.548</ele>
        <time>2015-05-03T13:48:37Z</time>
      </trkpt>
      <trkpt lat="46.488905" lon="23.383979">
        <ele>1035.061</ele>
        <time>2015-05-03T13:48:51Z</time>
      </trkpt>
      <trkpt lat="46.488846" lon="23.383855">
        <ele>1033.517</ele>
        <time>2015-05-03T13:49:21Z</time>
      </trkpt>
      <trkpt lat="46.488811" lon="23.383743">
        <ele>1032.108</ele>
        <time>2015-05-03T13:49:59Z</time>
      </trkpt>
      <trkpt lat="46.488736" lon="23.383793">
        <ele>1030.695</ele>
        <time>2015-05-03T13:51:56Z</time>
      </trkpt>
      <trkpt lat="46.488673" lon="23.383716">
        <ele>1029.241</ele>
        <time>2015-05-03T13:52:09Z</time>
      </trkpt>
      <trkpt lat="46.488591" lon="23.383746">
        <ele>1027.735</ele>
        <time>2015-05-03T13:52:31Z</time>
      </trkpt>
      <trkpt lat="46.488506" lon="23.383715">
        <ele>1026.374</ele>
        <time>2015-05-03T13:52:42Z</time>
      </trkpt>
      <trkpt lat="46.488431" lon="23.383646">
        <ele>1027.686</ele>
        <time>2015-05-03T13:52:47Z</time>
      </trkpt>
      <trkpt lat="46.488355" lon="23.383591">
        <ele>1028.494</ele>
        <time>2015-05-03T13:52:56Z</time>
      </trkpt>
      <trkpt lat="46.488276" lon="23.383558">
        <ele>1027.770</ele>
        <time>2015-05-03T13:53:03Z</time>
      </trkpt>
      <trkpt lat="46.488203" lon="23.383505">
        <ele>1027.172</ele>
        <time>2015-05-03T13:53:11Z</time>
      </trkpt>
      <trkpt lat="46.488133" lon="23.383438">
        <ele>1026.527</ele>
        <time>2015-05-03T13:53:20Z</time>
      </trkpt>
      <trkpt lat="46.488051" lon="23.383391">
        <ele>1025.868</ele>
        <time>2015-05-03T13:55:31Z</time>
      </trkpt>
      <trkpt lat="46.487971" lon="23.383346">
        <ele>1025.214</ele>
        <time>2015-05-03T14:05:50Z</time>
      </trkpt>
      <trkpt lat="46.487894" lon="23.383308">
        <ele>1024.508</ele>
        <time>2015-05-03T14:06:01Z</time>
      </trkpt>
      <trkpt lat="46.487810" lon="23.383285">
        <ele>1023.983</ele>
        <time>2015-05-03T14:06:18Z</time>
      </trkpt>
      <trkpt lat="46.487728" lon="23.383255">
        <ele>1023.349</ele>
        <time>2015-05-03T14:06:24Z</time>
      </trkpt>
      <trkpt lat="46.487639" lon="23.383226">
        <ele>1021.593</ele>
        <time>2015-05-03T14:06:32Z</time>
      </trkpt>
      <trkpt lat="46.487549" lon="23.383221">
        <ele>1019.672</ele>
        <time>2015-05-03T14:06:40Z</time>
      </trkpt>
      <trkpt lat="46.487481" lon="23.383158">
        <ele>1018.564</ele>
        <time>2015-05-03T14:06:52Z</time>
      </trkpt>
      <trkpt lat="46.487440" lon="23.383039">
        <ele>1017.332</ele>
        <time>2015-05-03T14:07:11Z</time>
      </trkpt>
      <trkpt lat="46.487395" lon="23.382936">
        <ele>1016.168</ele>
        <time>2015-05-03T14:07:20Z</time>
      </trkpt>
      <trkpt lat="46.487338" lon="23.382851">
        <ele>1012.940</ele>
        <time>2015-05-03T14:07:28Z</time>
      </trkpt>
      <trkpt lat="46.487288" lon="23.382741">
        <ele>1009.756</ele>
        <time>2015-05-03T14:07:37Z</time>
      </trkpt>
      <trkpt lat="46.487243" lon="23.382634">
        <ele>1005.959</ele>
        <time>2015-05-03T14:07:45Z</time>
      </trkpt>
      <trkpt lat="46.487195" lon="23.382533">
        <ele>1002.114</ele>
        <time>2015-05-03T14:07:54Z</time>
      </trkpt>
      <trkpt lat="46.487163" lon="23.382424">
        <ele>998.308</ele>
        <time>2015-05-03T14:08:04Z</time>
      </trkpt>
      <trkpt lat="46.487148" lon="23.382304">
        <ele>994.546</ele>
        <time>2015-05-03T14:10:26Z</time>
      </trkpt>
      <trkpt lat="46.487116" lon="23.382196">
        <ele>991.892</ele>
        <time>2015-05-03T14:10:36Z</time>
      </trkpt>
      <trkpt lat="46.487121" lon="23.382066">
        <ele>989.286</ele>
        <time>2015-05-03T14:10:45Z</time>
      </trkpt>
      <trkpt lat="46.487086" lon="23.381946">
        <ele>986.515</ele>
        <time>2015-05-03T14:10:53Z</time>
      </trkpt>
      <trkpt lat="46.487096" lon="23.381829">
        <ele>983.757</ele>
        <time>2015-05-03T14:11:01Z</time>
      </trkpt>
      <trkpt lat="46.487096" lon="23.381700">
        <ele>980.925</ele>
        <time>2015-05-03T14:11:10Z</time>
      </trkpt>
      <trkpt lat="46.487108" lon="23.381583">
        <ele>980.181</ele>
        <time>2015-05-03T14:11:18Z</time>
      </trkpt>
      <trkpt lat="46.487114" lon="23.381456">
        <ele>979.383</ele>
        <time>2015-05-03T14:11:27Z</time>
      </trkpt>
      <trkpt lat="46.487128" lon="23.381334">
        <ele>979.123</ele>
        <time>2015-05-03T14:11:34Z</time>
      </trkpt>
      <trkpt lat="46.487113" lon="23.381199">
        <ele>978.983</ele>
        <time>2015-05-03T14:11:41Z</time>
      </trkpt>
      <trkpt lat="46.487096" lon="23.381075">
        <ele>978.711</ele>
        <time>2015-05-03T14:11:47Z</time>
      </trkpt>
      <trkpt lat="46.487095" lon="23.380955">
        <ele>978.508</ele>
        <time>2015-05-03T14:11:54Z</time>
      </trkpt>
      <trkpt lat="46.487091" lon="23.380831">
        <ele>978.423</ele>
        <time>2015-05-03T14:12:02Z</time>
      </trkpt>
      <trkpt lat="46.487083" lon="23.380713">
        <ele>978.279</ele>
        <time>2015-05-03T14:12:14Z</time>
      </trkpt>
      <trkpt lat="46.487066" lon="23.380595">
        <ele>978.013</ele>
        <time>2015-05-03T14:12:20Z</time>
      </trkpt>
      <trkpt lat="46.487011" lon="23.380505">
        <ele>978.072</ele>
        <time>2015-05-03T14:12:28Z</time>
      </trkpt>
      <trkpt lat="46.486988" lon="23.380386">
        <ele>978.054</ele>
        <time>2015-05-03T14:12:35Z</time>
      </trkpt>
      <trkpt lat="46.486961" lon="23.380268">
        <ele>978.042</ele>
        <time>2015-05-03T14:12:43Z</time>
      </trkpt>
      <trkpt lat="46.486938" lon="23.380153">
        <ele>978.018</ele>
        <time>2015-05-03T14:12:51Z</time>
      </trkpt>
      <trkpt lat="46.486901" lon="23.380045">
        <ele>978.030</ele>
        <time>2015-05-03T14:12:59Z</time>
      </trkpt>
      <trkpt lat="46.486851" lon="23.379943">
        <ele>977.641</ele>
        <time>2015-05-03T14:13:08Z</time>
      </trkpt>
      <trkpt lat="46.486790" lon="23.379860">
        <ele>977.381</ele>
        <time>2015-05-03T14:13:17Z</time>
      </trkpt>
      <trkpt lat="46.486718" lon="23.379805">
        <ele>976.909</ele>
        <time>2015-05-03T14:13:26Z</time>
      </trkpt>
      <trkpt lat="46.486633" lon="23.379773">
        <ele>976.508</ele>
        <time>2015-05-03T14:13:37Z</time>
      </trkpt>
      <trkpt lat="46.486574" lon="23.379691">
        <ele>976.235</ele>
        <time>2015-05-03T14:13:46Z</time>
      </trkpt>
      <trkpt lat="46.486516" lon="23.379598">
        <ele>975.891</ele>
        <time>2015-05-03T14:13:58Z</time>
      </trkpt>
      <trkpt lat="46.486464" lon="23.379505">
        <ele>975.515</ele>
        <time>2015-05-03T14:14:10Z</time>
      </trkpt>
      <trkpt lat="46.486400" lon="23.379425">
        <ele>972.874</ele>
        <time>2015-05-03T14:14:21Z</time>
      </trkpt>
      <trkpt lat="46.486331" lon="23.379346">
        <ele>970.036</ele>
        <time>2015-05-03T14:14:35Z</time>
      </trkpt>
      <trkpt lat="46.486284" lon="23.379243">
        <ele>967.234</ele>
        <time>2015-05-03T14:14:50Z</time>
      </trkpt>
      <trkpt lat="46.486283" lon="23.379115">
        <ele>964.490</ele>
        <time>2015-05-03T14:14:58Z</time>
      </trkpt>
      <trkpt lat="46.486273" lon="23.378998">
        <ele>961.942</ele>
        <time>2015-05-03T14:15:05Z</time>
      </trkpt>
      <trkpt lat="46.486258" lon="23.378873">
        <ele>959.554</ele>
        <time>2015-05-03T14:15:14Z</time>
      </trkpt>
      <trkpt lat="46.486246" lon="23.378751">
        <ele>957.056</ele>
        <time>2015-05-03T14:15:24Z</time>
      </trkpt>
      <trkpt lat="46.486236" lon="23.378631">
        <ele>954.511</ele>
        <time>2015-05-03T14:15:43Z</time>
      </trkpt>
      <trkpt lat="46.486223" lon="23.378515">
        <ele>952.208</ele>
        <time>2015-05-03T14:16:02Z</time>
      </trkpt>
      <trkpt lat="46.486205" lon="23.378391">
        <ele>949.826</ele>
        <time>2015-05-03T14:16:15Z</time>
      </trkpt>
      <trkpt lat="46.486190" lon="23.378275">
        <ele>947.552</ele>
        <time>2015-05-03T14:16:26Z</time>
      </trkpt>
      <trkpt lat="46.486173" lon="23.378153">
        <ele>947.466</ele>
        <time>2015-05-03T14:16:36Z</time>
      </trkpt>
      <trkpt lat="46.486141" lon="23.378035">
        <ele>947.565</ele>
        <time>2015-05-03T14:16:47Z</time>
      </trkpt>
      <trkpt lat="46.486124" lon="23.377913">
        <ele>947.587</ele>
        <time>2015-05-03T14:16:57Z</time>
      </trkpt>
      <trkpt lat="46.486118" lon="23.377791">
        <ele>947.695</ele>
        <time>2015-05-03T14:17:07Z</time>
      </trkpt>
      <trkpt lat="46.486113" lon="23.377666">
        <ele>947.961</ele>
        <time>2015-05-03T14:17:16Z</time>
      </trkpt>
      <trkpt lat="46.486096" lon="23.377548">
        <ele>948.253</ele>
        <time>2015-05-03T14:17:25Z</time>
      </trkpt>
      <trkpt lat="46.486075" lon="23.377431">
        <ele>948.537</ele>
        <time>2015-05-03T14:17:37Z</time>
      </trkpt>
      <trkpt lat="46.486056" lon="23.377311">
        <ele>948.749</ele>
        <time>2015-05-03T14:17:47Z</time>
      </trkpt>
      <trkpt lat="46.486034" lon="23.377185">
        <ele>948.913</ele>
        <time>2015-05-03T14:17:56Z</time>
      </trkpt>
      <trkpt lat="46.486023" lon="23.377061">
        <ele>949.108</ele>
        <time>2015-05-03T14:18:08Z</time>
      </trkpt>
      <trkpt lat="46.485996" lon="23.376950">
        <ele>949.354</ele>
        <time>2015-05-03T14:18:18Z</time>
      </trkpt>
      <trkpt lat="46.485969" lon="23.376833">
        <ele>949.010</ele>
        <time>2015-05-03T14:18:29Z</time>
      </trkpt>
      <trkpt lat="46.485931" lon="23.376718">
        <ele>948.784</ele>
        <time>2015-05-03T14:18:41Z</time>
      </trkpt>
      <trkpt lat="46.485901" lon="23.376608">
        <ele>948.513</ele>
        <time>2015-05-03T14:18:51Z</time>
      </trkpt>
      <trkpt lat="46.485873" lon="23.376493">
        <ele>948.285</ele>
        <time>2015-05-03T14:19:03Z</time>
      </trkpt>
      <trkpt lat="46.485833" lon="23.376388">
        <ele>947.793</ele>
        <time>2015-05-03T14:19:12Z</time>
      </trkpt>
      <trkpt lat="46.485823" lon="23.376269">
        <ele>947.349</ele>
        <time>2015-05-03T14:19:20Z</time>
      </trkpt>
      <trkpt lat="46.485796" lon="23.376150">
        <ele>946.851</ele>
        <time>2015-05-03T14:19:33Z</time>
      </trkpt>
      <trkpt lat="46.485751" lon="23.376051">
        <ele>946.477</ele>
        <time>2015-05-03T14:19:42Z</time>
      </trkpt>
      <trkpt lat="46.485705" lon="23.375943">
        <ele>944.161</ele>
        <time>2015-05-03T14:19:57Z</time>
      </trkpt>
      <trkpt lat="46.485670" lon="23.375836">
        <ele>942.127</ele>
        <time>2015-05-03T14:20:47Z</time>
      </trkpt>
      <trkpt lat="46.485626" lon="23.375736">
        <ele>938.808</ele>
        <time>2015-05-03T14:20:59Z</time>
      </trkpt>
      <trkpt lat="46.485564" lon="23.375653">
        <ele>936.078</ele>
        <time>2015-05-03T14:21:11Z</time>
      </trkpt>
      <trkpt lat="46.485486" lon="23.375600">
        <ele>933.214</ele>
        <time>2015-05-03T14:21:29Z</time>
      </trkpt>
      <trkpt lat="46.485421" lon="23.375528">
        <ele>930.458</ele>
        <time>2015-05-03T14:21:39Z</time>
      </trkpt>
      <trkpt lat="46.485441" lon="23.375395">
        <ele>927.527</ele>
        <time>2015-05-03T14:21:54Z</time>
      </trkpt>
      <trkpt lat="46.485431" lon="23.375276">
        <ele>924.769</ele>
        <time>2015-05-03T14:22:07Z</time>
      </trkpt>
      <trkpt lat="46.485371" lon="23.375189">
        <ele>921.957</ele>
        <time>2015-05-03T14:22:31Z</time>
      </trkpt>
      <trkpt lat="46.485301" lon="23.375116">
        <ele>919.113</ele>
        <time>2015-05-03T14:22:42Z</time>
      </trkpt>
      <trkpt lat="46.485245" lon="23.375028">
        <ele>915.135</ele>
        <time>2015-05-03T14:22:53Z</time>
      </trkpt>
      <trkpt lat="46.485180" lon="23.374950">
        <ele>912.986</ele>
        <time>2015-05-03T14:23:05Z</time>
      </trkpt>
      <trkpt lat="46.485103" lon="23.374906">
        <ele>910.560</ele>
        <time>2015-05-03T14:23:19Z</time>
      </trkpt>
      <trkpt lat="46.485023" lon="23.374850">
        <ele>909.326</ele>
        <time>2015-05-03T14:23:30Z</time>
      </trkpt>
      <trkpt lat="46.485015" lon="23.374723">
        <ele>908.108</ele>
        <time>2015-05-03T14:23:41Z</time>
      </trkpt>
      <trkpt lat="46.485068" lon="23.374623">
        <ele>906.989</ele>
        <time>2015-05-03T14:23:54Z</time>
      </trkpt>
      <trkpt lat="46.485140" lon="23.374558">
        <ele>905.765</ele>
        <time>2015-05-03T14:24:03Z</time>
      </trkpt>
      <trkpt lat="46.485208" lon="23.374476">
        <ele>904.529</ele>
        <time>2015-05-03T14:25:01Z</time>
      </trkpt>
      <trkpt lat="46.485251" lon="23.374363">
        <ele>901.548</ele>
        <time>2015-05-03T14:25:44Z</time>
      </trkpt>
      <trkpt lat="46.485305" lon="23.374229">
        <ele>898.570</ele>
        <time>2015-05-03T14:26:32Z</time>
      </trkpt>
      <trkpt lat="46.485336" lon="23.374118">
        <ele>895.588</ele>
        <time>2015-05-03T14:26:44Z</time>
      </trkpt>
      <trkpt lat="46.485381" lon="23.374020">
        <ele>893.754</ele>
        <time>2015-05-03T14:27:00Z</time>
      </trkpt>
      <trkpt lat="46.485425" lon="23.373883">
        <ele>891.966</ele>
        <time>2015-05-03T14:27:16Z</time>
      </trkpt>
      <trkpt lat="46.485459" lon="23.373775">
        <ele>890.192</ele>
        <time>2015-05-03T14:27:29Z</time>
      </trkpt>
      <trkpt lat="46.485550" lon="23.373721">
        <ele>888.373</ele>
        <time>2015-05-03T14:27:45Z</time>
      </trkpt>
      <trkpt lat="46.485631" lon="23.373731">
        <ele>886.520</ele>
        <time>2015-05-03T14:27:53Z</time>
      </trkpt>
      <trkpt lat="46.485761" lon="23.373775">
        <ele>884.608</ele>
        <time>2015-05-03T14:29:00Z</time>
      </trkpt>
      <trkpt lat="46.485825" lon="23.373698">
        <ele>880.630</ele>
        <time>2015-05-03T14:29:12Z</time>
      </trkpt>
      <trkpt lat="46.485895" lon="23.373630">
        <ele>876.666</ele>
        <time>2015-05-03T14:29:27Z</time>
      </trkpt>
      <trkpt lat="46.485983" lon="23.373630">
        <ele>874.590</ele>
        <time>2015-05-03T14:29:41Z</time>
      </trkpt>
      <trkpt lat="46.486076" lon="23.373643">
        <ele>872.339</ele>
        <time>2015-05-03T14:29:53Z</time>
      </trkpt>
      <trkpt lat="46.486193" lon="23.373670">
        <ele>870.171</ele>
        <time>2015-05-03T14:30:13Z</time>
      </trkpt>
      <trkpt lat="46.486271" lon="23.373703">
        <ele>867.969</ele>
        <time>2015-05-03T14:30:21Z</time>
      </trkpt>
      <trkpt lat="46.486351" lon="23.373724">
        <ele>865.715</ele>
        <time>2015-05-03T14:30:32Z</time>
      </trkpt>
      <trkpt lat="46.486439" lon="23.373738">
        <ele>863.567</ele>
        <time>2015-05-03T14:30:46Z</time>
      </trkpt>
      <trkpt lat="46.486520" lon="23.373776">
        <ele>861.497</ele>
        <time>2015-05-03T14:31:05Z</time>
      </trkpt>
      <trkpt lat="46.486601" lon="23.373780">
        <ele>862.423</ele>
        <time>2015-05-03T14:31:14Z</time>
      </trkpt>
      <trkpt lat="46.486686" lon="23.373786">
        <ele>863.425</ele>
        <time>2015-05-03T14:31:23Z</time>
      </trkpt>
      <trkpt lat="46.486766" lon="23.373821">
        <ele>863.408</ele>
        <time>2015-05-03T14:31:34Z</time>
      </trkpt>
      <trkpt lat="46.486853" lon="23.373851">
        <ele>863.450</ele>
        <time>2015-05-03T14:31:43Z</time>
      </trkpt>
      <trkpt lat="46.486936" lon="23.373868">
        <ele>863.446</ele>
        <time>2015-05-03T14:31:52Z</time>
      </trkpt>
      <trkpt lat="46.487013" lon="23.373906">
        <ele>863.480</ele>
        <time>2015-05-03T14:32:01Z</time>
      </trkpt>
      <trkpt lat="46.487091" lon="23.373966">
        <ele>863.459</ele>
        <time>2015-05-03T14:32:13Z</time>
      </trkpt>
      <trkpt lat="46.487161" lon="23.374038">
        <ele>863.491</ele>
        <time>2015-05-03T14:32:24Z</time>
      </trkpt>
      <trkpt lat="46.487200" lon="23.374146">
        <ele>863.429</ele>
        <time>2015-05-03T14:32:36Z</time>
      </trkpt>
      <trkpt lat="46.487268" lon="23.374281">
        <ele>863.445</ele>
        <time>2015-05-03T14:32:59Z</time>
      </trkpt>
      <trkpt lat="46.487339" lon="23.374345">
        <ele>863.477</ele>
        <time>2015-05-03T14:33:11Z</time>
      </trkpt>
      <trkpt lat="46.487395" lon="23.374435">
        <ele>860.214</ele>
        <time>2015-05-03T14:33:22Z</time>
      </trkpt>
      <trkpt lat="46.487473" lon="23.374489">
        <ele>859.354</ele>
        <time>2015-05-03T14:33:35Z</time>
      </trkpt>
      <trkpt lat="46.487540" lon="23.374556">
        <ele>861.509</ele>
        <time>2015-05-03T14:33:56Z</time>
      </trkpt>
      <trkpt lat="46.487613" lon="23.374616">
        <ele>860.308</ele>
        <time>2015-05-03T14:34:02Z</time>
      </trkpt>
      <trkpt lat="46.487693" lon="23.374649">
        <ele>859.092</ele>
        <time>2015-05-03T14:34:09Z</time>
      </trkpt>
      <trkpt lat="46.487774" lon="23.374691">
        <ele>857.798</ele>
        <time>2015-05-03T14:34:18Z</time>
      </trkpt>
      <trkpt lat="46.487846" lon="23.374763">
        <ele>856.562</ele>
        <time>2015-05-03T14:34:29Z</time>
      </trkpt>
      <trkpt lat="46.487930" lon="23.374814">
        <ele>855.211</ele>
        <time>2015-05-03T14:34:40Z</time>
      </trkpt>
      <trkpt lat="46.488006" lon="23.374873">
        <ele>853.943</ele>
        <time>2015-05-03T14:34:51Z</time>
      </trkpt>
      <trkpt lat="46.488089" lon="23.374886">
        <ele>852.631</ele>
        <time>2015-05-03T14:35:00Z</time>
      </trkpt>
      <trkpt lat="46.488170" lon="23.374918">
        <ele>851.427</ele>
        <time>2015-05-03T14:35:10Z</time>
      </trkpt>
      <trkpt lat="46.488251" lon="23.374931">
        <ele>850.189</ele>
        <time>2015-05-03T14:35:22Z</time>
      </trkpt>
      <trkpt lat="46.488333" lon="23.374946">
        <ele>845.813</ele>
        <time>2015-05-03T14:35:34Z</time>
      </trkpt>
      <trkpt lat="46.488416" lon="23.374981">
        <ele>841.543</ele>
        <time>2015-05-03T14:35:48Z</time>
      </trkpt>
      <trkpt lat="46.488498" lon="23.375015">
        <ele>840.807</ele>
        <time>2015-05-03T14:36:08Z</time>
      </trkpt>
      <trkpt lat="46.488476" lon="23.374880">
        <ele>840.108</ele>
        <time>2015-05-03T14:36:34Z</time>
      </trkpt>
      <trkpt lat="46.488420" lon="23.374778">
        <ele>839.432</ele>
        <time>2015-05-03T14:36:51Z</time>
      </trkpt>
      <trkpt lat="46.488359" lon="23.374688">
        <ele>838.678</ele>
        <time>2015-05-03T14:37:03Z</time>
      </trkpt>
      <trkpt lat="46.488295" lon="23.374610">
        <ele>837.922</ele>
        <time>2015-05-03T14:37:17Z</time>
      </trkpt>
      <trkpt lat="46.488251" lon="23.374496">
        <ele>837.231</ele>
        <time>2015-05-03T14:37:26Z</time>
      </trkpt>
      <trkpt lat="46.488208" lon="23.374396">
        <ele>837.993</ele>
        <time>2015-05-03T14:37:37Z</time>
      </trkpt>
      <trkpt lat="46.488164" lon="23.374295">
        <ele>838.611</ele>
        <time>2015-05-03T14:37:49Z</time>
      </trkpt>
      <trkpt lat="46.488141" lon="23.374176">
        <ele>839.437</ele>
        <time>2015-05-03T14:38:00Z</time>
      </trkpt>
      <trkpt lat="46.488113" lon="23.374063">
        <ele>840.849</ele>
        <time>2015-05-03T14:38:19Z</time>
      </trkpt>
      <trkpt lat="46.488101" lon="23.373938">
        <ele>842.315</ele>
        <time>2015-05-03T14:38:37Z</time>
      </trkpt>
      <trkpt lat="46.488046" lon="23.373851">
        <ele>843.765</ele>
        <time>2015-05-03T14:38:48Z</time>
      </trkpt>
      <trkpt lat="46.488036" lon="23.373730">
        <ele>845.211</ele>
        <time>2015-05-03T14:39:02Z</time>
      </trkpt>
      <trkpt lat="46.488015" lon="23.373610">
        <ele>846.608</ele>
        <time>2015-05-03T14:39:16Z</time>
      </trkpt>
      <trkpt lat="46.488010" lon="23.373491">
        <ele>844.172</ele>
        <time>2015-05-03T14:39:27Z</time>
      </trkpt>
      <trkpt lat="46.488001" lon="23.373371">
        <ele>841.598</ele>
        <time>2015-05-03T14:39:39Z</time>
      </trkpt>
      <trkpt lat="46.487993" lon="23.373244">
        <ele>839.092</ele>
        <time>2015-05-03T14:39:52Z</time>
      </trkpt>
      <trkpt lat="46.487993" lon="23.373113">
        <ele>835.021</ele>
        <time>2015-05-03T14:40:02Z</time>
      </trkpt>
      <trkpt lat="46.487981" lon="23.372981">
        <ele>831.043</ele>
        <time>2015-05-03T14:40:11Z</time>
      </trkpt>
      <trkpt lat="46.487935" lon="23.372865">
        <ele>827.061</ele>
        <time>2015-05-03T14:40:22Z</time>
      </trkpt>
      <trkpt lat="46.487891" lon="23.372758">
        <ele>823.027</ele>
        <time>2015-05-03T14:40:29Z</time>
      </trkpt>
      <trkpt lat="46.487860" lon="23.372636">
        <ele>819.089</ele>
        <time>2015-05-03T14:40:36Z</time>
      </trkpt>
      <trkpt lat="46.487853" lon="23.372503">
        <ele>815.095</ele>
        <time>2015-05-03T14:40:42Z</time>
      </trkpt>
      <trkpt lat="46.487804" lon="23.372400">
        <ele>810.349</ele>
        <time>2015-05-03T14:41:11Z</time>
      </trkpt>
      <trkpt lat="46.487751" lon="23.372304">
        <ele>805.523</ele>
        <time>2015-05-03T14:41:23Z</time>
      </trkpt>
      <trkpt lat="46.487673" lon="23.372250">
        <ele>804.808</ele>
        <time>2015-05-03T14:41:39Z</time>
      </trkpt>
      <trkpt lat="46.487591" lon="23.372211">
        <ele>804.180</ele>
        <time>2015-05-03T14:41:50Z</time>
      </trkpt>
      <trkpt lat="46.487523" lon="23.372126">
        <ele>803.476</ele>
        <time>2015-05-03T14:42:14Z</time>
      </trkpt>
      <trkpt lat="46.487456" lon="23.372060">
        <ele>801.770</ele>
        <time>2015-05-03T14:42:25Z</time>
      </trkpt>
      <trkpt lat="46.487375" lon="23.372038">
        <ele>800.189</ele>
        <time>2015-05-03T14:42:37Z</time>
      </trkpt>
      <trkpt lat="46.487303" lon="23.371978">
        <ele>798.521</ele>
        <time>2015-05-03T14:42:48Z</time>
      </trkpt>
      <trkpt lat="46.487228" lon="23.371926">
        <ele>796.839</ele>
        <time>2015-05-03T14:42:59Z</time>
      </trkpt>
      <trkpt lat="46.487163" lon="23.371846">
        <ele>795.295</ele>
        <time>2015-05-03T14:43:23Z</time>
      </trkpt>
      <trkpt lat="46.487096" lon="23.371776">
        <ele>793.547</ele>
        <time>2015-05-03T14:43:32Z</time>
      </trkpt>
      <trkpt lat="46.487018" lon="23.371728">
        <ele>791.534</ele>
        <time>2015-05-03T14:43:42Z</time>
      </trkpt>
      <trkpt lat="46.486949" lon="23.371638">
        <ele>789.455</ele>
        <time>2015-05-03T14:43:53Z</time>
      </trkpt>
      <trkpt lat="46.486913" lon="23.371533">
        <ele>787.310</ele>
        <time>2015-05-03T14:44:04Z</time>
      </trkpt>
      <trkpt lat="46.486866" lon="23.371425">
        <ele>785.208</ele>
        <time>2015-05-03T14:44:15Z</time>
      </trkpt>
      <trkpt lat="46.486833" lon="23.371308">
        <ele>783.174</ele>
        <time>2015-05-03T14:44:25Z</time>
      </trkpt>
      <trkpt lat="46.486810" lon="23.371193">
        <ele>781.980</ele>
        <time>2015-05-03T14:44:34Z</time>
      </trkpt>
      <trkpt lat="46.486763" lon="23.371091">
        <ele>780.774</ele>
        <time>2015-05-03T14:44:42Z</time>
      </trkpt>
      <trkpt lat="46.486723" lon="23.370980">
        <ele>779.513</ele>
        <time>2015-05-03T14:44:53Z</time>
      </trkpt>
      <trkpt lat="46.486679" lon="23.370875">
        <ele>778.455</ele>
        <time>2015-05-03T14:45:04Z</time>
      </trkpt>
      <trkpt lat="46.486644" lon="23.370758">
        <ele>777.223</ele>
        <time>2015-05-03T14:45:14Z</time>
      </trkpt>
      <trkpt lat="46.486595" lon="23.370651">
        <ele>776.089</ele>
        <time>2015-05-03T14:45:24Z</time>
      </trkpt>
      <trkpt lat="46.486598" lon="23.370524">
        <ele>776.081</ele>
        <time>2015-05-03T14:45:51Z</time>
      </trkpt>
      <trkpt lat="46.486558" lon="23.370408">
        <ele>773.995</ele>
        <time>2015-05-03T14:46:03Z</time>
      </trkpt>
      <trkpt lat="46.486526" lon="23.370293">
        <ele>771.849</ele>
        <time>2015-05-03T14:46:13Z</time>
      </trkpt>
      <trkpt lat="46.486468" lon="23.370203">
        <ele>769.723</ele>
        <time>2015-05-03T14:46:24Z</time>
      </trkpt>
      <trkpt lat="46.486418" lon="23.370106">
        <ele>767.608</ele>
        <time>2015-05-03T14:46:35Z</time>
      </trkpt>
      <trkpt lat="46.486329" lon="23.370085">
        <ele>765.580</ele>
        <time>2015-05-03T14:46:47Z</time>
      </trkpt>
      <trkpt lat="46.486238" lon="23.370050">
        <ele>763.596</ele>
        <time>2015-05-03T14:47:14Z</time>
      </trkpt>
      <trkpt lat="46.486156" lon="23.370076">
        <ele>761.480</ele>
        <time>2015-05-03T14:47:24Z</time>
      </trkpt>
      <trkpt lat="46.486078" lon="23.370040">
        <ele>759.379</ele>
        <time>2015-05-03T14:47:33Z</time>
      </trkpt>
      <trkpt lat="46.485996" lon="23.370040">
        <ele>757.231</ele>
        <time>2015-05-03T14:47:50Z</time>
      </trkpt>
      <trkpt lat="46.485908" lon="23.370034">
        <ele>755.149</ele>
        <time>2015-05-03T14:48:00Z</time>
      </trkpt>
      <trkpt lat="46.485825" lon="23.370011">
        <ele>753.015</ele>
        <time>2015-05-03T14:48:08Z</time>
      </trkpt>
      <trkpt lat="46.485740" lon="23.370008">
        <ele>752.597</ele>
        <time>2015-05-03T14:48:17Z</time>
      </trkpt>
      <trkpt lat="46.485658" lon="23.369953">
        <ele>751.251</ele>
        <time>2015-05-03T14:48:34Z</time>
      </trkpt>
      <trkpt lat="46.485583" lon="23.369901">
        <ele>749.801</ele>
        <time>2015-05-03T14:48:53Z</time>
      </trkpt>
      <trkpt lat="46.485511" lon="23.369830">
        <ele>748.511</ele>
        <time>2015-05-03T14:49:04Z</time>
      </trkpt>
      <trkpt lat="46.485450" lon="23.369746">
        <ele>747.108</ele>
        <time>2015-05-03T14:49:15Z</time>
      </trkpt>
      <trkpt lat="46.485380" lon="23.369671">
        <ele>745.756</ele>
        <time>2015-05-03T14:49:26Z</time>
      </trkpt>
      <trkpt lat="46.485315" lon="23.369598">
        <ele>744.432</ele>
        <time>2015-05-03T14:49:36Z</time>
      </trkpt>
      <trkpt lat="46.485231" lon="23.369564">
        <ele>743.086</ele>
        <time>2015-05-03T14:49:45Z</time>
      </trkpt>
      <trkpt lat="46.485148" lon="23.369534">
        <ele>741.675</ele>
        <time>2015-05-03T14:49:54Z</time>
      </trkpt>
      <trkpt lat="46.485069" lon="23.369468">
        <ele>740.377</ele>
        <time>2015-05-03T14:50:06Z</time>
      </trkpt>
      <trkpt lat="46.484993" lon="23.369428">
        <ele>739.165</ele>
        <time>2015-05-03T14:50:14Z</time>
      </trkpt>
      <trkpt lat="46.484906" lon="23.369415">
        <ele>738.471</ele>
        <time>2015-05-03T14:50:29Z</time>
      </trkpt>
      <trkpt lat="46.484818" lon="23.369415">
        <ele>738.583</ele>
        <time>2015-05-03T14:50:38Z</time>
      </trkpt>
      <trkpt lat="46.484731" lon="23.369421">
        <ele>738.717</ele>
        <time>2015-05-03T14:50:50Z</time>
      </trkpt>
      <trkpt lat="46.484649" lon="23.369426">
        <ele>738.587</ele>
        <time>2015-05-03T14:50:58Z</time>
      </trkpt>
      <trkpt lat="46.484565" lon="23.369449">
        <ele>738.215</ele>
        <time>2015-05-03T14:51:06Z</time>
      </trkpt>
      <trkpt lat="46.484481" lon="23.369485">
        <ele>737.908</ele>
        <time>2015-05-03T14:51:16Z</time>
      </trkpt>
      <trkpt lat="46.484411" lon="23.369545">
        <ele>737.672</ele>
        <time>2015-05-03T14:51:29Z</time>
      </trkpt>
      <trkpt lat="46.484338" lon="23.369609">
        <ele>737.458</ele>
        <time>2015-05-03T14:51:40Z</time>
      </trkpt>
      <trkpt lat="46.484270" lon="23.369686">
        <ele>737.182</ele>
        <time>2015-05-03T14:51:51Z</time>
      </trkpt>
      <trkpt lat="46.484186" lon="23.369736">
        <ele>736.821</ele>
        <time>2015-05-03T14:51:58Z</time>
      </trkpt>
      <trkpt lat="46.484108" lon="23.369786">
        <ele>735.583</ele>
        <time>2015-05-03T14:52:04Z</time>
      </trkpt>
      <trkpt lat="46.484033" lon="23.369845">
        <ele>734.171</ele>
        <time>2015-05-03T14:52:13Z</time>
      </trkpt>
      <trkpt lat="46.483980" lon="23.369935">
        <ele>732.767</ele>
        <time>2015-05-03T14:52:29Z</time>
      </trkpt>
      <trkpt lat="46.483929" lon="23.370038">
        <ele>731.489</ele>
        <time>2015-05-03T14:52:45Z</time>
      </trkpt>
      <trkpt lat="46.483851" lon="23.370093">
        <ele>730.548</ele>
        <time>2015-05-03T14:53:47Z</time>
      </trkpt>
      <trkpt lat="46.483793" lon="23.370176">
        <ele>729.561</ele>
        <time>2015-05-03T14:54:00Z</time>
      </trkpt>
      <trkpt lat="46.483710" lon="23.370223">
        <ele>728.617</ele>
        <time>2015-05-03T14:54:29Z</time>
      </trkpt>
      <trkpt lat="46.483614" lon="23.370253">
        <ele>727.708</ele>
        <time>2015-05-03T14:54:39Z</time>
      </trkpt>
      <trkpt lat="46.483528" lon="23.370245">
        <ele>726.835</ele>
        <time>2015-05-03T14:54:45Z</time>
      </trkpt>
      <trkpt lat="46.483446" lon="23.370295">
        <ele>726.821</ele>
        <time>2015-05-03T14:54:53Z</time>
      </trkpt>
      <trkpt lat="46.483359" lon="23.370313">
        <ele>725.235</ele>
        <time>2015-05-03T14:55:01Z</time>
      </trkpt>
      <trkpt lat="46.483280" lon="23.370341">
        <ele>724.514</ele>
        <time>2015-05-03T14:55:11Z</time>
      </trkpt>
      <trkpt lat="46.483211" lon="23.370406">
        <ele>723.796</ele>
        <time>2015-05-03T14:55:21Z</time>
      </trkpt>
      <trkpt lat="46.483126" lon="23.370455">
        <ele>723.074</ele>
        <time>2015-05-03T14:55:29Z</time>
      </trkpt>
      <trkpt lat="46.483050" lon="23.370523">
        <ele>722.310</ele>
        <time>2015-05-03T14:55:38Z</time>
      </trkpt>
      <trkpt lat="46.482949" lon="23.370533">
        <ele>721.512</ele>
        <time>2015-05-03T14:55:46Z</time>
      </trkpt>
      <trkpt lat="46.482864" lon="23.370536">
        <ele>720.892</ele>
        <time>2015-05-03T14:55:53Z</time>
      </trkpt>
      <trkpt lat="46.482780" lon="23.370543">
        <ele>720.173</ele>
        <time>2015-05-03T14:56:03Z</time>
      </trkpt>
      <trkpt lat="46.482695" lon="23.370556">
        <ele>719.420</ele>
        <time>2015-05-03T14:56:13Z</time>
      </trkpt>
      <trkpt lat="46.482626" lon="23.370625">
        <ele>718.608</ele>
        <time>2015-05-03T14:56:23Z</time>
      </trkpt>
      <trkpt lat="46.482565" lon="23.370725">
        <ele>717.050</ele>
        <time>2015-05-03T14:56:33Z</time>
      </trkpt>
      <trkpt lat="46.482496" lon="23.370805">
        <ele>717.526</ele>
        <time>2015-05-03T14:56:43Z</time>
      </trkpt>
      <trkpt lat="46.482420" lon="23.370860">
        <ele>717.960</ele>
        <time>2015-05-03T14:56:50Z</time>
      </trkpt>
      <trkpt lat="46.482333" lon="23.370916">
        <ele>718.419</ele>
        <time>2015-05-03T14:56:57Z</time>
      </trkpt>
      <trkpt lat="46.482255" lon="23.370965">
        <ele>717.731</ele>
        <time>2015-05-03T14:57:08Z</time>
      </trkpt>
      <trkpt lat="46.482178" lon="23.371025">
        <ele>717.189</ele>
        <time>2015-05-03T14:57:21Z</time>
      </trkpt>
      <trkpt lat="46.482094" lon="23.371061">
        <ele>716.555</ele>
        <time>2015-05-03T14:57:45Z</time>
      </trkpt>
      <trkpt lat="46.482023" lon="23.371125">
        <ele>715.897</ele>
        <time>2015-05-03T14:58:04Z</time>
      </trkpt>
      <trkpt lat="46.481963" lon="23.371208">
        <ele>715.241</ele>
        <time>2015-05-03T14:58:46Z</time>
      </trkpt>
      <trkpt lat="46.481886" lon="23.371295">
        <ele>714.581</ele>
        <time>2015-05-03T14:58:57Z</time>
      </trkpt>
      <trkpt lat="46.481816" lon="23.371365">
        <ele>713.909</ele>
        <time>2015-05-03T14:59:04Z</time>
      </trkpt>
      <trkpt lat="46.481751" lon="23.371443">
        <ele>713.308</ele>
        <time>2015-05-03T14:59:15Z</time>
      </trkpt>
      <trkpt lat="46.481676" lon="23.371498">
        <ele>712.215</ele>
        <time>2015-05-03T14:59:24Z</time>
      </trkpt>
      <trkpt lat="46.481605" lon="23.371561">
        <ele>711.141</ele>
        <time>2015-05-03T14:59:33Z</time>
      </trkpt>
      <trkpt lat="46.481551" lon="23.371660">
        <ele>710.875</ele>
        <time>2015-05-03T14:59:44Z</time>
      </trkpt>
      <trkpt lat="46.481498" lon="23.371753">
        <ele>710.214</ele>
        <time>2015-05-03T14:59:54Z</time>
      </trkpt>
      <trkpt lat="46.481445" lon="23.371843">
        <ele>709.526</ele>
        <time>2015-05-03T15:00:02Z</time>
      </trkpt>
      <trkpt lat="46.481385" lon="23.371928">
        <ele>708.934</ele>
        <time>2015-05-03T15:00:10Z</time>
      </trkpt>
      <trkpt lat="46.481338" lon="23.372028">
        <ele>708.330</ele>
        <time>2015-05-03T15:00:20Z</time>
      </trkpt>
      <trkpt lat="46.481278" lon="23.372113">
        <ele>707.682</ele>
        <time>2015-05-03T15:00:28Z</time>
      </trkpt>
      <trkpt lat="46.481213" lon="23.372185">
        <ele>707.047</ele>
        <time>2015-05-03T15:00:34Z</time>
      </trkpt>
      <trkpt lat="46.481155" lon="23.372266">
        <ele>706.429</ele>
        <time>2015-05-03T15:00:44Z</time>
      </trkpt>
      <trkpt lat="46.481089" lon="23.372349">
        <ele>705.721</ele>
        <time>2015-05-03T15:00:53Z</time>
      </trkpt>
      <trkpt lat="46.481021" lon="23.372423">
        <ele>705.108</ele>
        <time>2015-05-03T15:00:59Z</time>
      </trkpt>
      <trkpt lat="46.480971" lon="23.372516">
        <ele>704.595</ele>
        <time>2015-05-03T15:01:05Z</time>
      </trkpt>
      <trkpt lat="46.480918" lon="23.372611">
        <ele>703.321</ele>
        <time>2015-05-03T15:01:13Z</time>
      </trkpt>
      <trkpt lat="46.480853" lon="23.372686">
        <ele>703.555</ele>
        <time>2015-05-03T15:01:20Z</time>
      </trkpt>
      <trkpt lat="46.480781" lon="23.372763">
        <ele>702.934</ele>
        <time>2015-05-03T15:01:27Z</time>
      </trkpt>
      <trkpt lat="46.480720" lon="23.372850">
        <ele>702.356</ele>
        <time>2015-05-03T15:01:37Z</time>
      </trkpt>
      <trkpt lat="46.480641" lon="23.372895">
        <ele>701.684</ele>
        <time>2015-05-03T15:01:45Z</time>
      </trkpt>
      <trkpt lat="46.480568" lon="23.372944">
        <ele>701.050</ele>
        <time>2015-05-03T15:01:53Z</time>
      </trkpt>
      <trkpt lat="46.480491" lon="23.372995">
        <ele>700.432</ele>
        <time>2015-05-03T15:02:00Z</time>
      </trkpt>
      <trkpt lat="46.480421" lon="23.373056">
        <ele>699.741</ele>
        <time>2015-05-03T15:02:06Z</time>
      </trkpt>
      <trkpt lat="46.480351" lon="23.373126">
        <ele>699.181</ele>
        <time>2015-05-03T15:02:14Z</time>
      </trkpt>
      <trkpt lat="46.480271" lon="23.373173">
        <ele>698.509</ele>
        <time>2015-05-03T15:02:20Z</time>
      </trkpt>
      <trkpt lat="46.480201" lon="23.373250">
        <ele>697.808</ele>
        <time>2015-05-03T15:02:28Z</time>
      </trkpt>
      <trkpt lat="46.480123" lon="23.373296">
        <ele>696.995</ele>
        <time>2015-05-03T15:02:36Z</time>
      </trkpt>
      <trkpt lat="46.480053" lon="23.373358">
        <ele>696.051</ele>
        <time>2015-05-03T15:02:45Z</time>
      </trkpt>
      <trkpt lat="46.479983" lon="23.373433">
        <ele>696.515</ele>
        <time>2015-05-03T15:02:54Z</time>
      </trkpt>
      <trkpt lat="46.479906" lon="23.373488">
        <ele>696.914</ele>
        <time>2015-05-03T15:03:01Z</time>
      </trkpt>
      <trkpt lat="46.479821" lon="23.373543">
        <ele>697.426</ele>
        <time>2015-05-03T15:03:08Z</time>
      </trkpt>
      <trkpt lat="46.479738" lon="23.373583">
        <ele>697.894</ele>
        <time>2015-05-03T15:03:16Z</time>
      </trkpt>
      <trkpt lat="46.479663" lon="23.373630">
        <ele>698.310</ele>
        <time>2015-05-03T15:03:29Z</time>
      </trkpt>
      <trkpt lat="46.479585" lon="23.373671">
        <ele>697.572</ele>
        <time>2015-05-03T15:03:36Z</time>
      </trkpt>
      <trkpt lat="46.479508" lon="23.373715">
        <ele>696.816</ele>
        <time>2015-05-03T15:03:47Z</time>
      </trkpt>
      <trkpt lat="46.479436" lon="23.373776">
        <ele>696.176</ele>
        <time>2015-05-03T15:03:57Z</time>
      </trkpt>
      <trkpt lat="46.479350" lon="23.373810">
        <ele>695.413</ele>
        <time>2015-05-03T15:04:04Z</time>
      </trkpt>
      <trkpt lat="46.479273" lon="23.373873">
        <ele>694.608</ele>
        <time>2015-05-03T15:04:14Z</time>
      </trkpt>
      <trkpt lat="46.479200" lon="23.373940">
        <ele>693.522</ele>
        <time>2015-05-03T15:04:22Z</time>
      </trkpt>
      <trkpt lat="46.479108" lon="23.373960">
        <ele>692.038</ele>
        <time>2015-05-03T15:04:54Z</time>
      </trkpt>
      <trkpt lat="46.479031" lon="23.374001">
        <ele>690.562</ele>
        <time>2015-05-03T15:05:00Z</time>
      </trkpt>
      <trkpt lat="46.478945" lon="23.374018">
        <ele>688.951</ele>
        <time>2015-05-03T15:05:11Z</time>
      </trkpt>
      <trkpt lat="46.478866" lon="23.374050">
        <ele>687.473</ele>
        <time>2015-05-03T15:05:20Z</time>
      </trkpt>
      <trkpt lat="46.478791" lon="23.374096">
        <ele>685.861</ele>
        <time>2015-05-03T15:05:29Z</time>
      </trkpt>
      <trkpt lat="46.478720" lon="23.374156">
        <ele>685.547</ele>
        <time>2015-05-03T15:05:38Z</time>
      </trkpt>
      <trkpt lat="46.478650" lon="23.374235">
        <ele>685.449</ele>
        <time>2015-05-03T15:05:47Z</time>
      </trkpt>
      <trkpt lat="46.478590" lon="23.374323">
        <ele>685.348</ele>
        <time>2015-05-03T15:05:55Z</time>
      </trkpt>
      <trkpt lat="46.478541" lon="23.374430">
        <ele>685.261</ele>
        <time>2015-05-03T15:06:06Z</time>
      </trkpt>
      <trkpt lat="46.478540" lon="23.374558">
        <ele>685.117</ele>
        <time>2015-05-03T15:06:19Z</time>
      </trkpt>
      <trkpt lat="46.478506" lon="23.374681">
        <ele>685.408</ele>
        <time>2015-05-03T15:06:26Z</time>
      </trkpt>
      <trkpt lat="46.478456" lon="23.374780">
        <ele>685.675</ele>
        <time>2015-05-03T15:06:36Z</time>
      </trkpt>
      <trkpt lat="46.478380" lon="23.374843">
        <ele>684.961</ele>
        <time>2015-05-03T15:06:44Z</time>
      </trkpt>
      <trkpt lat="46.478301" lon="23.374878">
        <ele>684.215</ele>
        <time>2015-05-03T15:06:51Z</time>
      </trkpt>
      <trkpt lat="46.478215" lon="23.374885">
        <ele>683.594</ele>
        <time>2015-05-03T15:06:58Z</time>
      </trkpt>
      <trkpt lat="46.478126" lon="23.374860">
        <ele>682.756</ele>
        <time>2015-05-03T15:07:04Z</time>
      </trkpt>
      <trkpt lat="46.478039" lon="23.374823">
        <ele>682.074</ele>
        <time>2015-05-03T15:07:26Z</time>
      </trkpt>
      <trkpt lat="46.477951" lon="23.374801">
        <ele>681.010</ele>
        <time>2015-05-03T15:07:35Z</time>
      </trkpt>
      <trkpt lat="46.477866" lon="23.374768">
        <ele>680.082</ele>
        <time>2015-05-03T15:07:44Z</time>
      </trkpt>
      <trkpt lat="46.477786" lon="23.374750">
        <ele>680.513</ele>
        <time>2015-05-03T15:07:55Z</time>
      </trkpt>
      <trkpt lat="46.477706" lon="23.374731">
        <ele>681.143</ele>
        <time>2015-05-03T15:08:04Z</time>
      </trkpt>
      <trkpt lat="46.477621" lon="23.374745">
        <ele>681.607</ele>
        <time>2015-05-03T15:08:13Z</time>
      </trkpt>
      <trkpt lat="46.477533" lon="23.374741">
        <ele>681.608</ele>
        <time>2015-05-03T15:08:23Z</time>
      </trkpt>
      <trkpt lat="46.477451" lon="23.374741">
        <ele>682.632</ele>
        <time>2015-05-03T15:08:32Z</time>
      </trkpt>
      <trkpt lat="46.477376" lon="23.374696">
        <ele>683.638</ele>
        <time>2015-05-03T15:08:57Z</time>
      </trkpt>
      <trkpt lat="46.477291" lon="23.374694">
        <ele>684.642</ele>
        <time>2015-05-03T15:09:08Z</time>
      </trkpt>
      <trkpt lat="46.477203" lon="23.374685">
        <ele>685.641</ele>
        <time>2015-05-03T15:09:19Z</time>
      </trkpt>
      <trkpt lat="46.477120" lon="23.374641">
        <ele>686.643</ele>
        <time>2015-05-03T15:09:29Z</time>
      </trkpt>
      <trkpt lat="46.477036" lon="23.374611">
        <ele>687.651</ele>
        <time>2015-05-03T15:09:38Z</time>
      </trkpt>
      <trkpt lat="46.476951" lon="23.374588">
        <ele>687.547</ele>
        <time>2015-05-03T15:09:48Z</time>
      </trkpt>
      <trkpt lat="46.476875" lon="23.374548">
        <ele>685.939</ele>
        <time>2015-05-03T15:09:56Z</time>
      </trkpt>
      <trkpt lat="46.476786" lon="23.374540">
        <ele>684.386</ele>
        <time>2015-05-03T15:10:06Z</time>
      </trkpt>
      <trkpt lat="46.476703" lon="23.374578">
        <ele>682.660</ele>
        <time>2015-05-03T15:10:16Z</time>
      </trkpt>
      <trkpt lat="46.476635" lon="23.374655">
        <ele>681.926</ele>
        <time>2015-05-03T15:10:26Z</time>
      </trkpt>
      <trkpt lat="46.476566" lon="23.374730">
        <ele>681.208</ele>
        <time>2015-05-03T15:10:34Z</time>
      </trkpt>
      <trkpt lat="46.476493" lon="23.374806">
        <ele>680.569</ele>
        <time>2015-05-03T15:10:42Z</time>
      </trkpt>
      <trkpt lat="46.476418" lon="23.374868">
        <ele>679.735</ele>
        <time>2015-05-03T15:10:49Z</time>
      </trkpt>
      <trkpt lat="46.476346" lon="23.374931">
        <ele>679.099</ele>
        <time>2015-05-03T15:10:57Z</time>
      </trkpt>
      <trkpt lat="46.476260" lon="23.374928">
        <ele>678.348</ele>
        <time>2015-05-03T15:11:10Z</time>
      </trkpt>
      <trkpt lat="46.476189" lon="23.374996">
        <ele>677.570</ele>
        <time>2015-05-03T15:11:18Z</time>
      </trkpt>
      <trkpt lat="46.476115" lon="23.375056">
        <ele>677.968</ele>
        <time>2015-05-03T15:11:26Z</time>
      </trkpt>
      <trkpt lat="46.476036" lon="23.375088">
        <ele>678.384</ele>
        <time>2015-05-03T15:11:33Z</time>
      </trkpt>
      <trkpt lat="46.475946" lon="23.375113">
        <ele>678.696</ele>
        <time>2015-05-03T15:11:40Z</time>
      </trkpt>
      <trkpt lat="46.475865" lon="23.375158">
        <ele>679.012</ele>
        <time>2015-05-03T15:11:49Z</time>
      </trkpt>
      <trkpt lat="46.475776" lon="23.375185">
        <ele>678.932</ele>
        <time>2015-05-03T15:11:57Z</time>
      </trkpt>
      <trkpt lat="46.475698" lon="23.375226">
        <ele>678.805</ele>
        <time>2015-05-03T15:12:05Z</time>
      </trkpt>
      <trkpt lat="46.475618" lon="23.375245">
        <ele>676.508</ele>
        <time>2015-05-03T15:12:11Z</time>
      </trkpt>
      <trkpt lat="46.475546" lon="23.375320">
        <ele>674.142</ele>
        <time>2015-05-03T15:12:24Z</time>
      </trkpt>
      <trkpt lat="46.475469" lon="23.375371">
        <ele>671.738</ele>
        <time>2015-05-03T15:12:34Z</time>
      </trkpt>
      <trkpt lat="46.475401" lon="23.375435">
        <ele>669.492</ele>
        <time>2015-05-03T15:12:45Z</time>
      </trkpt>
      <trkpt lat="46.475326" lon="23.375500">
        <ele>667.011</ele>
        <time>2015-05-03T15:12:53Z</time>
      </trkpt>
      <trkpt lat="46.475261" lon="23.375588">
        <ele>664.683</ele>
        <time>2015-05-03T15:13:02Z</time>
      </trkpt>
      <trkpt lat="46.475199" lon="23.375670">
        <ele>662.321</ele>
        <time>2015-05-03T15:13:11Z</time>
      </trkpt>
      <trkpt lat="46.475133" lon="23.375751">
        <ele>659.987</ele>
        <time>2015-05-03T15:13:19Z</time>
      </trkpt>
      <trkpt lat="46.475064" lon="23.375843">
        <ele>657.549</ele>
        <time>2015-05-03T15:13:27Z</time>
      </trkpt>
      <trkpt lat="46.474995" lon="23.375923">
        <ele>655.363</ele>
        <time>2015-05-03T15:13:35Z</time>
      </trkpt>
      <trkpt lat="46.474941" lon="23.376013">
        <ele>653.144</ele>
        <time>2015-05-03T15:13:45Z</time>
      </trkpt>
      <trkpt lat="46.474878" lon="23.376093">
        <ele>653.218</ele>
        <time>2015-05-03T15:13:56Z</time>
      </trkpt>
      <trkpt lat="46.474803" lon="23.376148">
        <ele>653.308</ele>
        <time>2015-05-03T15:14:05Z</time>
      </trkpt>
      <trkpt lat="46.474713" lon="23.376179">
        <ele>653.467</ele>
        <time>2015-05-03T15:14:22Z</time>
      </trkpt>
      <trkpt lat="46.474636" lon="23.376223">
        <ele>653.563</ele>
        <time>2015-05-03T15:16:32Z</time>
      </trkpt>
      <trkpt lat="46.474560" lon="23.376275">
        <ele>653.517</ele>
        <time>2015-05-03T15:16:47Z</time>
      </trkpt>
      <trkpt lat="46.474478" lon="23.376293">
        <ele>652.466</ele>
        <time>2015-05-03T15:16:55Z</time>
      </trkpt>
      <trkpt lat="46.474398" lon="23.376273">
        <ele>651.218</ele>
        <time>2015-05-03T15:17:04Z</time>
      </trkpt>
      <trkpt lat="46.474315" lon="23.376285">
        <ele>650.016</ele>
        <time>2015-05-03T15:17:21Z</time>
      </trkpt>
      <trkpt lat="46.474231" lon="23.376301">
        <ele>648.812</ele>
        <time>2015-05-03T15:17:30Z</time>
      </trkpt>
      <trkpt lat="46.474148" lon="23.376336">
        <ele>647.484</ele>
        <time>2015-05-03T15:17:41Z</time>
      </trkpt>
      <trkpt lat="46.474066" lon="23.376373">
        <ele>645.824</ele>
        <time>2015-05-03T15:17:50Z</time>
      </trkpt>
      <trkpt lat="46.473988" lon="23.376410">
        <ele>644.304</ele>
        <time>2015-05-03T15:17:57Z</time>
      </trkpt>
      <trkpt lat="46.473911" lon="23.376448">
        <ele>642.714</ele>
        <time>2015-05-03T15:18:07Z</time>
      </trkpt>
      <trkpt lat="46.473833" lon="23.376491">
        <ele>641.208</ele>
        <time>2015-05-03T15:18:15Z</time>
      </trkpt>
      <trkpt lat="46.473758" lon="23.376551">
        <ele>639.673</ele>
        <time>2015-05-03T15:18:24Z</time>
      </trkpt>
      <trkpt lat="46.473678" lon="23.376595">
        <ele>638.189</ele>
        <time>2015-05-03T15:18:31Z</time>
      </trkpt>
      <trkpt lat="46.473606" lon="23.376650">
        <ele>637.813</ele>
        <time>2015-05-03T15:18:39Z</time>
      </trkpt>
      <trkpt lat="46.473525" lon="23.376714">
        <ele>637.562</ele>
        <time>2015-05-03T15:18:48Z</time>
      </trkpt>
      <trkpt lat="46.473456" lon="23.376783">
        <ele>637.314</ele>
        <time>2015-05-03T15:18:57Z</time>
      </trkpt>
      <trkpt lat="46.473386" lon="23.376843">
        <ele>636.512</ele>
        <time>2015-05-03T15:19:06Z</time>
      </trkpt>
      <trkpt lat="46.473310" lon="23.376901">
        <ele>636.178</ele>
        <time>2015-05-03T15:19:13Z</time>
      </trkpt>
      <trkpt lat="46.473221" lon="23.376920">
        <ele>635.690</ele>
        <time>2015-05-03T15:19:22Z</time>
      </trkpt>
      <trkpt lat="46.473141" lon="23.376958">
        <ele>635.238</ele>
        <time>2015-05-03T15:19:31Z</time>
      </trkpt>
      <trkpt lat="46.473053" lon="23.376990">
        <ele>634.770</ele>
        <time>2015-05-03T15:19:40Z</time>
      </trkpt>
      <trkpt lat="46.472970" lon="23.377043">
        <ele>634.317</ele>
        <time>2015-05-03T15:19:49Z</time>
      </trkpt>
      <trkpt lat="46.472890" lon="23.377068">
        <ele>633.808</ele>
        <time>2015-05-03T15:19:57Z</time>
      </trkpt>
      <trkpt lat="46.472809" lon="23.377090">
        <ele>633.474</ele>
        <time>2015-05-03T15:20:06Z</time>
      </trkpt>
      <trkpt lat="46.472719" lon="23.377071">
        <ele>632.910</ele>
        <time>2015-05-03T15:20:13Z</time>
      </trkpt>
      <trkpt lat="46.472629" lon="23.377076">
        <ele>632.524</ele>
        <time>2015-05-03T15:20:22Z</time>
      </trkpt>
      <trkpt lat="46.472546" lon="23.377091">
        <ele>631.753</ele>
        <time>2015-05-03T15:20:30Z</time>
      </trkpt>
      <trkpt lat="46.472463" lon="23.377118">
        <ele>631.555</ele>
        <time>2015-05-03T15:20:38Z</time>
      </trkpt>
      <trkpt lat="46.472371" lon="23.377100">
        <ele>631.253</ele>
        <time>2015-05-03T15:20:44Z</time>
      </trkpt>
      <trkpt lat="46.472288" lon="23.377113">
        <ele>631.129</ele>
        <time>2015-05-03T15:20:54Z</time>
      </trkpt>
      <trkpt lat="46.472211" lon="23.377153">
        <ele>631.031</ele>
        <time>2015-05-03T15:21:05Z</time>
      </trkpt>
      <trkpt lat="46.472115" lon="23.377141">
        <ele>630.912</ele>
        <time>2015-05-03T15:21:12Z</time>
      </trkpt>
      <trkpt lat="46.472028" lon="23.377126">
        <ele>630.732</ele>
        <time>2015-05-03T15:21:20Z</time>
      </trkpt>
      <trkpt lat="46.471940" lon="23.377116">
        <ele>630.505</ele>
        <time>2015-05-03T15:21:29Z</time>
      </trkpt>
    </trkseg>
  </trk></gpx>