<?xml version="1.0" encoding="UTF-8"?>
<gpx creator="Wikiloc - https://www.wikiloc.com" version="1.1" xmlns="http://www.topografix.com/GPX/1/1" xmlns:xsi="http://www.w3.org/2001/XMLSchema-instance" xsi:schemaLocation="http://www.topografix.com/GPX/1/1 http://www.topografix.com/GPX/1/1/gpx.xsd">
  <metadata>
    <name>Wikiloc - Varful Ardascheia - Muntii Trascau - Hiking 2/1/15 9:53 am -</name>
    <author>
      <name>Toni Grecu</name>
      <link href="https://www.wikiloc.com/wikiloc/user.do?id=2082631">
        <text>Toni Grecu on Wikiloc</text>
      </link>
    </author>
    <link href="https://www.wikiloc.com/hiking-trails/varful-ardascheia-muntii-trascau-hiking-2-1-15-9-53-am-17094576">
      <text>Varful Ardascheia - Muntii Trascau - Hiking 2/1/15 9:53 am - on Wikiloc</text>
    </link>
    <time>2015-02-01T12:15:57Z</time>
  </metadata>
  <trk>
    <name>Varful Ardascheia - Muntii Trascau - Hiking 2/1/15 9:53 am - - Wikiloc</name>
    <cmt></cmt>
    <desc></desc>
    <trkseg>
      <trkpt lat="46.448466" lon="23.560911">
        <ele>639.323</ele>
        <time>2015-02-01T07:53:20Z</time>
      </trkpt>
      <trkpt lat="46.448501" lon="23.560778">
        <ele>639.483</ele>
        <time>2015-02-01T07:53:34Z</time>
      </trkpt>
      <trkpt lat="46.448560" lon="23.560651">
        <ele>639.511</ele>
        <time>2015-02-01T07:53:50Z</time>
      </trkpt>
      <trkpt lat="46.448504" lon="23.560560">
        <ele>639.608</ele>
        <time>2015-02-01T07:54:05Z</time>
      </trkpt>
      <trkpt lat="46.448525" lon="23.560433">
        <ele>639.643</ele>
        <time>2015-02-01T07:54:14Z</time>
      </trkpt>
      <trkpt lat="46.448536" lon="23.560311">
        <ele>639.679</ele>
        <time>2015-02-01T07:54:23Z</time>
      </trkpt>
      <trkpt lat="46.448519" lon="23.560183">
        <ele>639.992</ele>
        <time>2015-02-01T07:54:31Z</time>
      </trkpt>
      <trkpt lat="46.448504" lon="23.560055">
        <ele>640.251</ele>
        <time>2015-02-01T07:54:40Z</time>
      </trkpt>
      <trkpt lat="46.448516" lon="23.559938">
        <ele>640.566</ele>
        <time>2015-02-01T07:54:46Z</time>
      </trkpt>
      <trkpt lat="46.448516" lon="23.559810">
        <ele>640.757</ele>
        <time>2015-02-01T07:54:54Z</time>
      </trkpt>
      <trkpt lat="46.448523" lon="23.559685">
        <ele>640.999</ele>
        <time>2015-02-01T07:55:02Z</time>
      </trkpt>
      <trkpt lat="46.448496" lon="23.559568">
        <ele>641.198</ele>
        <time>2015-02-01T07:55:11Z</time>
      </trkpt>
      <trkpt lat="46.448510" lon="23.559436">
        <ele>641.348</ele>
        <time>2015-02-01T07:55:23Z</time>
      </trkpt>
      <trkpt lat="46.448504" lon="23.559318">
        <ele>641.061</ele>
        <time>2015-02-01T07:55:32Z</time>
      </trkpt>
      <trkpt lat="46.448540" lon="23.559208">
        <ele>640.717</ele>
        <time>2015-02-01T07:55:40Z</time>
      </trkpt>
      <trkpt lat="46.448546" lon="23.559060">
        <ele>640.508</ele>
        <time>2015-02-01T07:55:52Z</time>
      </trkpt>
      <trkpt lat="46.448561" lon="23.558930">
        <ele>640.245</ele>
        <time>2015-02-01T07:56:02Z</time>
      </trkpt>
      <trkpt lat="46.448543" lon="23.558810">
        <ele>637.571</ele>
        <time>2015-02-01T07:56:12Z</time>
      </trkpt>
      <trkpt lat="46.448526" lon="23.558664">
        <ele>634.754</ele>
        <time>2015-02-01T07:56:22Z</time>
      </trkpt>
      <trkpt lat="46.448531" lon="23.558545">
        <ele>633.683</ele>
        <time>2015-02-01T07:56:31Z</time>
      </trkpt>
      <trkpt lat="46.448508" lon="23.558423">
        <ele>634.268</ele>
        <time>2015-02-01T07:56:42Z</time>
      </trkpt>
      <trkpt lat="46.448430" lon="23.558466">
        <ele>634.759</ele>
        <time>2015-02-01T07:57:00Z</time>
      </trkpt>
      <trkpt lat="46.450950" lon="23.558503">
        <ele>635.371</ele>
        <time>2015-02-01T07:57:20Z</time>
      </trkpt>
      <trkpt lat="46.451136" lon="23.558495">
        <ele>635.810</ele>
        <time>2015-02-01T07:57:24Z</time>
      </trkpt>
      <trkpt lat="46.449725" lon="23.558370">
        <ele>636.877</ele>
        <time>2015-02-01T07:57:26Z</time>
      </trkpt>
      <trkpt lat="46.449558" lon="23.558345">
        <ele>637.861</ele>
        <time>2015-02-01T07:57:27Z</time>
      </trkpt>
      <trkpt lat="46.449256" lon="23.558298">
        <ele>639.127</ele>
        <time>2015-02-01T07:57:29Z</time>
      </trkpt>
      <trkpt lat="46.449161" lon="23.558283">
        <ele>640.408</ele>
        <time>2015-02-01T07:57:30Z</time>
      </trkpt>
      <trkpt lat="46.449059" lon="23.558241">
        <ele>643.918</ele>
        <time>2015-02-01T07:57:34Z</time>
      </trkpt>
      <trkpt lat="46.448995" lon="23.558161">
        <ele>647.544</ele>
        <time>2015-02-01T07:57:41Z</time>
      </trkpt>
      <trkpt lat="46.448986" lon="23.558033">
        <ele>649.497</ele>
        <time>2015-02-01T07:57:50Z</time>
      </trkpt>
      <trkpt lat="46.449003" lon="23.557913">
        <ele>649.696</ele>
        <time>2015-02-01T07:57:58Z</time>
      </trkpt>
      <trkpt lat="46.449040" lon="23.557795">
        <ele>649.961</ele>
        <time>2015-02-01T07:58:08Z</time>
      </trkpt>
      <trkpt lat="46.449063" lon="23.557678">
        <ele>650.292</ele>
        <time>2015-02-01T07:58:17Z</time>
      </trkpt>
      <trkpt lat="46.449110" lon="23.557573">
        <ele>650.534</ele>
        <time>2015-02-01T07:58:25Z</time>
      </trkpt>
      <trkpt lat="46.449103" lon="23.557450">
        <ele>650.613</ele>
        <time>2015-02-01T07:58:34Z</time>
      </trkpt>
      <trkpt lat="46.449130" lon="23.557336">
        <ele>650.896</ele>
        <time>2015-02-01T07:58:42Z</time>
      </trkpt>
      <trkpt lat="46.449179" lon="23.557241">
        <ele>650.731</ele>
        <time>2015-02-01T07:58:50Z</time>
      </trkpt>
      <trkpt lat="46.449269" lon="23.557229">
        <ele>650.724</ele>
        <time>2015-02-01T07:58:54Z</time>
      </trkpt>
      <trkpt lat="46.449346" lon="23.557190">
        <ele>650.708</ele>
        <time>2015-02-01T07:58:58Z</time>
      </trkpt>
      <trkpt lat="46.449420" lon="23.557121">
        <ele>650.770</ele>
        <time>2015-02-01T07:59:03Z</time>
      </trkpt>
      <trkpt lat="46.449501" lon="23.557060">
        <ele>650.726</ele>
        <time>2015-02-01T07:59:09Z</time>
      </trkpt>
      <trkpt lat="46.449571" lon="23.556956">
        <ele>650.729</ele>
        <time>2015-02-01T07:59:17Z</time>
      </trkpt>
      <trkpt lat="46.449656" lon="23.556890">
        <ele>650.778</ele>
        <time>2015-02-01T07:59:24Z</time>
      </trkpt>
      <trkpt lat="46.449738" lon="23.556861">
        <ele>650.713</ele>
        <time>2015-02-01T07:59:32Z</time>
      </trkpt>
      <trkpt lat="46.449828" lon="23.556840">
        <ele>650.744</ele>
        <time>2015-02-01T07:59:40Z</time>
      </trkpt>
      <trkpt lat="46.449918" lon="23.556833">
        <ele>650.866</ele>
        <time>2015-02-01T07:59:46Z</time>
      </trkpt>
      <trkpt lat="46.450015" lon="23.556855">
        <ele>650.945</ele>
        <time>2015-02-01T07:59:57Z</time>
      </trkpt>
      <trkpt lat="46.450130" lon="23.556856">
        <ele>651.012</ele>
        <time>2015-02-01T08:00:02Z</time>
      </trkpt>
      <trkpt lat="46.450220" lon="23.556865">
        <ele>651.032</ele>
        <time>2015-02-01T08:00:07Z</time>
      </trkpt>
      <trkpt lat="46.450304" lon="23.556896">
        <ele>651.005</ele>
        <time>2015-02-01T08:00:12Z</time>
      </trkpt>
      <trkpt lat="46.450388" lon="23.556911">
        <ele>651.008</ele>
        <time>2015-02-01T08:00:18Z</time>
      </trkpt>
      <trkpt lat="46.450316" lon="23.556855">
        <ele>651.092</ele>
        <time>2015-02-01T08:01:05Z</time>
      </trkpt>
      <trkpt lat="46.450251" lon="23.556771">
        <ele>651.058</ele>
        <time>2015-02-01T08:01:13Z</time>
      </trkpt>
      <trkpt lat="46.450168" lon="23.556781">
        <ele>651.081</ele>
        <time>2015-02-01T08:01:22Z</time>
      </trkpt>
      <trkpt lat="46.450085" lon="23.556786">
        <ele>651.050</ele>
        <time>2015-02-01T08:01:32Z</time>
      </trkpt>
      <trkpt lat="46.449988" lon="23.556750">
        <ele>650.915</ele>
        <time>2015-02-01T08:01:43Z</time>
      </trkpt>
      <trkpt lat="46.449903" lon="23.556760">
        <ele>650.896</ele>
        <time>2015-02-01T08:01:53Z</time>
      </trkpt>
      <trkpt lat="46.449816" lon="23.556763">
        <ele>650.748</ele>
        <time>2015-02-01T08:02:04Z</time>
      </trkpt>
      <trkpt lat="46.449735" lon="23.556763">
        <ele>650.627</ele>
        <time>2015-02-01T08:02:14Z</time>
      </trkpt>
      <trkpt lat="46.449651" lon="23.556780">
        <ele>650.589</ele>
        <time>2015-02-01T08:02:28Z</time>
      </trkpt>
      <trkpt lat="46.449566" lon="23.556790">
        <ele>650.506</ele>
        <time>2015-02-01T08:02:37Z</time>
      </trkpt>
      <trkpt lat="46.449478" lon="23.556791">
        <ele>650.426</ele>
        <time>2015-02-01T08:02:47Z</time>
      </trkpt>
      <trkpt lat="46.449395" lon="23.556801">
        <ele>650.308</ele>
        <time>2015-02-01T08:02:57Z</time>
      </trkpt>
      <trkpt lat="46.449340" lon="23.556708">
        <ele>650.259</ele>
        <time>2015-02-01T08:03:08Z</time>
      </trkpt>
      <trkpt lat="46.449250" lon="23.556701">
        <ele>650.175</ele>
        <time>2015-02-01T08:03:19Z</time>
      </trkpt>
      <trkpt lat="46.449166" lon="23.556701">
        <ele>648.078</ele>
        <time>2015-02-01T08:03:38Z</time>
      </trkpt>
      <trkpt lat="46.449074" lon="23.556706">
        <ele>646.097</ele>
        <time>2015-02-01T08:03:49Z</time>
      </trkpt>
      <trkpt lat="46.448991" lon="23.556705">
        <ele>644.022</ele>
        <time>2015-02-01T08:03:59Z</time>
      </trkpt>
      <trkpt lat="46.448909" lon="23.556739">
        <ele>642.083</ele>
        <time>2015-02-01T08:04:09Z</time>
      </trkpt>
      <trkpt lat="46.448826" lon="23.556765">
        <ele>640.025</ele>
        <time>2015-02-01T08:04:19Z</time>
      </trkpt>
      <trkpt lat="46.448741" lon="23.556750">
        <ele>638.034</ele>
        <time>2015-02-01T08:04:27Z</time>
      </trkpt>
      <trkpt lat="46.448648" lon="23.556748">
        <ele>636.067</ele>
        <time>2015-02-01T08:04:39Z</time>
      </trkpt>
      <trkpt lat="46.448564" lon="23.556720">
        <ele>634.781</ele>
        <time>2015-02-01T08:04:50Z</time>
      </trkpt>
      <trkpt lat="46.448491" lon="23.556663">
        <ele>633.519</ele>
        <time>2015-02-01T08:04:57Z</time>
      </trkpt>
      <trkpt lat="46.448425" lon="23.556591">
        <ele>632.208</ele>
        <time>2015-02-01T08:05:05Z</time>
      </trkpt>
      <trkpt lat="46.448378" lon="23.556483">
        <ele>630.937</ele>
        <time>2015-02-01T08:05:11Z</time>
      </trkpt>
      <trkpt lat="46.448325" lon="23.556381">
        <ele>631.663</ele>
        <time>2015-02-01T08:05:22Z</time>
      </trkpt>
      <trkpt lat="46.448291" lon="23.556273">
        <ele>632.416</ele>
        <time>2015-02-01T08:05:30Z</time>
      </trkpt>
      <trkpt lat="46.448291" lon="23.556154">
        <ele>634.395</ele>
        <time>2015-02-01T08:05:39Z</time>
      </trkpt>
      <trkpt lat="46.448298" lon="23.556031">
        <ele>636.230</ele>
        <time>2015-02-01T08:06:19Z</time>
      </trkpt>
      <trkpt lat="46.448218" lon="23.555891">
        <ele>638.191</ele>
        <time>2015-02-01T08:08:05Z</time>
      </trkpt>
      <trkpt lat="46.448200" lon="23.555776">
        <ele>640.033</ele>
        <time>2015-02-01T08:08:10Z</time>
      </trkpt>
      <trkpt lat="46.448184" lon="23.555648">
        <ele>641.912</ele>
        <time>2015-02-01T08:08:16Z</time>
      </trkpt>
      <trkpt lat="46.448165" lon="23.555518">
        <ele>643.172</ele>
        <time>2015-02-01T08:08:25Z</time>
      </trkpt>
      <trkpt lat="46.448145" lon="23.555403">
        <ele>643.513</ele>
        <time>2015-02-01T08:08:32Z</time>
      </trkpt>
      <trkpt lat="46.448123" lon="23.555288">
        <ele>643.814</ele>
        <time>2015-02-01T08:08:38Z</time>
      </trkpt>
      <trkpt lat="46.448080" lon="23.555180">
        <ele>645.508</ele>
        <time>2015-02-01T08:08:46Z</time>
      </trkpt>
      <trkpt lat="46.448031" lon="23.555081">
        <ele>647.138</ele>
        <time>2015-02-01T08:08:53Z</time>
      </trkpt>
      <trkpt lat="46.447983" lon="23.554975">
        <ele>648.744</ele>
        <time>2015-02-01T08:09:01Z</time>
      </trkpt>
      <trkpt lat="46.447931" lon="23.554871">
        <ele>649.217</ele>
        <time>2015-02-01T08:09:10Z</time>
      </trkpt>
      <trkpt lat="46.447878" lon="23.554758">
        <ele>649.676</ele>
        <time>2015-02-01T08:09:19Z</time>
      </trkpt>
      <trkpt lat="46.447835" lon="23.554646">
        <ele>650.181</ele>
        <time>2015-02-01T08:09:29Z</time>
      </trkpt>
      <trkpt lat="46.447800" lon="23.554538">
        <ele>650.582</ele>
        <time>2015-02-01T08:09:39Z</time>
      </trkpt>
      <trkpt lat="46.447795" lon="23.554404">
        <ele>651.994</ele>
        <time>2015-02-01T08:09:49Z</time>
      </trkpt>
      <trkpt lat="46.447768" lon="23.554280">
        <ele>653.393</ele>
        <time>2015-02-01T08:10:09Z</time>
      </trkpt>
      <trkpt lat="46.447733" lon="23.554140">
        <ele>655.577</ele>
        <time>2015-02-01T08:12:05Z</time>
      </trkpt>
      <trkpt lat="46.447706" lon="23.554028">
        <ele>657.661</ele>
        <time>2015-02-01T08:12:13Z</time>
      </trkpt>
      <trkpt lat="46.447655" lon="23.553929">
        <ele>658.527</ele>
        <time>2015-02-01T08:12:22Z</time>
      </trkpt>
      <trkpt lat="46.447656" lon="23.553801">
        <ele>659.508</ele>
        <time>2015-02-01T08:12:32Z</time>
      </trkpt>
      <trkpt lat="46.447748" lon="23.553580">
        <ele>660.498</ele>
        <time>2015-02-01T08:15:06Z</time>
      </trkpt>
      <trkpt lat="46.447806" lon="23.553486">
        <ele>662.674</ele>
        <time>2015-02-01T08:15:09Z</time>
      </trkpt>
      <trkpt lat="46.447683" lon="23.553398">
        <ele>664.997</ele>
        <time>2015-02-01T08:16:42Z</time>
      </trkpt>
      <trkpt lat="46.447651" lon="23.553290">
        <ele>667.226</ele>
        <time>2015-02-01T08:16:52Z</time>
      </trkpt>
      <trkpt lat="46.447636" lon="23.553173">
        <ele>669.591</ele>
        <time>2015-02-01T08:17:03Z</time>
      </trkpt>
      <trkpt lat="46.447568" lon="23.553103">
        <ele>670.842</ele>
        <time>2015-02-01T08:17:17Z</time>
      </trkpt>
      <trkpt lat="46.447546" lon="23.552988">
        <ele>672.214</ele>
        <time>2015-02-01T08:17:29Z</time>
      </trkpt>
      <trkpt lat="46.447595" lon="23.552871">
        <ele>673.593</ele>
        <time>2015-02-01T08:17:40Z</time>
      </trkpt>
      <trkpt lat="46.447663" lon="23.552803">
        <ele>674.985</ele>
        <time>2015-02-01T08:17:53Z</time>
      </trkpt>
      <trkpt lat="46.447725" lon="23.552720">
        <ele>676.389</ele>
        <time>2015-02-01T08:18:11Z</time>
      </trkpt>
      <trkpt lat="46.447758" lon="23.552611">
        <ele>677.617</ele>
        <time>2015-02-01T08:18:24Z</time>
      </trkpt>
      <trkpt lat="46.447775" lon="23.552495">
        <ele>680.208</ele>
        <time>2015-02-01T08:18:35Z</time>
      </trkpt>
      <trkpt lat="46.447856" lon="23.552429">
        <ele>681.499</ele>
        <time>2015-02-01T08:18:44Z</time>
      </trkpt>
      <trkpt lat="46.447933" lon="23.552388">
        <ele>682.545</ele>
        <time>2015-02-01T08:19:49Z</time>
      </trkpt>
      <trkpt lat="46.447905" lon="23.552275">
        <ele>683.718</ele>
        <time>2015-02-01T08:19:57Z</time>
      </trkpt>
      <trkpt lat="46.447863" lon="23.552165">
        <ele>688.227</ele>
        <time>2015-02-01T08:20:05Z</time>
      </trkpt>
      <trkpt lat="46.447865" lon="23.552040">
        <ele>692.622</ele>
        <time>2015-02-01T08:20:13Z</time>
      </trkpt>
      <trkpt lat="46.447886" lon="23.551911">
        <ele>697.163</ele>
        <time>2015-02-01T08:20:22Z</time>
      </trkpt>
      <trkpt lat="46.447901" lon="23.551785">
        <ele>701.595</ele>
        <time>2015-02-01T08:20:34Z</time>
      </trkpt>
      <trkpt lat="46.447953" lon="23.551680">
        <ele>707.464</ele>
        <time>2015-02-01T08:20:43Z</time>
      </trkpt>
      <trkpt lat="46.448030" lon="23.551591">
        <ele>713.258</ele>
        <time>2015-02-01T08:20:49Z</time>
      </trkpt>
      <trkpt lat="46.448105" lon="23.551503">
        <ele>719.052</ele>
        <time>2015-02-01T08:20:54Z</time>
      </trkpt>
      <trkpt lat="46.448166" lon="23.551403">
        <ele>723.617</ele>
        <time>2015-02-01T08:20:59Z</time>
      </trkpt>
      <trkpt lat="46.448220" lon="23.551300">
        <ele>728.308</ele>
        <time>2015-02-01T08:21:05Z</time>
      </trkpt>
      <trkpt lat="46.448280" lon="23.551206">
        <ele>732.956</ele>
        <time>2015-02-01T08:21:13Z</time>
      </trkpt>
      <trkpt lat="46.448330" lon="23.551098">
        <ele>737.522</ele>
        <time>2015-02-01T08:21:21Z</time>
      </trkpt>
      <trkpt lat="46.448375" lon="23.550991">
        <ele>738.995</ele>
        <time>2015-02-01T08:21:30Z</time>
      </trkpt>
      <trkpt lat="46.448426" lon="23.550900">
        <ele>741.764</ele>
        <time>2015-02-01T08:21:37Z</time>
      </trkpt>
      <trkpt lat="46.448470" lon="23.550790">
        <ele>744.579</ele>
        <time>2015-02-01T08:21:46Z</time>
      </trkpt>
      <trkpt lat="46.448436" lon="23.550680">
        <ele>747.480</ele>
        <time>2015-02-01T08:22:10Z</time>
      </trkpt>
      <trkpt lat="46.448376" lon="23.550588">
        <ele>748.842</ele>
        <time>2015-02-01T08:22:27Z</time>
      </trkpt>
      <trkpt lat="46.448395" lon="23.550468">
        <ele>750.391</ele>
        <time>2015-02-01T08:22:48Z</time>
      </trkpt>
      <trkpt lat="46.448470" lon="23.550418">
        <ele>751.741</ele>
        <time>2015-02-01T08:23:06Z</time>
      </trkpt>
      <trkpt lat="46.448428" lon="23.550316">
        <ele>753.281</ele>
        <time>2015-02-01T08:23:29Z</time>
      </trkpt>
      <trkpt lat="46.448364" lon="23.550231">
        <ele>754.609</ele>
        <time>2015-02-01T08:23:49Z</time>
      </trkpt>
      <trkpt lat="46.448341" lon="23.550114">
        <ele>758.108</ele>
        <time>2015-02-01T08:24:02Z</time>
      </trkpt>
      <trkpt lat="46.448335" lon="23.549995">
        <ele>761.535</ele>
        <time>2015-02-01T08:25:01Z</time>
      </trkpt>
      <trkpt lat="46.448310" lon="23.549874">
        <ele>765.081</ele>
        <time>2015-02-01T08:25:12Z</time>
      </trkpt>
      <trkpt lat="46.448253" lon="23.549789">
        <ele>767.044</ele>
        <time>2015-02-01T08:25:27Z</time>
      </trkpt>
      <trkpt lat="46.448231" lon="23.549668">
        <ele>769.093</ele>
        <time>2015-02-01T08:25:37Z</time>
      </trkpt>
      <trkpt lat="46.448226" lon="23.549550">
        <ele>771.058</ele>
        <time>2015-02-01T08:25:46Z</time>
      </trkpt>
      <trkpt lat="46.448231" lon="23.549426">
        <ele>773.059</ele>
        <time>2015-02-01T08:25:58Z</time>
      </trkpt>
      <trkpt lat="46.448173" lon="23.549345">
        <ele>775.011</ele>
        <time>2015-02-01T08:26:05Z</time>
      </trkpt>
      <trkpt lat="46.448125" lon="23.549244">
        <ele>778.550</ele>
        <time>2015-02-01T08:26:24Z</time>
      </trkpt>
      <trkpt lat="46.448158" lon="23.549131">
        <ele>781.988</ele>
        <time>2015-02-01T08:26:29Z</time>
      </trkpt>
      <trkpt lat="46.448085" lon="23.549071">
        <ele>785.424</ele>
        <time>2015-02-01T08:26:36Z</time>
      </trkpt>
      <trkpt lat="46.448096" lon="23.548953">
        <ele>786.826</ele>
        <time>2015-02-01T08:26:48Z</time>
      </trkpt>
      <trkpt lat="46.448076" lon="23.548838">
        <ele>788.308</ele>
        <time>2015-02-01T08:26:59Z</time>
      </trkpt>
      <trkpt lat="46.448035" lon="23.548728">
        <ele>787.499</ele>
        <time>2015-02-01T08:27:04Z</time>
      </trkpt>
      <trkpt lat="46.448004" lon="23.548603">
        <ele>786.535</ele>
        <time>2015-02-01T08:27:21Z</time>
      </trkpt>
      <trkpt lat="46.448023" lon="23.548488">
        <ele>785.538</ele>
        <time>2015-02-01T08:27:34Z</time>
      </trkpt>
      <trkpt lat="46.448006" lon="23.548360">
        <ele>785.987</ele>
        <time>2015-02-01T08:27:43Z</time>
      </trkpt>
      <trkpt lat="46.448001" lon="23.548235">
        <ele>786.382</ele>
        <time>2015-02-01T08:27:54Z</time>
      </trkpt>
      <trkpt lat="46.447926" lon="23.548186">
        <ele>786.613</ele>
        <time>2015-02-01T08:28:03Z</time>
      </trkpt>
      <trkpt lat="46.447911" lon="23.548070">
        <ele>785.565</ele>
        <time>2015-02-01T08:28:53Z</time>
      </trkpt>
      <trkpt lat="46.447763" lon="23.548031">
        <ele>784.534</ele>
        <time>2015-02-01T08:29:57Z</time>
      </trkpt>
      <trkpt lat="46.447656" lon="23.547946">
        <ele>783.476</ele>
        <time>2015-02-01T08:30:00Z</time>
      </trkpt>
      <trkpt lat="46.447565" lon="23.547884">
        <ele>782.390</ele>
        <time>2015-02-01T08:32:12Z</time>
      </trkpt>
      <trkpt lat="46.447606" lon="23.547783">
        <ele>781.219</ele>
        <time>2015-02-01T08:32:43Z</time>
      </trkpt>
      <trkpt lat="46.447493" lon="23.547704">
        <ele>782.508</ele>
        <time>2015-02-01T08:34:26Z</time>
      </trkpt>
      <trkpt lat="46.447433" lon="23.547618">
        <ele>785.368</ele>
        <time>2015-02-01T08:36:59Z</time>
      </trkpt>
      <trkpt lat="46.447475" lon="23.547516">
        <ele>788.194</ele>
        <time>2015-02-01T08:37:09Z</time>
      </trkpt>
      <trkpt lat="46.447501" lon="23.547394">
        <ele>789.657</ele>
        <time>2015-02-01T08:37:16Z</time>
      </trkpt>
      <trkpt lat="46.447536" lon="23.547281">
        <ele>791.296</ele>
        <time>2015-02-01T08:37:24Z</time>
      </trkpt>
      <trkpt lat="46.447580" lon="23.547169">
        <ele>792.781</ele>
        <time>2015-02-01T08:37:47Z</time>
      </trkpt>
      <trkpt lat="46.447570" lon="23.547026">
        <ele>794.312</ele>
        <time>2015-02-01T08:37:55Z</time>
      </trkpt>
      <trkpt lat="46.447581" lon="23.546905">
        <ele>797.394</ele>
        <time>2015-02-01T08:38:03Z</time>
      </trkpt>
      <trkpt lat="46.447551" lon="23.546790">
        <ele>800.313</ele>
        <time>2015-02-01T08:38:21Z</time>
      </trkpt>
      <trkpt lat="46.447501" lon="23.546680">
        <ele>803.327</ele>
        <time>2015-02-01T08:38:33Z</time>
      </trkpt>
      <trkpt lat="46.447508" lon="23.546548">
        <ele>806.368</ele>
        <time>2015-02-01T08:38:45Z</time>
      </trkpt>
      <trkpt lat="46.447515" lon="23.546418">
        <ele>809.314</ele>
        <time>2015-02-01T08:38:54Z</time>
      </trkpt>
      <trkpt lat="46.447486" lon="23.546298">
        <ele>810.708</ele>
        <time>2015-02-01T08:39:09Z</time>
      </trkpt>
      <trkpt lat="46.447418" lon="23.546224">
        <ele>812.253</ele>
        <time>2015-02-01T08:39:52Z</time>
      </trkpt>
      <trkpt lat="46.447450" lon="23.546115">
        <ele>813.619</ele>
        <time>2015-02-01T08:40:14Z</time>
      </trkpt>
      <trkpt lat="46.447450" lon="23.545985">
        <ele>815.862</ele>
        <time>2015-02-01T08:40:29Z</time>
      </trkpt>
      <trkpt lat="46.447430" lon="23.545865">
        <ele>818.051</ele>
        <time>2015-02-01T08:40:38Z</time>
      </trkpt>
      <trkpt lat="46.447385" lon="23.545765">
        <ele>820.276</ele>
        <time>2015-02-01T08:40:49Z</time>
      </trkpt>
      <trkpt lat="46.447336" lon="23.545659">
        <ele>820.917</ele>
        <time>2015-02-01T08:41:01Z</time>
      </trkpt>
      <trkpt lat="46.447326" lon="23.545543">
        <ele>821.689</ele>
        <time>2015-02-01T08:41:07Z</time>
      </trkpt>
      <trkpt lat="46.447331" lon="23.545413">
        <ele>822.448</ele>
        <time>2015-02-01T08:41:13Z</time>
      </trkpt>
      <trkpt lat="46.447365" lon="23.545298">
        <ele>823.155</ele>
        <time>2015-02-01T08:41:21Z</time>
      </trkpt>
      <trkpt lat="46.447363" lon="23.545168">
        <ele>823.807</ele>
        <time>2015-02-01T08:41:32Z</time>
      </trkpt>
      <trkpt lat="46.447396" lon="23.545058">
        <ele>824.817</ele>
        <time>2015-02-01T08:41:56Z</time>
      </trkpt>
      <trkpt lat="46.447426" lon="23.544948">
        <ele>825.808</ele>
        <time>2015-02-01T08:42:46Z</time>
      </trkpt>
      <trkpt lat="46.447450" lon="23.544831">
        <ele>826.826</ele>
        <time>2015-02-01T08:45:27Z</time>
      </trkpt>
      <trkpt lat="46.447518" lon="23.544758">
        <ele>827.112</ele>
        <time>2015-02-01T08:45:38Z</time>
      </trkpt>
      <trkpt lat="46.447595" lon="23.544698">
        <ele>827.465</ele>
        <time>2015-02-01T08:45:49Z</time>
      </trkpt>
      <trkpt lat="46.447653" lon="23.544601">
        <ele>827.694</ele>
        <time>2015-02-01T08:46:14Z</time>
      </trkpt>
      <trkpt lat="46.447676" lon="23.544483">
        <ele>827.939</ele>
        <time>2015-02-01T08:46:31Z</time>
      </trkpt>
      <trkpt lat="46.447734" lon="23.544390">
        <ele>832.580</ele>
        <time>2015-02-01T08:46:45Z</time>
      </trkpt>
      <trkpt lat="46.447778" lon="23.544275">
        <ele>837.272</ele>
        <time>2015-02-01T08:48:14Z</time>
      </trkpt>
      <trkpt lat="46.447851" lon="23.544213">
        <ele>840.481</ele>
        <time>2015-02-01T08:48:30Z</time>
      </trkpt>
      <trkpt lat="46.447901" lon="23.544118">
        <ele>843.588</ele>
        <time>2015-02-01T08:48:42Z</time>
      </trkpt>
      <trkpt lat="46.447961" lon="23.544026">
        <ele>846.524</ele>
        <time>2015-02-01T08:48:52Z</time>
      </trkpt>
      <trkpt lat="46.448045" lon="23.543986">
        <ele>849.426</ele>
        <time>2015-02-01T08:49:07Z</time>
      </trkpt>
      <trkpt lat="46.448101" lon="23.543893">
        <ele>852.308</ele>
        <time>2015-02-01T08:49:23Z</time>
      </trkpt>
      <trkpt lat="46.448163" lon="23.543803">
        <ele>855.289</ele>
        <time>2015-02-01T08:49:36Z</time>
      </trkpt>
      <trkpt lat="46.448233" lon="23.543731">
        <ele>858.175</ele>
        <time>2015-02-01T08:49:46Z</time>
      </trkpt>
      <trkpt lat="46.448295" lon="23.543650">
        <ele>861.058</ele>
        <time>2015-02-01T08:49:55Z</time>
      </trkpt>
      <trkpt lat="46.448378" lon="23.543601">
        <ele>863.947</ele>
        <time>2015-02-01T08:50:04Z</time>
      </trkpt>
      <trkpt lat="46.448448" lon="23.543523">
        <ele>865.322</ele>
        <time>2015-02-01T08:50:17Z</time>
      </trkpt>
      <trkpt lat="46.448518" lon="23.543458">
        <ele>866.673</ele>
        <time>2015-02-01T08:50:30Z</time>
      </trkpt>
      <trkpt lat="46.448601" lon="23.543453">
        <ele>869.575</ele>
        <time>2015-02-01T08:50:46Z</time>
      </trkpt>
      <trkpt lat="46.448675" lon="23.543398">
        <ele>872.384</ele>
        <time>2015-02-01T08:51:01Z</time>
      </trkpt>
      <trkpt lat="46.448751" lon="23.543333">
        <ele>875.158</ele>
        <time>2015-02-01T08:51:12Z</time>
      </trkpt>
      <trkpt lat="46.448830" lon="23.543293">
        <ele>877.952</ele>
        <time>2015-02-01T08:51:22Z</time>
      </trkpt>
      <trkpt lat="46.448911" lon="23.543283">
        <ele>880.717</ele>
        <time>2015-02-01T08:51:33Z</time>
      </trkpt>
      <trkpt lat="46.448993" lon="23.543276">
        <ele>883.508</ele>
        <time>2015-02-01T08:51:43Z</time>
      </trkpt>
      <trkpt lat="46.449095" lon="23.543271">
        <ele>885.326</ele>
        <time>2015-02-01T08:52:53Z</time>
      </trkpt>
      <trkpt lat="46.449185" lon="23.543270">
        <ele>887.012</ele>
        <time>2015-02-01T08:53:03Z</time>
      </trkpt>
      <trkpt lat="46.449266" lon="23.543241">
        <ele>891.685</ele>
        <time>2015-02-01T08:53:13Z</time>
      </trkpt>
      <trkpt lat="46.449356" lon="23.543168">
        <ele>893.584</ele>
        <time>2015-02-01T08:53:33Z</time>
      </trkpt>
      <trkpt lat="46.449430" lon="23.543088">
        <ele>895.319</ele>
        <time>2015-02-01T08:53:46Z</time>
      </trkpt>
      <trkpt lat="46.449494" lon="23.543016">
        <ele>897.170</ele>
        <time>2015-02-01T08:53:57Z</time>
      </trkpt>
      <trkpt lat="46.449576" lon="23.542925">
        <ele>898.992</ele>
        <time>2015-02-01T08:54:05Z</time>
      </trkpt>
      <trkpt lat="46.449643" lon="23.542846">
        <ele>900.741</ele>
        <time>2015-02-01T08:54:20Z</time>
      </trkpt>
      <trkpt lat="46.449721" lon="23.542808">
        <ele>902.521</ele>
        <time>2015-02-01T08:54:36Z</time>
      </trkpt>
      <trkpt lat="46.449790" lon="23.542630">
        <ele>904.441</ele>
        <time>2015-02-01T08:55:37Z</time>
      </trkpt>
      <trkpt lat="46.449875" lon="23.542593">
        <ele>906.205</ele>
        <time>2015-02-01T08:55:46Z</time>
      </trkpt>
      <trkpt lat="46.449944" lon="23.542518">
        <ele>909.108</ele>
        <time>2015-02-01T08:55:56Z</time>
      </trkpt>
      <trkpt lat="46.450016" lon="23.542451">
        <ele>912.093</ele>
        <time>2015-02-01T08:56:09Z</time>
      </trkpt>
      <trkpt lat="46.450093" lon="23.542403">
        <ele>915.059</ele>
        <time>2015-02-01T08:58:06Z</time>
      </trkpt>
      <trkpt lat="46.450176" lon="23.542378">
        <ele>918.062</ele>
        <time>2015-02-01T08:58:49Z</time>
      </trkpt>
      <trkpt lat="46.450258" lon="23.542335">
        <ele>921.081</ele>
        <time>2015-02-01T08:59:03Z</time>
      </trkpt>
      <trkpt lat="46.450340" lon="23.542336">
        <ele>924.026</ele>
        <time>2015-02-01T08:59:22Z</time>
      </trkpt>
      <trkpt lat="46.450423" lon="23.542318">
        <ele>927.087</ele>
        <time>2015-02-01T08:59:35Z</time>
      </trkpt>
      <trkpt lat="46.450501" lon="23.542286">
        <ele>930.099</ele>
        <time>2015-02-01T08:59:50Z</time>
      </trkpt>
      <trkpt lat="46.450595" lon="23.542250">
        <ele>933.058</ele>
        <time>2015-02-01T09:00:21Z</time>
      </trkpt>
      <trkpt lat="46.450670" lon="23.542205">
        <ele>936.075</ele>
        <time>2015-02-01T09:00:37Z</time>
      </trkpt>
      <trkpt lat="46.450760" lon="23.542143">
        <ele>939.028</ele>
        <time>2015-02-01T09:01:06Z</time>
      </trkpt>
      <trkpt lat="46.450871" lon="23.542186">
        <ele>945.020</ele>
        <time>2015-02-01T09:03:32Z</time>
      </trkpt>
      <trkpt lat="46.450958" lon="23.542186">
        <ele>951.008</ele>
        <time>2015-02-01T09:07:45Z</time>
      </trkpt>
      <trkpt lat="46.451040" lon="23.542180">
        <ele>954.078</ele>
        <time>2015-02-01T09:08:11Z</time>
      </trkpt>
      <trkpt lat="46.451123" lon="23.542153">
        <ele>957.054</ele>
        <time>2015-02-01T09:08:29Z</time>
      </trkpt>
      <trkpt lat="46.451203" lon="23.542098">
        <ele>960.097</ele>
        <time>2015-02-01T09:08:42Z</time>
      </trkpt>
      <trkpt lat="46.451290" lon="23.542081">
        <ele>963.016</ele>
        <time>2015-02-01T09:08:57Z</time>
      </trkpt>
      <trkpt lat="46.451376" lon="23.542036">
        <ele>966.051</ele>
        <time>2015-02-01T09:09:10Z</time>
      </trkpt>
      <trkpt lat="46.451460" lon="23.542033">
        <ele>969.022</ele>
        <time>2015-02-01T09:09:20Z</time>
      </trkpt>
      <trkpt lat="46.451548" lon="23.541994">
        <ele>972.024</ele>
        <time>2015-02-01T09:09:34Z</time>
      </trkpt>
      <trkpt lat="46.451631" lon="23.541999">
        <ele>975.073</ele>
        <time>2015-02-01T09:09:51Z</time>
      </trkpt>
      <trkpt lat="46.451713" lon="23.541993">
        <ele>980.594</ele>
        <time>2015-02-01T09:13:29Z</time>
      </trkpt>
      <trkpt lat="46.451785" lon="23.541935">
        <ele>983.157</ele>
        <time>2015-02-01T09:13:50Z</time>
      </trkpt>
      <trkpt lat="46.451871" lon="23.541930">
        <ele>985.622</ele>
        <time>2015-02-01T09:15:06Z</time>
      </trkpt>
      <trkpt lat="46.451943" lon="23.541858">
        <ele>988.208</ele>
        <time>2015-02-01T09:15:15Z</time>
      </trkpt>
      <trkpt lat="46.452023" lon="23.541821">
        <ele>990.780</ele>
        <time>2015-02-01T09:16:10Z</time>
      </trkpt>
      <trkpt lat="46.452106" lon="23.541819">
        <ele>993.396</ele>
        <time>2015-02-01T09:16:28Z</time>
      </trkpt>
      <trkpt lat="46.452181" lon="23.541765">
        <ele>997.269</ele>
        <time>2015-02-01T09:16:54Z</time>
      </trkpt>
      <trkpt lat="46.452251" lon="23.541703">
        <ele>1001.198</ele>
        <time>2015-02-01T09:17:34Z</time>
      </trkpt>
      <trkpt lat="46.452356" lon="23.541573">
        <ele>1005.073</ele>
        <time>2015-02-01T09:19:36Z</time>
      </trkpt>
      <trkpt lat="46.452441" lon="23.541453">
        <ele>1008.984</ele>
        <time>2015-02-01T09:21:08Z</time>
      </trkpt>
      <trkpt lat="46.452463" lon="23.541338">
        <ele>1012.816</ele>
        <time>2015-02-01T09:21:24Z</time>
      </trkpt>
      <trkpt lat="46.452520" lon="23.541253">
        <ele>1014.285</ele>
        <time>2015-02-01T09:21:35Z</time>
      </trkpt>
      <trkpt lat="46.452544" lon="23.541130">
        <ele>1015.569</ele>
        <time>2015-02-01T09:21:53Z</time>
      </trkpt>
      <trkpt lat="46.452576" lon="23.541005">
        <ele>1016.904</ele>
        <time>2015-02-01T09:22:03Z</time>
      </trkpt>
      <trkpt lat="46.452631" lon="23.540886">
        <ele>1019.724</ele>
        <time>2015-02-01T09:22:12Z</time>
      </trkpt>
      <trkpt lat="46.452671" lon="23.540775">
        <ele>1025.308</ele>
        <time>2015-02-01T09:22:18Z</time>
      </trkpt>
      <trkpt lat="46.452706" lon="23.540664">
        <ele>1030.887</ele>
        <time>2015-02-01T09:22:30Z</time>
      </trkpt>
      <trkpt lat="46.452765" lon="23.540578">
        <ele>1035.023</ele>
        <time>2015-02-01T09:22:48Z</time>
      </trkpt>
      <trkpt lat="46.452828" lon="23.540496">
        <ele>1039.226</ele>
        <time>2015-02-01T09:23:03Z</time>
      </trkpt>
      <trkpt lat="46.452908" lon="23.540388">
        <ele>1043.455</ele>
        <time>2015-02-01T09:23:42Z</time>
      </trkpt>
      <trkpt lat="46.452988" lon="23.540293">
        <ele>1047.550</ele>
        <time>2015-02-01T09:24:13Z</time>
      </trkpt>
      <trkpt lat="46.453018" lon="23.540181">
        <ele>1051.751</ele>
        <time>2015-02-01T09:24:28Z</time>
      </trkpt>
      <trkpt lat="46.453023" lon="23.540063">
        <ele>1055.993</ele>
        <time>2015-02-01T09:24:41Z</time>
      </trkpt>
      <trkpt lat="46.453110" lon="23.540030">
        <ele>1063.062</ele>
        <time>2015-02-01T09:25:29Z</time>
      </trkpt>
      <trkpt lat="46.453191" lon="23.539873">
        <ele>1070.183</ele>
        <time>2015-02-01T09:26:09Z</time>
      </trkpt>
      <trkpt lat="46.453228" lon="23.539765">
        <ele>1075.725</ele>
        <time>2015-02-01T09:27:40Z</time>
      </trkpt>
      <trkpt lat="46.453356" lon="23.539718">
        <ele>1078.617</ele>
        <time>2015-02-01T09:28:36Z</time>
      </trkpt>
      <trkpt lat="46.453444" lon="23.539676">
        <ele>1081.508</ele>
        <time>2015-02-01T09:28:58Z</time>
      </trkpt>
      <trkpt lat="46.453425" lon="23.539561">
        <ele>1084.529</ele>
        <time>2015-02-01T09:29:22Z</time>
      </trkpt>
      <trkpt lat="46.453381" lon="23.539458">
        <ele>1087.415</ele>
        <time>2015-02-01T09:29:52Z</time>
      </trkpt>
      <trkpt lat="46.453381" lon="23.539293">
        <ele>1092.458</ele>
        <time>2015-02-01T09:31:32Z</time>
      </trkpt>
      <trkpt lat="46.453465" lon="23.539145">
        <ele>1097.467</ele>
        <time>2015-02-01T09:31:55Z</time>
      </trkpt>
      <trkpt lat="46.453470" lon="23.539023">
        <ele>1100.362</ele>
        <time>2015-02-01T09:33:42Z</time>
      </trkpt>
      <trkpt lat="46.453516" lon="23.538901">
        <ele>1103.243</ele>
        <time>2015-02-01T09:35:14Z</time>
      </trkpt>
      <trkpt lat="46.453591" lon="23.538841">
        <ele>1105.315</ele>
        <time>2015-02-01T09:35:40Z</time>
      </trkpt>
      <trkpt lat="46.453681" lon="23.538788">
        <ele>1107.424</ele>
        <time>2015-02-01T09:36:22Z</time>
      </trkpt>
      <trkpt lat="46.453600" lon="23.538791">
        <ele>1109.597</ele>
        <time>2015-02-01T09:37:19Z</time>
      </trkpt>
      <trkpt lat="46.453556" lon="23.538891">
        <ele>1111.523</ele>
        <time>2015-02-01T09:37:38Z</time>
      </trkpt>
      <trkpt lat="46.453458" lon="23.538828">
        <ele>1113.625</ele>
        <time>2015-02-01T09:38:14Z</time>
      </trkpt>
      <trkpt lat="46.453433" lon="23.538685">
        <ele>1115.708</ele>
        <time>2015-02-01T09:38:55Z</time>
      </trkpt>
      <trkpt lat="46.453428" lon="23.538553">
        <ele>1120.540</ele>
        <time>2015-02-01T09:39:10Z</time>
      </trkpt>
      <trkpt lat="46.453515" lon="23.538475">
        <ele>1123.376</ele>
        <time>2015-02-01T09:40:39Z</time>
      </trkpt>
      <trkpt lat="46.453631" lon="23.538370">
        <ele>1126.089</ele>
        <time>2015-02-01T09:42:42Z</time>
      </trkpt>
      <trkpt lat="46.453731" lon="23.538358">
        <ele>1130.888</ele>
        <time>2015-02-01T09:43:14Z</time>
      </trkpt>
      <trkpt lat="46.453771" lon="23.538241">
        <ele>1135.693</ele>
        <time>2015-02-01T09:44:38Z</time>
      </trkpt>
      <trkpt lat="46.453808" lon="23.538133">
        <ele>1140.544</ele>
        <time>2015-02-01T09:44:52Z</time>
      </trkpt>
      <trkpt lat="46.453881" lon="23.538070">
        <ele>1145.536</ele>
        <time>2015-02-01T09:45:25Z</time>
      </trkpt>
      <trkpt lat="46.453968" lon="23.538070">
        <ele>1150.435</ele>
        <time>2015-02-01T09:45:44Z</time>
      </trkpt>
      <trkpt lat="46.454048" lon="23.538048">
        <ele>1155.358</ele>
        <time>2015-02-01T09:46:17Z</time>
      </trkpt>
      <trkpt lat="46.454138" lon="23.538048">
        <ele>1160.252</ele>
        <time>2015-02-01T09:46:51Z</time>
      </trkpt>
      <trkpt lat="46.454205" lon="23.537973">
        <ele>1165.117</ele>
        <time>2015-02-01T09:47:19Z</time>
      </trkpt>
      <trkpt lat="46.454238" lon="23.537858">
        <ele>1167.308</ele>
        <time>2015-02-01T09:47:51Z</time>
      </trkpt>
      <trkpt lat="46.454300" lon="23.537776">
        <ele>1169.576</ele>
        <time>2015-02-01T09:48:35Z</time>
      </trkpt>
      <trkpt lat="46.454373" lon="23.537686">
        <ele>1171.222</ele>
        <time>2015-02-01T09:49:55Z</time>
      </trkpt>
      <trkpt lat="46.454375" lon="23.537563">
        <ele>1172.965</ele>
        <time>2015-02-01T09:50:17Z</time>
      </trkpt>
      <trkpt lat="46.454351" lon="23.537446">
        <ele>1174.694</ele>
        <time>2015-02-01T09:50:31Z</time>
      </trkpt>
      <trkpt lat="46.454343" lon="23.537323">
        <ele>1174.619</ele>
        <time>2015-02-01T09:50:48Z</time>
      </trkpt>
      <trkpt lat="46.454361" lon="23.537206">
        <ele>1174.280</ele>
        <time>2015-02-01T09:51:03Z</time>
      </trkpt>
      <trkpt lat="46.454375" lon="23.537086">
        <ele>1173.732</ele>
        <time>2015-02-01T09:55:17Z</time>
      </trkpt>
      <trkpt lat="46.454451" lon="23.537021">
        <ele>1173.321</ele>
        <time>2015-02-01T10:00:39Z</time>
      </trkpt>
      <trkpt lat="46.454383" lon="23.537086">
        <ele>1172.834</ele>
        <time>2015-02-01T10:01:21Z</time>
      </trkpt>
      <trkpt lat="46.454340" lon="23.537190">
        <ele>1172.455</ele>
        <time>2015-02-01T10:04:52Z</time>
      </trkpt>
      <trkpt lat="46.454326" lon="23.537073">
        <ele>1171.910</ele>
        <time>2015-02-01T10:09:22Z</time>
      </trkpt>
      <trkpt lat="46.454245" lon="23.537038">
        <ele>1171.508</ele>
        <time>2015-02-01T10:09:38Z</time>
      </trkpt>
      <trkpt lat="46.454161" lon="23.537033">
        <ele>1171.554</ele>
        <time>2015-02-01T10:09:55Z</time>
      </trkpt>
      <trkpt lat="46.454074" lon="23.537013">
        <ele>1171.580</ele>
        <time>2015-02-01T10:10:13Z</time>
      </trkpt>
      <trkpt lat="46.453993" lon="23.536969">
        <ele>1171.523</ele>
        <time>2015-02-01T10:10:35Z</time>
      </trkpt>
      <trkpt lat="46.453963" lon="23.536856">
        <ele>1170.222</ele>
        <time>2015-02-01T10:10:59Z</time>
      </trkpt>
      <trkpt lat="46.453913" lon="23.536756">
        <ele>1169.417</ele>
        <time>2015-02-01T10:11:23Z</time>
      </trkpt>
      <trkpt lat="46.453866" lon="23.536656">
        <ele>1169.668</ele>
        <time>2015-02-01T10:11:38Z</time>
      </trkpt>
      <trkpt lat="46.453861" lon="23.536536">
        <ele>1169.960</ele>
        <time>2015-02-01T10:11:59Z</time>
      </trkpt>
      <trkpt lat="46.453815" lon="23.536406">
        <ele>1170.249</ele>
        <time>2015-02-01T10:12:30Z</time>
      </trkpt>
      <trkpt lat="46.453731" lon="23.536385">
        <ele>1170.559</ele>
        <time>2015-02-01T10:12:49Z</time>
      </trkpt>
      <trkpt lat="46.453650" lon="23.536346">
        <ele>1170.703</ele>
        <time>2015-02-01T10:13:26Z</time>
      </trkpt>
      <trkpt lat="46.453566" lon="23.536273">
        <ele>1171.023</ele>
        <time>2015-02-01T10:13:46Z</time>
      </trkpt>
      <trkpt lat="46.453526" lon="23.536140">
        <ele>1171.308</ele>
        <time>2015-02-01T10:13:55Z</time>
      </trkpt>
      <trkpt lat="46.453476" lon="23.536038">
        <ele>1171.546</ele>
        <time>2015-02-01T10:14:07Z</time>
      </trkpt>
      <trkpt lat="46.453418" lon="23.535950">
        <ele>1171.592</ele>
        <time>2015-02-01T10:14:18Z</time>
      </trkpt>
      <trkpt lat="46.453354" lon="23.535861">
        <ele>1172.245</ele>
        <time>2015-02-01T10:14:30Z</time>
      </trkpt>
      <trkpt lat="46.453290" lon="23.535783">
        <ele>1173.624</ele>
        <time>2015-02-01T10:14:40Z</time>
      </trkpt>
      <trkpt lat="46.453238" lon="23.535690">
        <ele>1174.099</ele>
        <time>2015-02-01T10:14:50Z</time>
      </trkpt>
      <trkpt lat="46.453156" lon="23.535643">
        <ele>1174.480</ele>
        <time>2015-02-01T10:15:01Z</time>
      </trkpt>
      <trkpt lat="46.453084" lon="23.535516">
        <ele>1174.792</ele>
        <time>2015-02-01T10:15:22Z</time>
      </trkpt>
      <trkpt lat="46.453016" lon="23.535351">
        <ele>1175.171</ele>
        <time>2015-02-01T10:15:52Z</time>
      </trkpt>
      <trkpt lat="46.452946" lon="23.535285">
        <ele>1175.556</ele>
        <time>2015-02-01T10:16:47Z</time>
      </trkpt>
      <trkpt lat="46.452876" lon="23.535219">
        <ele>1177.459</ele>
        <time>2015-02-01T10:17:00Z</time>
      </trkpt>
      <trkpt lat="46.452840" lon="23.535104">
        <ele>1179.314</ele>
        <time>2015-02-01T10:17:11Z</time>
      </trkpt>
      <trkpt lat="46.452776" lon="23.534976">
        <ele>1181.208</ele>
        <time>2015-02-01T10:17:45Z</time>
      </trkpt>
      <trkpt lat="46.452768" lon="23.534855">
        <ele>1183.546</ele>
        <time>2015-02-01T10:18:01Z</time>
      </trkpt>
      <trkpt lat="46.452726" lon="23.534746">
        <ele>1185.722</ele>
        <time>2015-02-01T10:19:34Z</time>
      </trkpt>
      <trkpt lat="46.452661" lon="23.534675">
        <ele>1187.345</ele>
        <time>2015-02-01T10:19:46Z</time>
      </trkpt>
      <trkpt lat="46.452621" lon="23.534568">
        <ele>1188.844</ele>
        <time>2015-02-01T10:20:12Z</time>
      </trkpt>
      <trkpt lat="46.452533" lon="23.534458">
        <ele>1190.439</ele>
        <time>2015-02-01T10:20:51Z</time>
      </trkpt>
      <trkpt lat="46.452499" lon="23.534346">
        <ele>1191.540</ele>
        <time>2015-02-01T10:21:05Z</time>
      </trkpt>
      <trkpt lat="46.452483" lon="23.534230">
        <ele>1192.582</ele>
        <time>2015-02-01T10:21:14Z</time>
      </trkpt>
      <trkpt lat="46.452463" lon="23.534114">
        <ele>1193.671</ele>
        <time>2015-02-01T10:21:30Z</time>
      </trkpt>
      <trkpt lat="46.452475" lon="23.533994">
        <ele>1193.294</ele>
        <time>2015-02-01T10:22:34Z</time>
      </trkpt>
      <trkpt lat="46.452405" lon="23.533926">
        <ele>1194.157</ele>
        <time>2015-02-01T10:22:54Z</time>
      </trkpt>
      <trkpt lat="46.452358" lon="23.533826">
        <ele>1195.022</ele>
        <time>2015-02-01T10:23:06Z</time>
      </trkpt>
      <trkpt lat="46.452295" lon="23.533751">
        <ele>1195.908</ele>
        <time>2015-02-01T10:23:16Z</time>
      </trkpt>
      <trkpt lat="46.452229" lon="23.533678">
        <ele>1196.830</ele>
        <time>2015-02-01T10:23:26Z</time>
      </trkpt>
      <trkpt lat="46.452161" lon="23.533603">
        <ele>1197.746</ele>
        <time>2015-02-01T10:23:41Z</time>
      </trkpt>
      <trkpt lat="46.452078" lon="23.533591">
        <ele>1198.639</ele>
        <time>2015-02-01T10:24:04Z</time>
      </trkpt>
      <trkpt lat="46.452010" lon="23.533528">
        <ele>1199.568</ele>
        <time>2015-02-01T10:24:22Z</time>
      </trkpt>
      <trkpt lat="46.451935" lon="23.533461">
        <ele>1200.913</ele>
        <time>2015-02-01T10:24:45Z</time>
      </trkpt>
      <trkpt lat="46.451856" lon="23.533401">
        <ele>1202.374</ele>
        <time>2015-02-01T10:25:17Z</time>
      </trkpt>
      <trkpt lat="46.451771" lon="23.533375">
        <ele>1203.636</ele>
        <time>2015-02-01T10:25:30Z</time>
      </trkpt>
      <trkpt lat="46.451695" lon="23.533315">
        <ele>1205.035</ele>
        <time>2015-02-01T10:25:42Z</time>
      </trkpt>
      <trkpt lat="46.451616" lon="23.533266">
        <ele>1203.542</ele>
        <time>2015-02-01T10:25:54Z</time>
      </trkpt>
      <trkpt lat="46.451555" lon="23.533185">
        <ele>1202.122</ele>
        <time>2015-02-01T10:28:47Z</time>
      </trkpt>
      <trkpt lat="46.451481" lon="23.533126">
        <ele>1203.014</ele>
        <time>2015-02-01T10:29:22Z</time>
      </trkpt>
      <trkpt lat="46.451410" lon="23.533065">
        <ele>1203.908</ele>
        <time>2015-02-01T10:29:45Z</time>
      </trkpt>
      <trkpt lat="46.451326" lon="23.533080">
        <ele>1204.815</ele>
        <time>2015-02-01T10:29:58Z</time>
      </trkpt>
      <trkpt lat="46.451249" lon="23.533039">
        <ele>1205.721</ele>
        <time>2015-02-01T10:30:11Z</time>
      </trkpt>
      <trkpt lat="46.451186" lon="23.532953">
        <ele>1206.644</ele>
        <time>2015-02-01T10:30:24Z</time>
      </trkpt>
      <trkpt lat="46.451155" lon="23.532845">
        <ele>1207.593</ele>
        <time>2015-02-01T10:30:40Z</time>
      </trkpt>
      <trkpt lat="46.451075" lon="23.532806">
        <ele>1208.518</ele>
        <time>2015-02-01T10:31:01Z</time>
      </trkpt>
      <trkpt lat="46.450998" lon="23.532726">
        <ele>1209.419</ele>
        <time>2015-02-01T10:31:13Z</time>
      </trkpt>
      <trkpt lat="46.450945" lon="23.532636">
        <ele>1210.321</ele>
        <time>2015-02-01T10:31:23Z</time>
      </trkpt>
      <trkpt lat="46.450893" lon="23.532538">
        <ele>1211.780</ele>
        <time>2015-02-01T10:31:34Z</time>
      </trkpt>
      <trkpt lat="46.450818" lon="23.532453">
        <ele>1213.228</ele>
        <time>2015-02-01T10:31:51Z</time>
      </trkpt>
      <trkpt lat="46.450763" lon="23.532325">
        <ele>1212.389</ele>
        <time>2015-02-01T10:32:15Z</time>
      </trkpt>
      <trkpt lat="46.450763" lon="23.532206">
        <ele>1211.417</ele>
        <time>2015-02-01T10:32:30Z</time>
      </trkpt>
      <trkpt lat="46.450725" lon="23.532096">
        <ele>1210.908</ele>
        <time>2015-02-01T10:32:44Z</time>
      </trkpt>
      <trkpt lat="46.450725" lon="23.531973">
        <ele>1210.543</ele>
        <time>2015-02-01T10:33:04Z</time>
      </trkpt>
      <trkpt lat="46.450660" lon="23.531900">
        <ele>1210.089</ele>
        <time>2015-02-01T10:33:19Z</time>
      </trkpt>
      <trkpt lat="46.450576" lon="23.531908">
        <ele>1209.572</ele>
        <time>2015-02-01T10:33:48Z</time>
      </trkpt>
      <trkpt lat="46.450501" lon="23.531780">
        <ele>1209.121</ele>
        <time>2015-02-01T10:34:18Z</time>
      </trkpt>
      <trkpt lat="46.450391" lon="23.531663">
        <ele>1208.666</ele>
        <time>2015-02-01T10:35:15Z</time>
      </trkpt>
      <trkpt lat="46.450304" lon="23.531646">
        <ele>1208.297</ele>
        <time>2015-02-01T10:36:11Z</time>
      </trkpt>
      <trkpt lat="46.450230" lon="23.531598">
        <ele>1208.399</ele>
        <time>2015-02-01T10:36:36Z</time>
      </trkpt>
      <trkpt lat="46.450163" lon="23.531531">
        <ele>1208.418</ele>
        <time>2015-02-01T10:36:46Z</time>
      </trkpt>
      <trkpt lat="46.450090" lon="23.531436">
        <ele>1208.562</ele>
        <time>2015-02-01T10:43:06Z</time>
      </trkpt>
      <trkpt lat="46.450010" lon="23.531415">
        <ele>1208.583</ele>
        <time>2015-02-01T10:43:28Z</time>
      </trkpt>
      <trkpt lat="46.449916" lon="23.531318">
        <ele>1208.411</ele>
        <time>2015-02-01T10:44:13Z</time>
      </trkpt>
      <trkpt lat="46.449848" lon="23.531240">
        <ele>1208.208</ele>
        <time>2015-02-01T10:44:26Z</time>
      </trkpt>
      <trkpt lat="46.449783" lon="23.531161">
        <ele>1208.017</ele>
        <time>2015-02-01T10:44:44Z</time>
      </trkpt>
      <trkpt lat="46.449721" lon="23.531083">
        <ele>1207.893</ele>
        <time>2015-02-01T10:44:54Z</time>
      </trkpt>
      <trkpt lat="46.449659" lon="23.531006">
        <ele>1207.626</ele>
        <time>2015-02-01T10:45:05Z</time>
      </trkpt>
      <trkpt lat="46.449590" lon="23.530935">
        <ele>1207.555</ele>
        <time>2015-02-01T10:45:14Z</time>
      </trkpt>
      <trkpt lat="46.449505" lon="23.530898">
        <ele>1207.370</ele>
        <time>2015-02-01T10:45:24Z</time>
      </trkpt>
      <trkpt lat="46.449426" lon="23.530858">
        <ele>1208.011</ele>
        <time>2015-02-01T10:45:33Z</time>
      </trkpt>
      <trkpt lat="46.449359" lon="23.530786">
        <ele>1208.783</ele>
        <time>2015-02-01T10:45:41Z</time>
      </trkpt>
      <trkpt lat="46.449283" lon="23.530730">
        <ele>1209.512</ele>
        <time>2015-02-01T10:45:51Z</time>
      </trkpt>
      <trkpt lat="46.449208" lon="23.530656">
        <ele>1210.224</ele>
        <time>2015-02-01T10:46:01Z</time>
      </trkpt>
      <trkpt lat="46.449156" lon="23.530558">
        <ele>1210.704</ele>
        <time>2015-02-01T10:46:10Z</time>
      </trkpt>
      <trkpt lat="46.449123" lon="23.530416">
        <ele>1211.314</ele>
        <time>2015-02-01T10:46:41Z</time>
      </trkpt>
      <trkpt lat="46.449053" lon="23.530340">
        <ele>1210.108</ele>
        <time>2015-02-01T10:46:50Z</time>
      </trkpt>
      <trkpt lat="46.448988" lon="23.530253">
        <ele>1208.973</ele>
        <time>2015-02-01T10:46:58Z</time>
      </trkpt>
      <trkpt lat="46.448931" lon="23.530158">
        <ele>1207.769</ele>
        <time>2015-02-01T10:47:09Z</time>
      </trkpt>
      <trkpt lat="46.448896" lon="23.530046">
        <ele>1208.352</ele>
        <time>2015-02-01T10:47:24Z</time>
      </trkpt>
      <trkpt lat="46.448845" lon="23.529953">
        <ele>1208.821</ele>
        <time>2015-02-01T10:47:33Z</time>
      </trkpt>
      <trkpt lat="46.448783" lon="23.529868">
        <ele>1208.816</ele>
        <time>2015-02-01T10:47:41Z</time>
      </trkpt>
      <trkpt lat="46.448744" lon="23.529755">
        <ele>1208.877</ele>
        <time>2015-02-01T10:47:54Z</time>
      </trkpt>
      <trkpt lat="46.448710" lon="23.529648">
        <ele>1208.829</ele>
        <time>2015-02-01T10:48:08Z</time>
      </trkpt>
      <trkpt lat="46.448650" lon="23.529560">
        <ele>1208.868</ele>
        <time>2015-02-01T10:48:19Z</time>
      </trkpt>
      <trkpt lat="46.448586" lon="23.529449">
        <ele>1208.817</ele>
        <time>2015-02-01T10:48:53Z</time>
      </trkpt>
      <trkpt lat="46.448491" lon="23.529411">
        <ele>1208.887</ele>
        <time>2015-02-01T10:49:21Z</time>
      </trkpt>
      <trkpt lat="46.448425" lon="23.529483">
        <ele>1208.815</ele>
        <time>2015-02-01T10:49:27Z</time>
      </trkpt>
      <trkpt lat="46.448338" lon="23.529505">
        <ele>1204.108</ele>
        <time>2015-02-01T10:49:35Z</time>
      </trkpt>
      <trkpt lat="46.448258" lon="23.529531">
        <ele>1199.462</ele>
        <time>2015-02-01T10:50:14Z</time>
      </trkpt>
      <trkpt lat="46.448191" lon="23.529608">
        <ele>1192.938</ele>
        <time>2015-02-01T10:50:26Z</time>
      </trkpt>
      <trkpt lat="46.448096" lon="23.529628">
        <ele>1186.581</ele>
        <time>2015-02-01T10:51:48Z</time>
      </trkpt>
      <trkpt lat="46.448025" lon="23.529748">
        <ele>1180.040</ele>
        <time>2015-02-01T10:52:44Z</time>
      </trkpt>
      <trkpt lat="46.447959" lon="23.529825">
        <ele>1173.585</ele>
        <time>2015-02-01T10:53:18Z</time>
      </trkpt>
      <trkpt lat="46.447895" lon="23.529895">
        <ele>1167.166</ele>
        <time>2015-02-01T10:53:44Z</time>
      </trkpt>
      <trkpt lat="46.447815" lon="23.529913">
        <ele>1160.698</ele>
        <time>2015-02-01T10:54:09Z</time>
      </trkpt>
      <trkpt lat="46.447738" lon="23.529951">
        <ele>1154.297</ele>
        <time>2015-02-01T10:54:18Z</time>
      </trkpt>
      <trkpt lat="46.447686" lon="23.530048">
        <ele>1147.748</ele>
        <time>2015-02-01T10:56:00Z</time>
      </trkpt>
      <trkpt lat="46.447703" lon="23.530166">
        <ele>1141.661</ele>
        <time>2015-02-01T10:56:11Z</time>
      </trkpt>
      <trkpt lat="46.447689" lon="23.530283">
        <ele>1140.317</ele>
        <time>2015-02-01T10:57:12Z</time>
      </trkpt>
      <trkpt lat="46.447601" lon="23.530305">
        <ele>1138.908</ele>
        <time>2015-02-01T10:57:34Z</time>
      </trkpt>
      <trkpt lat="46.447515" lon="23.530316">
        <ele>1137.525</ele>
        <time>2015-02-01T10:58:12Z</time>
      </trkpt>
      <trkpt lat="46.447455" lon="23.530401">
        <ele>1136.221</ele>
        <time>2015-02-01T10:58:37Z</time>
      </trkpt>
      <trkpt lat="46.447425" lon="23.530541">
        <ele>1130.634</ele>
        <time>2015-02-01T10:59:13Z</time>
      </trkpt>
      <trkpt lat="46.447328" lon="23.530588">
        <ele>1125.113</ele>
        <time>2015-02-01T11:00:01Z</time>
      </trkpt>
      <trkpt lat="46.447255" lon="23.530535">
        <ele>1119.598</ele>
        <time>2015-02-01T11:00:17Z</time>
      </trkpt>
      <trkpt lat="46.447176" lon="23.530565">
        <ele>1114.059</ele>
        <time>2015-02-01T11:00:53Z</time>
      </trkpt>
      <trkpt lat="46.447103" lon="23.530631">
        <ele>1108.561</ele>
        <time>2015-02-01T11:01:19Z</time>
      </trkpt>
      <trkpt lat="46.447056" lon="23.530733">
        <ele>1102.870</ele>
        <time>2015-02-01T11:01:29Z</time>
      </trkpt>
      <trkpt lat="46.447028" lon="23.530850">
        <ele>1098.593</ele>
        <time>2015-02-01T11:01:39Z</time>
      </trkpt>
      <trkpt lat="46.446956" lon="23.530959">
        <ele>1094.365</ele>
        <time>2015-02-01T11:01:46Z</time>
      </trkpt>
      <trkpt lat="46.446956" lon="23.531083">
        <ele>1090.021</ele>
        <time>2015-02-01T11:01:53Z</time>
      </trkpt>
      <trkpt lat="46.446916" lon="23.531186">
        <ele>1085.708</ele>
        <time>2015-02-01T11:02:46Z</time>
      </trkpt>
      <trkpt lat="46.446866" lon="23.531281">
        <ele>1081.570</ele>
        <time>2015-02-01T11:02:59Z</time>
      </trkpt>
      <trkpt lat="46.446828" lon="23.531388">
        <ele>1081.446</ele>
        <time>2015-02-01T11:03:35Z</time>
      </trkpt>
      <trkpt lat="46.446800" lon="23.531499">
        <ele>1081.349</ele>
        <time>2015-02-01T11:03:45Z</time>
      </trkpt>
      <trkpt lat="46.446746" lon="23.531591">
        <ele>1081.258</ele>
        <time>2015-02-01T11:03:54Z</time>
      </trkpt>
      <trkpt lat="46.446673" lon="23.531664">
        <ele>1081.133</ele>
        <time>2015-02-01T11:04:06Z</time>
      </trkpt>
      <trkpt lat="46.446630" lon="23.531555">
        <ele>1076.124</ele>
        <time>2015-02-01T11:04:15Z</time>
      </trkpt>
      <trkpt lat="46.446585" lon="23.531448">
        <ele>1071.286</ele>
        <time>2015-02-01T11:04:26Z</time>
      </trkpt>
      <trkpt lat="46.446511" lon="23.531531">
        <ele>1066.335</ele>
        <time>2015-02-01T11:05:03Z</time>
      </trkpt>
      <trkpt lat="46.446420" lon="23.531536">
        <ele>1061.481</ele>
        <time>2015-02-01T11:05:35Z</time>
      </trkpt>
      <trkpt lat="46.446338" lon="23.531510">
        <ele>1057.161</ele>
        <time>2015-02-01T11:05:47Z</time>
      </trkpt>
      <trkpt lat="46.446253" lon="23.531535">
        <ele>1052.217</ele>
        <time>2015-02-01T11:05:59Z</time>
      </trkpt>
      <trkpt lat="46.446173" lon="23.531553">
        <ele>1047.308</ele>
        <time>2015-02-01T11:06:12Z</time>
      </trkpt>
      <trkpt lat="46.446118" lon="23.531458">
        <ele>1042.449</ele>
        <time>2015-02-01T11:06:22Z</time>
      </trkpt>
      <trkpt lat="46.446125" lon="23.531328">
        <ele>1037.575</ele>
        <time>2015-02-01T11:06:34Z</time>
      </trkpt>
      <trkpt lat="46.446061" lon="23.531231">
        <ele>1032.548</ele>
        <time>2015-02-01T11:06:53Z</time>
      </trkpt>
      <trkpt lat="46.445995" lon="23.531313">
        <ele>1027.677</ele>
        <time>2015-02-01T11:07:09Z</time>
      </trkpt>
      <trkpt lat="46.445926" lon="23.531405">
        <ele>1027.662</ele>
        <time>2015-02-01T11:07:27Z</time>
      </trkpt>
      <trkpt lat="46.445885" lon="23.531521">
        <ele>1027.683</ele>
        <time>2015-02-01T11:07:39Z</time>
      </trkpt>
      <trkpt lat="46.445821" lon="23.531695">
        <ele>1027.655</ele>
        <time>2015-02-01T11:08:10Z</time>
      </trkpt>
      <trkpt lat="46.445876" lon="23.531785">
        <ele>1027.694</ele>
        <time>2015-02-01T11:09:37Z</time>
      </trkpt>
      <trkpt lat="46.445958" lon="23.531678">
        <ele>1027.097</ele>
        <time>2015-02-01T11:09:54Z</time>
      </trkpt>
      <trkpt lat="46.446009" lon="23.531566">
        <ele>1027.023</ele>
        <time>2015-02-01T11:10:16Z</time>
      </trkpt>
      <trkpt lat="46.446078" lon="23.531651">
        <ele>1027.025</ele>
        <time>2015-02-01T11:11:05Z</time>
      </trkpt>
      <trkpt lat="46.446009" lon="23.531730">
        <ele>1026.308</ele>
        <time>2015-02-01T11:11:20Z</time>
      </trkpt>
      <trkpt lat="46.445925" lon="23.531735">
        <ele>1025.540</ele>
        <time>2015-02-01T11:11:28Z</time>
      </trkpt>
      <trkpt lat="46.445868" lon="23.531826">
        <ele>1024.826</ele>
        <time>2015-02-01T11:11:40Z</time>
      </trkpt>
      <trkpt lat="46.445836" lon="23.531955">
        <ele>1024.169</ele>
        <time>2015-02-01T11:11:56Z</time>
      </trkpt>
      <trkpt lat="46.445788" lon="23.532063">
        <ele>1023.478</ele>
        <time>2015-02-01T11:12:06Z</time>
      </trkpt>
      <trkpt lat="46.445784" lon="23.532191">
        <ele>1022.633</ele>
        <time>2015-02-01T11:12:18Z</time>
      </trkpt>
      <trkpt lat="46.445768" lon="23.532316">
        <ele>1021.954</ele>
        <time>2015-02-01T11:12:30Z</time>
      </trkpt>
      <trkpt lat="46.445808" lon="23.532438">
        <ele>1021.296</ele>
        <time>2015-02-01T11:12:35Z</time>
      </trkpt>
      <trkpt lat="46.445816" lon="23.532568">
        <ele>1016.235</ele>
        <time>2015-02-01T11:12:43Z</time>
      </trkpt>
      <trkpt lat="46.445760" lon="23.532660">
        <ele>1011.252</ele>
        <time>2015-02-01T11:12:58Z</time>
      </trkpt>
      <trkpt lat="46.445700" lon="23.532741">
        <ele>1006.253</ele>
        <time>2015-02-01T11:13:10Z</time>
      </trkpt>
      <trkpt lat="46.445595" lon="23.532750">
        <ele>1001.908</ele>
        <time>2015-02-01T11:13:25Z</time>
      </trkpt>
      <trkpt lat="46.445513" lon="23.532775">
        <ele>997.608</ele>
        <time>2015-02-01T11:13:38Z</time>
      </trkpt>
      <trkpt lat="46.445430" lon="23.532808">
        <ele>993.426</ele>
        <time>2015-02-01T11:13:50Z</time>
      </trkpt>
      <trkpt lat="46.445344" lon="23.532933">
        <ele>989.152</ele>
        <time>2015-02-01T11:14:18Z</time>
      </trkpt>
      <trkpt lat="46.445260" lon="23.532955">
        <ele>984.875</ele>
        <time>2015-02-01T11:14:32Z</time>
      </trkpt>
      <trkpt lat="46.445223" lon="23.533060">
        <ele>980.514</ele>
        <time>2015-02-01T11:14:39Z</time>
      </trkpt>
      <trkpt lat="46.445225" lon="23.533186">
        <ele>976.349</ele>
        <time>2015-02-01T11:14:45Z</time>
      </trkpt>
      <trkpt lat="46.445211" lon="23.533311">
        <ele>972.030</ele>
        <time>2015-02-01T11:14:52Z</time>
      </trkpt>
      <trkpt lat="46.445205" lon="23.533430">
        <ele>972.052</ele>
        <time>2015-02-01T11:14:58Z</time>
      </trkpt>
      <trkpt lat="46.445183" lon="23.533556">
        <ele>972.071</ele>
        <time>2015-02-01T11:15:29Z</time>
      </trkpt>
      <trkpt lat="46.445100" lon="23.533568">
        <ele>972.098</ele>
        <time>2015-02-01T11:15:45Z</time>
      </trkpt>
      <trkpt lat="46.445083" lon="23.533690">
        <ele>972.015</ele>
        <time>2015-02-01T11:15:56Z</time>
      </trkpt>
      <trkpt lat="46.445051" lon="23.533801">
        <ele>970.826</ele>
        <time>2015-02-01T11:16:06Z</time>
      </trkpt>
      <trkpt lat="46.444975" lon="23.533851">
        <ele>969.608</ele>
        <time>2015-02-01T11:16:18Z</time>
      </trkpt>
      <trkpt lat="46.444890" lon="23.533855">
        <ele>968.590</ele>
        <time>2015-02-01T11:16:29Z</time>
      </trkpt>
      <trkpt lat="46.444806" lon="23.533844">
        <ele>967.366</ele>
        <time>2015-02-01T11:16:39Z</time>
      </trkpt>
      <trkpt lat="46.444725" lon="23.533844">
        <ele>964.519</ele>
        <time>2015-02-01T11:16:55Z</time>
      </trkpt>
      <trkpt lat="46.444663" lon="23.533933">
        <ele>961.888</ele>
        <time>2015-02-01T11:17:24Z</time>
      </trkpt>
      <trkpt lat="46.444646" lon="23.534074">
        <ele>959.133</ele>
        <time>2015-02-01T11:17:36Z</time>
      </trkpt>
      <trkpt lat="46.444668" lon="23.534195">
        <ele>956.434</ele>
        <time>2015-02-01T11:17:43Z</time>
      </trkpt>
      <trkpt lat="46.444653" lon="23.534325">
        <ele>953.686</ele>
        <time>2015-02-01T11:17:52Z</time>
      </trkpt>
      <trkpt lat="46.444571" lon="23.534318">
        <ele>950.985</ele>
        <time>2015-02-01T11:18:23Z</time>
      </trkpt>
      <trkpt lat="46.444500" lon="23.534381">
        <ele>948.247</ele>
        <time>2015-02-01T11:18:33Z</time>
      </trkpt>
      <trkpt lat="46.444413" lon="23.534370">
        <ele>946.629</ele>
        <time>2015-02-01T11:18:48Z</time>
      </trkpt>
      <trkpt lat="46.444330" lon="23.534335">
        <ele>945.221</ele>
        <time>2015-02-01T11:19:02Z</time>
      </trkpt>
      <trkpt lat="46.444240" lon="23.534278">
        <ele>943.708</ele>
        <time>2015-02-01T11:19:14Z</time>
      </trkpt>
      <trkpt lat="46.444171" lon="23.534215">
        <ele>942.365</ele>
        <time>2015-02-01T11:19:19Z</time>
      </trkpt>
      <trkpt lat="46.444123" lon="23.534106">
        <ele>942.411</ele>
        <time>2015-02-01T11:19:29Z</time>
      </trkpt>
      <trkpt lat="46.444123" lon="23.533984">
        <ele>942.524</ele>
        <time>2015-02-01T11:19:38Z</time>
      </trkpt>
      <trkpt lat="46.444096" lon="23.533873">
        <ele>939.773</ele>
        <time>2015-02-01T11:19:43Z</time>
      </trkpt>
      <trkpt lat="46.444060" lon="23.533768">
        <ele>937.088</ele>
        <time>2015-02-01T11:19:55Z</time>
      </trkpt>
      <trkpt lat="46.444000" lon="23.533658">
        <ele>934.349</ele>
        <time>2015-02-01T11:20:02Z</time>
      </trkpt>
      <trkpt lat="46.443923" lon="23.533616">
        <ele>931.531</ele>
        <time>2015-02-01T11:20:11Z</time>
      </trkpt>
      <trkpt lat="46.443843" lon="23.533585">
        <ele>928.890</ele>
        <time>2015-02-01T11:20:17Z</time>
      </trkpt>
      <trkpt lat="46.443766" lon="23.533513">
        <ele>926.146</ele>
        <time>2015-02-01T11:20:24Z</time>
      </trkpt>
      <trkpt lat="46.443703" lon="23.533435">
        <ele>923.388</ele>
        <time>2015-02-01T11:20:30Z</time>
      </trkpt>
      <trkpt lat="46.443625" lon="23.533395">
        <ele>920.516</ele>
        <time>2015-02-01T11:20:45Z</time>
      </trkpt>
      <trkpt lat="46.443556" lon="23.533316">
        <ele>917.608</ele>
        <time>2015-02-01T11:20:55Z</time>
      </trkpt>
      <trkpt lat="46.443496" lon="23.533408">
        <ele>914.875</ele>
        <time>2015-02-01T11:21:12Z</time>
      </trkpt>
      <trkpt lat="46.443450" lon="23.533504">
        <ele>912.051</ele>
        <time>2015-02-01T11:21:24Z</time>
      </trkpt>
      <trkpt lat="46.443366" lon="23.533518">
        <ele>908.864</ele>
        <time>2015-02-01T11:21:34Z</time>
      </trkpt>
      <trkpt lat="46.443281" lon="23.533543">
        <ele>905.623</ele>
        <time>2015-02-01T11:21:45Z</time>
      </trkpt>
      <trkpt lat="46.443200" lon="23.533548">
        <ele>902.578</ele>
        <time>2015-02-01T11:22:07Z</time>
      </trkpt>
      <trkpt lat="46.443115" lon="23.533540">
        <ele>899.369</ele>
        <time>2015-02-01T11:22:20Z</time>
      </trkpt>
      <trkpt lat="46.443045" lon="23.533471">
        <ele>896.121</ele>
        <time>2015-02-01T11:22:49Z</time>
      </trkpt>
      <trkpt lat="46.442963" lon="23.533473">
        <ele>892.990</ele>
        <time>2015-02-01T11:23:02Z</time>
      </trkpt>
      <trkpt lat="46.442881" lon="23.533444">
        <ele>889.791</ele>
        <time>2015-02-01T11:23:16Z</time>
      </trkpt>
      <trkpt lat="46.442768" lon="23.533423">
        <ele>886.581</ele>
        <time>2015-02-01T11:23:37Z</time>
      </trkpt>
      <trkpt lat="46.442693" lon="23.533348">
        <ele>882.819</ele>
        <time>2015-02-01T11:23:51Z</time>
      </trkpt>
      <trkpt lat="46.442635" lon="23.533261">
        <ele>879.108</ele>
        <time>2015-02-01T11:24:00Z</time>
      </trkpt>
      <trkpt lat="46.442560" lon="23.533203">
        <ele>875.460</ele>
        <time>2015-02-01T11:24:37Z</time>
      </trkpt>
      <trkpt lat="46.442498" lon="23.533096">
        <ele>875.466</ele>
        <time>2015-02-01T11:24:54Z</time>
      </trkpt>
      <trkpt lat="46.442440" lon="23.533013">
        <ele>875.439</ele>
        <time>2015-02-01T11:25:01Z</time>
      </trkpt>
      <trkpt lat="46.442429" lon="23.532891">
        <ele>874.888</ele>
        <time>2015-02-01T11:25:09Z</time>
      </trkpt>
      <trkpt lat="46.442415" lon="23.532768">
        <ele>874.373</ele>
        <time>2015-02-01T11:25:41Z</time>
      </trkpt>
      <trkpt lat="46.442371" lon="23.532885">
        <ele>870.634</ele>
        <time>2015-02-01T11:25:45Z</time>
      </trkpt>
      <trkpt lat="46.442328" lon="23.532991">
        <ele>867.076</ele>
        <time>2015-02-01T11:25:56Z</time>
      </trkpt>
      <trkpt lat="46.442256" lon="23.532928">
        <ele>863.495</ele>
        <time>2015-02-01T11:26:12Z</time>
      </trkpt>
      <trkpt lat="46.442203" lon="23.532828">
        <ele>859.781</ele>
        <time>2015-02-01T11:26:17Z</time>
      </trkpt>
      <trkpt lat="46.442158" lon="23.532724">
        <ele>856.661</ele>
        <time>2015-02-01T11:26:24Z</time>
      </trkpt>
      <trkpt lat="46.442076" lon="23.532736">
        <ele>853.517</ele>
        <time>2015-02-01T11:27:19Z</time>
      </trkpt>
      <trkpt lat="46.442013" lon="23.532656">
        <ele>850.508</ele>
        <time>2015-02-01T11:27:32Z</time>
      </trkpt>
      <trkpt lat="46.441940" lon="23.532591">
        <ele>846.889</ele>
        <time>2015-02-01T11:27:59Z</time>
      </trkpt>
      <trkpt lat="46.441855" lon="23.532596">
        <ele>843.265</ele>
        <time>2015-02-01T11:28:09Z</time>
      </trkpt>
      <trkpt lat="46.441771" lon="23.532553">
        <ele>840.198</ele>
        <time>2015-02-01T11:28:18Z</time>
      </trkpt>
      <trkpt lat="46.441696" lon="23.532503">
        <ele>837.077</ele>
        <time>2015-02-01T11:28:28Z</time>
      </trkpt>
      <trkpt lat="46.441608" lon="23.532483">
        <ele>834.382</ele>
        <time>2015-02-01T11:28:38Z</time>
      </trkpt>
      <trkpt lat="46.441528" lon="23.532451">
        <ele>831.563</ele>
        <time>2015-02-01T11:28:50Z</time>
      </trkpt>
      <trkpt lat="46.441450" lon="23.532383">
        <ele>828.845</ele>
        <time>2015-02-01T11:29:01Z</time>
      </trkpt>
      <trkpt lat="46.441373" lon="23.532323">
        <ele>825.164</ele>
        <time>2015-02-01T11:29:19Z</time>
      </trkpt>
      <trkpt lat="46.441295" lon="23.532363">
        <ele>821.477</ele>
        <time>2015-02-01T11:29:32Z</time>
      </trkpt>
      <trkpt lat="46.441214" lon="23.532326">
        <ele>817.661</ele>
        <time>2015-02-01T11:29:43Z</time>
      </trkpt>
      <trkpt lat="46.441135" lon="23.532293">
        <ele>813.927</ele>
        <time>2015-02-01T11:29:59Z</time>
      </trkpt>
      <trkpt lat="46.441053" lon="23.532103">
        <ele>810.208</ele>
        <time>2015-02-01T11:30:27Z</time>
      </trkpt>
      <trkpt lat="46.441001" lon="23.532008">
        <ele>806.568</ele>
        <time>2015-02-01T11:30:55Z</time>
      </trkpt>
      <trkpt lat="46.440935" lon="23.531925">
        <ele>802.744</ele>
        <time>2015-02-01T11:30:59Z</time>
      </trkpt>
      <trkpt lat="46.440880" lon="23.531831">
        <ele>799.017</ele>
        <time>2015-02-01T11:31:06Z</time>
      </trkpt>
      <trkpt lat="46.440826" lon="23.531740">
        <ele>798.056</ele>
        <time>2015-02-01T11:31:15Z</time>
      </trkpt>
      <trkpt lat="46.440755" lon="23.531683">
        <ele>794.691</ele>
        <time>2015-02-01T11:31:37Z</time>
      </trkpt>
      <trkpt lat="46.440673" lon="23.531691">
        <ele>791.362</ele>
        <time>2015-02-01T11:31:58Z</time>
      </trkpt>
      <trkpt lat="46.440608" lon="23.531570">
        <ele>788.954</ele>
        <time>2015-02-01T11:32:19Z</time>
      </trkpt>
      <trkpt lat="46.440573" lon="23.531458">
        <ele>786.563</ele>
        <time>2015-02-01T11:32:33Z</time>
      </trkpt>
      <trkpt lat="46.440498" lon="23.531406">
        <ele>784.291</ele>
        <time>2015-02-01T11:32:48Z</time>
      </trkpt>
      <trkpt lat="46.440411" lon="23.531411">
        <ele>781.881</ele>
        <time>2015-02-01T11:33:04Z</time>
      </trkpt>
      <trkpt lat="46.440328" lon="23.531386">
        <ele>779.519</ele>
        <time>2015-02-01T11:33:17Z</time>
      </trkpt>
      <trkpt lat="46.440243" lon="23.531370">
        <ele>777.108</ele>
        <time>2015-02-01T11:33:30Z</time>
      </trkpt>
      <trkpt lat="46.440141" lon="23.531308">
        <ele>774.730</ele>
        <time>2015-02-01T11:33:44Z</time>
      </trkpt>
      <trkpt lat="46.440176" lon="23.531420">
        <ele>772.436</ele>
        <time>2015-02-01T11:33:47Z</time>
      </trkpt>
      <trkpt lat="46.440101" lon="23.531490">
        <ele>770.059</ele>
        <time>2015-02-01T11:34:02Z</time>
      </trkpt>
      <trkpt lat="46.440014" lon="23.531471">
        <ele>768.028</ele>
        <time>2015-02-01T11:34:15Z</time>
      </trkpt>
      <trkpt lat="46.439935" lon="23.531431">
        <ele>766.073</ele>
        <time>2015-02-01T11:34:25Z</time>
      </trkpt>
      <trkpt lat="46.439859" lon="23.531385">
        <ele>764.054</ele>
        <time>2015-02-01T11:34:33Z</time>
      </trkpt>
      <trkpt lat="46.439778" lon="23.531343">
        <ele>761.826</ele>
        <time>2015-02-01T11:34:43Z</time>
      </trkpt>
      <trkpt lat="46.439695" lon="23.531325">
        <ele>759.615</ele>
        <time>2015-02-01T11:34:50Z</time>
      </trkpt>
      <trkpt lat="46.439603" lon="23.531306">
        <ele>757.517</ele>
        <time>2015-02-01T11:34:59Z</time>
      </trkpt>
      <trkpt lat="46.439521" lon="23.531303">
        <ele>755.387</ele>
        <time>2015-02-01T11:35:08Z</time>
      </trkpt>
      <trkpt lat="46.439440" lon="23.531301">
        <ele>753.115</ele>
        <time>2015-02-01T11:35:18Z</time>
      </trkpt>
      <trkpt lat="46.439375" lon="23.531226">
        <ele>750.908</ele>
        <time>2015-02-01T11:35:30Z</time>
      </trkpt>
      <trkpt lat="46.439274" lon="23.531145">
        <ele>748.772</ele>
        <time>2015-02-01T11:35:46Z</time>
      </trkpt>
      <trkpt lat="46.439225" lon="23.531038">
        <ele>746.568</ele>
        <time>2015-02-01T11:36:00Z</time>
      </trkpt>
      <trkpt lat="46.439195" lon="23.530918">
        <ele>746.441</ele>
        <time>2015-02-01T11:36:09Z</time>
      </trkpt>
      <trkpt lat="46.439123" lon="23.530858">
        <ele>747.380</ele>
        <time>2015-02-01T11:36:20Z</time>
      </trkpt>
      <trkpt lat="46.439053" lon="23.530791">
        <ele>747.355</ele>
        <time>2015-02-01T11:36:33Z</time>
      </trkpt>
      <trkpt lat="46.439030" lon="23.530678">
        <ele>748.256</ele>
        <time>2015-02-01T11:36:43Z</time>
      </trkpt>
      <trkpt lat="46.438973" lon="23.530586">
        <ele>748.448</ele>
        <time>2015-02-01T11:36:53Z</time>
      </trkpt>
      <trkpt lat="46.438891" lon="23.530521">
        <ele>748.547</ele>
        <time>2015-02-01T11:37:07Z</time>
      </trkpt>
      <trkpt lat="46.438833" lon="23.530420">
        <ele>748.754</ele>
        <time>2015-02-01T11:37:20Z</time>
      </trkpt>
      <trkpt lat="46.438766" lon="23.530491">
        <ele>748.956</ele>
        <time>2015-02-01T11:37:44Z</time>
      </trkpt>
      <trkpt lat="46.438655" lon="23.530433">
        <ele>749.111</ele>
        <time>2015-02-01T11:38:09Z</time>
      </trkpt>
      <trkpt lat="46.438716" lon="23.530536">
        <ele>749.308</ele>
        <time>2015-02-01T11:38:36Z</time>
      </trkpt>
      <trkpt lat="46.438750" lon="23.530653">
        <ele>748.546</ele>
        <time>2015-02-01T11:38:44Z</time>
      </trkpt>
      <trkpt lat="46.438778" lon="23.530776">
        <ele>747.662</ele>
        <time>2015-02-01T11:38:53Z</time>
      </trkpt>
      <trkpt lat="46.438770" lon="23.530899">
        <ele>745.715</ele>
        <time>2015-02-01T11:39:00Z</time>
      </trkpt>
      <trkpt lat="46.438741" lon="23.531019">
        <ele>744.764</ele>
        <time>2015-02-01T11:39:10Z</time>
      </trkpt>
      <trkpt lat="46.438723" lon="23.531191">
        <ele>743.069</ele>
        <time>2015-02-01T11:39:40Z</time>
      </trkpt>
      <trkpt lat="46.438673" lon="23.531285">
        <ele>742.030</ele>
        <time>2015-02-01T11:39:48Z</time>
      </trkpt>
      <trkpt lat="46.438651" lon="23.531401">
        <ele>741.042</ele>
        <time>2015-02-01T11:39:57Z</time>
      </trkpt>
      <trkpt lat="46.438599" lon="23.531501">
        <ele>740.021</ele>
        <time>2015-02-01T11:40:04Z</time>
      </trkpt>
      <trkpt lat="46.438575" lon="23.531621">
        <ele>738.442</ele>
        <time>2015-02-01T11:40:12Z</time>
      </trkpt>
      <trkpt lat="46.438550" lon="23.531741">
        <ele>736.722</ele>
        <time>2015-02-01T11:40:19Z</time>
      </trkpt>
      <trkpt lat="46.438466" lon="23.531810">
        <ele>735.114</ele>
        <time>2015-02-01T11:40:27Z</time>
      </trkpt>
      <trkpt lat="46.438428" lon="23.531915">
        <ele>734.508</ele>
        <time>2015-02-01T11:40:36Z</time>
      </trkpt>
      <trkpt lat="46.438415" lon="23.532038">
        <ele>733.875</ele>
        <time>2015-02-01T11:40:46Z</time>
      </trkpt>
      <trkpt lat="46.438381" lon="23.532165">
        <ele>733.291</ele>
        <time>2015-02-01T11:40:55Z</time>
      </trkpt>
      <trkpt lat="46.438345" lon="23.532288">
        <ele>732.594</ele>
        <time>2015-02-01T11:41:02Z</time>
      </trkpt>
      <trkpt lat="46.438276" lon="23.532353">
        <ele>731.993</ele>
        <time>2015-02-01T11:41:10Z</time>
      </trkpt>
      <trkpt lat="46.438188" lon="23.532416">
        <ele>731.998</ele>
        <time>2015-02-01T11:41:19Z</time>
      </trkpt>
      <trkpt lat="46.438151" lon="23.532531">
        <ele>730.029</ele>
        <time>2015-02-01T11:41:26Z</time>
      </trkpt>
      <trkpt lat="46.438193" lon="23.532668">
        <ele>728.121</ele>
        <time>2015-02-01T11:41:32Z</time>
      </trkpt>
      <trkpt lat="46.438143" lon="23.532761">
        <ele>726.860</ele>
        <time>2015-02-01T11:41:39Z</time>
      </trkpt>
      <trkpt lat="46.438095" lon="23.532866">
        <ele>725.544</ele>
        <time>2015-02-01T11:41:48Z</time>
      </trkpt>
      <trkpt lat="46.438026" lon="23.532938">
        <ele>724.305</ele>
        <time>2015-02-01T11:41:54Z</time>
      </trkpt>
      <trkpt lat="46.437945" lon="23.532985">
        <ele>723.015</ele>
        <time>2015-02-01T11:42:01Z</time>
      </trkpt>
      <trkpt lat="46.437858" lon="23.533030">
        <ele>721.708</ele>
        <time>2015-02-01T11:42:08Z</time>
      </trkpt>
      <trkpt lat="46.437789" lon="23.533101">
        <ele>720.595</ele>
        <time>2015-02-01T11:42:17Z</time>
      </trkpt>
      <trkpt lat="46.437718" lon="23.533174">
        <ele>719.251</ele>
        <time>2015-02-01T11:42:27Z</time>
      </trkpt>
      <trkpt lat="46.437648" lon="23.533238">
        <ele>717.914</ele>
        <time>2015-02-01T11:42:37Z</time>
      </trkpt>
      <trkpt lat="46.437570" lon="23.533293">
        <ele>716.013</ele>
        <time>2015-02-01T11:42:46Z</time>
      </trkpt>
      <trkpt lat="46.437500" lon="23.533230">
        <ele>714.838</ele>
        <time>2015-02-01T11:42:55Z</time>
      </trkpt>
      <trkpt lat="46.437414" lon="23.533216">
        <ele>713.619</ele>
        <time>2015-02-01T11:43:03Z</time>
      </trkpt>
      <trkpt lat="46.437335" lon="23.533191">
        <ele>712.531</ele>
        <time>2015-02-01T11:43:14Z</time>
      </trkpt>
      <trkpt lat="46.437241" lon="23.533203">
        <ele>711.350</ele>
        <time>2015-02-01T11:43:23Z</time>
      </trkpt>
      <trkpt lat="46.437151" lon="23.533218">
        <ele>710.173</ele>
        <time>2015-02-01T11:43:30Z</time>
      </trkpt>
      <trkpt lat="46.437061" lon="23.533208">
        <ele>708.985</ele>
        <time>2015-02-01T11:43:37Z</time>
      </trkpt>
      <trkpt lat="46.436976" lon="23.533201">
        <ele>707.713</ele>
        <time>2015-02-01T11:43:43Z</time>
      </trkpt>
      <trkpt lat="46.436891" lon="23.533216">
        <ele>706.508</ele>
        <time>2015-02-01T11:43:51Z</time>
      </trkpt>
      <trkpt lat="46.436810" lon="23.533243">
        <ele>705.478</ele>
        <time>2015-02-01T11:43:57Z</time>
      </trkpt>
      <trkpt lat="46.436771" lon="23.533358">
        <ele>704.244</ele>
        <time>2015-02-01T11:44:07Z</time>
      </trkpt>
      <trkpt lat="46.436730" lon="23.533465">
        <ele>703.067</ele>
        <time>2015-02-01T11:44:15Z</time>
      </trkpt>
      <trkpt lat="46.436681" lon="23.533573">
        <ele>703.036</ele>
        <time>2015-02-01T11:44:24Z</time>
      </trkpt>
      <trkpt lat="46.436614" lon="23.533640">
        <ele>703.651</ele>
        <time>2015-02-01T11:44:36Z</time>
      </trkpt>
      <trkpt lat="46.436535" lon="23.533611">
        <ele>702.942</ele>
        <time>2015-02-01T11:44:45Z</time>
      </trkpt>
      <trkpt lat="46.436478" lon="23.533709">
        <ele>702.234</ele>
        <time>2015-02-01T11:54:05Z</time>
      </trkpt>
      <trkpt lat="46.436413" lon="23.533783">
        <ele>701.533</ele>
        <time>2015-02-01T11:54:13Z</time>
      </trkpt>
      <trkpt lat="46.436353" lon="23.533875">
        <ele>700.783</ele>
        <time>2015-02-01T11:54:22Z</time>
      </trkpt>
      <trkpt lat="46.436286" lon="23.533951">
        <ele>700.025</ele>
        <time>2015-02-01T11:54:31Z</time>
      </trkpt>
      <trkpt lat="46.436199" lon="23.533986">
        <ele>699.317</ele>
        <time>2015-02-01T11:54:42Z</time>
      </trkpt>
      <trkpt lat="46.436119" lon="23.534018">
        <ele>698.508</ele>
        <time>2015-02-01T11:54:51Z</time>
      </trkpt>
      <trkpt lat="46.436040" lon="23.534074">
        <ele>697.829</ele>
        <time>2015-02-01T11:54:58Z</time>
      </trkpt>
      <trkpt lat="46.435959" lon="23.534108">
        <ele>697.165</ele>
        <time>2015-02-01T11:55:05Z</time>
      </trkpt>
      <trkpt lat="46.435865" lon="23.534140">
        <ele>695.688</ele>
        <time>2015-02-01T11:55:12Z</time>
      </trkpt>
      <trkpt lat="46.435780" lon="23.534140">
        <ele>693.587</ele>
        <time>2015-02-01T11:55:17Z</time>
      </trkpt>
      <trkpt lat="46.435693" lon="23.534148">
        <ele>692.892</ele>
        <time>2015-02-01T11:55:23Z</time>
      </trkpt>
      <trkpt lat="46.435601" lon="23.534171">
        <ele>692.173</ele>
        <time>2015-02-01T11:55:32Z</time>
      </trkpt>
      <trkpt lat="46.435515" lon="23.534233">
        <ele>691.455</ele>
        <time>2015-02-01T11:55:42Z</time>
      </trkpt>
      <trkpt lat="46.435435" lon="23.534290">
        <ele>690.644</ele>
        <time>2015-02-01T11:55:50Z</time>
      </trkpt>
      <trkpt lat="46.435354" lon="23.534358">
        <ele>689.918</ele>
        <time>2015-02-01T11:55:57Z</time>
      </trkpt>
      <trkpt lat="46.435281" lon="23.534438">
        <ele>689.298</ele>
        <time>2015-02-01T11:56:03Z</time>
      </trkpt>
      <trkpt lat="46.435226" lon="23.534531">
        <ele>688.517</ele>
        <time>2015-02-01T11:56:10Z</time>
      </trkpt>
      <trkpt lat="46.435158" lon="23.534615">
        <ele>687.708</ele>
        <time>2015-02-01T11:56:18Z</time>
      </trkpt>
      <trkpt lat="46.435095" lon="23.534695">
        <ele>687.032</ele>
        <time>2015-02-01T11:56:26Z</time>
      </trkpt>
      <trkpt lat="46.435058" lon="23.534810">
        <ele>687.018</ele>
        <time>2015-02-01T11:56:33Z</time>
      </trkpt>
      <trkpt lat="46.435030" lon="23.534923">
        <ele>687.011</ele>
        <time>2015-02-01T11:56:39Z</time>
      </trkpt>
      <trkpt lat="46.434948" lon="23.534985">
        <ele>686.540</ele>
        <time>2015-02-01T11:56:46Z</time>
      </trkpt>
      <trkpt lat="46.434866" lon="23.535066">
        <ele>685.595</ele>
        <time>2015-02-01T11:56:54Z</time>
      </trkpt>
      <trkpt lat="46.434803" lon="23.535151">
        <ele>684.516</ele>
        <time>2015-02-01T11:57:02Z</time>
      </trkpt>
      <trkpt lat="46.434746" lon="23.535243">
        <ele>683.578</ele>
        <time>2015-02-01T11:57:11Z</time>
      </trkpt>
      <trkpt lat="46.434670" lon="23.535320">
        <ele>682.527</ele>
        <time>2015-02-01T11:57:19Z</time>
      </trkpt>
      <trkpt lat="46.434611" lon="23.535413">
        <ele>681.514</ele>
        <time>2015-02-01T11:57:26Z</time>
      </trkpt>
      <trkpt lat="46.434570" lon="23.535526">
        <ele>680.554</ele>
        <time>2015-02-01T11:57:32Z</time>
      </trkpt>
      <trkpt lat="46.434529" lon="23.535638">
        <ele>679.509</ele>
        <time>2015-02-01T11:57:40Z</time>
      </trkpt>
      <trkpt lat="46.434505" lon="23.535751">
        <ele>678.508</ele>
        <time>2015-02-01T11:57:50Z</time>
      </trkpt>
      <trkpt lat="46.434445" lon="23.535866">
        <ele>678.382</ele>
        <time>2015-02-01T11:57:58Z</time>
      </trkpt>
      <trkpt lat="46.434405" lon="23.535991">
        <ele>678.138</ele>
        <time>2015-02-01T11:58:04Z</time>
      </trkpt>
      <trkpt lat="46.434351" lon="23.536106">
        <ele>678.561</ele>
        <time>2015-02-01T11:58:10Z</time>
      </trkpt>
      <trkpt lat="46.434293" lon="23.536190">
        <ele>679.350</ele>
        <time>2015-02-01T11:58:16Z</time>
      </trkpt>
      <trkpt lat="46.434231" lon="23.536278">
        <ele>680.185</ele>
        <time>2015-02-01T11:58:25Z</time>
      </trkpt>
      <trkpt lat="46.434171" lon="23.536370">
        <ele>680.986</ele>
        <time>2015-02-01T11:58:34Z</time>
      </trkpt>
      <trkpt lat="46.434101" lon="23.536450">
        <ele>681.798</ele>
        <time>2015-02-01T11:58:42Z</time>
      </trkpt>
      <trkpt lat="46.434030" lon="23.536520">
        <ele>681.537</ele>
        <time>2015-02-01T11:58:47Z</time>
      </trkpt>
      <trkpt lat="46.433959" lon="23.536590">
        <ele>681.444</ele>
        <time>2015-02-01T11:58:54Z</time>
      </trkpt>
      <trkpt lat="46.433903" lon="23.536690">
        <ele>680.705</ele>
        <time>2015-02-01T11:59:02Z</time>
      </trkpt>
      <trkpt lat="46.433848" lon="23.536785">
        <ele>680.115</ele>
        <time>2015-02-01T11:59:09Z</time>
      </trkpt>
      <trkpt lat="46.433798" lon="23.536879">
        <ele>678.608</ele>
        <time>2015-02-01T11:59:19Z</time>
      </trkpt>
      <trkpt lat="46.433736" lon="23.537020">
        <ele>677.225</ele>
        <time>2015-02-01T11:59:41Z</time>
      </trkpt>
      <trkpt lat="46.433693" lon="23.537119">
        <ele>675.731</ele>
        <time>2015-02-01T11:59:51Z</time>
      </trkpt>
      <trkpt lat="46.433666" lon="23.537245">
        <ele>674.324</ele>
        <time>2015-02-01T11:59:58Z</time>
      </trkpt>
      <trkpt lat="46.433621" lon="23.537343">
        <ele>672.833</ele>
        <time>2015-02-01T12:00:06Z</time>
      </trkpt>
      <trkpt lat="46.433580" lon="23.537453">
        <ele>671.488</ele>
        <time>2015-02-01T12:00:15Z</time>
      </trkpt>
      <trkpt lat="46.433539" lon="23.537575">
        <ele>671.259</ele>
        <time>2015-02-01T12:00:23Z</time>
      </trkpt>
      <trkpt lat="46.433481" lon="23.537685">
        <ele>672.011</ele>
        <time>2015-02-01T12:00:30Z</time>
      </trkpt>
      <trkpt lat="46.433415" lon="23.537758">
        <ele>672.880</ele>
        <time>2015-02-01T12:00:37Z</time>
      </trkpt>
      <trkpt lat="46.433338" lon="23.537826">
        <ele>674.166</ele>
        <time>2015-02-01T12:00:45Z</time>
      </trkpt>
      <trkpt lat="46.433276" lon="23.537905">
        <ele>675.429</ele>
        <time>2015-02-01T12:00:52Z</time>
      </trkpt>
      <trkpt lat="46.433273" lon="23.538023">
        <ele>674.521</ele>
        <time>2015-02-01T12:00:58Z</time>
      </trkpt>
      <trkpt lat="46.433196" lon="23.538093">
        <ele>673.508</ele>
        <time>2015-02-01T12:01:04Z</time>
      </trkpt>
      <trkpt lat="46.433128" lon="23.538166">
        <ele>672.667</ele>
        <time>2015-02-01T12:01:11Z</time>
      </trkpt>
      <trkpt lat="46.433050" lon="23.538225">
        <ele>671.783</ele>
        <time>2015-02-01T12:01:19Z</time>
      </trkpt>
      <trkpt lat="46.432978" lon="23.538311">
        <ele>670.856</ele>
        <time>2015-02-01T12:01:26Z</time>
      </trkpt>
      <trkpt lat="46.432931" lon="23.538418">
        <ele>669.965</ele>
        <time>2015-02-01T12:01:32Z</time>
      </trkpt>
      <trkpt lat="46.432879" lon="23.538529">
        <ele>667.760</ele>
        <time>2015-02-01T12:01:39Z</time>
      </trkpt>
      <trkpt lat="46.432816" lon="23.538616">
        <ele>665.581</ele>
        <time>2015-02-01T12:01:47Z</time>
      </trkpt>
      <trkpt lat="46.432770" lon="23.538725">
        <ele>663.493</ele>
        <time>2015-02-01T12:01:55Z</time>
      </trkpt>
      <trkpt lat="46.432700" lon="23.538805">
        <ele>661.212</ele>
        <time>2015-02-01T12:02:02Z</time>
      </trkpt>
      <trkpt lat="46.432638" lon="23.538881">
        <ele>659.024</ele>
        <time>2015-02-01T12:02:09Z</time>
      </trkpt>
      <trkpt lat="46.432568" lon="23.538959">
        <ele>659.004</ele>
        <time>2015-02-01T12:02:19Z</time>
      </trkpt>
      <trkpt lat="46.432510" lon="23.539063">
        <ele>659.014</ele>
        <time>2015-02-01T12:02:27Z</time>
      </trkpt>
      <trkpt lat="46.432445" lon="23.539153">
        <ele>659.008</ele>
        <time>2015-02-01T12:02:33Z</time>
      </trkpt>
      <trkpt lat="46.432386" lon="23.539251">
        <ele>659.513</ele>
        <time>2015-02-01T12:02:39Z</time>
      </trkpt>
      <trkpt lat="46.432325" lon="23.539328">
        <ele>658.599</ele>
        <time>2015-02-01T12:02:44Z</time>
      </trkpt>
      <trkpt lat="46.432258" lon="23.539403">
        <ele>657.462</ele>
        <time>2015-02-01T12:02:50Z</time>
      </trkpt>
      <trkpt lat="46.432211" lon="23.539516">
        <ele>656.371</ele>
        <time>2015-02-01T12:02:56Z</time>
      </trkpt>
      <trkpt lat="46.432161" lon="23.539621">
        <ele>655.246</ele>
        <time>2015-02-01T12:03:03Z</time>
      </trkpt>
      <trkpt lat="46.432093" lon="23.539708">
        <ele>654.167</ele>
        <time>2015-02-01T12:03:11Z</time>
      </trkpt>
      <trkpt lat="46.432036" lon="23.539806">
        <ele>653.069</ele>
        <time>2015-02-01T12:03:19Z</time>
      </trkpt>
      <trkpt lat="46.431981" lon="23.539904">
        <ele>651.958</ele>
        <time>2015-02-01T12:03:26Z</time>
      </trkpt>
      <trkpt lat="46.431926" lon="23.540003">
        <ele>651.323</ele>
        <time>2015-02-01T12:03:34Z</time>
      </trkpt>
      <trkpt lat="46.431868" lon="23.540093">
        <ele>650.683</ele>
        <time>2015-02-01T12:03:41Z</time>
      </trkpt>
      <trkpt lat="46.431823" lon="23.540198">
        <ele>650.011</ele>
        <time>2015-02-01T12:03:48Z</time>
      </trkpt>
      <trkpt lat="46.431778" lon="23.540309">
        <ele>648.808</ele>
        <time>2015-02-01T12:03:56Z</time>
      </trkpt>
      <trkpt lat="46.431740" lon="23.540426">
        <ele>649.343</ele>
        <time>2015-02-01T12:04:04Z</time>
      </trkpt>
      <trkpt lat="46.431723" lon="23.540544">
        <ele>649.769</ele>
        <time>2015-02-01T12:04:09Z</time>
      </trkpt>
      <trkpt lat="46.431695" lon="23.540670">
        <ele>650.292</ele>
        <time>2015-02-01T12:04:15Z</time>
      </trkpt>
      <trkpt lat="46.431656" lon="23.540788">
        <ele>651.961</ele>
        <time>2015-02-01T12:04:22Z</time>
      </trkpt>
      <trkpt lat="46.431601" lon="23.540900">
        <ele>653.616</ele>
        <time>2015-02-01T12:04:30Z</time>
      </trkpt>
      <trkpt lat="46.431536" lon="23.540993">
        <ele>655.457</ele>
        <time>2015-02-01T12:04:37Z</time>
      </trkpt>
      <trkpt lat="46.431493" lon="23.541098">
        <ele>654.819</ele>
        <time>2015-02-01T12:04:44Z</time>
      </trkpt>
      <trkpt lat="46.431456" lon="23.541210">
        <ele>653.868</ele>
        <time>2015-02-01T12:04:51Z</time>
      </trkpt>
      <trkpt lat="46.431401" lon="23.541308">
        <ele>652.814</ele>
        <time>2015-02-01T12:04:59Z</time>
      </trkpt>
      <trkpt lat="46.431348" lon="23.541413">
        <ele>651.854</ele>
        <time>2015-02-01T12:05:07Z</time>
      </trkpt>
      <trkpt lat="46.431295" lon="23.541523">
        <ele>650.809</ele>
        <time>2015-02-01T12:05:12Z</time>
      </trkpt>
      <trkpt lat="46.431230" lon="23.541601">
        <ele>649.808</ele>
        <time>2015-02-01T12:05:18Z</time>
      </trkpt>
      <trkpt lat="46.431168" lon="23.541688">
        <ele>648.842</ele>
        <time>2015-02-01T12:05:24Z</time>
      </trkpt>
      <trkpt lat="46.431108" lon="23.541784">
        <ele>647.858</ele>
        <time>2015-02-01T12:05:31Z</time>
      </trkpt>
      <trkpt lat="46.431029" lon="23.541836">
        <ele>647.051</ele>
        <time>2015-02-01T12:05:38Z</time>
      </trkpt>
      <trkpt lat="46.430943" lon="23.541866">
        <ele>646.210</ele>
        <time>2015-02-01T12:05:44Z</time>
      </trkpt>
      <trkpt lat="46.430879" lon="23.541946">
        <ele>645.435</ele>
        <time>2015-02-01T12:05:52Z</time>
      </trkpt>
      <trkpt lat="46.430786" lon="23.542013">
        <ele>646.826</ele>
        <time>2015-02-01T12:06:18Z</time>
      </trkpt>
      <trkpt lat="46.430714" lon="23.542083">
        <ele>646.098</ele>
        <time>2015-02-01T12:06:22Z</time>
      </trkpt>
      <trkpt lat="46.430641" lon="23.542136">
        <ele>645.277</ele>
        <time>2015-02-01T12:06:27Z</time>
      </trkpt>
      <trkpt lat="46.430571" lon="23.542210">
        <ele>644.439</ele>
        <time>2015-02-01T12:06:31Z</time>
      </trkpt>
      <trkpt lat="46.430508" lon="23.542315">
        <ele>643.501</ele>
        <time>2015-02-01T12:06:35Z</time>
      </trkpt>
      <trkpt lat="46.430444" lon="23.542401">
        <ele>642.721</ele>
        <time>2015-02-01T12:06:39Z</time>
      </trkpt>
      <trkpt lat="46.430388" lon="23.542501">
        <ele>641.908</ele>
        <time>2015-02-01T12:06:43Z</time>
      </trkpt>
      <trkpt lat="46.430321" lon="23.542588">
        <ele>641.744</ele>
        <time>2015-02-01T12:06:48Z</time>
      </trkpt>
      <trkpt lat="46.430275" lon="23.542710">
        <ele>640.150</ele>
        <time>2015-02-01T12:06:55Z</time>
      </trkpt>
      <trkpt lat="46.430225" lon="23.542808">
        <ele>638.513</ele>
        <time>2015-02-01T12:07:02Z</time>
      </trkpt>
      <trkpt lat="46.430173" lon="23.542901">
        <ele>636.842</ele>
        <time>2015-02-01T12:07:08Z</time>
      </trkpt>
      <trkpt lat="46.430118" lon="23.543001">
        <ele>635.297</ele>
        <time>2015-02-01T12:07:15Z</time>
      </trkpt>
      <trkpt lat="46.430065" lon="23.543090">
        <ele>635.878</ele>
        <time>2015-02-01T12:07:21Z</time>
      </trkpt>
      <trkpt lat="46.429993" lon="23.543148">
        <ele>636.530</ele>
        <time>2015-02-01T12:07:29Z</time>
      </trkpt>
      <trkpt lat="46.429908" lon="23.543200">
        <ele>636.069</ele>
        <time>2015-02-01T12:07:36Z</time>
      </trkpt>
      <trkpt lat="46.429844" lon="23.543273">
        <ele>635.592</ele>
        <time>2015-02-01T12:07:42Z</time>
      </trkpt>
      <trkpt lat="46.429775" lon="23.543338">
        <ele>635.173</ele>
        <time>2015-02-01T12:07:48Z</time>
      </trkpt>
      <trkpt lat="46.429708" lon="23.543406">
        <ele>634.620</ele>
        <time>2015-02-01T12:07:55Z</time>
      </trkpt>
      <trkpt lat="46.429640" lon="23.543483">
        <ele>633.408</ele>
        <time>2015-02-01T12:08:03Z</time>
      </trkpt>
      <trkpt lat="46.429565" lon="23.543551">
        <ele>632.120</ele>
        <time>2015-02-01T12:08:10Z</time>
      </trkpt>
      <trkpt lat="46.429486" lon="23.543620">
        <ele>630.856</ele>
        <time>2015-02-01T12:08:17Z</time>
      </trkpt>
      <trkpt lat="46.429423" lon="23.543695">
        <ele>629.529</ele>
        <time>2015-02-01T12:08:24Z</time>
      </trkpt>
      <trkpt lat="46.429370" lon="23.543783">
        <ele>628.328</ele>
        <time>2015-02-01T12:08:31Z</time>
      </trkpt>
      <trkpt lat="46.429323" lon="23.543896">
        <ele>627.033</ele>
        <time>2015-02-01T12:08:37Z</time>
      </trkpt>
      <trkpt lat="46.429306" lon="23.544015">
        <ele>625.734</ele>
        <time>2015-02-01T12:08:45Z</time>
      </trkpt>
      <trkpt lat="46.429288" lon="23.544145">
        <ele>625.236</ele>
        <time>2015-02-01T12:08:53Z</time>
      </trkpt>
      <trkpt lat="46.429278" lon="23.544269">
        <ele>624.625</ele>
        <time>2015-02-01T12:09:03Z</time>
      </trkpt>
      <trkpt lat="46.429261" lon="23.544385">
        <ele>624.141</ele>
        <time>2015-02-01T12:09:10Z</time>
      </trkpt>
      <trkpt lat="46.429250" lon="23.544505">
        <ele>623.581</ele>
        <time>2015-02-01T12:09:17Z</time>
      </trkpt>
      <trkpt lat="46.429210" lon="23.544611">
        <ele>623.209</ele>
        <time>2015-02-01T12:09:22Z</time>
      </trkpt>
      <trkpt lat="46.429166" lon="23.544723">
        <ele>622.808</ele>
        <time>2015-02-01T12:09:27Z</time>
      </trkpt>
      <trkpt lat="46.429111" lon="23.544823">
        <ele>622.595</ele>
        <time>2015-02-01T12:09:34Z</time>
      </trkpt>
      <trkpt lat="46.429083" lon="23.544938">
        <ele>622.161</ele>
        <time>2015-02-01T12:09:42Z</time>
      </trkpt>
      <trkpt lat="46.429058" lon="23.545056">
        <ele>621.614</ele>
        <time>2015-02-01T12:09:51Z</time>
      </trkpt>
      <trkpt lat="46.429003" lon="23.545148">
        <ele>621.213</ele>
        <time>2015-02-01T12:09:59Z</time>
      </trkpt>
      <trkpt lat="46.428971" lon="23.545256">
        <ele>620.348</ele>
        <time>2015-02-01T12:10:07Z</time>
      </trkpt>
      <trkpt lat="46.428928" lon="23.545374">
        <ele>619.799</ele>
        <time>2015-02-01T12:10:14Z</time>
      </trkpt>
      <trkpt lat="46.428886" lon="23.545509">
        <ele>619.261</ele>
        <time>2015-02-01T12:10:20Z</time>
      </trkpt>
      <trkpt lat="46.428856" lon="23.545631">
        <ele>618.690</ele>
        <time>2015-02-01T12:10:27Z</time>
      </trkpt>
      <trkpt lat="46.428816" lon="23.545741">
        <ele>618.127</ele>
        <time>2015-02-01T12:10:34Z</time>
      </trkpt>
      <trkpt lat="46.428766" lon="23.545851">
        <ele>617.468</ele>
        <time>2015-02-01T12:10:42Z</time>
      </trkpt>
      <trkpt lat="46.428721" lon="23.545950">
        <ele>616.614</ele>
        <time>2015-02-01T12:10:48Z</time>
      </trkpt>
      <trkpt lat="46.428661" lon="23.546053">
        <ele>615.908</ele>
        <time>2015-02-01T12:10:55Z</time>
      </trkpt>
      <trkpt lat="46.428615" lon="23.546155">
        <ele>615.283</ele>
        <time>2015-02-01T12:11:01Z</time>
      </trkpt>
      <trkpt lat="46.428561" lon="23.546261">
        <ele>614.559</ele>
        <time>2015-02-01T12:11:09Z</time>
      </trkpt>
      <trkpt lat="46.428513" lon="23.546371">
        <ele>613.932</ele>
        <time>2015-02-01T12:11:16Z</time>
      </trkpt>
      <trkpt lat="46.428468" lon="23.546471">
        <ele>613.791</ele>
        <time>2015-02-01T12:11:23Z</time>
      </trkpt>
      <trkpt lat="46.428436" lon="23.546591">
        <ele>613.536</ele>
        <time>2015-02-01T12:11:31Z</time>
      </trkpt>
      <trkpt lat="46.428403" lon="23.546700">
        <ele>613.247</ele>
        <time>2015-02-01T12:11:37Z</time>
      </trkpt>
      <trkpt lat="46.428358" lon="23.546798">
        <ele>612.889</ele>
        <time>2015-02-01T12:11:43Z</time>
      </trkpt>
      <trkpt lat="46.428309" lon="23.546896">
        <ele>612.518</ele>
        <time>2015-02-01T12:11:50Z</time>
      </trkpt>
      <trkpt lat="46.428258" lon="23.546998">
        <ele>612.359</ele>
        <time>2015-02-01T12:11:57Z</time>
      </trkpt>
      <trkpt lat="46.428226" lon="23.547109">
        <ele>612.103</ele>
        <time>2015-02-01T12:12:04Z</time>
      </trkpt>
      <trkpt lat="46.428173" lon="23.547214">
        <ele>612.023</ele>
        <time>2015-02-01T12:12:55Z</time>
      </trkpt>
      <trkpt lat="46.428151" lon="23.547330">
        <ele>611.908</ele>
        <time>2015-02-01T12:13:02Z</time>
      </trkpt>
      <trkpt lat="46.428105" lon="23.547433">
        <ele>611.866</ele>
        <time>2015-02-01T12:13:10Z</time>
      </trkpt>
      <trkpt lat="46.428046" lon="23.547521">
        <ele>611.452</ele>
        <time>2015-02-01T12:13:16Z</time>
      </trkpt>
      <trkpt lat="46.428003" lon="23.547623">
        <ele>610.975</ele>
        <time>2015-02-01T12:13:24Z</time>
      </trkpt>
      <trkpt lat="46.427946" lon="23.547733">
        <ele>610.544</ele>
        <time>2015-02-01T12:13:30Z</time>
      </trkpt>
      <trkpt lat="46.427890" lon="23.547829">
        <ele>610.259</ele>
        <time>2015-02-01T12:13:36Z</time>
      </trkpt>
      <trkpt lat="46.427836" lon="23.547923">
        <ele>609.990</ele>
        <time>2015-02-01T12:13:42Z</time>
      </trkpt>
      <trkpt lat="46.427796" lon="23.548034">
        <ele>609.612</ele>
        <time>2015-02-01T12:13:50Z</time>
      </trkpt>
      <trkpt lat="46.427743" lon="23.548126">
        <ele>609.421</ele>
        <time>2015-02-01T12:13:56Z</time>
      </trkpt>
      <trkpt lat="46.427676" lon="23.548218">
        <ele>609.168</ele>
        <time>2015-02-01T12:14:01Z</time>
      </trkpt>
      <trkpt lat="46.427626" lon="23.548315">
        <ele>608.542</ele>
        <time>2015-02-01T12:14:06Z</time>
      </trkpt>
      <trkpt lat="46.427580" lon="23.548418">
        <ele>608.026</ele>
        <time>2015-02-01T12:14:12Z</time>
      </trkpt>
      <trkpt lat="46.427521" lon="23.548511">
        <ele>607.508</ele>
        <time>2015-02-01T12:14:19Z</time>
      </trkpt>
      <trkpt lat="46.427466" lon="23.548618">
        <ele>607.387</ele>
        <time>2015-02-01T12:14:26Z</time>
      </trkpt>
      <trkpt lat="46.427415" lon="23.548711">
        <ele>607.163</ele>
        <time>2015-02-01T12:14:34Z</time>
      </trkpt>
      <trkpt lat="46.427370" lon="23.548813">
        <ele>606.976</ele>
        <time>2015-02-01T12:14:41Z</time>
      </trkpt>
      <trkpt lat="46.427334" lon="23.548925">
        <ele>606.555</ele>
        <time>2015-02-01T12:14:47Z</time>
      </trkpt>
      <trkpt lat="46.427289" lon="23.549031">
        <ele>606.270</ele>
        <time>2015-02-01T12:14:54Z</time>
      </trkpt>
      <trkpt lat="46.427231" lon="23.549126">
        <ele>605.811</ele>
        <time>2015-02-01T12:15:01Z</time>
      </trkpt>
      <trkpt lat="46.427160" lon="23.549221">
        <ele>605.073</ele>
        <time>2015-02-01T12:15:07Z</time>
      </trkpt>
      <trkpt lat="46.427098" lon="23.549311">
        <ele>604.222</ele>
        <time>2015-02-01T12:15:13Z</time>
      </trkpt>
      <trkpt lat="46.427029" lon="23.549393">
        <ele>603.542</ele>
        <time>2015-02-01T12:15:19Z</time>
      </trkpt>
      <trkpt lat="46.426973" lon="23.549495">
        <ele>602.922</ele>
        <time>2015-02-01T12:15:26Z</time>
      </trkpt>
      <trkpt lat="46.426926" lon="23.549591">
        <ele>602.314</ele>
        <time>2015-02-01T12:15:52Z</time>
      </trkpt>
      <trkpt lat="46.426898" lon="23.549715">
        <ele>601.608</ele>
        <time>2015-02-01T12:15:59Z</time>
      </trkpt>
      <trkpt lat="46.426871" lon="23.549829">
        <ele>601.045</ele>
        <time>2015-02-01T12:16:05Z</time>
      </trkpt>
      <trkpt lat="46.426830" lon="23.549933">
        <ele>600.441</ele>
        <time>2015-02-01T12:16:12Z</time>
      </trkpt>
      <trkpt lat="46.426758" lon="23.550013">
        <ele>599.864</ele>
        <time>2015-02-01T12:16:18Z</time>
      </trkpt>
      <trkpt lat="46.426700" lon="23.550096">
        <ele>599.353</ele>
        <time>2015-02-01T12:16:24Z</time>
      </trkpt>
      <trkpt lat="46.426640" lon="23.550188">
        <ele>598.728</ele>
        <time>2015-02-01T12:16:31Z</time>
      </trkpt>
      <trkpt lat="46.426565" lon="23.550261">
        <ele>598.679</ele>
        <time>2015-02-01T12:16:38Z</time>
      </trkpt>
      <trkpt lat="46.426501" lon="23.550343">
        <ele>598.561</ele>
        <time>2015-02-01T12:16:45Z</time>
      </trkpt>
      <trkpt lat="46.426446" lon="23.550451">
        <ele>598.380</ele>
        <time>2015-02-01T12:16:52Z</time>
      </trkpt>
      <trkpt lat="46.426380" lon="23.550540">
        <ele>598.153</ele>
        <time>2015-02-01T12:17:00Z</time>
      </trkpt>
      <trkpt lat="46.426341" lon="23.550658">
        <ele>597.904</ele>
        <time>2015-02-01T12:17:08Z</time>
      </trkpt>
      <trkpt lat="46.426301" lon="23.550768">
        <ele>597.514</ele>
        <time>2015-02-01T12:17:15Z</time>
      </trkpt>
      <trkpt lat="46.426238" lon="23.550861">
        <ele>597.208</ele>
        <time>2015-02-01T12:17:23Z</time>
      </trkpt>
      <trkpt lat="46.426206" lon="23.550973">
        <ele>596.866</ele>
        <time>2015-02-01T12:17:28Z</time>
      </trkpt>
      <trkpt lat="46.426158" lon="23.551088">
        <ele>596.512</ele>
        <time>2015-02-01T12:17:34Z</time>
      </trkpt>
      <trkpt lat="46.426103" lon="23.551200">
        <ele>596.315</ele>
        <time>2015-02-01T12:17:41Z</time>
      </trkpt>
      <trkpt lat="46.426071" lon="23.551321">
        <ele>596.084</ele>
        <time>2015-02-01T12:17:47Z</time>
      </trkpt>
      <trkpt lat="46.426039" lon="23.551444">
        <ele>595.789</ele>
        <time>2015-02-01T12:17:56Z</time>
      </trkpt>
      <trkpt lat="46.426001" lon="23.551560">
        <ele>595.290</ele>
        <time>2015-02-01T12:18:04Z</time>
      </trkpt>
      <trkpt lat="46.425965" lon="23.551690">
        <ele>594.632</ele>
        <time>2015-02-01T12:18:14Z</time>
      </trkpt>
      <trkpt lat="46.425936" lon="23.551825">
        <ele>594.171</ele>
        <time>2015-02-01T12:18:21Z</time>
      </trkpt>
      <trkpt lat="46.425911" lon="23.551955">
        <ele>593.515</ele>
        <time>2015-02-01T12:18:27Z</time>
      </trkpt>
      <trkpt lat="46.425863" lon="23.552080">
        <ele>593.265</ele>
        <time>2015-02-01T12:18:34Z</time>
      </trkpt>
      <trkpt lat="46.425840" lon="23.552194">
        <ele>592.811</ele>
        <time>2015-02-01T12:18:40Z</time>
      </trkpt>
      <trkpt lat="46.425814" lon="23.552308">
        <ele>592.508</ele>
        <time>2015-02-01T12:18:46Z</time>
      </trkpt>
      <trkpt lat="46.425751" lon="23.552399">
        <ele>592.122</ele>
        <time>2015-02-01T12:18:54Z</time>
      </trkpt>
      <trkpt lat="46.425700" lon="23.552500">
        <ele>591.718</ele>
        <time>2015-02-01T12:19:01Z</time>
      </trkpt>
      <trkpt lat="46.425664" lon="23.552611">
        <ele>591.461</ele>
        <time>2015-02-01T12:19:12Z</time>
      </trkpt>
      <trkpt lat="46.425651" lon="23.552733">
        <ele>590.840</ele>
        <time>2015-02-01T12:19:19Z</time>
      </trkpt>
      <trkpt lat="46.425598" lon="23.552826">
        <ele>590.655</ele>
        <time>2015-02-01T12:19:27Z</time>
      </trkpt>
      <trkpt lat="46.425561" lon="23.552943">
        <ele>590.586</ele>
        <time>2015-02-01T12:19:34Z</time>
      </trkpt>
      <trkpt lat="46.425521" lon="23.553051">
        <ele>590.348</ele>
        <time>2015-02-01T12:19:41Z</time>
      </trkpt>
      <trkpt lat="46.425463" lon="23.553155">
        <ele>590.177</ele>
        <time>2015-02-01T12:19:47Z</time>
      </trkpt>
      <trkpt lat="46.425418" lon="23.553269">
        <ele>589.959</ele>
        <time>2015-02-01T12:19:54Z</time>
      </trkpt>
      <trkpt lat="46.425391" lon="23.553398">
        <ele>589.703</ele>
        <time>2015-02-01T12:20:01Z</time>
      </trkpt>
      <trkpt lat="46.425375" lon="23.553526">
        <ele>589.523</ele>
        <time>2015-02-01T12:20:08Z</time>
      </trkpt>
      <trkpt lat="46.425388" lon="23.553668">
        <ele>589.408</ele>
        <time>2015-02-01T12:20:16Z</time>
      </trkpt>
      <trkpt lat="46.425409" lon="23.553781">
        <ele>589.286</ele>
        <time>2015-02-01T12:20:24Z</time>
      </trkpt>
      <trkpt lat="46.425443" lon="23.553903">
        <ele>589.032</ele>
        <time>2015-02-01T12:20:35Z</time>
      </trkpt>
      <trkpt lat="46.425491" lon="23.554011">
        <ele>589.025</ele>
        <time>2015-02-01T12:20:43Z</time>
      </trkpt>
      <trkpt lat="46.425531" lon="23.554125">
        <ele>589.084</ele>
        <time>2015-02-01T12:20:51Z</time>
      </trkpt>
      <trkpt lat="46.425600" lon="23.554205">
        <ele>588.969</ele>
        <time>2015-02-01T12:20:59Z</time>
      </trkpt>
      <trkpt lat="46.425641" lon="23.554326">
        <ele>588.840</ele>
        <time>2015-02-01T12:21:08Z</time>
      </trkpt>
      <trkpt lat="46.425658" lon="23.554453">
        <ele>588.782</ele>
        <time>2015-02-01T12:21:16Z</time>
      </trkpt>
      <trkpt lat="46.425640" lon="23.554586">
        <ele>588.621</ele>
        <time>2015-02-01T12:21:24Z</time>
      </trkpt>
      <trkpt lat="46.425591" lon="23.554688">
        <ele>588.522</ele>
        <time>2015-02-01T12:21:30Z</time>
      </trkpt>
      <trkpt lat="46.425563" lon="23.554813">
        <ele>588.362</ele>
        <time>2015-02-01T12:21:36Z</time>
      </trkpt>
      <trkpt lat="46.425536" lon="23.554938">
        <ele>588.008</ele>
        <time>2015-02-01T12:21:44Z</time>
      </trkpt>
      <trkpt lat="46.425508" lon="23.555056">
        <ele>587.708</ele>
        <time>2015-02-01T12:21:51Z</time>
      </trkpt>
      <trkpt lat="46.425463" lon="23.555171">
        <ele>587.513</ele>
        <time>2015-02-01T12:21:57Z</time>
      </trkpt>
      <trkpt lat="46.425426" lon="23.555301">
        <ele>587.249</ele>
        <time>2015-02-01T12:22:05Z</time>
      </trkpt>
      <trkpt lat="46.425394" lon="23.555411">
        <ele>586.972</ele>
        <time>2015-02-01T12:22:09Z</time>
      </trkpt>
      <trkpt lat="46.425394" lon="23.555538">
        <ele>586.781</ele>
        <time>2015-02-01T12:22:17Z</time>
      </trkpt>
      <trkpt lat="46.425363" lon="23.555650">
        <ele>586.556</ele>
        <time>2015-02-01T12:22:27Z</time>
      </trkpt>
      <trkpt lat="46.425308" lon="23.555751">
        <ele>586.237</ele>
        <time>2015-02-01T12:22:34Z</time>
      </trkpt>
      <trkpt lat="46.425290" lon="23.555881">
        <ele>585.899</ele>
        <time>2015-02-01T12:22:41Z</time>
      </trkpt>
      <trkpt lat="46.425273" lon="23.556016">
        <ele>585.518</ele>
        <time>2015-02-01T12:22:48Z</time>
      </trkpt>
      <trkpt lat="46.425301" lon="23.556130">
        <ele>585.381</ele>
        <time>2015-02-01T12:22:56Z</time>
      </trkpt>
      <trkpt lat="46.425300" lon="23.556255">
        <ele>585.161</ele>
        <time>2015-02-01T12:23:03Z</time>
      </trkpt>
      <trkpt lat="46.425353" lon="23.556350">
        <ele>584.917</ele>
        <time>2015-02-01T12:23:08Z</time>
      </trkpt>
      <trkpt lat="46.425343" lon="23.556466">
        <ele>584.708</ele>
        <time>2015-02-01T12:23:15Z</time>
      </trkpt>
      <trkpt lat="46.425286" lon="23.556556">
        <ele>584.559</ele>
        <time>2015-02-01T12:23:20Z</time>
      </trkpt>
      <trkpt lat="46.425245" lon="23.556675">
        <ele>584.415</ele>
        <time>2015-02-01T12:23:27Z</time>
      </trkpt>
      <trkpt lat="46.425221" lon="23.556791">
        <ele>584.128</ele>
        <time>2015-02-01T12:23:33Z</time>
      </trkpt>
      <trkpt lat="46.425166" lon="23.556880">
        <ele>583.817</ele>
        <time>2015-02-01T12:23:41Z</time>
      </trkpt>
      <trkpt lat="46.425100" lon="23.556961">
        <ele>583.742</ele>
        <time>2015-02-01T12:23:49Z</time>
      </trkpt>
      <trkpt lat="46.425048" lon="23.557055">
        <ele>583.653</ele>
        <time>2015-02-01T12:23:57Z</time>
      </trkpt>
      <trkpt lat="46.424998" lon="23.557156">
        <ele>583.555</ele>
        <time>2015-02-01T12:24:03Z</time>
      </trkpt>
      <trkpt lat="46.424935" lon="23.557253">
        <ele>583.534</ele>
        <time>2015-02-01T12:24:09Z</time>
      </trkpt>
      <trkpt lat="46.424884" lon="23.557360">
        <ele>583.478</ele>
        <time>2015-02-01T12:24:16Z</time>
      </trkpt>
      <trkpt lat="46.424835" lon="23.557461">
        <ele>582.833</ele>
        <time>2015-02-01T12:24:22Z</time>
      </trkpt>
      <trkpt lat="46.424783" lon="23.557574">
        <ele>582.326</ele>
        <time>2015-02-01T12:24:29Z</time>
      </trkpt>
      <trkpt lat="46.424726" lon="23.557660">
        <ele>581.708</ele>
        <time>2015-02-01T12:24:38Z</time>
      </trkpt>
      <trkpt lat="46.424678" lon="23.557766">
        <ele>581.238</ele>
        <time>2015-02-01T12:24:44Z</time>
      </trkpt>
      <trkpt lat="46.424641" lon="23.557873">
        <ele>580.734</ele>
        <time>2015-02-01T12:24:50Z</time>
      </trkpt>
      <trkpt lat="46.424616" lon="23.557995">
        <ele>580.377</ele>
        <time>2015-02-01T12:24:56Z</time>
      </trkpt>
      <trkpt lat="46.424561" lon="23.558100">
        <ele>579.876</ele>
        <time>2015-02-01T12:25:06Z</time>
      </trkpt>
      <trkpt lat="46.424511" lon="23.558193">
        <ele>579.431</ele>
        <time>2015-02-01T12:25:12Z</time>
      </trkpt>
      <trkpt lat="46.424463" lon="23.558296">
        <ele>578.942</ele>
        <time>2015-02-01T12:25:18Z</time>
      </trkpt>
      <trkpt lat="46.424414" lon="23.558401">
        <ele>578.434</ele>
        <time>2015-02-01T12:25:25Z</time>
      </trkpt>
      <trkpt lat="46.424366" lon="23.558508">
        <ele>577.893</ele>
        <time>2015-02-01T12:25:33Z</time>
      </trkpt>
      <trkpt lat="46.424301" lon="23.558603">
        <ele>577.718</ele>
        <time>2015-02-01T12:25:41Z</time>
      </trkpt>
      <trkpt lat="46.424248" lon="23.558696">
        <ele>577.698</ele>
        <time>2015-02-01T12:25:48Z</time>
      </trkpt>
      <trkpt lat="46.424201" lon="23.558795">
        <ele>577.517</ele>
        <time>2015-02-01T12:25:54Z</time>
      </trkpt>
      <trkpt lat="46.424143" lon="23.558891">
        <ele>577.508</ele>
        <time>2015-02-01T12:26:02Z</time>
      </trkpt>
      <trkpt lat="46.424081" lon="23.558968">
        <ele>577.412</ele>
        <time>2015-02-01T12:26:09Z</time>
      </trkpt>
      <trkpt lat="46.424029" lon="23.559075">
        <ele>577.348</ele>
        <time>2015-02-01T12:26:17Z</time>
      </trkpt>
      <trkpt lat="46.423971" lon="23.559170">
        <ele>577.031</ele>
        <time>2015-02-01T12:26:21Z</time>
      </trkpt>
      <trkpt lat="46.423915" lon="23.559266">
        <ele>576.740</ele>
        <time>2015-02-01T12:26:27Z</time>
      </trkpt>
      <trkpt lat="46.423856" lon="23.559356">
        <ele>576.545</ele>
        <time>2015-02-01T12:26:34Z</time>
      </trkpt>
      <trkpt lat="46.423800" lon="23.559461">
        <ele>576.366</ele>
        <time>2015-02-01T12:26:41Z</time>
      </trkpt>
      <trkpt lat="46.423755" lon="23.559566">
        <ele>576.128</ele>
        <time>2015-02-01T12:26:48Z</time>
      </trkpt>
      <trkpt lat="46.423726" lon="23.559693">
        <ele>575.967</ele>
        <time>2015-02-01T12:26:56Z</time>
      </trkpt>
      <trkpt lat="46.423681" lon="23.559800">
        <ele>575.785</ele>
        <time>2015-02-01T12:27:04Z</time>
      </trkpt>
      <trkpt lat="46.423631" lon="23.559903">
        <ele>575.589</ele>
        <time>2015-02-01T12:27:10Z</time>
      </trkpt>
      <trkpt lat="46.423581" lon="23.559998">
        <ele>575.317</ele>
        <time>2015-02-01T12:27:17Z</time>
      </trkpt>
      <trkpt lat="46.423531" lon="23.560100">
        <ele>575.008</ele>
        <time>2015-02-01T12:27:24Z</time>
      </trkpt>
      <trkpt lat="46.423481" lon="23.560211">
        <ele>574.729</ele>
        <time>2015-02-01T12:27:31Z</time>
      </trkpt>
      <trkpt lat="46.423436" lon="23.560328">
        <ele>574.615</ele>
        <time>2015-02-01T12:27:39Z</time>
      </trkpt>
      <trkpt lat="46.423383" lon="23.560435">
        <ele>574.578</ele>
        <time>2015-02-01T12:27:47Z</time>
      </trkpt>
      <trkpt lat="46.423346" lon="23.560548">
        <ele>574.537</ele>
        <time>2015-02-01T12:27:53Z</time>
      </trkpt>
      <trkpt lat="46.423306" lon="23.560661">
        <ele>574.442</ele>
        <time>2015-02-01T12:28:00Z</time>
      </trkpt>
      <trkpt lat="46.423246" lon="23.560760">
        <ele>574.373</ele>
        <time>2015-02-01T12:28:06Z</time>
      </trkpt>
      <trkpt lat="46.423208" lon="23.560871">
        <ele>574.255</ele>
        <time>2015-02-01T12:28:13Z</time>
      </trkpt>
      <trkpt lat="46.423145" lon="23.560945">
        <ele>574.044</ele>
        <time>2015-02-01T12:28:19Z</time>
      </trkpt>
      <trkpt lat="46.423061" lon="23.560985">
        <ele>573.839</ele>
        <time>2015-02-01T12:28:29Z</time>
      </trkpt>
      <trkpt lat="46.422986" lon="23.561056">
        <ele>573.701</ele>
        <time>2015-02-01T12:28:37Z</time>
      </trkpt>
      <trkpt lat="46.422914" lon="23.561121">
        <ele>573.621</ele>
        <time>2015-02-01T12:28:45Z</time>
      </trkpt>
      <trkpt lat="46.422838" lon="23.561188">
        <ele>573.508</ele>
        <time>2015-02-01T12:28:52Z</time>
      </trkpt>
      <trkpt lat="46.422775" lon="23.561293">
        <ele>573.434</ele>
        <time>2015-02-01T12:28:59Z</time>
      </trkpt>
      <trkpt lat="46.422781" lon="23.561418">
        <ele>573.210</ele>
        <time>2015-02-01T12:29:06Z</time>
      </trkpt>
      <trkpt lat="46.422836" lon="23.561520">
        <ele>573.073</ele>
        <time>2015-02-01T12:29:14Z</time>
      </trkpt>
      <trkpt lat="46.422858" lon="23.561633">
        <ele>572.832</ele>
        <time>2015-02-01T12:29:19Z</time>
      </trkpt>
      <trkpt lat="46.422946" lon="23.561656">
        <ele>572.657</ele>
        <time>2015-02-01T12:29:25Z</time>
      </trkpt>
      <trkpt lat="46.423021" lon="23.561723">
        <ele>572.558</ele>
        <time>2015-02-01T12:29:32Z</time>
      </trkpt>
      <trkpt lat="46.423095" lon="23.561780">
        <ele>572.150</ele>
        <time>2015-02-01T12:29:39Z</time>
      </trkpt>
      <trkpt lat="46.423145" lon="23.561878">
        <ele>571.749</ele>
        <time>2015-02-01T12:29:48Z</time>
      </trkpt>
      <trkpt lat="46.423188" lon="23.561991">
        <ele>571.471</ele>
        <time>2015-02-01T12:29:55Z</time>
      </trkpt>
      <trkpt lat="46.423266" lon="23.562055">
        <ele>571.041</ele>
        <time>2015-02-01T12:30:03Z</time>
      </trkpt>
      <trkpt lat="46.423353" lon="23.562093">
        <ele>570.615</ele>
        <time>2015-02-01T12:30:10Z</time>
      </trkpt>
      <trkpt lat="46.423433" lon="23.562133">
        <ele>570.208</ele>
        <time>2015-02-01T12:30:16Z</time>
      </trkpt>
      <trkpt lat="46.423495" lon="23.562218">
        <ele>569.728</ele>
        <time>2015-02-01T12:30:24Z</time>
      </trkpt>
      <trkpt lat="46.423576" lon="23.562265">
        <ele>569.364</ele>
        <time>2015-02-01T12:30:32Z</time>
      </trkpt>
      <trkpt lat="46.423663" lon="23.562254">
        <ele>568.857</ele>
        <time>2015-02-01T12:30:39Z</time>
      </trkpt>
      <trkpt lat="46.423739" lon="23.562205">
        <ele>568.456</ele>
        <time>2015-02-01T12:30:44Z</time>
      </trkpt>
      <trkpt lat="46.423828" lon="23.562175">
        <ele>567.941</ele>
        <time>2015-02-01T12:30:51Z</time>
      </trkpt>
      <trkpt lat="46.423909" lon="23.562146">
        <ele>568.182</ele>
        <time>2015-02-01T12:30:57Z</time>
      </trkpt>
      <trkpt lat="46.423995" lon="23.562130">
        <ele>567.994</ele>
        <time>2015-02-01T12:31:05Z</time>
      </trkpt>
      <trkpt lat="46.424078" lon="23.562143">
        <ele>568.143</ele>
        <time>2015-02-01T12:31:16Z</time>
      </trkpt>
      <trkpt lat="46.424164" lon="23.562141">
        <ele>568.381</ele>
        <time>2015-02-01T12:31:25Z</time>
      </trkpt>
      <trkpt lat="46.424253" lon="23.562104">
        <ele>568.561</ele>
        <time>2015-02-01T12:31:33Z</time>
      </trkpt>
      <trkpt lat="46.424333" lon="23.562086">
        <ele>568.817</ele>
        <time>2015-02-01T12:31:40Z</time>
      </trkpt>
      <trkpt lat="46.424411" lon="23.562119">
        <ele>569.208</ele>
        <time>2015-02-01T12:31:53Z</time>
      </trkpt>
      <trkpt lat="46.424505" lon="23.562051">
        <ele>569.549</ele>
        <time>2015-02-01T12:31:59Z</time>
      </trkpt>
      <trkpt lat="46.424593" lon="23.562013">
        <ele>569.975</ele>
        <time>2015-02-01T12:32:04Z</time>
      </trkpt>
      <trkpt lat="46.424678" lon="23.561996">
        <ele>570.388</ele>
        <time>2015-02-01T12:32:12Z</time>
      </trkpt>
      <trkpt lat="46.424770" lon="23.562003">
        <ele>570.647</ele>
        <time>2015-02-01T12:32:19Z</time>
      </trkpt>
      <trkpt lat="46.424854" lon="23.562005">
        <ele>570.652</ele>
        <time>2015-02-01T12:32:27Z</time>
      </trkpt>
      <trkpt lat="46.424931" lon="23.561966">
        <ele>571.063</ele>
        <time>2015-02-01T12:32:34Z</time>
      </trkpt>
      <trkpt lat="46.425020" lon="23.561963">
        <ele>570.735</ele>
        <time>2015-02-01T12:32:40Z</time>
      </trkpt>
      <trkpt lat="46.425111" lon="23.561956">
        <ele>570.574</ele>
        <time>2015-02-01T12:32:48Z</time>
      </trkpt>
      <trkpt lat="46.425195" lon="23.561930">
        <ele>570.242</ele>
        <time>2015-02-01T12:32:56Z</time>
      </trkpt>
      <trkpt lat="46.425278" lon="23.561924">
        <ele>569.922</ele>
        <time>2015-02-01T12:33:05Z</time>
      </trkpt>
      <trkpt lat="46.425364" lon="23.561896">
        <ele>569.614</ele>
        <time>2015-02-01T12:33:12Z</time>
      </trkpt>
      <trkpt lat="46.425451" lon="23.561886">
        <ele>569.408</ele>
        <time>2015-02-01T12:33:21Z</time>
      </trkpt>
      <trkpt lat="46.425548" lon="23.561876">
        <ele>569.135</ele>
        <time>2015-02-01T12:33:28Z</time>
      </trkpt>
      <trkpt lat="46.425630" lon="23.561858">
        <ele>568.891</ele>
        <time>2015-02-01T12:33:34Z</time>
      </trkpt>
      <trkpt lat="46.425720" lon="23.561845">
        <ele>568.594</ele>
        <time>2015-02-01T12:33:43Z</time>
      </trkpt>
      <trkpt lat="46.425805" lon="23.561831">
        <ele>568.343</ele>
        <time>2015-02-01T12:33:50Z</time>
      </trkpt>
      <trkpt lat="46.425900" lon="23.561818">
        <ele>567.548</ele>
        <time>2015-02-01T12:34:00Z</time>
      </trkpt>
      <trkpt lat="46.425979" lon="23.561780">
        <ele>567.159</ele>
        <time>2015-02-01T12:34:09Z</time>
      </trkpt>
      <trkpt lat="46.426063" lon="23.561735">
        <ele>566.691</ele>
        <time>2015-02-01T12:34:17Z</time>
      </trkpt>
      <trkpt lat="46.426145" lon="23.561696">
        <ele>566.240</ele>
        <time>2015-02-01T12:34:22Z</time>
      </trkpt>
      <trkpt lat="46.426230" lon="23.561660">
        <ele>565.753</ele>
        <time>2015-02-01T12:34:29Z</time>
      </trkpt>
      <trkpt lat="46.426316" lon="23.561636">
        <ele>565.304</ele>
        <time>2015-02-01T12:34:35Z</time>
      </trkpt>
      <trkpt lat="46.426405" lon="23.561606">
        <ele>564.814</ele>
        <time>2015-02-01T12:34:43Z</time>
      </trkpt>
      <trkpt lat="46.426536" lon="23.561551">
        <ele>564.408</ele>
        <time>2015-02-01T12:35:05Z</time>
      </trkpt>
      <trkpt lat="46.426613" lon="23.561508">
        <ele>565.236</ele>
        <time>2015-02-01T12:35:20Z</time>
      </trkpt>
      <trkpt lat="46.426693" lon="23.561451">
        <ele>564.942</ele>
        <time>2015-02-01T12:35:29Z</time>
      </trkpt>
      <trkpt lat="46.426773" lon="23.561406">
        <ele>564.645</ele>
        <time>2015-02-01T12:35:36Z</time>
      </trkpt>
      <trkpt lat="46.426851" lon="23.561373">
        <ele>564.814</ele>
        <time>2015-02-01T12:35:47Z</time>
      </trkpt>
      <trkpt lat="46.426948" lon="23.561310">
        <ele>565.089</ele>
        <time>2015-02-01T12:35:55Z</time>
      </trkpt>
      <trkpt lat="46.427028" lon="23.561268">
        <ele>565.250</ele>
        <time>2015-02-01T12:35:59Z</time>
      </trkpt>
      <trkpt lat="46.427111" lon="23.561266">
        <ele>565.452</ele>
        <time>2015-02-01T12:36:07Z</time>
      </trkpt>
      <trkpt lat="46.427195" lon="23.561263">
        <ele>565.521</ele>
        <time>2015-02-01T12:36:13Z</time>
      </trkpt>
      <trkpt lat="46.427273" lon="23.561220">
        <ele>565.781</ele>
        <time>2015-02-01T12:36:19Z</time>
      </trkpt>
      <trkpt lat="46.427353" lon="23.561194">
        <ele>565.961</ele>
        <time>2015-02-01T12:36:28Z</time>
      </trkpt>
      <trkpt lat="46.427443" lon="23.561185">
        <ele>566.117</ele>
        <time>2015-02-01T12:36:35Z</time>
      </trkpt>
      <trkpt lat="46.427526" lon="23.561183">
        <ele>565.008</ele>
        <time>2015-02-01T12:36:43Z</time>
      </trkpt>
      <trkpt lat="46.427610" lon="23.561113">
        <ele>564.689</ele>
        <time>2015-02-01T12:36:49Z</time>
      </trkpt>
      <trkpt lat="46.427710" lon="23.561100">
        <ele>564.325</ele>
        <time>2015-02-01T12:36:57Z</time>
      </trkpt>
      <trkpt lat="46.427791" lon="23.561143">
        <ele>563.978</ele>
        <time>2015-02-01T12:37:10Z</time>
      </trkpt>
      <trkpt lat="46.427873" lon="23.561158">
        <ele>563.517</ele>
        <time>2015-02-01T12:37:21Z</time>
      </trkpt>
      <trkpt lat="46.427963" lon="23.561128">
        <ele>563.242</ele>
        <time>2015-02-01T12:37:27Z</time>
      </trkpt>
      <trkpt lat="46.428045" lon="23.561101">
        <ele>562.823</ele>
        <time>2015-02-01T12:37:33Z</time>
      </trkpt>
      <trkpt lat="46.428125" lon="23.561128">
        <ele>562.545</ele>
        <time>2015-02-01T12:37:39Z</time>
      </trkpt>
      <trkpt lat="46.428210" lon="23.561121">
        <ele>562.124</ele>
        <time>2015-02-01T12:37:44Z</time>
      </trkpt>
      <trkpt lat="46.428301" lon="23.561130">
        <ele>561.741</ele>
        <time>2015-02-01T12:37:51Z</time>
      </trkpt>
      <trkpt lat="46.428388" lon="23.561103">
        <ele>561.281</ele>
        <time>2015-02-01T12:37:55Z</time>
      </trkpt>
      <trkpt lat="46.428476" lon="23.561108">
        <ele>560.609</ele>
        <time>2015-02-01T12:38:01Z</time>
      </trkpt>
      <trkpt lat="46.428558" lon="23.561103">
        <ele>560.508</ele>
        <time>2015-02-01T12:38:06Z</time>
      </trkpt>
      <trkpt lat="46.428648" lon="23.561108">
        <ele>560.375</ele>
        <time>2015-02-01T12:38:13Z</time>
      </trkpt>
      <trkpt lat="46.428735" lon="23.561138">
        <ele>560.191</ele>
        <time>2015-02-01T12:38:19Z</time>
      </trkpt>
      <trkpt lat="46.428825" lon="23.561133">
        <ele>559.984</ele>
        <time>2015-02-01T12:38:25Z</time>
      </trkpt>
      <trkpt lat="46.428908" lon="23.561141">
        <ele>559.723</ele>
        <time>2015-02-01T12:38:30Z</time>
      </trkpt>
      <trkpt lat="46.428990" lon="23.561163">
        <ele>559.568</ele>
        <time>2015-02-01T12:38:35Z</time>
      </trkpt>
      <trkpt lat="46.429083" lon="23.561146">
        <ele>559.419</ele>
        <time>2015-02-01T12:38:40Z</time>
      </trkpt>
      <trkpt lat="46.429170" lon="23.561128">
        <ele>559.251</ele>
        <time>2015-02-01T12:38:45Z</time>
      </trkpt>
      <trkpt lat="46.429255" lon="23.561115">
        <ele>558.930</ele>
        <time>2015-02-01T12:38:51Z</time>
      </trkpt>
      <trkpt lat="46.429325" lon="23.561181">
        <ele>558.855</ele>
        <time>2015-02-01T12:39:01Z</time>
      </trkpt>
      <trkpt lat="46.429406" lon="23.561181">
        <ele>558.707</ele>
        <time>2015-02-01T12:39:06Z</time>
      </trkpt>
      <trkpt lat="46.429501" lon="23.561201">
        <ele>558.617</ele>
        <time>2015-02-01T12:39:13Z</time>
      </trkpt>
      <trkpt lat="46.429584" lon="23.561186">
        <ele>558.508</ele>
        <time>2015-02-01T12:39:18Z</time>
      </trkpt>
      <trkpt lat="46.429668" lon="23.561178">
        <ele>558.586</ele>
        <time>2015-02-01T12:39:23Z</time>
      </trkpt>
      <trkpt lat="46.429754" lon="23.561173">
        <ele>558.442</ele>
        <time>2015-02-01T12:39:33Z</time>
      </trkpt>
      <trkpt lat="46.429840" lon="23.561151">
        <ele>558.385</ele>
        <time>2015-02-01T12:39:40Z</time>
      </trkpt>
      <trkpt lat="46.429931" lon="23.561146">
        <ele>558.294</ele>
        <time>2015-02-01T12:39:46Z</time>
      </trkpt>
      <trkpt lat="46.430020" lon="23.561131">
        <ele>557.749</ele>
        <time>2015-02-01T12:39:53Z</time>
      </trkpt>
      <trkpt lat="46.430098" lon="23.561101">
        <ele>557.320</ele>
        <time>2015-02-01T12:39:59Z</time>
      </trkpt>
      <trkpt lat="46.430183" lon="23.561058">
        <ele>556.982</ele>
        <time>2015-02-01T12:40:05Z</time>
      </trkpt>
      <trkpt lat="46.430271" lon="23.561035">
        <ele>556.531</ele>
        <time>2015-02-01T12:40:12Z</time>
      </trkpt>
      <trkpt lat="46.430356" lon="23.561006">
        <ele>556.243</ele>
        <time>2015-02-01T12:40:24Z</time>
      </trkpt>
      <trkpt lat="46.430443" lon="23.561014">
        <ele>555.864</ele>
        <time>2015-02-01T12:40:33Z</time>
      </trkpt>
      <trkpt lat="46.430533" lon="23.560983">
        <ele>555.510</ele>
        <time>2015-02-01T12:40:39Z</time>
      </trkpt>
      <trkpt lat="46.430620" lon="23.560951">
        <ele>555.108</ele>
        <time>2015-02-01T12:40:44Z</time>
      </trkpt>
      <trkpt lat="46.430708" lon="23.560921">
        <ele>554.725</ele>
        <time>2015-02-01T12:40:49Z</time>
      </trkpt>
      <trkpt lat="46.430788" lon="23.560941">
        <ele>554.461</ele>
        <time>2015-02-01T12:40:56Z</time>
      </trkpt>
      <trkpt lat="46.430885" lon="23.560938">
        <ele>554.024</ele>
        <time>2015-02-01T12:41:02Z</time>
      </trkpt>
      <trkpt lat="46.430983" lon="23.560951">
        <ele>554.053</ele>
        <time>2015-02-01T12:41:07Z</time>
      </trkpt>
      <trkpt lat="46.431070" lon="23.560986">
        <ele>554.048</ele>
        <time>2015-02-01T12:41:14Z</time>
      </trkpt>
      <trkpt lat="46.431149" lon="23.561020">
        <ele>554.049</ele>
        <time>2015-02-01T12:41:21Z</time>
      </trkpt>
      <trkpt lat="46.431239" lon="23.561041">
        <ele>554.091</ele>
        <time>2015-02-01T12:41:28Z</time>
      </trkpt>
      <trkpt lat="46.431326" lon="23.561044">
        <ele>554.020</ele>
        <time>2015-02-01T12:41:38Z</time>
      </trkpt>
      <trkpt lat="46.431408" lon="23.561043">
        <ele>554.032</ele>
        <time>2015-02-01T12:41:45Z</time>
      </trkpt>
      <trkpt lat="46.431490" lon="23.561066">
        <ele>554.092</ele>
        <time>2015-02-01T12:41:54Z</time>
      </trkpt>
      <trkpt lat="46.431575" lon="23.561058">
        <ele>554.011</ele>
        <time>2015-02-01T12:42:02Z</time>
      </trkpt>
      <trkpt lat="46.431661" lon="23.561055">
        <ele>553.908</ele>
        <time>2015-02-01T12:42:10Z</time>
      </trkpt>
      <trkpt lat="46.431746" lon="23.561075">
        <ele>553.834</ele>
        <time>2015-02-01T12:42:17Z</time>
      </trkpt>
      <trkpt lat="46.431830" lon="23.561051">
        <ele>553.770</ele>
        <time>2015-02-01T12:42:23Z</time>
      </trkpt>
      <trkpt lat="46.431925" lon="23.561041">
        <ele>553.673</ele>
        <time>2015-02-01T12:42:30Z</time>
      </trkpt>
      <trkpt lat="46.432010" lon="23.561030">
        <ele>553.552</ele>
        <time>2015-02-01T12:42:36Z</time>
      </trkpt>
      <trkpt lat="46.432095" lon="23.561026">
        <ele>553.577</ele>
        <time>2015-02-01T12:42:45Z</time>
      </trkpt>
      <trkpt lat="46.432186" lon="23.561006">
        <ele>553.438</ele>
        <time>2015-02-01T12:42:49Z</time>
      </trkpt>
      <trkpt lat="46.432275" lon="23.560983">
        <ele>553.340</ele>
        <time>2015-02-01T12:42:56Z</time>
      </trkpt>
      <trkpt lat="46.432363" lon="23.560936">
        <ele>553.249</ele>
        <time>2015-02-01T12:43:03Z</time>
      </trkpt>
      <trkpt lat="46.432445" lon="23.560913">
        <ele>553.116</ele>
        <time>2015-02-01T12:43:12Z</time>
      </trkpt>
      <trkpt lat="46.432535" lon="23.560928">
        <ele>553.076</ele>
        <time>2015-02-01T12:43:23Z</time>
      </trkpt>
      <trkpt lat="46.432616" lon="23.560936">
        <ele>552.813</ele>
        <time>2015-02-01T12:43:32Z</time>
      </trkpt>
      <trkpt lat="46.432698" lon="23.560900">
        <ele>552.608</ele>
        <time>2015-02-01T12:43:38Z</time>
      </trkpt>
      <trkpt lat="46.432780" lon="23.560856">
        <ele>552.512</ele>
        <time>2015-02-01T12:43:44Z</time>
      </trkpt>
      <trkpt lat="46.432864" lon="23.560815">
        <ele>552.328</ele>
        <time>2015-02-01T12:43:51Z</time>
      </trkpt>
      <trkpt lat="46.432954" lon="23.560815">
        <ele>552.191</ele>
        <time>2015-02-01T12:43:57Z</time>
      </trkpt>
      <trkpt lat="46.433033" lon="23.560774">
        <ele>551.920</ele>
        <time>2015-02-01T12:44:03Z</time>
      </trkpt>
      <trkpt lat="46.433108" lon="23.560726">
        <ele>551.755</ele>
        <time>2015-02-01T12:44:12Z</time>
      </trkpt>
      <trkpt lat="46.433191" lon="23.560688">
        <ele>551.896</ele>
        <time>2015-02-01T12:44:20Z</time>
      </trkpt>
      <trkpt lat="46.433271" lon="23.560658">
        <ele>551.938</ele>
        <time>2015-02-01T12:44:26Z</time>
      </trkpt>
      <trkpt lat="46.433351" lon="23.560601">
        <ele>552.097</ele>
        <time>2015-02-01T12:44:34Z</time>
      </trkpt>
      <trkpt lat="46.433433" lon="23.560556">
        <ele>551.921</ele>
        <time>2015-02-01T12:44:41Z</time>
      </trkpt>
      <trkpt lat="46.433516" lon="23.560498">
        <ele>552.041</ele>
        <time>2015-02-01T12:44:47Z</time>
      </trkpt>
      <trkpt lat="46.433596" lon="23.560448">
        <ele>552.105</ele>
        <time>2015-02-01T12:44:53Z</time>
      </trkpt>
      <trkpt lat="46.433680" lon="23.560408">
        <ele>552.208</ele>
        <time>2015-02-01T12:45:00Z</time>
      </trkpt>
      <trkpt lat="46.433770" lon="23.560401">
        <ele>551.753</ele>
        <time>2015-02-01T12:45:06Z</time>
      </trkpt>
      <trkpt lat="46.433856" lon="23.560388">
        <ele>551.369</ele>
        <time>2015-02-01T12:45:13Z</time>
      </trkpt>
      <trkpt lat="46.433943" lon="23.560396">
        <ele>550.842</ele>
        <time>2015-02-01T12:45:21Z</time>
      </trkpt>
      <trkpt lat="46.434036" lon="23.560391">
        <ele>550.491</ele>
        <time>2015-02-01T12:45:30Z</time>
      </trkpt>
      <trkpt lat="46.434111" lon="23.560436">
        <ele>549.626</ele>
        <time>2015-02-01T12:45:38Z</time>
      </trkpt>
      <trkpt lat="46.434196" lon="23.560451">
        <ele>548.947</ele>
        <time>2015-02-01T12:45:45Z</time>
      </trkpt>
      <trkpt lat="46.434276" lon="23.560488">
        <ele>548.589</ele>
        <time>2015-02-01T12:45:52Z</time>
      </trkpt>
      <trkpt lat="46.434353" lon="23.560536">
        <ele>548.268</ele>
        <time>2015-02-01T12:45:58Z</time>
      </trkpt>
      <trkpt lat="46.434431" lon="23.560608">
        <ele>547.999</ele>
        <time>2015-02-01T12:46:04Z</time>
      </trkpt>
      <trkpt lat="46.434506" lon="23.560660">
        <ele>547.607</ele>
        <time>2015-02-01T12:46:10Z</time>
      </trkpt>
      <trkpt lat="46.434570" lon="23.560761">
        <ele>547.427</ele>
        <time>2015-02-01T12:46:18Z</time>
      </trkpt>
      <trkpt lat="46.434619" lon="23.560855">
        <ele>547.608</ele>
        <time>2015-02-01T12:46:26Z</time>
      </trkpt>
      <trkpt lat="46.434695" lon="23.560921">
        <ele>547.550</ele>
        <time>2015-02-01T12:46:34Z</time>
      </trkpt>
      <trkpt lat="46.434724" lon="23.561038">
        <ele>547.566</ele>
        <time>2015-02-01T12:46:40Z</time>
      </trkpt>
      <trkpt lat="46.434790" lon="23.561126">
        <ele>547.479</ele>
        <time>2015-02-01T12:46:47Z</time>
      </trkpt>
      <trkpt lat="46.434856" lon="23.561194">
        <ele>547.388</ele>
        <time>2015-02-01T12:46:55Z</time>
      </trkpt>
      <trkpt lat="46.434936" lon="23.561260">
        <ele>547.223</ele>
        <time>2015-02-01T12:47:03Z</time>
      </trkpt>
      <trkpt lat="46.435023" lon="23.561308">
        <ele>546.824</ele>
        <time>2015-02-01T12:47:09Z</time>
      </trkpt>
      <trkpt lat="46.435101" lon="23.561340">
        <ele>546.566</ele>
        <time>2015-02-01T12:47:15Z</time>
      </trkpt>
      <trkpt lat="46.435183" lon="23.561359">
        <ele>546.185</ele>
        <time>2015-02-01T12:47:21Z</time>
      </trkpt>
      <trkpt lat="46.435288" lon="23.561359">
        <ele>545.715</ele>
        <time>2015-02-01T12:47:28Z</time>
      </trkpt>
      <trkpt lat="46.435373" lon="23.561388">
        <ele>545.465</ele>
        <time>2015-02-01T12:47:35Z</time>
      </trkpt>
      <trkpt lat="46.435468" lon="23.561396">
        <ele>545.011</ele>
        <time>2015-02-01T12:47:41Z</time>
      </trkpt>
      <trkpt lat="46.435550" lon="23.561401">
        <ele>545.008</ele>
        <time>2015-02-01T12:47:46Z</time>
      </trkpt>
      <trkpt lat="46.435635" lon="23.561418">
        <ele>545.022</ele>
        <time>2015-02-01T12:47:53Z</time>
      </trkpt>
      <trkpt lat="46.435723" lon="23.561421">
        <ele>545.068</ele>
        <time>2015-02-01T12:48:01Z</time>
      </trkpt>
      <trkpt lat="46.435806" lon="23.561435">
        <ele>545.021</ele>
        <time>2015-02-01T12:48:07Z</time>
      </trkpt>
      <trkpt lat="46.435888" lon="23.561421">
        <ele>544.980</ele>
        <time>2015-02-01T12:48:16Z</time>
      </trkpt>
      <trkpt lat="46.435984" lon="23.561400">
        <ele>544.835</ele>
        <time>2015-02-01T12:48:23Z</time>
      </trkpt>
      <trkpt lat="46.436068" lon="23.561401">
        <ele>544.736</ele>
        <time>2015-02-01T12:48:29Z</time>
      </trkpt>
      <trkpt lat="46.436166" lon="23.561438">
        <ele>544.638</ele>
        <time>2015-02-01T12:48:38Z</time>
      </trkpt>
      <trkpt lat="46.436256" lon="23.561455">
        <ele>544.537</ele>
        <time>2015-02-01T12:48:44Z</time>
      </trkpt>
      <trkpt lat="46.436343" lon="23.561449">
        <ele>544.511</ele>
        <time>2015-02-01T12:48:51Z</time>
      </trkpt>
      <trkpt lat="46.436431" lon="23.561483">
        <ele>544.421</ele>
        <time>2015-02-01T12:49:00Z</time>
      </trkpt>
      <trkpt lat="46.436516" lon="23.561461">
        <ele>544.303</ele>
        <time>2015-02-01T12:49:07Z</time>
      </trkpt>
      <trkpt lat="46.436600" lon="23.561466">
        <ele>544.208</ele>
        <time>2015-02-01T12:49:15Z</time>
      </trkpt>
      <trkpt lat="46.436678" lon="23.561543">
        <ele>544.512</ele>
        <time>2015-02-01T12:49:23Z</time>
      </trkpt>
      <trkpt lat="46.436760" lon="23.561546">
        <ele>544.728</ele>
        <time>2015-02-01T12:49:28Z</time>
      </trkpt>
      <trkpt lat="46.436853" lon="23.561571">
        <ele>545.151</ele>
        <time>2015-02-01T12:49:35Z</time>
      </trkpt>
      <trkpt lat="46.436934" lon="23.561575">
        <ele>545.580</ele>
        <time>2015-02-01T12:49:41Z</time>
      </trkpt>
      <trkpt lat="46.437013" lon="23.561605">
        <ele>545.855</ele>
        <time>2015-02-01T12:49:47Z</time>
      </trkpt>
      <trkpt lat="46.437105" lon="23.561616">
        <ele>546.246</ele>
        <time>2015-02-01T12:49:53Z</time>
      </trkpt>
      <trkpt lat="46.437175" lon="23.561690">
        <ele>546.558</ele>
        <time>2015-02-01T12:50:01Z</time>
      </trkpt>
      <trkpt lat="46.437245" lon="23.561763">
        <ele>546.917</ele>
        <time>2015-02-01T12:50:09Z</time>
      </trkpt>
      <trkpt lat="46.437335" lon="23.561774">
        <ele>547.341</ele>
        <time>2015-02-01T12:50:15Z</time>
      </trkpt>
      <trkpt lat="46.437435" lon="23.561761">
        <ele>547.681</ele>
        <time>2015-02-01T12:50:20Z</time>
      </trkpt>
      <trkpt lat="46.437516" lon="23.561758">
        <ele>548.009</ele>
        <time>2015-02-01T12:50:25Z</time>
      </trkpt>
      <trkpt lat="46.437594" lon="23.561808">
        <ele>548.208</ele>
        <time>2015-02-01T12:50:32Z</time>
      </trkpt>
      <trkpt lat="46.437671" lon="23.561861">
        <ele>548.435</ele>
        <time>2015-02-01T12:50:41Z</time>
      </trkpt>
      <trkpt lat="46.437753" lon="23.561886">
        <ele>548.511</ele>
        <time>2015-02-01T12:50:48Z</time>
      </trkpt>
      <trkpt lat="46.437834" lon="23.561931">
        <ele>548.364</ele>
        <time>2015-02-01T12:50:57Z</time>
      </trkpt>
      <trkpt lat="46.437921" lon="23.561973">
        <ele>548.023</ele>
        <time>2015-02-01T12:51:04Z</time>
      </trkpt>
      <trkpt lat="46.437993" lon="23.562028">
        <ele>547.798</ele>
        <time>2015-02-01T12:51:10Z</time>
      </trkpt>
      <trkpt lat="46.438085" lon="23.562041">
        <ele>547.529</ele>
        <time>2015-02-01T12:51:17Z</time>
      </trkpt>
      <trkpt lat="46.438168" lon="23.562070">
        <ele>547.281</ele>
        <time>2015-02-01T12:51:24Z</time>
      </trkpt>
      <trkpt lat="46.438246" lon="23.562119">
        <ele>546.950</ele>
        <time>2015-02-01T12:51:31Z</time>
      </trkpt>
      <trkpt lat="46.438333" lon="23.562170">
        <ele>546.651</ele>
        <time>2015-02-01T12:51:38Z</time>
      </trkpt>
      <trkpt lat="46.438408" lon="23.562228">
        <ele>546.401</ele>
        <time>2015-02-01T12:51:44Z</time>
      </trkpt>
      <trkpt lat="46.438476" lon="23.562311">
        <ele>546.311</ele>
        <time>2015-02-01T12:51:52Z</time>
      </trkpt>
      <trkpt lat="46.438525" lon="23.562415">
        <ele>546.208</ele>
        <time>2015-02-01T12:51:55Z</time>
      </trkpt>
      <trkpt lat="46.438670" lon="23.562410">
        <ele>546.136</ele>
        <time>2015-02-01T12:52:44Z</time>
      </trkpt>
      <trkpt lat="46.438720" lon="23.562516">
        <ele>546.542</ele>
        <time>2015-02-01T12:52:58Z</time>
      </trkpt>
      <trkpt lat="46.438783" lon="23.562599">
        <ele>546.895</ele>
        <time>2015-02-01T12:53:04Z</time>
      </trkpt>
      <trkpt lat="46.438848" lon="23.562670">
        <ele>547.294</ele>
        <time>2015-02-01T12:53:11Z</time>
      </trkpt>
      <trkpt lat="46.438931" lon="23.562726">
        <ele>547.559</ele>
        <time>2015-02-01T12:53:17Z</time>
      </trkpt>
      <trkpt lat="46.439004" lon="23.562781">
        <ele>547.770</ele>
        <time>2015-02-01T12:53:26Z</time>
      </trkpt>
      <trkpt lat="46.439080" lon="23.562828">
        <ele>547.982</ele>
        <time>2015-02-01T12:53:34Z</time>
      </trkpt>
      <trkpt lat="46.439151" lon="23.562901">
        <ele>548.131</ele>
        <time>2015-02-01T12:53:40Z</time>
      </trkpt>
      <trkpt lat="46.439233" lon="23.562959">
        <ele>548.316</ele>
        <time>2015-02-01T12:53:46Z</time>
      </trkpt>
      <trkpt lat="46.439301" lon="23.563030">
        <ele>548.576</ele>
        <time>2015-02-01T12:53:53Z</time>
      </trkpt>
      <trkpt lat="46.439371" lon="23.563111">
        <ele>548.613</ele>
        <time>2015-02-01T12:54:02Z</time>
      </trkpt>
      <trkpt lat="46.439440" lon="23.563178">
        <ele>548.808</ele>
        <time>2015-02-01T12:54:10Z</time>
      </trkpt>
      <trkpt lat="46.439511" lon="23.563233">
        <ele>549.022</ele>
        <time>2015-02-01T12:54:17Z</time>
      </trkpt>
      <trkpt lat="46.439589" lon="23.563290">
        <ele>549.218</ele>
        <time>2015-02-01T12:54:23Z</time>
      </trkpt>
      <trkpt lat="46.439654" lon="23.563376">
        <ele>549.411</ele>
        <time>2015-02-01T12:54:31Z</time>
      </trkpt>
      <trkpt lat="46.439720" lon="23.563451">
        <ele>549.520</ele>
        <time>2015-02-01T12:54:38Z</time>
      </trkpt>
      <trkpt lat="46.439785" lon="23.563526">
        <ele>549.985</ele>
        <time>2015-02-01T12:54:46Z</time>
      </trkpt>
      <trkpt lat="46.439861" lon="23.563584">
        <ele>550.356</ele>
        <time>2015-02-01T12:54:53Z</time>
      </trkpt>
      <trkpt lat="46.439946" lon="23.563636">
        <ele>550.628</ele>
        <time>2015-02-01T12:54:59Z</time>
      </trkpt>
      <trkpt lat="46.440031" lon="23.563676">
        <ele>551.017</ele>
        <time>2015-02-01T12:55:08Z</time>
      </trkpt>
      <trkpt lat="46.440116" lon="23.563691">
        <ele>551.467</ele>
        <time>2015-02-01T12:55:14Z</time>
      </trkpt>
      <trkpt lat="46.440208" lon="23.563710">
        <ele>551.781</ele>
        <time>2015-02-01T12:55:18Z</time>
      </trkpt>
      <trkpt lat="46.440278" lon="23.563786">
        <ele>552.119</ele>
        <time>2015-02-01T12:55:28Z</time>
      </trkpt>
      <trkpt lat="46.440353" lon="23.563839">
        <ele>552.508</ele>
        <time>2015-02-01T12:55:36Z</time>
      </trkpt>
      <trkpt lat="46.440436" lon="23.563824">
        <ele>552.877</ele>
        <time>2015-02-01T12:55:43Z</time>
      </trkpt>
      <trkpt lat="46.440526" lon="23.563826">
        <ele>553.213</ele>
        <time>2015-02-01T12:55:50Z</time>
      </trkpt>
      <trkpt lat="46.440614" lon="23.563811">
        <ele>553.576</ele>
        <time>2015-02-01T12:55:57Z</time>
      </trkpt>
      <trkpt lat="46.440700" lon="23.563796">
        <ele>553.995</ele>
        <time>2015-02-01T12:56:03Z</time>
      </trkpt>
      <trkpt lat="46.440783" lon="23.563803">
        <ele>554.310</ele>
        <time>2015-02-01T12:56:11Z</time>
      </trkpt>
      <trkpt lat="46.440860" lon="23.563764">
        <ele>554.551</ele>
        <time>2015-02-01T12:56:19Z</time>
      </trkpt>
      <trkpt lat="46.440946" lon="23.563753">
        <ele>554.883</ele>
        <time>2015-02-01T12:56:27Z</time>
      </trkpt>
      <trkpt lat="46.441034" lon="23.563723">
        <ele>554.792</ele>
        <time>2015-02-01T12:56:34Z</time>
      </trkpt>
      <trkpt lat="46.441116" lon="23.563706">
        <ele>554.652</ele>
        <time>2015-02-01T12:56:41Z</time>
      </trkpt>
      <trkpt lat="46.441211" lon="23.563686">
        <ele>554.553</ele>
        <time>2015-02-01T12:56:47Z</time>
      </trkpt>
      <trkpt lat="46.441291" lon="23.563665">
        <ele>554.508</ele>
        <time>2015-02-01T12:56:54Z</time>
      </trkpt>
      <trkpt lat="46.441373" lon="23.563636">
        <ele>554.408</ele>
        <time>2015-02-01T12:57:23Z</time>
      </trkpt>
      <trkpt lat="46.441455" lon="23.563634">
        <ele>554.366</ele>
        <time>2015-02-01T12:57:32Z</time>
      </trkpt>
      <trkpt lat="46.441540" lon="23.563646">
        <ele>554.272</ele>
        <time>2015-02-01T12:57:43Z</time>
      </trkpt>
      <trkpt lat="46.441635" lon="23.563628">
        <ele>554.165</ele>
        <time>2015-02-01T12:57:54Z</time>
      </trkpt>
      <trkpt lat="46.441720" lon="23.563651">
        <ele>554.274</ele>
        <time>2015-02-01T12:58:03Z</time>
      </trkpt>
      <trkpt lat="46.441808" lon="23.563661">
        <ele>554.489</ele>
        <time>2015-02-01T12:58:10Z</time>
      </trkpt>
      <trkpt lat="46.441893" lon="23.563663">
        <ele>554.570</ele>
        <time>2015-02-01T12:58:18Z</time>
      </trkpt>
      <trkpt lat="46.441978" lon="23.563698">
        <ele>554.732</ele>
        <time>2015-02-01T12:58:26Z</time>
      </trkpt>
      <trkpt lat="46.442058" lon="23.563730">
        <ele>554.951</ele>
        <time>2015-02-01T12:58:32Z</time>
      </trkpt>
      <trkpt lat="46.442143" lon="23.563726">
        <ele>555.167</ele>
        <time>2015-02-01T12:58:38Z</time>
      </trkpt>
      <trkpt lat="46.442226" lon="23.563758">
        <ele>555.081</ele>
        <time>2015-02-01T12:58:48Z</time>
      </trkpt>
      <trkpt lat="46.442314" lon="23.563798">
        <ele>554.919</ele>
        <time>2015-02-01T12:58:57Z</time>
      </trkpt>
      <trkpt lat="46.442396" lon="23.563808">
        <ele>554.808</ele>
        <time>2015-02-01T12:59:03Z</time>
      </trkpt>
      <trkpt lat="46.442481" lon="23.563836">
        <ele>554.777</ele>
        <time>2015-02-01T12:59:09Z</time>
      </trkpt>
      <trkpt lat="46.442570" lon="23.563854">
        <ele>555.193</ele>
        <time>2015-02-01T12:59:15Z</time>
      </trkpt>
      <trkpt lat="46.442661" lon="23.563876">
        <ele>555.346</ele>
        <time>2015-02-01T12:59:22Z</time>
      </trkpt>
      <trkpt lat="46.442751" lon="23.563886">
        <ele>555.565</ele>
        <time>2015-02-01T12:59:30Z</time>
      </trkpt>
      <trkpt lat="46.442833" lon="23.563895">
        <ele>555.640</ele>
        <time>2015-02-01T12:59:38Z</time>
      </trkpt>
      <trkpt lat="46.442918" lon="23.563888">
        <ele>555.831</ele>
        <time>2015-02-01T12:59:45Z</time>
      </trkpt>
      <trkpt lat="46.443003" lon="23.563903">
        <ele>556.053</ele>
        <time>2015-02-01T12:59:52Z</time>
      </trkpt>
      <trkpt lat="46.443086" lon="23.563923">
        <ele>556.242</ele>
        <time>2015-02-01T12:59:59Z</time>
      </trkpt>
      <trkpt lat="46.443178" lon="23.563958">
        <ele>556.619</ele>
        <time>2015-02-01T13:00:09Z</time>
      </trkpt>
      <trkpt lat="46.443268" lon="23.563971">
        <ele>557.109</ele>
        <time>2015-02-01T13:00:17Z</time>
      </trkpt>
      <trkpt lat="46.443355" lon="23.563986">
        <ele>557.519</ele>
        <time>2015-02-01T13:00:25Z</time>
      </trkpt>
      <trkpt lat="46.443436" lon="23.563989">
        <ele>558.008</ele>
        <time>2015-02-01T13:00:29Z</time>
      </trkpt>
      <trkpt lat="46.443523" lon="23.564000">
        <ele>558.052</ele>
        <time>2015-02-01T13:00:35Z</time>
      </trkpt>
      <trkpt lat="46.443608" lon="23.564006">
        <ele>558.048</ele>
        <time>2015-02-01T13:00:42Z</time>
      </trkpt>
      <trkpt lat="46.443701" lon="23.563991">
        <ele>558.031</ele>
        <time>2015-02-01T13:00:48Z</time>
      </trkpt>
      <trkpt lat="46.443788" lon="23.563989">
        <ele>558.030</ele>
        <time>2015-02-01T13:00:54Z</time>
      </trkpt>
      <trkpt lat="46.443878" lon="23.563971">
        <ele>558.045</ele>
        <time>2015-02-01T13:01:01Z</time>
      </trkpt>
      <trkpt lat="46.443961" lon="23.564011">
        <ele>558.046</ele>
        <time>2015-02-01T13:01:09Z</time>
      </trkpt>
      <trkpt lat="46.444050" lon="23.564025">
        <ele>558.028</ele>
        <time>2015-02-01T13:01:16Z</time>
      </trkpt>
      <trkpt lat="46.444136" lon="23.564031">
        <ele>558.067</ele>
        <time>2015-02-01T13:01:22Z</time>
      </trkpt>
      <trkpt lat="46.444218" lon="23.564051">
        <ele>557.881</ele>
        <time>2015-02-01T13:01:29Z</time>
      </trkpt>
      <trkpt lat="46.444303" lon="23.564081">
        <ele>557.661</ele>
        <time>2015-02-01T13:01:36Z</time>
      </trkpt>
      <trkpt lat="46.444388" lon="23.564106">
        <ele>557.517</ele>
        <time>2015-02-01T13:01:44Z</time>
      </trkpt>
      <trkpt lat="46.444471" lon="23.564151">
        <ele>557.308</ele>
        <time>2015-02-01T13:01:53Z</time>
      </trkpt>
      <trkpt lat="46.444545" lon="23.564203">
        <ele>557.119</ele>
        <time>2015-02-01T13:02:00Z</time>
      </trkpt>
      <trkpt lat="46.444623" lon="23.564250">
        <ele>556.955</ele>
        <time>2015-02-01T13:02:06Z</time>
      </trkpt>
      <trkpt lat="46.444700" lon="23.564298">
        <ele>556.768</ele>
        <time>2015-02-01T13:02:13Z</time>
      </trkpt>
      <trkpt lat="46.444775" lon="23.564346">
        <ele>556.287</ele>
        <time>2015-02-01T13:02:20Z</time>
      </trkpt>
      <trkpt lat="46.444858" lon="23.564411">
        <ele>555.612</ele>
        <time>2015-02-01T13:02:28Z</time>
      </trkpt>
      <trkpt lat="46.444946" lon="23.564455">
        <ele>555.123</ele>
        <time>2015-02-01T13:02:35Z</time>
      </trkpt>
      <trkpt lat="46.445005" lon="23.564545">
        <ele>554.555</ele>
        <time>2015-02-01T13:02:43Z</time>
      </trkpt>
      <trkpt lat="46.445068" lon="23.564638">
        <ele>554.234</ele>
        <time>2015-02-01T13:02:50Z</time>
      </trkpt>
      <trkpt lat="46.445131" lon="23.564720">
        <ele>553.979</ele>
        <time>2015-02-01T13:02:57Z</time>
      </trkpt>
      <trkpt lat="46.445201" lon="23.564800">
        <ele>553.605</ele>
        <time>2015-02-01T13:03:03Z</time>
      </trkpt>
      <trkpt lat="46.445266" lon="23.564881">
        <ele>553.425</ele>
        <time>2015-02-01T13:03:10Z</time>
      </trkpt>
      <trkpt lat="46.445331" lon="23.564976">
        <ele>553.108</ele>
        <time>2015-02-01T13:03:19Z</time>
      </trkpt>
      <trkpt lat="46.445398" lon="23.565075">
        <ele>552.848</ele>
        <time>2015-02-01T13:03:27Z</time>
      </trkpt>
      <trkpt lat="46.445490" lon="23.565143">
        <ele>552.534</ele>
        <time>2015-02-01T13:03:33Z</time>
      </trkpt>
      <trkpt lat="46.445565" lon="23.565193">
        <ele>552.687</ele>
        <time>2015-02-01T13:03:38Z</time>
      </trkpt>
      <trkpt lat="46.445645" lon="23.565248">
        <ele>552.766</ele>
        <time>2015-02-01T13:03:48Z</time>
      </trkpt>
      <trkpt lat="46.445736" lon="23.565278">
        <ele>552.881</ele>
        <time>2015-02-01T13:03:58Z</time>
      </trkpt>
      <trkpt lat="46.445816" lon="23.565310">
        <ele>552.982</ele>
        <time>2015-02-01T13:04:04Z</time>
      </trkpt>
      <trkpt lat="46.445908" lon="23.565330">
        <ele>552.974</ele>
        <time>2015-02-01T13:04:11Z</time>
      </trkpt>
      <trkpt lat="46.446000" lon="23.565358">
        <ele>552.823</ele>
        <time>2015-02-01T13:04:17Z</time>
      </trkpt>
      <trkpt lat="46.446086" lon="23.565371">
        <ele>552.765</ele>
        <time>2015-02-01T13:04:23Z</time>
      </trkpt>
      <trkpt lat="46.446178" lon="23.565378">
        <ele>552.668</ele>
        <time>2015-02-01T13:04:31Z</time>
      </trkpt>
      <trkpt lat="46.446261" lon="23.565388">
        <ele>552.514</ele>
        <time>2015-02-01T13:04:39Z</time>
      </trkpt>
      <trkpt lat="46.446345" lon="23.565400">
        <ele>552.508</ele>
        <time>2015-02-01T13:04:45Z</time>
      </trkpt>
      <trkpt lat="46.446440" lon="23.565398">
        <ele>552.447</ele>
        <time>2015-02-01T13:04:51Z</time>
      </trkpt>
      <trkpt lat="46.446528" lon="23.565395">
        <ele>552.383</ele>
        <time>2015-02-01T13:04:57Z</time>
      </trkpt>
      <trkpt lat="46.446611" lon="23.565391">
        <ele>552.236</ele>
        <time>2015-02-01T13:05:03Z</time>
      </trkpt>
      <trkpt lat="46.446695" lon="23.565381">
        <ele>551.955</ele>
        <time>2015-02-01T13:05:09Z</time>
      </trkpt>
      <trkpt lat="46.446778" lon="23.565395">
        <ele>551.650</ele>
        <time>2015-02-01T13:05:15Z</time>
      </trkpt>
      <trkpt lat="46.446864" lon="23.565424">
        <ele>551.551</ele>
        <time>2015-02-01T13:05:22Z</time>
      </trkpt>
      <trkpt lat="46.446948" lon="23.565456">
        <ele>551.353</ele>
        <time>2015-02-01T13:05:31Z</time>
      </trkpt>
      <trkpt lat="46.447030" lon="23.565463">
        <ele>550.162</ele>
        <time>2015-02-01T13:05:39Z</time>
      </trkpt>
      <trkpt lat="46.447113" lon="23.565478">
        <ele>548.916</ele>
        <time>2015-02-01T13:05:47Z</time>
      </trkpt>
      <trkpt lat="46.447203" lon="23.565493">
        <ele>547.776</ele>
        <time>2015-02-01T13:05:52Z</time>
      </trkpt>
      <trkpt lat="46.447286" lon="23.565491">
        <ele>546.513</ele>
        <time>2015-02-01T13:05:58Z</time>
      </trkpt>
      <trkpt lat="46.447376" lon="23.565510">
        <ele>545.408</ele>
        <time>2015-02-01T13:06:05Z</time>
      </trkpt>
      <trkpt lat="46.447456" lon="23.565536">
        <ele>544.222</ele>
        <time>2015-02-01T13:06:12Z</time>
      </trkpt>
      <trkpt lat="46.447543" lon="23.565555">
        <ele>543.038</ele>
        <time>2015-02-01T13:06:19Z</time>
      </trkpt>
      <trkpt lat="46.447631" lon="23.565575">
        <ele>542.061</ele>
        <time>2015-02-01T13:06:25Z</time>
      </trkpt>
      <trkpt lat="46.447721" lon="23.565598">
        <ele>541.030</ele>
        <time>2015-02-01T13:06:32Z</time>
      </trkpt>
      <trkpt lat="46.447808" lon="23.565603">
        <ele>540.035</ele>
        <time>2015-02-01T13:06:39Z</time>
      </trkpt>
      <trkpt lat="46.447891" lon="23.565623">
        <ele>539.066</ele>
        <time>2015-02-01T13:06:45Z</time>
      </trkpt>
      <trkpt lat="46.447975" lon="23.565640">
        <ele>539.098</ele>
        <time>2015-02-01T13:06:53Z</time>
      </trkpt>
      <trkpt lat="46.448060" lon="23.565655">
        <ele>539.017</ele>
        <time>2015-02-01T13:07:01Z</time>
      </trkpt>
      <trkpt lat="46.448150" lon="23.565678">
        <ele>539.051</ele>
        <time>2015-02-01T13:07:08Z</time>
      </trkpt>
      <trkpt lat="46.448235" lon="23.565705">
        <ele>539.001</ele>
        <time>2015-02-01T13:07:15Z</time>
      </trkpt>
      <trkpt lat="46.448316" lon="23.565723">
        <ele>539.011</ele>
        <time>2015-02-01T13:07:21Z</time>
      </trkpt>
      <trkpt lat="46.448400" lon="23.565718">
        <ele>539.208</ele>
        <time>2015-02-01T13:07:27Z</time>
      </trkpt>
      <trkpt lat="46.448480" lon="23.565746">
        <ele>539.496</ele>
        <time>2015-02-01T13:07:34Z</time>
      </trkpt>
      <trkpt lat="46.448561" lon="23.565788">
        <ele>539.562</ele>
        <time>2015-02-01T13:07:41Z</time>
      </trkpt>
      <trkpt lat="46.448650" lon="23.565826">
        <ele>539.725</ele>
        <time>2015-02-01T13:07:47Z</time>
      </trkpt>
      <trkpt lat="46.448741" lon="23.565846">
        <ele>539.994</ele>
        <time>2015-02-01T13:07:55Z</time>
      </trkpt>
      <trkpt lat="46.448830" lon="23.565868">
        <ele>540.169</ele>
        <time>2015-02-01T13:08:02Z</time>
      </trkpt>
      <trkpt lat="46.448908" lon="23.565925">
        <ele>540.330</ele>
        <time>2015-02-01T13:08:09Z</time>
      </trkpt>
      <trkpt lat="46.448990" lon="23.565986">
        <ele>540.572</ele>
        <time>2015-02-01T13:08:16Z</time>
      </trkpt>
      <trkpt lat="46.449068" lon="23.566023">
        <ele>540.641</ele>
        <time>2015-02-01T13:08:22Z</time>
      </trkpt>
      <trkpt lat="46.449163" lon="23.566045">
        <ele>540.818</ele>
        <time>2015-02-01T13:08:30Z</time>
      </trkpt>
      <trkpt lat="46.449248" lon="23.566055">
        <ele>541.498</ele>
        <time>2015-02-01T13:08:35Z</time>
      </trkpt>
      <trkpt lat="46.449331" lon="23.566071">
        <ele>541.717</ele>
        <time>2015-02-01T13:08:41Z</time>
      </trkpt>
      <trkpt lat="46.449415" lon="23.566105">
        <ele>542.108</ele>
        <time>2015-02-01T13:08:49Z</time>
      </trkpt>
      <trkpt lat="46.449494" lon="23.566151">
        <ele>542.572</ele>
        <time>2015-02-01T13:08:58Z</time>
      </trkpt>
      <trkpt lat="46.449581" lon="23.566205">
        <ele>541.868</ele>
        <time>2015-02-01T13:09:05Z</time>
      </trkpt>
      <trkpt lat="46.449665" lon="23.566243">
        <ele>541.261</ele>
        <time>2015-02-01T13:09:12Z</time>
      </trkpt>
      <trkpt lat="46.449751" lon="23.566264">
        <ele>540.570</ele>
        <time>2015-02-01T13:09:21Z</time>
      </trkpt>
      <trkpt lat="46.449831" lon="23.566285">
        <ele>539.915</ele>
        <time>2015-02-01T13:09:28Z</time>
      </trkpt>
      <trkpt lat="46.449920" lon="23.566325">
        <ele>539.356</ele>
        <time>2015-02-01T13:09:35Z</time>
      </trkpt>
      <trkpt lat="46.450001" lon="23.566370">
        <ele>538.628</ele>
        <time>2015-02-01T13:09:41Z</time>
      </trkpt>
      <trkpt lat="46.450086" lon="23.566413">
        <ele>538.557</ele>
        <time>2015-02-01T13:09:48Z</time>
      </trkpt>
      <trkpt lat="46.450168" lon="23.566441">
        <ele>537.969</ele>
        <time>2015-02-01T13:09:56Z</time>
      </trkpt>
      <trkpt lat="46.450253" lon="23.566463">
        <ele>537.404</ele>
        <time>2015-02-01T13:10:03Z</time>
      </trkpt>
      <trkpt lat="46.450346" lon="23.566475">
        <ele>536.824</ele>
        <time>2015-02-01T13:10:11Z</time>
      </trkpt>
      <trkpt lat="46.450438" lon="23.566493">
        <ele>536.308</ele>
        <time>2015-02-01T13:10:17Z</time>
      </trkpt>
      <trkpt lat="46.450518" lon="23.566520">
        <ele>536.727</ele>
        <time>2015-02-01T13:10:28Z</time>
      </trkpt>
      <trkpt lat="46.450610" lon="23.566551">
        <ele>537.223</ele>
        <time>2015-02-01T13:10:38Z</time>
      </trkpt>
      <trkpt lat="46.450698" lon="23.566566">
        <ele>537.686</ele>
        <time>2015-02-01T13:10:46Z</time>
      </trkpt>
      <trkpt lat="46.450781" lon="23.566573">
        <ele>538.115</ele>
        <time>2015-02-01T13:10:52Z</time>
      </trkpt>
      <trkpt lat="46.450860" lon="23.566608">
        <ele>538.510</ele>
        <time>2015-02-01T13:10:59Z</time>
      </trkpt>
      <trkpt lat="46.450948" lon="23.566638">
        <ele>538.821</ele>
        <time>2015-02-01T13:11:07Z</time>
      </trkpt>
      <trkpt lat="46.451030" lon="23.566673">
        <ele>538.723</ele>
        <time>2015-02-01T13:11:14Z</time>
      </trkpt>
      <trkpt lat="46.451118" lon="23.566705">
        <ele>538.662</ele>
        <time>2015-02-01T13:11:22Z</time>
      </trkpt>
      <trkpt lat="46.451210" lon="23.566706">
        <ele>538.541</ele>
        <time>2015-02-01T13:11:30Z</time>
      </trkpt>
      <trkpt lat="46.451293" lon="23.566705">
        <ele>538.581</ele>
        <time>2015-02-01T13:11:38Z</time>
      </trkpt>
      <trkpt lat="46.451370" lon="23.566758">
        <ele>538.409</ele>
        <time>2015-02-01T13:11:49Z</time>
      </trkpt>
      <trkpt lat="46.451453" lon="23.566773">
        <ele>538.308</ele>
        <time>2015-02-01T13:11:56Z</time>
      </trkpt>
      <trkpt lat="46.451536" lon="23.566766">
        <ele>538.215</ele>
        <time>2015-02-01T13:12:01Z</time>
      </trkpt>
      <trkpt lat="46.451620" lon="23.566835">
        <ele>538.111</ele>
        <time>2015-02-01T13:12:11Z</time>
      </trkpt>
      <trkpt lat="46.451701" lon="23.566918">
        <ele>538.014</ele>
        <time>2015-02-01T13:12:18Z</time>
      </trkpt>
      <trkpt lat="46.451781" lon="23.566956">
        <ele>538.063</ele>
        <time>2015-02-01T13:12:24Z</time>
      </trkpt>
      <trkpt lat="46.451856" lon="23.567001">
        <ele>538.088</ele>
        <time>2015-02-01T13:12:30Z</time>
      </trkpt>
      <trkpt lat="46.451928" lon="23.567069">
        <ele>538.049</ele>
        <time>2015-02-01T13:12:38Z</time>
      </trkpt>
      <trkpt lat="46.452018" lon="23.567073">
        <ele>537.751</ele>
        <time>2015-02-01T13:12:47Z</time>
      </trkpt>
      <trkpt lat="46.452106" lon="23.567083">
        <ele>537.510</ele>
        <time>2015-02-01T13:12:54Z</time>
      </trkpt>
      <trkpt lat="46.452190" lon="23.567068">
        <ele>537.259</ele>
        <time>2015-02-01T13:13:03Z</time>
      </trkpt>
      <trkpt lat="46.452293" lon="23.567093">
        <ele>536.903</ele>
        <time>2015-02-01T13:13:08Z</time>
      </trkpt>
      <trkpt lat="46.452373" lon="23.567136">
        <ele>536.623</ele>
        <time>2015-02-01T13:13:13Z</time>
      </trkpt>
      <trkpt lat="46.452448" lon="23.567200">
        <ele>536.408</ele>
        <time>2015-02-01T13:13:20Z</time>
      </trkpt>
      <trkpt lat="46.452535" lon="23.567204">
        <ele>536.156</ele>
        <time>2015-02-01T13:13:27Z</time>
      </trkpt>
      <trkpt lat="46.452623" lon="23.567206">
        <ele>535.552</ele>
        <time>2015-02-01T13:13:36Z</time>
      </trkpt>
      <trkpt lat="46.452698" lon="23.567268">
        <ele>535.025</ele>
        <time>2015-02-01T13:13:43Z</time>
      </trkpt>
      <trkpt lat="46.452791" lon="23.567281">
        <ele>534.574</ele>
        <time>2015-02-01T13:13:47Z</time>
      </trkpt>
      <trkpt lat="46.452881" lon="23.567285">
        <ele>534.169</ele>
        <time>2015-02-01T13:13:54Z</time>
      </trkpt>
      <trkpt lat="46.452964" lon="23.567279">
        <ele>534.070</ele>
        <time>2015-02-01T13:14:01Z</time>
      </trkpt>
      <trkpt lat="46.453050" lon="23.567291">
        <ele>533.952</ele>
        <time>2015-02-01T13:14:08Z</time>
      </trkpt>
      <trkpt lat="46.453128" lon="23.567258">
        <ele>533.751</ele>
        <time>2015-02-01T13:14:17Z</time>
      </trkpt>
      <trkpt lat="46.453261" lon="23.567279">
        <ele>533.564</ele>
        <time>2015-02-01T13:15:57Z</time>
      </trkpt>
    </trkseg>
  </trk></gpx>