<?xml version="1.0" encoding="UTF-8"?>
<gpx creator="Wikiloc - https://www.wikiloc.com" version="1.1" xmlns="http://www.topografix.com/GPX/1/1" xmlns:xsi="http://www.w3.org/2001/XMLSchema-instance" xsi:schemaLocation="http://www.topografix.com/GPX/1/1 http://www.topografix.com/GPX/1/1/gpx.xsd">
  <metadata>
    <name>Wikiloc - Vârful Bătrâna(1911m) - Muntii Cindrel - Walking 1/9/16 9:08 am</name>
    <author>
      <name>Toni Grecu</name>
      <link href="https://www.wikiloc.com/wikiloc/user.do?id=2082631">
        <text>Toni Grecu on Wikiloc</text>
      </link>
    </author>
    <link href="https://www.wikiloc.com/hiking-trails/varful-batrana1911m-muntii-cindrel-walking-1-9-16-9-08-am-17192795">
      <text>Vârful Bătrâna(1911m) - Muntii Cindrel - Walking 1/9/16 9:08 am on Wikiloc</text>
    </link>
    <time>2016-01-09T12:11:35Z</time>
  </metadata>
  <trk>
    <name>Vârful Bătrâna(1911m) - Muntii Cindrel - Walking 1/9/16 9:08 am - Wikiloc</name>
    <cmt>Păltiniș - Poiana Găujoara - Șaua Bătrâna - Vârful Bătrâna - Poiana Muncel - Vârful Oncești - Păltiniș 
09 ianuarie 2016</cmt>
    <desc>Păltiniș - Poiana Găujoara - Șaua Bătrâna - Vârful Bătrâna - Poiana Muncel - Vârful Oncești - Păltiniș 
09 ianuarie 2016</desc>
    <trkseg>
      <trkpt lat="45.649463" lon="23.928278">
        <ele>1442.579</ele>
        <time>2016-01-09T07:08:01Z</time>
      </trkpt>
      <trkpt lat="45.649378" lon="23.928336">
        <ele>1443.705</ele>
        <time>2016-01-09T07:08:13Z</time>
      </trkpt>
      <trkpt lat="45.649278" lon="23.928346">
        <ele>1442.025</ele>
        <time>2016-01-09T07:08:23Z</time>
      </trkpt>
      <trkpt lat="45.649212" lon="23.928418">
        <ele>1443.908</ele>
        <time>2016-01-09T07:08:33Z</time>
      </trkpt>
      <trkpt lat="45.649124" lon="23.928451">
        <ele>1443.078</ele>
        <time>2016-01-09T07:08:46Z</time>
      </trkpt>
      <trkpt lat="45.649043" lon="23.928486">
        <ele>1441.624</ele>
        <time>2016-01-09T07:08:51Z</time>
      </trkpt>
      <trkpt lat="45.648964" lon="23.928541">
        <ele>1440.738</ele>
        <time>2016-01-09T07:09:01Z</time>
      </trkpt>
      <trkpt lat="45.648873" lon="23.928608">
        <ele>1439.646</ele>
        <time>2016-01-09T07:09:12Z</time>
      </trkpt>
      <trkpt lat="45.648809" lon="23.928682">
        <ele>1441.179</ele>
        <time>2016-01-09T07:09:21Z</time>
      </trkpt>
      <trkpt lat="45.648736" lon="23.928757">
        <ele>1442.194</ele>
        <time>2016-01-09T07:09:34Z</time>
      </trkpt>
      <trkpt lat="45.648647" lon="23.928786">
        <ele>1440.726</ele>
        <time>2016-01-09T07:09:55Z</time>
      </trkpt>
      <trkpt lat="45.648577" lon="23.928863">
        <ele>1441.642</ele>
        <time>2016-01-09T07:10:02Z</time>
      </trkpt>
      <trkpt lat="45.648518" lon="23.928946">
        <ele>1443.799</ele>
        <time>2016-01-09T07:10:11Z</time>
      </trkpt>
      <trkpt lat="45.648440" lon="23.928977">
        <ele>1443.307</ele>
        <time>2016-01-09T07:10:24Z</time>
      </trkpt>
      <trkpt lat="45.648402" lon="23.929116">
        <ele>1447.827</ele>
        <time>2016-01-09T07:10:32Z</time>
      </trkpt>
      <trkpt lat="45.648315" lon="23.929196">
        <ele>1448.608</ele>
        <time>2016-01-09T07:10:37Z</time>
      </trkpt>
      <trkpt lat="45.648275" lon="23.929325">
        <ele>1451.880</ele>
        <time>2016-01-09T07:10:48Z</time>
      </trkpt>
      <trkpt lat="45.648200" lon="23.929408">
        <ele>1452.646</ele>
        <time>2016-01-09T07:10:54Z</time>
      </trkpt>
      <trkpt lat="45.648134" lon="23.929486">
        <ele>1452.830</ele>
        <time>2016-01-09T07:11:00Z</time>
      </trkpt>
      <trkpt lat="45.648060" lon="23.929551">
        <ele>1452.098</ele>
        <time>2016-01-09T07:11:04Z</time>
      </trkpt>
      <trkpt lat="45.647998" lon="23.929630">
        <ele>1452.651</ele>
        <time>2016-01-09T07:11:10Z</time>
      </trkpt>
      <trkpt lat="45.647923" lon="23.929700">
        <ele>1452.726</ele>
        <time>2016-01-09T07:11:24Z</time>
      </trkpt>
      <trkpt lat="45.647836" lon="23.929740">
        <ele>1452.168</ele>
        <time>2016-01-09T07:11:31Z</time>
      </trkpt>
      <trkpt lat="45.647754" lon="23.929727">
        <ele>1450.814</ele>
        <time>2016-01-09T07:11:40Z</time>
      </trkpt>
      <trkpt lat="45.647669" lon="23.929763">
        <ele>1450.419</ele>
        <time>2016-01-09T07:12:07Z</time>
      </trkpt>
      <trkpt lat="45.647587" lon="23.929772">
        <ele>1449.709</ele>
        <time>2016-01-09T07:12:13Z</time>
      </trkpt>
      <trkpt lat="45.647499" lon="23.929744">
        <ele>1448.319</ele>
        <time>2016-01-09T07:12:19Z</time>
      </trkpt>
      <trkpt lat="45.647403" lon="23.929731">
        <ele>1447.808</ele>
        <time>2016-01-09T07:12:25Z</time>
      </trkpt>
      <trkpt lat="45.647312" lon="23.929756">
        <ele>1447.962</ele>
        <time>2016-01-09T07:12:31Z</time>
      </trkpt>
      <trkpt lat="45.647236" lon="23.929715">
        <ele>1446.968</ele>
        <time>2016-01-09T07:12:38Z</time>
      </trkpt>
      <trkpt lat="45.647151" lon="23.929735">
        <ele>1447.372</ele>
        <time>2016-01-09T07:12:43Z</time>
      </trkpt>
      <trkpt lat="45.647060" lon="23.929693">
        <ele>1446.480</ele>
        <time>2016-01-09T07:12:48Z</time>
      </trkpt>
      <trkpt lat="45.646972" lon="23.929658">
        <ele>1445.643</ele>
        <time>2016-01-09T07:12:55Z</time>
      </trkpt>
      <trkpt lat="45.646885" lon="23.929631">
        <ele>1446.458</ele>
        <time>2016-01-09T07:13:03Z</time>
      </trkpt>
      <trkpt lat="45.646801" lon="23.929525">
        <ele>1445.640</ele>
        <time>2016-01-09T07:13:35Z</time>
      </trkpt>
      <trkpt lat="45.646683" lon="23.929504">
        <ele>1447.496</ele>
        <time>2016-01-09T07:13:40Z</time>
      </trkpt>
      <trkpt lat="45.646599" lon="23.929448">
        <ele>1449.374</ele>
        <time>2016-01-09T07:13:43Z</time>
      </trkpt>
      <trkpt lat="45.646523" lon="23.929407">
        <ele>1451.856</ele>
        <time>2016-01-09T07:13:52Z</time>
      </trkpt>
      <trkpt lat="45.646430" lon="23.929339">
        <ele>1454.521</ele>
        <time>2016-01-09T07:14:02Z</time>
      </trkpt>
      <trkpt lat="45.646357" lon="23.929274">
        <ele>1455.308</ele>
        <time>2016-01-09T07:14:11Z</time>
      </trkpt>
      <trkpt lat="45.646294" lon="23.929190">
        <ele>1454.348</ele>
        <time>2016-01-09T07:14:23Z</time>
      </trkpt>
      <trkpt lat="45.646238" lon="23.929105">
        <ele>1452.364</ele>
        <time>2016-01-09T07:14:29Z</time>
      </trkpt>
      <trkpt lat="45.646159" lon="23.929033">
        <ele>1450.898</ele>
        <time>2016-01-09T07:14:39Z</time>
      </trkpt>
      <trkpt lat="45.646093" lon="23.928959">
        <ele>1449.566</ele>
        <time>2016-01-09T07:14:45Z</time>
      </trkpt>
      <trkpt lat="45.646039" lon="23.928831">
        <ele>1446.539</ele>
        <time>2016-01-09T07:14:50Z</time>
      </trkpt>
      <trkpt lat="45.645969" lon="23.928753">
        <ele>1446.024</ele>
        <time>2016-01-09T07:14:53Z</time>
      </trkpt>
      <trkpt lat="45.645879" lon="23.928712">
        <ele>1447.746</ele>
        <time>2016-01-09T07:15:02Z</time>
      </trkpt>
      <trkpt lat="45.645821" lon="23.928627">
        <ele>1446.262</ele>
        <time>2016-01-09T07:15:12Z</time>
      </trkpt>
      <trkpt lat="45.645756" lon="23.928549">
        <ele>1445.294</ele>
        <time>2016-01-09T07:15:20Z</time>
      </trkpt>
      <trkpt lat="45.645673" lon="23.928504">
        <ele>1446.157</ele>
        <time>2016-01-09T07:15:36Z</time>
      </trkpt>
      <trkpt lat="45.645589" lon="23.928456">
        <ele>1446.522</ele>
        <time>2016-01-09T07:15:44Z</time>
      </trkpt>
      <trkpt lat="45.645495" lon="23.928482">
        <ele>1451.708</ele>
        <time>2016-01-09T07:15:54Z</time>
      </trkpt>
      <trkpt lat="45.645408" lon="23.928444">
        <ele>1453.830</ele>
        <time>2016-01-09T07:16:04Z</time>
      </trkpt>
      <trkpt lat="45.645312" lon="23.928455">
        <ele>1458.776</ele>
        <time>2016-01-09T07:16:14Z</time>
      </trkpt>
      <trkpt lat="45.645232" lon="23.928357">
        <ele>1456.860</ele>
        <time>2016-01-09T07:16:20Z</time>
      </trkpt>
      <trkpt lat="45.645174" lon="23.928235">
        <ele>1451.668</ele>
        <time>2016-01-09T07:16:26Z</time>
      </trkpt>
      <trkpt lat="45.645125" lon="23.928134">
        <ele>1446.981</ele>
        <time>2016-01-09T07:16:34Z</time>
      </trkpt>
      <trkpt lat="45.645040" lon="23.928077">
        <ele>1444.816</ele>
        <time>2016-01-09T07:16:43Z</time>
      </trkpt>
      <trkpt lat="45.644988" lon="23.927969">
        <ele>1437.558</ele>
        <time>2016-01-09T07:16:47Z</time>
      </trkpt>
      <trkpt lat="45.644897" lon="23.927929">
        <ele>1434.794</ele>
        <time>2016-01-09T07:16:54Z</time>
      </trkpt>
      <trkpt lat="45.644815" lon="23.927919">
        <ele>1434.383</ele>
        <time>2016-01-09T07:17:00Z</time>
      </trkpt>
      <trkpt lat="45.644720" lon="23.927912">
        <ele>1434.225</ele>
        <time>2016-01-09T07:17:09Z</time>
      </trkpt>
      <trkpt lat="45.644640" lon="23.927887">
        <ele>1433.617</ele>
        <time>2016-01-09T07:17:17Z</time>
      </trkpt>
      <trkpt lat="45.644551" lon="23.927848">
        <ele>1432.908</ele>
        <time>2016-01-09T07:17:25Z</time>
      </trkpt>
      <trkpt lat="45.644469" lon="23.927861">
        <ele>1434.779</ele>
        <time>2016-01-09T07:17:34Z</time>
      </trkpt>
      <trkpt lat="45.644412" lon="23.927767">
        <ele>1432.045</ele>
        <time>2016-01-09T07:17:38Z</time>
      </trkpt>
      <trkpt lat="45.644330" lon="23.927765">
        <ele>1432.879</ele>
        <time>2016-01-09T07:18:05Z</time>
      </trkpt>
      <trkpt lat="45.644244" lon="23.927715">
        <ele>1431.867</ele>
        <time>2016-01-09T07:18:20Z</time>
      </trkpt>
      <trkpt lat="45.644159" lon="23.927676">
        <ele>1431.060</ele>
        <time>2016-01-09T07:18:48Z</time>
      </trkpt>
      <trkpt lat="45.644093" lon="23.927578">
        <ele>1426.995</ele>
        <time>2016-01-09T07:19:18Z</time>
      </trkpt>
      <trkpt lat="45.644018" lon="23.927636">
        <ele>1429.417</ele>
        <time>2016-01-09T07:21:49Z</time>
      </trkpt>
      <trkpt lat="45.643942" lon="23.927689">
        <ele>1432.153</ele>
        <time>2016-01-09T07:21:59Z</time>
      </trkpt>
      <trkpt lat="45.643857" lon="23.927702">
        <ele>1432.113</ele>
        <time>2016-01-09T07:22:05Z</time>
      </trkpt>
      <trkpt lat="45.643771" lon="23.927717">
        <ele>1430.543</ele>
        <time>2016-01-09T07:22:17Z</time>
      </trkpt>
      <trkpt lat="45.643690" lon="23.927732">
        <ele>1429.007</ele>
        <time>2016-01-09T07:22:26Z</time>
      </trkpt>
      <trkpt lat="45.643606" lon="23.927753">
        <ele>1427.808</ele>
        <time>2016-01-09T07:22:35Z</time>
      </trkpt>
      <trkpt lat="45.643520" lon="23.927779">
        <ele>1428.472</ele>
        <time>2016-01-09T07:22:42Z</time>
      </trkpt>
      <trkpt lat="45.643440" lon="23.927832">
        <ele>1429.948</ele>
        <time>2016-01-09T07:22:49Z</time>
      </trkpt>
      <trkpt lat="45.643358" lon="23.927875">
        <ele>1431.062</ele>
        <time>2016-01-09T07:23:01Z</time>
      </trkpt>
      <trkpt lat="45.643279" lon="23.927936">
        <ele>1432.740</ele>
        <time>2016-01-09T07:23:08Z</time>
      </trkpt>
      <trkpt lat="45.643210" lon="23.928005">
        <ele>1434.753</ele>
        <time>2016-01-09T07:23:17Z</time>
      </trkpt>
      <trkpt lat="45.643128" lon="23.928087">
        <ele>1436.998</ele>
        <time>2016-01-09T07:23:23Z</time>
      </trkpt>
      <trkpt lat="45.643036" lon="23.928082">
        <ele>1435.650</ele>
        <time>2016-01-09T07:23:32Z</time>
      </trkpt>
      <trkpt lat="45.642952" lon="23.928099">
        <ele>1434.986</ele>
        <time>2016-01-09T07:23:41Z</time>
      </trkpt>
      <trkpt lat="45.642860" lon="23.928129">
        <ele>1434.677</ele>
        <time>2016-01-09T07:23:47Z</time>
      </trkpt>
      <trkpt lat="45.642774" lon="23.928197">
        <ele>1435.461</ele>
        <time>2016-01-09T07:23:54Z</time>
      </trkpt>
      <trkpt lat="45.642731" lon="23.928322">
        <ele>1437.427</ele>
        <time>2016-01-09T07:24:02Z</time>
      </trkpt>
      <trkpt lat="45.642675" lon="23.928420">
        <ele>1437.208</ele>
        <time>2016-01-09T07:24:10Z</time>
      </trkpt>
      <trkpt lat="45.642602" lon="23.928500">
        <ele>1436.368</ele>
        <time>2016-01-09T07:24:19Z</time>
      </trkpt>
      <trkpt lat="45.642539" lon="23.928578">
        <ele>1436.324</ele>
        <time>2016-01-09T07:24:26Z</time>
      </trkpt>
      <trkpt lat="45.642471" lon="23.928670">
        <ele>1436.568</ele>
        <time>2016-01-09T07:24:36Z</time>
      </trkpt>
      <trkpt lat="45.642414" lon="23.928766">
        <ele>1437.046</ele>
        <time>2016-01-09T07:24:43Z</time>
      </trkpt>
      <trkpt lat="45.642353" lon="23.928856">
        <ele>1437.549</ele>
        <time>2016-01-09T07:24:50Z</time>
      </trkpt>
      <trkpt lat="45.642284" lon="23.928944">
        <ele>1437.914</ele>
        <time>2016-01-09T07:24:57Z</time>
      </trkpt>
      <trkpt lat="45.642210" lon="23.929021">
        <ele>1438.226</ele>
        <time>2016-01-09T07:25:04Z</time>
      </trkpt>
      <trkpt lat="45.642190" lon="23.929140">
        <ele>1442.442</ele>
        <time>2016-01-09T07:25:11Z</time>
      </trkpt>
      <trkpt lat="45.642119" lon="23.929222">
        <ele>1441.869</ele>
        <time>2016-01-09T07:25:22Z</time>
      </trkpt>
      <trkpt lat="45.642095" lon="23.929337">
        <ele>1444.204</ele>
        <time>2016-01-09T07:25:30Z</time>
      </trkpt>
      <trkpt lat="45.642042" lon="23.929459">
        <ele>1445.924</ele>
        <time>2016-01-09T07:25:40Z</time>
      </trkpt>
      <trkpt lat="45.641973" lon="23.929531">
        <ele>1445.208</ele>
        <time>2016-01-09T07:25:45Z</time>
      </trkpt>
      <trkpt lat="45.641937" lon="23.929644">
        <ele>1446.867</ele>
        <time>2016-01-09T07:25:52Z</time>
      </trkpt>
      <trkpt lat="45.641904" lon="23.929774">
        <ele>1449.013</ele>
        <time>2016-01-09T07:26:01Z</time>
      </trkpt>
      <trkpt lat="45.641868" lon="23.929885">
        <ele>1450.837</ele>
        <time>2016-01-09T07:26:07Z</time>
      </trkpt>
      <trkpt lat="45.641804" lon="23.929972">
        <ele>1451.285</ele>
        <time>2016-01-09T07:26:14Z</time>
      </trkpt>
      <trkpt lat="45.641720" lon="23.930015">
        <ele>1449.918</ele>
        <time>2016-01-09T07:26:22Z</time>
      </trkpt>
      <trkpt lat="45.641669" lon="23.930104">
        <ele>1450.333</ele>
        <time>2016-01-09T07:26:33Z</time>
      </trkpt>
      <trkpt lat="45.641606" lon="23.930178">
        <ele>1451.595</ele>
        <time>2016-01-09T07:26:39Z</time>
      </trkpt>
      <trkpt lat="45.641531" lon="23.930271">
        <ele>1453.441</ele>
        <time>2016-01-09T07:27:01Z</time>
      </trkpt>
      <trkpt lat="45.641470" lon="23.930368">
        <ele>1456.154</ele>
        <time>2016-01-09T07:27:06Z</time>
      </trkpt>
      <trkpt lat="45.641439" lon="23.930486">
        <ele>1459.456</ele>
        <time>2016-01-09T07:27:12Z</time>
      </trkpt>
      <trkpt lat="45.641433" lon="23.930619">
        <ele>1462.311</ele>
        <time>2016-01-09T07:27:21Z</time>
      </trkpt>
      <trkpt lat="45.641378" lon="23.930724">
        <ele>1462.808</ele>
        <time>2016-01-09T07:27:31Z</time>
      </trkpt>
      <trkpt lat="45.641293" lon="23.930802">
        <ele>1464.046</ele>
        <time>2016-01-09T07:27:47Z</time>
      </trkpt>
      <trkpt lat="45.641211" lon="23.930782">
        <ele>1464.012</ele>
        <time>2016-01-09T07:27:55Z</time>
      </trkpt>
      <trkpt lat="45.641195" lon="23.930662">
        <ele>1462.426</ele>
        <time>2016-01-09T07:28:04Z</time>
      </trkpt>
      <trkpt lat="45.641144" lon="23.930567">
        <ele>1461.294</ele>
        <time>2016-01-09T07:28:22Z</time>
      </trkpt>
      <trkpt lat="45.641101" lon="23.930460">
        <ele>1460.037</ele>
        <time>2016-01-09T07:28:33Z</time>
      </trkpt>
      <trkpt lat="45.641088" lon="23.930341">
        <ele>1458.752</ele>
        <time>2016-01-09T07:28:46Z</time>
      </trkpt>
      <trkpt lat="45.641055" lon="23.930231">
        <ele>1458.464</ele>
        <time>2016-01-09T07:29:02Z</time>
      </trkpt>
      <trkpt lat="45.641041" lon="23.930117">
        <ele>1457.690</ele>
        <time>2016-01-09T07:29:08Z</time>
      </trkpt>
      <trkpt lat="45.640991" lon="23.930023">
        <ele>1458.815</ele>
        <time>2016-01-09T07:29:21Z</time>
      </trkpt>
      <trkpt lat="45.640932" lon="23.929927">
        <ele>1461.265</ele>
        <time>2016-01-09T07:29:32Z</time>
      </trkpt>
      <trkpt lat="45.640901" lon="23.929818">
        <ele>1462.511</ele>
        <time>2016-01-09T07:29:40Z</time>
      </trkpt>
      <trkpt lat="45.640892" lon="23.929701">
        <ele>1462.608</ele>
        <time>2016-01-09T07:29:51Z</time>
      </trkpt>
      <trkpt lat="45.640875" lon="23.929586">
        <ele>1462.432</ele>
        <time>2016-01-09T07:30:04Z</time>
      </trkpt>
      <trkpt lat="45.640813" lon="23.929500">
        <ele>1464.468</ele>
        <time>2016-01-09T07:30:12Z</time>
      </trkpt>
      <trkpt lat="45.640773" lon="23.929374">
        <ele>1466.092</ele>
        <time>2016-01-09T07:30:34Z</time>
      </trkpt>
      <trkpt lat="45.640744" lon="23.929265">
        <ele>1467.720</ele>
        <time>2016-01-09T07:30:44Z</time>
      </trkpt>
      <trkpt lat="45.640708" lon="23.929156">
        <ele>1469.553</ele>
        <time>2016-01-09T07:30:50Z</time>
      </trkpt>
      <trkpt lat="45.640680" lon="23.929045">
        <ele>1470.848</ele>
        <time>2016-01-09T07:30:58Z</time>
      </trkpt>
      <trkpt lat="45.640646" lon="23.928931">
        <ele>1472.610</ele>
        <time>2016-01-09T07:31:07Z</time>
      </trkpt>
      <trkpt lat="45.640642" lon="23.928813">
        <ele>1472.756</ele>
        <time>2016-01-09T07:31:25Z</time>
      </trkpt>
      <trkpt lat="45.640631" lon="23.928693">
        <ele>1472.892</ele>
        <time>2016-01-09T07:31:32Z</time>
      </trkpt>
      <trkpt lat="45.640632" lon="23.928573">
        <ele>1472.473</ele>
        <time>2016-01-09T07:31:45Z</time>
      </trkpt>
      <trkpt lat="45.640615" lon="23.928442">
        <ele>1473.120</ele>
        <time>2016-01-09T07:31:52Z</time>
      </trkpt>
      <trkpt lat="45.640576" lon="23.928338">
        <ele>1475.008</ele>
        <time>2016-01-09T07:32:07Z</time>
      </trkpt>
      <trkpt lat="45.640517" lon="23.928250">
        <ele>1477.820</ele>
        <time>2016-01-09T07:32:22Z</time>
      </trkpt>
      <trkpt lat="45.640489" lon="23.928139">
        <ele>1479.136</ele>
        <time>2016-01-09T07:32:30Z</time>
      </trkpt>
      <trkpt lat="45.640486" lon="23.928015">
        <ele>1479.160</ele>
        <time>2016-01-09T07:32:41Z</time>
      </trkpt>
      <trkpt lat="45.640465" lon="23.927895">
        <ele>1479.758</ele>
        <time>2016-01-09T07:32:50Z</time>
      </trkpt>
      <trkpt lat="45.640468" lon="23.927769">
        <ele>1479.141</ele>
        <time>2016-01-09T07:33:06Z</time>
      </trkpt>
      <trkpt lat="45.640448" lon="23.927638">
        <ele>1480.536</ele>
        <time>2016-01-09T07:33:19Z</time>
      </trkpt>
      <trkpt lat="45.640430" lon="23.927522">
        <ele>1481.838</ele>
        <time>2016-01-09T07:33:34Z</time>
      </trkpt>
      <trkpt lat="45.640411" lon="23.927402">
        <ele>1482.834</ele>
        <time>2016-01-09T07:33:46Z</time>
      </trkpt>
      <trkpt lat="45.640398" lon="23.927282">
        <ele>1483.415</ele>
        <time>2016-01-09T07:33:57Z</time>
      </trkpt>
      <trkpt lat="45.640338" lon="23.927179">
        <ele>1485.965</ele>
        <time>2016-01-09T07:34:04Z</time>
      </trkpt>
      <trkpt lat="45.640338" lon="23.927051">
        <ele>1485.111</ele>
        <time>2016-01-09T07:34:27Z</time>
      </trkpt>
      <trkpt lat="45.640320" lon="23.926937">
        <ele>1485.208</ele>
        <time>2016-01-09T07:34:50Z</time>
      </trkpt>
      <trkpt lat="45.640301" lon="23.926817">
        <ele>1486.432</ele>
        <time>2016-01-09T07:35:03Z</time>
      </trkpt>
      <trkpt lat="45.640284" lon="23.926691">
        <ele>1487.678</ele>
        <time>2016-01-09T07:35:11Z</time>
      </trkpt>
      <trkpt lat="45.640280" lon="23.926566">
        <ele>1488.352</ele>
        <time>2016-01-09T07:35:16Z</time>
      </trkpt>
      <trkpt lat="45.640252" lon="23.926426">
        <ele>1489.820</ele>
        <time>2016-01-09T07:35:22Z</time>
      </trkpt>
      <trkpt lat="45.640234" lon="23.926313">
        <ele>1490.893</ele>
        <time>2016-01-09T07:35:40Z</time>
      </trkpt>
      <trkpt lat="45.640182" lon="23.926213">
        <ele>1492.648</ele>
        <time>2016-01-09T07:35:46Z</time>
      </trkpt>
      <trkpt lat="45.640130" lon="23.926119">
        <ele>1494.370</ele>
        <time>2016-01-09T07:35:52Z</time>
      </trkpt>
      <trkpt lat="45.640122" lon="23.926001">
        <ele>1494.866</ele>
        <time>2016-01-09T07:36:08Z</time>
      </trkpt>
      <trkpt lat="45.640117" lon="23.925883">
        <ele>1495.297</ele>
        <time>2016-01-09T07:36:18Z</time>
      </trkpt>
      <trkpt lat="45.640077" lon="23.925769">
        <ele>1497.323</ele>
        <time>2016-01-09T07:36:26Z</time>
      </trkpt>
      <trkpt lat="45.640030" lon="23.925652">
        <ele>1499.625</ele>
        <time>2016-01-09T07:36:45Z</time>
      </trkpt>
      <trkpt lat="45.640005" lon="23.925534">
        <ele>1501.008</ele>
        <time>2016-01-09T07:36:53Z</time>
      </trkpt>
      <trkpt lat="45.639963" lon="23.925416">
        <ele>1503.590</ele>
        <time>2016-01-09T07:36:59Z</time>
      </trkpt>
      <trkpt lat="45.639944" lon="23.925294">
        <ele>1504.946</ele>
        <time>2016-01-09T07:37:06Z</time>
      </trkpt>
      <trkpt lat="45.639944" lon="23.925177">
        <ele>1504.950</ele>
        <time>2016-01-09T07:37:27Z</time>
      </trkpt>
      <trkpt lat="45.639905" lon="23.925073">
        <ele>1506.238</ele>
        <time>2016-01-09T07:37:33Z</time>
      </trkpt>
      <trkpt lat="45.639950" lon="23.924960">
        <ele>1504.591</ele>
        <time>2016-01-09T07:37:41Z</time>
      </trkpt>
      <trkpt lat="45.639902" lon="23.924864">
        <ele>1505.996</ele>
        <time>2016-01-09T07:37:47Z</time>
      </trkpt>
      <trkpt lat="45.639912" lon="23.924747">
        <ele>1505.218</ele>
        <time>2016-01-09T07:37:56Z</time>
      </trkpt>
      <trkpt lat="45.639866" lon="23.924649">
        <ele>1506.824</ele>
        <time>2016-01-09T07:38:03Z</time>
      </trkpt>
      <trkpt lat="45.639850" lon="23.924536">
        <ele>1507.411</ele>
        <time>2016-01-09T07:38:22Z</time>
      </trkpt>
      <trkpt lat="45.639819" lon="23.924409">
        <ele>1508.421</ele>
        <time>2016-01-09T07:38:43Z</time>
      </trkpt>
      <trkpt lat="45.639792" lon="23.924294">
        <ele>1508.903</ele>
        <time>2016-01-09T07:38:51Z</time>
      </trkpt>
      <trkpt lat="45.639780" lon="23.924174">
        <ele>1508.908</ele>
        <time>2016-01-09T07:38:57Z</time>
      </trkpt>
      <trkpt lat="45.639747" lon="23.924066">
        <ele>1508.772</ele>
        <time>2016-01-09T07:39:13Z</time>
      </trkpt>
      <trkpt lat="45.639725" lon="23.923946">
        <ele>1507.788</ele>
        <time>2016-01-09T07:39:23Z</time>
      </trkpt>
      <trkpt lat="45.639678" lon="23.923838">
        <ele>1509.132</ele>
        <time>2016-01-09T07:39:32Z</time>
      </trkpt>
      <trkpt lat="45.639633" lon="23.923725">
        <ele>1510.840</ele>
        <time>2016-01-09T07:39:40Z</time>
      </trkpt>
      <trkpt lat="45.639589" lon="23.923624">
        <ele>1512.763</ele>
        <time>2016-01-09T07:39:46Z</time>
      </trkpt>
      <trkpt lat="45.639537" lon="23.923528">
        <ele>1514.928</ele>
        <time>2016-01-09T07:39:55Z</time>
      </trkpt>
      <trkpt lat="45.639465" lon="23.923445">
        <ele>1518.170</ele>
        <time>2016-01-09T07:40:04Z</time>
      </trkpt>
      <trkpt lat="45.639440" lon="23.923335">
        <ele>1518.216</ele>
        <time>2016-01-09T07:44:39Z</time>
      </trkpt>
      <trkpt lat="45.639361" lon="23.923253">
        <ele>1520.883</ele>
        <time>2016-01-09T07:44:47Z</time>
      </trkpt>
      <trkpt lat="45.639347" lon="23.923126">
        <ele>1519.825</ele>
        <time>2016-01-09T07:44:59Z</time>
      </trkpt>
      <trkpt lat="45.639314" lon="23.923015">
        <ele>1520.217</ele>
        <time>2016-01-09T07:45:10Z</time>
      </trkpt>
      <trkpt lat="45.639250" lon="23.922940">
        <ele>1523.008</ele>
        <time>2016-01-09T07:45:17Z</time>
      </trkpt>
      <trkpt lat="45.639186" lon="23.922857">
        <ele>1526.249</ele>
        <time>2016-01-09T07:45:31Z</time>
      </trkpt>
      <trkpt lat="45.639139" lon="23.922752">
        <ele>1528.435</ele>
        <time>2016-01-09T07:45:43Z</time>
      </trkpt>
      <trkpt lat="45.639075" lon="23.922680">
        <ele>1531.819</ele>
        <time>2016-01-09T07:46:01Z</time>
      </trkpt>
      <trkpt lat="45.639015" lon="23.922601">
        <ele>1535.147</ele>
        <time>2016-01-09T07:46:20Z</time>
      </trkpt>
      <trkpt lat="45.639019" lon="23.922481">
        <ele>1535.460</ele>
        <time>2016-01-09T07:46:29Z</time>
      </trkpt>
      <trkpt lat="45.639003" lon="23.922343">
        <ele>1536.425</ele>
        <time>2016-01-09T07:46:38Z</time>
      </trkpt>
      <trkpt lat="45.638999" lon="23.922219">
        <ele>1536.687</ele>
        <time>2016-01-09T07:46:44Z</time>
      </trkpt>
      <trkpt lat="45.638933" lon="23.922138">
        <ele>1540.223</ele>
        <time>2016-01-09T07:46:51Z</time>
      </trkpt>
      <trkpt lat="45.638904" lon="23.922026">
        <ele>1541.423</ele>
        <time>2016-01-09T07:47:06Z</time>
      </trkpt>
      <trkpt lat="45.638838" lon="23.921934">
        <ele>1544.483</ele>
        <time>2016-01-09T07:47:16Z</time>
      </trkpt>
      <trkpt lat="45.638815" lon="23.921822">
        <ele>1546.111</ele>
        <time>2016-01-09T07:47:25Z</time>
      </trkpt>
      <trkpt lat="45.638805" lon="23.921700">
        <ele>1547.208</ele>
        <time>2016-01-09T07:47:35Z</time>
      </trkpt>
      <trkpt lat="45.638786" lon="23.921585">
        <ele>1547.543</ele>
        <time>2016-01-09T07:47:47Z</time>
      </trkpt>
      <trkpt lat="45.638792" lon="23.921464">
        <ele>1546.489</ele>
        <time>2016-01-09T07:48:32Z</time>
      </trkpt>
      <trkpt lat="45.638803" lon="23.921335">
        <ele>1545.513</ele>
        <time>2016-01-09T07:48:38Z</time>
      </trkpt>
      <trkpt lat="45.638780" lon="23.921216">
        <ele>1547.181</ele>
        <time>2016-01-09T07:48:48Z</time>
      </trkpt>
      <trkpt lat="45.638852" lon="23.921110">
        <ele>1543.934</ele>
        <time>2016-01-09T07:49:18Z</time>
      </trkpt>
      <trkpt lat="45.638912" lon="23.921021">
        <ele>1544.379</ele>
        <time>2016-01-09T07:49:22Z</time>
      </trkpt>
      <trkpt lat="45.638938" lon="23.920901">
        <ele>1547.451</ele>
        <time>2016-01-09T07:49:28Z</time>
      </trkpt>
      <trkpt lat="45.638999" lon="23.920804">
        <ele>1548.577</ele>
        <time>2016-01-09T07:49:36Z</time>
      </trkpt>
      <trkpt lat="45.639080" lon="23.920746">
        <ele>1547.595</ele>
        <time>2016-01-09T07:49:40Z</time>
      </trkpt>
      <trkpt lat="45.639171" lon="23.920645">
        <ele>1546.949</ele>
        <time>2016-01-09T07:50:03Z</time>
      </trkpt>
      <trkpt lat="45.639220" lon="23.920551">
        <ele>1546.823</ele>
        <time>2016-01-09T07:50:11Z</time>
      </trkpt>
      <trkpt lat="45.639173" lon="23.920446">
        <ele>1550.308</ele>
        <time>2016-01-09T07:50:21Z</time>
      </trkpt>
      <trkpt lat="45.639250" lon="23.920366">
        <ele>1547.990</ele>
        <time>2016-01-09T07:50:25Z</time>
      </trkpt>
      <trkpt lat="45.639309" lon="23.920256">
        <ele>1546.676</ele>
        <time>2016-01-09T07:50:31Z</time>
      </trkpt>
      <trkpt lat="45.639342" lon="23.920147">
        <ele>1546.420</ele>
        <time>2016-01-09T07:50:41Z</time>
      </trkpt>
      <trkpt lat="45.639326" lon="23.920027">
        <ele>1548.658</ele>
        <time>2016-01-09T07:50:52Z</time>
      </trkpt>
      <trkpt lat="45.639313" lon="23.919909">
        <ele>1550.631</ele>
        <time>2016-01-09T07:51:02Z</time>
      </trkpt>
      <trkpt lat="45.639297" lon="23.919789">
        <ele>1552.846</ele>
        <time>2016-01-09T07:51:18Z</time>
      </trkpt>
      <trkpt lat="45.639289" lon="23.919672">
        <ele>1554.218</ele>
        <time>2016-01-09T07:51:49Z</time>
      </trkpt>
      <trkpt lat="45.639319" lon="23.919554">
        <ele>1553.164</ele>
        <time>2016-01-09T07:52:00Z</time>
      </trkpt>
      <trkpt lat="45.639322" lon="23.919438">
        <ele>1553.617</ele>
        <time>2016-01-09T07:52:13Z</time>
      </trkpt>
      <trkpt lat="45.639310" lon="23.919314">
        <ele>1555.487</ele>
        <time>2016-01-09T07:52:19Z</time>
      </trkpt>
      <trkpt lat="45.639344" lon="23.919197">
        <ele>1554.315</ele>
        <time>2016-01-09T07:52:26Z</time>
      </trkpt>
      <trkpt lat="45.639361" lon="23.919081">
        <ele>1554.808</ele>
        <time>2016-01-09T07:52:33Z</time>
      </trkpt>
      <trkpt lat="45.639366" lon="23.918954">
        <ele>1556.592</ele>
        <time>2016-01-09T07:52:40Z</time>
      </trkpt>
      <trkpt lat="45.639318" lon="23.918841">
        <ele>1561.058</ele>
        <time>2016-01-09T07:52:50Z</time>
      </trkpt>
      <trkpt lat="45.639308" lon="23.918702">
        <ele>1563.622</ele>
        <time>2016-01-09T07:53:00Z</time>
      </trkpt>
      <trkpt lat="45.639332" lon="23.918584">
        <ele>1564.240</ele>
        <time>2016-01-09T07:53:31Z</time>
      </trkpt>
      <trkpt lat="45.639287" lon="23.918485">
        <ele>1569.283</ele>
        <time>2016-01-09T07:53:35Z</time>
      </trkpt>
      <trkpt lat="45.639300" lon="23.918349">
        <ele>1571.998</ele>
        <time>2016-01-09T07:53:42Z</time>
      </trkpt>
      <trkpt lat="45.639323" lon="23.918228">
        <ele>1573.540</ele>
        <time>2016-01-09T07:53:52Z</time>
      </trkpt>
      <trkpt lat="45.639303" lon="23.918104">
        <ele>1577.566</ele>
        <time>2016-01-09T07:54:01Z</time>
      </trkpt>
      <trkpt lat="45.639354" lon="23.918012">
        <ele>1577.077</ele>
        <time>2016-01-09T07:54:08Z</time>
      </trkpt>
      <trkpt lat="45.639353" lon="23.917894">
        <ele>1579.261</ele>
        <time>2016-01-09T07:54:21Z</time>
      </trkpt>
      <trkpt lat="45.639376" lon="23.917780">
        <ele>1580.427</ele>
        <time>2016-01-09T07:54:31Z</time>
      </trkpt>
      <trkpt lat="45.639437" lon="23.917678">
        <ele>1579.708</ele>
        <time>2016-01-09T07:54:40Z</time>
      </trkpt>
      <trkpt lat="45.639426" lon="23.917558">
        <ele>1581.718</ele>
        <time>2016-01-09T07:54:54Z</time>
      </trkpt>
      <trkpt lat="45.639452" lon="23.917422">
        <ele>1582.164</ele>
        <time>2016-01-09T07:55:23Z</time>
      </trkpt>
      <trkpt lat="45.639451" lon="23.917304">
        <ele>1582.558</ele>
        <time>2016-01-09T07:55:30Z</time>
      </trkpt>
      <trkpt lat="45.639455" lon="23.917180">
        <ele>1583.246</ele>
        <time>2016-01-09T07:55:36Z</time>
      </trkpt>
      <trkpt lat="45.639507" lon="23.917078">
        <ele>1583.489</ele>
        <time>2016-01-09T07:56:25Z</time>
      </trkpt>
      <trkpt lat="45.639514" lon="23.916927">
        <ele>1585.434</ele>
        <time>2016-01-09T07:56:31Z</time>
      </trkpt>
      <trkpt lat="45.639582" lon="23.916837">
        <ele>1586.726</ele>
        <time>2016-01-09T07:56:35Z</time>
      </trkpt>
      <trkpt lat="45.639672" lon="23.916822">
        <ele>1585.892</ele>
        <time>2016-01-09T07:56:38Z</time>
      </trkpt>
      <trkpt lat="45.639762" lon="23.916790">
        <ele>1585.711</ele>
        <time>2016-01-09T07:56:44Z</time>
      </trkpt>
      <trkpt lat="45.639868" lon="23.916801">
        <ele>1584.821</ele>
        <time>2016-01-09T07:56:56Z</time>
      </trkpt>
      <trkpt lat="45.639944" lon="23.916860">
        <ele>1583.103</ele>
        <time>2016-01-09T07:57:07Z</time>
      </trkpt>
      <trkpt lat="45.640032" lon="23.916885">
        <ele>1582.608</ele>
        <time>2016-01-09T07:57:37Z</time>
      </trkpt>
      <trkpt lat="45.640110" lon="23.916837">
        <ele>1584.492</ele>
        <time>2016-01-09T07:57:51Z</time>
      </trkpt>
      <trkpt lat="45.640100" lon="23.916720">
        <ele>1586.658</ele>
        <time>2016-01-09T07:58:12Z</time>
      </trkpt>
      <trkpt lat="45.640133" lon="23.916594">
        <ele>1589.422</ele>
        <time>2016-01-09T07:58:24Z</time>
      </trkpt>
      <trkpt lat="45.640177" lon="23.916495">
        <ele>1591.640</ele>
        <time>2016-01-09T07:58:36Z</time>
      </trkpt>
      <trkpt lat="45.640256" lon="23.916458">
        <ele>1592.713</ele>
        <time>2016-01-09T07:58:53Z</time>
      </trkpt>
      <trkpt lat="45.640339" lon="23.916445">
        <ele>1594.038</ele>
        <time>2016-01-09T08:00:34Z</time>
      </trkpt>
      <trkpt lat="45.640439" lon="23.916460">
        <ele>1595.510</ele>
        <time>2016-01-09T08:00:39Z</time>
      </trkpt>
      <trkpt lat="45.640533" lon="23.916492">
        <ele>1596.476</ele>
        <time>2016-01-09T08:00:46Z</time>
      </trkpt>
      <trkpt lat="45.640623" lon="23.916491">
        <ele>1597.789</ele>
        <time>2016-01-09T08:00:52Z</time>
      </trkpt>
      <trkpt lat="45.640713" lon="23.916527">
        <ele>1598.006</ele>
        <time>2016-01-09T08:01:00Z</time>
      </trkpt>
      <trkpt lat="45.640792" lon="23.916556">
        <ele>1598.326</ele>
        <time>2016-01-09T08:01:11Z</time>
      </trkpt>
      <trkpt lat="45.640877" lon="23.916607">
        <ele>1598.308</ele>
        <time>2016-01-09T08:01:56Z</time>
      </trkpt>
      <trkpt lat="45.640965" lon="23.916629">
        <ele>1599.389</ele>
        <time>2016-01-09T08:02:02Z</time>
      </trkpt>
      <trkpt lat="45.641046" lon="23.916621">
        <ele>1600.955</ele>
        <time>2016-01-09T08:02:08Z</time>
      </trkpt>
      <trkpt lat="45.641125" lon="23.916658">
        <ele>1601.459</ele>
        <time>2016-01-09T08:02:15Z</time>
      </trkpt>
      <trkpt lat="45.641212" lon="23.916706">
        <ele>1601.087</ele>
        <time>2016-01-09T08:02:22Z</time>
      </trkpt>
      <trkpt lat="45.641314" lon="23.916740">
        <ele>1601.160</ele>
        <time>2016-01-09T08:02:31Z</time>
      </trkpt>
      <trkpt lat="45.641399" lon="23.916762">
        <ele>1601.345</ele>
        <time>2016-01-09T08:02:37Z</time>
      </trkpt>
      <trkpt lat="45.641478" lon="23.916729">
        <ele>1603.137</ele>
        <time>2016-01-09T08:02:43Z</time>
      </trkpt>
      <trkpt lat="45.641566" lon="23.916777">
        <ele>1601.783</ele>
        <time>2016-01-09T08:02:52Z</time>
      </trkpt>
      <trkpt lat="45.641651" lon="23.916801">
        <ele>1601.137</ele>
        <time>2016-01-09T08:03:05Z</time>
      </trkpt>
      <trkpt lat="45.641734" lon="23.916796">
        <ele>1601.649</ele>
        <time>2016-01-09T08:03:12Z</time>
      </trkpt>
      <trkpt lat="45.641818" lon="23.916750">
        <ele>1603.513</ele>
        <time>2016-01-09T08:03:22Z</time>
      </trkpt>
      <trkpt lat="45.641892" lon="23.916682">
        <ele>1605.708</ele>
        <time>2016-01-09T08:03:30Z</time>
      </trkpt>
      <trkpt lat="45.641799" lon="23.916710">
        <ele>1604.944</ele>
        <time>2016-01-09T08:03:41Z</time>
      </trkpt>
      <trkpt lat="45.641716" lon="23.916702">
        <ele>1605.490</ele>
        <time>2016-01-09T08:03:50Z</time>
      </trkpt>
      <trkpt lat="45.641640" lon="23.916646">
        <ele>1607.554</ele>
        <time>2016-01-09T08:03:59Z</time>
      </trkpt>
      <trkpt lat="45.641586" lon="23.916546">
        <ele>1610.172</ele>
        <time>2016-01-09T08:04:07Z</time>
      </trkpt>
      <trkpt lat="45.641535" lon="23.916452">
        <ele>1612.355</ele>
        <time>2016-01-09T08:04:16Z</time>
      </trkpt>
      <trkpt lat="45.641489" lon="23.916353">
        <ele>1613.860</ele>
        <time>2016-01-09T08:04:24Z</time>
      </trkpt>
      <trkpt lat="45.641436" lon="23.916264">
        <ele>1614.032</ele>
        <time>2016-01-09T08:04:32Z</time>
      </trkpt>
      <trkpt lat="45.641381" lon="23.916177">
        <ele>1614.268</ele>
        <time>2016-01-09T08:04:44Z</time>
      </trkpt>
      <trkpt lat="45.641312" lon="23.916099">
        <ele>1614.365</ele>
        <time>2016-01-09T08:04:54Z</time>
      </trkpt>
      <trkpt lat="45.641255" lon="23.916005">
        <ele>1614.968</ele>
        <time>2016-01-09T08:05:04Z</time>
      </trkpt>
      <trkpt lat="45.641198" lon="23.915900">
        <ele>1616.014</ele>
        <time>2016-01-09T08:05:12Z</time>
      </trkpt>
      <trkpt lat="45.641121" lon="23.915820">
        <ele>1617.108</ele>
        <time>2016-01-09T08:05:20Z</time>
      </trkpt>
      <trkpt lat="45.641101" lon="23.915695">
        <ele>1618.527</ele>
        <time>2016-01-09T08:05:32Z</time>
      </trkpt>
      <trkpt lat="45.641082" lon="23.915582">
        <ele>1619.823</ele>
        <time>2016-01-09T08:05:44Z</time>
      </trkpt>
      <trkpt lat="45.641030" lon="23.915474">
        <ele>1621.217</ele>
        <time>2016-01-09T08:05:52Z</time>
      </trkpt>
      <trkpt lat="45.640959" lon="23.915395">
        <ele>1622.395</ele>
        <time>2016-01-09T08:06:00Z</time>
      </trkpt>
      <trkpt lat="45.640879" lon="23.915367">
        <ele>1622.998</ele>
        <time>2016-01-09T08:06:06Z</time>
      </trkpt>
      <trkpt lat="45.640792" lon="23.915382">
        <ele>1622.873</ele>
        <time>2016-01-09T08:06:14Z</time>
      </trkpt>
      <trkpt lat="45.640724" lon="23.915316">
        <ele>1623.575</ele>
        <time>2016-01-09T08:06:30Z</time>
      </trkpt>
      <trkpt lat="45.640637" lon="23.915304">
        <ele>1623.681</ele>
        <time>2016-01-09T08:06:38Z</time>
      </trkpt>
      <trkpt lat="45.640565" lon="23.915239">
        <ele>1624.799</ele>
        <time>2016-01-09T08:07:05Z</time>
      </trkpt>
      <trkpt lat="45.640509" lon="23.915151">
        <ele>1626.407</ele>
        <time>2016-01-09T08:07:21Z</time>
      </trkpt>
      <trkpt lat="45.640455" lon="23.915063">
        <ele>1628.127</ele>
        <time>2016-01-09T08:07:44Z</time>
      </trkpt>
      <trkpt lat="45.640409" lon="23.914962">
        <ele>1629.908</ele>
        <time>2016-01-09T08:07:55Z</time>
      </trkpt>
      <trkpt lat="45.640364" lon="23.914845">
        <ele>1631.690</ele>
        <time>2016-01-09T08:08:53Z</time>
      </trkpt>
      <trkpt lat="45.640274" lon="23.914787">
        <ele>1633.136</ele>
        <time>2016-01-09T08:09:06Z</time>
      </trkpt>
      <trkpt lat="45.640199" lon="23.914724">
        <ele>1634.010</ele>
        <time>2016-01-09T08:09:15Z</time>
      </trkpt>
      <trkpt lat="45.640119" lon="23.914663">
        <ele>1635.128</ele>
        <time>2016-01-09T08:09:28Z</time>
      </trkpt>
      <trkpt lat="45.640052" lon="23.914593">
        <ele>1636.391</ele>
        <time>2016-01-09T08:09:40Z</time>
      </trkpt>
      <trkpt lat="45.639978" lon="23.914546">
        <ele>1637.216</ele>
        <time>2016-01-09T08:09:53Z</time>
      </trkpt>
      <trkpt lat="45.639918" lon="23.914461">
        <ele>1638.768</ele>
        <time>2016-01-09T08:10:11Z</time>
      </trkpt>
      <trkpt lat="45.639859" lon="23.914372">
        <ele>1640.484</ele>
        <time>2016-01-09T08:10:27Z</time>
      </trkpt>
      <trkpt lat="45.639821" lon="23.914259">
        <ele>1642.612</ele>
        <time>2016-01-09T08:12:11Z</time>
      </trkpt>
      <trkpt lat="45.639764" lon="23.914172">
        <ele>1644.132</ele>
        <time>2016-01-09T08:12:23Z</time>
      </trkpt>
      <trkpt lat="45.639701" lon="23.914099">
        <ele>1645.405</ele>
        <time>2016-01-09T08:12:34Z</time>
      </trkpt>
      <trkpt lat="45.639632" lon="23.914017">
        <ele>1647.708</ele>
        <time>2016-01-09T08:12:46Z</time>
      </trkpt>
      <trkpt lat="45.639564" lon="23.913945">
        <ele>1649.762</ele>
        <time>2016-01-09T08:13:03Z</time>
      </trkpt>
      <trkpt lat="45.639544" lon="23.913832">
        <ele>1651.848</ele>
        <time>2016-01-09T08:13:31Z</time>
      </trkpt>
      <trkpt lat="45.639487" lon="23.913746">
        <ele>1653.782</ele>
        <time>2016-01-09T08:13:45Z</time>
      </trkpt>
      <trkpt lat="45.639430" lon="23.913657">
        <ele>1655.580</ele>
        <time>2016-01-09T08:13:59Z</time>
      </trkpt>
      <trkpt lat="45.639374" lon="23.913570">
        <ele>1657.133</ele>
        <time>2016-01-09T08:14:32Z</time>
      </trkpt>
      <trkpt lat="45.639306" lon="23.913485">
        <ele>1658.988</ele>
        <time>2016-01-09T08:15:41Z</time>
      </trkpt>
      <trkpt lat="45.639255" lon="23.913385">
        <ele>1660.890</ele>
        <time>2016-01-09T08:15:51Z</time>
      </trkpt>
      <trkpt lat="45.639222" lon="23.913276">
        <ele>1662.666</ele>
        <time>2016-01-09T08:16:38Z</time>
      </trkpt>
      <trkpt lat="45.639177" lon="23.913173">
        <ele>1664.549</ele>
        <time>2016-01-09T08:17:14Z</time>
      </trkpt>
      <trkpt lat="45.639127" lon="23.913080">
        <ele>1666.602</ele>
        <time>2016-01-09T08:17:37Z</time>
      </trkpt>
      <trkpt lat="45.639069" lon="23.912996">
        <ele>1669.522</ele>
        <time>2016-01-09T08:17:52Z</time>
      </trkpt>
      <trkpt lat="45.639002" lon="23.912924">
        <ele>1672.608</ele>
        <time>2016-01-09T08:18:11Z</time>
      </trkpt>
      <trkpt lat="45.638937" lon="23.912854">
        <ele>1675.465</ele>
        <time>2016-01-09T08:18:25Z</time>
      </trkpt>
      <trkpt lat="45.638926" lon="23.912739">
        <ele>1677.971</ele>
        <time>2016-01-09T08:19:02Z</time>
      </trkpt>
      <trkpt lat="45.638894" lon="23.912631">
        <ele>1679.635</ele>
        <time>2016-01-09T08:19:24Z</time>
      </trkpt>
      <trkpt lat="45.638861" lon="23.912523">
        <ele>1681.233</ele>
        <time>2016-01-09T08:19:52Z</time>
      </trkpt>
      <trkpt lat="45.638773" lon="23.912515">
        <ele>1682.916</ele>
        <time>2016-01-09T08:20:15Z</time>
      </trkpt>
      <trkpt lat="45.638738" lon="23.912410">
        <ele>1685.071</ele>
        <time>2016-01-09T08:20:36Z</time>
      </trkpt>
      <trkpt lat="45.638702" lon="23.912303">
        <ele>1686.783</ele>
        <time>2016-01-09T08:20:55Z</time>
      </trkpt>
      <trkpt lat="45.638687" lon="23.912185">
        <ele>1688.579</ele>
        <time>2016-01-09T08:21:29Z</time>
      </trkpt>
      <trkpt lat="45.638657" lon="23.912076">
        <ele>1691.013</ele>
        <time>2016-01-09T08:21:59Z</time>
      </trkpt>
      <trkpt lat="45.638593" lon="23.912003">
        <ele>1693.243</ele>
        <time>2016-01-09T08:22:15Z</time>
      </trkpt>
      <trkpt lat="45.638612" lon="23.911891">
        <ele>1695.207</ele>
        <time>2016-01-09T08:23:05Z</time>
      </trkpt>
      <trkpt lat="45.638602" lon="23.911771">
        <ele>1697.908</ele>
        <time>2016-01-09T08:23:40Z</time>
      </trkpt>
      <trkpt lat="45.638597" lon="23.911655">
        <ele>1700.512</ele>
        <time>2016-01-09T08:23:55Z</time>
      </trkpt>
      <trkpt lat="45.638559" lon="23.911545">
        <ele>1703.398</ele>
        <time>2016-01-09T08:24:13Z</time>
      </trkpt>
      <trkpt lat="45.638524" lon="23.911436">
        <ele>1705.892</ele>
        <time>2016-01-09T08:24:29Z</time>
      </trkpt>
      <trkpt lat="45.638446" lon="23.911381">
        <ele>1707.390</ele>
        <time>2016-01-09T08:25:07Z</time>
      </trkpt>
      <trkpt lat="45.638442" lon="23.911262">
        <ele>1709.063</ele>
        <time>2016-01-09T08:25:22Z</time>
      </trkpt>
      <trkpt lat="45.638430" lon="23.911145">
        <ele>1710.888</ele>
        <time>2016-01-09T08:25:41Z</time>
      </trkpt>
      <trkpt lat="45.638373" lon="23.911053">
        <ele>1712.280</ele>
        <time>2016-01-09T08:25:53Z</time>
      </trkpt>
      <trkpt lat="45.638288" lon="23.911053">
        <ele>1712.646</ele>
        <time>2016-01-09T08:26:42Z</time>
      </trkpt>
      <trkpt lat="45.638236" lon="23.910948">
        <ele>1713.535</ele>
        <time>2016-01-09T08:28:27Z</time>
      </trkpt>
      <trkpt lat="45.638195" lon="23.910844">
        <ele>1714.486</ele>
        <time>2016-01-09T08:28:39Z</time>
      </trkpt>
      <trkpt lat="45.638178" lon="23.910719">
        <ele>1715.814</ele>
        <time>2016-01-09T08:28:53Z</time>
      </trkpt>
      <trkpt lat="45.638168" lon="23.910601">
        <ele>1717.308</ele>
        <time>2016-01-09T08:29:06Z</time>
      </trkpt>
      <trkpt lat="45.638179" lon="23.910483">
        <ele>1718.954</ele>
        <time>2016-01-09T08:29:19Z</time>
      </trkpt>
      <trkpt lat="45.638181" lon="23.910358">
        <ele>1720.970</ele>
        <time>2016-01-09T08:29:34Z</time>
      </trkpt>
      <trkpt lat="45.638209" lon="23.910241">
        <ele>1722.374</ele>
        <time>2016-01-09T08:29:49Z</time>
      </trkpt>
      <trkpt lat="45.638225" lon="23.910125">
        <ele>1723.532</ele>
        <time>2016-01-09T08:30:05Z</time>
      </trkpt>
      <trkpt lat="45.638226" lon="23.910001">
        <ele>1725.175</ele>
        <time>2016-01-09T08:30:16Z</time>
      </trkpt>
      <trkpt lat="45.638269" lon="23.909878">
        <ele>1725.910</ele>
        <time>2016-01-09T08:30:27Z</time>
      </trkpt>
      <trkpt lat="45.638295" lon="23.909761">
        <ele>1726.952</ele>
        <time>2016-01-09T08:30:40Z</time>
      </trkpt>
      <trkpt lat="45.638336" lon="23.909651">
        <ele>1727.848</ele>
        <time>2016-01-09T08:31:02Z</time>
      </trkpt>
      <trkpt lat="45.638363" lon="23.909542">
        <ele>1728.816</ele>
        <time>2016-01-09T08:31:18Z</time>
      </trkpt>
      <trkpt lat="45.638410" lon="23.909435">
        <ele>1729.876</ele>
        <time>2016-01-09T08:31:35Z</time>
      </trkpt>
      <trkpt lat="45.638448" lon="23.909326">
        <ele>1730.013</ele>
        <time>2016-01-09T08:31:58Z</time>
      </trkpt>
      <trkpt lat="45.638493" lon="23.909220">
        <ele>1730.208</ele>
        <time>2016-01-09T08:32:14Z</time>
      </trkpt>
      <trkpt lat="45.638518" lon="23.909104">
        <ele>1730.792</ele>
        <time>2016-01-09T08:32:24Z</time>
      </trkpt>
      <trkpt lat="45.638563" lon="23.909007">
        <ele>1731.218</ele>
        <time>2016-01-09T08:32:36Z</time>
      </trkpt>
      <trkpt lat="45.638590" lon="23.908891">
        <ele>1732.032</ele>
        <time>2016-01-09T08:32:54Z</time>
      </trkpt>
      <trkpt lat="45.638627" lon="23.908780">
        <ele>1733.120</ele>
        <time>2016-01-09T08:33:09Z</time>
      </trkpt>
      <trkpt lat="45.638644" lon="23.908652">
        <ele>1734.333</ele>
        <time>2016-01-09T08:33:34Z</time>
      </trkpt>
      <trkpt lat="45.638672" lon="23.908535">
        <ele>1736.018</ele>
        <time>2016-01-09T08:33:43Z</time>
      </trkpt>
      <trkpt lat="45.638699" lon="23.908416">
        <ele>1738.170</ele>
        <time>2016-01-09T08:33:53Z</time>
      </trkpt>
      <trkpt lat="45.638721" lon="23.908300">
        <ele>1740.066</ele>
        <time>2016-01-09T08:34:07Z</time>
      </trkpt>
      <trkpt lat="45.638751" lon="23.908189">
        <ele>1741.195</ele>
        <time>2016-01-09T08:34:20Z</time>
      </trkpt>
      <trkpt lat="45.638776" lon="23.908077">
        <ele>1742.249</ele>
        <time>2016-01-09T08:34:33Z</time>
      </trkpt>
      <trkpt lat="45.638776" lon="23.907957">
        <ele>1742.623</ele>
        <time>2016-01-09T08:34:48Z</time>
      </trkpt>
      <trkpt lat="45.638789" lon="23.907836">
        <ele>1742.908</ele>
        <time>2016-01-09T08:35:01Z</time>
      </trkpt>
      <trkpt lat="45.638819" lon="23.907727">
        <ele>1743.230</ele>
        <time>2016-01-09T08:35:15Z</time>
      </trkpt>
      <trkpt lat="45.638835" lon="23.907612">
        <ele>1743.676</ele>
        <time>2016-01-09T08:35:26Z</time>
      </trkpt>
      <trkpt lat="45.638869" lon="23.907494">
        <ele>1744.080</ele>
        <time>2016-01-09T08:35:39Z</time>
      </trkpt>
      <trkpt lat="45.638876" lon="23.907373">
        <ele>1744.098</ele>
        <time>2016-01-09T08:35:52Z</time>
      </trkpt>
      <trkpt lat="45.638916" lon="23.907262">
        <ele>1744.191</ele>
        <time>2016-01-09T08:36:09Z</time>
      </trkpt>
      <trkpt lat="45.638914" lon="23.907143">
        <ele>1744.736</ele>
        <time>2016-01-09T08:36:36Z</time>
      </trkpt>
      <trkpt lat="45.638882" lon="23.907034">
        <ele>1745.318</ele>
        <time>2016-01-09T08:39:49Z</time>
      </trkpt>
      <trkpt lat="45.638813" lon="23.907114">
        <ele>1744.844</ele>
        <time>2016-01-09T08:59:34Z</time>
      </trkpt>
      <trkpt lat="45.638731" lon="23.907156">
        <ele>1744.881</ele>
        <time>2016-01-09T08:59:43Z</time>
      </trkpt>
      <trkpt lat="45.638650" lon="23.907196">
        <ele>1744.961</ele>
        <time>2016-01-09T08:59:52Z</time>
      </trkpt>
      <trkpt lat="45.638569" lon="23.907154">
        <ele>1745.317</ele>
        <time>2016-01-09T09:00:10Z</time>
      </trkpt>
      <trkpt lat="45.638477" lon="23.907174">
        <ele>1746.008</ele>
        <time>2016-01-09T09:00:18Z</time>
      </trkpt>
      <trkpt lat="45.638391" lon="23.907198">
        <ele>1746.639</ele>
        <time>2016-01-09T09:00:33Z</time>
      </trkpt>
      <trkpt lat="45.638314" lon="23.907237">
        <ele>1747.395</ele>
        <time>2016-01-09T09:00:48Z</time>
      </trkpt>
      <trkpt lat="45.638228" lon="23.907264">
        <ele>1748.599</ele>
        <time>2016-01-09T09:00:59Z</time>
      </trkpt>
      <trkpt lat="45.638146" lon="23.907251">
        <ele>1749.657</ele>
        <time>2016-01-09T09:01:11Z</time>
      </trkpt>
      <trkpt lat="45.638064" lon="23.907258">
        <ele>1750.840</ele>
        <time>2016-01-09T09:01:18Z</time>
      </trkpt>
      <trkpt lat="45.637970" lon="23.907232">
        <ele>1752.285</ele>
        <time>2016-01-09T09:01:34Z</time>
      </trkpt>
      <trkpt lat="45.637889" lon="23.907190">
        <ele>1753.347</ele>
        <time>2016-01-09T09:01:48Z</time>
      </trkpt>
      <trkpt lat="45.637810" lon="23.907157">
        <ele>1754.313</ele>
        <time>2016-01-09T09:02:01Z</time>
      </trkpt>
      <trkpt lat="45.637720" lon="23.907123">
        <ele>1754.742</ele>
        <time>2016-01-09T09:02:13Z</time>
      </trkpt>
      <trkpt lat="45.637637" lon="23.907069">
        <ele>1754.722</ele>
        <time>2016-01-09T09:02:25Z</time>
      </trkpt>
      <trkpt lat="45.637551" lon="23.907032">
        <ele>1754.914</ele>
        <time>2016-01-09T09:02:39Z</time>
      </trkpt>
      <trkpt lat="45.637470" lon="23.907009">
        <ele>1755.108</ele>
        <time>2016-01-09T09:02:48Z</time>
      </trkpt>
      <trkpt lat="45.637398" lon="23.906943">
        <ele>1755.475</ele>
        <time>2016-01-09T09:03:00Z</time>
      </trkpt>
      <trkpt lat="45.637319" lon="23.906890">
        <ele>1755.741</ele>
        <time>2016-01-09T09:03:10Z</time>
      </trkpt>
      <trkpt lat="45.637247" lon="23.906831">
        <ele>1755.995</ele>
        <time>2016-01-09T09:03:26Z</time>
      </trkpt>
      <trkpt lat="45.637192" lon="23.906742">
        <ele>1756.513</ele>
        <time>2016-01-09T09:03:37Z</time>
      </trkpt>
      <trkpt lat="45.637138" lon="23.906650">
        <ele>1757.316</ele>
        <time>2016-01-09T09:03:46Z</time>
      </trkpt>
      <trkpt lat="45.637059" lon="23.906612">
        <ele>1758.471</ele>
        <time>2016-01-09T09:04:02Z</time>
      </trkpt>
      <trkpt lat="45.636999" lon="23.906528">
        <ele>1759.013</ele>
        <time>2016-01-09T09:04:13Z</time>
      </trkpt>
      <trkpt lat="45.636933" lon="23.906451">
        <ele>1759.469</ele>
        <time>2016-01-09T09:04:26Z</time>
      </trkpt>
      <trkpt lat="45.636863" lon="23.906392">
        <ele>1760.583</ele>
        <time>2016-01-09T09:04:40Z</time>
      </trkpt>
      <trkpt lat="45.636794" lon="23.906321">
        <ele>1761.625</ele>
        <time>2016-01-09T09:04:55Z</time>
      </trkpt>
      <trkpt lat="45.636726" lon="23.906258">
        <ele>1762.817</ele>
        <time>2016-01-09T09:05:05Z</time>
      </trkpt>
      <trkpt lat="45.636647" lon="23.906213">
        <ele>1764.608</ele>
        <time>2016-01-09T09:05:15Z</time>
      </trkpt>
      <trkpt lat="45.636573" lon="23.906158">
        <ele>1766.589</ele>
        <time>2016-01-09T09:05:29Z</time>
      </trkpt>
      <trkpt lat="45.636493" lon="23.906128">
        <ele>1768.525</ele>
        <time>2016-01-09T09:05:37Z</time>
      </trkpt>
      <trkpt lat="45.636412" lon="23.906067">
        <ele>1770.489</ele>
        <time>2016-01-09T09:05:49Z</time>
      </trkpt>
      <trkpt lat="45.636334" lon="23.906037">
        <ele>1772.097</ele>
        <time>2016-01-09T09:06:00Z</time>
      </trkpt>
      <trkpt lat="45.636283" lon="23.905944">
        <ele>1772.460</ele>
        <time>2016-01-09T09:06:20Z</time>
      </trkpt>
      <trkpt lat="45.636203" lon="23.905907">
        <ele>1773.095</ele>
        <time>2016-01-09T09:06:36Z</time>
      </trkpt>
      <trkpt lat="45.636125" lon="23.905864">
        <ele>1773.377</ele>
        <time>2016-01-09T09:06:52Z</time>
      </trkpt>
      <trkpt lat="45.636052" lon="23.905815">
        <ele>1774.553</ele>
        <time>2016-01-09T09:07:02Z</time>
      </trkpt>
      <trkpt lat="45.635974" lon="23.905769">
        <ele>1776.063</ele>
        <time>2016-01-09T09:07:16Z</time>
      </trkpt>
      <trkpt lat="45.635919" lon="23.905678">
        <ele>1776.144</ele>
        <time>2016-01-09T09:07:25Z</time>
      </trkpt>
      <trkpt lat="45.635854" lon="23.905603">
        <ele>1776.418</ele>
        <time>2016-01-09T09:07:36Z</time>
      </trkpt>
      <trkpt lat="45.635797" lon="23.905516">
        <ele>1775.908</ele>
        <time>2016-01-09T09:07:50Z</time>
      </trkpt>
      <trkpt lat="45.635757" lon="23.905414">
        <ele>1774.667</ele>
        <time>2016-01-09T09:08:01Z</time>
      </trkpt>
      <trkpt lat="45.635693" lon="23.905336">
        <ele>1774.373</ele>
        <time>2016-01-09T09:08:12Z</time>
      </trkpt>
      <trkpt lat="45.635635" lon="23.905251">
        <ele>1773.857</ele>
        <time>2016-01-09T09:08:25Z</time>
      </trkpt>
      <trkpt lat="45.635555" lon="23.905222">
        <ele>1775.235</ele>
        <time>2016-01-09T09:09:00Z</time>
      </trkpt>
      <trkpt lat="45.635485" lon="23.905162">
        <ele>1776.288</ele>
        <time>2016-01-09T09:09:15Z</time>
      </trkpt>
      <trkpt lat="45.635442" lon="23.905054">
        <ele>1776.033</ele>
        <time>2016-01-09T09:12:18Z</time>
      </trkpt>
      <trkpt lat="45.635365" lon="23.905004">
        <ele>1777.515</ele>
        <time>2016-01-09T09:12:31Z</time>
      </trkpt>
      <trkpt lat="45.635292" lon="23.904947">
        <ele>1778.841</ele>
        <time>2016-01-09T09:12:49Z</time>
      </trkpt>
      <trkpt lat="45.635233" lon="23.904858">
        <ele>1779.162</ele>
        <time>2016-01-09T09:13:15Z</time>
      </trkpt>
      <trkpt lat="45.635161" lon="23.904787">
        <ele>1779.983</ele>
        <time>2016-01-09T09:13:34Z</time>
      </trkpt>
      <trkpt lat="45.635106" lon="23.904701">
        <ele>1780.011</ele>
        <time>2016-01-09T09:13:48Z</time>
      </trkpt>
      <trkpt lat="45.635050" lon="23.904609">
        <ele>1779.508</ele>
        <time>2016-01-09T09:13:59Z</time>
      </trkpt>
      <trkpt lat="45.634992" lon="23.904518">
        <ele>1778.837</ele>
        <time>2016-01-09T09:14:15Z</time>
      </trkpt>
      <trkpt lat="45.634914" lon="23.904454">
        <ele>1779.443</ele>
        <time>2016-01-09T09:14:26Z</time>
      </trkpt>
      <trkpt lat="45.634831" lon="23.904435">
        <ele>1781.297</ele>
        <time>2016-01-09T09:14:45Z</time>
      </trkpt>
      <trkpt lat="45.634792" lon="23.904332">
        <ele>1781.045</ele>
        <time>2016-01-09T09:15:04Z</time>
      </trkpt>
      <trkpt lat="45.634721" lon="23.904270">
        <ele>1782.238</ele>
        <time>2016-01-09T09:15:18Z</time>
      </trkpt>
      <trkpt lat="45.634657" lon="23.904195">
        <ele>1783.253</ele>
        <time>2016-01-09T09:15:33Z</time>
      </trkpt>
      <trkpt lat="45.634589" lon="23.904112">
        <ele>1784.395</ele>
        <time>2016-01-09T09:15:46Z</time>
      </trkpt>
      <trkpt lat="45.634539" lon="23.904020">
        <ele>1785.081</ele>
        <time>2016-01-09T09:16:04Z</time>
      </trkpt>
      <trkpt lat="45.634482" lon="23.903927">
        <ele>1786.127</ele>
        <time>2016-01-09T09:16:17Z</time>
      </trkpt>
      <trkpt lat="45.634423" lon="23.903835">
        <ele>1787.068</ele>
        <time>2016-01-09T09:16:28Z</time>
      </trkpt>
      <trkpt lat="45.634375" lon="23.903728">
        <ele>1787.314</ele>
        <time>2016-01-09T09:16:41Z</time>
      </trkpt>
      <trkpt lat="45.634316" lon="23.903644">
        <ele>1788.108</ele>
        <time>2016-01-09T09:16:55Z</time>
      </trkpt>
      <trkpt lat="45.634271" lon="23.903543">
        <ele>1788.693</ele>
        <time>2016-01-09T09:17:12Z</time>
      </trkpt>
      <trkpt lat="45.634217" lon="23.903454">
        <ele>1789.519</ele>
        <time>2016-01-09T09:17:27Z</time>
      </trkpt>
      <trkpt lat="45.634178" lon="23.903352">
        <ele>1789.893</ele>
        <time>2016-01-09T09:18:08Z</time>
      </trkpt>
      <trkpt lat="45.634128" lon="23.903261">
        <ele>1790.851</ele>
        <time>2016-01-09T09:18:24Z</time>
      </trkpt>
      <trkpt lat="45.634097" lon="23.903148">
        <ele>1791.234</ele>
        <time>2016-01-09T09:18:40Z</time>
      </trkpt>
      <trkpt lat="45.634049" lon="23.903053">
        <ele>1791.969</ele>
        <time>2016-01-09T09:18:52Z</time>
      </trkpt>
      <trkpt lat="45.634017" lon="23.902944">
        <ele>1791.881</ele>
        <time>2016-01-09T09:19:02Z</time>
      </trkpt>
      <trkpt lat="45.633981" lon="23.902840">
        <ele>1791.927</ele>
        <time>2016-01-09T09:19:20Z</time>
      </trkpt>
      <trkpt lat="45.633914" lon="23.902766">
        <ele>1793.124</ele>
        <time>2016-01-09T09:19:40Z</time>
      </trkpt>
      <trkpt lat="45.633877" lon="23.902655">
        <ele>1793.104</ele>
        <time>2016-01-09T09:19:54Z</time>
      </trkpt>
      <trkpt lat="45.633846" lon="23.902547">
        <ele>1793.314</ele>
        <time>2016-01-09T09:20:09Z</time>
      </trkpt>
      <trkpt lat="45.633819" lon="23.902434">
        <ele>1793.108</ele>
        <time>2016-01-09T09:20:23Z</time>
      </trkpt>
      <trkpt lat="45.633793" lon="23.902313">
        <ele>1792.793</ele>
        <time>2016-01-09T09:20:51Z</time>
      </trkpt>
      <trkpt lat="45.633749" lon="23.902209">
        <ele>1793.439</ele>
        <time>2016-01-09T09:21:05Z</time>
      </trkpt>
      <trkpt lat="45.633715" lon="23.902101">
        <ele>1794.093</ele>
        <time>2016-01-09T09:21:18Z</time>
      </trkpt>
      <trkpt lat="45.633675" lon="23.901999">
        <ele>1794.831</ele>
        <time>2016-01-09T09:21:27Z</time>
      </trkpt>
      <trkpt lat="45.633628" lon="23.901887">
        <ele>1795.434</ele>
        <time>2016-01-09T09:21:37Z</time>
      </trkpt>
      <trkpt lat="45.633567" lon="23.901800">
        <ele>1796.369</ele>
        <time>2016-01-09T09:21:49Z</time>
      </trkpt>
      <trkpt lat="45.633518" lon="23.901706">
        <ele>1796.631</ele>
        <time>2016-01-09T09:22:06Z</time>
      </trkpt>
      <trkpt lat="45.633503" lon="23.901593">
        <ele>1795.357</ele>
        <time>2016-01-09T09:22:31Z</time>
      </trkpt>
      <trkpt lat="45.633438" lon="23.901519">
        <ele>1796.368</ele>
        <time>2016-01-09T09:22:44Z</time>
      </trkpt>
      <trkpt lat="45.633403" lon="23.901409">
        <ele>1795.842</ele>
        <time>2016-01-09T09:22:51Z</time>
      </trkpt>
      <trkpt lat="45.633371" lon="23.901297">
        <ele>1795.126</ele>
        <time>2016-01-09T09:23:07Z</time>
      </trkpt>
      <trkpt lat="45.633338" lon="23.901182">
        <ele>1794.108</ele>
        <time>2016-01-09T09:23:18Z</time>
      </trkpt>
      <trkpt lat="45.633262" lon="23.901133">
        <ele>1796.587</ele>
        <time>2016-01-09T09:23:44Z</time>
      </trkpt>
      <trkpt lat="45.633187" lon="23.901082">
        <ele>1799.033</ele>
        <time>2016-01-09T09:23:57Z</time>
      </trkpt>
      <trkpt lat="45.633138" lon="23.900985">
        <ele>1799.947</ele>
        <time>2016-01-09T09:24:10Z</time>
      </trkpt>
      <trkpt lat="45.633087" lon="23.900890">
        <ele>1800.635</ele>
        <time>2016-01-09T09:24:20Z</time>
      </trkpt>
      <trkpt lat="45.633014" lon="23.900832">
        <ele>1802.368</ele>
        <time>2016-01-09T09:24:33Z</time>
      </trkpt>
      <trkpt lat="45.632956" lon="23.900732">
        <ele>1803.293</ele>
        <time>2016-01-09T09:24:53Z</time>
      </trkpt>
      <trkpt lat="45.632911" lon="23.900630">
        <ele>1803.555</ele>
        <time>2016-01-09T09:25:06Z</time>
      </trkpt>
      <trkpt lat="45.632856" lon="23.900535">
        <ele>1803.911</ele>
        <time>2016-01-09T09:25:21Z</time>
      </trkpt>
      <trkpt lat="45.632814" lon="23.900428">
        <ele>1804.619</ele>
        <time>2016-01-09T09:25:30Z</time>
      </trkpt>
      <trkpt lat="45.632743" lon="23.900373">
        <ele>1806.309</ele>
        <time>2016-01-09T09:25:40Z</time>
      </trkpt>
      <trkpt lat="45.632710" lon="23.900258">
        <ele>1806.619</ele>
        <time>2016-01-09T09:25:52Z</time>
      </trkpt>
      <trkpt lat="45.632659" lon="23.900161">
        <ele>1807.308</ele>
        <time>2016-01-09T09:26:05Z</time>
      </trkpt>
      <trkpt lat="45.632613" lon="23.900063">
        <ele>1808.112</ele>
        <time>2016-01-09T09:26:15Z</time>
      </trkpt>
      <trkpt lat="45.632585" lon="23.899952">
        <ele>1808.228</ele>
        <time>2016-01-09T09:26:30Z</time>
      </trkpt>
      <trkpt lat="45.632531" lon="23.899860">
        <ele>1809.062</ele>
        <time>2016-01-09T09:26:48Z</time>
      </trkpt>
      <trkpt lat="45.632478" lon="23.899770">
        <ele>1810.120</ele>
        <time>2016-01-09T09:28:12Z</time>
      </trkpt>
      <trkpt lat="45.632423" lon="23.899665">
        <ele>1810.763</ele>
        <time>2016-01-09T09:30:45Z</time>
      </trkpt>
      <trkpt lat="45.632384" lon="23.899561">
        <ele>1810.788</ele>
        <time>2016-01-09T09:30:57Z</time>
      </trkpt>
      <trkpt lat="45.632344" lon="23.899438">
        <ele>1810.520</ele>
        <time>2016-01-09T09:31:09Z</time>
      </trkpt>
      <trkpt lat="45.632274" lon="23.899367">
        <ele>1812.316</ele>
        <time>2016-01-09T09:31:27Z</time>
      </trkpt>
      <trkpt lat="45.632229" lon="23.899269">
        <ele>1812.927</ele>
        <time>2016-01-09T09:32:10Z</time>
      </trkpt>
      <trkpt lat="45.632160" lon="23.899207">
        <ele>1814.268</ele>
        <time>2016-01-09T09:32:30Z</time>
      </trkpt>
      <trkpt lat="45.632090" lon="23.899139">
        <ele>1815.614</ele>
        <time>2016-01-09T09:32:39Z</time>
      </trkpt>
      <trkpt lat="45.632030" lon="23.899052">
        <ele>1816.708</ele>
        <time>2016-01-09T09:32:47Z</time>
      </trkpt>
      <trkpt lat="45.631980" lon="23.898944">
        <ele>1817.483</ele>
        <time>2016-01-09T09:32:55Z</time>
      </trkpt>
      <trkpt lat="45.631912" lon="23.898867">
        <ele>1818.359</ele>
        <time>2016-01-09T09:33:08Z</time>
      </trkpt>
      <trkpt lat="45.631848" lon="23.898794">
        <ele>1818.443</ele>
        <time>2016-01-09T09:33:19Z</time>
      </trkpt>
      <trkpt lat="45.631780" lon="23.898727">
        <ele>1818.651</ele>
        <time>2016-01-09T09:33:28Z</time>
      </trkpt>
      <trkpt lat="45.631714" lon="23.898638">
        <ele>1818.554</ele>
        <time>2016-01-09T09:33:52Z</time>
      </trkpt>
      <trkpt lat="45.631636" lon="23.898581">
        <ele>1818.719</ele>
        <time>2016-01-09T09:34:09Z</time>
      </trkpt>
      <trkpt lat="45.631553" lon="23.898551">
        <ele>1819.051</ele>
        <time>2016-01-09T09:34:18Z</time>
      </trkpt>
      <trkpt lat="45.631482" lon="23.898477">
        <ele>1818.447</ele>
        <time>2016-01-09T09:34:27Z</time>
      </trkpt>
      <trkpt lat="45.631414" lon="23.898413">
        <ele>1818.134</ele>
        <time>2016-01-09T09:34:44Z</time>
      </trkpt>
      <trkpt lat="45.631327" lon="23.898402">
        <ele>1819.655</ele>
        <time>2016-01-09T09:34:57Z</time>
      </trkpt>
      <trkpt lat="45.631250" lon="23.898353">
        <ele>1820.410</ele>
        <time>2016-01-09T09:35:09Z</time>
      </trkpt>
      <trkpt lat="45.631181" lon="23.898288">
        <ele>1820.308</ele>
        <time>2016-01-09T09:35:24Z</time>
      </trkpt>
      <trkpt lat="45.631099" lon="23.898244">
        <ele>1820.914</ele>
        <time>2016-01-09T09:35:38Z</time>
      </trkpt>
      <trkpt lat="45.631018" lon="23.898263">
        <ele>1822.740</ele>
        <time>2016-01-09T09:35:51Z</time>
      </trkpt>
      <trkpt lat="45.630941" lon="23.898223">
        <ele>1822.984</ele>
        <time>2016-01-09T09:36:01Z</time>
      </trkpt>
      <trkpt lat="45.630859" lon="23.898180">
        <ele>1823.382</ele>
        <time>2016-01-09T09:36:18Z</time>
      </trkpt>
      <trkpt lat="45.630778" lon="23.898131">
        <ele>1822.725</ele>
        <time>2016-01-09T09:36:37Z</time>
      </trkpt>
      <trkpt lat="45.630702" lon="23.898085">
        <ele>1821.750</ele>
        <time>2016-01-09T09:36:45Z</time>
      </trkpt>
      <trkpt lat="45.630626" lon="23.898037">
        <ele>1820.662</ele>
        <time>2016-01-09T09:36:54Z</time>
      </trkpt>
      <trkpt lat="45.630545" lon="23.897997">
        <ele>1819.968</ele>
        <time>2016-01-09T09:37:12Z</time>
      </trkpt>
      <trkpt lat="45.630477" lon="23.897915">
        <ele>1819.178</ele>
        <time>2016-01-09T09:37:23Z</time>
      </trkpt>
      <trkpt lat="45.630390" lon="23.897879">
        <ele>1819.633</ele>
        <time>2016-01-09T09:37:35Z</time>
      </trkpt>
      <trkpt lat="45.630308" lon="23.897850">
        <ele>1820.126</ele>
        <time>2016-01-09T09:37:59Z</time>
      </trkpt>
      <trkpt lat="45.630233" lon="23.897791">
        <ele>1820.908</ele>
        <time>2016-01-09T09:38:20Z</time>
      </trkpt>
      <trkpt lat="45.630163" lon="23.897730">
        <ele>1822.288</ele>
        <time>2016-01-09T09:39:09Z</time>
      </trkpt>
      <trkpt lat="45.630083" lon="23.897664">
        <ele>1823.574</ele>
        <time>2016-01-09T09:39:28Z</time>
      </trkpt>
      <trkpt lat="45.630002" lon="23.897603">
        <ele>1824.558</ele>
        <time>2016-01-09T09:39:55Z</time>
      </trkpt>
      <trkpt lat="45.629933" lon="23.897542">
        <ele>1824.396</ele>
        <time>2016-01-09T09:40:08Z</time>
      </trkpt>
      <trkpt lat="45.629868" lon="23.897470">
        <ele>1823.819</ele>
        <time>2016-01-09T09:40:21Z</time>
      </trkpt>
      <trkpt lat="45.629796" lon="23.897412">
        <ele>1824.084</ele>
        <time>2016-01-09T09:40:47Z</time>
      </trkpt>
      <trkpt lat="45.629720" lon="23.897369">
        <ele>1824.766</ele>
        <time>2016-01-09T09:41:02Z</time>
      </trkpt>
      <trkpt lat="45.629647" lon="23.897314">
        <ele>1825.612</ele>
        <time>2016-01-09T09:41:15Z</time>
      </trkpt>
      <trkpt lat="45.629574" lon="23.897255">
        <ele>1826.449</ele>
        <time>2016-01-09T09:41:29Z</time>
      </trkpt>
      <trkpt lat="45.629506" lon="23.897192">
        <ele>1826.802</ele>
        <time>2016-01-09T09:41:53Z</time>
      </trkpt>
      <trkpt lat="45.629435" lon="23.897128">
        <ele>1827.222</ele>
        <time>2016-01-09T09:42:03Z</time>
      </trkpt>
      <trkpt lat="45.629362" lon="23.897063">
        <ele>1827.808</ele>
        <time>2016-01-09T09:42:23Z</time>
      </trkpt>
      <trkpt lat="45.629286" lon="23.897019">
        <ele>1829.075</ele>
        <time>2016-01-09T09:42:36Z</time>
      </trkpt>
      <trkpt lat="45.629216" lon="23.896938">
        <ele>1829.491</ele>
        <time>2016-01-09T09:42:57Z</time>
      </trkpt>
      <trkpt lat="45.629146" lon="23.896865">
        <ele>1829.735</ele>
        <time>2016-01-09T09:43:17Z</time>
      </trkpt>
      <trkpt lat="45.629075" lon="23.896803">
        <ele>1829.923</ele>
        <time>2016-01-09T09:43:28Z</time>
      </trkpt>
      <trkpt lat="45.629017" lon="23.896714">
        <ele>1829.616</ele>
        <time>2016-01-09T09:43:41Z</time>
      </trkpt>
      <trkpt lat="45.628962" lon="23.896626">
        <ele>1829.471</ele>
        <time>2016-01-09T09:44:26Z</time>
      </trkpt>
      <trkpt lat="45.628888" lon="23.896548">
        <ele>1829.983</ele>
        <time>2016-01-09T09:44:38Z</time>
      </trkpt>
      <trkpt lat="45.628833" lon="23.896461">
        <ele>1829.629</ele>
        <time>2016-01-09T09:44:50Z</time>
      </trkpt>
      <trkpt lat="45.628775" lon="23.896367">
        <ele>1829.127</ele>
        <time>2016-01-09T09:45:02Z</time>
      </trkpt>
      <trkpt lat="45.628716" lon="23.896281">
        <ele>1828.868</ele>
        <time>2016-01-09T09:45:15Z</time>
      </trkpt>
      <trkpt lat="45.628648" lon="23.896212">
        <ele>1829.014</ele>
        <time>2016-01-09T09:45:34Z</time>
      </trkpt>
      <trkpt lat="45.628590" lon="23.896125">
        <ele>1828.808</ele>
        <time>2016-01-09T09:45:44Z</time>
      </trkpt>
      <trkpt lat="45.628541" lon="23.896032">
        <ele>1829.143</ele>
        <time>2016-01-09T09:46:03Z</time>
      </trkpt>
      <trkpt lat="45.628489" lon="23.895935">
        <ele>1829.399</ele>
        <time>2016-01-09T09:46:18Z</time>
      </trkpt>
      <trkpt lat="45.628428" lon="23.895840">
        <ele>1829.433</ele>
        <time>2016-01-09T09:46:44Z</time>
      </trkpt>
      <trkpt lat="45.628355" lon="23.895772">
        <ele>1830.611</ele>
        <time>2016-01-09T09:46:55Z</time>
      </trkpt>
      <trkpt lat="45.628291" lon="23.895686">
        <ele>1831.844</ele>
        <time>2016-01-09T09:47:15Z</time>
      </trkpt>
      <trkpt lat="45.628222" lon="23.895610">
        <ele>1833.129</ele>
        <time>2016-01-09T09:47:32Z</time>
      </trkpt>
      <trkpt lat="45.628139" lon="23.895564">
        <ele>1834.541</ele>
        <time>2016-01-09T09:47:45Z</time>
      </trkpt>
      <trkpt lat="45.628065" lon="23.895503">
        <ele>1835.827</ele>
        <time>2016-01-09T09:48:05Z</time>
      </trkpt>
      <trkpt lat="45.627997" lon="23.895435">
        <ele>1837.617</ele>
        <time>2016-01-09T09:48:17Z</time>
      </trkpt>
      <trkpt lat="45.627933" lon="23.895356">
        <ele>1839.287</ele>
        <time>2016-01-09T09:48:32Z</time>
      </trkpt>
      <trkpt lat="45.627878" lon="23.895265">
        <ele>1840.415</ele>
        <time>2016-01-09T09:48:48Z</time>
      </trkpt>
      <trkpt lat="45.627845" lon="23.895158">
        <ele>1840.708</ele>
        <time>2016-01-09T09:49:10Z</time>
      </trkpt>
      <trkpt lat="45.627803" lon="23.895055">
        <ele>1840.952</ele>
        <time>2016-01-09T09:49:50Z</time>
      </trkpt>
      <trkpt lat="45.627757" lon="23.894954">
        <ele>1841.358</ele>
        <time>2016-01-09T09:50:04Z</time>
      </trkpt>
      <trkpt lat="45.627704" lon="23.894863">
        <ele>1842.232</ele>
        <time>2016-01-09T09:50:17Z</time>
      </trkpt>
      <trkpt lat="45.627639" lon="23.894794">
        <ele>1843.490</ele>
        <time>2016-01-09T09:50:29Z</time>
      </trkpt>
      <trkpt lat="45.627575" lon="23.894720">
        <ele>1844.483</ele>
        <time>2016-01-09T09:50:56Z</time>
      </trkpt>
      <trkpt lat="45.627510" lon="23.894638">
        <ele>1845.838</ele>
        <time>2016-01-09T09:51:25Z</time>
      </trkpt>
      <trkpt lat="45.627441" lon="23.894573">
        <ele>1846.980</ele>
        <time>2016-01-09T09:51:41Z</time>
      </trkpt>
      <trkpt lat="45.627385" lon="23.894487">
        <ele>1847.736</ele>
        <time>2016-01-09T09:51:53Z</time>
      </trkpt>
      <trkpt lat="45.627335" lon="23.894396">
        <ele>1848.629</ele>
        <time>2016-01-09T09:52:53Z</time>
      </trkpt>
      <trkpt lat="45.627263" lon="23.894337">
        <ele>1849.800</ele>
        <time>2016-01-09T09:56:16Z</time>
      </trkpt>
      <trkpt lat="45.627185" lon="23.894299">
        <ele>1851.120</ele>
        <time>2016-01-09T09:56:29Z</time>
      </trkpt>
      <trkpt lat="45.627102" lon="23.894267">
        <ele>1852.408</ele>
        <time>2016-01-09T09:56:46Z</time>
      </trkpt>
      <trkpt lat="45.627027" lon="23.894210">
        <ele>1853.753</ele>
        <time>2016-01-09T09:57:06Z</time>
      </trkpt>
      <trkpt lat="45.626950" lon="23.894153">
        <ele>1855.069</ele>
        <time>2016-01-09T09:57:22Z</time>
      </trkpt>
      <trkpt lat="45.626886" lon="23.894081">
        <ele>1855.913</ele>
        <time>2016-01-09T09:57:34Z</time>
      </trkpt>
      <trkpt lat="45.626802" lon="23.894039">
        <ele>1856.831</ele>
        <time>2016-01-09T09:57:49Z</time>
      </trkpt>
      <trkpt lat="45.626720" lon="23.894017">
        <ele>1857.564</ele>
        <time>2016-01-09T09:58:04Z</time>
      </trkpt>
      <trkpt lat="45.626641" lon="23.893982">
        <ele>1858.329</ele>
        <time>2016-01-09T09:58:25Z</time>
      </trkpt>
      <trkpt lat="45.626546" lon="23.893947">
        <ele>1859.381</ele>
        <time>2016-01-09T09:58:36Z</time>
      </trkpt>
      <trkpt lat="45.626466" lon="23.893901">
        <ele>1860.247</ele>
        <time>2016-01-09T09:58:50Z</time>
      </trkpt>
      <trkpt lat="45.626385" lon="23.893885">
        <ele>1861.084</ele>
        <time>2016-01-09T09:59:04Z</time>
      </trkpt>
      <trkpt lat="45.626299" lon="23.893904">
        <ele>1861.607</ele>
        <time>2016-01-09T10:00:02Z</time>
      </trkpt>
      <trkpt lat="45.626215" lon="23.893915">
        <ele>1862.317</ele>
        <time>2016-01-09T10:00:13Z</time>
      </trkpt>
      <trkpt lat="45.626123" lon="23.893910">
        <ele>1862.908</ele>
        <time>2016-01-09T10:00:31Z</time>
      </trkpt>
      <trkpt lat="45.626044" lon="23.893950">
        <ele>1863.569</ele>
        <time>2016-01-09T10:00:43Z</time>
      </trkpt>
      <trkpt lat="45.625963" lon="23.893942">
        <ele>1864.215</ele>
        <time>2016-01-09T10:00:58Z</time>
      </trkpt>
      <trkpt lat="45.625882" lon="23.893924">
        <ele>1864.819</ele>
        <time>2016-01-09T10:01:12Z</time>
      </trkpt>
      <trkpt lat="45.625801" lon="23.893923">
        <ele>1865.287</ele>
        <time>2016-01-09T10:01:29Z</time>
      </trkpt>
      <trkpt lat="45.625717" lon="23.893892">
        <ele>1865.420</ele>
        <time>2016-01-09T10:01:37Z</time>
      </trkpt>
      <trkpt lat="45.625618" lon="23.893900">
        <ele>1865.875</ele>
        <time>2016-01-09T10:01:55Z</time>
      </trkpt>
      <trkpt lat="45.625537" lon="23.893895">
        <ele>1866.167</ele>
        <time>2016-01-09T10:02:15Z</time>
      </trkpt>
      <trkpt lat="45.625452" lon="23.893875">
        <ele>1866.453</ele>
        <time>2016-01-09T10:02:22Z</time>
      </trkpt>
      <trkpt lat="45.625368" lon="23.893878">
        <ele>1866.724</ele>
        <time>2016-01-09T10:02:36Z</time>
      </trkpt>
      <trkpt lat="45.625274" lon="23.893872">
        <ele>1867.004</ele>
        <time>2016-01-09T10:02:50Z</time>
      </trkpt>
      <trkpt lat="45.625195" lon="23.893909">
        <ele>1867.314</ele>
        <time>2016-01-09T10:02:57Z</time>
      </trkpt>
      <trkpt lat="45.625115" lon="23.893882">
        <ele>1867.608</ele>
        <time>2016-01-09T10:03:07Z</time>
      </trkpt>
      <trkpt lat="45.625029" lon="23.893871">
        <ele>1867.953</ele>
        <time>2016-01-09T10:03:17Z</time>
      </trkpt>
      <trkpt lat="45.624941" lon="23.893876">
        <ele>1868.269</ele>
        <time>2016-01-09T10:03:25Z</time>
      </trkpt>
      <trkpt lat="45.624859" lon="23.893866">
        <ele>1868.523</ele>
        <time>2016-01-09T10:03:38Z</time>
      </trkpt>
      <trkpt lat="45.624768" lon="23.893855">
        <ele>1868.731</ele>
        <time>2016-01-09T10:03:50Z</time>
      </trkpt>
      <trkpt lat="45.624686" lon="23.893837">
        <ele>1868.644</ele>
        <time>2016-01-09T10:03:56Z</time>
      </trkpt>
      <trkpt lat="45.624605" lon="23.893817">
        <ele>1868.059</ele>
        <time>2016-01-09T10:04:03Z</time>
      </trkpt>
      <trkpt lat="45.624508" lon="23.893791">
        <ele>1867.441</ele>
        <time>2016-01-09T10:04:12Z</time>
      </trkpt>
      <trkpt lat="45.624418" lon="23.893790">
        <ele>1866.897</ele>
        <time>2016-01-09T10:04:21Z</time>
      </trkpt>
      <trkpt lat="45.624335" lon="23.893799">
        <ele>1866.276</ele>
        <time>2016-01-09T10:04:30Z</time>
      </trkpt>
      <trkpt lat="45.624252" lon="23.893797">
        <ele>1865.690</ele>
        <time>2016-01-09T10:04:43Z</time>
      </trkpt>
      <trkpt lat="45.624167" lon="23.893806">
        <ele>1865.019</ele>
        <time>2016-01-09T10:04:58Z</time>
      </trkpt>
      <trkpt lat="45.624080" lon="23.893797">
        <ele>1864.608</ele>
        <time>2016-01-09T10:05:07Z</time>
      </trkpt>
      <trkpt lat="45.623997" lon="23.893798">
        <ele>1864.298</ele>
        <time>2016-01-09T10:05:23Z</time>
      </trkpt>
      <trkpt lat="45.623919" lon="23.893768">
        <ele>1863.724</ele>
        <time>2016-01-09T10:05:31Z</time>
      </trkpt>
      <trkpt lat="45.623835" lon="23.893744">
        <ele>1863.348</ele>
        <time>2016-01-09T10:05:42Z</time>
      </trkpt>
      <trkpt lat="45.623753" lon="23.893719">
        <ele>1862.976</ele>
        <time>2016-01-09T10:05:52Z</time>
      </trkpt>
      <trkpt lat="45.623677" lon="23.893642">
        <ele>1862.389</ele>
        <time>2016-01-09T10:07:14Z</time>
      </trkpt>
      <trkpt lat="45.623649" lon="23.893762">
        <ele>1862.784</ele>
        <time>2016-01-09T10:15:43Z</time>
      </trkpt>
      <trkpt lat="45.623651" lon="23.893881">
        <ele>1863.166</ele>
        <time>2016-01-09T10:15:54Z</time>
      </trkpt>
      <trkpt lat="45.623682" lon="23.894003">
        <ele>1863.742</ele>
        <time>2016-01-09T10:16:05Z</time>
      </trkpt>
      <trkpt lat="45.623696" lon="23.894122">
        <ele>1864.112</ele>
        <time>2016-01-09T10:16:16Z</time>
      </trkpt>
      <trkpt lat="45.623717" lon="23.894236">
        <ele>1864.232</ele>
        <time>2016-01-09T10:16:26Z</time>
      </trkpt>
      <trkpt lat="45.623749" lon="23.894354">
        <ele>1864.205</ele>
        <time>2016-01-09T10:16:34Z</time>
      </trkpt>
      <trkpt lat="45.623765" lon="23.894470">
        <ele>1864.008</ele>
        <time>2016-01-09T10:16:42Z</time>
      </trkpt>
      <trkpt lat="45.623783" lon="23.894595">
        <ele>1863.772</ele>
        <time>2016-01-09T10:16:51Z</time>
      </trkpt>
      <trkpt lat="45.623810" lon="23.894715">
        <ele>1863.598</ele>
        <time>2016-01-09T10:17:00Z</time>
      </trkpt>
      <trkpt lat="45.623832" lon="23.894843">
        <ele>1863.122</ele>
        <time>2016-01-09T10:17:10Z</time>
      </trkpt>
      <trkpt lat="45.623853" lon="23.894958">
        <ele>1862.870</ele>
        <time>2016-01-09T10:17:19Z</time>
      </trkpt>
      <trkpt lat="45.623877" lon="23.895076">
        <ele>1862.833</ele>
        <time>2016-01-09T10:17:28Z</time>
      </trkpt>
      <trkpt lat="45.623900" lon="23.895196">
        <ele>1863.258</ele>
        <time>2016-01-09T10:17:37Z</time>
      </trkpt>
      <trkpt lat="45.623922" lon="23.895311">
        <ele>1863.610</ele>
        <time>2016-01-09T10:17:45Z</time>
      </trkpt>
      <trkpt lat="45.623938" lon="23.895436">
        <ele>1864.026</ele>
        <time>2016-01-09T10:17:55Z</time>
      </trkpt>
      <trkpt lat="45.623949" lon="23.895564">
        <ele>1864.343</ele>
        <time>2016-01-09T10:18:04Z</time>
      </trkpt>
      <trkpt lat="45.623959" lon="23.895689">
        <ele>1864.564</ele>
        <time>2016-01-09T10:18:13Z</time>
      </trkpt>
      <trkpt lat="45.623974" lon="23.895813">
        <ele>1864.810</ele>
        <time>2016-01-09T10:18:21Z</time>
      </trkpt>
      <trkpt lat="45.623982" lon="23.895943">
        <ele>1865.408</ele>
        <time>2016-01-09T10:18:30Z</time>
      </trkpt>
      <trkpt lat="45.623982" lon="23.896069">
        <ele>1865.925</ele>
        <time>2016-01-09T10:18:39Z</time>
      </trkpt>
      <trkpt lat="45.623990" lon="23.896200">
        <ele>1866.151</ele>
        <time>2016-01-09T10:18:48Z</time>
      </trkpt>
      <trkpt lat="45.623994" lon="23.896320">
        <ele>1866.095</ele>
        <time>2016-01-09T10:18:57Z</time>
      </trkpt>
      <trkpt lat="45.623985" lon="23.896441">
        <ele>1865.513</ele>
        <time>2016-01-09T10:19:05Z</time>
      </trkpt>
      <trkpt lat="45.623987" lon="23.896564">
        <ele>1865.126</ele>
        <time>2016-01-09T10:19:13Z</time>
      </trkpt>
      <trkpt lat="45.623978" lon="23.896693">
        <ele>1864.621</ele>
        <time>2016-01-09T10:19:22Z</time>
      </trkpt>
      <trkpt lat="45.623973" lon="23.896813">
        <ele>1864.583</ele>
        <time>2016-01-09T10:19:30Z</time>
      </trkpt>
      <trkpt lat="45.623966" lon="23.896928">
        <ele>1864.449</ele>
        <time>2016-01-09T10:19:37Z</time>
      </trkpt>
      <trkpt lat="45.623961" lon="23.897048">
        <ele>1864.886</ele>
        <time>2016-01-09T10:19:46Z</time>
      </trkpt>
      <trkpt lat="45.623970" lon="23.897165">
        <ele>1865.560</ele>
        <time>2016-01-09T10:19:54Z</time>
      </trkpt>
      <trkpt lat="45.623974" lon="23.897293">
        <ele>1866.126</ele>
        <time>2016-01-09T10:20:03Z</time>
      </trkpt>
      <trkpt lat="45.623992" lon="23.897407">
        <ele>1866.908</ele>
        <time>2016-01-09T10:20:12Z</time>
      </trkpt>
      <trkpt lat="45.624006" lon="23.897534">
        <ele>1867.629</ele>
        <time>2016-01-09T10:20:22Z</time>
      </trkpt>
      <trkpt lat="45.624032" lon="23.897652">
        <ele>1868.435</ele>
        <time>2016-01-09T10:20:32Z</time>
      </trkpt>
      <trkpt lat="45.624055" lon="23.897770">
        <ele>1869.079</ele>
        <time>2016-01-09T10:20:41Z</time>
      </trkpt>
      <trkpt lat="45.624084" lon="23.897890">
        <ele>1869.847</ele>
        <time>2016-01-09T10:20:50Z</time>
      </trkpt>
      <trkpt lat="45.624093" lon="23.898017">
        <ele>1870.340</ele>
        <time>2016-01-09T10:21:01Z</time>
      </trkpt>
      <trkpt lat="45.624110" lon="23.898142">
        <ele>1870.795</ele>
        <time>2016-01-09T10:21:10Z</time>
      </trkpt>
      <trkpt lat="45.624131" lon="23.898265">
        <ele>1871.187</ele>
        <time>2016-01-09T10:21:19Z</time>
      </trkpt>
      <trkpt lat="45.624144" lon="23.898394">
        <ele>1871.693</ele>
        <time>2016-01-09T10:21:28Z</time>
      </trkpt>
      <trkpt lat="45.624149" lon="23.898518">
        <ele>1872.266</ele>
        <time>2016-01-09T10:21:36Z</time>
      </trkpt>
      <trkpt lat="45.624161" lon="23.898633">
        <ele>1872.929</ele>
        <time>2016-01-09T10:21:44Z</time>
      </trkpt>
      <trkpt lat="45.624153" lon="23.898755">
        <ele>1873.221</ele>
        <time>2016-01-09T10:21:52Z</time>
      </trkpt>
      <trkpt lat="45.624145" lon="23.898874">
        <ele>1873.408</ele>
        <time>2016-01-09T10:21:59Z</time>
      </trkpt>
      <trkpt lat="45.624131" lon="23.898989">
        <ele>1872.897</ele>
        <time>2016-01-09T10:22:08Z</time>
      </trkpt>
      <trkpt lat="45.624136" lon="23.899116">
        <ele>1872.633</ele>
        <time>2016-01-09T10:22:19Z</time>
      </trkpt>
      <trkpt lat="45.624144" lon="23.899241">
        <ele>1872.667</ele>
        <time>2016-01-09T10:22:30Z</time>
      </trkpt>
      <trkpt lat="45.624166" lon="23.899362">
        <ele>1873.025</ele>
        <time>2016-01-09T10:22:40Z</time>
      </trkpt>
      <trkpt lat="45.624195" lon="23.899475">
        <ele>1873.768</ele>
        <time>2016-01-09T10:22:53Z</time>
      </trkpt>
      <trkpt lat="45.624216" lon="23.899591">
        <ele>1874.643</ele>
        <time>2016-01-09T10:23:04Z</time>
      </trkpt>
      <trkpt lat="45.624235" lon="23.899710">
        <ele>1875.455</ele>
        <time>2016-01-09T10:23:14Z</time>
      </trkpt>
      <trkpt lat="45.624251" lon="23.899831">
        <ele>1876.281</ele>
        <time>2016-01-09T10:23:23Z</time>
      </trkpt>
      <trkpt lat="45.624259" lon="23.899957">
        <ele>1876.813</ele>
        <time>2016-01-09T10:23:31Z</time>
      </trkpt>
      <trkpt lat="45.624279" lon="23.900072">
        <ele>1877.643</ele>
        <time>2016-01-09T10:23:40Z</time>
      </trkpt>
      <trkpt lat="45.624298" lon="23.900188">
        <ele>1878.207</ele>
        <time>2016-01-09T10:23:51Z</time>
      </trkpt>
      <trkpt lat="45.624308" lon="23.900304">
        <ele>1878.508</ele>
        <time>2016-01-09T10:24:07Z</time>
      </trkpt>
      <trkpt lat="45.624313" lon="23.900421">
        <ele>1878.682</ele>
        <time>2016-01-09T10:24:35Z</time>
      </trkpt>
      <trkpt lat="45.624316" lon="23.900541">
        <ele>1878.648</ele>
        <time>2016-01-09T10:25:11Z</time>
      </trkpt>
      <trkpt lat="45.624399" lon="23.900533">
        <ele>1879.642</ele>
        <time>2016-01-09T10:25:21Z</time>
      </trkpt>
      <trkpt lat="45.624479" lon="23.900494">
        <ele>1880.730</ele>
        <time>2016-01-09T10:25:38Z</time>
      </trkpt>
      <trkpt lat="45.624560" lon="23.900447">
        <ele>1882.153</ele>
        <time>2016-01-09T10:25:51Z</time>
      </trkpt>
      <trkpt lat="45.624643" lon="23.900409">
        <ele>1883.418</ele>
        <time>2016-01-09T10:26:03Z</time>
      </trkpt>
      <trkpt lat="45.624717" lon="23.900354">
        <ele>1884.710</ele>
        <time>2016-01-09T10:26:15Z</time>
      </trkpt>
      <trkpt lat="45.624784" lon="23.900285">
        <ele>1885.636</ele>
        <time>2016-01-09T10:26:29Z</time>
      </trkpt>
      <trkpt lat="45.624830" lon="23.900177">
        <ele>1886.154</ele>
        <time>2016-01-09T10:26:42Z</time>
      </trkpt>
      <trkpt lat="45.624872" lon="23.900075">
        <ele>1886.756</ele>
        <time>2016-01-09T10:27:02Z</time>
      </trkpt>
      <trkpt lat="45.624907" lon="23.899969">
        <ele>1887.411</ele>
        <time>2016-01-09T10:27:44Z</time>
      </trkpt>
      <trkpt lat="45.624936" lon="23.899852">
        <ele>1888.008</ele>
        <time>2016-01-09T10:27:57Z</time>
      </trkpt>
      <trkpt lat="45.624981" lon="23.899755">
        <ele>1888.756</ele>
        <time>2016-01-09T10:28:12Z</time>
      </trkpt>
      <trkpt lat="45.625047" lon="23.899683">
        <ele>1889.822</ele>
        <time>2016-01-09T10:28:27Z</time>
      </trkpt>
      <trkpt lat="45.625135" lon="23.899660">
        <ele>1891.236</ele>
        <time>2016-01-09T10:28:40Z</time>
      </trkpt>
      <trkpt lat="45.625218" lon="23.899631">
        <ele>1892.544</ele>
        <time>2016-01-09T10:28:57Z</time>
      </trkpt>
      <trkpt lat="45.625291" lon="23.899579">
        <ele>1893.617</ele>
        <time>2016-01-09T10:29:15Z</time>
      </trkpt>
      <trkpt lat="45.625357" lon="23.899496">
        <ele>1894.152</ele>
        <time>2016-01-09T10:29:24Z</time>
      </trkpt>
      <trkpt lat="45.625436" lon="23.899459">
        <ele>1894.554</ele>
        <time>2016-01-09T10:29:33Z</time>
      </trkpt>
      <trkpt lat="45.625517" lon="23.899452">
        <ele>1894.850</ele>
        <time>2016-01-09T10:29:43Z</time>
      </trkpt>
      <trkpt lat="45.625605" lon="23.899452">
        <ele>1895.255</ele>
        <time>2016-01-09T10:29:53Z</time>
      </trkpt>
      <trkpt lat="45.625691" lon="23.899467">
        <ele>1895.407</ele>
        <time>2016-01-09T10:30:04Z</time>
      </trkpt>
      <trkpt lat="45.625774" lon="23.899466">
        <ele>1895.717</ele>
        <time>2016-01-09T10:30:13Z</time>
      </trkpt>
      <trkpt lat="45.625856" lon="23.899477">
        <ele>1895.908</ele>
        <time>2016-01-09T10:30:23Z</time>
      </trkpt>
      <trkpt lat="45.625941" lon="23.899473">
        <ele>1895.936</ele>
        <time>2016-01-09T10:30:33Z</time>
      </trkpt>
      <trkpt lat="45.626023" lon="23.899464">
        <ele>1895.972</ele>
        <time>2016-01-09T10:30:44Z</time>
      </trkpt>
      <trkpt lat="45.626102" lon="23.899422">
        <ele>1896.116</ele>
        <time>2016-01-09T10:30:55Z</time>
      </trkpt>
      <trkpt lat="45.626175" lon="23.899365">
        <ele>1896.594</ele>
        <time>2016-01-09T10:31:06Z</time>
      </trkpt>
      <trkpt lat="45.626259" lon="23.899356">
        <ele>1896.717</ele>
        <time>2016-01-09T10:31:19Z</time>
      </trkpt>
      <trkpt lat="45.626340" lon="23.899319">
        <ele>1896.972</ele>
        <time>2016-01-09T10:31:31Z</time>
      </trkpt>
      <trkpt lat="45.626425" lon="23.899357">
        <ele>1897.214</ele>
        <time>2016-01-09T10:31:42Z</time>
      </trkpt>
      <trkpt lat="45.626507" lon="23.899372">
        <ele>1897.740</ele>
        <time>2016-01-09T10:31:52Z</time>
      </trkpt>
      <trkpt lat="45.626597" lon="23.899398">
        <ele>1898.454</ele>
        <time>2016-01-09T10:32:02Z</time>
      </trkpt>
      <trkpt lat="45.626675" lon="23.899431">
        <ele>1899.056</ele>
        <time>2016-01-09T10:32:10Z</time>
      </trkpt>
      <trkpt lat="45.626761" lon="23.899459">
        <ele>1899.411</ele>
        <time>2016-01-09T10:32:21Z</time>
      </trkpt>
      <trkpt lat="45.626850" lon="23.899487">
        <ele>1899.808</ele>
        <time>2016-01-09T10:32:30Z</time>
      </trkpt>
      <trkpt lat="45.626931" lon="23.899523">
        <ele>1900.266</ele>
        <time>2016-01-09T10:32:39Z</time>
      </trkpt>
      <trkpt lat="45.627017" lon="23.899550">
        <ele>1900.252</ele>
        <time>2016-01-09T10:32:49Z</time>
      </trkpt>
      <trkpt lat="45.627088" lon="23.899609">
        <ele>1900.426</ele>
        <time>2016-01-09T10:33:00Z</time>
      </trkpt>
      <trkpt lat="45.627162" lon="23.899662">
        <ele>1900.664</ele>
        <time>2016-01-09T10:33:07Z</time>
      </trkpt>
      <trkpt lat="45.627243" lon="23.899694">
        <ele>1900.757</ele>
        <time>2016-01-09T10:33:18Z</time>
      </trkpt>
      <trkpt lat="45.627322" lon="23.899727">
        <ele>1900.662</ele>
        <time>2016-01-09T10:33:36Z</time>
      </trkpt>
      <trkpt lat="45.627389" lon="23.899794">
        <ele>1900.454</ele>
        <time>2016-01-09T10:33:49Z</time>
      </trkpt>
      <trkpt lat="45.627472" lon="23.899818">
        <ele>1900.190</ele>
        <time>2016-01-09T10:34:11Z</time>
      </trkpt>
      <trkpt lat="45.627549" lon="23.899865">
        <ele>1900.437</ele>
        <time>2016-01-09T10:34:22Z</time>
      </trkpt>
      <trkpt lat="45.627626" lon="23.899904">
        <ele>1900.949</ele>
        <time>2016-01-09T10:34:31Z</time>
      </trkpt>
      <trkpt lat="45.627701" lon="23.899950">
        <ele>1901.413</ele>
        <time>2016-01-09T10:34:39Z</time>
      </trkpt>
      <trkpt lat="45.627786" lon="23.899998">
        <ele>1902.108</ele>
        <time>2016-01-09T10:34:48Z</time>
      </trkpt>
      <trkpt lat="45.627869" lon="23.900043">
        <ele>1902.714</ele>
        <time>2016-01-09T10:34:57Z</time>
      </trkpt>
      <trkpt lat="45.627948" lon="23.900069">
        <ele>1903.210</ele>
        <time>2016-01-09T10:35:05Z</time>
      </trkpt>
      <trkpt lat="45.628033" lon="23.900107">
        <ele>1903.884</ele>
        <time>2016-01-09T10:35:15Z</time>
      </trkpt>
      <trkpt lat="45.628110" lon="23.900150">
        <ele>1904.062</ele>
        <time>2016-01-09T10:35:24Z</time>
      </trkpt>
      <trkpt lat="45.628200" lon="23.900135">
        <ele>1904.015</ele>
        <time>2016-01-09T10:35:36Z</time>
      </trkpt>
      <trkpt lat="45.628270" lon="23.900193">
        <ele>1904.330</ele>
        <time>2016-01-09T10:35:47Z</time>
      </trkpt>
      <trkpt lat="45.628200" lon="23.900134">
        <ele>1904.052</ele>
        <time>2016-01-09T10:41:35Z</time>
      </trkpt>
      <trkpt lat="45.628118" lon="23.900098">
        <ele>1903.918</ele>
        <time>2016-01-09T10:43:19Z</time>
      </trkpt>
      <trkpt lat="45.628036" lon="23.900070">
        <ele>1903.923</ele>
        <time>2016-01-09T10:43:29Z</time>
      </trkpt>
      <trkpt lat="45.627954" lon="23.900042">
        <ele>1903.383</ele>
        <time>2016-01-09T10:43:37Z</time>
      </trkpt>
      <trkpt lat="45.627867" lon="23.900027">
        <ele>1902.611</ele>
        <time>2016-01-09T10:43:47Z</time>
      </trkpt>
      <trkpt lat="45.627783" lon="23.899971">
        <ele>1902.008</ele>
        <time>2016-01-09T10:43:54Z</time>
      </trkpt>
      <trkpt lat="45.627710" lon="23.899911">
        <ele>1901.533</ele>
        <time>2016-01-09T10:44:01Z</time>
      </trkpt>
      <trkpt lat="45.627627" lon="23.899869">
        <ele>1900.999</ele>
        <time>2016-01-09T10:44:11Z</time>
      </trkpt>
      <trkpt lat="45.627542" lon="23.899831">
        <ele>1900.313</ele>
        <time>2016-01-09T10:44:19Z</time>
      </trkpt>
      <trkpt lat="45.627457" lon="23.899809">
        <ele>1900.281</ele>
        <time>2016-01-09T10:44:29Z</time>
      </trkpt>
      <trkpt lat="45.627383" lon="23.899757">
        <ele>1900.414</ele>
        <time>2016-01-09T10:44:37Z</time>
      </trkpt>
      <trkpt lat="45.627297" lon="23.899715">
        <ele>1900.779</ele>
        <time>2016-01-09T10:44:47Z</time>
      </trkpt>
      <trkpt lat="45.627216" lon="23.899662">
        <ele>1900.611</ele>
        <time>2016-01-09T10:44:54Z</time>
      </trkpt>
      <trkpt lat="45.627142" lon="23.899609">
        <ele>1900.377</ele>
        <time>2016-01-09T10:45:02Z</time>
      </trkpt>
      <trkpt lat="45.627071" lon="23.899540">
        <ele>1900.066</ele>
        <time>2016-01-09T10:45:11Z</time>
      </trkpt>
      <trkpt lat="45.626986" lon="23.899529">
        <ele>1900.229</ele>
        <time>2016-01-09T10:45:19Z</time>
      </trkpt>
      <trkpt lat="45.626905" lon="23.899508">
        <ele>1900.121</ele>
        <time>2016-01-09T10:45:27Z</time>
      </trkpt>
      <trkpt lat="45.626804" lon="23.899458">
        <ele>1899.508</ele>
        <time>2016-01-09T10:45:34Z</time>
      </trkpt>
      <trkpt lat="45.626714" lon="23.899453">
        <ele>1899.277</ele>
        <time>2016-01-09T10:45:49Z</time>
      </trkpt>
      <trkpt lat="45.626635" lon="23.899414">
        <ele>1898.733</ele>
        <time>2016-01-09T10:45:58Z</time>
      </trkpt>
      <trkpt lat="45.626553" lon="23.899384">
        <ele>1898.167</ele>
        <time>2016-01-09T10:46:09Z</time>
      </trkpt>
      <trkpt lat="45.626464" lon="23.899355">
        <ele>1897.585</ele>
        <time>2016-01-09T10:46:19Z</time>
      </trkpt>
      <trkpt lat="45.626386" lon="23.899321">
        <ele>1897.078</ele>
        <time>2016-01-09T10:46:26Z</time>
      </trkpt>
      <trkpt lat="45.626303" lon="23.899340">
        <ele>1896.863</ele>
        <time>2016-01-09T10:46:35Z</time>
      </trkpt>
      <trkpt lat="45.626228" lon="23.899388">
        <ele>1896.545</ele>
        <time>2016-01-09T10:46:44Z</time>
      </trkpt>
      <trkpt lat="45.626137" lon="23.899399">
        <ele>1896.281</ele>
        <time>2016-01-09T10:46:53Z</time>
      </trkpt>
      <trkpt lat="45.626058" lon="23.899453">
        <ele>1896.017</ele>
        <time>2016-01-09T10:47:03Z</time>
      </trkpt>
      <trkpt lat="45.625973" lon="23.899466">
        <ele>1895.987</ele>
        <time>2016-01-09T10:47:11Z</time>
      </trkpt>
      <trkpt lat="45.625892" lon="23.899479">
        <ele>1895.915</ele>
        <time>2016-01-09T10:47:19Z</time>
      </trkpt>
      <trkpt lat="45.625807" lon="23.899467">
        <ele>1895.808</ele>
        <time>2016-01-09T10:47:31Z</time>
      </trkpt>
      <trkpt lat="45.625718" lon="23.899461">
        <ele>1895.572</ele>
        <time>2016-01-09T10:47:41Z</time>
      </trkpt>
      <trkpt lat="45.625632" lon="23.899447">
        <ele>1895.318</ele>
        <time>2016-01-09T10:47:53Z</time>
      </trkpt>
      <trkpt lat="45.625551" lon="23.899441">
        <ele>1895.072</ele>
        <time>2016-01-09T10:48:03Z</time>
      </trkpt>
      <trkpt lat="45.625464" lon="23.899458">
        <ele>1894.640</ele>
        <time>2016-01-09T10:48:12Z</time>
      </trkpt>
      <trkpt lat="45.625379" lon="23.899491">
        <ele>1894.273</ele>
        <time>2016-01-09T10:48:21Z</time>
      </trkpt>
      <trkpt lat="45.625315" lon="23.899565">
        <ele>1893.788</ele>
        <time>2016-01-09T10:48:29Z</time>
      </trkpt>
      <trkpt lat="45.625246" lon="23.899632">
        <ele>1892.940</ele>
        <time>2016-01-09T10:48:38Z</time>
      </trkpt>
      <trkpt lat="45.625228" lon="23.899745">
        <ele>1892.196</ele>
        <time>2016-01-09T10:48:53Z</time>
      </trkpt>
      <trkpt lat="45.625174" lon="23.899835">
        <ele>1891.076</ele>
        <time>2016-01-09T10:49:02Z</time>
      </trkpt>
      <trkpt lat="45.625111" lon="23.899909">
        <ele>1890.190</ele>
        <time>2016-01-09T10:49:23Z</time>
      </trkpt>
      <trkpt lat="45.625029" lon="23.899933">
        <ele>1889.319</ele>
        <time>2016-01-09T10:49:36Z</time>
      </trkpt>
      <trkpt lat="45.624945" lon="23.899973">
        <ele>1888.008</ele>
        <time>2016-01-09T10:49:51Z</time>
      </trkpt>
      <trkpt lat="45.624895" lon="23.900076">
        <ele>1887.018</ele>
        <time>2016-01-09T10:50:00Z</time>
      </trkpt>
      <trkpt lat="45.624856" lon="23.900182">
        <ele>1886.464</ele>
        <time>2016-01-09T10:50:09Z</time>
      </trkpt>
      <trkpt lat="45.624807" lon="23.900275">
        <ele>1885.928</ele>
        <time>2016-01-09T10:50:17Z</time>
      </trkpt>
      <trkpt lat="45.624740" lon="23.900352">
        <ele>1884.916</ele>
        <time>2016-01-09T10:50:26Z</time>
      </trkpt>
      <trkpt lat="45.624661" lon="23.900408">
        <ele>1883.749</ele>
        <time>2016-01-09T10:50:34Z</time>
      </trkpt>
      <trkpt lat="45.624578" lon="23.900453">
        <ele>1882.394</ele>
        <time>2016-01-09T10:50:42Z</time>
      </trkpt>
      <trkpt lat="45.624497" lon="23.900494">
        <ele>1881.046</ele>
        <time>2016-01-09T10:50:51Z</time>
      </trkpt>
      <trkpt lat="45.624422" lon="23.900570">
        <ele>1879.772</ele>
        <time>2016-01-09T10:50:59Z</time>
      </trkpt>
      <trkpt lat="45.624376" lon="23.900671">
        <ele>1878.861</ele>
        <time>2016-01-09T10:51:11Z</time>
      </trkpt>
      <trkpt lat="45.624387" lon="23.900790">
        <ele>1878.521</ele>
        <time>2016-01-09T10:52:26Z</time>
      </trkpt>
      <trkpt lat="45.624417" lon="23.900902">
        <ele>1878.013</ele>
        <time>2016-01-09T10:53:53Z</time>
      </trkpt>
      <trkpt lat="45.624450" lon="23.901014">
        <ele>1877.108</ele>
        <time>2016-01-09T10:54:02Z</time>
      </trkpt>
      <trkpt lat="45.624489" lon="23.901119">
        <ele>1875.997</ele>
        <time>2016-01-09T10:54:11Z</time>
      </trkpt>
      <trkpt lat="45.624540" lon="23.901212">
        <ele>1874.923</ele>
        <time>2016-01-09T10:54:38Z</time>
      </trkpt>
      <trkpt lat="45.624580" lon="23.901319">
        <ele>1873.827</ele>
        <time>2016-01-09T10:54:56Z</time>
      </trkpt>
      <trkpt lat="45.624616" lon="23.901432">
        <ele>1872.715</ele>
        <time>2016-01-09T10:55:27Z</time>
      </trkpt>
      <trkpt lat="45.624657" lon="23.901535">
        <ele>1871.918</ele>
        <time>2016-01-09T10:55:37Z</time>
      </trkpt>
      <trkpt lat="45.624686" lon="23.901644">
        <ele>1871.293</ele>
        <time>2016-01-09T10:55:49Z</time>
      </trkpt>
      <trkpt lat="45.624718" lon="23.901761">
        <ele>1870.095</ele>
        <time>2016-01-09T10:55:58Z</time>
      </trkpt>
      <trkpt lat="45.624757" lon="23.901874">
        <ele>1868.571</ele>
        <time>2016-01-09T10:56:12Z</time>
      </trkpt>
      <trkpt lat="45.624803" lon="23.901973">
        <ele>1867.146</ele>
        <time>2016-01-09T10:56:23Z</time>
      </trkpt>
      <trkpt lat="45.624848" lon="23.902077">
        <ele>1865.488</ele>
        <time>2016-01-09T10:56:34Z</time>
      </trkpt>
      <trkpt lat="45.624892" lon="23.902184">
        <ele>1863.716</ele>
        <time>2016-01-09T10:56:42Z</time>
      </trkpt>
      <trkpt lat="45.624944" lon="23.902278">
        <ele>1862.208</ele>
        <time>2016-01-09T10:56:51Z</time>
      </trkpt>
      <trkpt lat="45.624979" lon="23.902384">
        <ele>1861.075</ele>
        <time>2016-01-09T10:56:59Z</time>
      </trkpt>
      <trkpt lat="45.625007" lon="23.902502">
        <ele>1860.011</ele>
        <time>2016-01-09T10:57:10Z</time>
      </trkpt>
      <trkpt lat="45.625054" lon="23.902609">
        <ele>1858.685</ele>
        <time>2016-01-09T10:57:18Z</time>
      </trkpt>
      <trkpt lat="45.625093" lon="23.902725">
        <ele>1856.833</ele>
        <time>2016-01-09T10:57:26Z</time>
      </trkpt>
      <trkpt lat="45.625151" lon="23.902831">
        <ele>1854.246</ele>
        <time>2016-01-09T10:57:34Z</time>
      </trkpt>
      <trkpt lat="45.625193" lon="23.902938">
        <ele>1851.741</ele>
        <time>2016-01-09T10:57:43Z</time>
      </trkpt>
      <trkpt lat="45.625219" lon="23.903058">
        <ele>1849.283</ele>
        <time>2016-01-09T10:57:56Z</time>
      </trkpt>
      <trkpt lat="45.625247" lon="23.903170">
        <ele>1847.079</ele>
        <time>2016-01-09T10:58:06Z</time>
      </trkpt>
      <trkpt lat="45.625292" lon="23.903268">
        <ele>1845.243</ele>
        <time>2016-01-09T10:58:15Z</time>
      </trkpt>
      <trkpt lat="45.625367" lon="23.903340">
        <ele>1843.964</ele>
        <time>2016-01-09T10:59:02Z</time>
      </trkpt>
      <trkpt lat="45.625402" lon="23.903460">
        <ele>1841.910</ele>
        <time>2016-01-09T10:59:23Z</time>
      </trkpt>
      <trkpt lat="45.625463" lon="23.903575">
        <ele>1840.208</ele>
        <time>2016-01-09T10:59:28Z</time>
      </trkpt>
      <trkpt lat="45.625511" lon="23.903675">
        <ele>1838.745</ele>
        <time>2016-01-09T10:59:33Z</time>
      </trkpt>
      <trkpt lat="45.625565" lon="23.903765">
        <ele>1837.351</ele>
        <time>2016-01-09T10:59:40Z</time>
      </trkpt>
      <trkpt lat="45.625637" lon="23.903844">
        <ele>1836.725</ele>
        <time>2016-01-09T10:59:47Z</time>
      </trkpt>
      <trkpt lat="45.625697" lon="23.903927">
        <ele>1835.413</ele>
        <time>2016-01-09T10:59:53Z</time>
      </trkpt>
      <trkpt lat="45.625750" lon="23.904028">
        <ele>1832.956</ele>
        <time>2016-01-09T11:00:01Z</time>
      </trkpt>
      <trkpt lat="45.625795" lon="23.904141">
        <ele>1829.721</ele>
        <time>2016-01-09T11:00:13Z</time>
      </trkpt>
      <trkpt lat="45.625831" lon="23.904258">
        <ele>1827.383</ele>
        <time>2016-01-09T11:00:34Z</time>
      </trkpt>
      <trkpt lat="45.625814" lon="23.904374">
        <ele>1825.239</ele>
        <time>2016-01-09T11:00:42Z</time>
      </trkpt>
      <trkpt lat="45.625877" lon="23.904446">
        <ele>1824.325</ele>
        <time>2016-01-09T11:00:54Z</time>
      </trkpt>
      <trkpt lat="45.625931" lon="23.904544">
        <ele>1823.526</ele>
        <time>2016-01-09T11:01:01Z</time>
      </trkpt>
      <trkpt lat="45.625966" lon="23.904654">
        <ele>1822.308</ele>
        <time>2016-01-09T11:01:08Z</time>
      </trkpt>
      <trkpt lat="45.626017" lon="23.904761">
        <ele>1821.208</ele>
        <time>2016-01-09T11:01:17Z</time>
      </trkpt>
      <trkpt lat="45.626076" lon="23.904850">
        <ele>1820.513</ele>
        <time>2016-01-09T11:01:26Z</time>
      </trkpt>
      <trkpt lat="45.626129" lon="23.904941">
        <ele>1819.649</ele>
        <time>2016-01-09T11:01:34Z</time>
      </trkpt>
      <trkpt lat="45.626187" lon="23.905035">
        <ele>1818.673</ele>
        <time>2016-01-09T11:01:46Z</time>
      </trkpt>
      <trkpt lat="45.626242" lon="23.905131">
        <ele>1817.651</ele>
        <time>2016-01-09T11:01:53Z</time>
      </trkpt>
      <trkpt lat="45.626309" lon="23.905227">
        <ele>1816.514</ele>
        <time>2016-01-09T11:02:00Z</time>
      </trkpt>
      <trkpt lat="45.626368" lon="23.905315">
        <ele>1815.549</ele>
        <time>2016-01-09T11:02:08Z</time>
      </trkpt>
      <trkpt lat="45.626412" lon="23.905426">
        <ele>1814.041</ele>
        <time>2016-01-09T11:02:15Z</time>
      </trkpt>
      <trkpt lat="45.626465" lon="23.905518">
        <ele>1812.977</ele>
        <time>2016-01-09T11:02:23Z</time>
      </trkpt>
      <trkpt lat="45.626536" lon="23.905590">
        <ele>1811.761</ele>
        <time>2016-01-09T11:02:35Z</time>
      </trkpt>
      <trkpt lat="45.626603" lon="23.905659">
        <ele>1810.221</ele>
        <time>2016-01-09T11:02:47Z</time>
      </trkpt>
      <trkpt lat="45.626669" lon="23.905735">
        <ele>1808.513</ele>
        <time>2016-01-09T11:05:30Z</time>
      </trkpt>
      <trkpt lat="45.626741" lon="23.905797">
        <ele>1807.208</ele>
        <time>2016-01-09T11:05:39Z</time>
      </trkpt>
      <trkpt lat="45.626811" lon="23.905874">
        <ele>1805.327</ele>
        <time>2016-01-09T11:05:47Z</time>
      </trkpt>
      <trkpt lat="45.626875" lon="23.905963">
        <ele>1802.993</ele>
        <time>2016-01-09T11:05:57Z</time>
      </trkpt>
      <trkpt lat="45.626921" lon="23.906073">
        <ele>1799.937</ele>
        <time>2016-01-09T11:06:10Z</time>
      </trkpt>
      <trkpt lat="45.626996" lon="23.906175">
        <ele>1797.655</ele>
        <time>2016-01-09T11:06:20Z</time>
      </trkpt>
      <trkpt lat="45.627040" lon="23.906289">
        <ele>1795.098</ele>
        <time>2016-01-09T11:06:29Z</time>
      </trkpt>
      <trkpt lat="45.627086" lon="23.906391">
        <ele>1793.053</ele>
        <time>2016-01-09T11:06:36Z</time>
      </trkpt>
      <trkpt lat="45.627139" lon="23.906488">
        <ele>1792.035</ele>
        <time>2016-01-09T11:06:42Z</time>
      </trkpt>
      <trkpt lat="45.627193" lon="23.906614">
        <ele>1790.591</ele>
        <time>2016-01-09T11:06:52Z</time>
      </trkpt>
      <trkpt lat="45.627244" lon="23.906713">
        <ele>1789.293</ele>
        <time>2016-01-09T11:07:00Z</time>
      </trkpt>
      <trkpt lat="45.627258" lon="23.906829">
        <ele>1786.965</ele>
        <time>2016-01-09T11:07:08Z</time>
      </trkpt>
      <trkpt lat="45.627299" lon="23.906936">
        <ele>1785.021</ele>
        <time>2016-01-09T11:07:15Z</time>
      </trkpt>
      <trkpt lat="45.627328" lon="23.907052">
        <ele>1783.308</ele>
        <time>2016-01-09T11:07:23Z</time>
      </trkpt>
      <trkpt lat="45.627383" lon="23.907150">
        <ele>1781.990</ele>
        <time>2016-01-09T11:07:33Z</time>
      </trkpt>
      <trkpt lat="45.627442" lon="23.907239">
        <ele>1780.556</ele>
        <time>2016-01-09T11:07:41Z</time>
      </trkpt>
      <trkpt lat="45.627522" lon="23.907308">
        <ele>1779.560</ele>
        <time>2016-01-09T11:07:49Z</time>
      </trkpt>
      <trkpt lat="45.627591" lon="23.907385">
        <ele>1778.428</ele>
        <time>2016-01-09T11:07:57Z</time>
      </trkpt>
      <trkpt lat="45.627649" lon="23.907476">
        <ele>1777.081</ele>
        <time>2016-01-09T11:08:04Z</time>
      </trkpt>
      <trkpt lat="45.627695" lon="23.907573">
        <ele>1775.446</ele>
        <time>2016-01-09T11:08:13Z</time>
      </trkpt>
      <trkpt lat="45.627739" lon="23.907671">
        <ele>1773.868</ele>
        <time>2016-01-09T11:08:21Z</time>
      </trkpt>
      <trkpt lat="45.627790" lon="23.907779">
        <ele>1772.044</ele>
        <time>2016-01-09T11:08:30Z</time>
      </trkpt>
      <trkpt lat="45.627823" lon="23.907887">
        <ele>1769.843</ele>
        <time>2016-01-09T11:08:37Z</time>
      </trkpt>
      <trkpt lat="45.627848" lon="23.907998">
        <ele>1767.564</ele>
        <time>2016-01-09T11:08:44Z</time>
      </trkpt>
      <trkpt lat="45.627900" lon="23.908097">
        <ele>1765.310</ele>
        <time>2016-01-09T11:09:00Z</time>
      </trkpt>
      <trkpt lat="45.627951" lon="23.908198">
        <ele>1762.708</ele>
        <time>2016-01-09T11:09:16Z</time>
      </trkpt>
      <trkpt lat="45.627980" lon="23.908325">
        <ele>1759.255</ele>
        <time>2016-01-09T11:09:24Z</time>
      </trkpt>
      <trkpt lat="45.628021" lon="23.908441">
        <ele>1756.631</ele>
        <time>2016-01-09T11:09:32Z</time>
      </trkpt>
      <trkpt lat="45.628057" lon="23.908546">
        <ele>1754.495</ele>
        <time>2016-01-09T11:09:40Z</time>
      </trkpt>
      <trkpt lat="45.628085" lon="23.908660">
        <ele>1752.173</ele>
        <time>2016-01-09T11:09:49Z</time>
      </trkpt>
      <trkpt lat="45.628151" lon="23.908733">
        <ele>1750.956</ele>
        <time>2016-01-09T11:09:56Z</time>
      </trkpt>
      <trkpt lat="45.628234" lon="23.908788">
        <ele>1750.251</ele>
        <time>2016-01-09T11:10:02Z</time>
      </trkpt>
      <trkpt lat="45.628304" lon="23.908855">
        <ele>1749.493</ele>
        <time>2016-01-09T11:10:09Z</time>
      </trkpt>
      <trkpt lat="45.628362" lon="23.908953">
        <ele>1748.239</ele>
        <time>2016-01-09T11:10:17Z</time>
      </trkpt>
      <trkpt lat="45.628425" lon="23.909049">
        <ele>1747.378</ele>
        <time>2016-01-09T11:10:25Z</time>
      </trkpt>
      <trkpt lat="45.628491" lon="23.909131">
        <ele>1746.833</ele>
        <time>2016-01-09T11:10:32Z</time>
      </trkpt>
      <trkpt lat="45.628549" lon="23.909226">
        <ele>1746.326</ele>
        <time>2016-01-09T11:10:40Z</time>
      </trkpt>
      <trkpt lat="45.628594" lon="23.909328">
        <ele>1745.508</ele>
        <time>2016-01-09T11:10:46Z</time>
      </trkpt>
      <trkpt lat="45.628643" lon="23.909430">
        <ele>1744.268</ele>
        <time>2016-01-09T11:10:54Z</time>
      </trkpt>
      <trkpt lat="45.628717" lon="23.909497">
        <ele>1743.474</ele>
        <time>2016-01-09T11:11:01Z</time>
      </trkpt>
      <trkpt lat="45.628784" lon="23.909577">
        <ele>1742.778</ele>
        <time>2016-01-09T11:11:07Z</time>
      </trkpt>
      <trkpt lat="45.628839" lon="23.909672">
        <ele>1742.146</ele>
        <time>2016-01-09T11:11:14Z</time>
      </trkpt>
      <trkpt lat="45.628908" lon="23.909736">
        <ele>1741.839</ele>
        <time>2016-01-09T11:11:21Z</time>
      </trkpt>
      <trkpt lat="45.628964" lon="23.909826">
        <ele>1740.434</ele>
        <time>2016-01-09T11:11:29Z</time>
      </trkpt>
      <trkpt lat="45.629032" lon="23.909905">
        <ele>1739.736</ele>
        <time>2016-01-09T11:11:37Z</time>
      </trkpt>
      <trkpt lat="45.629086" lon="23.910008">
        <ele>1739.082</ele>
        <time>2016-01-09T11:11:45Z</time>
      </trkpt>
      <trkpt lat="45.629153" lon="23.910089">
        <ele>1738.529</ele>
        <time>2016-01-09T11:11:52Z</time>
      </trkpt>
      <trkpt lat="45.629224" lon="23.910182">
        <ele>1738.000</ele>
        <time>2016-01-09T11:11:59Z</time>
      </trkpt>
      <trkpt lat="45.629300" lon="23.910249">
        <ele>1737.920</ele>
        <time>2016-01-09T11:12:04Z</time>
      </trkpt>
      <trkpt lat="45.629346" lon="23.910358">
        <ele>1736.608</ele>
        <time>2016-01-09T11:12:11Z</time>
      </trkpt>
      <trkpt lat="45.629376" lon="23.910475">
        <ele>1735.113</ele>
        <time>2016-01-09T11:12:19Z</time>
      </trkpt>
      <trkpt lat="45.629418" lon="23.910582">
        <ele>1734.159</ele>
        <time>2016-01-09T11:12:26Z</time>
      </trkpt>
      <trkpt lat="45.629464" lon="23.910698">
        <ele>1732.733</ele>
        <time>2016-01-09T11:12:33Z</time>
      </trkpt>
      <trkpt lat="45.629514" lon="23.910801">
        <ele>1731.621</ele>
        <time>2016-01-09T11:12:40Z</time>
      </trkpt>
      <trkpt lat="45.629547" lon="23.910925">
        <ele>1730.824</ele>
        <time>2016-01-09T11:12:50Z</time>
      </trkpt>
      <trkpt lat="45.629599" lon="23.911023">
        <ele>1730.969</ele>
        <time>2016-01-09T11:12:57Z</time>
      </trkpt>
      <trkpt lat="45.629640" lon="23.911129">
        <ele>1730.631</ele>
        <time>2016-01-09T11:13:04Z</time>
      </trkpt>
      <trkpt lat="45.629701" lon="23.911219">
        <ele>1730.597</ele>
        <time>2016-01-09T11:13:12Z</time>
      </trkpt>
      <trkpt lat="45.629760" lon="23.911305">
        <ele>1730.171</ele>
        <time>2016-01-09T11:13:19Z</time>
      </trkpt>
      <trkpt lat="45.629826" lon="23.911381">
        <ele>1729.541</ele>
        <time>2016-01-09T11:13:25Z</time>
      </trkpt>
      <trkpt lat="45.629882" lon="23.911478">
        <ele>1727.815</ele>
        <time>2016-01-09T11:13:32Z</time>
      </trkpt>
      <trkpt lat="45.629908" lon="23.911602">
        <ele>1725.608</ele>
        <time>2016-01-09T11:13:40Z</time>
      </trkpt>
      <trkpt lat="45.629943" lon="23.911716">
        <ele>1723.988</ele>
        <time>2016-01-09T11:13:50Z</time>
      </trkpt>
      <trkpt lat="45.629973" lon="23.911835">
        <ele>1722.864</ele>
        <time>2016-01-09T11:14:00Z</time>
      </trkpt>
      <trkpt lat="45.630009" lon="23.911954">
        <ele>1721.958</ele>
        <time>2016-01-09T11:14:07Z</time>
      </trkpt>
      <trkpt lat="45.630048" lon="23.912076">
        <ele>1720.046</ele>
        <time>2016-01-09T11:14:14Z</time>
      </trkpt>
      <trkpt lat="45.630089" lon="23.912179">
        <ele>1718.419</ele>
        <time>2016-01-09T11:14:20Z</time>
      </trkpt>
      <trkpt lat="45.630138" lon="23.912281">
        <ele>1717.044</ele>
        <time>2016-01-09T11:14:26Z</time>
      </trkpt>
      <trkpt lat="45.630213" lon="23.912349">
        <ele>1716.426</ele>
        <time>2016-01-09T11:14:33Z</time>
      </trkpt>
      <trkpt lat="45.630283" lon="23.912426">
        <ele>1715.492</ele>
        <time>2016-01-09T11:14:40Z</time>
      </trkpt>
      <trkpt lat="45.630343" lon="23.912516">
        <ele>1714.811</ele>
        <time>2016-01-09T11:14:48Z</time>
      </trkpt>
      <trkpt lat="45.630391" lon="23.912619">
        <ele>1714.221</ele>
        <time>2016-01-09T11:14:56Z</time>
      </trkpt>
      <trkpt lat="45.630418" lon="23.912735">
        <ele>1713.103</ele>
        <time>2016-01-09T11:15:05Z</time>
      </trkpt>
      <trkpt lat="45.630444" lon="23.912863">
        <ele>1712.108</ele>
        <time>2016-01-09T11:15:12Z</time>
      </trkpt>
      <trkpt lat="45.630470" lon="23.912981">
        <ele>1711.492</ele>
        <time>2016-01-09T11:15:20Z</time>
      </trkpt>
      <trkpt lat="45.630508" lon="23.913099">
        <ele>1711.368</ele>
        <time>2016-01-09T11:15:27Z</time>
      </trkpt>
      <trkpt lat="45.630554" lon="23.913213">
        <ele>1712.062</ele>
        <time>2016-01-09T11:15:36Z</time>
      </trkpt>
      <trkpt lat="45.630605" lon="23.913317">
        <ele>1713.470</ele>
        <time>2016-01-09T11:15:44Z</time>
      </trkpt>
      <trkpt lat="45.630652" lon="23.913434">
        <ele>1713.913</ele>
        <time>2016-01-09T11:15:52Z</time>
      </trkpt>
      <trkpt lat="45.630696" lon="23.913537">
        <ele>1714.258</ele>
        <time>2016-01-09T11:15:58Z</time>
      </trkpt>
      <trkpt lat="45.630750" lon="23.913644">
        <ele>1714.460</ele>
        <time>2016-01-09T11:16:06Z</time>
      </trkpt>
      <trkpt lat="45.630784" lon="23.913760">
        <ele>1713.626</ele>
        <time>2016-01-09T11:16:14Z</time>
      </trkpt>
      <trkpt lat="45.630827" lon="23.913859">
        <ele>1713.323</ele>
        <time>2016-01-09T11:16:22Z</time>
      </trkpt>
      <trkpt lat="45.630885" lon="23.913947">
        <ele>1713.383</ele>
        <time>2016-01-09T11:16:27Z</time>
      </trkpt>
      <trkpt lat="45.630944" lon="23.914047">
        <ele>1713.211</ele>
        <time>2016-01-09T11:16:35Z</time>
      </trkpt>
      <trkpt lat="45.630990" lon="23.914147">
        <ele>1712.808</ele>
        <time>2016-01-09T11:16:44Z</time>
      </trkpt>
      <trkpt lat="45.631024" lon="23.914260">
        <ele>1711.873</ele>
        <time>2016-01-09T11:16:51Z</time>
      </trkpt>
      <trkpt lat="45.631073" lon="23.914354">
        <ele>1711.579</ele>
        <time>2016-01-09T11:17:00Z</time>
      </trkpt>
      <trkpt lat="45.631120" lon="23.914453">
        <ele>1711.343</ele>
        <time>2016-01-09T11:17:40Z</time>
      </trkpt>
      <trkpt lat="45.631146" lon="23.914565">
        <ele>1711.361</ele>
        <time>2016-01-09T11:21:28Z</time>
      </trkpt>
      <trkpt lat="45.631176" lon="23.914674">
        <ele>1711.554</ele>
        <time>2016-01-09T11:21:37Z</time>
      </trkpt>
      <trkpt lat="45.631213" lon="23.914786">
        <ele>1711.469</ele>
        <time>2016-01-09T11:21:47Z</time>
      </trkpt>
      <trkpt lat="45.631249" lon="23.914892">
        <ele>1711.081</ele>
        <time>2016-01-09T11:21:56Z</time>
      </trkpt>
      <trkpt lat="45.631254" lon="23.915027">
        <ele>1709.457</ele>
        <time>2016-01-09T11:22:24Z</time>
      </trkpt>
      <trkpt lat="45.631294" lon="23.915152">
        <ele>1709.267</ele>
        <time>2016-01-09T11:22:32Z</time>
      </trkpt>
      <trkpt lat="45.631334" lon="23.915264">
        <ele>1709.081</ele>
        <time>2016-01-09T11:22:39Z</time>
      </trkpt>
      <trkpt lat="45.631378" lon="23.915374">
        <ele>1708.419</ele>
        <time>2016-01-09T11:22:46Z</time>
      </trkpt>
      <trkpt lat="45.631412" lon="23.915488">
        <ele>1707.408</ele>
        <time>2016-01-09T11:22:53Z</time>
      </trkpt>
      <trkpt lat="45.631449" lon="23.915594">
        <ele>1706.547</ele>
        <time>2016-01-09T11:22:59Z</time>
      </trkpt>
      <trkpt lat="45.631481" lon="23.915716">
        <ele>1705.383</ele>
        <time>2016-01-09T11:23:06Z</time>
      </trkpt>
      <trkpt lat="45.631538" lon="23.915814">
        <ele>1705.097</ele>
        <time>2016-01-09T11:23:13Z</time>
      </trkpt>
      <trkpt lat="45.631591" lon="23.915904">
        <ele>1704.745</ele>
        <time>2016-01-09T11:23:19Z</time>
      </trkpt>
      <trkpt lat="45.631620" lon="23.916014">
        <ele>1704.048</ele>
        <time>2016-01-09T11:23:26Z</time>
      </trkpt>
      <trkpt lat="45.631667" lon="23.916127">
        <ele>1703.873</ele>
        <time>2016-01-09T11:23:34Z</time>
      </trkpt>
      <trkpt lat="45.631692" lon="23.916249">
        <ele>1703.195</ele>
        <time>2016-01-09T11:23:41Z</time>
      </trkpt>
      <trkpt lat="45.631714" lon="23.916381">
        <ele>1702.341</ele>
        <time>2016-01-09T11:23:48Z</time>
      </trkpt>
      <trkpt lat="45.631752" lon="23.916483">
        <ele>1702.422</ele>
        <time>2016-01-09T11:23:54Z</time>
      </trkpt>
      <trkpt lat="45.631798" lon="23.916583">
        <ele>1702.662</ele>
        <time>2016-01-09T11:24:00Z</time>
      </trkpt>
      <trkpt lat="45.631853" lon="23.916675">
        <ele>1702.808</ele>
        <time>2016-01-09T11:24:05Z</time>
      </trkpt>
      <trkpt lat="45.631880" lon="23.916800">
        <ele>1700.608</ele>
        <time>2016-01-09T11:24:13Z</time>
      </trkpt>
      <trkpt lat="45.631904" lon="23.916928">
        <ele>1698.393</ele>
        <time>2016-01-09T11:24:20Z</time>
      </trkpt>
      <trkpt lat="45.631933" lon="23.917050">
        <ele>1696.439</ele>
        <time>2016-01-09T11:24:28Z</time>
      </trkpt>
      <trkpt lat="45.631964" lon="23.917161">
        <ele>1694.943</ele>
        <time>2016-01-09T11:24:34Z</time>
      </trkpt>
      <trkpt lat="45.632002" lon="23.917270">
        <ele>1694.361</ele>
        <time>2016-01-09T11:24:41Z</time>
      </trkpt>
      <trkpt lat="45.632013" lon="23.917392">
        <ele>1693.654</ele>
        <time>2016-01-09T11:24:47Z</time>
      </trkpt>
      <trkpt lat="45.631993" lon="23.917516">
        <ele>1692.149</ele>
        <time>2016-01-09T11:24:54Z</time>
      </trkpt>
      <trkpt lat="45.631969" lon="23.917638">
        <ele>1690.651</ele>
        <time>2016-01-09T11:25:01Z</time>
      </trkpt>
      <trkpt lat="45.631971" lon="23.917766">
        <ele>1689.817</ele>
        <time>2016-01-09T11:25:08Z</time>
      </trkpt>
      <trkpt lat="45.632000" lon="23.917876">
        <ele>1689.112</ele>
        <time>2016-01-09T11:25:15Z</time>
      </trkpt>
      <trkpt lat="45.632027" lon="23.917990">
        <ele>1688.332</ele>
        <time>2016-01-09T11:25:22Z</time>
      </trkpt>
      <trkpt lat="45.632043" lon="23.918111">
        <ele>1687.005</ele>
        <time>2016-01-09T11:25:29Z</time>
      </trkpt>
      <trkpt lat="45.632064" lon="23.918231">
        <ele>1685.608</ele>
        <time>2016-01-09T11:25:36Z</time>
      </trkpt>
      <trkpt lat="45.632069" lon="23.918354">
        <ele>1683.892</ele>
        <time>2016-01-09T11:25:43Z</time>
      </trkpt>
      <trkpt lat="45.632063" lon="23.918476">
        <ele>1681.958</ele>
        <time>2016-01-09T11:25:51Z</time>
      </trkpt>
      <trkpt lat="45.632070" lon="23.918595">
        <ele>1680.432</ele>
        <time>2016-01-09T11:25:58Z</time>
      </trkpt>
      <trkpt lat="45.632089" lon="23.918718">
        <ele>1680.150</ele>
        <time>2016-01-09T11:26:05Z</time>
      </trkpt>
      <trkpt lat="45.632100" lon="23.918835">
        <ele>1679.733</ele>
        <time>2016-01-09T11:26:12Z</time>
      </trkpt>
      <trkpt lat="45.632107" lon="23.918960">
        <ele>1679.378</ele>
        <time>2016-01-09T11:26:19Z</time>
      </trkpt>
      <trkpt lat="45.632115" lon="23.919084">
        <ele>1679.090</ele>
        <time>2016-01-09T11:26:26Z</time>
      </trkpt>
      <trkpt lat="45.632128" lon="23.919201">
        <ele>1679.036</ele>
        <time>2016-01-09T11:26:33Z</time>
      </trkpt>
      <trkpt lat="45.632149" lon="23.919316">
        <ele>1679.619</ele>
        <time>2016-01-09T11:26:41Z</time>
      </trkpt>
      <trkpt lat="45.632159" lon="23.919436">
        <ele>1679.909</ele>
        <time>2016-01-09T11:26:48Z</time>
      </trkpt>
      <trkpt lat="45.632175" lon="23.919560">
        <ele>1679.419</ele>
        <time>2016-01-09T11:26:55Z</time>
      </trkpt>
      <trkpt lat="45.632200" lon="23.919681">
        <ele>1679.008</ele>
        <time>2016-01-09T11:27:02Z</time>
      </trkpt>
      <trkpt lat="45.632227" lon="23.919807">
        <ele>1678.212</ele>
        <time>2016-01-09T11:27:10Z</time>
      </trkpt>
      <trkpt lat="45.632255" lon="23.919918">
        <ele>1677.668</ele>
        <time>2016-01-09T11:27:17Z</time>
      </trkpt>
      <trkpt lat="45.632291" lon="23.920026">
        <ele>1677.252</ele>
        <time>2016-01-09T11:27:24Z</time>
      </trkpt>
      <trkpt lat="45.632334" lon="23.920133">
        <ele>1676.850</ele>
        <time>2016-01-09T11:27:31Z</time>
      </trkpt>
      <trkpt lat="45.632379" lon="23.920233">
        <ele>1676.493</ele>
        <time>2016-01-09T11:27:37Z</time>
      </trkpt>
      <trkpt lat="45.632422" lon="23.920348">
        <ele>1675.848</ele>
        <time>2016-01-09T11:27:44Z</time>
      </trkpt>
      <trkpt lat="45.632463" lon="23.920462">
        <ele>1675.360</ele>
        <time>2016-01-09T11:27:51Z</time>
      </trkpt>
      <trkpt lat="45.632495" lon="23.920571">
        <ele>1674.726</ele>
        <time>2016-01-09T11:27:57Z</time>
      </trkpt>
      <trkpt lat="45.632529" lon="23.920686">
        <ele>1674.169</ele>
        <time>2016-01-09T11:28:04Z</time>
      </trkpt>
      <trkpt lat="45.632584" lon="23.920792">
        <ele>1673.904</ele>
        <time>2016-01-09T11:28:11Z</time>
      </trkpt>
      <trkpt lat="45.632624" lon="23.920900">
        <ele>1673.624</ele>
        <time>2016-01-09T11:28:20Z</time>
      </trkpt>
      <trkpt lat="45.632668" lon="23.921003">
        <ele>1673.608</ele>
        <time>2016-01-09T11:28:27Z</time>
      </trkpt>
      <trkpt lat="45.632711" lon="23.921113">
        <ele>1673.577</ele>
        <time>2016-01-09T11:28:34Z</time>
      </trkpt>
      <trkpt lat="45.632747" lon="23.921228">
        <ele>1673.543</ele>
        <time>2016-01-09T11:28:42Z</time>
      </trkpt>
      <trkpt lat="45.632770" lon="23.921340">
        <ele>1673.227</ele>
        <time>2016-01-09T11:28:49Z</time>
      </trkpt>
      <trkpt lat="45.632797" lon="23.921470">
        <ele>1672.355</ele>
        <time>2016-01-09T11:28:57Z</time>
      </trkpt>
      <trkpt lat="45.632822" lon="23.921586">
        <ele>1671.318</ele>
        <time>2016-01-09T11:29:04Z</time>
      </trkpt>
      <trkpt lat="45.632850" lon="23.921697">
        <ele>1670.623</ele>
        <time>2016-01-09T11:29:11Z</time>
      </trkpt>
      <trkpt lat="45.632877" lon="23.921825">
        <ele>1669.975</ele>
        <time>2016-01-09T11:29:19Z</time>
      </trkpt>
      <trkpt lat="45.632900" lon="23.921949">
        <ele>1669.351</ele>
        <time>2016-01-09T11:29:26Z</time>
      </trkpt>
      <trkpt lat="45.632916" lon="23.922064">
        <ele>1668.237</ele>
        <time>2016-01-09T11:29:47Z</time>
      </trkpt>
      <trkpt lat="45.632942" lon="23.922189">
        <ele>1667.349</ele>
        <time>2016-01-09T11:29:59Z</time>
      </trkpt>
      <trkpt lat="45.632985" lon="23.922301">
        <ele>1667.213</ele>
        <time>2016-01-09T11:30:05Z</time>
      </trkpt>
      <trkpt lat="45.633004" lon="23.922417">
        <ele>1666.708</ele>
        <time>2016-01-09T11:30:12Z</time>
      </trkpt>
      <trkpt lat="45.633033" lon="23.922529">
        <ele>1666.594</ele>
        <time>2016-01-09T11:30:18Z</time>
      </trkpt>
      <trkpt lat="45.633058" lon="23.922649">
        <ele>1666.510</ele>
        <time>2016-01-09T11:30:25Z</time>
      </trkpt>
      <trkpt lat="45.633083" lon="23.922767">
        <ele>1666.464</ele>
        <time>2016-01-09T11:30:32Z</time>
      </trkpt>
      <trkpt lat="45.633105" lon="23.922884">
        <ele>1666.322</ele>
        <time>2016-01-09T11:30:39Z</time>
      </trkpt>
      <trkpt lat="45.633124" lon="23.923000">
        <ele>1666.095</ele>
        <time>2016-01-09T11:30:46Z</time>
      </trkpt>
      <trkpt lat="45.633145" lon="23.923120">
        <ele>1665.680</ele>
        <time>2016-01-09T11:30:53Z</time>
      </trkpt>
      <trkpt lat="45.633163" lon="23.923252">
        <ele>1665.072</ele>
        <time>2016-01-09T11:31:01Z</time>
      </trkpt>
      <trkpt lat="45.633175" lon="23.923369">
        <ele>1664.628</ele>
        <time>2016-01-09T11:31:08Z</time>
      </trkpt>
      <trkpt lat="45.633187" lon="23.923490">
        <ele>1664.378</ele>
        <time>2016-01-09T11:31:15Z</time>
      </trkpt>
      <trkpt lat="45.633202" lon="23.923617">
        <ele>1664.133</ele>
        <time>2016-01-09T11:31:23Z</time>
      </trkpt>
      <trkpt lat="45.633228" lon="23.923738">
        <ele>1663.926</ele>
        <time>2016-01-09T11:31:31Z</time>
      </trkpt>
      <trkpt lat="45.633250" lon="23.923852">
        <ele>1663.708</ele>
        <time>2016-01-09T11:31:38Z</time>
      </trkpt>
      <trkpt lat="45.633277" lon="23.923967">
        <ele>1663.438</ele>
        <time>2016-01-09T11:31:44Z</time>
      </trkpt>
      <trkpt lat="45.633285" lon="23.924099">
        <ele>1662.674</ele>
        <time>2016-01-09T11:31:52Z</time>
      </trkpt>
      <trkpt lat="45.633297" lon="23.924221">
        <ele>1662.388</ele>
        <time>2016-01-09T11:31:58Z</time>
      </trkpt>
      <trkpt lat="45.633318" lon="23.924335">
        <ele>1662.796</ele>
        <time>2016-01-09T11:32:05Z</time>
      </trkpt>
      <trkpt lat="45.633340" lon="23.924457">
        <ele>1663.099</ele>
        <time>2016-01-09T11:32:12Z</time>
      </trkpt>
      <trkpt lat="45.633356" lon="23.924570">
        <ele>1662.534</ele>
        <time>2016-01-09T11:32:19Z</time>
      </trkpt>
      <trkpt lat="45.633369" lon="23.924699">
        <ele>1661.816</ele>
        <time>2016-01-09T11:32:26Z</time>
      </trkpt>
      <trkpt lat="45.633393" lon="23.924824">
        <ele>1661.362</ele>
        <time>2016-01-09T11:32:32Z</time>
      </trkpt>
      <trkpt lat="45.633390" lon="23.924951">
        <ele>1660.489</ele>
        <time>2016-01-09T11:32:38Z</time>
      </trkpt>
      <trkpt lat="45.633400" lon="23.925072">
        <ele>1659.906</ele>
        <time>2016-01-09T11:32:45Z</time>
      </trkpt>
      <trkpt lat="45.633413" lon="23.925187">
        <ele>1659.826</ele>
        <time>2016-01-09T11:32:51Z</time>
      </trkpt>
      <trkpt lat="45.633422" lon="23.925307">
        <ele>1659.508</ele>
        <time>2016-01-09T11:32:58Z</time>
      </trkpt>
      <trkpt lat="45.633429" lon="23.925430">
        <ele>1659.269</ele>
        <time>2016-01-09T11:33:05Z</time>
      </trkpt>
      <trkpt lat="45.633436" lon="23.925555">
        <ele>1658.945</ele>
        <time>2016-01-09T11:33:12Z</time>
      </trkpt>
      <trkpt lat="45.633448" lon="23.925680">
        <ele>1657.949</ele>
        <time>2016-01-09T11:33:19Z</time>
      </trkpt>
      <trkpt lat="45.633465" lon="23.925800">
        <ele>1657.157</ele>
        <time>2016-01-09T11:33:26Z</time>
      </trkpt>
      <trkpt lat="45.633498" lon="23.925915">
        <ele>1656.720</ele>
        <time>2016-01-09T11:33:33Z</time>
      </trkpt>
      <trkpt lat="45.633508" lon="23.926034">
        <ele>1655.655</ele>
        <time>2016-01-09T11:33:39Z</time>
      </trkpt>
      <trkpt lat="45.633520" lon="23.926153">
        <ele>1654.837</ele>
        <time>2016-01-09T11:33:46Z</time>
      </trkpt>
      <trkpt lat="45.633533" lon="23.926269">
        <ele>1654.693</ele>
        <time>2016-01-09T11:33:52Z</time>
      </trkpt>
      <trkpt lat="45.633569" lon="23.926379">
        <ele>1655.041</ele>
        <time>2016-01-09T11:33:59Z</time>
      </trkpt>
      <trkpt lat="45.633609" lon="23.926488">
        <ele>1654.981</ele>
        <time>2016-01-09T11:34:06Z</time>
      </trkpt>
      <trkpt lat="45.633659" lon="23.926602">
        <ele>1654.309</ele>
        <time>2016-01-09T11:34:14Z</time>
      </trkpt>
      <trkpt lat="45.633715" lon="23.926693">
        <ele>1654.308</ele>
        <time>2016-01-09T11:34:23Z</time>
      </trkpt>
      <trkpt lat="45.633778" lon="23.926786">
        <ele>1654.595</ele>
        <time>2016-01-09T11:34:30Z</time>
      </trkpt>
      <trkpt lat="45.633835" lon="23.926869">
        <ele>1654.331</ele>
        <time>2016-01-09T11:34:37Z</time>
      </trkpt>
      <trkpt lat="45.633903" lon="23.926961">
        <ele>1654.075</ele>
        <time>2016-01-09T11:34:47Z</time>
      </trkpt>
      <trkpt lat="45.633964" lon="23.927047">
        <ele>1653.823</ele>
        <time>2016-01-09T11:34:55Z</time>
      </trkpt>
      <trkpt lat="45.634024" lon="23.927143">
        <ele>1653.516</ele>
        <time>2016-01-09T11:35:03Z</time>
      </trkpt>
      <trkpt lat="45.634066" lon="23.927255">
        <ele>1653.231</ele>
        <time>2016-01-09T11:35:13Z</time>
      </trkpt>
      <trkpt lat="45.634058" lon="23.927370">
        <ele>1653.023</ele>
        <time>2016-01-09T11:35:24Z</time>
      </trkpt>
      <trkpt lat="45.634062" lon="23.927496">
        <ele>1652.989</ele>
        <time>2016-01-09T11:35:39Z</time>
      </trkpt>
      <trkpt lat="45.634087" lon="23.927619">
        <ele>1653.184</ele>
        <time>2016-01-09T11:35:48Z</time>
      </trkpt>
      <trkpt lat="45.634114" lon="23.927739">
        <ele>1653.407</ele>
        <time>2016-01-09T11:36:00Z</time>
      </trkpt>
      <trkpt lat="45.634134" lon="23.927860">
        <ele>1653.617</ele>
        <time>2016-01-09T11:36:11Z</time>
      </trkpt>
      <trkpt lat="45.634148" lon="23.927983">
        <ele>1653.708</ele>
        <time>2016-01-09T11:36:21Z</time>
      </trkpt>
      <trkpt lat="45.634163" lon="23.928100">
        <ele>1653.889</ele>
        <time>2016-01-09T11:39:42Z</time>
      </trkpt>
      <trkpt lat="45.634166" lon="23.928226">
        <ele>1653.425</ele>
        <time>2016-01-09T11:40:38Z</time>
      </trkpt>
      <trkpt lat="45.634177" lon="23.928356">
        <ele>1653.429</ele>
        <time>2016-01-09T11:40:47Z</time>
      </trkpt>
      <trkpt lat="45.634186" lon="23.928477">
        <ele>1654.817</ele>
        <time>2016-01-09T11:40:55Z</time>
      </trkpt>
      <trkpt lat="45.634189" lon="23.928607">
        <ele>1656.320</ele>
        <time>2016-01-09T11:41:05Z</time>
      </trkpt>
      <trkpt lat="45.634200" lon="23.928734">
        <ele>1657.865</ele>
        <time>2016-01-09T11:41:14Z</time>
      </trkpt>
      <trkpt lat="45.634216" lon="23.928849">
        <ele>1659.147</ele>
        <time>2016-01-09T11:41:22Z</time>
      </trkpt>
      <trkpt lat="45.634204" lon="23.928968">
        <ele>1659.743</ele>
        <time>2016-01-09T11:41:32Z</time>
      </trkpt>
      <trkpt lat="45.634214" lon="23.929091">
        <ele>1660.273</ele>
        <time>2016-01-09T11:41:42Z</time>
      </trkpt>
      <trkpt lat="45.634229" lon="23.929207">
        <ele>1660.885</ele>
        <time>2016-01-09T11:41:51Z</time>
      </trkpt>
      <trkpt lat="45.634267" lon="23.929313">
        <ele>1661.613</ele>
        <time>2016-01-09T11:42:00Z</time>
      </trkpt>
      <trkpt lat="45.634265" lon="23.929434">
        <ele>1662.008</ele>
        <time>2016-01-09T11:42:08Z</time>
      </trkpt>
      <trkpt lat="45.634268" lon="23.929557">
        <ele>1662.298</ele>
        <time>2016-01-09T11:42:17Z</time>
      </trkpt>
      <trkpt lat="45.634297" lon="23.929666">
        <ele>1662.864</ele>
        <time>2016-01-09T11:42:24Z</time>
      </trkpt>
      <trkpt lat="45.634295" lon="23.929795">
        <ele>1663.338</ele>
        <time>2016-01-09T11:42:34Z</time>
      </trkpt>
      <trkpt lat="45.634326" lon="23.929909">
        <ele>1664.376</ele>
        <time>2016-01-09T11:42:43Z</time>
      </trkpt>
      <trkpt lat="45.634359" lon="23.930024">
        <ele>1665.259</ele>
        <time>2016-01-09T11:42:53Z</time>
      </trkpt>
      <trkpt lat="45.634377" lon="23.930142">
        <ele>1665.824</ele>
        <time>2016-01-09T11:43:03Z</time>
      </trkpt>
      <trkpt lat="45.634392" lon="23.930258">
        <ele>1666.446</ele>
        <time>2016-01-09T11:43:12Z</time>
      </trkpt>
      <trkpt lat="45.634393" lon="23.930376">
        <ele>1666.642</ele>
        <time>2016-01-09T11:43:21Z</time>
      </trkpt>
      <trkpt lat="45.634372" lon="23.930499">
        <ele>1666.672</ele>
        <time>2016-01-09T11:43:30Z</time>
      </trkpt>
      <trkpt lat="45.634349" lon="23.930615">
        <ele>1666.913</ele>
        <time>2016-01-09T11:43:39Z</time>
      </trkpt>
      <trkpt lat="45.634337" lon="23.930732">
        <ele>1667.214</ele>
        <time>2016-01-09T11:43:48Z</time>
      </trkpt>
      <trkpt lat="45.634312" lon="23.930844">
        <ele>1667.508</ele>
        <time>2016-01-09T11:43:56Z</time>
      </trkpt>
      <trkpt lat="45.634296" lon="23.930968">
        <ele>1667.588</ele>
        <time>2016-01-09T11:44:05Z</time>
      </trkpt>
      <trkpt lat="45.634283" lon="23.931090">
        <ele>1667.454</ele>
        <time>2016-01-09T11:44:15Z</time>
      </trkpt>
      <trkpt lat="45.634256" lon="23.931206">
        <ele>1667.658</ele>
        <time>2016-01-09T11:44:25Z</time>
      </trkpt>
      <trkpt lat="45.634226" lon="23.931324">
        <ele>1667.886</ele>
        <time>2016-01-09T11:44:33Z</time>
      </trkpt>
      <trkpt lat="45.634234" lon="23.931446">
        <ele>1668.019</ele>
        <time>2016-01-09T11:44:42Z</time>
      </trkpt>
      <trkpt lat="45.634253" lon="23.931575">
        <ele>1668.034</ele>
        <time>2016-01-09T11:44:50Z</time>
      </trkpt>
      <trkpt lat="45.634264" lon="23.931708">
        <ele>1668.126</ele>
        <time>2016-01-09T11:44:58Z</time>
      </trkpt>
      <trkpt lat="45.634279" lon="23.931825">
        <ele>1668.362</ele>
        <time>2016-01-09T11:45:06Z</time>
      </trkpt>
      <trkpt lat="45.634266" lon="23.931940">
        <ele>1668.671</ele>
        <time>2016-01-09T11:45:15Z</time>
      </trkpt>
      <trkpt lat="45.634289" lon="23.932055">
        <ele>1668.841</ele>
        <time>2016-01-09T11:45:22Z</time>
      </trkpt>
      <trkpt lat="45.634295" lon="23.932184">
        <ele>1669.015</ele>
        <time>2016-01-09T11:45:32Z</time>
      </trkpt>
      <trkpt lat="45.634291" lon="23.932311">
        <ele>1668.608</ele>
        <time>2016-01-09T11:45:40Z</time>
      </trkpt>
      <trkpt lat="45.634296" lon="23.932432">
        <ele>1668.058</ele>
        <time>2016-01-09T11:45:48Z</time>
      </trkpt>
      <trkpt lat="45.634290" lon="23.932557">
        <ele>1667.724</ele>
        <time>2016-01-09T11:45:57Z</time>
      </trkpt>
      <trkpt lat="45.634287" lon="23.932686">
        <ele>1667.788</ele>
        <time>2016-01-09T11:46:05Z</time>
      </trkpt>
      <trkpt lat="45.634275" lon="23.932818">
        <ele>1667.856</ele>
        <time>2016-01-09T11:46:12Z</time>
      </trkpt>
      <trkpt lat="45.634278" lon="23.932957">
        <ele>1667.899</ele>
        <time>2016-01-09T11:46:21Z</time>
      </trkpt>
      <trkpt lat="45.634258" lon="23.933078">
        <ele>1668.034</ele>
        <time>2016-01-09T11:46:27Z</time>
      </trkpt>
      <trkpt lat="45.634233" lon="23.933201">
        <ele>1668.386</ele>
        <time>2016-01-09T11:46:36Z</time>
      </trkpt>
      <trkpt lat="45.634240" lon="23.933323">
        <ele>1668.252</ele>
        <time>2016-01-09T11:46:44Z</time>
      </trkpt>
      <trkpt lat="45.634237" lon="23.933447">
        <ele>1668.229</ele>
        <time>2016-01-09T11:46:50Z</time>
      </trkpt>
      <trkpt lat="45.634245" lon="23.933570">
        <ele>1668.200</ele>
        <time>2016-01-09T11:46:59Z</time>
      </trkpt>
      <trkpt lat="45.634244" lon="23.933697">
        <ele>1668.220</ele>
        <time>2016-01-09T11:47:07Z</time>
      </trkpt>
      <trkpt lat="45.634219" lon="23.933817">
        <ele>1668.408</ele>
        <time>2016-01-09T11:47:16Z</time>
      </trkpt>
      <trkpt lat="45.634185" lon="23.933945">
        <ele>1668.613</ele>
        <time>2016-01-09T11:47:23Z</time>
      </trkpt>
      <trkpt lat="45.634137" lon="23.934058">
        <ele>1668.369</ele>
        <time>2016-01-09T11:47:31Z</time>
      </trkpt>
      <trkpt lat="45.634106" lon="23.934181">
        <ele>1668.093</ele>
        <time>2016-01-09T11:47:38Z</time>
      </trkpt>
      <trkpt lat="45.634091" lon="23.934297">
        <ele>1668.041</ele>
        <time>2016-01-09T11:47:45Z</time>
      </trkpt>
      <trkpt lat="45.634043" lon="23.934391">
        <ele>1668.084</ele>
        <time>2016-01-09T11:47:52Z</time>
      </trkpt>
      <trkpt lat="45.633973" lon="23.934465">
        <ele>1668.069</ele>
        <time>2016-01-09T11:47:59Z</time>
      </trkpt>
      <trkpt lat="45.633903" lon="23.934535">
        <ele>1668.041</ele>
        <time>2016-01-09T11:48:19Z</time>
      </trkpt>
      <trkpt lat="45.633818" lon="23.934560">
        <ele>1667.947</ele>
        <time>2016-01-09T11:48:31Z</time>
      </trkpt>
      <trkpt lat="45.633789" lon="23.934672">
        <ele>1667.982</ele>
        <time>2016-01-09T11:48:47Z</time>
      </trkpt>
      <trkpt lat="45.633751" lon="23.934790">
        <ele>1668.143</ele>
        <time>2016-01-09T11:48:56Z</time>
      </trkpt>
      <trkpt lat="45.633738" lon="23.934904">
        <ele>1668.417</ele>
        <time>2016-01-09T11:49:04Z</time>
      </trkpt>
      <trkpt lat="45.633749" lon="23.935022">
        <ele>1668.608</ele>
        <time>2016-01-09T11:49:11Z</time>
      </trkpt>
      <trkpt lat="45.633728" lon="23.935138">
        <ele>1669.399</ele>
        <time>2016-01-09T11:49:19Z</time>
      </trkpt>
      <trkpt lat="45.633768" lon="23.935249">
        <ele>1669.845</ele>
        <time>2016-01-09T11:49:26Z</time>
      </trkpt>
      <trkpt lat="45.633762" lon="23.935372">
        <ele>1670.589</ele>
        <time>2016-01-09T11:49:35Z</time>
      </trkpt>
      <trkpt lat="45.633769" lon="23.935494">
        <ele>1671.117</ele>
        <time>2016-01-09T11:49:44Z</time>
      </trkpt>
      <trkpt lat="45.633829" lon="23.935585">
        <ele>1671.540</ele>
        <time>2016-01-09T11:49:53Z</time>
      </trkpt>
      <trkpt lat="45.633894" lon="23.935675">
        <ele>1671.855</ele>
        <time>2016-01-09T11:50:05Z</time>
      </trkpt>
      <trkpt lat="45.633951" lon="23.935759">
        <ele>1671.167</ele>
        <time>2016-01-09T11:50:10Z</time>
      </trkpt>
      <trkpt lat="45.633956" lon="23.935876">
        <ele>1671.923</ele>
        <time>2016-01-09T11:50:18Z</time>
      </trkpt>
      <trkpt lat="45.633977" lon="23.935999">
        <ele>1672.761</ele>
        <time>2016-01-09T11:50:26Z</time>
      </trkpt>
      <trkpt lat="45.634046" lon="23.936089">
        <ele>1672.521</ele>
        <time>2016-01-09T11:50:33Z</time>
      </trkpt>
      <trkpt lat="45.634075" lon="23.936211">
        <ele>1673.013</ele>
        <time>2016-01-09T11:50:41Z</time>
      </trkpt>
      <trkpt lat="45.634115" lon="23.936320">
        <ele>1673.208</ele>
        <time>2016-01-09T11:50:49Z</time>
      </trkpt>
      <trkpt lat="45.634161" lon="23.936431">
        <ele>1673.197</ele>
        <time>2016-01-09T11:50:58Z</time>
      </trkpt>
      <trkpt lat="45.634219" lon="23.936516">
        <ele>1671.743</ele>
        <time>2016-01-09T11:51:06Z</time>
      </trkpt>
      <trkpt lat="45.634260" lon="23.936621">
        <ele>1670.927</ele>
        <time>2016-01-09T11:51:14Z</time>
      </trkpt>
      <trkpt lat="45.634300" lon="23.936723">
        <ele>1670.485</ele>
        <time>2016-01-09T11:51:28Z</time>
      </trkpt>
      <trkpt lat="45.634363" lon="23.936797">
        <ele>1669.668</ele>
        <time>2016-01-09T11:51:41Z</time>
      </trkpt>
      <trkpt lat="45.634294" lon="23.936859">
        <ele>1671.373</ele>
        <time>2016-01-09T11:51:50Z</time>
      </trkpt>
      <trkpt lat="45.634316" lon="23.936972">
        <ele>1671.525</ele>
        <time>2016-01-09T11:52:59Z</time>
      </trkpt>
      <trkpt lat="45.634356" lon="23.937096">
        <ele>1671.541</ele>
        <time>2016-01-09T11:53:09Z</time>
      </trkpt>
      <trkpt lat="45.634417" lon="23.937182">
        <ele>1671.123</ele>
        <time>2016-01-09T11:53:16Z</time>
      </trkpt>
      <trkpt lat="45.634472" lon="23.937267">
        <ele>1670.983</ele>
        <time>2016-01-09T11:53:25Z</time>
      </trkpt>
      <trkpt lat="45.634483" lon="23.937394">
        <ele>1671.711</ele>
        <time>2016-01-09T11:53:42Z</time>
      </trkpt>
      <trkpt lat="45.634537" lon="23.937511">
        <ele>1671.708</ele>
        <time>2016-01-09T11:53:53Z</time>
      </trkpt>
      <trkpt lat="45.634605" lon="23.937580">
        <ele>1671.113</ele>
        <time>2016-01-09T11:53:59Z</time>
      </trkpt>
      <trkpt lat="45.634583" lon="23.937702">
        <ele>1672.169</ele>
        <time>2016-01-09T11:54:07Z</time>
      </trkpt>
      <trkpt lat="45.634584" lon="23.937829">
        <ele>1672.793</ele>
        <time>2016-01-09T11:54:15Z</time>
      </trkpt>
      <trkpt lat="45.634618" lon="23.937944">
        <ele>1672.741</ele>
        <time>2016-01-09T11:54:21Z</time>
      </trkpt>
      <trkpt lat="45.634612" lon="23.938070">
        <ele>1673.224</ele>
        <time>2016-01-09T11:54:31Z</time>
      </trkpt>
      <trkpt lat="45.634645" lon="23.938179">
        <ele>1673.369</ele>
        <time>2016-01-09T11:54:37Z</time>
      </trkpt>
      <trkpt lat="45.634624" lon="23.938291">
        <ele>1673.981</ele>
        <time>2016-01-09T11:54:49Z</time>
      </trkpt>
      <trkpt lat="45.634618" lon="23.938410">
        <ele>1674.697</ele>
        <time>2016-01-09T11:54:56Z</time>
      </trkpt>
      <trkpt lat="45.634590" lon="23.938537">
        <ele>1675.554</ele>
        <time>2016-01-09T11:55:06Z</time>
      </trkpt>
      <trkpt lat="45.634580" lon="23.938656">
        <ele>1676.356</ele>
        <time>2016-01-09T11:55:13Z</time>
      </trkpt>
      <trkpt lat="45.634561" lon="23.938781">
        <ele>1677.011</ele>
        <time>2016-01-09T11:55:24Z</time>
      </trkpt>
      <trkpt lat="45.634554" lon="23.938898">
        <ele>1677.608</ele>
        <time>2016-01-09T11:55:32Z</time>
      </trkpt>
      <trkpt lat="45.634572" lon="23.939021">
        <ele>1678.046</ele>
        <time>2016-01-09T11:55:39Z</time>
      </trkpt>
      <trkpt lat="45.634550" lon="23.939144">
        <ele>1678.562</ele>
        <time>2016-01-09T11:55:47Z</time>
      </trkpt>
      <trkpt lat="45.634528" lon="23.939258">
        <ele>1678.576</ele>
        <time>2016-01-09T11:55:54Z</time>
      </trkpt>
      <trkpt lat="45.634550" lon="23.939383">
        <ele>1678.134</ele>
        <time>2016-01-09T11:56:03Z</time>
      </trkpt>
      <trkpt lat="45.634566" lon="23.939506">
        <ele>1677.817</ele>
        <time>2016-01-09T11:56:10Z</time>
      </trkpt>
      <trkpt lat="45.634597" lon="23.939631">
        <ele>1677.342</ele>
        <time>2016-01-09T11:56:19Z</time>
      </trkpt>
      <trkpt lat="45.634596" lon="23.939752">
        <ele>1676.894</ele>
        <time>2016-01-09T11:56:28Z</time>
      </trkpt>
      <trkpt lat="45.634621" lon="23.939872">
        <ele>1676.360</ele>
        <time>2016-01-09T11:56:38Z</time>
      </trkpt>
      <trkpt lat="45.634650" lon="23.939980">
        <ele>1675.892</ele>
        <time>2016-01-09T11:56:45Z</time>
      </trkpt>
      <trkpt lat="45.634658" lon="23.940107">
        <ele>1675.373</ele>
        <time>2016-01-09T11:56:54Z</time>
      </trkpt>
      <trkpt lat="45.634697" lon="23.940209">
        <ele>1675.120</ele>
        <time>2016-01-09T11:57:02Z</time>
      </trkpt>
      <trkpt lat="45.634724" lon="23.940323">
        <ele>1674.808</ele>
        <time>2016-01-09T11:57:09Z</time>
      </trkpt>
      <trkpt lat="45.634761" lon="23.940433">
        <ele>1674.720</ele>
        <time>2016-01-09T11:57:17Z</time>
      </trkpt>
      <trkpt lat="45.634778" lon="23.940562">
        <ele>1674.466</ele>
        <time>2016-01-09T11:57:26Z</time>
      </trkpt>
      <trkpt lat="45.634862" lon="23.940631">
        <ele>1675.050</ele>
        <time>2016-01-09T11:57:31Z</time>
      </trkpt>
      <trkpt lat="45.634892" lon="23.940762">
        <ele>1675.218</ele>
        <time>2016-01-09T11:57:39Z</time>
      </trkpt>
      <trkpt lat="45.634935" lon="23.940861">
        <ele>1675.491</ele>
        <time>2016-01-09T11:57:46Z</time>
      </trkpt>
      <trkpt lat="45.635007" lon="23.940926">
        <ele>1675.426</ele>
        <time>2016-01-09T11:57:53Z</time>
      </trkpt>
      <trkpt lat="45.635033" lon="23.941051">
        <ele>1674.628</ele>
        <time>2016-01-09T11:58:04Z</time>
      </trkpt>
      <trkpt lat="45.635102" lon="23.941119">
        <ele>1674.744</ele>
        <time>2016-01-09T11:58:11Z</time>
      </trkpt>
      <trkpt lat="45.635121" lon="23.941242">
        <ele>1674.458</ele>
        <time>2016-01-09T11:58:19Z</time>
      </trkpt>
      <trkpt lat="45.635196" lon="23.941288">
        <ele>1674.852</ele>
        <time>2016-01-09T11:58:22Z</time>
      </trkpt>
      <trkpt lat="45.635251" lon="23.941398">
        <ele>1674.817</ele>
        <time>2016-01-09T11:58:30Z</time>
      </trkpt>
      <trkpt lat="45.635320" lon="23.941482">
        <ele>1674.608</ele>
        <time>2016-01-09T11:58:38Z</time>
      </trkpt>
      <trkpt lat="45.635361" lon="23.941591">
        <ele>1674.136</ele>
        <time>2016-01-09T11:58:57Z</time>
      </trkpt>
      <trkpt lat="45.635404" lon="23.941690">
        <ele>1673.422</ele>
        <time>2016-01-09T11:59:06Z</time>
      </trkpt>
      <trkpt lat="45.635478" lon="23.941780">
        <ele>1672.556</ele>
        <time>2016-01-09T11:59:13Z</time>
      </trkpt>
      <trkpt lat="45.635534" lon="23.941869">
        <ele>1671.624</ele>
        <time>2016-01-09T11:59:21Z</time>
      </trkpt>
      <trkpt lat="45.635623" lon="23.941912">
        <ele>1671.087</ele>
        <time>2016-01-09T11:59:26Z</time>
      </trkpt>
      <trkpt lat="45.635712" lon="23.941958">
        <ele>1670.352</ele>
        <time>2016-01-09T11:59:32Z</time>
      </trkpt>
      <trkpt lat="45.635802" lon="23.942004">
        <ele>1669.954</ele>
        <time>2016-01-09T11:59:42Z</time>
      </trkpt>
      <trkpt lat="45.635872" lon="23.942071">
        <ele>1669.590</ele>
        <time>2016-01-09T11:59:49Z</time>
      </trkpt>
      <trkpt lat="45.635959" lon="23.942087">
        <ele>1669.347</ele>
        <time>2016-01-09T11:59:57Z</time>
      </trkpt>
      <trkpt lat="45.636050" lon="23.942148">
        <ele>1668.729</ele>
        <time>2016-01-09T12:00:05Z</time>
      </trkpt>
      <trkpt lat="45.636127" lon="23.942214">
        <ele>1667.921</ele>
        <time>2016-01-09T12:00:14Z</time>
      </trkpt>
      <trkpt lat="45.636213" lon="23.942218">
        <ele>1667.308</ele>
        <time>2016-01-09T12:00:19Z</time>
      </trkpt>
      <trkpt lat="45.636319" lon="23.942227">
        <ele>1666.595</ele>
        <time>2016-01-09T12:00:27Z</time>
      </trkpt>
      <trkpt lat="45.636411" lon="23.942208">
        <ele>1665.921</ele>
        <time>2016-01-09T12:00:40Z</time>
      </trkpt>
      <trkpt lat="45.636497" lon="23.942172">
        <ele>1665.485</ele>
        <time>2016-01-09T12:00:47Z</time>
      </trkpt>
      <trkpt lat="45.636577" lon="23.942146">
        <ele>1664.973</ele>
        <time>2016-01-09T12:00:53Z</time>
      </trkpt>
      <trkpt lat="45.636675" lon="23.942136">
        <ele>1664.276</ele>
        <time>2016-01-09T12:00:57Z</time>
      </trkpt>
      <trkpt lat="45.636759" lon="23.942138">
        <ele>1662.751</ele>
        <time>2016-01-09T12:01:02Z</time>
      </trkpt>
      <trkpt lat="45.636847" lon="23.942131">
        <ele>1661.373</ele>
        <time>2016-01-09T12:01:13Z</time>
      </trkpt>
      <trkpt lat="45.636932" lon="23.942150">
        <ele>1659.759</ele>
        <time>2016-01-09T12:01:19Z</time>
      </trkpt>
      <trkpt lat="45.637016" lon="23.942212">
        <ele>1658.337</ele>
        <time>2016-01-09T12:01:31Z</time>
      </trkpt>
      <trkpt lat="45.637114" lon="23.942207">
        <ele>1657.249</ele>
        <time>2016-01-09T12:01:37Z</time>
      </trkpt>
      <trkpt lat="45.637223" lon="23.942211">
        <ele>1656.013</ele>
        <time>2016-01-09T12:01:42Z</time>
      </trkpt>
      <trkpt lat="45.637291" lon="23.942273">
        <ele>1654.608</ele>
        <time>2016-01-09T12:01:49Z</time>
      </trkpt>
      <trkpt lat="45.637370" lon="23.942332">
        <ele>1653.224</ele>
        <time>2016-01-09T12:01:55Z</time>
      </trkpt>
      <trkpt lat="45.637433" lon="23.942410">
        <ele>1652.050</ele>
        <time>2016-01-09T12:02:06Z</time>
      </trkpt>
      <trkpt lat="45.637513" lon="23.942460">
        <ele>1650.814</ele>
        <time>2016-01-09T12:02:12Z</time>
      </trkpt>
      <trkpt lat="45.637604" lon="23.942534">
        <ele>1649.152</ele>
        <time>2016-01-09T12:02:18Z</time>
      </trkpt>
      <trkpt lat="45.637665" lon="23.942644">
        <ele>1647.785</ele>
        <time>2016-01-09T12:02:27Z</time>
      </trkpt>
      <trkpt lat="45.637711" lon="23.942751">
        <ele>1646.570</ele>
        <time>2016-01-09T12:02:35Z</time>
      </trkpt>
      <trkpt lat="45.637789" lon="23.942832">
        <ele>1644.212</ele>
        <time>2016-01-09T12:02:44Z</time>
      </trkpt>
      <trkpt lat="45.637868" lon="23.942891">
        <ele>1641.868</ele>
        <time>2016-01-09T12:02:53Z</time>
      </trkpt>
      <trkpt lat="45.637951" lon="23.942927">
        <ele>1639.662</ele>
        <time>2016-01-09T12:02:59Z</time>
      </trkpt>
      <trkpt lat="45.638000" lon="23.943027">
        <ele>1637.583</ele>
        <time>2016-01-09T12:03:07Z</time>
      </trkpt>
      <trkpt lat="45.638075" lon="23.943101">
        <ele>1635.211</ele>
        <time>2016-01-09T12:03:15Z</time>
      </trkpt>
      <trkpt lat="45.638117" lon="23.943202">
        <ele>1633.508</ele>
        <time>2016-01-09T12:03:26Z</time>
      </trkpt>
      <trkpt lat="45.638163" lon="23.943300">
        <ele>1631.887</ele>
        <time>2016-01-09T12:05:59Z</time>
      </trkpt>
      <trkpt lat="45.638234" lon="23.943361">
        <ele>1630.363</ele>
        <time>2016-01-09T12:06:06Z</time>
      </trkpt>
      <trkpt lat="45.638321" lon="23.943392">
        <ele>1629.027</ele>
        <time>2016-01-09T12:06:13Z</time>
      </trkpt>
      <trkpt lat="45.638402" lon="23.943387">
        <ele>1628.935</ele>
        <time>2016-01-09T12:06:21Z</time>
      </trkpt>
      <trkpt lat="45.638480" lon="23.943352">
        <ele>1629.028</ele>
        <time>2016-01-09T12:06:31Z</time>
      </trkpt>
      <trkpt lat="45.638566" lon="23.943381">
        <ele>1629.063</ele>
        <time>2016-01-09T12:06:41Z</time>
      </trkpt>
      <trkpt lat="45.638643" lon="23.943424">
        <ele>1629.655</ele>
        <time>2016-01-09T12:06:49Z</time>
      </trkpt>
      <trkpt lat="45.638728" lon="23.943448">
        <ele>1631.181</ele>
        <time>2016-01-09T12:06:58Z</time>
      </trkpt>
      <trkpt lat="45.638811" lon="23.943467">
        <ele>1632.615</ele>
        <time>2016-01-09T12:07:10Z</time>
      </trkpt>
      <trkpt lat="45.638894" lon="23.943501">
        <ele>1634.165</ele>
        <time>2016-01-09T12:07:25Z</time>
      </trkpt>
      <trkpt lat="45.638972" lon="23.943531">
        <ele>1635.411</ele>
        <time>2016-01-09T12:07:34Z</time>
      </trkpt>
      <trkpt lat="45.639059" lon="23.943555">
        <ele>1636.908</ele>
        <time>2016-01-09T12:07:45Z</time>
      </trkpt>
      <trkpt lat="45.639144" lon="23.943550">
        <ele>1638.422</ele>
        <time>2016-01-09T12:07:57Z</time>
      </trkpt>
      <trkpt lat="45.639225" lon="23.943584">
        <ele>1640.078</ele>
        <time>2016-01-09T12:08:11Z</time>
      </trkpt>
      <trkpt lat="45.639293" lon="23.943653">
        <ele>1641.392</ele>
        <time>2016-01-09T12:08:29Z</time>
      </trkpt>
      <trkpt lat="45.639339" lon="23.943757">
        <ele>1642.430</ele>
        <time>2016-01-09T12:08:49Z</time>
      </trkpt>
      <trkpt lat="45.639380" lon="23.943860">
        <ele>1643.573</ele>
        <time>2016-01-09T12:09:09Z</time>
      </trkpt>
      <trkpt lat="45.639454" lon="23.943929">
        <ele>1645.358</ele>
        <time>2016-01-09T12:09:28Z</time>
      </trkpt>
      <trkpt lat="45.639531" lon="23.943990">
        <ele>1646.810</ele>
        <time>2016-01-09T12:09:53Z</time>
      </trkpt>
      <trkpt lat="45.639577" lon="23.944087">
        <ele>1648.386</ele>
        <time>2016-01-09T12:10:05Z</time>
      </trkpt>
      <trkpt lat="45.639638" lon="23.944179">
        <ele>1650.322</ele>
        <time>2016-01-09T12:10:19Z</time>
      </trkpt>
      <trkpt lat="45.639718" lon="23.944226">
        <ele>1652.362</ele>
        <time>2016-01-09T12:10:27Z</time>
      </trkpt>
      <trkpt lat="45.639810" lon="23.944262">
        <ele>1654.508</ele>
        <time>2016-01-09T12:10:35Z</time>
      </trkpt>
      <trkpt lat="45.639883" lon="23.944323">
        <ele>1656.308</ele>
        <time>2016-01-09T12:10:55Z</time>
      </trkpt>
      <trkpt lat="45.639943" lon="23.944401">
        <ele>1657.823</ele>
        <time>2016-01-09T12:11:09Z</time>
      </trkpt>
      <trkpt lat="45.640023" lon="23.944431">
        <ele>1659.469</ele>
        <time>2016-01-09T12:11:27Z</time>
      </trkpt>
      <trkpt lat="45.640116" lon="23.944489">
        <ele>1661.623</ele>
        <time>2016-01-09T12:11:50Z</time>
      </trkpt>
      <trkpt lat="45.640192" lon="23.944540">
        <ele>1663.481</ele>
        <time>2016-01-09T12:12:04Z</time>
      </trkpt>
      <trkpt lat="45.640269" lon="23.944602">
        <ele>1665.464</ele>
        <time>2016-01-09T12:12:28Z</time>
      </trkpt>
      <trkpt lat="45.640352" lon="23.944612">
        <ele>1667.599</ele>
        <time>2016-01-09T12:12:35Z</time>
      </trkpt>
      <trkpt lat="45.640415" lon="23.944699">
        <ele>1669.481</ele>
        <time>2016-01-09T12:13:16Z</time>
      </trkpt>
      <trkpt lat="45.640474" lon="23.944782">
        <ele>1671.477</ele>
        <time>2016-01-09T12:13:44Z</time>
      </trkpt>
      <trkpt lat="45.640552" lon="23.944821">
        <ele>1673.664</ele>
        <time>2016-01-09T12:14:01Z</time>
      </trkpt>
      <trkpt lat="45.640628" lon="23.944873">
        <ele>1675.906</ele>
        <time>2016-01-09T12:14:20Z</time>
      </trkpt>
      <trkpt lat="45.640698" lon="23.944940">
        <ele>1678.216</ele>
        <time>2016-01-09T12:15:06Z</time>
      </trkpt>
      <trkpt lat="45.640766" lon="23.945007">
        <ele>1680.408</ele>
        <time>2016-01-09T12:15:20Z</time>
      </trkpt>
      <trkpt lat="45.640847" lon="23.945052">
        <ele>1682.997</ele>
        <time>2016-01-09T12:15:31Z</time>
      </trkpt>
      <trkpt lat="45.640929" lon="23.945097">
        <ele>1685.563</ele>
        <time>2016-01-09T12:15:44Z</time>
      </trkpt>
      <trkpt lat="45.641012" lon="23.945089">
        <ele>1687.567</ele>
        <time>2016-01-09T12:16:05Z</time>
      </trkpt>
      <trkpt lat="45.641089" lon="23.945159">
        <ele>1690.265</ele>
        <time>2016-01-09T12:16:40Z</time>
      </trkpt>
      <trkpt lat="45.641157" lon="23.945226">
        <ele>1692.338</ele>
        <time>2016-01-09T12:16:53Z</time>
      </trkpt>
      <trkpt lat="45.641236" lon="23.945267">
        <ele>1694.153</ele>
        <time>2016-01-09T12:17:08Z</time>
      </trkpt>
      <trkpt lat="45.641294" lon="23.945348">
        <ele>1695.565</ele>
        <time>2016-01-09T12:17:26Z</time>
      </trkpt>
      <trkpt lat="45.641374" lon="23.945369">
        <ele>1697.151</ele>
        <time>2016-01-09T12:17:57Z</time>
      </trkpt>
      <trkpt lat="45.641430" lon="23.945451">
        <ele>1698.587</ele>
        <time>2016-01-09T12:20:29Z</time>
      </trkpt>
      <trkpt lat="45.641516" lon="23.945460">
        <ele>1700.442</ele>
        <time>2016-01-09T12:20:38Z</time>
      </trkpt>
      <trkpt lat="45.641595" lon="23.945488">
        <ele>1702.226</ele>
        <time>2016-01-09T12:20:55Z</time>
      </trkpt>
      <trkpt lat="45.641656" lon="23.945566">
        <ele>1703.808</ele>
        <time>2016-01-09T12:21:23Z</time>
      </trkpt>
      <trkpt lat="45.641729" lon="23.945622">
        <ele>1705.369</ele>
        <time>2016-01-09T12:21:41Z</time>
      </trkpt>
      <trkpt lat="45.641807" lon="23.945665">
        <ele>1706.655</ele>
        <time>2016-01-09T12:22:10Z</time>
      </trkpt>
      <trkpt lat="45.641886" lon="23.945692">
        <ele>1707.859</ele>
        <time>2016-01-09T12:22:27Z</time>
      </trkpt>
      <trkpt lat="45.641969" lon="23.945713">
        <ele>1708.617</ele>
        <time>2016-01-09T12:22:46Z</time>
      </trkpt>
      <trkpt lat="45.642051" lon="23.945698">
        <ele>1708.510</ele>
        <time>2016-01-09T12:23:23Z</time>
      </trkpt>
      <trkpt lat="45.642133" lon="23.945704">
        <ele>1708.555</ele>
        <time>2016-01-09T12:23:43Z</time>
      </trkpt>
      <trkpt lat="45.642192" lon="23.945785">
        <ele>1708.817</ele>
        <time>2016-01-09T12:23:55Z</time>
      </trkpt>
      <trkpt lat="45.642240" lon="23.945885">
        <ele>1708.793</ele>
        <time>2016-01-09T12:24:07Z</time>
      </trkpt>
      <trkpt lat="45.642202" lon="23.945769">
        <ele>1708.847</ele>
        <time>2016-01-09T12:28:47Z</time>
      </trkpt>
      <trkpt lat="45.642146" lon="23.945678">
        <ele>1708.429</ele>
        <time>2016-01-09T12:28:56Z</time>
      </trkpt>
      <trkpt lat="45.642141" lon="23.945550">
        <ele>1708.021</ele>
        <time>2016-01-09T12:29:10Z</time>
      </trkpt>
      <trkpt lat="45.642139" lon="23.945433">
        <ele>1707.708</ele>
        <time>2016-01-09T12:29:17Z</time>
      </trkpt>
      <trkpt lat="45.642134" lon="23.945305">
        <ele>1707.495</ele>
        <time>2016-01-09T12:29:26Z</time>
      </trkpt>
      <trkpt lat="45.642121" lon="23.945191">
        <ele>1706.961</ele>
        <time>2016-01-09T12:29:33Z</time>
      </trkpt>
      <trkpt lat="45.642107" lon="23.945073">
        <ele>1706.355</ele>
        <time>2016-01-09T12:29:40Z</time>
      </trkpt>
      <trkpt lat="45.642084" lon="23.944952">
        <ele>1705.763</ele>
        <time>2016-01-09T12:29:48Z</time>
      </trkpt>
      <trkpt lat="45.642087" lon="23.944817">
        <ele>1705.046</ele>
        <time>2016-01-09T12:29:56Z</time>
      </trkpt>
      <trkpt lat="45.642083" lon="23.944701">
        <ele>1704.441</ele>
        <time>2016-01-09T12:30:05Z</time>
      </trkpt>
      <trkpt lat="45.642091" lon="23.944572">
        <ele>1703.793</ele>
        <time>2016-01-09T12:30:12Z</time>
      </trkpt>
      <trkpt lat="45.642102" lon="23.944455">
        <ele>1703.179</ele>
        <time>2016-01-09T12:30:19Z</time>
      </trkpt>
      <trkpt lat="45.642110" lon="23.944322">
        <ele>1702.445</ele>
        <time>2016-01-09T12:30:28Z</time>
      </trkpt>
      <trkpt lat="45.642105" lon="23.944204">
        <ele>1701.847</ele>
        <time>2016-01-09T12:30:35Z</time>
      </trkpt>
      <trkpt lat="45.642087" lon="23.944087">
        <ele>1700.911</ele>
        <time>2016-01-09T12:30:48Z</time>
      </trkpt>
      <trkpt lat="45.642059" lon="23.943977">
        <ele>1700.208</ele>
        <time>2016-01-09T12:31:02Z</time>
      </trkpt>
      <trkpt lat="45.642019" lon="23.943874">
        <ele>1699.885</ele>
        <time>2016-01-09T12:31:12Z</time>
      </trkpt>
      <trkpt lat="45.641991" lon="23.943762">
        <ele>1700.231</ele>
        <time>2016-01-09T12:31:22Z</time>
      </trkpt>
      <trkpt lat="45.642002" lon="23.943642">
        <ele>1700.595</ele>
        <time>2016-01-09T12:31:32Z</time>
      </trkpt>
      <trkpt lat="45.642035" lon="23.943528">
        <ele>1699.823</ele>
        <time>2016-01-09T12:31:46Z</time>
      </trkpt>
      <trkpt lat="45.642057" lon="23.943412">
        <ele>1698.876</ele>
        <time>2016-01-09T12:31:55Z</time>
      </trkpt>
      <trkpt lat="45.642088" lon="23.943303">
        <ele>1697.671</ele>
        <time>2016-01-09T12:32:04Z</time>
      </trkpt>
      <trkpt lat="45.642148" lon="23.943220">
        <ele>1696.793</ele>
        <time>2016-01-09T12:32:29Z</time>
      </trkpt>
      <trkpt lat="45.642209" lon="23.943130">
        <ele>1696.219</ele>
        <time>2016-01-09T12:33:06Z</time>
      </trkpt>
      <trkpt lat="45.642280" lon="23.943071">
        <ele>1695.881</ele>
        <time>2016-01-09T12:33:40Z</time>
      </trkpt>
      <trkpt lat="45.642366" lon="23.943067">
        <ele>1695.561</ele>
        <time>2016-01-09T12:33:48Z</time>
      </trkpt>
      <trkpt lat="45.642446" lon="23.943027">
        <ele>1695.117</ele>
        <time>2016-01-09T12:34:13Z</time>
      </trkpt>
      <trkpt lat="45.642532" lon="23.943029">
        <ele>1694.408</ele>
        <time>2016-01-09T12:34:22Z</time>
      </trkpt>
      <trkpt lat="45.642595" lon="23.942944">
        <ele>1693.249</ele>
        <time>2016-01-09T12:34:31Z</time>
      </trkpt>
      <trkpt lat="45.642601" lon="23.942821">
        <ele>1692.725</ele>
        <time>2016-01-09T12:34:42Z</time>
      </trkpt>
      <trkpt lat="45.642609" lon="23.942702">
        <ele>1692.079</ele>
        <time>2016-01-09T12:34:51Z</time>
      </trkpt>
      <trkpt lat="45.642622" lon="23.942576">
        <ele>1691.187</ele>
        <time>2016-01-09T12:34:59Z</time>
      </trkpt>
      <trkpt lat="45.642654" lon="23.942455">
        <ele>1690.370</ele>
        <time>2016-01-09T12:35:06Z</time>
      </trkpt>
      <trkpt lat="45.642701" lon="23.942353">
        <ele>1689.725</ele>
        <time>2016-01-09T12:35:14Z</time>
      </trkpt>
      <trkpt lat="45.642755" lon="23.942251">
        <ele>1689.287</ele>
        <time>2016-01-09T12:35:21Z</time>
      </trkpt>
      <trkpt lat="45.642810" lon="23.942165">
        <ele>1688.433</ele>
        <time>2016-01-09T12:35:28Z</time>
      </trkpt>
      <trkpt lat="45.642862" lon="23.942070">
        <ele>1687.461</ele>
        <time>2016-01-09T12:35:36Z</time>
      </trkpt>
      <trkpt lat="45.642920" lon="23.941981">
        <ele>1686.521</ele>
        <time>2016-01-09T12:35:43Z</time>
      </trkpt>
      <trkpt lat="45.642967" lon="23.941877">
        <ele>1685.713</ele>
        <time>2016-01-09T12:35:51Z</time>
      </trkpt>
      <trkpt lat="45.643011" lon="23.941773">
        <ele>1684.908</ele>
        <time>2016-01-09T12:35:58Z</time>
      </trkpt>
      <trkpt lat="45.643047" lon="23.941648">
        <ele>1684.117</ele>
        <time>2016-01-09T12:36:06Z</time>
      </trkpt>
      <trkpt lat="45.643074" lon="23.941534">
        <ele>1683.923</ele>
        <time>2016-01-09T12:36:13Z</time>
      </trkpt>
      <trkpt lat="45.643079" lon="23.941416">
        <ele>1683.867</ele>
        <time>2016-01-09T12:36:21Z</time>
      </trkpt>
      <trkpt lat="45.643041" lon="23.941312">
        <ele>1683.535</ele>
        <time>2016-01-09T12:36:39Z</time>
      </trkpt>
      <trkpt lat="45.643020" lon="23.941186">
        <ele>1682.748</ele>
        <time>2016-01-09T12:36:47Z</time>
      </trkpt>
      <trkpt lat="45.642993" lon="23.941072">
        <ele>1682.383</ele>
        <time>2016-01-09T12:36:54Z</time>
      </trkpt>
      <trkpt lat="45.642983" lon="23.940943">
        <ele>1682.435</ele>
        <time>2016-01-09T12:37:03Z</time>
      </trkpt>
      <trkpt lat="45.643005" lon="23.940819">
        <ele>1682.711</ele>
        <time>2016-01-09T12:37:13Z</time>
      </trkpt>
      <trkpt lat="45.643017" lon="23.940702">
        <ele>1683.151</ele>
        <time>2016-01-09T12:37:21Z</time>
      </trkpt>
      <trkpt lat="45.643007" lon="23.940579">
        <ele>1683.401</ele>
        <time>2016-01-09T12:37:28Z</time>
      </trkpt>
      <trkpt lat="45.642994" lon="23.940450">
        <ele>1683.211</ele>
        <time>2016-01-09T12:37:35Z</time>
      </trkpt>
      <trkpt lat="45.642979" lon="23.940324">
        <ele>1682.708</ele>
        <time>2016-01-09T12:37:42Z</time>
      </trkpt>
      <trkpt lat="45.642975" lon="23.940207">
        <ele>1682.166</ele>
        <time>2016-01-09T12:37:49Z</time>
      </trkpt>
      <trkpt lat="45.642977" lon="23.940083">
        <ele>1681.372</ele>
        <time>2016-01-09T12:37:56Z</time>
      </trkpt>
      <trkpt lat="45.642974" lon="23.939952">
        <ele>1680.596</ele>
        <time>2016-01-09T12:38:04Z</time>
      </trkpt>
      <trkpt lat="45.642981" lon="23.939822">
        <ele>1680.274</ele>
        <time>2016-01-09T12:38:11Z</time>
      </trkpt>
      <trkpt lat="45.642995" lon="23.939702">
        <ele>1680.127</ele>
        <time>2016-01-09T12:38:18Z</time>
      </trkpt>
      <trkpt lat="45.643003" lon="23.939581">
        <ele>1679.622</ele>
        <time>2016-01-09T12:38:26Z</time>
      </trkpt>
      <trkpt lat="45.643007" lon="23.939456">
        <ele>1678.984</ele>
        <time>2016-01-09T12:38:35Z</time>
      </trkpt>
      <trkpt lat="45.643011" lon="23.939327">
        <ele>1677.650</ele>
        <time>2016-01-09T12:38:44Z</time>
      </trkpt>
      <trkpt lat="45.643023" lon="23.939212">
        <ele>1676.725</ele>
        <time>2016-01-09T12:38:51Z</time>
      </trkpt>
      <trkpt lat="45.643041" lon="23.939084">
        <ele>1676.026</ele>
        <time>2016-01-09T12:39:00Z</time>
      </trkpt>
      <trkpt lat="45.643052" lon="23.938958">
        <ele>1675.408</ele>
        <time>2016-01-09T12:39:08Z</time>
      </trkpt>
      <trkpt lat="45.643065" lon="23.938827">
        <ele>1674.808</ele>
        <time>2016-01-09T12:39:15Z</time>
      </trkpt>
      <trkpt lat="45.643080" lon="23.938712">
        <ele>1674.373</ele>
        <time>2016-01-09T12:39:22Z</time>
      </trkpt>
      <trkpt lat="45.643093" lon="23.938591">
        <ele>1673.899</ele>
        <time>2016-01-09T12:39:29Z</time>
      </trkpt>
      <trkpt lat="45.643111" lon="23.938474">
        <ele>1673.373</ele>
        <time>2016-01-09T12:39:36Z</time>
      </trkpt>
      <trkpt lat="45.643126" lon="23.938347">
        <ele>1672.691</ele>
        <time>2016-01-09T12:39:44Z</time>
      </trkpt>
      <trkpt lat="45.643157" lon="23.938230">
        <ele>1671.984</ele>
        <time>2016-01-09T12:39:52Z</time>
      </trkpt>
      <trkpt lat="45.643183" lon="23.938113">
        <ele>1671.049</ele>
        <time>2016-01-09T12:40:00Z</time>
      </trkpt>
      <trkpt lat="45.643212" lon="23.937998">
        <ele>1670.141</ele>
        <time>2016-01-09T12:40:08Z</time>
      </trkpt>
      <trkpt lat="45.643255" lon="23.937898">
        <ele>1669.237</ele>
        <time>2016-01-09T12:40:15Z</time>
      </trkpt>
      <trkpt lat="45.643306" lon="23.937787">
        <ele>1668.013</ele>
        <time>2016-01-09T12:40:24Z</time>
      </trkpt>
      <trkpt lat="45.643361" lon="23.937690">
        <ele>1667.643</ele>
        <time>2016-01-09T12:40:32Z</time>
      </trkpt>
      <trkpt lat="45.643425" lon="23.937604">
        <ele>1667.907</ele>
        <time>2016-01-09T12:40:40Z</time>
      </trkpt>
      <trkpt lat="45.643480" lon="23.937503">
        <ele>1667.708</ele>
        <time>2016-01-09T12:40:49Z</time>
      </trkpt>
      <trkpt lat="45.643529" lon="23.937406">
        <ele>1667.762</ele>
        <time>2016-01-09T12:40:57Z</time>
      </trkpt>
      <trkpt lat="45.643556" lon="23.937294">
        <ele>1667.488</ele>
        <time>2016-01-09T12:41:05Z</time>
      </trkpt>
      <trkpt lat="45.643534" lon="23.937173">
        <ele>1665.882</ele>
        <time>2016-01-09T12:41:13Z</time>
      </trkpt>
      <trkpt lat="45.643510" lon="23.937061">
        <ele>1664.140</ele>
        <time>2016-01-09T12:41:21Z</time>
      </trkpt>
      <trkpt lat="45.643569" lon="23.936982">
        <ele>1664.543</ele>
        <time>2016-01-09T12:41:29Z</time>
      </trkpt>
      <trkpt lat="45.643622" lon="23.936894">
        <ele>1664.578</ele>
        <time>2016-01-09T12:42:12Z</time>
      </trkpt>
      <trkpt lat="45.643576" lon="23.936799">
        <ele>1662.250</ele>
        <time>2016-01-09T12:42:35Z</time>
      </trkpt>
      <trkpt lat="45.643589" lon="23.936680">
        <ele>1660.856</ele>
        <time>2016-01-09T12:42:58Z</time>
      </trkpt>
      <trkpt lat="45.643590" lon="23.936564">
        <ele>1659.585</ele>
        <time>2016-01-09T12:43:17Z</time>
      </trkpt>
      <trkpt lat="45.643584" lon="23.936441">
        <ele>1657.989</ele>
        <time>2016-01-09T12:43:26Z</time>
      </trkpt>
      <trkpt lat="45.643576" lon="23.936323">
        <ele>1656.217</ele>
        <time>2016-01-09T12:43:30Z</time>
      </trkpt>
      <trkpt lat="45.643623" lon="23.936216">
        <ele>1655.708</ele>
        <time>2016-01-09T12:43:35Z</time>
      </trkpt>
      <trkpt lat="45.643621" lon="23.936100">
        <ele>1654.139</ele>
        <time>2016-01-09T12:43:41Z</time>
      </trkpt>
      <trkpt lat="45.643649" lon="23.935976">
        <ele>1653.025</ele>
        <time>2016-01-09T12:43:48Z</time>
      </trkpt>
      <trkpt lat="45.643668" lon="23.935847">
        <ele>1651.859</ele>
        <time>2016-01-09T12:43:55Z</time>
      </trkpt>
      <trkpt lat="45.643724" lon="23.935751">
        <ele>1651.997</ele>
        <time>2016-01-09T12:44:03Z</time>
      </trkpt>
      <trkpt lat="45.643785" lon="23.935652">
        <ele>1652.080</ele>
        <time>2016-01-09T12:44:12Z</time>
      </trkpt>
      <trkpt lat="45.643827" lon="23.935524">
        <ele>1650.855</ele>
        <time>2016-01-09T12:44:20Z</time>
      </trkpt>
      <trkpt lat="45.643873" lon="23.935402">
        <ele>1649.357</ele>
        <time>2016-01-09T12:44:28Z</time>
      </trkpt>
      <trkpt lat="45.643915" lon="23.935292">
        <ele>1648.183</ele>
        <time>2016-01-09T12:44:37Z</time>
      </trkpt>
      <trkpt lat="45.643961" lon="23.935182">
        <ele>1646.771</ele>
        <time>2016-01-09T12:44:45Z</time>
      </trkpt>
      <trkpt lat="45.644003" lon="23.935075">
        <ele>1645.241</ele>
        <time>2016-01-09T12:44:53Z</time>
      </trkpt>
      <trkpt lat="45.644018" lon="23.934952">
        <ele>1642.815</ele>
        <time>2016-01-09T12:45:00Z</time>
      </trkpt>
      <trkpt lat="45.644072" lon="23.934856">
        <ele>1642.308</ele>
        <time>2016-01-09T12:45:10Z</time>
      </trkpt>
      <trkpt lat="45.644083" lon="23.934738">
        <ele>1640.228</ele>
        <time>2016-01-09T12:45:17Z</time>
      </trkpt>
      <trkpt lat="45.644089" lon="23.934610">
        <ele>1638.074</ele>
        <time>2016-01-09T12:45:28Z</time>
      </trkpt>
      <trkpt lat="45.644138" lon="23.934516">
        <ele>1637.688</ele>
        <time>2016-01-09T12:45:38Z</time>
      </trkpt>
      <trkpt lat="45.644153" lon="23.934384">
        <ele>1635.266</ele>
        <time>2016-01-09T12:45:48Z</time>
      </trkpt>
      <trkpt lat="45.644192" lon="23.934282">
        <ele>1633.299</ele>
        <time>2016-01-09T12:46:00Z</time>
      </trkpt>
      <trkpt lat="45.644244" lon="23.934178">
        <ele>1631.434</ele>
        <time>2016-01-09T12:46:09Z</time>
      </trkpt>
      <trkpt lat="45.644301" lon="23.934095">
        <ele>1630.046</ele>
        <time>2016-01-09T12:46:17Z</time>
      </trkpt>
      <trkpt lat="45.644351" lon="23.933990">
        <ele>1627.812</ele>
        <time>2016-01-09T12:46:24Z</time>
      </trkpt>
      <trkpt lat="45.644414" lon="23.933915">
        <ele>1626.485</ele>
        <time>2016-01-09T12:46:31Z</time>
      </trkpt>
      <trkpt lat="45.644464" lon="23.933823">
        <ele>1624.289</ele>
        <time>2016-01-09T12:46:38Z</time>
      </trkpt>
      <trkpt lat="45.644530" lon="23.933747">
        <ele>1622.217</ele>
        <time>2016-01-09T12:46:46Z</time>
      </trkpt>
      <trkpt lat="45.644610" lon="23.933707">
        <ele>1621.408</ele>
        <time>2016-01-09T12:46:52Z</time>
      </trkpt>
      <trkpt lat="45.644699" lon="23.933685">
        <ele>1621.099</ele>
        <time>2016-01-09T12:47:03Z</time>
      </trkpt>
      <trkpt lat="45.644787" lon="23.933715">
        <ele>1621.175</ele>
        <time>2016-01-09T12:47:11Z</time>
      </trkpt>
      <trkpt lat="45.644877" lon="23.933712">
        <ele>1619.729</ele>
        <time>2016-01-09T12:47:18Z</time>
      </trkpt>
      <trkpt lat="45.644957" lon="23.933735">
        <ele>1619.217</ele>
        <time>2016-01-09T12:47:26Z</time>
      </trkpt>
      <trkpt lat="45.645037" lon="23.933765">
        <ele>1618.440</ele>
        <time>2016-01-09T12:47:35Z</time>
      </trkpt>
      <trkpt lat="45.645128" lon="23.933786">
        <ele>1616.425</ele>
        <time>2016-01-09T12:47:44Z</time>
      </trkpt>
      <trkpt lat="45.645218" lon="23.933812">
        <ele>1614.547</ele>
        <time>2016-01-09T12:47:50Z</time>
      </trkpt>
      <trkpt lat="45.645305" lon="23.933830">
        <ele>1612.693</ele>
        <time>2016-01-09T12:48:13Z</time>
      </trkpt>
      <trkpt lat="45.645375" lon="23.933905">
        <ele>1612.697</ele>
        <time>2016-01-09T12:48:22Z</time>
      </trkpt>
      <trkpt lat="45.645473" lon="23.933901">
        <ele>1609.723</ele>
        <time>2016-01-09T12:48:30Z</time>
      </trkpt>
      <trkpt lat="45.645554" lon="23.933926">
        <ele>1608.025</ele>
        <time>2016-01-09T12:48:45Z</time>
      </trkpt>
      <trkpt lat="45.645634" lon="23.933957">
        <ele>1606.608</ele>
        <time>2016-01-09T12:48:52Z</time>
      </trkpt>
      <trkpt lat="45.645716" lon="23.933981">
        <ele>1604.920</ele>
        <time>2016-01-09T12:49:05Z</time>
      </trkpt>
      <trkpt lat="45.645805" lon="23.934012">
        <ele>1603.056</ele>
        <time>2016-01-09T12:49:13Z</time>
      </trkpt>
      <trkpt lat="45.645883" lon="23.934055">
        <ele>1602.580</ele>
        <time>2016-01-09T12:49:22Z</time>
      </trkpt>
      <trkpt lat="45.645969" lon="23.934039">
        <ele>1601.288</ele>
        <time>2016-01-09T12:49:28Z</time>
      </trkpt>
      <trkpt lat="45.646057" lon="23.934062">
        <ele>1600.761</ele>
        <time>2016-01-09T12:49:36Z</time>
      </trkpt>
      <trkpt lat="45.646139" lon="23.934070">
        <ele>1599.736</ele>
        <time>2016-01-09T12:49:53Z</time>
      </trkpt>
      <trkpt lat="45.646234" lon="23.934062">
        <ele>1597.628</ele>
        <time>2016-01-09T12:50:03Z</time>
      </trkpt>
      <trkpt lat="45.646318" lon="23.934032">
        <ele>1595.134</ele>
        <time>2016-01-09T12:50:11Z</time>
      </trkpt>
      <trkpt lat="45.646355" lon="23.933918">
        <ele>1591.632</ele>
        <time>2016-01-09T12:50:26Z</time>
      </trkpt>
      <trkpt lat="45.646430" lon="23.933826">
        <ele>1586.992</ele>
        <time>2016-01-09T12:50:43Z</time>
      </trkpt>
      <trkpt lat="45.646496" lon="23.933757">
        <ele>1583.211</ele>
        <time>2016-01-09T12:51:03Z</time>
      </trkpt>
      <trkpt lat="45.646560" lon="23.933667">
        <ele>1579.408</ele>
        <time>2016-01-09T12:51:14Z</time>
      </trkpt>
      <trkpt lat="45.646628" lon="23.933588">
        <ele>1576.344</ele>
        <time>2016-01-09T12:51:23Z</time>
      </trkpt>
      <trkpt lat="45.646698" lon="23.933524">
        <ele>1574.640</ele>
        <time>2016-01-09T12:51:31Z</time>
      </trkpt>
      <trkpt lat="45.646764" lon="23.933443">
        <ele>1573.174</ele>
        <time>2016-01-09T12:51:42Z</time>
      </trkpt>
      <trkpt lat="45.646836" lon="23.933371">
        <ele>1571.932</ele>
        <time>2016-01-09T12:51:52Z</time>
      </trkpt>
      <trkpt lat="45.646913" lon="23.933304">
        <ele>1570.445</ele>
        <time>2016-01-09T12:52:04Z</time>
      </trkpt>
      <trkpt lat="45.646974" lon="23.933204">
        <ele>1567.690</ele>
        <time>2016-01-09T12:52:16Z</time>
      </trkpt>
      <trkpt lat="45.647056" lon="23.933189">
        <ele>1567.042</ele>
        <time>2016-01-09T12:52:41Z</time>
      </trkpt>
      <trkpt lat="45.647118" lon="23.933109">
        <ele>1564.738</ele>
        <time>2016-01-09T12:54:13Z</time>
      </trkpt>
      <trkpt lat="45.647189" lon="23.933051">
        <ele>1563.079</ele>
        <time>2016-01-09T12:54:45Z</time>
      </trkpt>
      <trkpt lat="45.647271" lon="23.933008">
        <ele>1562.005</ele>
        <time>2016-01-09T12:55:02Z</time>
      </trkpt>
      <trkpt lat="45.647345" lon="23.932940">
        <ele>1560.725</ele>
        <time>2016-01-09T12:55:15Z</time>
      </trkpt>
      <trkpt lat="45.647413" lon="23.932875">
        <ele>1559.608</ele>
        <time>2016-01-09T12:55:23Z</time>
      </trkpt>
      <trkpt lat="45.647470" lon="23.932778">
        <ele>1557.858</ele>
        <time>2016-01-09T12:55:32Z</time>
      </trkpt>
      <trkpt lat="45.647541" lon="23.932700">
        <ele>1556.584</ele>
        <time>2016-01-09T12:55:43Z</time>
      </trkpt>
      <trkpt lat="45.647597" lon="23.932613">
        <ele>1555.188</ele>
        <time>2016-01-09T12:55:52Z</time>
      </trkpt>
      <trkpt lat="45.647662" lon="23.932534">
        <ele>1554.166</ele>
        <time>2016-01-09T12:56:01Z</time>
      </trkpt>
      <trkpt lat="45.647732" lon="23.932457">
        <ele>1552.899</ele>
        <time>2016-01-09T12:56:11Z</time>
      </trkpt>
      <trkpt lat="45.647799" lon="23.932392">
        <ele>1551.344</ele>
        <time>2016-01-09T12:56:24Z</time>
      </trkpt>
      <trkpt lat="45.647869" lon="23.932327">
        <ele>1549.786</ele>
        <time>2016-01-09T12:56:32Z</time>
      </trkpt>
      <trkpt lat="45.647925" lon="23.932241">
        <ele>1547.762</ele>
        <time>2016-01-09T12:56:39Z</time>
      </trkpt>
      <trkpt lat="45.647986" lon="23.932159">
        <ele>1545.351</ele>
        <time>2016-01-09T12:56:47Z</time>
      </trkpt>
      <trkpt lat="45.648060" lon="23.932105">
        <ele>1543.901</ele>
        <time>2016-01-09T12:56:52Z</time>
      </trkpt>
      <trkpt lat="45.648131" lon="23.932028">
        <ele>1540.411</ele>
        <time>2016-01-09T12:57:00Z</time>
      </trkpt>
      <trkpt lat="45.648209" lon="23.931987">
        <ele>1538.908</ele>
        <time>2016-01-09T12:57:08Z</time>
      </trkpt>
      <trkpt lat="45.648289" lon="23.931928">
        <ele>1537.316</ele>
        <time>2016-01-09T12:57:16Z</time>
      </trkpt>
      <trkpt lat="45.648370" lon="23.931908">
        <ele>1536.262</ele>
        <time>2016-01-09T12:57:23Z</time>
      </trkpt>
      <trkpt lat="45.648444" lon="23.931856">
        <ele>1533.526</ele>
        <time>2016-01-09T12:57:31Z</time>
      </trkpt>
      <trkpt lat="45.648503" lon="23.931767">
        <ele>1530.454</ele>
        <time>2016-01-09T12:57:41Z</time>
      </trkpt>
      <trkpt lat="45.648565" lon="23.931676">
        <ele>1527.637</ele>
        <time>2016-01-09T12:57:53Z</time>
      </trkpt>
      <trkpt lat="45.648641" lon="23.931614">
        <ele>1524.972</ele>
        <time>2016-01-09T12:58:02Z</time>
      </trkpt>
      <trkpt lat="45.648713" lon="23.931556">
        <ele>1521.744</ele>
        <time>2016-01-09T12:58:11Z</time>
      </trkpt>
      <trkpt lat="45.648783" lon="23.931493">
        <ele>1518.870</ele>
        <time>2016-01-09T12:58:18Z</time>
      </trkpt>
      <trkpt lat="45.648841" lon="23.931412">
        <ele>1516.296</ele>
        <time>2016-01-09T12:58:27Z</time>
      </trkpt>
      <trkpt lat="45.648873" lon="23.931300">
        <ele>1513.631</ele>
        <time>2016-01-09T12:58:40Z</time>
      </trkpt>
      <trkpt lat="45.648928" lon="23.931200">
        <ele>1510.724</ele>
        <time>2016-01-09T12:58:49Z</time>
      </trkpt>
      <trkpt lat="45.648987" lon="23.931117">
        <ele>1508.008</ele>
        <time>2016-01-09T12:58:58Z</time>
      </trkpt>
      <trkpt lat="45.649059" lon="23.931041">
        <ele>1505.320</ele>
        <time>2016-01-09T12:59:07Z</time>
      </trkpt>
      <trkpt lat="45.649125" lon="23.930968">
        <ele>1502.826</ele>
        <time>2016-01-09T12:59:20Z</time>
      </trkpt>
      <trkpt lat="45.649198" lon="23.930888">
        <ele>1500.050</ele>
        <time>2016-01-09T12:59:30Z</time>
      </trkpt>
      <trkpt lat="45.649265" lon="23.930815">
        <ele>1496.888</ele>
        <time>2016-01-09T12:59:42Z</time>
      </trkpt>
      <trkpt lat="45.649335" lon="23.930737">
        <ele>1493.161</ele>
        <time>2016-01-09T12:59:52Z</time>
      </trkpt>
      <trkpt lat="45.649403" lon="23.930660">
        <ele>1489.526</ele>
        <time>2016-01-09T13:00:04Z</time>
      </trkpt>
      <trkpt lat="45.649479" lon="23.930621">
        <ele>1487.038</ele>
        <time>2016-01-09T13:00:20Z</time>
      </trkpt>
      <trkpt lat="45.649555" lon="23.930578">
        <ele>1485.674</ele>
        <time>2016-01-09T13:01:07Z</time>
      </trkpt>
      <trkpt lat="45.649621" lon="23.930490">
        <ele>1484.628</ele>
        <time>2016-01-09T13:01:28Z</time>
      </trkpt>
      <trkpt lat="45.649688" lon="23.930411">
        <ele>1483.889</ele>
        <time>2016-01-09T13:02:13Z</time>
      </trkpt>
      <trkpt lat="45.649735" lon="23.930317">
        <ele>1482.917</ele>
        <time>2016-01-09T13:02:30Z</time>
      </trkpt>
      <trkpt lat="45.649817" lon="23.930285">
        <ele>1481.008</ele>
        <time>2016-01-09T13:02:49Z</time>
      </trkpt>
      <trkpt lat="45.649869" lon="23.930189">
        <ele>1479.853</ele>
        <time>2016-01-09T13:03:05Z</time>
      </trkpt>
      <trkpt lat="45.649961" lon="23.930179">
        <ele>1477.829</ele>
        <time>2016-01-09T13:03:19Z</time>
      </trkpt>
      <trkpt lat="45.650027" lon="23.930085">
        <ele>1475.963</ele>
        <time>2016-01-09T13:05:19Z</time>
      </trkpt>
      <trkpt lat="45.650089" lon="23.930008">
        <ele>1473.561</ele>
        <time>2016-01-09T13:05:35Z</time>
      </trkpt>
      <trkpt lat="45.650167" lon="23.929920">
        <ele>1471.224</ele>
        <time>2016-01-09T13:05:52Z</time>
      </trkpt>
      <trkpt lat="45.650233" lon="23.929843">
        <ele>1469.839</ele>
        <time>2016-01-09T13:05:57Z</time>
      </trkpt>
      <trkpt lat="45.650279" lon="23.929743">
        <ele>1469.771</ele>
        <time>2016-01-09T13:06:10Z</time>
      </trkpt>
      <trkpt lat="45.650357" lon="23.929691">
        <ele>1466.857</ele>
        <time>2016-01-09T13:06:14Z</time>
      </trkpt>
      <trkpt lat="45.650412" lon="23.929604">
        <ele>1464.559</ele>
        <time>2016-01-09T13:06:26Z</time>
      </trkpt>
      <trkpt lat="45.650490" lon="23.929566">
        <ele>1461.203</ele>
        <time>2016-01-09T13:06:41Z</time>
      </trkpt>
      <trkpt lat="45.650544" lon="23.929479">
        <ele>1458.623</ele>
        <time>2016-01-09T13:06:50Z</time>
      </trkpt>
      <trkpt lat="45.650621" lon="23.929441">
        <ele>1455.808</ele>
        <time>2016-01-09T13:07:02Z</time>
      </trkpt>
      <trkpt lat="45.650681" lon="23.929362">
        <ele>1452.766</ele>
        <time>2016-01-09T13:07:23Z</time>
      </trkpt>
      <trkpt lat="45.650750" lon="23.929281">
        <ele>1449.382</ele>
        <time>2016-01-09T13:07:37Z</time>
      </trkpt>
      <trkpt lat="45.650825" lon="23.929224">
        <ele>1446.146</ele>
        <time>2016-01-09T13:07:44Z</time>
      </trkpt>
      <trkpt lat="45.650896" lon="23.929163">
        <ele>1443.654</ele>
        <time>2016-01-09T13:08:04Z</time>
      </trkpt>
      <trkpt lat="45.650973" lon="23.929061">
        <ele>1440.137</ele>
        <time>2016-01-09T13:08:13Z</time>
      </trkpt>
      <trkpt lat="45.651020" lon="23.928951">
        <ele>1437.442</ele>
        <time>2016-01-09T13:08:27Z</time>
      </trkpt>
      <trkpt lat="45.651076" lon="23.928861">
        <ele>1435.094</ele>
        <time>2016-01-09T13:08:35Z</time>
      </trkpt>
      <trkpt lat="45.651125" lon="23.928768">
        <ele>1432.670</ele>
        <time>2016-01-09T13:08:44Z</time>
      </trkpt>
      <trkpt lat="45.651172" lon="23.928670">
        <ele>1430.344</ele>
        <time>2016-01-09T13:08:52Z</time>
      </trkpt>
      <trkpt lat="45.651218" lon="23.928565">
        <ele>1428.505</ele>
        <time>2016-01-09T13:09:01Z</time>
      </trkpt>
      <trkpt lat="45.651288" lon="23.928496">
        <ele>1427.315</ele>
        <time>2016-01-09T13:09:09Z</time>
      </trkpt>
      <trkpt lat="45.651333" lon="23.928399">
        <ele>1426.108</ele>
        <time>2016-01-09T13:09:17Z</time>
      </trkpt>
      <trkpt lat="45.651383" lon="23.928296">
        <ele>1425.155</ele>
        <time>2016-01-09T13:09:25Z</time>
      </trkpt>
      <trkpt lat="45.651418" lon="23.928186">
        <ele>1424.861</ele>
        <time>2016-01-09T13:09:34Z</time>
      </trkpt>
      <trkpt lat="45.651491" lon="23.928123">
        <ele>1424.165</ele>
        <time>2016-01-09T13:09:43Z</time>
      </trkpt>
      <trkpt lat="45.651558" lon="23.928058">
        <ele>1423.293</ele>
        <time>2016-01-09T13:10:00Z</time>
      </trkpt>
      <trkpt lat="45.651641" lon="23.928010">
        <ele>1421.826</ele>
        <time>2016-01-09T13:10:08Z</time>
      </trkpt>
      <trkpt lat="45.651662" lon="23.928129">
        <ele>1422.631</ele>
        <time>2016-01-09T13:10:26Z</time>
      </trkpt>
      <trkpt lat="45.651651" lon="23.928244">
        <ele>1423.463</ele>
        <time>2016-01-09T13:10:47Z</time>
      </trkpt>
      <trkpt lat="45.651596" lon="23.928343">
        <ele>1424.259</ele>
        <time>2016-01-09T13:10:56Z</time>
      </trkpt>
      <trkpt lat="45.651625" lon="23.928456">
        <ele>1423.585</ele>
        <time>2016-01-09T13:11:05Z</time>
      </trkpt>
      <trkpt lat="45.651646" lon="23.928575">
        <ele>1422.689</ele>
        <time>2016-01-09T13:11:14Z</time>
      </trkpt>
      <trkpt lat="45.651613" lon="23.928689">
        <ele>1422.617</ele>
        <time>2016-01-09T13:11:21Z</time>
      </trkpt>
      <trkpt lat="45.651588" lon="23.928806">
        <ele>1422.808</ele>
        <time>2016-01-09T13:11:28Z</time>
      </trkpt>
      <trkpt lat="45.651573" lon="23.928921">
        <ele>1423.289</ele>
        <time>2016-01-09T13:11:35Z</time>
      </trkpt>
    </trkseg>
  </trk></gpx>