<?xml version="1.0" encoding="UTF-8"?>
<gpx creator="Wikiloc - https://www.wikiloc.com" version="1.1" xmlns="http://www.topografix.com/GPX/1/1" xmlns:xsi="http://www.w3.org/2001/XMLSchema-instance" xsi:schemaLocation="http://www.topografix.com/GPX/1/1 http://www.topografix.com/GPX/1/1/gpx.xsd">
  <metadata>
    <name>Wikiloc - Vârful Hășmașul Mare 1792m - Cabana Piatra Singuratica - Vârful Piatra Ascuțită</name>
    <author>
      <name>Toni Grecu</name>
      <link href="https://www.wikiloc.com/wikiloc/user.do?id=2082631">
        <text>Toni Grecu on Wikiloc</text>
      </link>
    </author>
    <link href="https://www.wikiloc.com/hiking-trails/varful-hasmasul-mare-1792m-cabana-piatra-singuratica-varful-piatra-ascutita-17859677">
      <text>Vârful Hășmașul Mare 1792m - Cabana Piatra Singuratica - Vârful Piatra Ascuțită on Wikiloc</text>
    </link>
    <time>2017-05-21T13:01:14Z</time>
  </metadata>
  <wpt lat="46.693211" lon="25.820206">
    <ele>1563.2</ele>
    <time>2017-05-21T17:19:24.576Z</time>
    <name>Piatra Singuratica </name>
    <cmt>Piatra Singuratica </cmt>
    <desc>Piatra Singuratica </desc>
  </wpt>
  <trk>
    <name>Vârful Hășmașul Mare 1792m - Cabana Piatra Singuratica - Vârful Piatra Ascuțită - Wikiloc</name>
    <cmt>Munții Hășmaș fac parte din grupa muntoasă a Carpaților Moldo-Transilvani ce aparțin lanțului muntos al Carpaților Orientali. Altitudinea maximă a masivului este de 1.792 m, atinsă în Vârful Hășmașul Mare. Munții Hășmaș este un important nod hidrografic, de aici izvorăsc : 
 
 Râul Olt cu afluenții adunați în amonte (valea Fierului, Fagu Oltului, Șerpatacul, valea Sărăturii, râul Șandru) 
 Râul Mureș cu afluenții: Mezeș, Otveș, Boteni, Voșlăbeni, Cindeni sau Chirtaegher 
 Râul Bicaz cu afluenții: pârâul Oii (Hăghimașul), Bicăjel, Surduc, râul Vereșcheu, valea Suhardului, Cupaș, Lapoș, Șugău sau pârâul Micloșenilor 
 
Traseu : 
Bălan (Harghita) - Cabana Piatra Singuratica 
Cabana Piatra Singuratica - Vârful Hășmașul Mare 1792m 
Vârful Hășmașul Mare 1792m - Vârful Piatra Ascuțită 1707m 
Vârful Piatra Ascuțită 1707m - Cabana Piatra Singuratica - Bălan</cmt>
    <desc>Munții Hășmaș fac parte din grupa muntoasă a Carpaților Moldo-Transilvani ce aparțin lanțului muntos al Carpaților Orientali. Altitudinea maximă a masivului este de 1.792 m, atinsă în Vârful Hășmașul Mare. Munții Hășmaș este un important nod hidrografic, de aici izvorăsc : 
 
 Râul Olt cu afluenții adunați în amonte (valea Fierului, Fagu Oltului, Șerpatacul, valea Sărăturii, râul Șandru) 
 Râul Mureș cu afluenții: Mezeș, Otveș, Boteni, Voșlăbeni, Cindeni sau Chirtaegher 
 Râul Bicaz cu afluenții: pârâul Oii (Hăghimașul), Bicăjel, Surduc, râul Vereșcheu, valea Suhardului, Cupaș, Lapoș, Șugău sau pârâul Micloșenilor 
 
Traseu : 
Bălan (Harghita) - Cabana Piatra Singuratica 
Cabana Piatra Singuratica - Vârful Hășmașul Mare 1792m 
Vârful Hășmașul Mare 1792m - Vârful Piatra Ascuțită 1707m 
Vârful Piatra Ascuțită 1707m - Cabana Piatra Singuratica - Bălan</desc>
    <trkseg>
      <trkpt lat="46.662226" lon="25.813519">
        <ele>920.487</ele>
        <time>2017-05-21T07:14:17Z</time>
      </trkpt>
      <trkpt lat="46.662302" lon="25.813424">
        <ele>919.542</ele>
        <time>2017-05-21T07:15:15Z</time>
      </trkpt>
      <trkpt lat="46.662381" lon="25.813340">
        <ele>918.826</ele>
        <time>2017-05-21T07:15:24Z</time>
      </trkpt>
      <trkpt lat="46.662471" lon="25.813315">
        <ele>919.408</ele>
        <time>2017-05-21T07:15:54Z</time>
      </trkpt>
      <trkpt lat="46.662574" lon="25.813393">
        <ele>922.359</ele>
        <time>2017-05-21T07:16:09Z</time>
      </trkpt>
      <trkpt lat="46.662644" lon="25.813484">
        <ele>925.345</ele>
        <time>2017-05-21T07:16:18Z</time>
      </trkpt>
      <trkpt lat="46.662738" lon="25.813512">
        <ele>927.716</ele>
        <time>2017-05-21T07:16:25Z</time>
      </trkpt>
      <trkpt lat="46.662855" lon="25.813543">
        <ele>930.293</ele>
        <time>2017-05-21T07:16:29Z</time>
      </trkpt>
      <trkpt lat="46.662897" lon="25.813682">
        <ele>934.127</ele>
        <time>2017-05-21T07:16:54Z</time>
      </trkpt>
      <trkpt lat="46.662824" lon="25.813765">
        <ele>935.124</ele>
        <time>2017-05-21T07:17:08Z</time>
      </trkpt>
      <trkpt lat="46.662730" lon="25.813823">
        <ele>934.585</ele>
        <time>2017-05-21T07:17:39Z</time>
      </trkpt>
      <trkpt lat="46.662671" lon="25.813924">
        <ele>935.485</ele>
        <time>2017-05-21T07:17:53Z</time>
      </trkpt>
      <trkpt lat="46.662681" lon="25.814066">
        <ele>938.371</ele>
        <time>2017-05-21T07:18:40Z</time>
      </trkpt>
      <trkpt lat="46.662688" lon="25.814203">
        <ele>940.941</ele>
        <time>2017-05-21T07:19:18Z</time>
      </trkpt>
      <trkpt lat="46.662751" lon="25.814299">
        <ele>944.115</ele>
        <time>2017-05-21T07:19:39Z</time>
      </trkpt>
      <trkpt lat="46.662840" lon="25.814322">
        <ele>947.508</ele>
        <time>2017-05-21T07:20:03Z</time>
      </trkpt>
      <trkpt lat="46.662910" lon="25.814409">
        <ele>951.678</ele>
        <time>2017-05-21T07:20:34Z</time>
      </trkpt>
      <trkpt lat="46.663005" lon="25.814434">
        <ele>955.824</ele>
        <time>2017-05-21T07:21:01Z</time>
      </trkpt>
      <trkpt lat="46.663057" lon="25.814542">
        <ele>960.225</ele>
        <time>2017-05-21T07:21:24Z</time>
      </trkpt>
      <trkpt lat="46.663127" lon="25.814628">
        <ele>965.142</ele>
        <time>2017-05-21T07:21:43Z</time>
      </trkpt>
      <trkpt lat="46.663206" lon="25.814693">
        <ele>970.776</ele>
        <time>2017-05-21T07:21:55Z</time>
      </trkpt>
      <trkpt lat="46.663296" lon="25.814728">
        <ele>976.193</ele>
        <time>2017-05-21T07:22:12Z</time>
      </trkpt>
      <trkpt lat="46.663387" lon="25.814750">
        <ele>978.494</ele>
        <time>2017-05-21T07:22:31Z</time>
      </trkpt>
      <trkpt lat="46.663469" lon="25.814814">
        <ele>980.144</ele>
        <time>2017-05-21T07:22:43Z</time>
      </trkpt>
      <trkpt lat="46.663555" lon="25.814853">
        <ele>982.363</ele>
        <time>2017-05-21T07:23:04Z</time>
      </trkpt>
      <trkpt lat="46.663639" lon="25.814917">
        <ele>985.544</ele>
        <time>2017-05-21T07:23:30Z</time>
      </trkpt>
      <trkpt lat="46.663731" lon="25.814983">
        <ele>988.718</ele>
        <time>2017-05-21T07:23:46Z</time>
      </trkpt>
      <trkpt lat="46.663779" lon="25.815105">
        <ele>992.008</ele>
        <time>2017-05-21T07:23:55Z</time>
      </trkpt>
      <trkpt lat="46.663861" lon="25.815211">
        <ele>996.987</ele>
        <time>2017-05-21T07:24:01Z</time>
      </trkpt>
      <trkpt lat="46.663926" lon="25.815303">
        <ele>1001.033</ele>
        <time>2017-05-21T07:24:30Z</time>
      </trkpt>
      <trkpt lat="46.663989" lon="25.815407">
        <ele>1003.834</ele>
        <time>2017-05-21T07:24:42Z</time>
      </trkpt>
      <trkpt lat="46.664045" lon="25.815526">
        <ele>1006.981</ele>
        <time>2017-05-21T07:24:55Z</time>
      </trkpt>
      <trkpt lat="46.664117" lon="25.815612">
        <ele>1008.845</ele>
        <time>2017-05-21T07:25:12Z</time>
      </trkpt>
      <trkpt lat="46.664217" lon="25.815702">
        <ele>1010.252</ele>
        <time>2017-05-21T07:25:23Z</time>
      </trkpt>
      <trkpt lat="46.664307" lon="25.815788">
        <ele>1011.523</ele>
        <time>2017-05-21T07:25:32Z</time>
      </trkpt>
      <trkpt lat="46.664389" lon="25.815872">
        <ele>1013.763</ele>
        <time>2017-05-21T07:25:49Z</time>
      </trkpt>
      <trkpt lat="46.664475" lon="25.815955">
        <ele>1016.689</ele>
        <time>2017-05-21T07:25:59Z</time>
      </trkpt>
      <trkpt lat="46.664558" lon="25.816034">
        <ele>1019.606</ele>
        <time>2017-05-21T07:26:13Z</time>
      </trkpt>
      <trkpt lat="46.664629" lon="25.816141">
        <ele>1023.226</ele>
        <time>2017-05-21T07:26:26Z</time>
      </trkpt>
      <trkpt lat="46.664684" lon="25.816248">
        <ele>1025.508</ele>
        <time>2017-05-21T07:26:50Z</time>
      </trkpt>
      <trkpt lat="46.664766" lon="25.816324">
        <ele>1027.669</ele>
        <time>2017-05-21T07:26:57Z</time>
      </trkpt>
      <trkpt lat="46.664836" lon="25.816413">
        <ele>1029.295</ele>
        <time>2017-05-21T07:27:14Z</time>
      </trkpt>
      <trkpt lat="46.664913" lon="25.816503">
        <ele>1030.536</ele>
        <time>2017-05-21T07:27:22Z</time>
      </trkpt>
      <trkpt lat="46.665000" lon="25.816561">
        <ele>1032.253</ele>
        <time>2017-05-21T07:27:47Z</time>
      </trkpt>
      <trkpt lat="46.665085" lon="25.816610">
        <ele>1034.137</ele>
        <time>2017-05-21T07:28:03Z</time>
      </trkpt>
      <trkpt lat="46.665143" lon="25.816723">
        <ele>1036.244</ele>
        <time>2017-05-21T07:28:21Z</time>
      </trkpt>
      <trkpt lat="46.665231" lon="25.816760">
        <ele>1038.795</ele>
        <time>2017-05-21T07:28:29Z</time>
      </trkpt>
      <trkpt lat="46.665317" lon="25.816804">
        <ele>1041.315</ele>
        <time>2017-05-21T07:28:37Z</time>
      </trkpt>
      <trkpt lat="46.665401" lon="25.816860">
        <ele>1043.963</ele>
        <time>2017-05-21T07:28:58Z</time>
      </trkpt>
      <trkpt lat="46.665510" lon="25.816908">
        <ele>1047.244</ele>
        <time>2017-05-21T07:29:06Z</time>
      </trkpt>
      <trkpt lat="46.665606" lon="25.816912">
        <ele>1048.318</ele>
        <time>2017-05-21T07:29:18Z</time>
      </trkpt>
      <trkpt lat="46.665692" lon="25.816973">
        <ele>1049.208</ele>
        <time>2017-05-21T07:29:35Z</time>
      </trkpt>
      <trkpt lat="46.665788" lon="25.817006">
        <ele>1049.987</ele>
        <time>2017-05-21T07:29:42Z</time>
      </trkpt>
      <trkpt lat="46.665882" lon="25.817016">
        <ele>1049.663</ele>
        <time>2017-05-21T07:29:53Z</time>
      </trkpt>
      <trkpt lat="46.665966" lon="25.817066">
        <ele>1049.864</ele>
        <time>2017-05-21T07:30:07Z</time>
      </trkpt>
      <trkpt lat="46.666062" lon="25.817172">
        <ele>1052.421</ele>
        <time>2017-05-21T07:30:20Z</time>
      </trkpt>
      <trkpt lat="46.666147" lon="25.817227">
        <ele>1054.575</ele>
        <time>2017-05-21T07:30:27Z</time>
      </trkpt>
      <trkpt lat="46.666242" lon="25.817268">
        <ele>1056.462</ele>
        <time>2017-05-21T07:30:40Z</time>
      </trkpt>
      <trkpt lat="46.666316" lon="25.817363">
        <ele>1059.373</ele>
        <time>2017-05-21T07:30:54Z</time>
      </trkpt>
      <trkpt lat="46.666387" lon="25.817451">
        <ele>1061.993</ele>
        <time>2017-05-21T07:31:01Z</time>
      </trkpt>
      <trkpt lat="46.666487" lon="25.817525">
        <ele>1063.915</ele>
        <time>2017-05-21T07:31:12Z</time>
      </trkpt>
      <trkpt lat="46.666558" lon="25.817620">
        <ele>1065.765</ele>
        <time>2017-05-21T07:31:19Z</time>
      </trkpt>
      <trkpt lat="46.666651" lon="25.817679">
        <ele>1068.011</ele>
        <time>2017-05-21T07:31:32Z</time>
      </trkpt>
      <trkpt lat="46.666748" lon="25.817724">
        <ele>1068.708</ele>
        <time>2017-05-21T07:31:42Z</time>
      </trkpt>
      <trkpt lat="46.666851" lon="25.817760">
        <ele>1069.092</ele>
        <time>2017-05-21T07:31:57Z</time>
      </trkpt>
      <trkpt lat="46.666939" lon="25.817812">
        <ele>1069.348</ele>
        <time>2017-05-21T07:32:03Z</time>
      </trkpt>
      <trkpt lat="46.667012" lon="25.817901">
        <ele>1069.959</ele>
        <time>2017-05-21T07:32:12Z</time>
      </trkpt>
      <trkpt lat="46.667093" lon="25.817991">
        <ele>1070.866</ele>
        <time>2017-05-21T07:32:22Z</time>
      </trkpt>
      <trkpt lat="46.667191" lon="25.818056">
        <ele>1071.990</ele>
        <time>2017-05-21T07:32:34Z</time>
      </trkpt>
      <trkpt lat="46.667284" lon="25.818077">
        <ele>1073.617</ele>
        <time>2017-05-21T07:32:46Z</time>
      </trkpt>
      <trkpt lat="46.667371" lon="25.818154">
        <ele>1076.158</ele>
        <time>2017-05-21T07:32:54Z</time>
      </trkpt>
      <trkpt lat="46.667470" lon="25.818147">
        <ele>1078.858</ele>
        <time>2017-05-21T07:33:03Z</time>
      </trkpt>
      <trkpt lat="46.667557" lon="25.818196">
        <ele>1080.792</ele>
        <time>2017-05-21T07:33:16Z</time>
      </trkpt>
      <trkpt lat="46.667654" lon="25.818198">
        <ele>1082.073</ele>
        <time>2017-05-21T07:33:26Z</time>
      </trkpt>
      <trkpt lat="46.667744" lon="25.818214">
        <ele>1083.320</ele>
        <time>2017-05-21T07:33:41Z</time>
      </trkpt>
      <trkpt lat="46.667837" lon="25.818275">
        <ele>1085.408</ele>
        <time>2017-05-21T07:33:55Z</time>
      </trkpt>
      <trkpt lat="46.667927" lon="25.818314">
        <ele>1087.410</ele>
        <time>2017-05-21T07:34:04Z</time>
      </trkpt>
      <trkpt lat="46.668025" lon="25.818306">
        <ele>1089.136</ele>
        <time>2017-05-21T07:34:26Z</time>
      </trkpt>
      <trkpt lat="46.668113" lon="25.818354">
        <ele>1092.277</ele>
        <time>2017-05-21T07:34:34Z</time>
      </trkpt>
      <trkpt lat="46.668204" lon="25.818340">
        <ele>1094.944</ele>
        <time>2017-05-21T07:34:38Z</time>
      </trkpt>
      <trkpt lat="46.668295" lon="25.818395">
        <ele>1098.638</ele>
        <time>2017-05-21T07:34:48Z</time>
      </trkpt>
      <trkpt lat="46.668397" lon="25.818430">
        <ele>1100.945</ele>
        <time>2017-05-21T07:35:00Z</time>
      </trkpt>
      <trkpt lat="46.668485" lon="25.818467">
        <ele>1102.016</ele>
        <time>2017-05-21T07:35:12Z</time>
      </trkpt>
      <trkpt lat="46.668560" lon="25.818550">
        <ele>1103.316</ele>
        <time>2017-05-21T07:35:29Z</time>
      </trkpt>
      <trkpt lat="46.668647" lon="25.818596">
        <ele>1104.566</ele>
        <time>2017-05-21T07:35:47Z</time>
      </trkpt>
      <trkpt lat="46.668715" lon="25.818685">
        <ele>1105.629</ele>
        <time>2017-05-21T07:36:02Z</time>
      </trkpt>
      <trkpt lat="46.668817" lon="25.818717">
        <ele>1107.321</ele>
        <time>2017-05-21T07:36:16Z</time>
      </trkpt>
      <trkpt lat="46.668916" lon="25.818737">
        <ele>1109.008</ele>
        <time>2017-05-21T07:36:30Z</time>
      </trkpt>
      <trkpt lat="46.669003" lon="25.818774">
        <ele>1110.577</ele>
        <time>2017-05-21T07:36:39Z</time>
      </trkpt>
      <trkpt lat="46.669093" lon="25.818843">
        <ele>1112.323</ele>
        <time>2017-05-21T07:36:49Z</time>
      </trkpt>
      <trkpt lat="46.669195" lon="25.818854">
        <ele>1114.414</ele>
        <time>2017-05-21T07:37:08Z</time>
      </trkpt>
      <trkpt lat="46.669287" lon="25.818870">
        <ele>1116.461</ele>
        <time>2017-05-21T07:37:21Z</time>
      </trkpt>
      <trkpt lat="46.669378" lon="25.818878">
        <ele>1118.485</ele>
        <time>2017-05-21T07:37:33Z</time>
      </trkpt>
      <trkpt lat="46.669470" lon="25.818929">
        <ele>1119.872</ele>
        <time>2017-05-21T07:37:42Z</time>
      </trkpt>
      <trkpt lat="46.669569" lon="25.818920">
        <ele>1121.733</ele>
        <time>2017-05-21T07:37:49Z</time>
      </trkpt>
      <trkpt lat="46.669661" lon="25.818881">
        <ele>1123.843</ele>
        <time>2017-05-21T07:38:02Z</time>
      </trkpt>
      <trkpt lat="46.669755" lon="25.818837">
        <ele>1125.125</ele>
        <time>2017-05-21T07:38:21Z</time>
      </trkpt>
      <trkpt lat="46.669862" lon="25.818825">
        <ele>1127.826</ele>
        <time>2017-05-21T07:38:35Z</time>
      </trkpt>
      <trkpt lat="46.669955" lon="25.818808">
        <ele>1130.208</ele>
        <time>2017-05-21T07:39:08Z</time>
      </trkpt>
      <trkpt lat="46.670045" lon="25.818777">
        <ele>1132.508</ele>
        <time>2017-05-21T07:39:29Z</time>
      </trkpt>
      <trkpt lat="46.670139" lon="25.818769">
        <ele>1135.323</ele>
        <time>2017-05-21T07:39:44Z</time>
      </trkpt>
      <trkpt lat="46.670230" lon="25.818759">
        <ele>1138.079</ele>
        <time>2017-05-21T07:39:57Z</time>
      </trkpt>
      <trkpt lat="46.670322" lon="25.818783">
        <ele>1140.290</ele>
        <time>2017-05-21T07:40:11Z</time>
      </trkpt>
      <trkpt lat="46.670419" lon="25.818767">
        <ele>1142.077</ele>
        <time>2017-05-21T07:40:23Z</time>
      </trkpt>
      <trkpt lat="46.670506" lon="25.818729">
        <ele>1143.741</ele>
        <time>2017-05-21T07:40:50Z</time>
      </trkpt>
      <trkpt lat="46.670593" lon="25.818692">
        <ele>1145.228</ele>
        <time>2017-05-21T07:40:59Z</time>
      </trkpt>
      <trkpt lat="46.670677" lon="25.818758">
        <ele>1146.579</ele>
        <time>2017-05-21T07:41:13Z</time>
      </trkpt>
      <trkpt lat="46.670764" lon="25.818801">
        <ele>1148.119</ele>
        <time>2017-05-21T07:41:37Z</time>
      </trkpt>
      <trkpt lat="46.670857" lon="25.818789">
        <ele>1149.843</ele>
        <time>2017-05-21T07:41:47Z</time>
      </trkpt>
      <trkpt lat="46.670943" lon="25.818750">
        <ele>1151.264</ele>
        <time>2017-05-21T07:41:57Z</time>
      </trkpt>
      <trkpt lat="46.671015" lon="25.818851">
        <ele>1153.610</ele>
        <time>2017-05-21T07:43:24Z</time>
      </trkpt>
      <trkpt lat="46.671115" lon="25.818847">
        <ele>1155.708</ele>
        <time>2017-05-21T07:43:33Z</time>
      </trkpt>
      <trkpt lat="46.671206" lon="25.818912">
        <ele>1159.265</ele>
        <time>2017-05-21T07:43:57Z</time>
      </trkpt>
      <trkpt lat="46.671274" lon="25.819011">
        <ele>1161.761</ele>
        <time>2017-05-21T07:44:09Z</time>
      </trkpt>
      <trkpt lat="46.671363" lon="25.818988">
        <ele>1164.592</ele>
        <time>2017-05-21T07:44:29Z</time>
      </trkpt>
      <trkpt lat="46.671469" lon="25.819016">
        <ele>1167.869</ele>
        <time>2017-05-21T07:47:58Z</time>
      </trkpt>
      <trkpt lat="46.671556" lon="25.819073">
        <ele>1170.573</ele>
        <time>2017-05-21T07:48:09Z</time>
      </trkpt>
      <trkpt lat="46.671648" lon="25.819093">
        <ele>1173.270</ele>
        <time>2017-05-21T07:48:29Z</time>
      </trkpt>
      <trkpt lat="46.671738" lon="25.819017">
        <ele>1175.791</ele>
        <time>2017-05-21T07:48:43Z</time>
      </trkpt>
      <trkpt lat="46.671832" lon="25.818962">
        <ele>1178.591</ele>
        <time>2017-05-21T07:48:57Z</time>
      </trkpt>
      <trkpt lat="46.671919" lon="25.819002">
        <ele>1181.224</ele>
        <time>2017-05-21T07:49:20Z</time>
      </trkpt>
      <trkpt lat="46.672026" lon="25.818964">
        <ele>1183.904</ele>
        <time>2017-05-21T07:49:28Z</time>
      </trkpt>
      <trkpt lat="46.672118" lon="25.818978">
        <ele>1186.014</ele>
        <time>2017-05-21T07:49:45Z</time>
      </trkpt>
      <trkpt lat="46.672208" lon="25.818951">
        <ele>1188.208</ele>
        <time>2017-05-21T07:50:03Z</time>
      </trkpt>
      <trkpt lat="46.672299" lon="25.818923">
        <ele>1190.383</ele>
        <time>2017-05-21T07:50:14Z</time>
      </trkpt>
      <trkpt lat="46.672393" lon="25.818906">
        <ele>1192.549</ele>
        <time>2017-05-21T07:50:26Z</time>
      </trkpt>
      <trkpt lat="46.672484" lon="25.818885">
        <ele>1194.670</ele>
        <time>2017-05-21T07:50:37Z</time>
      </trkpt>
      <trkpt lat="46.672578" lon="25.818933">
        <ele>1195.597</ele>
        <time>2017-05-21T07:50:58Z</time>
      </trkpt>
      <trkpt lat="46.672671" lon="25.818892">
        <ele>1197.481</ele>
        <time>2017-05-21T07:51:06Z</time>
      </trkpt>
      <trkpt lat="46.672777" lon="25.818860">
        <ele>1199.188</ele>
        <time>2017-05-21T07:51:16Z</time>
      </trkpt>
      <trkpt lat="46.672869" lon="25.818864">
        <ele>1201.719</ele>
        <time>2017-05-21T07:51:32Z</time>
      </trkpt>
      <trkpt lat="46.672964" lon="25.818862">
        <ele>1204.379</ele>
        <time>2017-05-21T07:51:46Z</time>
      </trkpt>
      <trkpt lat="46.673062" lon="25.818843">
        <ele>1207.026</ele>
        <time>2017-05-21T07:51:52Z</time>
      </trkpt>
      <trkpt lat="46.673157" lon="25.818864">
        <ele>1209.047</ele>
        <time>2017-05-21T07:52:00Z</time>
      </trkpt>
      <trkpt lat="46.673268" lon="25.818886">
        <ele>1211.611</ele>
        <time>2017-05-21T07:52:13Z</time>
      </trkpt>
      <trkpt lat="46.673368" lon="25.818871">
        <ele>1213.408</ele>
        <time>2017-05-21T07:52:35Z</time>
      </trkpt>
      <trkpt lat="46.673459" lon="25.818875">
        <ele>1215.263</ele>
        <time>2017-05-21T07:52:50Z</time>
      </trkpt>
      <trkpt lat="46.673559" lon="25.818843">
        <ele>1216.849</ele>
        <time>2017-05-21T07:53:06Z</time>
      </trkpt>
      <trkpt lat="46.673642" lon="25.818906">
        <ele>1219.110</ele>
        <time>2017-05-21T07:53:16Z</time>
      </trkpt>
      <trkpt lat="46.673726" lon="25.818983">
        <ele>1222.277</ele>
        <time>2017-05-21T07:53:31Z</time>
      </trkpt>
      <trkpt lat="46.673818" lon="25.819015">
        <ele>1226.011</ele>
        <time>2017-05-21T07:53:53Z</time>
      </trkpt>
      <trkpt lat="46.673903" lon="25.819061">
        <ele>1229.478</ele>
        <time>2017-05-21T07:54:13Z</time>
      </trkpt>
      <trkpt lat="46.673996" lon="25.819061">
        <ele>1231.969</ele>
        <time>2017-05-21T07:54:34Z</time>
      </trkpt>
      <trkpt lat="46.674087" lon="25.819102">
        <ele>1234.539</ele>
        <time>2017-05-21T07:54:43Z</time>
      </trkpt>
      <trkpt lat="46.674178" lon="25.819139">
        <ele>1237.311</ele>
        <time>2017-05-21T07:54:55Z</time>
      </trkpt>
      <trkpt lat="46.674270" lon="25.819136">
        <ele>1240.421</ele>
        <time>2017-05-21T07:55:16Z</time>
      </trkpt>
      <trkpt lat="46.674358" lon="25.819181">
        <ele>1243.903</ele>
        <time>2017-05-21T07:55:27Z</time>
      </trkpt>
      <trkpt lat="46.674415" lon="25.819291">
        <ele>1246.208</ele>
        <time>2017-05-21T07:55:44Z</time>
      </trkpt>
      <trkpt lat="46.674511" lon="25.819321">
        <ele>1249.832</ele>
        <time>2017-05-21T07:56:00Z</time>
      </trkpt>
      <trkpt lat="46.674606" lon="25.819318">
        <ele>1253.168</ele>
        <time>2017-05-21T07:56:49Z</time>
      </trkpt>
      <trkpt lat="46.674678" lon="25.819398">
        <ele>1256.169</ele>
        <time>2017-05-21T07:57:06Z</time>
      </trkpt>
      <trkpt lat="46.674755" lon="25.819494">
        <ele>1258.826</ele>
        <time>2017-05-21T07:57:27Z</time>
      </trkpt>
      <trkpt lat="46.674834" lon="25.819581">
        <ele>1261.490</ele>
        <time>2017-05-21T07:57:44Z</time>
      </trkpt>
      <trkpt lat="46.674922" lon="25.819629">
        <ele>1265.157</ele>
        <time>2017-05-21T07:58:12Z</time>
      </trkpt>
      <trkpt lat="46.675000" lon="25.819696">
        <ele>1268.838</ele>
        <time>2017-05-21T07:58:36Z</time>
      </trkpt>
      <trkpt lat="46.675091" lon="25.819708">
        <ele>1272.598</ele>
        <time>2017-05-21T07:58:51Z</time>
      </trkpt>
      <trkpt lat="46.675166" lon="25.819783">
        <ele>1275.066</ele>
        <time>2017-05-21T07:59:09Z</time>
      </trkpt>
      <trkpt lat="46.675239" lon="25.819688">
        <ele>1278.329</ele>
        <time>2017-05-21T07:59:56Z</time>
      </trkpt>
      <trkpt lat="46.675331" lon="25.819684">
        <ele>1281.321</ele>
        <time>2017-05-21T08:00:13Z</time>
      </trkpt>
      <trkpt lat="46.675417" lon="25.819735">
        <ele>1283.908</ele>
        <time>2017-05-21T08:00:30Z</time>
      </trkpt>
      <trkpt lat="46.675511" lon="25.819745">
        <ele>1286.657</ele>
        <time>2017-05-21T08:00:53Z</time>
      </trkpt>
      <trkpt lat="46.675576" lon="25.819839">
        <ele>1287.943</ele>
        <time>2017-05-21T08:01:08Z</time>
      </trkpt>
      <trkpt lat="46.675665" lon="25.819862">
        <ele>1290.994</ele>
        <time>2017-05-21T08:01:23Z</time>
      </trkpt>
      <trkpt lat="46.675751" lon="25.819908">
        <ele>1293.941</ele>
        <time>2017-05-21T08:01:31Z</time>
      </trkpt>
      <trkpt lat="46.675852" lon="25.819925">
        <ele>1297.875</ele>
        <time>2017-05-21T08:01:48Z</time>
      </trkpt>
      <trkpt lat="46.675941" lon="25.819963">
        <ele>1301.932</ele>
        <time>2017-05-21T08:02:12Z</time>
      </trkpt>
      <trkpt lat="46.676020" lon="25.820044">
        <ele>1304.833</ele>
        <time>2017-05-21T08:02:26Z</time>
      </trkpt>
      <trkpt lat="46.676093" lon="25.820124">
        <ele>1306.963</ele>
        <time>2017-05-21T08:02:37Z</time>
      </trkpt>
      <trkpt lat="46.676175" lon="25.820188">
        <ele>1309.569</ele>
        <time>2017-05-21T08:02:55Z</time>
      </trkpt>
      <trkpt lat="46.676254" lon="25.820274">
        <ele>1312.204</ele>
        <time>2017-05-21T08:03:03Z</time>
      </trkpt>
      <trkpt lat="46.676315" lon="25.820378">
        <ele>1313.424</ele>
        <time>2017-05-21T08:03:13Z</time>
      </trkpt>
      <trkpt lat="46.676391" lon="25.820472">
        <ele>1316.308</ele>
        <time>2017-05-21T08:03:24Z</time>
      </trkpt>
      <trkpt lat="46.676452" lon="25.820584">
        <ele>1317.437</ele>
        <time>2017-05-21T08:03:33Z</time>
      </trkpt>
      <trkpt lat="46.676515" lon="25.820678">
        <ele>1318.423</ele>
        <time>2017-05-21T08:03:49Z</time>
      </trkpt>
      <trkpt lat="46.676558" lon="25.820807">
        <ele>1317.964</ele>
        <time>2017-05-21T08:03:56Z</time>
      </trkpt>
      <trkpt lat="46.676559" lon="25.820950">
        <ele>1316.061</ele>
        <time>2017-05-21T08:04:07Z</time>
      </trkpt>
      <trkpt lat="46.676606" lon="25.821076">
        <ele>1317.585</ele>
        <time>2017-05-21T08:04:16Z</time>
      </trkpt>
      <trkpt lat="46.676620" lon="25.821210">
        <ele>1317.572</ele>
        <time>2017-05-21T08:04:28Z</time>
      </trkpt>
      <trkpt lat="46.676685" lon="25.821306">
        <ele>1321.113</ele>
        <time>2017-05-21T08:04:50Z</time>
      </trkpt>
      <trkpt lat="46.676711" lon="25.821441">
        <ele>1321.983</ele>
        <time>2017-05-21T08:05:22Z</time>
      </trkpt>
      <trkpt lat="46.676737" lon="25.821573">
        <ele>1323.058</ele>
        <time>2017-05-21T08:05:39Z</time>
      </trkpt>
      <trkpt lat="46.676759" lon="25.821703">
        <ele>1324.052</ele>
        <time>2017-05-21T08:05:54Z</time>
      </trkpt>
      <trkpt lat="46.676792" lon="25.821831">
        <ele>1325.817</ele>
        <time>2017-05-21T08:06:22Z</time>
      </trkpt>
      <trkpt lat="46.676867" lon="25.821916">
        <ele>1329.808</ele>
        <time>2017-05-21T08:06:36Z</time>
      </trkpt>
      <trkpt lat="46.676901" lon="25.822056">
        <ele>1330.926</ele>
        <time>2017-05-21T08:06:47Z</time>
      </trkpt>
      <trkpt lat="46.676954" lon="25.822175">
        <ele>1332.632</ele>
        <time>2017-05-21T08:06:58Z</time>
      </trkpt>
      <trkpt lat="46.676970" lon="25.822304">
        <ele>1332.013</ele>
        <time>2017-05-21T08:07:14Z</time>
      </trkpt>
      <trkpt lat="46.677024" lon="25.822429">
        <ele>1333.020</ele>
        <time>2017-05-21T08:07:26Z</time>
      </trkpt>
      <trkpt lat="46.677082" lon="25.822535">
        <ele>1335.344</ele>
        <time>2017-05-21T08:07:37Z</time>
      </trkpt>
      <trkpt lat="46.677137" lon="25.822645">
        <ele>1338.521</ele>
        <time>2017-05-21T08:07:49Z</time>
      </trkpt>
      <trkpt lat="46.677192" lon="25.822786">
        <ele>1341.962</ele>
        <time>2017-05-21T08:08:01Z</time>
      </trkpt>
      <trkpt lat="46.677262" lon="25.822891">
        <ele>1345.622</ele>
        <time>2017-05-21T08:08:17Z</time>
      </trkpt>
      <trkpt lat="46.677312" lon="25.823000">
        <ele>1348.559</ele>
        <time>2017-05-21T08:08:27Z</time>
      </trkpt>
      <trkpt lat="46.677404" lon="25.823054">
        <ele>1351.203</ele>
        <time>2017-05-21T08:08:38Z</time>
      </trkpt>
      <trkpt lat="46.677496" lon="25.823126">
        <ele>1354.723</ele>
        <time>2017-05-21T08:08:49Z</time>
      </trkpt>
      <trkpt lat="46.677586" lon="25.823179">
        <ele>1354.208</ele>
        <time>2017-05-21T08:09:00Z</time>
      </trkpt>
      <trkpt lat="46.677651" lon="25.823288">
        <ele>1356.086</ele>
        <time>2017-05-21T08:09:13Z</time>
      </trkpt>
      <trkpt lat="46.677741" lon="25.823289">
        <ele>1354.362</ele>
        <time>2017-05-21T08:09:30Z</time>
      </trkpt>
      <trkpt lat="46.677802" lon="25.823389">
        <ele>1355.993</ele>
        <time>2017-05-21T08:09:39Z</time>
      </trkpt>
      <trkpt lat="46.677860" lon="25.823492">
        <ele>1357.570</ele>
        <time>2017-05-21T08:09:48Z</time>
      </trkpt>
      <trkpt lat="46.677930" lon="25.823591">
        <ele>1359.194</ele>
        <time>2017-05-21T08:10:01Z</time>
      </trkpt>
      <trkpt lat="46.678001" lon="25.823672">
        <ele>1360.511</ele>
        <time>2017-05-21T08:11:28Z</time>
      </trkpt>
      <trkpt lat="46.678069" lon="25.823763">
        <ele>1363.082</ele>
        <time>2017-05-21T08:11:43Z</time>
      </trkpt>
      <trkpt lat="46.678123" lon="25.823878">
        <ele>1368.052</ele>
        <time>2017-05-21T08:11:59Z</time>
      </trkpt>
      <trkpt lat="46.678159" lon="25.824001">
        <ele>1373.267</ele>
        <time>2017-05-21T08:12:12Z</time>
      </trkpt>
      <trkpt lat="46.678219" lon="25.824104">
        <ele>1377.781</ele>
        <time>2017-05-21T08:12:25Z</time>
      </trkpt>
      <trkpt lat="46.678275" lon="25.824223">
        <ele>1381.919</ele>
        <time>2017-05-21T08:12:40Z</time>
      </trkpt>
      <trkpt lat="46.678345" lon="25.824322">
        <ele>1384.308</ele>
        <time>2017-05-21T08:12:57Z</time>
      </trkpt>
      <trkpt lat="46.678436" lon="25.824312">
        <ele>1383.837</ele>
        <time>2017-05-21T08:13:10Z</time>
      </trkpt>
      <trkpt lat="46.678520" lon="25.824376">
        <ele>1385.533</ele>
        <time>2017-05-21T08:13:27Z</time>
      </trkpt>
      <trkpt lat="46.678629" lon="25.824402">
        <ele>1386.514</ele>
        <time>2017-05-21T08:13:36Z</time>
      </trkpt>
      <trkpt lat="46.678718" lon="25.824432">
        <ele>1387.991</ele>
        <time>2017-05-21T08:13:49Z</time>
      </trkpt>
      <trkpt lat="46.678806" lon="25.824466">
        <ele>1389.545</ele>
        <time>2017-05-21T08:14:00Z</time>
      </trkpt>
      <trkpt lat="46.678901" lon="25.824498">
        <ele>1391.172</ele>
        <time>2017-05-21T08:14:10Z</time>
      </trkpt>
      <trkpt lat="46.678990" lon="25.824480">
        <ele>1389.863</ele>
        <time>2017-05-21T08:14:18Z</time>
      </trkpt>
      <trkpt lat="46.679091" lon="25.824458">
        <ele>1388.223</ele>
        <time>2017-05-21T08:14:26Z</time>
      </trkpt>
      <trkpt lat="46.679185" lon="25.824469">
        <ele>1387.926</ele>
        <time>2017-05-21T08:14:38Z</time>
      </trkpt>
      <trkpt lat="46.679275" lon="25.824496">
        <ele>1387.947</ele>
        <time>2017-05-21T08:14:52Z</time>
      </trkpt>
      <trkpt lat="46.679360" lon="25.824559">
        <ele>1389.611</ele>
        <time>2017-05-21T08:15:05Z</time>
      </trkpt>
      <trkpt lat="46.679451" lon="25.824600">
        <ele>1390.208</ele>
        <time>2017-05-21T08:15:14Z</time>
      </trkpt>
      <trkpt lat="46.679543" lon="25.824610">
        <ele>1389.883</ele>
        <time>2017-05-21T08:15:33Z</time>
      </trkpt>
      <trkpt lat="46.679626" lon="25.824690">
        <ele>1392.639</ele>
        <time>2017-05-21T08:15:52Z</time>
      </trkpt>
      <trkpt lat="46.679677" lon="25.824801">
        <ele>1397.040</ele>
        <time>2017-05-21T08:16:01Z</time>
      </trkpt>
      <trkpt lat="46.679795" lon="25.824881">
        <ele>1399.547</ele>
        <time>2017-05-21T08:16:11Z</time>
      </trkpt>
      <trkpt lat="46.679858" lon="25.824976">
        <ele>1402.721</ele>
        <time>2017-05-21T08:16:19Z</time>
      </trkpt>
      <trkpt lat="46.679940" lon="25.825033">
        <ele>1403.798</ele>
        <time>2017-05-21T08:16:32Z</time>
      </trkpt>
      <trkpt lat="46.680011" lon="25.825126">
        <ele>1405.619</ele>
        <time>2017-05-21T08:16:55Z</time>
      </trkpt>
      <trkpt lat="46.680114" lon="25.825136">
        <ele>1405.589</ele>
        <time>2017-05-21T08:17:08Z</time>
      </trkpt>
      <trkpt lat="46.680202" lon="25.825189">
        <ele>1406.515</ele>
        <time>2017-05-21T08:17:28Z</time>
      </trkpt>
      <trkpt lat="46.680297" lon="25.825191">
        <ele>1406.465</ele>
        <time>2017-05-21T08:17:46Z</time>
      </trkpt>
      <trkpt lat="46.680392" lon="25.825215">
        <ele>1408.111</ele>
        <time>2017-05-21T08:17:54Z</time>
      </trkpt>
      <trkpt lat="46.680472" lon="25.825281">
        <ele>1410.108</ele>
        <time>2017-05-21T08:18:08Z</time>
      </trkpt>
      <trkpt lat="46.680578" lon="25.825350">
        <ele>1412.262</ele>
        <time>2017-05-21T08:18:36Z</time>
      </trkpt>
      <trkpt lat="46.680617" lon="25.825469">
        <ele>1414.168</ele>
        <time>2017-05-21T08:19:07Z</time>
      </trkpt>
      <trkpt lat="46.680691" lon="25.825392">
        <ele>1414.899</ele>
        <time>2017-05-21T08:19:49Z</time>
      </trkpt>
      <trkpt lat="46.680794" lon="25.825371">
        <ele>1416.656</ele>
        <time>2017-05-21T08:19:59Z</time>
      </trkpt>
      <trkpt lat="46.680886" lon="25.825358">
        <ele>1419.240</ele>
        <time>2017-05-21T08:20:38Z</time>
      </trkpt>
      <trkpt lat="46.680980" lon="25.825375">
        <ele>1422.827</ele>
        <time>2017-05-21T08:21:06Z</time>
      </trkpt>
      <trkpt lat="46.681076" lon="25.825378">
        <ele>1426.438</ele>
        <time>2017-05-21T08:21:16Z</time>
      </trkpt>
      <trkpt lat="46.681139" lon="25.825473">
        <ele>1429.548</ele>
        <time>2017-05-21T08:21:34Z</time>
      </trkpt>
      <trkpt lat="46.681225" lon="25.825514">
        <ele>1433.272</ele>
        <time>2017-05-21T08:21:47Z</time>
      </trkpt>
      <trkpt lat="46.681294" lon="25.825601">
        <ele>1436.413</ele>
        <time>2017-05-21T08:21:59Z</time>
      </trkpt>
      <trkpt lat="46.681381" lon="25.825552">
        <ele>1439.714</ele>
        <time>2017-05-21T08:22:12Z</time>
      </trkpt>
      <trkpt lat="46.681391" lon="25.825410">
        <ele>1439.008</ele>
        <time>2017-05-21T08:22:39Z</time>
      </trkpt>
      <trkpt lat="46.681409" lon="25.825269">
        <ele>1438.728</ele>
        <time>2017-05-21T08:22:47Z</time>
      </trkpt>
      <trkpt lat="46.681412" lon="25.825125">
        <ele>1437.854</ele>
        <time>2017-05-21T08:22:56Z</time>
      </trkpt>
      <trkpt lat="46.681473" lon="25.825027">
        <ele>1439.535</ele>
        <time>2017-05-21T08:24:41Z</time>
      </trkpt>
      <trkpt lat="46.681522" lon="25.824904">
        <ele>1440.062</ele>
        <time>2017-05-21T08:25:24Z</time>
      </trkpt>
      <trkpt lat="46.681619" lon="25.824869">
        <ele>1443.966</ele>
        <time>2017-05-21T08:25:34Z</time>
      </trkpt>
      <trkpt lat="46.681708" lon="25.824829">
        <ele>1447.713</ele>
        <time>2017-05-21T08:25:45Z</time>
      </trkpt>
      <trkpt lat="46.681804" lon="25.824778">
        <ele>1452.244</ele>
        <time>2017-05-21T08:25:58Z</time>
      </trkpt>
      <trkpt lat="46.681905" lon="25.824738">
        <ele>1457.794</ele>
        <time>2017-05-21T08:26:17Z</time>
      </trkpt>
      <trkpt lat="46.681990" lon="25.824678">
        <ele>1461.781</ele>
        <time>2017-05-21T08:26:26Z</time>
      </trkpt>
      <trkpt lat="46.682083" lon="25.824699">
        <ele>1463.861</ele>
        <time>2017-05-21T08:26:50Z</time>
      </trkpt>
      <trkpt lat="46.682174" lon="25.824700">
        <ele>1466.117</ele>
        <time>2017-05-21T08:27:09Z</time>
      </trkpt>
      <trkpt lat="46.682263" lon="25.824683">
        <ele>1468.408</ele>
        <time>2017-05-21T08:27:14Z</time>
      </trkpt>
      <trkpt lat="46.682388" lon="25.824662">
        <ele>1471.479</ele>
        <time>2017-05-21T08:27:26Z</time>
      </trkpt>
      <trkpt lat="46.682436" lon="25.824778">
        <ele>1471.275</ele>
        <time>2017-05-21T08:28:01Z</time>
      </trkpt>
      <trkpt lat="46.682530" lon="25.824818">
        <ele>1473.296</ele>
        <time>2017-05-21T08:28:09Z</time>
      </trkpt>
      <trkpt lat="46.682621" lon="25.824782">
        <ele>1476.313</ele>
        <time>2017-05-21T08:29:39Z</time>
      </trkpt>
      <trkpt lat="46.682714" lon="25.824802">
        <ele>1478.937</ele>
        <time>2017-05-21T08:29:50Z</time>
      </trkpt>
      <trkpt lat="46.682805" lon="25.824828">
        <ele>1481.314</ele>
        <time>2017-05-21T08:30:11Z</time>
      </trkpt>
      <trkpt lat="46.682895" lon="25.824802">
        <ele>1484.285</ele>
        <time>2017-05-21T08:30:23Z</time>
      </trkpt>
      <trkpt lat="46.682987" lon="25.824780">
        <ele>1486.955</ele>
        <time>2017-05-21T08:30:35Z</time>
      </trkpt>
      <trkpt lat="46.683077" lon="25.824799">
        <ele>1489.382</ele>
        <time>2017-05-21T08:30:49Z</time>
      </trkpt>
      <trkpt lat="46.683166" lon="25.824734">
        <ele>1491.843</ele>
        <time>2017-05-21T08:31:04Z</time>
      </trkpt>
      <trkpt lat="46.683262" lon="25.824734">
        <ele>1494.217</ele>
        <time>2017-05-21T08:31:29Z</time>
      </trkpt>
      <trkpt lat="46.683341" lon="25.824667">
        <ele>1495.908</ele>
        <time>2017-05-21T08:31:47Z</time>
      </trkpt>
      <trkpt lat="46.683427" lon="25.824618">
        <ele>1497.369</ele>
        <time>2017-05-21T08:32:02Z</time>
      </trkpt>
      <trkpt lat="46.683507" lon="25.824554">
        <ele>1498.555</ele>
        <time>2017-05-21T08:32:16Z</time>
      </trkpt>
      <trkpt lat="46.683601" lon="25.824544">
        <ele>1500.236</ele>
        <time>2017-05-21T08:32:28Z</time>
      </trkpt>
      <trkpt lat="46.683690" lon="25.824523">
        <ele>1501.043</ele>
        <time>2017-05-21T08:32:38Z</time>
      </trkpt>
      <trkpt lat="46.683661" lon="25.824395">
        <ele>1499.647</ele>
        <time>2017-05-21T08:33:41Z</time>
      </trkpt>
      <trkpt lat="46.683583" lon="25.824305">
        <ele>1498.114</ele>
        <time>2017-05-21T08:33:59Z</time>
      </trkpt>
      <trkpt lat="46.683527" lon="25.824194">
        <ele>1496.645</ele>
        <time>2017-05-21T08:34:59Z</time>
      </trkpt>
      <trkpt lat="46.683442" lon="25.824141">
        <ele>1495.685</ele>
        <time>2017-05-21T08:35:12Z</time>
      </trkpt>
      <trkpt lat="46.683354" lon="25.824073">
        <ele>1495.015</ele>
        <time>2017-05-21T08:35:22Z</time>
      </trkpt>
      <trkpt lat="46.683263" lon="25.824018">
        <ele>1494.465</ele>
        <time>2017-05-21T08:35:32Z</time>
      </trkpt>
      <trkpt lat="46.683165" lon="25.823996">
        <ele>1493.611</ele>
        <time>2017-05-21T08:35:41Z</time>
      </trkpt>
      <trkpt lat="46.683085" lon="25.823931">
        <ele>1493.108</ele>
        <time>2017-05-21T08:35:50Z</time>
      </trkpt>
      <trkpt lat="46.683017" lon="25.823845">
        <ele>1492.692</ele>
        <time>2017-05-21T08:36:20Z</time>
      </trkpt>
      <trkpt lat="46.683102" lon="25.823896">
        <ele>1493.328</ele>
        <time>2017-05-21T08:37:24Z</time>
      </trkpt>
      <trkpt lat="46.683188" lon="25.823939">
        <ele>1493.989</ele>
        <time>2017-05-21T08:37:32Z</time>
      </trkpt>
      <trkpt lat="46.683285" lon="25.823946">
        <ele>1494.646</ele>
        <time>2017-05-21T08:37:46Z</time>
      </trkpt>
      <trkpt lat="46.683374" lon="25.824009">
        <ele>1494.930</ele>
        <time>2017-05-21T08:37:54Z</time>
      </trkpt>
      <trkpt lat="46.683431" lon="25.824114">
        <ele>1495.437</ele>
        <time>2017-05-21T08:38:04Z</time>
      </trkpt>
      <trkpt lat="46.683496" lon="25.824210">
        <ele>1496.498</ele>
        <time>2017-05-21T08:38:11Z</time>
      </trkpt>
      <trkpt lat="46.683580" lon="25.824277">
        <ele>1497.888</ele>
        <time>2017-05-21T08:38:19Z</time>
      </trkpt>
      <trkpt lat="46.683646" lon="25.824371">
        <ele>1499.337</ele>
        <time>2017-05-21T08:38:27Z</time>
      </trkpt>
      <trkpt lat="46.683743" lon="25.824375">
        <ele>1499.649</ele>
        <time>2017-05-21T08:38:35Z</time>
      </trkpt>
      <trkpt lat="46.683811" lon="25.824463">
        <ele>1501.013</ele>
        <time>2017-05-21T08:38:45Z</time>
      </trkpt>
      <trkpt lat="46.683902" lon="25.824453">
        <ele>1501.308</ele>
        <time>2017-05-21T08:39:05Z</time>
      </trkpt>
      <trkpt lat="46.683999" lon="25.824506">
        <ele>1503.654</ele>
        <time>2017-05-21T08:39:13Z</time>
      </trkpt>
      <trkpt lat="46.684087" lon="25.824453">
        <ele>1502.740</ele>
        <time>2017-05-21T08:39:20Z</time>
      </trkpt>
      <trkpt lat="46.684182" lon="25.824388">
        <ele>1501.371</ele>
        <time>2017-05-21T08:39:29Z</time>
      </trkpt>
      <trkpt lat="46.684275" lon="25.824393">
        <ele>1501.248</ele>
        <time>2017-05-21T08:39:38Z</time>
      </trkpt>
      <trkpt lat="46.684369" lon="25.824465">
        <ele>1503.942</ele>
        <time>2017-05-21T08:39:52Z</time>
      </trkpt>
      <trkpt lat="46.684455" lon="25.824416">
        <ele>1501.339</ele>
        <time>2017-05-21T08:40:03Z</time>
      </trkpt>
      <trkpt lat="46.684550" lon="25.824379">
        <ele>1495.790</ele>
        <time>2017-05-21T08:40:15Z</time>
      </trkpt>
      <trkpt lat="46.684660" lon="25.824379">
        <ele>1491.080</ele>
        <time>2017-05-21T08:40:23Z</time>
      </trkpt>
      <trkpt lat="46.684746" lon="25.824430">
        <ele>1489.436</ele>
        <time>2017-05-21T08:40:35Z</time>
      </trkpt>
      <trkpt lat="46.684835" lon="25.824463">
        <ele>1486.917</ele>
        <time>2017-05-21T08:40:42Z</time>
      </trkpt>
      <trkpt lat="46.684921" lon="25.824515">
        <ele>1485.318</ele>
        <time>2017-05-21T08:40:48Z</time>
      </trkpt>
      <trkpt lat="46.685015" lon="25.824532">
        <ele>1482.008</ele>
        <time>2017-05-21T08:41:02Z</time>
      </trkpt>
      <trkpt lat="46.685082" lon="25.824435">
        <ele>1476.324</ele>
        <time>2017-05-21T08:41:13Z</time>
      </trkpt>
      <trkpt lat="46.685169" lon="25.824484">
        <ele>1475.540</ele>
        <time>2017-05-21T08:41:29Z</time>
      </trkpt>
      <trkpt lat="46.685261" lon="25.824474">
        <ele>1472.561</ele>
        <time>2017-05-21T08:41:41Z</time>
      </trkpt>
      <trkpt lat="46.685360" lon="25.824465">
        <ele>1469.638</ele>
        <time>2017-05-21T08:41:47Z</time>
      </trkpt>
      <trkpt lat="46.685461" lon="25.824470">
        <ele>1467.262</ele>
        <time>2017-05-21T08:41:54Z</time>
      </trkpt>
      <trkpt lat="46.685567" lon="25.824469">
        <ele>1464.539</ele>
        <time>2017-05-21T08:42:01Z</time>
      </trkpt>
      <trkpt lat="46.685661" lon="25.824504">
        <ele>1464.160</ele>
        <time>2017-05-21T08:42:07Z</time>
      </trkpt>
      <trkpt lat="46.685757" lon="25.824533">
        <ele>1463.420</ele>
        <time>2017-05-21T08:42:12Z</time>
      </trkpt>
      <trkpt lat="46.685850" lon="25.824571">
        <ele>1463.028</ele>
        <time>2017-05-21T08:42:18Z</time>
      </trkpt>
      <trkpt lat="46.685955" lon="25.824579">
        <ele>1461.989</ele>
        <time>2017-05-21T08:42:25Z</time>
      </trkpt>
      <trkpt lat="46.686050" lon="25.824585">
        <ele>1460.817</ele>
        <time>2017-05-21T08:42:31Z</time>
      </trkpt>
      <trkpt lat="46.686144" lon="25.824597">
        <ele>1460.008</ele>
        <time>2017-05-21T08:42:39Z</time>
      </trkpt>
      <trkpt lat="46.686245" lon="25.824619">
        <ele>1459.643</ele>
        <time>2017-05-21T08:42:47Z</time>
      </trkpt>
      <trkpt lat="46.686337" lon="25.824655">
        <ele>1459.749</ele>
        <time>2017-05-21T08:42:55Z</time>
      </trkpt>
      <trkpt lat="46.686412" lon="25.824769">
        <ele>1462.340</ele>
        <time>2017-05-21T08:43:05Z</time>
      </trkpt>
      <trkpt lat="46.686504" lon="25.824787">
        <ele>1462.557</ele>
        <time>2017-05-21T08:43:11Z</time>
      </trkpt>
      <trkpt lat="46.686601" lon="25.824776">
        <ele>1461.851</ele>
        <time>2017-05-21T08:43:18Z</time>
      </trkpt>
      <trkpt lat="46.686691" lon="25.824766">
        <ele>1461.138</ele>
        <time>2017-05-21T08:43:24Z</time>
      </trkpt>
      <trkpt lat="46.686785" lon="25.824788">
        <ele>1461.299</ele>
        <time>2017-05-21T08:43:29Z</time>
      </trkpt>
      <trkpt lat="46.686881" lon="25.824812">
        <ele>1461.539</ele>
        <time>2017-05-21T08:43:35Z</time>
      </trkpt>
      <trkpt lat="46.686975" lon="25.824823">
        <ele>1462.479</ele>
        <time>2017-05-21T08:43:45Z</time>
      </trkpt>
      <trkpt lat="46.687066" lon="25.824775">
        <ele>1463.305</ele>
        <time>2017-05-21T08:43:52Z</time>
      </trkpt>
      <trkpt lat="46.687156" lon="25.824766">
        <ele>1465.725</ele>
        <time>2017-05-21T08:43:59Z</time>
      </trkpt>
      <trkpt lat="46.687247" lon="25.824757">
        <ele>1467.808</ele>
        <time>2017-05-21T08:44:08Z</time>
      </trkpt>
      <trkpt lat="46.687346" lon="25.824736">
        <ele>1468.968</ele>
        <time>2017-05-21T08:44:15Z</time>
      </trkpt>
      <trkpt lat="46.687444" lon="25.824746">
        <ele>1470.364</ele>
        <time>2017-05-21T08:44:24Z</time>
      </trkpt>
      <trkpt lat="46.687541" lon="25.824779">
        <ele>1471.125</ele>
        <time>2017-05-21T08:44:33Z</time>
      </trkpt>
      <trkpt lat="46.687641" lon="25.824787">
        <ele>1471.352</ele>
        <time>2017-05-21T08:44:41Z</time>
      </trkpt>
      <trkpt lat="46.687737" lon="25.824758">
        <ele>1471.696</ele>
        <time>2017-05-21T08:44:49Z</time>
      </trkpt>
      <trkpt lat="46.687779" lon="25.824642">
        <ele>1472.673</ele>
        <time>2017-05-21T08:44:58Z</time>
      </trkpt>
      <trkpt lat="46.687875" lon="25.824660">
        <ele>1472.384</ele>
        <time>2017-05-21T08:45:11Z</time>
      </trkpt>
      <trkpt lat="46.687968" lon="25.824698">
        <ele>1471.624</ele>
        <time>2017-05-21T08:49:31Z</time>
      </trkpt>
      <trkpt lat="46.688061" lon="25.824692">
        <ele>1471.371</ele>
        <time>2017-05-21T08:49:39Z</time>
      </trkpt>
      <trkpt lat="46.688157" lon="25.824661">
        <ele>1468.941</ele>
        <time>2017-05-21T08:49:46Z</time>
      </trkpt>
      <trkpt lat="46.688233" lon="25.824571">
        <ele>1468.815</ele>
        <time>2017-05-21T08:49:54Z</time>
      </trkpt>
      <trkpt lat="46.688328" lon="25.824575">
        <ele>1466.408</ele>
        <time>2017-05-21T08:50:20Z</time>
      </trkpt>
      <trkpt lat="46.688418" lon="25.824517">
        <ele>1464.658</ele>
        <time>2017-05-21T08:50:28Z</time>
      </trkpt>
      <trkpt lat="46.688513" lon="25.824464">
        <ele>1461.964</ele>
        <time>2017-05-21T08:50:35Z</time>
      </trkpt>
      <trkpt lat="46.688590" lon="25.824387">
        <ele>1460.535</ele>
        <time>2017-05-21T08:50:42Z</time>
      </trkpt>
      <trkpt lat="46.688675" lon="25.824329">
        <ele>1460.122</ele>
        <time>2017-05-21T08:50:51Z</time>
      </trkpt>
      <trkpt lat="46.688751" lon="25.824259">
        <ele>1460.316</ele>
        <time>2017-05-21T08:51:00Z</time>
      </trkpt>
      <trkpt lat="46.688826" lon="25.824179">
        <ele>1460.343</ele>
        <time>2017-05-21T08:51:08Z</time>
      </trkpt>
      <trkpt lat="46.688910" lon="25.824103">
        <ele>1459.834</ele>
        <time>2017-05-21T08:51:30Z</time>
      </trkpt>
      <trkpt lat="46.688977" lon="25.823999">
        <ele>1460.284</ele>
        <time>2017-05-21T08:51:37Z</time>
      </trkpt>
      <trkpt lat="46.689062" lon="25.823925">
        <ele>1459.348</ele>
        <time>2017-05-21T08:51:44Z</time>
      </trkpt>
      <trkpt lat="46.689148" lon="25.823857">
        <ele>1458.161</ele>
        <time>2017-05-21T08:51:51Z</time>
      </trkpt>
      <trkpt lat="46.689219" lon="25.823769">
        <ele>1458.317</ele>
        <time>2017-05-21T08:51:58Z</time>
      </trkpt>
      <trkpt lat="46.689279" lon="25.823671">
        <ele>1459.008</ele>
        <time>2017-05-21T08:52:04Z</time>
      </trkpt>
      <trkpt lat="46.689326" lon="25.823556">
        <ele>1459.585</ele>
        <time>2017-05-21T08:52:11Z</time>
      </trkpt>
      <trkpt lat="46.689398" lon="25.823465">
        <ele>1458.931</ele>
        <time>2017-05-21T08:52:17Z</time>
      </trkpt>
      <trkpt lat="46.689484" lon="25.823384">
        <ele>1458.692</ele>
        <time>2017-05-21T08:52:25Z</time>
      </trkpt>
      <trkpt lat="46.689567" lon="25.823314">
        <ele>1459.029</ele>
        <time>2017-05-21T08:52:32Z</time>
      </trkpt>
      <trkpt lat="46.689646" lon="25.823247">
        <ele>1459.013</ele>
        <time>2017-05-21T08:52:38Z</time>
      </trkpt>
      <trkpt lat="46.689740" lon="25.823199">
        <ele>1459.180</ele>
        <time>2017-05-21T08:52:47Z</time>
      </trkpt>
      <trkpt lat="46.689821" lon="25.823134">
        <ele>1459.561</ele>
        <time>2017-05-21T08:52:54Z</time>
      </trkpt>
      <trkpt lat="46.689904" lon="25.823068">
        <ele>1460.361</ele>
        <time>2017-05-21T08:53:01Z</time>
      </trkpt>
      <trkpt lat="46.689992" lon="25.823002">
        <ele>1461.128</ele>
        <time>2017-05-21T08:53:09Z</time>
      </trkpt>
      <trkpt lat="46.690083" lon="25.822939">
        <ele>1461.589</ele>
        <time>2017-05-21T08:53:20Z</time>
      </trkpt>
      <trkpt lat="46.690166" lon="25.822857">
        <ele>1462.417</ele>
        <time>2017-05-21T08:53:29Z</time>
      </trkpt>
      <trkpt lat="46.690243" lon="25.822775">
        <ele>1463.808</ele>
        <time>2017-05-21T08:53:38Z</time>
      </trkpt>
      <trkpt lat="46.690327" lon="25.822711">
        <ele>1465.093</ele>
        <time>2017-05-21T08:53:46Z</time>
      </trkpt>
      <trkpt lat="46.690395" lon="25.822608">
        <ele>1466.799</ele>
        <time>2017-05-21T08:53:53Z</time>
      </trkpt>
      <trkpt lat="46.690448" lon="25.822500">
        <ele>1468.630</ele>
        <time>2017-05-21T08:54:02Z</time>
      </trkpt>
      <trkpt lat="46.690523" lon="25.822413">
        <ele>1470.937</ele>
        <time>2017-05-21T08:54:12Z</time>
      </trkpt>
      <trkpt lat="46.690599" lon="25.822333">
        <ele>1473.521</ele>
        <time>2017-05-21T08:54:26Z</time>
      </trkpt>
      <trkpt lat="46.690647" lon="25.822206">
        <ele>1477.058</ele>
        <time>2017-05-21T08:54:41Z</time>
      </trkpt>
      <trkpt lat="46.690726" lon="25.822126">
        <ele>1479.339</ele>
        <time>2017-05-21T08:54:54Z</time>
      </trkpt>
      <trkpt lat="46.690797" lon="25.822040">
        <ele>1482.169</ele>
        <time>2017-05-21T08:55:06Z</time>
      </trkpt>
      <trkpt lat="46.690860" lon="25.821936">
        <ele>1485.518</ele>
        <time>2017-05-21T08:55:19Z</time>
      </trkpt>
      <trkpt lat="46.690922" lon="25.821840">
        <ele>1488.298</ele>
        <time>2017-05-21T08:55:31Z</time>
      </trkpt>
      <trkpt lat="46.690968" lon="25.821711">
        <ele>1491.517</ele>
        <time>2017-05-21T08:55:42Z</time>
      </trkpt>
      <trkpt lat="46.691020" lon="25.821599">
        <ele>1494.408</ele>
        <time>2017-05-21T08:55:56Z</time>
      </trkpt>
      <trkpt lat="46.691088" lon="25.821510">
        <ele>1497.582</ele>
        <time>2017-05-21T08:56:12Z</time>
      </trkpt>
      <trkpt lat="46.691159" lon="25.821423">
        <ele>1500.178</ele>
        <time>2017-05-21T08:56:24Z</time>
      </trkpt>
      <trkpt lat="46.691239" lon="25.821355">
        <ele>1501.799</ele>
        <time>2017-05-21T08:56:37Z</time>
      </trkpt>
      <trkpt lat="46.691300" lon="25.821258">
        <ele>1503.776</ele>
        <time>2017-05-21T08:56:49Z</time>
      </trkpt>
      <trkpt lat="46.691368" lon="25.821170">
        <ele>1505.790</ele>
        <time>2017-05-21T08:57:07Z</time>
      </trkpt>
      <trkpt lat="46.691411" lon="25.821049">
        <ele>1507.727</ele>
        <time>2017-05-21T08:57:57Z</time>
      </trkpt>
      <trkpt lat="46.691497" lon="25.820991">
        <ele>1508.668</ele>
        <time>2017-05-21T08:58:11Z</time>
      </trkpt>
      <trkpt lat="46.691572" lon="25.820918">
        <ele>1510.058</ele>
        <time>2017-05-21T08:58:25Z</time>
      </trkpt>
      <trkpt lat="46.691630" lon="25.820816">
        <ele>1512.157</ele>
        <time>2017-05-21T08:58:41Z</time>
      </trkpt>
      <trkpt lat="46.691701" lon="25.820731">
        <ele>1514.500</ele>
        <time>2017-05-21T08:58:55Z</time>
      </trkpt>
      <trkpt lat="46.691783" lon="25.820659">
        <ele>1516.620</ele>
        <time>2017-05-21T08:59:10Z</time>
      </trkpt>
      <trkpt lat="46.691840" lon="25.820558">
        <ele>1519.208</ele>
        <time>2017-05-21T08:59:25Z</time>
      </trkpt>
      <trkpt lat="46.691906" lon="25.820461">
        <ele>1521.476</ele>
        <time>2017-05-21T08:59:44Z</time>
      </trkpt>
      <trkpt lat="46.691978" lon="25.820381">
        <ele>1524.272</ele>
        <time>2017-05-21T09:00:28Z</time>
      </trkpt>
      <trkpt lat="46.692037" lon="25.820272">
        <ele>1528.073</ele>
        <time>2017-05-21T09:00:41Z</time>
      </trkpt>
      <trkpt lat="46.692121" lon="25.820213">
        <ele>1531.590</ele>
        <time>2017-05-21T09:00:56Z</time>
      </trkpt>
      <trkpt lat="46.692175" lon="25.820106">
        <ele>1535.114</ele>
        <time>2017-05-21T09:01:09Z</time>
      </trkpt>
      <trkpt lat="46.692226" lon="25.819992">
        <ele>1539.341</ele>
        <time>2017-05-21T09:01:24Z</time>
      </trkpt>
      <trkpt lat="46.692305" lon="25.819916">
        <ele>1544.242</ele>
        <time>2017-05-21T09:01:40Z</time>
      </trkpt>
      <trkpt lat="46.692396" lon="25.819903">
        <ele>1548.762</ele>
        <time>2017-05-21T09:01:55Z</time>
      </trkpt>
      <trkpt lat="46.692492" lon="25.819902">
        <ele>1553.379</ele>
        <time>2017-05-21T09:02:11Z</time>
      </trkpt>
      <trkpt lat="46.692574" lon="25.819830">
        <ele>1556.705</ele>
        <time>2017-05-21T09:02:47Z</time>
      </trkpt>
      <trkpt lat="46.692668" lon="25.819851">
        <ele>1559.625</ele>
        <time>2017-05-21T09:03:51Z</time>
      </trkpt>
      <trkpt lat="46.692715" lon="25.819964">
        <ele>1559.708</ele>
        <time>2017-05-21T09:04:01Z</time>
      </trkpt>
      <trkpt lat="46.692804" lon="25.819982">
        <ele>1561.778</ele>
        <time>2017-05-21T09:04:13Z</time>
      </trkpt>
      <trkpt lat="46.692873" lon="25.820072">
        <ele>1561.164</ele>
        <time>2017-05-21T09:04:27Z</time>
      </trkpt>
      <trkpt lat="46.692899" lon="25.820199">
        <ele>1558.635</ele>
        <time>2017-05-21T09:04:57Z</time>
      </trkpt>
      <trkpt lat="46.692969" lon="25.820305">
        <ele>1557.142</ele>
        <time>2017-05-21T09:05:29Z</time>
      </trkpt>
      <trkpt lat="46.693063" lon="25.820312">
        <ele>1558.256</ele>
        <time>2017-05-21T09:05:41Z</time>
      </trkpt>
      <trkpt lat="46.693149" lon="25.820252">
        <ele>1561.083</ele>
        <time>2017-05-21T09:05:54Z</time>
      </trkpt>
      <trkpt lat="46.693228" lon="25.820174">
        <ele>1564.334</ele>
        <time>2017-05-21T09:06:04Z</time>
      </trkpt>
      <trkpt lat="46.693266" lon="25.820050">
        <ele>1568.454</ele>
        <time>2017-05-21T09:06:27Z</time>
      </trkpt>
      <trkpt lat="46.693357" lon="25.819984">
        <ele>1571.335</ele>
        <time>2017-05-21T09:06:42Z</time>
      </trkpt>
      <trkpt lat="46.693421" lon="25.819879">
        <ele>1573.586</ele>
        <time>2017-05-21T09:06:52Z</time>
      </trkpt>
      <trkpt lat="46.693503" lon="25.819801">
        <ele>1574.914</ele>
        <time>2017-05-21T09:07:00Z</time>
      </trkpt>
      <trkpt lat="46.693556" lon="25.819690">
        <ele>1576.908</ele>
        <time>2017-05-21T09:07:09Z</time>
      </trkpt>
      <trkpt lat="46.693633" lon="25.819606">
        <ele>1578.094</ele>
        <time>2017-05-21T09:07:18Z</time>
      </trkpt>
      <trkpt lat="46.693713" lon="25.819529">
        <ele>1578.060</ele>
        <time>2017-05-21T09:07:27Z</time>
      </trkpt>
      <trkpt lat="46.693792" lon="25.819467">
        <ele>1577.621</ele>
        <time>2017-05-21T09:07:35Z</time>
      </trkpt>
      <trkpt lat="46.693875" lon="25.819399">
        <ele>1577.688</ele>
        <time>2017-05-21T09:07:45Z</time>
      </trkpt>
      <trkpt lat="46.693952" lon="25.819319">
        <ele>1579.452</ele>
        <time>2017-05-21T09:07:54Z</time>
      </trkpt>
      <trkpt lat="46.694024" lon="25.819232">
        <ele>1581.679</ele>
        <time>2017-05-21T09:08:08Z</time>
      </trkpt>
      <trkpt lat="46.694101" lon="25.819142">
        <ele>1583.850</ele>
        <time>2017-05-21T09:08:19Z</time>
      </trkpt>
      <trkpt lat="46.694187" lon="25.819094">
        <ele>1584.950</ele>
        <time>2017-05-21T09:08:29Z</time>
      </trkpt>
      <trkpt lat="46.694261" lon="25.819022">
        <ele>1587.379</ele>
        <time>2017-05-21T09:08:40Z</time>
      </trkpt>
      <trkpt lat="46.694347" lon="25.818960">
        <ele>1589.305</ele>
        <time>2017-05-21T09:08:54Z</time>
      </trkpt>
      <trkpt lat="46.694422" lon="25.818885">
        <ele>1590.925</ele>
        <time>2017-05-21T09:09:22Z</time>
      </trkpt>
      <trkpt lat="46.694508" lon="25.818834">
        <ele>1592.608</ele>
        <time>2017-05-21T09:09:33Z</time>
      </trkpt>
      <trkpt lat="46.694587" lon="25.818766">
        <ele>1594.288</ele>
        <time>2017-05-21T09:09:49Z</time>
      </trkpt>
      <trkpt lat="46.694680" lon="25.818727">
        <ele>1595.574</ele>
        <time>2017-05-21T09:10:05Z</time>
      </trkpt>
      <trkpt lat="46.694753" lon="25.818641">
        <ele>1596.645</ele>
        <time>2017-05-21T09:10:20Z</time>
      </trkpt>
      <trkpt lat="46.694827" lon="25.818552">
        <ele>1598.232</ele>
        <time>2017-05-21T09:10:35Z</time>
      </trkpt>
      <trkpt lat="46.694896" lon="25.818466">
        <ele>1599.876</ele>
        <time>2017-05-21T09:10:49Z</time>
      </trkpt>
      <trkpt lat="46.694935" lon="25.818337">
        <ele>1601.013</ele>
        <time>2017-05-21T09:11:02Z</time>
      </trkpt>
      <trkpt lat="46.695029" lon="25.818302">
        <ele>1602.494</ele>
        <time>2017-05-21T09:11:15Z</time>
      </trkpt>
      <trkpt lat="46.695115" lon="25.818231">
        <ele>1603.444</ele>
        <time>2017-05-21T09:12:58Z</time>
      </trkpt>
      <trkpt lat="46.695185" lon="25.818128">
        <ele>1604.449</ele>
        <time>2017-05-21T09:14:18Z</time>
      </trkpt>
      <trkpt lat="46.695225" lon="25.817998">
        <ele>1605.902</ele>
        <time>2017-05-21T09:14:27Z</time>
      </trkpt>
      <trkpt lat="46.695278" lon="25.817881">
        <ele>1607.522</ele>
        <time>2017-05-21T09:14:38Z</time>
      </trkpt>
      <trkpt lat="46.695320" lon="25.817761">
        <ele>1609.108</ele>
        <time>2017-05-21T09:14:49Z</time>
      </trkpt>
      <trkpt lat="46.695363" lon="25.817634">
        <ele>1610.845</ele>
        <time>2017-05-21T09:14:58Z</time>
      </trkpt>
      <trkpt lat="46.695402" lon="25.817512">
        <ele>1612.481</ele>
        <time>2017-05-21T09:15:07Z</time>
      </trkpt>
      <trkpt lat="46.695474" lon="25.817429">
        <ele>1613.042</ele>
        <time>2017-05-21T09:15:17Z</time>
      </trkpt>
      <trkpt lat="46.695527" lon="25.817321">
        <ele>1614.059</ele>
        <time>2017-05-21T09:15:25Z</time>
      </trkpt>
      <trkpt lat="46.695564" lon="25.817191">
        <ele>1615.273</ele>
        <time>2017-05-21T09:15:33Z</time>
      </trkpt>
      <trkpt lat="46.695614" lon="25.817073">
        <ele>1615.910</ele>
        <time>2017-05-21T09:15:45Z</time>
      </trkpt>
      <trkpt lat="46.695659" lon="25.816955">
        <ele>1616.941</ele>
        <time>2017-05-21T09:15:54Z</time>
      </trkpt>
      <trkpt lat="46.695704" lon="25.816833">
        <ele>1617.591</ele>
        <time>2017-05-21T09:16:04Z</time>
      </trkpt>
      <trkpt lat="46.695768" lon="25.816712">
        <ele>1618.753</ele>
        <time>2017-05-21T09:16:17Z</time>
      </trkpt>
      <trkpt lat="46.695837" lon="25.816602">
        <ele>1620.504</ele>
        <time>2017-05-21T09:16:24Z</time>
      </trkpt>
      <trkpt lat="46.695893" lon="25.816496">
        <ele>1621.214</ele>
        <time>2017-05-21T09:16:31Z</time>
      </trkpt>
      <trkpt lat="46.695953" lon="25.816394">
        <ele>1622.008</ele>
        <time>2017-05-21T09:16:37Z</time>
      </trkpt>
      <trkpt lat="46.696009" lon="25.816285">
        <ele>1622.956</ele>
        <time>2017-05-21T09:16:47Z</time>
      </trkpt>
      <trkpt lat="46.696069" lon="25.816184">
        <ele>1623.652</ele>
        <time>2017-05-21T09:16:56Z</time>
      </trkpt>
      <trkpt lat="46.696137" lon="25.816097">
        <ele>1624.313</ele>
        <time>2017-05-21T09:17:06Z</time>
      </trkpt>
      <trkpt lat="46.696199" lon="25.815992">
        <ele>1625.680</ele>
        <time>2017-05-21T09:17:16Z</time>
      </trkpt>
      <trkpt lat="46.696217" lon="25.815863">
        <ele>1626.774</ele>
        <time>2017-05-21T09:17:26Z</time>
      </trkpt>
      <trkpt lat="46.696273" lon="25.815753">
        <ele>1627.931</ele>
        <time>2017-05-21T09:17:36Z</time>
      </trkpt>
      <trkpt lat="46.696317" lon="25.815626">
        <ele>1628.712</ele>
        <time>2017-05-21T09:17:46Z</time>
      </trkpt>
      <trkpt lat="46.696388" lon="25.815539">
        <ele>1629.922</ele>
        <time>2017-05-21T09:17:55Z</time>
      </trkpt>
      <trkpt lat="46.696450" lon="25.815425">
        <ele>1630.995</ele>
        <time>2017-05-21T09:18:04Z</time>
      </trkpt>
      <trkpt lat="46.696497" lon="25.815301">
        <ele>1631.649</ele>
        <time>2017-05-21T09:18:12Z</time>
      </trkpt>
      <trkpt lat="46.696542" lon="25.815181">
        <ele>1632.423</ele>
        <time>2017-05-21T09:18:20Z</time>
      </trkpt>
      <trkpt lat="46.696583" lon="25.815061">
        <ele>1632.708</ele>
        <time>2017-05-21T09:18:29Z</time>
      </trkpt>
      <trkpt lat="46.696643" lon="25.814964">
        <ele>1633.570</ele>
        <time>2017-05-21T09:18:38Z</time>
      </trkpt>
      <trkpt lat="46.696697" lon="25.814840">
        <ele>1634.556</ele>
        <time>2017-05-21T09:18:48Z</time>
      </trkpt>
      <trkpt lat="46.696736" lon="25.814714">
        <ele>1635.377</ele>
        <time>2017-05-21T09:18:58Z</time>
      </trkpt>
      <trkpt lat="46.696798" lon="25.814608">
        <ele>1636.474</ele>
        <time>2017-05-21T09:19:10Z</time>
      </trkpt>
      <trkpt lat="46.696882" lon="25.814537">
        <ele>1637.538</ele>
        <time>2017-05-21T09:19:22Z</time>
      </trkpt>
      <trkpt lat="46.696951" lon="25.814441">
        <ele>1638.165</ele>
        <time>2017-05-21T09:19:33Z</time>
      </trkpt>
      <trkpt lat="46.697022" lon="25.814348">
        <ele>1639.656</ele>
        <time>2017-05-21T09:19:43Z</time>
      </trkpt>
      <trkpt lat="46.697095" lon="25.814236">
        <ele>1641.186</ele>
        <time>2017-05-21T09:19:54Z</time>
      </trkpt>
      <trkpt lat="46.697177" lon="25.814162">
        <ele>1642.417</ele>
        <time>2017-05-21T09:20:13Z</time>
      </trkpt>
      <trkpt lat="46.697247" lon="25.814074">
        <ele>1643.687</ele>
        <time>2017-05-21T09:20:25Z</time>
      </trkpt>
      <trkpt lat="46.697328" lon="25.814002">
        <ele>1645.015</ele>
        <time>2017-05-21T09:20:36Z</time>
      </trkpt>
      <trkpt lat="46.697403" lon="25.813930">
        <ele>1646.408</ele>
        <time>2017-05-21T09:20:46Z</time>
      </trkpt>
      <trkpt lat="46.697483" lon="25.813864">
        <ele>1647.952</ele>
        <time>2017-05-21T09:20:58Z</time>
      </trkpt>
      <trkpt lat="46.697568" lon="25.813796">
        <ele>1649.678</ele>
        <time>2017-05-21T09:21:08Z</time>
      </trkpt>
      <trkpt lat="46.697659" lon="25.813735">
        <ele>1651.429</ele>
        <time>2017-05-21T09:21:17Z</time>
      </trkpt>
      <trkpt lat="46.697748" lon="25.813680">
        <ele>1653.156</ele>
        <time>2017-05-21T09:21:26Z</time>
      </trkpt>
      <trkpt lat="46.697832" lon="25.813626">
        <ele>1654.130</ele>
        <time>2017-05-21T09:21:42Z</time>
      </trkpt>
      <trkpt lat="46.697923" lon="25.813600">
        <ele>1654.737</ele>
        <time>2017-05-21T09:21:53Z</time>
      </trkpt>
      <trkpt lat="46.698021" lon="25.813597">
        <ele>1655.258</ele>
        <time>2017-05-21T09:22:07Z</time>
      </trkpt>
      <trkpt lat="46.698110" lon="25.813572">
        <ele>1654.848</ele>
        <time>2017-05-21T09:22:18Z</time>
      </trkpt>
      <trkpt lat="46.698193" lon="25.813516">
        <ele>1654.884</ele>
        <time>2017-05-21T09:22:26Z</time>
      </trkpt>
      <trkpt lat="46.698292" lon="25.813455">
        <ele>1655.207</ele>
        <time>2017-05-21T09:22:42Z</time>
      </trkpt>
      <trkpt lat="46.698381" lon="25.813395">
        <ele>1656.517</ele>
        <time>2017-05-21T09:22:49Z</time>
      </trkpt>
      <trkpt lat="46.698469" lon="25.813348">
        <ele>1657.508</ele>
        <time>2017-05-21T09:22:58Z</time>
      </trkpt>
      <trkpt lat="46.698559" lon="25.813290">
        <ele>1658.719</ele>
        <time>2017-05-21T09:23:06Z</time>
      </trkpt>
      <trkpt lat="46.698655" lon="25.813224">
        <ele>1660.015</ele>
        <time>2017-05-21T09:23:14Z</time>
      </trkpt>
      <trkpt lat="46.698746" lon="25.813192">
        <ele>1660.636</ele>
        <time>2017-05-21T09:23:22Z</time>
      </trkpt>
      <trkpt lat="46.698790" lon="25.813064">
        <ele>1663.533</ele>
        <time>2017-05-21T09:23:29Z</time>
      </trkpt>
      <trkpt lat="46.698884" lon="25.812992">
        <ele>1664.637</ele>
        <time>2017-05-21T09:23:40Z</time>
      </trkpt>
      <trkpt lat="46.698972" lon="25.812957">
        <ele>1664.844</ele>
        <time>2017-05-21T09:23:48Z</time>
      </trkpt>
      <trkpt lat="46.699084" lon="25.812905">
        <ele>1665.485</ele>
        <time>2017-05-21T09:23:56Z</time>
      </trkpt>
      <trkpt lat="46.699162" lon="25.812809">
        <ele>1668.035</ele>
        <time>2017-05-21T09:24:11Z</time>
      </trkpt>
      <trkpt lat="46.699236" lon="25.812729">
        <ele>1668.481</ele>
        <time>2017-05-21T09:24:22Z</time>
      </trkpt>
      <trkpt lat="46.699323" lon="25.812689">
        <ele>1667.161</ele>
        <time>2017-05-21T09:24:33Z</time>
      </trkpt>
      <trkpt lat="46.699402" lon="25.812626">
        <ele>1666.617</ele>
        <time>2017-05-21T09:24:42Z</time>
      </trkpt>
      <trkpt lat="46.699486" lon="25.812572">
        <ele>1665.908</ele>
        <time>2017-05-21T09:24:51Z</time>
      </trkpt>
      <trkpt lat="46.699596" lon="25.812545">
        <ele>1663.979</ele>
        <time>2017-05-21T09:25:01Z</time>
      </trkpt>
      <trkpt lat="46.699682" lon="25.812494">
        <ele>1663.295</ele>
        <time>2017-05-21T09:25:06Z</time>
      </trkpt>
      <trkpt lat="46.699755" lon="25.812403">
        <ele>1664.696</ele>
        <time>2017-05-21T09:25:15Z</time>
      </trkpt>
      <trkpt lat="46.699846" lon="25.812395">
        <ele>1663.353</ele>
        <time>2017-05-21T09:25:23Z</time>
      </trkpt>
      <trkpt lat="46.699933" lon="25.812349">
        <ele>1663.567</ele>
        <time>2017-05-21T09:25:29Z</time>
      </trkpt>
      <trkpt lat="46.700019" lon="25.812285">
        <ele>1664.234</ele>
        <time>2017-05-21T09:25:40Z</time>
      </trkpt>
      <trkpt lat="46.700116" lon="25.812280">
        <ele>1661.785</ele>
        <time>2017-05-21T09:25:51Z</time>
      </trkpt>
      <trkpt lat="46.700210" lon="25.812304">
        <ele>1658.155</ele>
        <time>2017-05-21T09:26:04Z</time>
      </trkpt>
      <trkpt lat="46.700294" lon="25.812239">
        <ele>1658.846</ele>
        <time>2017-05-21T09:26:11Z</time>
      </trkpt>
      <trkpt lat="46.700382" lon="25.812182">
        <ele>1658.588</ele>
        <time>2017-05-21T09:26:18Z</time>
      </trkpt>
      <trkpt lat="46.700465" lon="25.812114">
        <ele>1658.616</ele>
        <time>2017-05-21T09:26:30Z</time>
      </trkpt>
      <trkpt lat="46.700534" lon="25.812027">
        <ele>1659.708</ele>
        <time>2017-05-21T09:26:37Z</time>
      </trkpt>
      <trkpt lat="46.700619" lon="25.811949">
        <ele>1660.555</ele>
        <time>2017-05-21T09:26:46Z</time>
      </trkpt>
      <trkpt lat="46.700702" lon="25.811870">
        <ele>1661.381</ele>
        <time>2017-05-21T09:26:53Z</time>
      </trkpt>
      <trkpt lat="46.700789" lon="25.811794">
        <ele>1662.252</ele>
        <time>2017-05-21T09:27:03Z</time>
      </trkpt>
      <trkpt lat="46.700871" lon="25.811735">
        <ele>1662.759</ele>
        <time>2017-05-21T09:27:12Z</time>
      </trkpt>
      <trkpt lat="46.700957" lon="25.811681">
        <ele>1662.443</ele>
        <time>2017-05-21T09:27:25Z</time>
      </trkpt>
      <trkpt lat="46.701046" lon="25.811632">
        <ele>1661.480</ele>
        <time>2017-05-21T09:27:36Z</time>
      </trkpt>
      <trkpt lat="46.701141" lon="25.811580">
        <ele>1660.751</ele>
        <time>2017-05-21T09:27:43Z</time>
      </trkpt>
      <trkpt lat="46.701227" lon="25.811532">
        <ele>1661.181</ele>
        <time>2017-05-21T09:27:51Z</time>
      </trkpt>
      <trkpt lat="46.701269" lon="25.811410">
        <ele>1663.488</ele>
        <time>2017-05-21T09:28:03Z</time>
      </trkpt>
      <trkpt lat="46.701297" lon="25.811284">
        <ele>1666.124</ele>
        <time>2017-05-21T09:28:13Z</time>
      </trkpt>
      <trkpt lat="46.701383" lon="25.811238">
        <ele>1666.326</ele>
        <time>2017-05-21T09:28:20Z</time>
      </trkpt>
      <trkpt lat="46.701475" lon="25.811209">
        <ele>1667.308</ele>
        <time>2017-05-21T09:28:34Z</time>
      </trkpt>
      <trkpt lat="46.701558" lon="25.811147">
        <ele>1668.949</ele>
        <time>2017-05-21T09:29:09Z</time>
      </trkpt>
      <trkpt lat="46.701542" lon="25.811016">
        <ele>1671.435</ele>
        <time>2017-05-21T09:29:29Z</time>
      </trkpt>
      <trkpt lat="46.701545" lon="25.810875">
        <ele>1674.296</ele>
        <time>2017-05-21T09:29:49Z</time>
      </trkpt>
      <trkpt lat="46.701569" lon="25.810747">
        <ele>1676.993</ele>
        <time>2017-05-21T09:30:15Z</time>
      </trkpt>
      <trkpt lat="46.701615" lon="25.810630">
        <ele>1679.477</ele>
        <time>2017-05-21T09:30:30Z</time>
      </trkpt>
      <trkpt lat="46.701658" lon="25.810514">
        <ele>1681.774</ele>
        <time>2017-05-21T09:30:57Z</time>
      </trkpt>
      <trkpt lat="46.701694" lon="25.810392">
        <ele>1684.465</ele>
        <time>2017-05-21T09:31:37Z</time>
      </trkpt>
      <trkpt lat="46.701688" lon="25.810260">
        <ele>1686.985</ele>
        <time>2017-05-21T09:31:51Z</time>
      </trkpt>
      <trkpt lat="46.701727" lon="25.810141">
        <ele>1690.628</ele>
        <time>2017-05-21T09:32:09Z</time>
      </trkpt>
      <trkpt lat="46.701756" lon="25.810012">
        <ele>1694.389</ele>
        <time>2017-05-21T09:32:29Z</time>
      </trkpt>
      <trkpt lat="46.701737" lon="25.809879">
        <ele>1696.417</ele>
        <time>2017-05-21T09:32:55Z</time>
      </trkpt>
      <trkpt lat="46.701745" lon="25.809743">
        <ele>1699.008</ele>
        <time>2017-05-21T09:33:13Z</time>
      </trkpt>
      <trkpt lat="46.701748" lon="25.809612">
        <ele>1700.853</ele>
        <time>2017-05-21T09:33:32Z</time>
      </trkpt>
      <trkpt lat="46.701752" lon="25.809471">
        <ele>1702.559</ele>
        <time>2017-05-21T09:33:49Z</time>
      </trkpt>
      <trkpt lat="46.701774" lon="25.809344">
        <ele>1704.210</ele>
        <time>2017-05-21T09:34:06Z</time>
      </trkpt>
      <trkpt lat="46.701795" lon="25.809212">
        <ele>1706.217</ele>
        <time>2017-05-21T09:34:23Z</time>
      </trkpt>
      <trkpt lat="46.701854" lon="25.809113">
        <ele>1709.461</ele>
        <time>2017-05-21T09:34:44Z</time>
      </trkpt>
      <trkpt lat="46.701918" lon="25.809017">
        <ele>1713.118</ele>
        <time>2017-05-21T09:35:19Z</time>
      </trkpt>
      <trkpt lat="46.701946" lon="25.808890">
        <ele>1716.019</ele>
        <time>2017-05-21T09:35:30Z</time>
      </trkpt>
      <trkpt lat="46.701973" lon="25.808759">
        <ele>1717.619</ele>
        <time>2017-05-21T09:35:41Z</time>
      </trkpt>
      <trkpt lat="46.702020" lon="25.808638">
        <ele>1719.591</ele>
        <time>2017-05-21T09:35:54Z</time>
      </trkpt>
      <trkpt lat="46.702005" lon="25.808502">
        <ele>1718.581</ele>
        <time>2017-05-21T09:36:07Z</time>
      </trkpt>
      <trkpt lat="46.701991" lon="25.808367">
        <ele>1717.219</ele>
        <time>2017-05-21T09:36:16Z</time>
      </trkpt>
      <trkpt lat="46.701965" lon="25.808240">
        <ele>1715.808</ele>
        <time>2017-05-21T09:36:29Z</time>
      </trkpt>
      <trkpt lat="46.701948" lon="25.808105">
        <ele>1714.460</ele>
        <time>2017-05-21T09:36:42Z</time>
      </trkpt>
      <trkpt lat="46.701935" lon="25.807972">
        <ele>1712.336</ele>
        <time>2017-05-21T09:36:52Z</time>
      </trkpt>
      <trkpt lat="46.701899" lon="25.807852">
        <ele>1708.847</ele>
        <time>2017-05-21T09:37:01Z</time>
      </trkpt>
      <trkpt lat="46.701904" lon="25.807710">
        <ele>1707.484</ele>
        <time>2017-05-21T09:37:19Z</time>
      </trkpt>
      <trkpt lat="46.701886" lon="25.807580">
        <ele>1705.248</ele>
        <time>2017-05-21T09:38:17Z</time>
      </trkpt>
      <trkpt lat="46.701915" lon="25.807452">
        <ele>1706.185</ele>
        <time>2017-05-21T09:38:27Z</time>
      </trkpt>
      <trkpt lat="46.701965" lon="25.807333">
        <ele>1709.156</ele>
        <time>2017-05-21T09:38:35Z</time>
      </trkpt>
      <trkpt lat="46.701989" lon="25.807201">
        <ele>1710.036</ele>
        <time>2017-05-21T09:38:44Z</time>
      </trkpt>
      <trkpt lat="46.702041" lon="25.807076">
        <ele>1710.462</ele>
        <time>2017-05-21T09:38:53Z</time>
      </trkpt>
      <trkpt lat="46.702122" lon="25.807007">
        <ele>1713.983</ele>
        <time>2017-05-21T09:39:04Z</time>
      </trkpt>
      <trkpt lat="46.702198" lon="25.806930">
        <ele>1717.111</ele>
        <time>2017-05-21T09:39:17Z</time>
      </trkpt>
      <trkpt lat="46.702263" lon="25.806837">
        <ele>1718.308</ele>
        <time>2017-05-21T09:39:30Z</time>
      </trkpt>
      <trkpt lat="46.702351" lon="25.806792">
        <ele>1721.427</ele>
        <time>2017-05-21T09:39:48Z</time>
      </trkpt>
      <trkpt lat="46.702435" lon="25.806733">
        <ele>1724.283</ele>
        <time>2017-05-21T09:40:03Z</time>
      </trkpt>
      <trkpt lat="46.702527" lon="25.806719">
        <ele>1728.464</ele>
        <time>2017-05-21T09:40:14Z</time>
      </trkpt>
      <trkpt lat="46.702615" lon="25.806679">
        <ele>1731.611</ele>
        <time>2017-05-21T09:40:27Z</time>
      </trkpt>
      <trkpt lat="46.702706" lon="25.806634">
        <ele>1735.085</ele>
        <time>2017-05-21T09:40:40Z</time>
      </trkpt>
      <trkpt lat="46.702797" lon="25.806582">
        <ele>1738.362</ele>
        <time>2017-05-21T09:41:07Z</time>
      </trkpt>
      <trkpt lat="46.702853" lon="25.806465">
        <ele>1739.183</ele>
        <time>2017-05-21T09:41:15Z</time>
      </trkpt>
      <trkpt lat="46.702910" lon="25.806346">
        <ele>1741.063</ele>
        <time>2017-05-21T09:41:24Z</time>
      </trkpt>
      <trkpt lat="46.702945" lon="25.806220">
        <ele>1742.742</ele>
        <time>2017-05-21T09:41:34Z</time>
      </trkpt>
      <trkpt lat="46.702986" lon="25.806096">
        <ele>1745.422</ele>
        <time>2017-05-21T09:41:46Z</time>
      </trkpt>
      <trkpt lat="46.703035" lon="25.805970">
        <ele>1749.714</ele>
        <time>2017-05-21T09:41:57Z</time>
      </trkpt>
      <trkpt lat="46.703044" lon="25.805836">
        <ele>1751.308</ele>
        <time>2017-05-21T09:42:07Z</time>
      </trkpt>
      <trkpt lat="46.703044" lon="25.805701">
        <ele>1753.235</ele>
        <time>2017-05-21T09:42:16Z</time>
      </trkpt>
      <trkpt lat="46.703034" lon="25.805564">
        <ele>1754.671</ele>
        <time>2017-05-21T09:42:30Z</time>
      </trkpt>
      <trkpt lat="46.703054" lon="25.805422">
        <ele>1755.922</ele>
        <time>2017-05-21T09:42:41Z</time>
      </trkpt>
      <trkpt lat="46.703062" lon="25.805287">
        <ele>1756.219</ele>
        <time>2017-05-21T09:42:50Z</time>
      </trkpt>
      <trkpt lat="46.703068" lon="25.805146">
        <ele>1757.383</ele>
        <time>2017-05-21T09:43:04Z</time>
      </trkpt>
      <trkpt lat="46.703088" lon="25.805013">
        <ele>1758.720</ele>
        <time>2017-05-21T09:43:17Z</time>
      </trkpt>
      <trkpt lat="46.703061" lon="25.804887">
        <ele>1758.111</ele>
        <time>2017-05-21T09:44:28Z</time>
      </trkpt>
      <trkpt lat="46.703116" lon="25.804775">
        <ele>1759.751</ele>
        <time>2017-05-21T09:44:39Z</time>
      </trkpt>
      <trkpt lat="46.703151" lon="25.804647">
        <ele>1760.675</ele>
        <time>2017-05-21T09:44:48Z</time>
      </trkpt>
      <trkpt lat="46.703163" lon="25.804506">
        <ele>1760.628</ele>
        <time>2017-05-21T09:44:58Z</time>
      </trkpt>
      <trkpt lat="46.703208" lon="25.804392">
        <ele>1761.620</ele>
        <time>2017-05-21T09:45:09Z</time>
      </trkpt>
      <trkpt lat="46.703248" lon="25.804269">
        <ele>1762.208</ele>
        <time>2017-05-21T09:45:18Z</time>
      </trkpt>
      <trkpt lat="46.703301" lon="25.804161">
        <ele>1763.168</ele>
        <time>2017-05-21T09:45:29Z</time>
      </trkpt>
      <trkpt lat="46.703309" lon="25.804026">
        <ele>1763.344</ele>
        <time>2017-05-21T09:46:06Z</time>
      </trkpt>
      <trkpt lat="46.703350" lon="25.803909">
        <ele>1764.525</ele>
        <time>2017-05-21T09:46:15Z</time>
      </trkpt>
      <trkpt lat="46.703396" lon="25.803795">
        <ele>1766.652</ele>
        <time>2017-05-21T09:46:23Z</time>
      </trkpt>
      <trkpt lat="46.703433" lon="25.803675">
        <ele>1768.516</ele>
        <time>2017-05-21T09:46:32Z</time>
      </trkpt>
      <trkpt lat="46.703470" lon="25.803543">
        <ele>1768.253</ele>
        <time>2017-05-21T09:46:43Z</time>
      </trkpt>
      <trkpt lat="46.703488" lon="25.803405">
        <ele>1765.394</ele>
        <time>2017-05-21T09:46:54Z</time>
      </trkpt>
      <trkpt lat="46.703497" lon="25.803271">
        <ele>1761.394</ele>
        <time>2017-05-21T09:47:04Z</time>
      </trkpt>
      <trkpt lat="46.703532" lon="25.803138">
        <ele>1757.367</ele>
        <time>2017-05-21T09:47:16Z</time>
      </trkpt>
      <trkpt lat="46.703612" lon="25.803210">
        <ele>1762.681</ele>
        <time>2017-05-21T09:50:06Z</time>
      </trkpt>
      <trkpt lat="46.703667" lon="25.803321">
        <ele>1768.019</ele>
        <time>2017-05-21T09:50:15Z</time>
      </trkpt>
      <trkpt lat="46.703716" lon="25.803442">
        <ele>1771.508</ele>
        <time>2017-05-21T09:50:24Z</time>
      </trkpt>
      <trkpt lat="46.703753" lon="25.803579">
        <ele>1774.127</ele>
        <time>2017-05-21T09:50:32Z</time>
      </trkpt>
      <trkpt lat="46.703790" lon="25.803711">
        <ele>1775.083</ele>
        <time>2017-05-21T09:50:41Z</time>
      </trkpt>
      <trkpt lat="46.703841" lon="25.803828">
        <ele>1776.084</ele>
        <time>2017-05-21T09:50:51Z</time>
      </trkpt>
      <trkpt lat="46.703909" lon="25.803931">
        <ele>1777.251</ele>
        <time>2017-05-21T09:51:00Z</time>
      </trkpt>
      <trkpt lat="46.703954" lon="25.804060">
        <ele>1777.875</ele>
        <time>2017-05-21T09:51:10Z</time>
      </trkpt>
      <trkpt lat="46.704014" lon="25.804160">
        <ele>1778.462</ele>
        <time>2017-05-21T09:51:24Z</time>
      </trkpt>
      <trkpt lat="46.704037" lon="25.804288">
        <ele>1778.873</ele>
        <time>2017-05-21T09:51:47Z</time>
      </trkpt>
      <trkpt lat="46.704109" lon="25.804374">
        <ele>1779.463</ele>
        <time>2017-05-21T09:51:58Z</time>
      </trkpt>
      <trkpt lat="46.704019" lon="25.804399">
        <ele>1778.925</ele>
        <time>2017-05-21T09:58:27Z</time>
      </trkpt>
      <trkpt lat="46.703937" lon="25.804460">
        <ele>1778.326</ele>
        <time>2017-05-21T09:58:38Z</time>
      </trkpt>
      <trkpt lat="46.703858" lon="25.804526">
        <ele>1777.108</ele>
        <time>2017-05-21T09:58:51Z</time>
      </trkpt>
      <trkpt lat="46.703847" lon="25.804228">
        <ele>1777.208</ele>
        <time>2017-05-21T10:28:43Z</time>
      </trkpt>
      <trkpt lat="46.703841" lon="25.804093">
        <ele>1776.963</ele>
        <time>2017-05-21T10:30:10Z</time>
      </trkpt>
      <trkpt lat="46.703802" lon="25.803972">
        <ele>1776.039</ele>
        <time>2017-05-21T10:30:19Z</time>
      </trkpt>
      <trkpt lat="46.703774" lon="25.803832">
        <ele>1775.230</ele>
        <time>2017-05-21T10:30:28Z</time>
      </trkpt>
      <trkpt lat="46.703742" lon="25.803705">
        <ele>1774.667</ele>
        <time>2017-05-21T10:30:37Z</time>
      </trkpt>
      <trkpt lat="46.703675" lon="25.803602">
        <ele>1774.031</ele>
        <time>2017-05-21T10:30:49Z</time>
      </trkpt>
      <trkpt lat="46.703585" lon="25.803644">
        <ele>1773.118</ele>
        <time>2017-05-21T10:30:57Z</time>
      </trkpt>
      <trkpt lat="46.703546" lon="25.803764">
        <ele>1771.419</ele>
        <time>2017-05-21T10:31:07Z</time>
      </trkpt>
      <trkpt lat="46.703497" lon="25.803885">
        <ele>1769.329</ele>
        <time>2017-05-21T10:31:16Z</time>
      </trkpt>
      <trkpt lat="46.703470" lon="25.804011">
        <ele>1768.489</ele>
        <time>2017-05-21T10:31:24Z</time>
      </trkpt>
      <trkpt lat="46.703430" lon="25.804136">
        <ele>1767.106</ele>
        <time>2017-05-21T10:31:32Z</time>
      </trkpt>
      <trkpt lat="46.703338" lon="25.804130">
        <ele>1764.226</ele>
        <time>2017-05-21T10:31:40Z</time>
      </trkpt>
      <trkpt lat="46.703267" lon="25.804223">
        <ele>1762.408</ele>
        <time>2017-05-21T10:31:48Z</time>
      </trkpt>
      <trkpt lat="46.703216" lon="25.804350">
        <ele>1761.719</ele>
        <time>2017-05-21T10:31:56Z</time>
      </trkpt>
      <trkpt lat="46.703160" lon="25.804475">
        <ele>1760.515</ele>
        <time>2017-05-21T10:32:03Z</time>
      </trkpt>
      <trkpt lat="46.703124" lon="25.804613">
        <ele>1759.716</ele>
        <time>2017-05-21T10:32:10Z</time>
      </trkpt>
      <trkpt lat="46.703105" lon="25.804747">
        <ele>1759.443</ele>
        <time>2017-05-21T10:32:16Z</time>
      </trkpt>
      <trkpt lat="46.703065" lon="25.804870">
        <ele>1758.327</ele>
        <time>2017-05-21T10:32:24Z</time>
      </trkpt>
      <trkpt lat="46.703052" lon="25.805020">
        <ele>1757.644</ele>
        <time>2017-05-21T10:32:33Z</time>
      </trkpt>
      <trkpt lat="46.703048" lon="25.805161">
        <ele>1756.455</ele>
        <time>2017-05-21T10:32:40Z</time>
      </trkpt>
      <trkpt lat="46.703038" lon="25.805292">
        <ele>1754.965</ele>
        <time>2017-05-21T10:32:46Z</time>
      </trkpt>
      <trkpt lat="46.703020" lon="25.805428">
        <ele>1753.893</ele>
        <time>2017-05-21T10:32:53Z</time>
      </trkpt>
      <trkpt lat="46.703003" lon="25.805563">
        <ele>1752.765</ele>
        <time>2017-05-21T10:32:59Z</time>
      </trkpt>
      <trkpt lat="46.703001" lon="25.805708">
        <ele>1750.621</ele>
        <time>2017-05-21T10:33:06Z</time>
      </trkpt>
      <trkpt lat="46.702988" lon="25.805853">
        <ele>1747.908</ele>
        <time>2017-05-21T10:33:14Z</time>
      </trkpt>
      <trkpt lat="46.702982" lon="25.805988">
        <ele>1746.220</ele>
        <time>2017-05-21T10:33:20Z</time>
      </trkpt>
      <trkpt lat="46.702958" lon="25.806118">
        <ele>1743.336</ele>
        <time>2017-05-21T10:33:27Z</time>
      </trkpt>
      <trkpt lat="46.702914" lon="25.806251">
        <ele>1740.897</ele>
        <time>2017-05-21T10:33:34Z</time>
      </trkpt>
      <trkpt lat="46.702855" lon="25.806367">
        <ele>1738.034</ele>
        <time>2017-05-21T10:33:41Z</time>
      </trkpt>
      <trkpt lat="46.702802" lon="25.806496">
        <ele>1737.198</ele>
        <time>2017-05-21T10:33:48Z</time>
      </trkpt>
      <trkpt lat="46.702746" lon="25.806608">
        <ele>1736.495</ele>
        <time>2017-05-21T10:33:55Z</time>
      </trkpt>
      <trkpt lat="46.702696" lon="25.806731">
        <ele>1736.236</ele>
        <time>2017-05-21T10:34:03Z</time>
      </trkpt>
      <trkpt lat="46.702647" lon="25.806855">
        <ele>1736.286</ele>
        <time>2017-05-21T10:34:09Z</time>
      </trkpt>
      <trkpt lat="46.702601" lon="25.806979">
        <ele>1736.235</ele>
        <time>2017-05-21T10:34:16Z</time>
      </trkpt>
      <trkpt lat="46.702570" lon="25.807114">
        <ele>1736.186</ele>
        <time>2017-05-21T10:34:23Z</time>
      </trkpt>
      <trkpt lat="46.702543" lon="25.807256">
        <ele>1736.214</ele>
        <time>2017-05-21T10:34:31Z</time>
      </trkpt>
      <trkpt lat="46.702495" lon="25.807376">
        <ele>1734.808</ele>
        <time>2017-05-21T10:34:40Z</time>
      </trkpt>
      <trkpt lat="46.702451" lon="25.807491">
        <ele>1733.194</ele>
        <time>2017-05-21T10:34:49Z</time>
      </trkpt>
      <trkpt lat="46.702400" lon="25.807602">
        <ele>1730.220</ele>
        <time>2017-05-21T10:34:58Z</time>
      </trkpt>
      <trkpt lat="46.702364" lon="25.807723">
        <ele>1728.041</ele>
        <time>2017-05-21T10:35:05Z</time>
      </trkpt>
      <trkpt lat="46.702340" lon="25.807856">
        <ele>1726.128</ele>
        <time>2017-05-21T10:35:12Z</time>
      </trkpt>
      <trkpt lat="46.702331" lon="25.807988">
        <ele>1724.762</ele>
        <time>2017-05-21T10:35:19Z</time>
      </trkpt>
      <trkpt lat="46.702304" lon="25.808116">
        <ele>1723.429</ele>
        <time>2017-05-21T10:35:25Z</time>
      </trkpt>
      <trkpt lat="46.702244" lon="25.808229">
        <ele>1722.180</ele>
        <time>2017-05-21T10:35:33Z</time>
      </trkpt>
      <trkpt lat="46.702161" lon="25.808285">
        <ele>1720.590</ele>
        <time>2017-05-21T10:35:43Z</time>
      </trkpt>
      <trkpt lat="46.702092" lon="25.808375">
        <ele>1719.561</ele>
        <time>2017-05-21T10:35:48Z</time>
      </trkpt>
      <trkpt lat="46.702011" lon="25.808467">
        <ele>1718.421</ele>
        <time>2017-05-21T10:35:54Z</time>
      </trkpt>
      <trkpt lat="46.701941" lon="25.808561">
        <ele>1717.513</ele>
        <time>2017-05-21T10:36:00Z</time>
      </trkpt>
      <trkpt lat="46.701873" lon="25.808673">
        <ele>1714.508</ele>
        <time>2017-05-21T10:36:07Z</time>
      </trkpt>
      <trkpt lat="46.701802" lon="25.808771">
        <ele>1710.717</ele>
        <time>2017-05-21T10:36:15Z</time>
      </trkpt>
      <trkpt lat="46.701715" lon="25.808832">
        <ele>1706.523</ele>
        <time>2017-05-21T10:36:22Z</time>
      </trkpt>
      <trkpt lat="46.701646" lon="25.808924">
        <ele>1703.554</ele>
        <time>2017-05-21T10:36:29Z</time>
      </trkpt>
      <trkpt lat="46.701571" lon="25.808999">
        <ele>1702.121</ele>
        <time>2017-05-21T10:36:37Z</time>
      </trkpt>
      <trkpt lat="46.701498" lon="25.809085">
        <ele>1701.065</ele>
        <time>2017-05-21T10:36:44Z</time>
      </trkpt>
      <trkpt lat="46.701414" lon="25.809162">
        <ele>1700.242</ele>
        <time>2017-05-21T10:36:50Z</time>
      </trkpt>
      <trkpt lat="46.701324" lon="25.809181">
        <ele>1698.933</ele>
        <time>2017-05-21T10:36:57Z</time>
      </trkpt>
      <trkpt lat="46.701234" lon="25.809179">
        <ele>1697.333</ele>
        <time>2017-05-21T10:37:06Z</time>
      </trkpt>
      <trkpt lat="46.701280" lon="25.809296">
        <ele>1699.298</ele>
        <time>2017-05-21T10:37:36Z</time>
      </trkpt>
      <trkpt lat="46.701351" lon="25.809387">
        <ele>1701.015</ele>
        <time>2017-05-21T10:37:44Z</time>
      </trkpt>
      <trkpt lat="46.701420" lon="25.809475">
        <ele>1701.626</ele>
        <time>2017-05-21T10:37:52Z</time>
      </trkpt>
      <trkpt lat="46.701506" lon="25.809534">
        <ele>1700.608</ele>
        <time>2017-05-21T10:38:01Z</time>
      </trkpt>
      <trkpt lat="46.701579" lon="25.809636">
        <ele>1699.270</ele>
        <time>2017-05-21T10:38:10Z</time>
      </trkpt>
      <trkpt lat="46.701568" lon="25.809782">
        <ele>1697.146</ele>
        <time>2017-05-21T10:38:17Z</time>
      </trkpt>
      <trkpt lat="46.701564" lon="25.809934">
        <ele>1694.057</ele>
        <time>2017-05-21T10:38:24Z</time>
      </trkpt>
      <trkpt lat="46.701528" lon="25.810056">
        <ele>1691.144</ele>
        <time>2017-05-21T10:38:32Z</time>
      </trkpt>
      <trkpt lat="46.701447" lon="25.810118">
        <ele>1689.298</ele>
        <time>2017-05-21T10:38:44Z</time>
      </trkpt>
      <trkpt lat="46.701496" lon="25.810238">
        <ele>1686.485</ele>
        <time>2017-05-21T10:39:21Z</time>
      </trkpt>
      <trkpt lat="46.701486" lon="25.810378">
        <ele>1683.866</ele>
        <time>2017-05-21T10:39:33Z</time>
      </trkpt>
      <trkpt lat="46.701455" lon="25.810505">
        <ele>1681.886</ele>
        <time>2017-05-21T10:39:41Z</time>
      </trkpt>
      <trkpt lat="46.701386" lon="25.810628">
        <ele>1679.516</ele>
        <time>2017-05-21T10:39:48Z</time>
      </trkpt>
      <trkpt lat="46.701433" lon="25.810739">
        <ele>1677.076</ele>
        <time>2017-05-21T10:40:13Z</time>
      </trkpt>
      <trkpt lat="46.701513" lon="25.810801">
        <ele>1675.713</ele>
        <time>2017-05-21T10:40:23Z</time>
      </trkpt>
      <trkpt lat="46.701527" lon="25.810945">
        <ele>1672.808</ele>
        <time>2017-05-21T10:40:33Z</time>
      </trkpt>
      <trkpt lat="46.701494" lon="25.811075">
        <ele>1670.142</ele>
        <time>2017-05-21T10:40:42Z</time>
      </trkpt>
      <trkpt lat="46.701420" lon="25.811182">
        <ele>1667.688</ele>
        <time>2017-05-21T10:40:49Z</time>
      </trkpt>
      <trkpt lat="46.701349" lon="25.811293">
        <ele>1665.449</ele>
        <time>2017-05-21T10:40:58Z</time>
      </trkpt>
      <trkpt lat="46.701272" lon="25.811377">
        <ele>1664.116</ele>
        <time>2017-05-21T10:41:06Z</time>
      </trkpt>
      <trkpt lat="46.701187" lon="25.811439">
        <ele>1663.410</ele>
        <time>2017-05-21T10:41:18Z</time>
      </trkpt>
      <trkpt lat="46.701092" lon="25.811484">
        <ele>1663.587</ele>
        <time>2017-05-21T10:41:25Z</time>
      </trkpt>
      <trkpt lat="46.700995" lon="25.811512">
        <ele>1665.728</ele>
        <time>2017-05-21T10:41:32Z</time>
      </trkpt>
      <trkpt lat="46.700909" lon="25.811570">
        <ele>1666.758</ele>
        <time>2017-05-21T10:41:40Z</time>
      </trkpt>
      <trkpt lat="46.700835" lon="25.811655">
        <ele>1666.378</ele>
        <time>2017-05-21T10:41:46Z</time>
      </trkpt>
      <trkpt lat="46.700753" lon="25.811732">
        <ele>1664.933</ele>
        <time>2017-05-21T10:41:53Z</time>
      </trkpt>
      <trkpt lat="46.700671" lon="25.811850">
        <ele>1662.526</ele>
        <time>2017-05-21T10:42:00Z</time>
      </trkpt>
      <trkpt lat="46.700584" lon="25.811923">
        <ele>1662.008</ele>
        <time>2017-05-21T10:42:06Z</time>
      </trkpt>
      <trkpt lat="46.700498" lon="25.811994">
        <ele>1662.018</ele>
        <time>2017-05-21T10:42:14Z</time>
      </trkpt>
      <trkpt lat="46.700415" lon="25.812062">
        <ele>1662.114</ele>
        <time>2017-05-21T10:42:21Z</time>
      </trkpt>
      <trkpt lat="46.700321" lon="25.812111">
        <ele>1663.175</ele>
        <time>2017-05-21T10:42:30Z</time>
      </trkpt>
      <trkpt lat="46.700232" lon="25.812155">
        <ele>1663.742</ele>
        <time>2017-05-21T10:42:37Z</time>
      </trkpt>
      <trkpt lat="46.700134" lon="25.812192">
        <ele>1664.776</ele>
        <time>2017-05-21T10:42:49Z</time>
      </trkpt>
      <trkpt lat="46.700037" lon="25.812222">
        <ele>1666.163</ele>
        <time>2017-05-21T10:42:56Z</time>
      </trkpt>
      <trkpt lat="46.699950" lon="25.812261">
        <ele>1666.344</ele>
        <time>2017-05-21T10:43:03Z</time>
      </trkpt>
      <trkpt lat="46.699860" lon="25.812333">
        <ele>1665.234</ele>
        <time>2017-05-21T10:43:11Z</time>
      </trkpt>
      <trkpt lat="46.699780" lon="25.812400">
        <ele>1664.324</ele>
        <time>2017-05-21T10:43:20Z</time>
      </trkpt>
      <trkpt lat="46.699691" lon="25.812464">
        <ele>1664.004</ele>
        <time>2017-05-21T10:43:32Z</time>
      </trkpt>
      <trkpt lat="46.699610" lon="25.812531">
        <ele>1663.914</ele>
        <time>2017-05-21T10:43:40Z</time>
      </trkpt>
      <trkpt lat="46.699526" lon="25.812583">
        <ele>1664.608</ele>
        <time>2017-05-21T10:43:46Z</time>
      </trkpt>
      <trkpt lat="46.699436" lon="25.812602">
        <ele>1666.393</ele>
        <time>2017-05-21T10:43:56Z</time>
      </trkpt>
      <trkpt lat="46.699341" lon="25.812639">
        <ele>1668.039</ele>
        <time>2017-05-21T10:44:05Z</time>
      </trkpt>
      <trkpt lat="46.699237" lon="25.812671">
        <ele>1670.120</ele>
        <time>2017-05-21T10:44:10Z</time>
      </trkpt>
      <trkpt lat="46.699173" lon="25.812775">
        <ele>1668.997</ele>
        <time>2017-05-21T10:44:19Z</time>
      </trkpt>
      <trkpt lat="46.699072" lon="25.812856">
        <ele>1667.071</ele>
        <time>2017-05-21T10:44:25Z</time>
      </trkpt>
      <trkpt lat="46.698987" lon="25.812902">
        <ele>1666.268</ele>
        <time>2017-05-21T10:44:32Z</time>
      </trkpt>
      <trkpt lat="46.698905" lon="25.812964">
        <ele>1665.289</ele>
        <time>2017-05-21T10:44:41Z</time>
      </trkpt>
      <trkpt lat="46.698815" lon="25.813012">
        <ele>1664.669</ele>
        <time>2017-05-21T10:44:50Z</time>
      </trkpt>
      <trkpt lat="46.698723" lon="25.813085">
        <ele>1663.466</ele>
        <time>2017-05-21T10:45:00Z</time>
      </trkpt>
      <trkpt lat="46.698656" lon="25.813174">
        <ele>1661.429</ele>
        <time>2017-05-21T10:45:07Z</time>
      </trkpt>
      <trkpt lat="46.698576" lon="25.813238">
        <ele>1660.121</ele>
        <time>2017-05-21T10:45:13Z</time>
      </trkpt>
      <trkpt lat="46.698474" lon="25.813280">
        <ele>1659.708</ele>
        <time>2017-05-21T10:45:22Z</time>
      </trkpt>
      <trkpt lat="46.698386" lon="25.813324">
        <ele>1658.927</ele>
        <time>2017-05-21T10:45:33Z</time>
      </trkpt>
      <trkpt lat="46.698302" lon="25.813406">
        <ele>1656.773</ele>
        <time>2017-05-21T10:45:41Z</time>
      </trkpt>
      <trkpt lat="46.698214" lon="25.813468">
        <ele>1655.844</ele>
        <time>2017-05-21T10:45:48Z</time>
      </trkpt>
      <trkpt lat="46.698127" lon="25.813545">
        <ele>1655.131</ele>
        <time>2017-05-21T10:45:57Z</time>
      </trkpt>
      <trkpt lat="46.698032" lon="25.813594">
        <ele>1655.375</ele>
        <time>2017-05-21T10:46:05Z</time>
      </trkpt>
      <trkpt lat="46.697941" lon="25.813626">
        <ele>1654.482</ele>
        <time>2017-05-21T10:46:13Z</time>
      </trkpt>
      <trkpt lat="46.697844" lon="25.813681">
        <ele>1653.613</ele>
        <time>2017-05-21T10:46:20Z</time>
      </trkpt>
      <trkpt lat="46.697748" lon="25.813728">
        <ele>1652.723</ele>
        <time>2017-05-21T10:46:27Z</time>
      </trkpt>
      <trkpt lat="46.697663" lon="25.813790">
        <ele>1651.179</ele>
        <time>2017-05-21T10:46:34Z</time>
      </trkpt>
      <trkpt lat="46.697569" lon="25.813813">
        <ele>1649.505</ele>
        <time>2017-05-21T10:46:41Z</time>
      </trkpt>
      <trkpt lat="46.697483" lon="25.813876">
        <ele>1647.825</ele>
        <time>2017-05-21T10:46:49Z</time>
      </trkpt>
      <trkpt lat="46.697413" lon="25.813963">
        <ele>1646.308</ele>
        <time>2017-05-21T10:46:56Z</time>
      </trkpt>
      <trkpt lat="46.697341" lon="25.814050">
        <ele>1644.988</ele>
        <time>2017-05-21T10:47:04Z</time>
      </trkpt>
      <trkpt lat="46.697253" lon="25.814107">
        <ele>1643.694</ele>
        <time>2017-05-21T10:47:11Z</time>
      </trkpt>
      <trkpt lat="46.697186" lon="25.814196">
        <ele>1642.585</ele>
        <time>2017-05-21T10:47:18Z</time>
      </trkpt>
      <trkpt lat="46.697112" lon="25.814278">
        <ele>1641.392</ele>
        <time>2017-05-21T10:47:25Z</time>
      </trkpt>
      <trkpt lat="46.697031" lon="25.814347">
        <ele>1639.816</ele>
        <time>2017-05-21T10:47:32Z</time>
      </trkpt>
      <trkpt lat="46.696957" lon="25.814430">
        <ele>1638.393</ele>
        <time>2017-05-21T10:47:40Z</time>
      </trkpt>
      <trkpt lat="46.696882" lon="25.814526">
        <ele>1637.594</ele>
        <time>2017-05-21T10:47:47Z</time>
      </trkpt>
      <trkpt lat="46.696816" lon="25.814615">
        <ele>1636.784</ele>
        <time>2017-05-21T10:47:53Z</time>
      </trkpt>
      <trkpt lat="46.696727" lon="25.814731">
        <ele>1635.137</ele>
        <time>2017-05-21T10:48:02Z</time>
      </trkpt>
      <trkpt lat="46.696676" lon="25.814840">
        <ele>1634.249</ele>
        <time>2017-05-21T10:48:09Z</time>
      </trkpt>
      <trkpt lat="46.696625" lon="25.814962">
        <ele>1633.113</ele>
        <time>2017-05-21T10:48:17Z</time>
      </trkpt>
      <trkpt lat="46.696564" lon="25.815073">
        <ele>1632.308</ele>
        <time>2017-05-21T10:48:24Z</time>
      </trkpt>
      <trkpt lat="46.696521" lon="25.815191">
        <ele>1631.834</ele>
        <time>2017-05-21T10:48:31Z</time>
      </trkpt>
      <trkpt lat="46.696471" lon="25.815309">
        <ele>1630.950</ele>
        <time>2017-05-21T10:48:38Z</time>
      </trkpt>
      <trkpt lat="46.696430" lon="25.815436">
        <ele>1630.461</ele>
        <time>2017-05-21T10:48:45Z</time>
      </trkpt>
      <trkpt lat="46.696379" lon="25.815544">
        <ele>1629.748</ele>
        <time>2017-05-21T10:48:52Z</time>
      </trkpt>
      <trkpt lat="46.696333" lon="25.815668">
        <ele>1629.072</ele>
        <time>2017-05-21T10:48:59Z</time>
      </trkpt>
      <trkpt lat="46.696262" lon="25.815773">
        <ele>1627.769</ele>
        <time>2017-05-21T10:49:06Z</time>
      </trkpt>
      <trkpt lat="46.696212" lon="25.815886">
        <ele>1626.580</ele>
        <time>2017-05-21T10:49:14Z</time>
      </trkpt>
      <trkpt lat="46.696140" lon="25.815979">
        <ele>1624.940</ele>
        <time>2017-05-21T10:49:21Z</time>
      </trkpt>
      <trkpt lat="46.696090" lon="25.816099">
        <ele>1624.112</ele>
        <time>2017-05-21T10:49:28Z</time>
      </trkpt>
      <trkpt lat="46.696033" lon="25.816214">
        <ele>1623.432</ele>
        <time>2017-05-21T10:49:35Z</time>
      </trkpt>
      <trkpt lat="46.695967" lon="25.816332">
        <ele>1622.505</ele>
        <time>2017-05-21T10:49:43Z</time>
      </trkpt>
      <trkpt lat="46.695898" lon="25.816444">
        <ele>1621.608</ele>
        <time>2017-05-21T10:49:51Z</time>
      </trkpt>
      <trkpt lat="46.695859" lon="25.816564">
        <ele>1620.762</ele>
        <time>2017-05-21T10:49:57Z</time>
      </trkpt>
      <trkpt lat="46.695800" lon="25.816681">
        <ele>1619.438</ele>
        <time>2017-05-21T10:50:04Z</time>
      </trkpt>
      <trkpt lat="46.695751" lon="25.816800">
        <ele>1617.999</ele>
        <time>2017-05-21T10:50:11Z</time>
      </trkpt>
      <trkpt lat="46.695700" lon="25.816911">
        <ele>1617.196</ele>
        <time>2017-05-21T10:50:18Z</time>
      </trkpt>
      <trkpt lat="46.695645" lon="25.817031">
        <ele>1616.210</ele>
        <time>2017-05-21T10:50:25Z</time>
      </trkpt>
      <trkpt lat="46.695591" lon="25.817148">
        <ele>1615.347</ele>
        <time>2017-05-21T10:50:32Z</time>
      </trkpt>
      <trkpt lat="46.695542" lon="25.817277">
        <ele>1614.478</ele>
        <time>2017-05-21T10:50:39Z</time>
      </trkpt>
      <trkpt lat="46.695500" lon="25.817402">
        <ele>1613.248</ele>
        <time>2017-05-21T10:51:28Z</time>
      </trkpt>
      <trkpt lat="46.695444" lon="25.817509">
        <ele>1612.399</ele>
        <time>2017-05-21T10:51:37Z</time>
      </trkpt>
      <trkpt lat="46.695385" lon="25.817614">
        <ele>1611.007</ele>
        <time>2017-05-21T10:51:45Z</time>
      </trkpt>
      <trkpt lat="46.695352" lon="25.817740">
        <ele>1609.327</ele>
        <time>2017-05-21T10:51:52Z</time>
      </trkpt>
      <trkpt lat="46.695314" lon="25.817867">
        <ele>1607.608</ele>
        <time>2017-05-21T10:51:59Z</time>
      </trkpt>
      <trkpt lat="46.695258" lon="25.817975">
        <ele>1606.290</ele>
        <time>2017-05-21T10:52:06Z</time>
      </trkpt>
      <trkpt lat="46.695200" lon="25.818092">
        <ele>1604.726</ele>
        <time>2017-05-21T10:52:13Z</time>
      </trkpt>
      <trkpt lat="46.695147" lon="25.818207">
        <ele>1603.737</ele>
        <time>2017-05-21T10:52:19Z</time>
      </trkpt>
      <trkpt lat="46.695077" lon="25.818291">
        <ele>1602.724</ele>
        <time>2017-05-21T10:52:25Z</time>
      </trkpt>
      <trkpt lat="46.695005" lon="25.818382">
        <ele>1601.888</ele>
        <time>2017-05-21T10:52:32Z</time>
      </trkpt>
      <trkpt lat="46.694922" lon="25.818460">
        <ele>1600.385</ele>
        <time>2017-05-21T10:52:39Z</time>
      </trkpt>
      <trkpt lat="46.694842" lon="25.818526">
        <ele>1598.686</ele>
        <time>2017-05-21T10:52:46Z</time>
      </trkpt>
      <trkpt lat="46.694765" lon="25.818612">
        <ele>1596.876</ele>
        <time>2017-05-21T10:52:55Z</time>
      </trkpt>
      <trkpt lat="46.694690" lon="25.818684">
        <ele>1595.774</ele>
        <time>2017-05-21T10:53:01Z</time>
      </trkpt>
      <trkpt lat="46.694609" lon="25.818760">
        <ele>1594.556</ele>
        <time>2017-05-21T10:53:09Z</time>
      </trkpt>
      <trkpt lat="46.694521" lon="25.818805">
        <ele>1593.021</ele>
        <time>2017-05-21T10:53:18Z</time>
      </trkpt>
      <trkpt lat="46.694425" lon="25.818861">
        <ele>1591.208</ele>
        <time>2017-05-21T10:53:26Z</time>
      </trkpt>
      <trkpt lat="46.694338" lon="25.818908">
        <ele>1589.958</ele>
        <time>2017-05-21T10:53:33Z</time>
      </trkpt>
      <trkpt lat="46.694263" lon="25.818995">
        <ele>1587.814</ele>
        <time>2017-05-21T10:53:42Z</time>
      </trkpt>
      <trkpt lat="46.694176" lon="25.819049">
        <ele>1585.775</ele>
        <time>2017-05-21T10:53:49Z</time>
      </trkpt>
      <trkpt lat="46.694096" lon="25.819144">
        <ele>1583.892</ele>
        <time>2017-05-21T10:53:58Z</time>
      </trkpt>
      <trkpt lat="46.694017" lon="25.819234">
        <ele>1581.696</ele>
        <time>2017-05-21T10:54:08Z</time>
      </trkpt>
      <trkpt lat="46.693942" lon="25.819313">
        <ele>1579.623</ele>
        <time>2017-05-21T10:54:15Z</time>
      </trkpt>
      <trkpt lat="46.693865" lon="25.819409">
        <ele>1577.524</ele>
        <time>2017-05-21T10:54:22Z</time>
      </trkpt>
      <trkpt lat="46.693779" lon="25.819482">
        <ele>1577.694</ele>
        <time>2017-05-21T10:54:32Z</time>
      </trkpt>
      <trkpt lat="46.693691" lon="25.819559">
        <ele>1577.899</ele>
        <time>2017-05-21T10:54:43Z</time>
      </trkpt>
      <trkpt lat="46.693614" lon="25.819640">
        <ele>1577.707</ele>
        <time>2017-05-21T10:54:51Z</time>
      </trkpt>
      <trkpt lat="46.693554" lon="25.819745">
        <ele>1575.827</ele>
        <time>2017-05-21T10:55:01Z</time>
      </trkpt>
      <trkpt lat="46.693493" lon="25.819847">
        <ele>1574.008</ele>
        <time>2017-05-21T10:55:08Z</time>
      </trkpt>
      <trkpt lat="46.693409" lon="25.819933">
        <ele>1572.430</ele>
        <time>2017-05-21T10:55:16Z</time>
      </trkpt>
      <trkpt lat="46.693344" lon="25.820029">
        <ele>1570.286</ele>
        <time>2017-05-21T10:55:24Z</time>
      </trkpt>
      <trkpt lat="46.693267" lon="25.820126">
        <ele>1566.387</ele>
        <time>2017-05-21T10:55:32Z</time>
      </trkpt>
      <trkpt lat="46.693196" lon="25.820218">
        <ele>1562.694</ele>
        <time>2017-05-21T10:55:58Z</time>
      </trkpt>
      <trkpt lat="46.693110" lon="25.820263">
        <ele>1560.248</ele>
        <time>2017-05-21T11:00:58Z</time>
      </trkpt>
      <trkpt lat="46.693020" lon="25.820269">
        <ele>1558.735</ele>
        <time>2017-05-21T11:01:10Z</time>
      </trkpt>
      <trkpt lat="46.692935" lon="25.820202">
        <ele>1559.136</ele>
        <time>2017-05-21T11:01:19Z</time>
      </trkpt>
      <trkpt lat="46.692876" lon="25.820103">
        <ele>1560.416</ele>
        <time>2017-05-21T11:01:29Z</time>
      </trkpt>
      <trkpt lat="46.692817" lon="25.819991">
        <ele>1561.892</ele>
        <time>2017-05-21T11:01:38Z</time>
      </trkpt>
      <trkpt lat="46.692756" lon="25.819876">
        <ele>1562.173</ele>
        <time>2017-05-21T11:01:44Z</time>
      </trkpt>
      <trkpt lat="46.692706" lon="25.819760">
        <ele>1561.920</ele>
        <time>2017-05-21T11:01:51Z</time>
      </trkpt>
      <trkpt lat="46.692616" lon="25.819682">
        <ele>1559.508</ele>
        <time>2017-05-21T11:01:59Z</time>
      </trkpt>
      <trkpt lat="46.692520" lon="25.819693">
        <ele>1555.860</ele>
        <time>2017-05-21T11:02:06Z</time>
      </trkpt>
      <trkpt lat="46.692417" lon="25.819694">
        <ele>1551.516</ele>
        <time>2017-05-21T11:02:13Z</time>
      </trkpt>
      <trkpt lat="46.692346" lon="25.819775">
        <ele>1547.837</ele>
        <time>2017-05-21T11:02:33Z</time>
      </trkpt>
      <trkpt lat="46.692259" lon="25.819834">
        <ele>1543.164</ele>
        <time>2017-05-21T11:02:40Z</time>
      </trkpt>
      <trkpt lat="46.692203" lon="25.819961">
        <ele>1538.728</ele>
        <time>2017-05-21T11:02:45Z</time>
      </trkpt>
      <trkpt lat="46.692149" lon="25.820077">
        <ele>1534.585</ele>
        <time>2017-05-21T11:02:50Z</time>
      </trkpt>
      <trkpt lat="46.692085" lon="25.820172">
        <ele>1530.776</ele>
        <time>2017-05-21T11:02:56Z</time>
      </trkpt>
      <trkpt lat="46.692009" lon="25.820256">
        <ele>1527.286</ele>
        <time>2017-05-21T11:03:02Z</time>
      </trkpt>
      <trkpt lat="46.691930" lon="25.820332">
        <ele>1523.996</ele>
        <time>2017-05-21T11:03:09Z</time>
      </trkpt>
      <trkpt lat="46.691916" lon="25.820482">
        <ele>1521.131</ele>
        <time>2017-05-21T11:03:16Z</time>
      </trkpt>
      <trkpt lat="46.691847" lon="25.820592">
        <ele>1518.524</ele>
        <time>2017-05-21T11:03:22Z</time>
      </trkpt>
      <trkpt lat="46.691768" lon="25.820660">
        <ele>1516.508</ele>
        <time>2017-05-21T11:03:28Z</time>
      </trkpt>
      <trkpt lat="46.691693" lon="25.820754">
        <ele>1513.990</ele>
        <time>2017-05-21T11:03:34Z</time>
      </trkpt>
      <trkpt lat="46.691604" lon="25.820832">
        <ele>1511.616</ele>
        <time>2017-05-21T11:03:40Z</time>
      </trkpt>
      <trkpt lat="46.691542" lon="25.820928">
        <ele>1509.797</ele>
        <time>2017-05-21T11:03:48Z</time>
      </trkpt>
      <trkpt lat="46.691468" lon="25.821031">
        <ele>1508.074</ele>
        <time>2017-05-21T11:03:59Z</time>
      </trkpt>
      <trkpt lat="46.691390" lon="25.821138">
        <ele>1506.468</ele>
        <time>2017-05-21T11:04:05Z</time>
      </trkpt>
      <trkpt lat="46.691310" lon="25.821225">
        <ele>1504.455</ele>
        <time>2017-05-21T11:04:10Z</time>
      </trkpt>
      <trkpt lat="46.691234" lon="25.821307">
        <ele>1502.666</ele>
        <time>2017-05-21T11:04:15Z</time>
      </trkpt>
      <trkpt lat="46.691162" lon="25.821418">
        <ele>1500.386</ele>
        <time>2017-05-21T11:04:22Z</time>
      </trkpt>
      <trkpt lat="46.691085" lon="25.821501">
        <ele>1497.715</ele>
        <time>2017-05-21T11:04:31Z</time>
      </trkpt>
      <trkpt lat="46.690996" lon="25.821583">
        <ele>1494.465</ele>
        <time>2017-05-21T11:04:42Z</time>
      </trkpt>
      <trkpt lat="46.690924" lon="25.821681">
        <ele>1491.711</ele>
        <time>2017-05-21T11:04:50Z</time>
      </trkpt>
      <trkpt lat="46.690879" lon="25.821807">
        <ele>1488.508</ele>
        <time>2017-05-21T11:04:58Z</time>
      </trkpt>
      <trkpt lat="46.690814" lon="25.821911">
        <ele>1485.372</ele>
        <time>2017-05-21T11:05:05Z</time>
      </trkpt>
      <trkpt lat="46.690752" lon="25.822019">
        <ele>1481.958</ele>
        <time>2017-05-21T11:05:13Z</time>
      </trkpt>
      <trkpt lat="46.690669" lon="25.822082">
        <ele>1479.559</ele>
        <time>2017-05-21T11:05:21Z</time>
      </trkpt>
      <trkpt lat="46.690591" lon="25.822175">
        <ele>1477.016</ele>
        <time>2017-05-21T11:05:27Z</time>
      </trkpt>
      <trkpt lat="46.690508" lon="25.822263">
        <ele>1474.140</ele>
        <time>2017-05-21T11:05:34Z</time>
      </trkpt>
      <trkpt lat="46.690436" lon="25.822360">
        <ele>1471.067</ele>
        <time>2017-05-21T11:05:42Z</time>
      </trkpt>
      <trkpt lat="46.690371" lon="25.822466">
        <ele>1468.818</ele>
        <time>2017-05-21T11:05:50Z</time>
      </trkpt>
      <trkpt lat="46.690304" lon="25.822582">
        <ele>1466.958</ele>
        <time>2017-05-21T11:05:57Z</time>
      </trkpt>
      <trkpt lat="46.690223" lon="25.822654">
        <ele>1465.116</ele>
        <time>2017-05-21T11:06:07Z</time>
      </trkpt>
      <trkpt lat="46.690185" lon="25.822777">
        <ele>1463.376</ele>
        <time>2017-05-21T11:06:14Z</time>
      </trkpt>
      <trkpt lat="46.690175" lon="25.822910">
        <ele>1461.913</ele>
        <time>2017-05-21T11:06:22Z</time>
      </trkpt>
      <trkpt lat="46.690098" lon="25.823019">
        <ele>1460.908</ele>
        <time>2017-05-21T11:06:30Z</time>
      </trkpt>
      <trkpt lat="46.690024" lon="25.823103">
        <ele>1460.622</ele>
        <time>2017-05-21T11:06:37Z</time>
      </trkpt>
      <trkpt lat="46.689943" lon="25.823160">
        <ele>1460.048</ele>
        <time>2017-05-21T11:06:43Z</time>
      </trkpt>
      <trkpt lat="46.689851" lon="25.823198">
        <ele>1459.589</ele>
        <time>2017-05-21T11:06:50Z</time>
      </trkpt>
      <trkpt lat="46.689768" lon="25.823273">
        <ele>1459.126</ele>
        <time>2017-05-21T11:06:57Z</time>
      </trkpt>
      <trkpt lat="46.689678" lon="25.823319">
        <ele>1459.050</ele>
        <time>2017-05-21T11:07:04Z</time>
      </trkpt>
      <trkpt lat="46.689577" lon="25.823391">
        <ele>1458.577</ele>
        <time>2017-05-21T11:07:12Z</time>
      </trkpt>
      <trkpt lat="46.689499" lon="25.823462">
        <ele>1458.038</ele>
        <time>2017-05-21T11:07:19Z</time>
      </trkpt>
      <trkpt lat="46.689412" lon="25.823528">
        <ele>1458.218</ele>
        <time>2017-05-21T11:07:26Z</time>
      </trkpt>
      <trkpt lat="46.689337" lon="25.823608">
        <ele>1459.033</ele>
        <time>2017-05-21T11:07:32Z</time>
      </trkpt>
      <trkpt lat="46.689269" lon="25.823708">
        <ele>1458.523</ele>
        <time>2017-05-21T11:07:40Z</time>
      </trkpt>
      <trkpt lat="46.689192" lon="25.823802">
        <ele>1458.215</ele>
        <time>2017-05-21T11:07:48Z</time>
      </trkpt>
      <trkpt lat="46.689117" lon="25.823891">
        <ele>1458.408</ele>
        <time>2017-05-21T11:07:55Z</time>
      </trkpt>
      <trkpt lat="46.689027" lon="25.823944">
        <ele>1459.954</ele>
        <time>2017-05-21T11:08:03Z</time>
      </trkpt>
      <trkpt lat="46.688934" lon="25.824004">
        <ele>1461.310</ele>
        <time>2017-05-21T11:08:10Z</time>
      </trkpt>
      <trkpt lat="46.688860" lon="25.824095">
        <ele>1461.471</ele>
        <time>2017-05-21T11:08:18Z</time>
      </trkpt>
      <trkpt lat="46.688785" lon="25.824182">
        <ele>1461.368</ele>
        <time>2017-05-21T11:08:25Z</time>
      </trkpt>
      <trkpt lat="46.688706" lon="25.824251">
        <ele>1461.572</ele>
        <time>2017-05-21T11:08:32Z</time>
      </trkpt>
      <trkpt lat="46.688618" lon="25.824336">
        <ele>1461.069</ele>
        <time>2017-05-21T11:08:40Z</time>
      </trkpt>
      <trkpt lat="46.688532" lon="25.824415">
        <ele>1462.240</ele>
        <time>2017-05-21T11:08:48Z</time>
      </trkpt>
      <trkpt lat="46.688442" lon="25.824472">
        <ele>1464.760</ele>
        <time>2017-05-21T11:08:56Z</time>
      </trkpt>
      <trkpt lat="46.688371" lon="25.824563">
        <ele>1465.219</ele>
        <time>2017-05-21T11:09:03Z</time>
      </trkpt>
      <trkpt lat="46.688297" lon="25.824655">
        <ele>1465.009</ele>
        <time>2017-05-21T11:09:08Z</time>
      </trkpt>
      <trkpt lat="46.688235" lon="25.824761">
        <ele>1464.619</ele>
        <time>2017-05-21T11:09:15Z</time>
      </trkpt>
      <trkpt lat="46.688172" lon="25.824872">
        <ele>1464.808</ele>
        <time>2017-05-21T11:09:23Z</time>
      </trkpt>
      <trkpt lat="46.688100" lon="25.824963">
        <ele>1465.482</ele>
        <time>2017-05-21T11:09:32Z</time>
      </trkpt>
      <trkpt lat="46.688040" lon="25.825062">
        <ele>1465.858</ele>
        <time>2017-05-21T11:09:39Z</time>
      </trkpt>
      <trkpt lat="46.687998" lon="25.825192">
        <ele>1465.329</ele>
        <time>2017-05-21T11:09:48Z</time>
      </trkpt>
      <trkpt lat="46.687959" lon="25.825315">
        <ele>1464.816</ele>
        <time>2017-05-21T11:09:56Z</time>
      </trkpt>
      <trkpt lat="46.687891" lon="25.825418">
        <ele>1464.840</ele>
        <time>2017-05-21T11:10:04Z</time>
      </trkpt>
      <trkpt lat="46.687828" lon="25.825535">
        <ele>1464.627</ele>
        <time>2017-05-21T11:10:13Z</time>
      </trkpt>
      <trkpt lat="46.687783" lon="25.825652">
        <ele>1464.648</ele>
        <time>2017-05-21T11:10:35Z</time>
      </trkpt>
      <trkpt lat="46.687751" lon="25.825784">
        <ele>1464.928</ele>
        <time>2017-05-21T11:10:50Z</time>
      </trkpt>
      <trkpt lat="46.687699" lon="25.825909">
        <ele>1465.599</ele>
        <time>2017-05-21T11:10:58Z</time>
      </trkpt>
      <trkpt lat="46.687664" lon="25.826031">
        <ele>1465.707</ele>
        <time>2017-05-21T11:11:05Z</time>
      </trkpt>
      <trkpt lat="46.687641" lon="25.826168">
        <ele>1465.827</ele>
        <time>2017-05-21T11:11:14Z</time>
      </trkpt>
      <trkpt lat="46.687594" lon="25.826285">
        <ele>1466.708</ele>
        <time>2017-05-21T11:11:23Z</time>
      </trkpt>
      <trkpt lat="46.687560" lon="25.826415">
        <ele>1466.990</ele>
        <time>2017-05-21T11:11:31Z</time>
      </trkpt>
      <trkpt lat="46.687525" lon="25.826545">
        <ele>1467.546</ele>
        <time>2017-05-21T11:11:41Z</time>
      </trkpt>
      <trkpt lat="46.687502" lon="25.826679">
        <ele>1468.097</ele>
        <time>2017-05-21T11:11:50Z</time>
      </trkpt>
      <trkpt lat="46.687473" lon="25.826816">
        <ele>1469.374</ele>
        <time>2017-05-21T11:12:23Z</time>
      </trkpt>
      <trkpt lat="46.687446" lon="25.826961">
        <ele>1470.118</ele>
        <time>2017-05-21T11:12:32Z</time>
      </trkpt>
      <trkpt lat="46.687427" lon="25.827090">
        <ele>1470.195</ele>
        <time>2017-05-21T11:12:43Z</time>
      </trkpt>
      <trkpt lat="46.687387" lon="25.827210">
        <ele>1470.536</ele>
        <time>2017-05-21T11:13:00Z</time>
      </trkpt>
      <trkpt lat="46.687332" lon="25.827322">
        <ele>1471.386</ele>
        <time>2017-05-21T11:13:10Z</time>
      </trkpt>
      <trkpt lat="46.687277" lon="25.827426">
        <ele>1472.556</ele>
        <time>2017-05-21T11:13:37Z</time>
      </trkpt>
      <trkpt lat="46.687241" lon="25.827549">
        <ele>1473.359</ele>
        <time>2017-05-21T11:13:47Z</time>
      </trkpt>
      <trkpt lat="46.687182" lon="25.827659">
        <ele>1474.114</ele>
        <time>2017-05-21T11:13:57Z</time>
      </trkpt>
      <trkpt lat="46.687143" lon="25.827790">
        <ele>1474.508</ele>
        <time>2017-05-21T11:14:05Z</time>
      </trkpt>
      <trkpt lat="46.687082" lon="25.827893">
        <ele>1475.996</ele>
        <time>2017-05-21T11:14:12Z</time>
      </trkpt>
      <trkpt lat="46.687027" lon="25.827999">
        <ele>1477.312</ele>
        <time>2017-05-21T11:14:20Z</time>
      </trkpt>
      <trkpt lat="46.686959" lon="25.828099">
        <ele>1478.663</ele>
        <time>2017-05-21T11:14:29Z</time>
      </trkpt>
      <trkpt lat="46.686880" lon="25.828175">
        <ele>1479.840</ele>
        <time>2017-05-21T11:14:43Z</time>
      </trkpt>
      <trkpt lat="46.686815" lon="25.828269">
        <ele>1481.294</ele>
        <time>2017-05-21T11:14:53Z</time>
      </trkpt>
      <trkpt lat="46.686735" lon="25.828342">
        <ele>1483.381</ele>
        <time>2017-05-21T11:15:07Z</time>
      </trkpt>
      <trkpt lat="46.686684" lon="25.828450">
        <ele>1485.012</ele>
        <time>2017-05-21T11:15:22Z</time>
      </trkpt>
      <trkpt lat="46.686591" lon="25.828487">
        <ele>1486.542</ele>
        <time>2017-05-21T11:15:33Z</time>
      </trkpt>
      <trkpt lat="46.686520" lon="25.828581">
        <ele>1487.937</ele>
        <time>2017-05-21T11:15:42Z</time>
      </trkpt>
      <trkpt lat="46.686429" lon="25.828598">
        <ele>1489.349</ele>
        <time>2017-05-21T11:15:54Z</time>
      </trkpt>
      <trkpt lat="46.686334" lon="25.828634">
        <ele>1490.313</ele>
        <time>2017-05-21T11:16:04Z</time>
      </trkpt>
      <trkpt lat="46.686237" lon="25.828645">
        <ele>1490.708</ele>
        <time>2017-05-21T11:16:15Z</time>
      </trkpt>
      <trkpt lat="46.686148" lon="25.828713">
        <ele>1491.384</ele>
        <time>2017-05-21T11:16:28Z</time>
      </trkpt>
      <trkpt lat="46.686057" lon="25.828769">
        <ele>1493.010</ele>
        <time>2017-05-21T11:16:41Z</time>
      </trkpt>
      <trkpt lat="46.685979" lon="25.828852">
        <ele>1494.921</ele>
        <time>2017-05-21T11:16:52Z</time>
      </trkpt>
      <trkpt lat="46.685901" lon="25.828926">
        <ele>1496.618</ele>
        <time>2017-05-21T11:17:03Z</time>
      </trkpt>
      <trkpt lat="46.685814" lon="25.828958">
        <ele>1498.122</ele>
        <time>2017-05-21T11:17:17Z</time>
      </trkpt>
      <trkpt lat="46.685727" lon="25.829002">
        <ele>1498.839</ele>
        <time>2017-05-21T11:17:27Z</time>
      </trkpt>
      <trkpt lat="46.685634" lon="25.829026">
        <ele>1499.470</ele>
        <time>2017-05-21T11:17:36Z</time>
      </trkpt>
      <trkpt lat="46.685542" lon="25.829085">
        <ele>1500.090</ele>
        <time>2017-05-21T11:17:48Z</time>
      </trkpt>
      <trkpt lat="46.685467" lon="25.829167">
        <ele>1499.773</ele>
        <time>2017-05-21T11:17:59Z</time>
      </trkpt>
      <trkpt lat="46.685384" lon="25.829245">
        <ele>1499.185</ele>
        <time>2017-05-21T11:18:08Z</time>
      </trkpt>
      <trkpt lat="46.685293" lon="25.829264">
        <ele>1498.413</ele>
        <time>2017-05-21T11:18:33Z</time>
      </trkpt>
      <trkpt lat="46.685248" lon="25.829380">
        <ele>1497.408</ele>
        <time>2017-05-21T11:18:43Z</time>
      </trkpt>
      <trkpt lat="46.685271" lon="25.829517">
        <ele>1497.898</ele>
        <time>2017-05-21T11:18:51Z</time>
      </trkpt>
      <trkpt lat="46.685303" lon="25.829640">
        <ele>1499.424</ele>
        <time>2017-05-21T11:18:59Z</time>
      </trkpt>
      <trkpt lat="46.685326" lon="25.829771">
        <ele>1501.315</ele>
        <time>2017-05-21T11:25:49Z</time>
      </trkpt>
      <trkpt lat="46.685360" lon="25.829910">
        <ele>1503.912</ele>
        <time>2017-05-21T11:26:15Z</time>
      </trkpt>
      <trkpt lat="46.685373" lon="25.830039">
        <ele>1506.236</ele>
        <time>2017-05-21T11:26:25Z</time>
      </trkpt>
      <trkpt lat="46.685352" lon="25.830172">
        <ele>1509.063</ele>
        <time>2017-05-21T11:26:37Z</time>
      </trkpt>
      <trkpt lat="46.685300" lon="25.830282">
        <ele>1511.244</ele>
        <time>2017-05-21T11:26:51Z</time>
      </trkpt>
      <trkpt lat="46.685240" lon="25.830382">
        <ele>1513.944</ele>
        <time>2017-05-21T11:27:05Z</time>
      </trkpt>
      <trkpt lat="46.685154" lon="25.830452">
        <ele>1515.554</ele>
        <time>2017-05-21T11:27:19Z</time>
      </trkpt>
      <trkpt lat="46.685114" lon="25.830569">
        <ele>1518.156</ele>
        <time>2017-05-21T11:27:33Z</time>
      </trkpt>
      <trkpt lat="46.685136" lon="25.830705">
        <ele>1521.511</ele>
        <time>2017-05-21T11:27:54Z</time>
      </trkpt>
      <trkpt lat="46.685164" lon="25.830832">
        <ele>1524.608</ele>
        <time>2017-05-21T11:28:17Z</time>
      </trkpt>
      <trkpt lat="46.685158" lon="25.830964">
        <ele>1528.746</ele>
        <time>2017-05-21T11:28:34Z</time>
      </trkpt>
      <trkpt lat="46.685172" lon="25.831098">
        <ele>1533.022</ele>
        <time>2017-05-21T11:29:15Z</time>
      </trkpt>
      <trkpt lat="46.685148" lon="25.831225">
        <ele>1538.473</ele>
        <time>2017-05-21T11:29:36Z</time>
      </trkpt>
      <trkpt lat="46.685092" lon="25.831329">
        <ele>1543.120</ele>
        <time>2017-05-21T11:30:21Z</time>
      </trkpt>
      <trkpt lat="46.685031" lon="25.831434">
        <ele>1547.664</ele>
        <time>2017-05-21T11:30:37Z</time>
      </trkpt>
      <trkpt lat="46.684947" lon="25.831491">
        <ele>1549.681</ele>
        <time>2017-05-21T11:31:59Z</time>
      </trkpt>
      <trkpt lat="46.684914" lon="25.831613">
        <ele>1554.032</ele>
        <time>2017-05-21T11:32:15Z</time>
      </trkpt>
      <trkpt lat="46.684820" lon="25.831638">
        <ele>1554.992</ele>
        <time>2017-05-21T11:32:33Z</time>
      </trkpt>
      <trkpt lat="46.684787" lon="25.831764">
        <ele>1559.625</ele>
        <time>2017-05-21T11:33:08Z</time>
      </trkpt>
      <trkpt lat="46.684711" lon="25.831839">
        <ele>1561.926</ele>
        <time>2017-05-21T11:33:21Z</time>
      </trkpt>
      <trkpt lat="46.684637" lon="25.831935">
        <ele>1563.208</ele>
        <time>2017-05-21T11:33:45Z</time>
      </trkpt>
      <trkpt lat="46.684581" lon="25.832043">
        <ele>1565.508</ele>
        <time>2017-05-21T11:33:59Z</time>
      </trkpt>
      <trkpt lat="46.684507" lon="25.832126">
        <ele>1566.393</ele>
        <time>2017-05-21T11:34:12Z</time>
      </trkpt>
      <trkpt lat="46.684440" lon="25.832223">
        <ele>1567.979</ele>
        <time>2017-05-21T11:34:59Z</time>
      </trkpt>
      <trkpt lat="46.684378" lon="25.832318">
        <ele>1570.230</ele>
        <time>2017-05-21T11:35:12Z</time>
      </trkpt>
      <trkpt lat="46.684318" lon="25.832417">
        <ele>1572.337</ele>
        <time>2017-05-21T11:35:31Z</time>
      </trkpt>
      <trkpt lat="46.684252" lon="25.832531">
        <ele>1574.681</ele>
        <time>2017-05-21T11:36:02Z</time>
      </trkpt>
      <trkpt lat="46.684207" lon="25.832658">
        <ele>1578.088</ele>
        <time>2017-05-21T11:36:23Z</time>
      </trkpt>
      <trkpt lat="46.684124" lon="25.832727">
        <ele>1578.369</ele>
        <time>2017-05-21T11:37:16Z</time>
      </trkpt>
      <trkpt lat="46.684062" lon="25.832825">
        <ele>1580.749</ele>
        <time>2017-05-21T11:37:51Z</time>
      </trkpt>
      <trkpt lat="46.684097" lon="25.832947">
        <ele>1586.595</ele>
        <time>2017-05-21T11:38:25Z</time>
      </trkpt>
      <trkpt lat="46.684170" lon="25.833024">
        <ele>1591.849</ele>
        <time>2017-05-21T11:40:14Z</time>
      </trkpt>
      <trkpt lat="46.684263" lon="25.833068">
        <ele>1597.023</ele>
        <time>2017-05-21T11:40:33Z</time>
      </trkpt>
      <trkpt lat="46.684339" lon="25.833158">
        <ele>1603.508</ele>
        <time>2017-05-21T11:41:46Z</time>
      </trkpt>
      <trkpt lat="46.684263" lon="25.833234">
        <ele>1603.880</ele>
        <time>2017-05-21T11:42:26Z</time>
      </trkpt>
      <trkpt lat="46.684220" lon="25.833354">
        <ele>1606.986</ele>
        <time>2017-05-21T11:42:47Z</time>
      </trkpt>
      <trkpt lat="46.684220" lon="25.833486">
        <ele>1612.177</ele>
        <time>2017-05-21T11:43:56Z</time>
      </trkpt>
      <trkpt lat="46.684160" lon="25.833584">
        <ele>1613.834</ele>
        <time>2017-05-21T11:44:15Z</time>
      </trkpt>
      <trkpt lat="46.684108" lon="25.833700">
        <ele>1616.228</ele>
        <time>2017-05-21T11:44:34Z</time>
      </trkpt>
      <trkpt lat="46.684086" lon="25.833829">
        <ele>1619.335</ele>
        <time>2017-05-21T11:44:53Z</time>
      </trkpt>
      <trkpt lat="46.684053" lon="25.833956">
        <ele>1621.226</ele>
        <time>2017-05-21T11:45:08Z</time>
      </trkpt>
      <trkpt lat="46.683984" lon="25.834045">
        <ele>1620.816</ele>
        <time>2017-05-21T11:45:37Z</time>
      </trkpt>
      <trkpt lat="46.683934" lon="25.834156">
        <ele>1621.128</ele>
        <time>2017-05-21T11:45:49Z</time>
      </trkpt>
      <trkpt lat="46.683840" lon="25.834199">
        <ele>1618.989</ele>
        <time>2017-05-21T11:45:58Z</time>
      </trkpt>
      <trkpt lat="46.683742" lon="25.834234">
        <ele>1616.717</ele>
        <time>2017-05-21T11:47:13Z</time>
      </trkpt>
      <trkpt lat="46.683664" lon="25.834312">
        <ele>1615.308</ele>
        <time>2017-05-21T11:47:22Z</time>
      </trkpt>
      <trkpt lat="46.683569" lon="25.834389">
        <ele>1614.123</ele>
        <time>2017-05-21T11:47:34Z</time>
      </trkpt>
      <trkpt lat="46.683481" lon="25.834443">
        <ele>1613.619</ele>
        <time>2017-05-21T11:47:45Z</time>
      </trkpt>
      <trkpt lat="46.683386" lon="25.834483">
        <ele>1612.750</ele>
        <time>2017-05-21T11:47:54Z</time>
      </trkpt>
      <trkpt lat="46.683300" lon="25.834528">
        <ele>1612.317</ele>
        <time>2017-05-21T11:48:05Z</time>
      </trkpt>
      <trkpt lat="46.683200" lon="25.834543">
        <ele>1612.571</ele>
        <time>2017-05-21T11:48:14Z</time>
      </trkpt>
      <trkpt lat="46.683115" lon="25.834623">
        <ele>1613.158</ele>
        <time>2017-05-21T11:48:22Z</time>
      </trkpt>
      <trkpt lat="46.683034" lon="25.834690">
        <ele>1613.899</ele>
        <time>2017-05-21T11:48:29Z</time>
      </trkpt>
      <trkpt lat="46.682940" lon="25.834712">
        <ele>1614.329</ele>
        <time>2017-05-21T11:48:37Z</time>
      </trkpt>
      <trkpt lat="46.682841" lon="25.834731">
        <ele>1614.852</ele>
        <time>2017-05-21T11:48:46Z</time>
      </trkpt>
      <trkpt lat="46.682751" lon="25.834756">
        <ele>1615.353</ele>
        <time>2017-05-21T11:48:54Z</time>
      </trkpt>
      <trkpt lat="46.682652" lon="25.834774">
        <ele>1616.408</ele>
        <time>2017-05-21T11:49:10Z</time>
      </trkpt>
      <trkpt lat="46.682557" lon="25.834791">
        <ele>1617.408</ele>
        <time>2017-05-21T11:49:21Z</time>
      </trkpt>
      <trkpt lat="46.682467" lon="25.834817">
        <ele>1618.416</ele>
        <time>2017-05-21T11:49:32Z</time>
      </trkpt>
      <trkpt lat="46.682368" lon="25.834823">
        <ele>1619.622</ele>
        <time>2017-05-21T11:49:42Z</time>
      </trkpt>
      <trkpt lat="46.682271" lon="25.834845">
        <ele>1620.893</ele>
        <time>2017-05-21T11:49:51Z</time>
      </trkpt>
      <trkpt lat="46.682168" lon="25.834830">
        <ele>1621.540</ele>
        <time>2017-05-21T11:50:01Z</time>
      </trkpt>
      <trkpt lat="46.682069" lon="25.834832">
        <ele>1621.894</ele>
        <time>2017-05-21T11:50:10Z</time>
      </trkpt>
      <trkpt lat="46.681971" lon="25.834837">
        <ele>1622.271</ele>
        <time>2017-05-21T11:50:17Z</time>
      </trkpt>
      <trkpt lat="46.681873" lon="25.834821">
        <ele>1622.332</ele>
        <time>2017-05-21T11:50:26Z</time>
      </trkpt>
      <trkpt lat="46.681776" lon="25.834841">
        <ele>1622.952</ele>
        <time>2017-05-21T11:50:35Z</time>
      </trkpt>
      <trkpt lat="46.681683" lon="25.834885">
        <ele>1623.764</ele>
        <time>2017-05-21T11:50:44Z</time>
      </trkpt>
      <trkpt lat="46.681589" lon="25.834894">
        <ele>1625.706</ele>
        <time>2017-05-21T11:50:53Z</time>
      </trkpt>
      <trkpt lat="46.681493" lon="25.834890">
        <ele>1627.916</ele>
        <time>2017-05-21T11:51:03Z</time>
      </trkpt>
      <trkpt lat="46.681400" lon="25.834872">
        <ele>1629.908</ele>
        <time>2017-05-21T11:51:28Z</time>
      </trkpt>
      <trkpt lat="46.681307" lon="25.834887">
        <ele>1632.987</ele>
        <time>2017-05-21T11:51:41Z</time>
      </trkpt>
      <trkpt lat="46.681207" lon="25.834896">
        <ele>1636.293</ele>
        <time>2017-05-21T11:51:54Z</time>
      </trkpt>
      <trkpt lat="46.681141" lon="25.834995">
        <ele>1639.914</ele>
        <time>2017-05-21T11:52:11Z</time>
      </trkpt>
      <trkpt lat="46.681059" lon="25.834941">
        <ele>1641.791</ele>
        <time>2017-05-21T11:53:10Z</time>
      </trkpt>
      <trkpt lat="46.680989" lon="25.835029">
        <ele>1645.445</ele>
        <time>2017-05-21T11:53:29Z</time>
      </trkpt>
      <trkpt lat="46.680902" lon="25.835084">
        <ele>1649.192</ele>
        <time>2017-05-21T11:53:44Z</time>
      </trkpt>
      <trkpt lat="46.680809" lon="25.835092">
        <ele>1652.023</ele>
        <time>2017-05-21T11:54:04Z</time>
      </trkpt>
      <trkpt lat="46.680717" lon="25.835100">
        <ele>1654.623</ele>
        <time>2017-05-21T11:54:20Z</time>
      </trkpt>
      <trkpt lat="46.680665" lon="25.835211">
        <ele>1657.464</ele>
        <time>2017-05-21T11:54:40Z</time>
      </trkpt>
      <trkpt lat="46.680617" lon="25.835329">
        <ele>1660.206</ele>
        <time>2017-05-21T11:54:55Z</time>
      </trkpt>
      <trkpt lat="46.680572" lon="25.835443">
        <ele>1663.016</ele>
        <time>2017-05-21T11:55:11Z</time>
      </trkpt>
      <trkpt lat="46.680548" lon="25.835577">
        <ele>1665.408</ele>
        <time>2017-05-21T11:55:29Z</time>
      </trkpt>
      <trkpt lat="46.680474" lon="25.835668">
        <ele>1667.887</ele>
        <time>2017-05-21T11:55:43Z</time>
      </trkpt>
      <trkpt lat="46.680427" lon="25.835785">
        <ele>1670.223</ele>
        <time>2017-05-21T11:56:01Z</time>
      </trkpt>
      <trkpt lat="46.680333" lon="25.835806">
        <ele>1671.894</ele>
        <time>2017-05-21T11:56:20Z</time>
      </trkpt>
      <trkpt lat="46.680273" lon="25.835909">
        <ele>1673.651</ele>
        <time>2017-05-21T11:56:37Z</time>
      </trkpt>
      <trkpt lat="46.680221" lon="25.836028">
        <ele>1674.515</ele>
        <time>2017-05-21T11:56:53Z</time>
      </trkpt>
      <trkpt lat="46.680154" lon="25.836119">
        <ele>1675.082</ele>
        <time>2017-05-21T11:57:07Z</time>
      </trkpt>
      <trkpt lat="46.680059" lon="25.836136">
        <ele>1675.083</ele>
        <time>2017-05-21T11:57:20Z</time>
      </trkpt>
      <trkpt lat="46.679969" lon="25.836084">
        <ele>1674.913</ele>
        <time>2017-05-21T11:57:31Z</time>
      </trkpt>
      <trkpt lat="46.679884" lon="25.836126">
        <ele>1675.019</ele>
        <time>2017-05-21T11:57:40Z</time>
      </trkpt>
      <trkpt lat="46.679786" lon="25.836113">
        <ele>1675.009</ele>
        <time>2017-05-21T11:57:52Z</time>
      </trkpt>
      <trkpt lat="46.679695" lon="25.836084">
        <ele>1675.519</ele>
        <time>2017-05-21T11:58:02Z</time>
      </trkpt>
      <trkpt lat="46.679640" lon="25.835975">
        <ele>1676.708</ele>
        <time>2017-05-21T11:58:16Z</time>
      </trkpt>
      <trkpt lat="46.679549" lon="25.835973">
        <ele>1678.042</ele>
        <time>2017-05-21T11:58:34Z</time>
      </trkpt>
      <trkpt lat="46.679457" lon="25.835953">
        <ele>1679.498</ele>
        <time>2017-05-21T12:01:01Z</time>
      </trkpt>
      <trkpt lat="46.679360" lon="25.835941">
        <ele>1681.159</ele>
        <time>2017-05-21T12:01:16Z</time>
      </trkpt>
      <trkpt lat="46.679272" lon="25.835974">
        <ele>1682.626</ele>
        <time>2017-05-21T12:01:27Z</time>
      </trkpt>
      <trkpt lat="46.679178" lon="25.835988">
        <ele>1684.290</ele>
        <time>2017-05-21T12:01:38Z</time>
      </trkpt>
      <trkpt lat="46.679086" lon="25.835973">
        <ele>1684.897</ele>
        <time>2017-05-21T12:01:54Z</time>
      </trkpt>
      <trkpt lat="46.678988" lon="25.835986">
        <ele>1685.148</ele>
        <time>2017-05-21T12:02:09Z</time>
      </trkpt>
      <trkpt lat="46.678895" lon="25.836013">
        <ele>1685.368</ele>
        <time>2017-05-21T12:02:20Z</time>
      </trkpt>
      <trkpt lat="46.678803" lon="25.836028">
        <ele>1685.812</ele>
        <time>2017-05-21T12:02:30Z</time>
      </trkpt>
      <trkpt lat="46.678721" lon="25.836094">
        <ele>1686.232</ele>
        <time>2017-05-21T12:02:39Z</time>
      </trkpt>
      <trkpt lat="46.678619" lon="25.836129">
        <ele>1686.905</ele>
        <time>2017-05-21T12:02:48Z</time>
      </trkpt>
      <trkpt lat="46.678533" lon="25.836077">
        <ele>1687.308</ele>
        <time>2017-05-21T12:03:09Z</time>
      </trkpt>
      <trkpt lat="46.678465" lon="25.835975">
        <ele>1687.582</ele>
        <time>2017-05-21T12:03:18Z</time>
      </trkpt>
      <trkpt lat="46.678398" lon="25.835887">
        <ele>1687.868</ele>
        <time>2017-05-21T12:03:26Z</time>
      </trkpt>
      <trkpt lat="46.678323" lon="25.835801">
        <ele>1688.419</ele>
        <time>2017-05-21T12:03:35Z</time>
      </trkpt>
      <trkpt lat="46.678251" lon="25.835705">
        <ele>1689.176</ele>
        <time>2017-05-21T12:03:44Z</time>
      </trkpt>
      <trkpt lat="46.678184" lon="25.835609">
        <ele>1689.260</ele>
        <time>2017-05-21T12:03:52Z</time>
      </trkpt>
      <trkpt lat="46.678106" lon="25.835530">
        <ele>1688.737</ele>
        <time>2017-05-21T12:04:02Z</time>
      </trkpt>
      <trkpt lat="46.678024" lon="25.835458">
        <ele>1687.768</ele>
        <time>2017-05-21T12:04:20Z</time>
      </trkpt>
      <trkpt lat="46.677968" lon="25.835347">
        <ele>1686.188</ele>
        <time>2017-05-21T12:04:29Z</time>
      </trkpt>
      <trkpt lat="46.677919" lon="25.835228">
        <ele>1684.081</ele>
        <time>2017-05-21T12:04:39Z</time>
      </trkpt>
      <trkpt lat="46.677833" lon="25.835158">
        <ele>1680.061</ele>
        <time>2017-05-21T12:04:50Z</time>
      </trkpt>
      <trkpt lat="46.677768" lon="25.835054">
        <ele>1676.717</ele>
        <time>2017-05-21T12:05:04Z</time>
      </trkpt>
      <trkpt lat="46.677778" lon="25.835205">
        <ele>1677.708</ele>
        <time>2017-05-21T12:06:22Z</time>
      </trkpt>
      <trkpt lat="46.677767" lon="25.835351">
        <ele>1678.299</ele>
        <time>2017-05-21T12:06:31Z</time>
      </trkpt>
      <trkpt lat="46.677724" lon="25.835476">
        <ele>1677.755</ele>
        <time>2017-05-21T12:06:39Z</time>
      </trkpt>
      <trkpt lat="46.677673" lon="25.835590">
        <ele>1677.226</ele>
        <time>2017-05-21T12:06:46Z</time>
      </trkpt>
      <trkpt lat="46.677620" lon="25.835708">
        <ele>1677.653</ele>
        <time>2017-05-21T12:06:54Z</time>
      </trkpt>
      <trkpt lat="46.677590" lon="25.835838">
        <ele>1679.387</ele>
        <time>2017-05-21T12:07:02Z</time>
      </trkpt>
      <trkpt lat="46.677553" lon="25.835962">
        <ele>1680.434</ele>
        <time>2017-05-21T12:07:10Z</time>
      </trkpt>
      <trkpt lat="46.677491" lon="25.836079">
        <ele>1681.025</ele>
        <time>2017-05-21T12:07:20Z</time>
      </trkpt>
      <trkpt lat="46.677420" lon="25.836160">
        <ele>1680.535</ele>
        <time>2017-05-21T12:07:28Z</time>
      </trkpt>
      <trkpt lat="46.677365" lon="25.836275">
        <ele>1680.543</ele>
        <time>2017-05-21T12:07:36Z</time>
      </trkpt>
      <trkpt lat="46.677295" lon="25.836374">
        <ele>1679.464</ele>
        <time>2017-05-21T12:07:44Z</time>
      </trkpt>
      <trkpt lat="46.677232" lon="25.836480">
        <ele>1678.010</ele>
        <time>2017-05-21T12:07:51Z</time>
      </trkpt>
      <trkpt lat="46.677151" lon="25.836551">
        <ele>1677.508</ele>
        <time>2017-05-21T12:07:58Z</time>
      </trkpt>
      <trkpt lat="46.677061" lon="25.836620">
        <ele>1678.135</ele>
        <time>2017-05-21T12:08:06Z</time>
      </trkpt>
      <trkpt lat="46.676960" lon="25.836662">
        <ele>1678.931</ele>
        <time>2017-05-21T12:08:14Z</time>
      </trkpt>
      <trkpt lat="46.676969" lon="25.836802">
        <ele>1680.032</ele>
        <time>2017-05-21T12:09:37Z</time>
      </trkpt>
      <trkpt lat="46.676905" lon="25.836905">
        <ele>1680.899</ele>
        <time>2017-05-21T12:09:47Z</time>
      </trkpt>
      <trkpt lat="46.676816" lon="25.836974">
        <ele>1682.133</ele>
        <time>2017-05-21T12:09:56Z</time>
      </trkpt>
      <trkpt lat="46.676743" lon="25.837074">
        <ele>1683.010</ele>
        <time>2017-05-21T12:10:05Z</time>
      </trkpt>
      <trkpt lat="46.676662" lon="25.837160">
        <ele>1683.771</ele>
        <time>2017-05-21T12:10:12Z</time>
      </trkpt>
      <trkpt lat="46.676564" lon="25.837208">
        <ele>1683.171</ele>
        <time>2017-05-21T12:10:21Z</time>
      </trkpt>
      <trkpt lat="46.676482" lon="25.837290">
        <ele>1682.999</ele>
        <time>2017-05-21T12:10:30Z</time>
      </trkpt>
      <trkpt lat="46.676398" lon="25.837364">
        <ele>1683.007</ele>
        <time>2017-05-21T12:10:39Z</time>
      </trkpt>
      <trkpt lat="46.676326" lon="25.837453">
        <ele>1682.927</ele>
        <time>2017-05-21T12:10:47Z</time>
      </trkpt>
      <trkpt lat="46.676256" lon="25.837536">
        <ele>1682.708</ele>
        <time>2017-05-21T12:10:56Z</time>
      </trkpt>
      <trkpt lat="46.676166" lon="25.837601">
        <ele>1682.410</ele>
        <time>2017-05-21T12:11:03Z</time>
      </trkpt>
      <trkpt lat="46.676080" lon="25.837672">
        <ele>1682.486</ele>
        <time>2017-05-21T12:11:11Z</time>
      </trkpt>
      <trkpt lat="46.676001" lon="25.837760">
        <ele>1682.247</ele>
        <time>2017-05-21T12:11:19Z</time>
      </trkpt>
      <trkpt lat="46.675934" lon="25.837848">
        <ele>1681.314</ele>
        <time>2017-05-21T12:11:26Z</time>
      </trkpt>
      <trkpt lat="46.675849" lon="25.837925">
        <ele>1680.268</ele>
        <time>2017-05-21T12:11:33Z</time>
      </trkpt>
      <trkpt lat="46.675764" lon="25.838008">
        <ele>1680.475</ele>
        <time>2017-05-21T12:11:40Z</time>
      </trkpt>
      <trkpt lat="46.675690" lon="25.838087">
        <ele>1681.066</ele>
        <time>2017-05-21T12:11:47Z</time>
      </trkpt>
      <trkpt lat="46.675605" lon="25.838150">
        <ele>1681.666</ele>
        <time>2017-05-21T12:11:54Z</time>
      </trkpt>
      <trkpt lat="46.675523" lon="25.838221">
        <ele>1682.032</ele>
        <time>2017-05-21T12:12:01Z</time>
      </trkpt>
      <trkpt lat="46.675445" lon="25.838301">
        <ele>1682.392</ele>
        <time>2017-05-21T12:12:10Z</time>
      </trkpt>
      <trkpt lat="46.675365" lon="25.838372">
        <ele>1682.611</ele>
        <time>2017-05-21T12:12:17Z</time>
      </trkpt>
      <trkpt lat="46.675284" lon="25.838431">
        <ele>1683.008</ele>
        <time>2017-05-21T12:12:25Z</time>
      </trkpt>
      <trkpt lat="46.675195" lon="25.838483">
        <ele>1682.314</ele>
        <time>2017-05-21T12:12:35Z</time>
      </trkpt>
      <trkpt lat="46.675131" lon="25.838581">
        <ele>1681.940</ele>
        <time>2017-05-21T12:12:44Z</time>
      </trkpt>
      <trkpt lat="46.675050" lon="25.838643">
        <ele>1681.381</ele>
        <time>2017-05-21T12:12:52Z</time>
      </trkpt>
      <trkpt lat="46.674969" lon="25.838703">
        <ele>1680.938</ele>
        <time>2017-05-21T12:13:00Z</time>
      </trkpt>
      <trkpt lat="46.674880" lon="25.838749">
        <ele>1680.872</ele>
        <time>2017-05-21T12:13:09Z</time>
      </trkpt>
      <trkpt lat="46.674792" lon="25.838818">
        <ele>1681.239</ele>
        <time>2017-05-21T12:13:20Z</time>
      </trkpt>
      <trkpt lat="46.674696" lon="25.838833">
        <ele>1681.730</ele>
        <time>2017-05-21T12:13:30Z</time>
      </trkpt>
      <trkpt lat="46.674607" lon="25.838879">
        <ele>1683.150</ele>
        <time>2017-05-21T12:13:41Z</time>
      </trkpt>
      <trkpt lat="46.674521" lon="25.838954">
        <ele>1684.883</ele>
        <time>2017-05-21T12:13:54Z</time>
      </trkpt>
      <trkpt lat="46.674434" lon="25.839007">
        <ele>1686.425</ele>
        <time>2017-05-21T12:14:06Z</time>
      </trkpt>
      <trkpt lat="46.674359" lon="25.839096">
        <ele>1688.517</ele>
        <time>2017-05-21T12:14:53Z</time>
      </trkpt>
      <trkpt lat="46.674272" lon="25.839137">
        <ele>1690.608</ele>
        <time>2017-05-21T12:15:05Z</time>
      </trkpt>
      <trkpt lat="46.674186" lon="25.839072">
        <ele>1690.739</ele>
        <time>2017-05-21T12:15:14Z</time>
      </trkpt>
      <trkpt lat="46.674128" lon="25.838966">
        <ele>1688.295</ele>
        <time>2017-05-21T12:15:53Z</time>
      </trkpt>
      <trkpt lat="46.674111" lon="25.839099">
        <ele>1691.226</ele>
        <time>2017-05-21T12:16:48Z</time>
      </trkpt>
      <trkpt lat="46.674017" lon="25.839119">
        <ele>1691.223</ele>
        <time>2017-05-21T12:17:11Z</time>
      </trkpt>
      <trkpt lat="46.673921" lon="25.839095">
        <ele>1689.967</ele>
        <time>2017-05-21T12:17:23Z</time>
      </trkpt>
      <trkpt lat="46.673834" lon="25.839144">
        <ele>1689.334</ele>
        <time>2017-05-21T12:17:31Z</time>
      </trkpt>
      <trkpt lat="46.673745" lon="25.839096">
        <ele>1684.575</ele>
        <time>2017-05-21T12:17:43Z</time>
      </trkpt>
      <trkpt lat="46.673739" lon="25.838946">
        <ele>1679.515</ele>
        <time>2017-05-21T12:18:02Z</time>
      </trkpt>
      <trkpt lat="46.673754" lon="25.839080">
        <ele>1684.351</ele>
        <time>2017-05-21T12:19:54Z</time>
      </trkpt>
      <trkpt lat="46.673843" lon="25.839158">
        <ele>1690.101</ele>
        <time>2017-05-21T12:20:04Z</time>
      </trkpt>
      <trkpt lat="46.673944" lon="25.839153">
        <ele>1691.811</ele>
        <time>2017-05-21T12:20:13Z</time>
      </trkpt>
      <trkpt lat="46.674035" lon="25.839145">
        <ele>1691.908</ele>
        <time>2017-05-21T12:20:21Z</time>
      </trkpt>
      <trkpt lat="46.674119" lon="25.839085">
        <ele>1690.956</ele>
        <time>2017-05-21T12:21:04Z</time>
      </trkpt>
      <trkpt lat="46.674120" lon="25.838948">
        <ele>1687.742</ele>
        <time>2017-05-21T12:21:31Z</time>
      </trkpt>
      <trkpt lat="46.674200" lon="25.839031">
        <ele>1689.693</ele>
        <time>2017-05-21T12:48:34Z</time>
      </trkpt>
      <trkpt lat="46.674296" lon="25.839029">
        <ele>1688.480</ele>
        <time>2017-05-21T12:48:44Z</time>
      </trkpt>
      <trkpt lat="46.674392" lon="25.839001">
        <ele>1686.824</ele>
        <time>2017-05-21T12:48:54Z</time>
      </trkpt>
      <trkpt lat="46.674483" lon="25.838962">
        <ele>1685.321</ele>
        <time>2017-05-21T12:49:01Z</time>
      </trkpt>
      <trkpt lat="46.674568" lon="25.838911">
        <ele>1683.962</ele>
        <time>2017-05-21T12:49:08Z</time>
      </trkpt>
      <trkpt lat="46.674657" lon="25.838854">
        <ele>1682.372</ele>
        <time>2017-05-21T12:49:15Z</time>
      </trkpt>
      <trkpt lat="46.674744" lon="25.838798">
        <ele>1681.015</ele>
        <time>2017-05-21T12:49:22Z</time>
      </trkpt>
      <trkpt lat="46.674829" lon="25.838716">
        <ele>1680.565</ele>
        <time>2017-05-21T12:49:30Z</time>
      </trkpt>
      <trkpt lat="46.674909" lon="25.838651">
        <ele>1680.511</ele>
        <time>2017-05-21T12:49:36Z</time>
      </trkpt>
      <trkpt lat="46.674989" lon="25.838579">
        <ele>1680.808</ele>
        <time>2017-05-21T12:49:43Z</time>
      </trkpt>
      <trkpt lat="46.675078" lon="25.838505">
        <ele>1681.322</ele>
        <time>2017-05-21T12:49:51Z</time>
      </trkpt>
      <trkpt lat="46.675155" lon="25.838436">
        <ele>1681.858</ele>
        <time>2017-05-21T12:49:57Z</time>
      </trkpt>
      <trkpt lat="46.675233" lon="25.838349">
        <ele>1682.589</ele>
        <time>2017-05-21T12:50:04Z</time>
      </trkpt>
      <trkpt lat="46.675324" lon="25.838266">
        <ele>1682.476</ele>
        <time>2017-05-21T12:50:11Z</time>
      </trkpt>
      <trkpt lat="46.675396" lon="25.838180">
        <ele>1681.970</ele>
        <time>2017-05-21T12:50:17Z</time>
      </trkpt>
      <trkpt lat="46.675468" lon="25.838102">
        <ele>1681.887</ele>
        <time>2017-05-21T12:50:23Z</time>
      </trkpt>
      <trkpt lat="46.675541" lon="25.838023">
        <ele>1681.778</ele>
        <time>2017-05-21T12:50:30Z</time>
      </trkpt>
      <trkpt lat="46.675618" lon="25.837934">
        <ele>1680.998</ele>
        <time>2017-05-21T12:50:36Z</time>
      </trkpt>
      <trkpt lat="46.675694" lon="25.837839">
        <ele>1680.223</ele>
        <time>2017-05-21T12:50:43Z</time>
      </trkpt>
      <trkpt lat="46.675768" lon="25.837762">
        <ele>1679.883</ele>
        <time>2017-05-21T12:50:50Z</time>
      </trkpt>
      <trkpt lat="46.675855" lon="25.837692">
        <ele>1679.411</ele>
        <time>2017-05-21T12:50:57Z</time>
      </trkpt>
      <trkpt lat="46.675935" lon="25.837615">
        <ele>1679.708</ele>
        <time>2017-05-21T12:51:04Z</time>
      </trkpt>
      <trkpt lat="46.676021" lon="25.837544">
        <ele>1680.273</ele>
        <time>2017-05-21T12:51:11Z</time>
      </trkpt>
      <trkpt lat="46.676102" lon="25.837463">
        <ele>1680.519</ele>
        <time>2017-05-21T12:51:18Z</time>
      </trkpt>
      <trkpt lat="46.676188" lon="25.837373">
        <ele>1680.660</ele>
        <time>2017-05-21T12:51:27Z</time>
      </trkpt>
      <trkpt lat="46.676264" lon="25.837289">
        <ele>1680.867</ele>
        <time>2017-05-21T12:51:34Z</time>
      </trkpt>
      <trkpt lat="46.676347" lon="25.837209">
        <ele>1681.261</ele>
        <time>2017-05-21T12:51:42Z</time>
      </trkpt>
      <trkpt lat="46.676439" lon="25.837160">
        <ele>1681.458</ele>
        <time>2017-05-21T12:51:50Z</time>
      </trkpt>
      <trkpt lat="46.676528" lon="25.837101">
        <ele>1681.719</ele>
        <time>2017-05-21T12:51:57Z</time>
      </trkpt>
      <trkpt lat="46.676615" lon="25.837049">
        <ele>1682.539</ele>
        <time>2017-05-21T12:52:04Z</time>
      </trkpt>
      <trkpt lat="46.676715" lon="25.837014">
        <ele>1682.953</ele>
        <time>2017-05-21T12:52:11Z</time>
      </trkpt>
      <trkpt lat="46.676817" lon="25.836985">
        <ele>1682.104</ele>
        <time>2017-05-21T12:52:18Z</time>
      </trkpt>
      <trkpt lat="46.676908" lon="25.836974">
        <ele>1681.514</ele>
        <time>2017-05-21T12:52:25Z</time>
      </trkpt>
      <trkpt lat="46.677013" lon="25.836942">
        <ele>1681.008</ele>
        <time>2017-05-21T12:52:32Z</time>
      </trkpt>
      <trkpt lat="46.677108" lon="25.836889">
        <ele>1680.666</ele>
        <time>2017-05-21T12:52:39Z</time>
      </trkpt>
      <trkpt lat="46.677194" lon="25.836849">
        <ele>1680.362</ele>
        <time>2017-05-21T12:52:46Z</time>
      </trkpt>
      <trkpt lat="46.677295" lon="25.836836">
        <ele>1681.353</ele>
        <time>2017-05-21T12:52:54Z</time>
      </trkpt>
      <trkpt lat="46.677387" lon="25.836839">
        <ele>1682.720</ele>
        <time>2017-05-21T12:53:01Z</time>
      </trkpt>
      <trkpt lat="46.677483" lon="25.836805">
        <ele>1684.214</ele>
        <time>2017-05-21T12:53:09Z</time>
      </trkpt>
      <trkpt lat="46.677573" lon="25.836770">
        <ele>1684.921</ele>
        <time>2017-05-21T12:53:16Z</time>
      </trkpt>
      <trkpt lat="46.677662" lon="25.836739">
        <ele>1685.392</ele>
        <time>2017-05-21T12:53:23Z</time>
      </trkpt>
      <trkpt lat="46.677752" lon="25.836716">
        <ele>1685.742</ele>
        <time>2017-05-21T12:53:31Z</time>
      </trkpt>
      <trkpt lat="46.677850" lon="25.836687">
        <ele>1685.982</ele>
        <time>2017-05-21T12:53:39Z</time>
      </trkpt>
      <trkpt lat="46.677942" lon="25.836653">
        <ele>1686.143</ele>
        <time>2017-05-21T12:53:46Z</time>
      </trkpt>
      <trkpt lat="46.678028" lon="25.836592">
        <ele>1686.317</ele>
        <time>2017-05-21T12:53:53Z</time>
      </trkpt>
      <trkpt lat="46.678124" lon="25.836561">
        <ele>1686.508</ele>
        <time>2017-05-21T12:54:00Z</time>
      </trkpt>
      <trkpt lat="46.678218" lon="25.836519">
        <ele>1686.859</ele>
        <time>2017-05-21T12:54:07Z</time>
      </trkpt>
      <trkpt lat="46.678316" lon="25.836498">
        <ele>1687.255</ele>
        <time>2017-05-21T12:54:14Z</time>
      </trkpt>
      <trkpt lat="46.678407" lon="25.836486">
        <ele>1686.936</ele>
        <time>2017-05-21T12:54:20Z</time>
      </trkpt>
      <trkpt lat="46.678510" lon="25.836481">
        <ele>1686.333</ele>
        <time>2017-05-21T12:54:28Z</time>
      </trkpt>
      <trkpt lat="46.678609" lon="25.836478">
        <ele>1685.767</ele>
        <time>2017-05-21T12:54:35Z</time>
      </trkpt>
      <trkpt lat="46.678704" lon="25.836472">
        <ele>1685.414</ele>
        <time>2017-05-21T12:54:42Z</time>
      </trkpt>
      <trkpt lat="46.678802" lon="25.836449">
        <ele>1685.175</ele>
        <time>2017-05-21T12:54:49Z</time>
      </trkpt>
      <trkpt lat="46.678891" lon="25.836391">
        <ele>1685.035</ele>
        <time>2017-05-21T12:54:57Z</time>
      </trkpt>
      <trkpt lat="46.678975" lon="25.836332">
        <ele>1684.495</ele>
        <time>2017-05-21T12:55:04Z</time>
      </trkpt>
      <trkpt lat="46.679061" lon="25.836266">
        <ele>1684.049</ele>
        <time>2017-05-21T12:55:13Z</time>
      </trkpt>
      <trkpt lat="46.679155" lon="25.836216">
        <ele>1683.723</ele>
        <time>2017-05-21T12:55:21Z</time>
      </trkpt>
      <trkpt lat="46.679240" lon="25.836157">
        <ele>1682.608</ele>
        <time>2017-05-21T12:55:28Z</time>
      </trkpt>
      <trkpt lat="46.679329" lon="25.836117">
        <ele>1681.160</ele>
        <time>2017-05-21T12:55:35Z</time>
      </trkpt>
      <trkpt lat="46.679418" lon="25.836065">
        <ele>1679.646</ele>
        <time>2017-05-21T12:55:44Z</time>
      </trkpt>
      <trkpt lat="46.679514" lon="25.836058">
        <ele>1678.237</ele>
        <time>2017-05-21T12:55:51Z</time>
      </trkpt>
      <trkpt lat="46.679608" lon="25.836049">
        <ele>1676.914</ele>
        <time>2017-05-21T12:55:59Z</time>
      </trkpt>
      <trkpt lat="46.679697" lon="25.836101">
        <ele>1675.468</ele>
        <time>2017-05-21T12:56:05Z</time>
      </trkpt>
      <trkpt lat="46.679794" lon="25.836120">
        <ele>1675.045</ele>
        <time>2017-05-21T12:56:12Z</time>
      </trkpt>
      <trkpt lat="46.679884" lon="25.836108">
        <ele>1675.016</ele>
        <time>2017-05-21T12:56:19Z</time>
      </trkpt>
      <trkpt lat="46.679977" lon="25.836110">
        <ele>1675.066</ele>
        <time>2017-05-21T12:56:27Z</time>
      </trkpt>
      <trkpt lat="46.680069" lon="25.836148">
        <ele>1675.029</ele>
        <time>2017-05-21T12:56:35Z</time>
      </trkpt>
      <trkpt lat="46.680156" lon="25.836096">
        <ele>1674.900</ele>
        <time>2017-05-21T12:56:41Z</time>
      </trkpt>
      <trkpt lat="46.680198" lon="25.835975">
        <ele>1674.220</ele>
        <time>2017-05-21T12:56:49Z</time>
      </trkpt>
      <trkpt lat="46.680286" lon="25.835948">
        <ele>1673.708</ele>
        <time>2017-05-21T12:57:28Z</time>
      </trkpt>
      <trkpt lat="46.680333" lon="25.835824">
        <ele>1672.163</ele>
        <time>2017-05-21T12:57:37Z</time>
      </trkpt>
      <trkpt lat="46.680369" lon="25.835701">
        <ele>1669.869</ele>
        <time>2017-05-21T12:57:55Z</time>
      </trkpt>
      <trkpt lat="46.680372" lon="25.835565">
        <ele>1667.860</ele>
        <time>2017-05-21T12:58:06Z</time>
      </trkpt>
      <trkpt lat="46.680421" lon="25.835443">
        <ele>1665.567</ele>
        <time>2017-05-21T12:58:17Z</time>
      </trkpt>
      <trkpt lat="46.680511" lon="25.835412">
        <ele>1663.791</ele>
        <time>2017-05-21T12:58:35Z</time>
      </trkpt>
      <trkpt lat="46.680552" lon="25.835289">
        <ele>1661.268</ele>
        <time>2017-05-21T12:58:48Z</time>
      </trkpt>
      <trkpt lat="46.680560" lon="25.835146">
        <ele>1659.539</ele>
        <time>2017-05-21T12:58:59Z</time>
      </trkpt>
      <trkpt lat="46.680627" lon="25.835033">
        <ele>1656.389</ele>
        <time>2017-05-21T12:59:07Z</time>
      </trkpt>
      <trkpt lat="46.680719" lon="25.834962">
        <ele>1653.045</ele>
        <time>2017-05-21T12:59:18Z</time>
      </trkpt>
      <trkpt lat="46.680802" lon="25.834888">
        <ele>1650.147</ele>
        <time>2017-05-21T12:59:28Z</time>
      </trkpt>
      <trkpt lat="46.680893" lon="25.834872">
        <ele>1646.811</ele>
        <time>2017-05-21T12:59:36Z</time>
      </trkpt>
      <trkpt lat="46.680985" lon="25.834867">
        <ele>1643.308</ele>
        <time>2017-05-21T12:59:50Z</time>
      </trkpt>
      <trkpt lat="46.681080" lon="25.834868">
        <ele>1639.845</ele>
        <time>2017-05-21T12:59:59Z</time>
      </trkpt>
      <trkpt lat="46.681166" lon="25.834810">
        <ele>1635.991</ele>
        <time>2017-05-21T13:00:08Z</time>
      </trkpt>
      <trkpt lat="46.681262" lon="25.834809">
        <ele>1633.022</ele>
        <time>2017-05-21T13:00:15Z</time>
      </trkpt>
      <trkpt lat="46.681348" lon="25.834870">
        <ele>1631.449</ele>
        <time>2017-05-21T13:00:22Z</time>
      </trkpt>
      <trkpt lat="46.681440" lon="25.834878">
        <ele>1629.063</ele>
        <time>2017-05-21T13:00:28Z</time>
      </trkpt>
      <trkpt lat="46.681540" lon="25.834891">
        <ele>1626.850</ele>
        <time>2017-05-21T13:00:35Z</time>
      </trkpt>
      <trkpt lat="46.681632" lon="25.834903">
        <ele>1624.871</ele>
        <time>2017-05-21T13:00:41Z</time>
      </trkpt>
      <trkpt lat="46.681727" lon="25.834867">
        <ele>1623.381</ele>
        <time>2017-05-21T13:00:47Z</time>
      </trkpt>
      <trkpt lat="46.681821" lon="25.834839">
        <ele>1622.783</ele>
        <time>2017-05-21T13:00:54Z</time>
      </trkpt>
      <trkpt lat="46.681910" lon="25.834798">
        <ele>1621.925</ele>
        <time>2017-05-21T13:01:01Z</time>
      </trkpt>
      <trkpt lat="46.682004" lon="25.834773">
        <ele>1621.517</ele>
        <time>2017-05-21T13:01:06Z</time>
      </trkpt>
      <trkpt lat="46.682110" lon="25.834758">
        <ele>1621.208</ele>
        <time>2017-05-21T13:01:14Z</time>
      </trkpt>
      <trkpt lat="46.682207" lon="25.834755">
        <ele>1621.119</ele>
        <time>2017-05-21T13:01:20Z</time>
      </trkpt>
      <trkpt lat="46.682306" lon="25.834752">
        <ele>1620.245</ele>
        <time>2017-05-21T13:01:27Z</time>
      </trkpt>
      <trkpt lat="46.682396" lon="25.834756">
        <ele>1619.216</ele>
        <time>2017-05-21T13:01:34Z</time>
      </trkpt>
      <trkpt lat="46.682487" lon="25.834757">
        <ele>1618.143</ele>
        <time>2017-05-21T13:01:41Z</time>
      </trkpt>
      <trkpt lat="46.682587" lon="25.834744">
        <ele>1617.167</ele>
        <time>2017-05-21T13:01:49Z</time>
      </trkpt>
      <trkpt lat="46.682685" lon="25.834728">
        <ele>1616.014</ele>
        <time>2017-05-21T13:01:56Z</time>
      </trkpt>
      <trkpt lat="46.682789" lon="25.834706">
        <ele>1614.875</ele>
        <time>2017-05-21T13:02:03Z</time>
      </trkpt>
      <trkpt lat="46.682888" lon="25.834694">
        <ele>1614.415</ele>
        <time>2017-05-21T13:02:10Z</time>
      </trkpt>
      <trkpt lat="46.682977" lon="25.834636">
        <ele>1613.781</ele>
        <time>2017-05-21T13:02:17Z</time>
      </trkpt>
      <trkpt lat="46.683029" lon="25.834510">
        <ele>1612.661</ele>
        <time>2017-05-21T13:02:27Z</time>
      </trkpt>
      <trkpt lat="46.683129" lon="25.834506">
        <ele>1612.417</ele>
        <time>2017-05-21T13:02:54Z</time>
      </trkpt>
      <trkpt lat="46.683224" lon="25.834478">
        <ele>1612.208</ele>
        <time>2017-05-21T13:03:02Z</time>
      </trkpt>
      <trkpt lat="46.683309" lon="25.834424">
        <ele>1611.899</ele>
        <time>2017-05-21T13:03:09Z</time>
      </trkpt>
      <trkpt lat="46.683407" lon="25.834416">
        <ele>1612.565</ele>
        <time>2017-05-21T13:03:19Z</time>
      </trkpt>
      <trkpt lat="46.683497" lon="25.834381">
        <ele>1613.256</ele>
        <time>2017-05-21T13:03:28Z</time>
      </trkpt>
      <trkpt lat="46.683574" lon="25.834308">
        <ele>1613.613</ele>
        <time>2017-05-21T13:03:36Z</time>
      </trkpt>
      <trkpt lat="46.683662" lon="25.834252">
        <ele>1614.847</ele>
        <time>2017-05-21T13:03:44Z</time>
      </trkpt>
      <trkpt lat="46.683756" lon="25.834199">
        <ele>1616.854</ele>
        <time>2017-05-21T13:03:55Z</time>
      </trkpt>
      <trkpt lat="46.683836" lon="25.834124">
        <ele>1618.185</ele>
        <time>2017-05-21T13:04:07Z</time>
      </trkpt>
      <trkpt lat="46.683919" lon="25.834068">
        <ele>1619.425</ele>
        <time>2017-05-21T13:04:19Z</time>
      </trkpt>
      <trkpt lat="46.683990" lon="25.833976">
        <ele>1619.946</ele>
        <time>2017-05-21T13:04:29Z</time>
      </trkpt>
      <trkpt lat="46.684066" lon="25.833895">
        <ele>1620.688</ele>
        <time>2017-05-21T13:04:42Z</time>
      </trkpt>
      <trkpt lat="46.684147" lon="25.833807">
        <ele>1620.216</ele>
        <time>2017-05-21T13:04:59Z</time>
      </trkpt>
      <trkpt lat="46.684194" lon="25.833672">
        <ele>1617.708</ele>
        <time>2017-05-21T13:05:12Z</time>
      </trkpt>
      <trkpt lat="46.684218" lon="25.833542">
        <ele>1614.255</ele>
        <time>2017-05-21T13:05:25Z</time>
      </trkpt>
      <trkpt lat="46.684286" lon="25.833450">
        <ele>1613.251</ele>
        <time>2017-05-21T13:05:54Z</time>
      </trkpt>
      <trkpt lat="46.684289" lon="25.833319">
        <ele>1608.392</ele>
        <time>2017-05-21T13:06:09Z</time>
      </trkpt>
      <trkpt lat="46.684331" lon="25.833172">
        <ele>1603.879</ele>
        <time>2017-05-21T13:06:34Z</time>
      </trkpt>
      <trkpt lat="46.684277" lon="25.833047">
        <ele>1596.673</ele>
        <time>2017-05-21T13:07:02Z</time>
      </trkpt>
      <trkpt lat="46.684194" lon="25.832976">
        <ele>1590.580</ele>
        <time>2017-05-21T13:07:22Z</time>
      </trkpt>
      <trkpt lat="46.684111" lon="25.832921">
        <ele>1585.851</ele>
        <time>2017-05-21T13:07:38Z</time>
      </trkpt>
      <trkpt lat="46.684036" lon="25.832995">
        <ele>1586.871</ele>
        <time>2017-05-21T13:07:58Z</time>
      </trkpt>
      <trkpt lat="46.683956" lon="25.832934">
        <ele>1582.321</ele>
        <time>2017-05-21T13:08:12Z</time>
      </trkpt>
      <trkpt lat="46.684051" lon="25.832930">
        <ele>1584.641</ele>
        <time>2017-05-21T13:09:01Z</time>
      </trkpt>
      <trkpt lat="46.684134" lon="25.832866">
        <ele>1584.005</ele>
        <time>2017-05-21T13:09:16Z</time>
      </trkpt>
      <trkpt lat="46.684155" lon="25.832738">
        <ele>1579.308</ele>
        <time>2017-05-21T13:09:30Z</time>
      </trkpt>
      <trkpt lat="46.684233" lon="25.832654">
        <ele>1578.773</ele>
        <time>2017-05-21T13:09:52Z</time>
      </trkpt>
      <trkpt lat="46.684327" lon="25.832559">
        <ele>1578.039</ele>
        <time>2017-05-21T13:10:08Z</time>
      </trkpt>
      <trkpt lat="46.684386" lon="25.832458">
        <ele>1575.710</ele>
        <time>2017-05-21T13:10:22Z</time>
      </trkpt>
      <trkpt lat="46.684477" lon="25.832448">
        <ele>1578.047</ele>
        <time>2017-05-21T13:10:33Z</time>
      </trkpt>
      <trkpt lat="46.684518" lon="25.832318">
        <ele>1574.041</ele>
        <time>2017-05-21T13:10:39Z</time>
      </trkpt>
      <trkpt lat="46.684561" lon="25.832199">
        <ele>1570.598</ele>
        <time>2017-05-21T13:10:54Z</time>
      </trkpt>
      <trkpt lat="46.684630" lon="25.832110">
        <ele>1569.319</ele>
        <time>2017-05-21T13:11:02Z</time>
      </trkpt>
      <trkpt lat="46.684685" lon="25.832004">
        <ele>1567.119</ele>
        <time>2017-05-21T13:11:15Z</time>
      </trkpt>
      <trkpt lat="46.684760" lon="25.831920">
        <ele>1565.263</ele>
        <time>2017-05-21T13:11:30Z</time>
      </trkpt>
      <trkpt lat="46.684806" lon="25.831802">
        <ele>1561.044</ele>
        <time>2017-05-21T13:11:44Z</time>
      </trkpt>
      <trkpt lat="46.684899" lon="25.831766">
        <ele>1559.818</ele>
        <time>2017-05-21T13:11:53Z</time>
      </trkpt>
      <trkpt lat="46.684982" lon="25.831712">
        <ele>1557.808</ele>
        <time>2017-05-21T13:12:06Z</time>
      </trkpt>
      <trkpt lat="46.685022" lon="25.831581">
        <ele>1553.047</ele>
        <time>2017-05-21T13:12:15Z</time>
      </trkpt>
      <trkpt lat="46.685033" lon="25.831446">
        <ele>1548.043</ele>
        <time>2017-05-21T13:12:24Z</time>
      </trkpt>
      <trkpt lat="46.685109" lon="25.831363">
        <ele>1544.534</ele>
        <time>2017-05-21T13:12:31Z</time>
      </trkpt>
      <trkpt lat="46.685174" lon="25.831259">
        <ele>1539.821</ele>
        <time>2017-05-21T13:12:46Z</time>
      </trkpt>
      <trkpt lat="46.685224" lon="25.831130">
        <ele>1534.025</ele>
        <time>2017-05-21T13:13:12Z</time>
      </trkpt>
      <trkpt lat="46.685279" lon="25.831013">
        <ele>1530.222</ele>
        <time>2017-05-21T13:13:20Z</time>
      </trkpt>
      <trkpt lat="46.685235" lon="25.830883">
        <ele>1526.373</ele>
        <time>2017-05-21T13:13:31Z</time>
      </trkpt>
      <trkpt lat="46.685172" lon="25.830763">
        <ele>1523.023</ele>
        <time>2017-05-21T13:13:40Z</time>
      </trkpt>
      <trkpt lat="46.685165" lon="25.830627">
        <ele>1519.879</ele>
        <time>2017-05-21T13:13:55Z</time>
      </trkpt>
      <trkpt lat="46.685198" lon="25.830500">
        <ele>1516.905</ele>
        <time>2017-05-21T13:14:02Z</time>
      </trkpt>
      <trkpt lat="46.685249" lon="25.830372">
        <ele>1513.625</ele>
        <time>2017-05-21T13:14:12Z</time>
      </trkpt>
      <trkpt lat="46.685294" lon="25.830245">
        <ele>1510.408</ele>
        <time>2017-05-21T13:14:19Z</time>
      </trkpt>
      <trkpt lat="46.685311" lon="25.830113">
        <ele>1507.658</ele>
        <time>2017-05-21T13:14:30Z</time>
      </trkpt>
      <trkpt lat="46.685328" lon="25.829982">
        <ele>1504.944</ele>
        <time>2017-05-21T13:14:37Z</time>
      </trkpt>
      <trkpt lat="46.685314" lon="25.829846">
        <ele>1502.545</ele>
        <time>2017-05-21T13:14:44Z</time>
      </trkpt>
      <trkpt lat="46.685301" lon="25.829705">
        <ele>1500.142</ele>
        <time>2017-05-21T13:14:52Z</time>
      </trkpt>
      <trkpt lat="46.685273" lon="25.829576">
        <ele>1498.436</ele>
        <time>2017-05-21T13:14:58Z</time>
      </trkpt>
      <trkpt lat="46.685214" lon="25.829460">
        <ele>1496.973</ele>
        <time>2017-05-21T13:15:05Z</time>
      </trkpt>
      <trkpt lat="46.685149" lon="25.829348">
        <ele>1497.224</ele>
        <time>2017-05-21T13:15:12Z</time>
      </trkpt>
      <trkpt lat="46.685085" lon="25.829235">
        <ele>1497.814</ele>
        <time>2017-05-21T13:15:19Z</time>
      </trkpt>
      <trkpt lat="46.685009" lon="25.829157">
        <ele>1498.129</ele>
        <time>2017-05-21T13:15:26Z</time>
      </trkpt>
      <trkpt lat="46.684928" lon="25.829095">
        <ele>1497.700</ele>
        <time>2017-05-21T13:15:46Z</time>
      </trkpt>
      <trkpt lat="46.684837" lon="25.829065">
        <ele>1497.020</ele>
        <time>2017-05-21T13:16:44Z</time>
      </trkpt>
      <trkpt lat="46.684772" lon="25.828971">
        <ele>1496.908</ele>
        <time>2017-05-21T13:16:52Z</time>
      </trkpt>
      <trkpt lat="46.684705" lon="25.828880">
        <ele>1496.993</ele>
        <time>2017-05-21T13:16:57Z</time>
      </trkpt>
      <trkpt lat="46.684651" lon="25.828775">
        <ele>1497.229</ele>
        <time>2017-05-21T13:17:04Z</time>
      </trkpt>
      <trkpt lat="46.684604" lon="25.828653">
        <ele>1497.520</ele>
        <time>2017-05-21T13:17:11Z</time>
      </trkpt>
      <trkpt lat="46.684529" lon="25.828577">
        <ele>1497.347</ele>
        <time>2017-05-21T13:17:18Z</time>
      </trkpt>
      <trkpt lat="46.684442" lon="25.828479">
        <ele>1497.421</ele>
        <time>2017-05-21T13:17:27Z</time>
      </trkpt>
      <trkpt lat="46.684348" lon="25.828439">
        <ele>1496.388</ele>
        <time>2017-05-21T13:17:36Z</time>
      </trkpt>
      <trkpt lat="46.684252" lon="25.828427">
        <ele>1494.899</ele>
        <time>2017-05-21T13:17:46Z</time>
      </trkpt>
      <trkpt lat="46.684189" lon="25.828325">
        <ele>1494.549</ele>
        <time>2017-05-21T13:17:56Z</time>
      </trkpt>
      <trkpt lat="46.684138" lon="25.828210">
        <ele>1495.248</ele>
        <time>2017-05-21T13:18:02Z</time>
      </trkpt>
      <trkpt lat="46.684095" lon="25.828093">
        <ele>1495.961</ele>
        <time>2017-05-21T13:18:09Z</time>
      </trkpt>
      <trkpt lat="46.684107" lon="25.827957">
        <ele>1498.317</ele>
        <time>2017-05-21T13:18:51Z</time>
      </trkpt>
      <trkpt lat="46.684020" lon="25.827915">
        <ele>1496.808</ele>
        <time>2017-05-21T13:19:14Z</time>
      </trkpt>
      <trkpt lat="46.683946" lon="25.827838">
        <ele>1495.995</ele>
        <time>2017-05-21T13:19:31Z</time>
      </trkpt>
      <trkpt lat="46.683853" lon="25.827831">
        <ele>1493.811</ele>
        <time>2017-05-21T13:19:44Z</time>
      </trkpt>
      <trkpt lat="46.683712" lon="25.827793">
        <ele>1491.612</ele>
        <time>2017-05-21T13:21:20Z</time>
      </trkpt>
      <trkpt lat="46.683635" lon="25.827725">
        <ele>1491.469</ele>
        <time>2017-05-21T13:21:23Z</time>
      </trkpt>
      <trkpt lat="46.683582" lon="25.827616">
        <ele>1492.593</ele>
        <time>2017-05-21T13:21:29Z</time>
      </trkpt>
      <trkpt lat="46.683532" lon="25.827499">
        <ele>1493.630</ele>
        <time>2017-05-21T13:21:41Z</time>
      </trkpt>
      <trkpt lat="46.683477" lon="25.827392">
        <ele>1493.651</ele>
        <time>2017-05-21T13:21:47Z</time>
      </trkpt>
      <trkpt lat="46.683465" lon="25.827258">
        <ele>1494.631</ele>
        <time>2017-05-21T13:21:59Z</time>
      </trkpt>
      <trkpt lat="46.683454" lon="25.827117">
        <ele>1495.344</ele>
        <time>2017-05-21T13:22:09Z</time>
      </trkpt>
      <trkpt lat="46.683462" lon="25.826985">
        <ele>1496.105</ele>
        <time>2017-05-21T13:22:24Z</time>
      </trkpt>
      <trkpt lat="46.683459" lon="25.826851">
        <ele>1496.915</ele>
        <time>2017-05-21T13:22:40Z</time>
      </trkpt>
      <trkpt lat="46.683481" lon="25.826709">
        <ele>1498.508</ele>
        <time>2017-05-21T13:22:51Z</time>
      </trkpt>
      <trkpt lat="46.683475" lon="25.826573">
        <ele>1499.855</ele>
        <time>2017-05-21T13:22:58Z</time>
      </trkpt>
      <trkpt lat="46.683486" lon="25.826432">
        <ele>1502.071</ele>
        <time>2017-05-21T13:23:03Z</time>
      </trkpt>
      <trkpt lat="46.683511" lon="25.826286">
        <ele>1503.852</ele>
        <time>2017-05-21T13:23:12Z</time>
      </trkpt>
      <trkpt lat="46.683499" lon="25.826146">
        <ele>1503.379</ele>
        <time>2017-05-21T13:23:24Z</time>
      </trkpt>
      <trkpt lat="46.683493" lon="25.826009">
        <ele>1503.113</ele>
        <time>2017-05-21T13:23:32Z</time>
      </trkpt>
      <trkpt lat="46.683495" lon="25.825845">
        <ele>1503.430</ele>
        <time>2017-05-21T13:23:41Z</time>
      </trkpt>
      <trkpt lat="46.683512" lon="25.825716">
        <ele>1503.161</ele>
        <time>2017-05-21T13:23:50Z</time>
      </trkpt>
      <trkpt lat="46.683531" lon="25.825587">
        <ele>1502.771</ele>
        <time>2017-05-21T13:24:00Z</time>
      </trkpt>
      <trkpt lat="46.683539" lon="25.825455">
        <ele>1502.731</ele>
        <time>2017-05-21T13:24:10Z</time>
      </trkpt>
      <trkpt lat="46.683560" lon="25.825327">
        <ele>1503.361</ele>
        <time>2017-05-21T13:24:27Z</time>
      </trkpt>
      <trkpt lat="46.683516" lon="25.825198">
        <ele>1501.507</ele>
        <time>2017-05-21T13:24:41Z</time>
      </trkpt>
      <trkpt lat="46.683480" lon="25.825074">
        <ele>1500.008</ele>
        <time>2017-05-21T13:24:49Z</time>
      </trkpt>
      <trkpt lat="46.683487" lon="25.824928">
        <ele>1499.624</ele>
        <time>2017-05-21T13:24:59Z</time>
      </trkpt>
      <trkpt lat="46.683531" lon="25.824799">
        <ele>1500.040</ele>
        <time>2017-05-21T13:25:10Z</time>
      </trkpt>
      <trkpt lat="46.683587" lon="25.824680">
        <ele>1500.471</ele>
        <time>2017-05-21T13:25:20Z</time>
      </trkpt>
      <trkpt lat="46.683652" lon="25.824564">
        <ele>1500.998</ele>
        <time>2017-05-21T13:25:33Z</time>
      </trkpt>
      <trkpt lat="46.683731" lon="25.824481">
        <ele>1500.822</ele>
        <time>2017-05-21T13:25:54Z</time>
      </trkpt>
      <trkpt lat="46.683657" lon="25.824397">
        <ele>1499.629</ele>
        <time>2017-05-21T13:43:51Z</time>
      </trkpt>
      <trkpt lat="46.683711" lon="25.824521">
        <ele>1501.110</ele>
        <time>2017-05-21T13:45:09Z</time>
      </trkpt>
      <trkpt lat="46.683716" lon="25.824674">
        <ele>1502.860</ele>
        <time>2017-05-21T13:45:18Z</time>
      </trkpt>
      <trkpt lat="46.683768" lon="25.824780">
        <ele>1505.362</ele>
        <time>2017-05-21T13:45:27Z</time>
      </trkpt>
      <trkpt lat="46.683821" lon="25.824890">
        <ele>1508.683</ele>
        <time>2017-05-21T13:46:00Z</time>
      </trkpt>
      <trkpt lat="46.683895" lon="25.824970">
        <ele>1512.511</ele>
        <time>2017-05-21T13:46:33Z</time>
      </trkpt>
      <trkpt lat="46.683971" lon="25.825056">
        <ele>1516.508</ele>
        <time>2017-05-21T13:46:53Z</time>
      </trkpt>
      <trkpt lat="46.684053" lon="25.825137">
        <ele>1521.087</ele>
        <time>2017-05-21T13:47:44Z</time>
      </trkpt>
      <trkpt lat="46.684149" lon="25.825186">
        <ele>1525.933</ele>
        <time>2017-05-21T13:48:15Z</time>
      </trkpt>
      <trkpt lat="46.684205" lon="25.825299">
        <ele>1530.074</ele>
        <time>2017-05-21T13:49:20Z</time>
      </trkpt>
      <trkpt lat="46.684280" lon="25.825381">
        <ele>1533.791</ele>
        <time>2017-05-21T13:50:23Z</time>
      </trkpt>
      <trkpt lat="46.684372" lon="25.825429">
        <ele>1537.455</ele>
        <time>2017-05-21T13:51:00Z</time>
      </trkpt>
      <trkpt lat="46.684427" lon="25.825534">
        <ele>1543.572</ele>
        <time>2017-05-21T13:52:30Z</time>
      </trkpt>
      <trkpt lat="46.684480" lon="25.825427">
        <ele>1538.143</ele>
        <time>2017-05-21T13:53:15Z</time>
      </trkpt>
      <trkpt lat="46.684462" lon="25.825572">
        <ele>1545.183</ele>
        <time>2017-05-21T13:56:35Z</time>
      </trkpt>
      <trkpt lat="46.684338" lon="25.825616">
        <ele>1543.266</ele>
        <time>2017-05-21T13:58:02Z</time>
      </trkpt>
      <trkpt lat="46.684416" lon="25.825503">
        <ele>1541.729</ele>
        <time>2017-05-21T13:58:48Z</time>
      </trkpt>
      <trkpt lat="46.684350" lon="25.825409">
        <ele>1536.221</ele>
        <time>2017-05-21T13:59:40Z</time>
      </trkpt>
      <trkpt lat="46.684254" lon="25.825409">
        <ele>1534.108</ele>
        <time>2017-05-21T13:59:58Z</time>
      </trkpt>
      <trkpt lat="46.684257" lon="25.825272">
        <ele>1529.857</ele>
        <time>2017-05-21T14:00:25Z</time>
      </trkpt>
      <trkpt lat="46.684203" lon="25.825164">
        <ele>1526.453</ele>
        <time>2017-05-21T14:01:09Z</time>
      </trkpt>
      <trkpt lat="46.684107" lon="25.825160">
        <ele>1523.634</ele>
        <time>2017-05-21T14:02:07Z</time>
      </trkpt>
      <trkpt lat="46.684030" lon="25.825087">
        <ele>1519.131</ele>
        <time>2017-05-21T14:02:27Z</time>
      </trkpt>
      <trkpt lat="46.683929" lon="25.825029">
        <ele>1514.775</ele>
        <time>2017-05-21T14:02:34Z</time>
      </trkpt>
      <trkpt lat="46.683835" lon="25.824950">
        <ele>1510.192</ele>
        <time>2017-05-21T14:02:38Z</time>
      </trkpt>
      <trkpt lat="46.683777" lon="25.824826">
        <ele>1506.233</ele>
        <time>2017-05-21T14:02:43Z</time>
      </trkpt>
      <trkpt lat="46.683722" lon="25.824714">
        <ele>1503.333</ele>
        <time>2017-05-21T14:02:49Z</time>
      </trkpt>
      <trkpt lat="46.683703" lon="25.824537">
        <ele>1501.226</ele>
        <time>2017-05-21T14:02:55Z</time>
      </trkpt>
      <trkpt lat="46.683612" lon="25.824500">
        <ele>1500.247</ele>
        <time>2017-05-21T14:03:32Z</time>
      </trkpt>
      <trkpt lat="46.683517" lon="25.824465">
        <ele>1498.411</ele>
        <time>2017-05-21T14:03:54Z</time>
      </trkpt>
      <trkpt lat="46.683421" lon="25.824499">
        <ele>1496.808</ele>
        <time>2017-05-21T14:10:46Z</time>
      </trkpt>
      <trkpt lat="46.683332" lon="25.824550">
        <ele>1495.473</ele>
        <time>2017-05-21T14:11:04Z</time>
      </trkpt>
      <trkpt lat="46.683279" lon="25.824656">
        <ele>1494.589</ele>
        <time>2017-05-21T14:11:21Z</time>
      </trkpt>
      <trkpt lat="46.683189" lon="25.824663">
        <ele>1492.540</ele>
        <time>2017-05-21T14:11:34Z</time>
      </trkpt>
      <trkpt lat="46.683098" lon="25.824657">
        <ele>1490.497</ele>
        <time>2017-05-21T14:11:45Z</time>
      </trkpt>
      <trkpt lat="46.683000" lon="25.824646">
        <ele>1488.381</ele>
        <time>2017-05-21T14:11:57Z</time>
      </trkpt>
      <trkpt lat="46.682905" lon="25.824653">
        <ele>1486.028</ele>
        <time>2017-05-21T14:12:08Z</time>
      </trkpt>
      <trkpt lat="46.682814" lon="25.824623">
        <ele>1484.289</ele>
        <time>2017-05-21T14:12:20Z</time>
      </trkpt>
      <trkpt lat="46.682725" lon="25.824642">
        <ele>1481.459</ele>
        <time>2017-05-21T14:12:29Z</time>
      </trkpt>
      <trkpt lat="46.682682" lon="25.824763">
        <ele>1478.427</ele>
        <time>2017-05-21T14:12:39Z</time>
      </trkpt>
      <trkpt lat="46.682612" lon="25.824677">
        <ele>1477.368</ele>
        <time>2017-05-21T14:12:52Z</time>
      </trkpt>
      <trkpt lat="46.682521" lon="25.824697">
        <ele>1474.014</ele>
        <time>2017-05-21T14:13:01Z</time>
      </trkpt>
      <trkpt lat="46.682436" lon="25.824630">
        <ele>1472.908</ele>
        <time>2017-05-21T14:13:11Z</time>
      </trkpt>
      <trkpt lat="46.682344" lon="25.824593">
        <ele>1471.593</ele>
        <time>2017-05-21T14:13:24Z</time>
      </trkpt>
      <trkpt lat="46.682245" lon="25.824603">
        <ele>1469.279</ele>
        <time>2017-05-21T14:13:33Z</time>
      </trkpt>
      <trkpt lat="46.682147" lon="25.824586">
        <ele>1466.970</ele>
        <time>2017-05-21T14:13:43Z</time>
      </trkpt>
      <trkpt lat="46.682058" lon="25.824559">
        <ele>1464.937</ele>
        <time>2017-05-21T14:13:51Z</time>
      </trkpt>
      <trkpt lat="46.681962" lon="25.824548">
        <ele>1462.441</ele>
        <time>2017-05-21T14:14:02Z</time>
      </trkpt>
      <trkpt lat="46.681888" lon="25.824623">
        <ele>1457.838</ele>
        <time>2017-05-21T14:14:10Z</time>
      </trkpt>
      <trkpt lat="46.681793" lon="25.824585">
        <ele>1452.529</ele>
        <time>2017-05-21T14:14:15Z</time>
      </trkpt>
      <trkpt lat="46.681704" lon="25.824638">
        <ele>1447.159</ele>
        <time>2017-05-21T14:14:24Z</time>
      </trkpt>
      <trkpt lat="46.681616" lon="25.824689">
        <ele>1442.431</ele>
        <time>2017-05-21T14:14:33Z</time>
      </trkpt>
      <trkpt lat="46.681532" lon="25.824762">
        <ele>1438.761</ele>
        <time>2017-05-21T14:14:40Z</time>
      </trkpt>
      <trkpt lat="46.681440" lon="25.824799">
        <ele>1434.807</ele>
        <time>2017-05-21T14:14:49Z</time>
      </trkpt>
      <trkpt lat="46.681413" lon="25.824941">
        <ele>1435.908</ele>
        <time>2017-05-21T14:14:56Z</time>
      </trkpt>
      <trkpt lat="46.681399" lon="25.825090">
        <ele>1437.084</ele>
        <time>2017-05-21T14:15:03Z</time>
      </trkpt>
      <trkpt lat="46.681383" lon="25.825228">
        <ele>1437.440</ele>
        <time>2017-05-21T14:15:10Z</time>
      </trkpt>
      <trkpt lat="46.681365" lon="25.825363">
        <ele>1437.741</ele>
        <time>2017-05-21T14:15:16Z</time>
      </trkpt>
      <trkpt lat="46.681308" lon="25.825478">
        <ele>1436.258</ele>
        <time>2017-05-21T14:15:26Z</time>
      </trkpt>
      <trkpt lat="46.681216" lon="25.825458">
        <ele>1432.542</ele>
        <time>2017-05-21T14:16:00Z</time>
      </trkpt>
      <trkpt lat="46.681144" lon="25.825371">
        <ele>1429.069</ele>
        <time>2017-05-21T14:16:13Z</time>
      </trkpt>
      <trkpt lat="46.681060" lon="25.825297">
        <ele>1425.390</ele>
        <time>2017-05-21T14:16:29Z</time>
      </trkpt>
      <trkpt lat="46.680963" lon="25.825254">
        <ele>1421.570</ele>
        <time>2017-05-21T14:16:37Z</time>
      </trkpt>
      <trkpt lat="46.680863" lon="25.825253">
        <ele>1417.966</ele>
        <time>2017-05-21T14:16:50Z</time>
      </trkpt>
      <trkpt lat="46.680773" lon="25.825288">
        <ele>1415.829</ele>
        <time>2017-05-21T14:16:59Z</time>
      </trkpt>
      <trkpt lat="46.680673" lon="25.825304">
        <ele>1413.721</ele>
        <time>2017-05-21T14:17:17Z</time>
      </trkpt>
      <trkpt lat="46.680580" lon="25.825249">
        <ele>1411.108</ele>
        <time>2017-05-21T14:17:38Z</time>
      </trkpt>
      <trkpt lat="46.680477" lon="25.825259">
        <ele>1409.837</ele>
        <time>2017-05-21T14:17:49Z</time>
      </trkpt>
      <trkpt lat="46.680383" lon="25.825216">
        <ele>1408.093</ele>
        <time>2017-05-21T14:17:56Z</time>
      </trkpt>
      <trkpt lat="46.680300" lon="25.825149">
        <ele>1405.564</ele>
        <time>2017-05-21T14:18:06Z</time>
      </trkpt>
      <trkpt lat="46.680229" lon="25.825062">
        <ele>1403.491</ele>
        <time>2017-05-21T14:18:31Z</time>
      </trkpt>
      <trkpt lat="46.680139" lon="25.825017">
        <ele>1402.475</ele>
        <time>2017-05-21T14:18:53Z</time>
      </trkpt>
      <trkpt lat="46.680100" lon="25.824888">
        <ele>1398.922</ele>
        <time>2017-05-21T14:19:13Z</time>
      </trkpt>
      <trkpt lat="46.680023" lon="25.824804">
        <ele>1396.443</ele>
        <time>2017-05-21T14:19:24Z</time>
      </trkpt>
      <trkpt lat="46.679947" lon="25.824717">
        <ele>1393.643</ele>
        <time>2017-05-21T14:19:32Z</time>
      </trkpt>
      <trkpt lat="46.679859" lon="25.824657">
        <ele>1390.814</ele>
        <time>2017-05-21T14:19:42Z</time>
      </trkpt>
      <trkpt lat="46.679793" lon="25.824567">
        <ele>1386.754</ele>
        <time>2017-05-21T14:19:51Z</time>
      </trkpt>
      <trkpt lat="46.679704" lon="25.824499">
        <ele>1383.509</ele>
        <time>2017-05-21T14:20:00Z</time>
      </trkpt>
      <trkpt lat="46.679610" lon="25.824451">
        <ele>1382.108</ele>
        <time>2017-05-21T14:20:10Z</time>
      </trkpt>
      <trkpt lat="46.679512" lon="25.824444">
        <ele>1382.512</ele>
        <time>2017-05-21T14:20:16Z</time>
      </trkpt>
      <trkpt lat="46.679416" lon="25.824467">
        <ele>1384.568</ele>
        <time>2017-05-21T14:20:23Z</time>
      </trkpt>
      <trkpt lat="46.679316" lon="25.824448">
        <ele>1385.029</ele>
        <time>2017-05-21T14:20:31Z</time>
      </trkpt>
      <trkpt lat="46.679218" lon="25.824474">
        <ele>1387.696</ele>
        <time>2017-05-21T14:20:37Z</time>
      </trkpt>
      <trkpt lat="46.679126" lon="25.824466">
        <ele>1388.330</ele>
        <time>2017-05-21T14:20:44Z</time>
      </trkpt>
      <trkpt lat="46.679029" lon="25.824431">
        <ele>1387.467</ele>
        <time>2017-05-21T14:20:56Z</time>
      </trkpt>
      <trkpt lat="46.678937" lon="25.824405">
        <ele>1386.998</ele>
        <time>2017-05-21T14:21:09Z</time>
      </trkpt>
      <trkpt lat="46.678834" lon="25.824394">
        <ele>1386.778</ele>
        <time>2017-05-21T14:21:20Z</time>
      </trkpt>
      <trkpt lat="46.678750" lon="25.824345">
        <ele>1384.651</ele>
        <time>2017-05-21T14:21:33Z</time>
      </trkpt>
      <trkpt lat="46.678656" lon="25.824318">
        <ele>1383.501</ele>
        <time>2017-05-21T14:21:43Z</time>
      </trkpt>
      <trkpt lat="46.678565" lon="25.824267">
        <ele>1381.911</ele>
        <time>2017-05-21T14:21:57Z</time>
      </trkpt>
      <trkpt lat="46.678492" lon="25.824181">
        <ele>1379.708</ele>
        <time>2017-05-21T14:22:07Z</time>
      </trkpt>
      <trkpt lat="46.678427" lon="25.824082">
        <ele>1376.466</ele>
        <time>2017-05-21T14:22:15Z</time>
      </trkpt>
      <trkpt lat="46.678343" lon="25.824016">
        <ele>1374.962</ele>
        <time>2017-05-21T14:22:23Z</time>
      </trkpt>
      <trkpt lat="46.678316" lon="25.823890">
        <ele>1369.983</ele>
        <time>2017-05-21T14:22:32Z</time>
      </trkpt>
      <trkpt lat="46.678251" lon="25.823782">
        <ele>1363.820</ele>
        <time>2017-05-21T14:22:39Z</time>
      </trkpt>
      <trkpt lat="46.678184" lon="25.823692">
        <ele>1359.564</ele>
        <time>2017-05-21T14:22:48Z</time>
      </trkpt>
      <trkpt lat="46.678113" lon="25.823587">
        <ele>1355.541</ele>
        <time>2017-05-21T14:22:57Z</time>
      </trkpt>
      <trkpt lat="46.678024" lon="25.823525">
        <ele>1354.742</ele>
        <time>2017-05-21T14:23:14Z</time>
      </trkpt>
      <trkpt lat="46.677938" lon="25.823456">
        <ele>1354.472</ele>
        <time>2017-05-21T14:23:21Z</time>
      </trkpt>
      <trkpt lat="46.677870" lon="25.823346">
        <ele>1352.742</ele>
        <time>2017-05-21T14:23:32Z</time>
      </trkpt>
      <trkpt lat="46.677783" lon="25.823296">
        <ele>1353.622</ele>
        <time>2017-05-21T14:23:41Z</time>
      </trkpt>
      <trkpt lat="46.677695" lon="25.823265">
        <ele>1354.414</ele>
        <time>2017-05-21T14:23:52Z</time>
      </trkpt>
      <trkpt lat="46.677633" lon="25.823161">
        <ele>1352.708</ele>
        <time>2017-05-21T14:24:03Z</time>
      </trkpt>
      <trkpt lat="46.677534" lon="25.823119">
        <ele>1353.865</ele>
        <time>2017-05-21T14:24:12Z</time>
      </trkpt>
      <trkpt lat="46.677453" lon="25.823059">
        <ele>1352.231</ele>
        <time>2017-05-21T14:24:22Z</time>
      </trkpt>
      <trkpt lat="46.677379" lon="25.822985">
        <ele>1349.372</ele>
        <time>2017-05-21T14:24:30Z</time>
      </trkpt>
      <trkpt lat="46.677334" lon="25.822857">
        <ele>1345.969</ele>
        <time>2017-05-21T14:24:39Z</time>
      </trkpt>
      <trkpt lat="46.677287" lon="25.822744">
        <ele>1343.463</ele>
        <time>2017-05-21T14:24:44Z</time>
      </trkpt>
      <trkpt lat="46.677243" lon="25.822607">
        <ele>1341.910</ele>
        <time>2017-05-21T14:24:51Z</time>
      </trkpt>
      <trkpt lat="46.677173" lon="25.822510">
        <ele>1339.011</ele>
        <time>2017-05-21T14:24:58Z</time>
      </trkpt>
      <trkpt lat="46.677106" lon="25.822406">
        <ele>1336.461</ele>
        <time>2017-05-21T14:25:04Z</time>
      </trkpt>
      <trkpt lat="46.677039" lon="25.822309">
        <ele>1334.498</ele>
        <time>2017-05-21T14:25:20Z</time>
      </trkpt>
      <trkpt lat="46.677027" lon="25.822180">
        <ele>1334.915</ele>
        <time>2017-05-21T14:25:27Z</time>
      </trkpt>
      <trkpt lat="46.676979" lon="25.822069">
        <ele>1334.126</ele>
        <time>2017-05-21T14:25:34Z</time>
      </trkpt>
      <trkpt lat="46.676915" lon="25.821954">
        <ele>1332.308</ele>
        <time>2017-05-21T14:25:42Z</time>
      </trkpt>
      <trkpt lat="46.676860" lon="25.821843">
        <ele>1329.450</ele>
        <time>2017-05-21T14:25:53Z</time>
      </trkpt>
      <trkpt lat="46.676808" lon="25.821736">
        <ele>1326.616</ele>
        <time>2017-05-21T14:26:05Z</time>
      </trkpt>
      <trkpt lat="46.676786" lon="25.821603">
        <ele>1325.597</ele>
        <time>2017-05-21T14:26:18Z</time>
      </trkpt>
      <trkpt lat="46.676754" lon="25.821470">
        <ele>1324.024</ele>
        <time>2017-05-21T14:26:32Z</time>
      </trkpt>
      <trkpt lat="46.676709" lon="25.821351">
        <ele>1322.198</ele>
        <time>2017-05-21T14:26:45Z</time>
      </trkpt>
      <trkpt lat="46.676669" lon="25.821216">
        <ele>1320.715</ele>
        <time>2017-05-21T14:26:57Z</time>
      </trkpt>
      <trkpt lat="46.676668" lon="25.821072">
        <ele>1321.526</ele>
        <time>2017-05-21T14:27:07Z</time>
      </trkpt>
      <trkpt lat="46.676671" lon="25.820934">
        <ele>1323.196</ele>
        <time>2017-05-21T14:27:17Z</time>
      </trkpt>
      <trkpt lat="46.676642" lon="25.820794">
        <ele>1323.284</ele>
        <time>2017-05-21T14:27:25Z</time>
      </trkpt>
      <trkpt lat="46.676589" lon="25.820663">
        <ele>1322.807</ele>
        <time>2017-05-21T14:27:35Z</time>
      </trkpt>
      <trkpt lat="46.676514" lon="25.820548">
        <ele>1321.417</ele>
        <time>2017-05-21T14:27:41Z</time>
      </trkpt>
      <trkpt lat="46.676485" lon="25.820422">
        <ele>1321.308</ele>
        <time>2017-05-21T14:27:48Z</time>
      </trkpt>
      <trkpt lat="46.676408" lon="25.820340">
        <ele>1318.929</ele>
        <time>2017-05-21T14:27:54Z</time>
      </trkpt>
      <trkpt lat="46.676319" lon="25.820268">
        <ele>1315.515</ele>
        <time>2017-05-21T14:28:01Z</time>
      </trkpt>
      <trkpt lat="46.676239" lon="25.820190">
        <ele>1312.396</ele>
        <time>2017-05-21T14:28:09Z</time>
      </trkpt>
      <trkpt lat="46.676173" lon="25.820099">
        <ele>1310.643</ele>
        <time>2017-05-21T14:28:16Z</time>
      </trkpt>
      <trkpt lat="46.676112" lon="25.820001">
        <ele>1310.097</ele>
        <time>2017-05-21T14:28:26Z</time>
      </trkpt>
      <trkpt lat="46.676012" lon="25.819967">
        <ele>1305.124</ele>
        <time>2017-05-21T14:28:40Z</time>
      </trkpt>
      <trkpt lat="46.675923" lon="25.819896">
        <ele>1300.895</ele>
        <time>2017-05-21T14:28:49Z</time>
      </trkpt>
      <trkpt lat="46.675825" lon="25.819865">
        <ele>1296.715</ele>
        <time>2017-05-21T14:28:56Z</time>
      </trkpt>
      <trkpt lat="46.675736" lon="25.819836">
        <ele>1293.663</ele>
        <time>2017-05-21T14:29:04Z</time>
      </trkpt>
      <trkpt lat="46.675658" lon="25.819743">
        <ele>1291.244</ele>
        <time>2017-05-21T14:29:20Z</time>
      </trkpt>
      <trkpt lat="46.675555" lon="25.819735">
        <ele>1287.918</ele>
        <time>2017-05-21T14:29:28Z</time>
      </trkpt>
      <trkpt lat="46.675464" lon="25.819692">
        <ele>1285.108</ele>
        <time>2017-05-21T14:29:38Z</time>
      </trkpt>
      <trkpt lat="46.675381" lon="25.819624">
        <ele>1282.497</ele>
        <time>2017-05-21T14:29:46Z</time>
      </trkpt>
      <trkpt lat="46.675280" lon="25.819642">
        <ele>1279.823</ele>
        <time>2017-05-21T14:29:56Z</time>
      </trkpt>
      <trkpt lat="46.675189" lon="25.819674">
        <ele>1276.364</ele>
        <time>2017-05-21T14:30:04Z</time>
      </trkpt>
      <trkpt lat="46.675104" lon="25.819738">
        <ele>1273.091</ele>
        <time>2017-05-21T14:30:24Z</time>
      </trkpt>
      <trkpt lat="46.675040" lon="25.819640">
        <ele>1270.095</ele>
        <time>2017-05-21T14:30:37Z</time>
      </trkpt>
      <trkpt lat="46.674945" lon="25.819617">
        <ele>1266.082</ele>
        <time>2017-05-21T14:30:52Z</time>
      </trkpt>
      <trkpt lat="46.674859" lon="25.819561">
        <ele>1262.433</ele>
        <time>2017-05-21T14:31:18Z</time>
      </trkpt>
      <trkpt lat="46.674793" lon="25.819468">
        <ele>1260.223</ele>
        <time>2017-05-21T14:32:52Z</time>
      </trkpt>
      <trkpt lat="46.674747" lon="25.819352">
        <ele>1258.084</ele>
        <time>2017-05-21T14:33:14Z</time>
      </trkpt>
      <trkpt lat="46.674657" lon="25.819378">
        <ele>1255.207</ele>
        <time>2017-05-21T14:33:24Z</time>
      </trkpt>
      <trkpt lat="46.674590" lon="25.819287">
        <ele>1252.417</ele>
        <time>2017-05-21T14:33:39Z</time>
      </trkpt>
      <trkpt lat="46.674517" lon="25.819200">
        <ele>1249.508</ele>
        <time>2017-05-21T14:33:53Z</time>
      </trkpt>
      <trkpt lat="46.674431" lon="25.819144">
        <ele>1246.099</ele>
        <time>2017-05-21T14:34:06Z</time>
      </trkpt>
      <trkpt lat="46.674339" lon="25.819149">
        <ele>1242.945</ele>
        <time>2017-05-21T14:34:18Z</time>
      </trkpt>
      <trkpt lat="46.674257" lon="25.819092">
        <ele>1239.526</ele>
        <time>2017-05-21T14:34:28Z</time>
      </trkpt>
      <trkpt lat="46.674164" lon="25.819042">
        <ele>1236.563</ele>
        <time>2017-05-21T14:34:40Z</time>
      </trkpt>
      <trkpt lat="46.674054" lon="25.819040">
        <ele>1233.577</ele>
        <time>2017-05-21T14:34:51Z</time>
      </trkpt>
      <trkpt lat="46.673958" lon="25.819007">
        <ele>1230.834</ele>
        <time>2017-05-21T14:35:04Z</time>
      </trkpt>
      <trkpt lat="46.673856" lon="25.818986">
        <ele>1227.685</ele>
        <time>2017-05-21T14:35:17Z</time>
      </trkpt>
      <trkpt lat="46.673763" lon="25.818968">
        <ele>1223.885</ele>
        <time>2017-05-21T14:35:27Z</time>
      </trkpt>
      <trkpt lat="46.673685" lon="25.818893">
        <ele>1220.978</ele>
        <time>2017-05-21T14:35:41Z</time>
      </trkpt>
      <trkpt lat="46.673592" lon="25.818867">
        <ele>1217.633</ele>
        <time>2017-05-21T14:35:54Z</time>
      </trkpt>
      <trkpt lat="46.673496" lon="25.818837">
        <ele>1215.626</ele>
        <time>2017-05-21T14:36:09Z</time>
      </trkpt>
      <trkpt lat="46.673404" lon="25.818831">
        <ele>1213.808</ele>
        <time>2017-05-21T14:36:20Z</time>
      </trkpt>
      <trkpt lat="46.673308" lon="25.818815">
        <ele>1211.748</ele>
        <time>2017-05-21T14:36:28Z</time>
      </trkpt>
      <trkpt lat="46.673203" lon="25.818817">
        <ele>1209.724</ele>
        <time>2017-05-21T14:36:33Z</time>
      </trkpt>
      <trkpt lat="46.673107" lon="25.818833">
        <ele>1207.875</ele>
        <time>2017-05-21T14:36:39Z</time>
      </trkpt>
      <trkpt lat="46.672999" lon="25.818839">
        <ele>1205.332</ele>
        <time>2017-05-21T14:36:46Z</time>
      </trkpt>
      <trkpt lat="46.672898" lon="25.818850">
        <ele>1202.516</ele>
        <time>2017-05-21T14:36:53Z</time>
      </trkpt>
      <trkpt lat="46.672802" lon="25.818869">
        <ele>1199.823</ele>
        <time>2017-05-21T14:37:00Z</time>
      </trkpt>
      <trkpt lat="46.672713" lon="25.818887">
        <ele>1198.114</ele>
        <time>2017-05-21T14:37:13Z</time>
      </trkpt>
      <trkpt lat="46.672607" lon="25.818874">
        <ele>1196.524</ele>
        <time>2017-05-21T14:37:28Z</time>
      </trkpt>
      <trkpt lat="46.672515" lon="25.818877">
        <ele>1195.119</ele>
        <time>2017-05-21T14:37:36Z</time>
      </trkpt>
      <trkpt lat="46.672411" lon="25.818882">
        <ele>1193.009</ele>
        <time>2017-05-21T14:37:45Z</time>
      </trkpt>
      <trkpt lat="46.672307" lon="25.818884">
        <ele>1190.819</ele>
        <time>2017-05-21T14:37:53Z</time>
      </trkpt>
      <trkpt lat="46.672214" lon="25.818905">
        <ele>1188.708</ele>
        <time>2017-05-21T14:37:59Z</time>
      </trkpt>
      <trkpt lat="46.672124" lon="25.818936">
        <ele>1186.322</ele>
        <time>2017-05-21T14:38:05Z</time>
      </trkpt>
      <trkpt lat="46.672035" lon="25.818965">
        <ele>1184.178</ele>
        <time>2017-05-21T14:38:12Z</time>
      </trkpt>
      <trkpt lat="46.671935" lon="25.818933">
        <ele>1181.729</ele>
        <time>2017-05-21T14:38:27Z</time>
      </trkpt>
      <trkpt lat="46.671835" lon="25.818955">
        <ele>1178.586</ele>
        <time>2017-05-21T14:38:35Z</time>
      </trkpt>
      <trkpt lat="46.671744" lon="25.819002">
        <ele>1175.820</ele>
        <time>2017-05-21T14:38:45Z</time>
      </trkpt>
      <trkpt lat="46.671648" lon="25.819002">
        <ele>1172.967</ele>
        <time>2017-05-21T14:38:54Z</time>
      </trkpt>
      <trkpt lat="46.671552" lon="25.818982">
        <ele>1170.078</ele>
        <time>2017-05-21T14:39:03Z</time>
      </trkpt>
      <trkpt lat="46.671453" lon="25.818967">
        <ele>1167.168</ele>
        <time>2017-05-21T14:39:14Z</time>
      </trkpt>
      <trkpt lat="46.671350" lon="25.818971">
        <ele>1164.045</ele>
        <time>2017-05-21T14:39:24Z</time>
      </trkpt>
      <trkpt lat="46.671321" lon="25.818831">
        <ele>1161.747</ele>
        <time>2017-05-21T14:39:39Z</time>
      </trkpt>
      <trkpt lat="46.671220" lon="25.818832">
        <ele>1158.711</ele>
        <time>2017-05-21T14:39:46Z</time>
      </trkpt>
      <trkpt lat="46.671127" lon="25.818826">
        <ele>1155.808</ele>
        <time>2017-05-21T14:39:54Z</time>
      </trkpt>
      <trkpt lat="46.671043" lon="25.818770">
        <ele>1153.455</ele>
        <time>2017-05-21T14:40:01Z</time>
      </trkpt>
      <trkpt lat="46.670944" lon="25.818707">
        <ele>1150.871</ele>
        <time>2017-05-21T14:40:09Z</time>
      </trkpt>
      <trkpt lat="46.670847" lon="25.818685">
        <ele>1148.812</ele>
        <time>2017-05-21T14:40:24Z</time>
      </trkpt>
      <trkpt lat="46.670750" lon="25.818721">
        <ele>1147.589</ele>
        <time>2017-05-21T14:40:32Z</time>
      </trkpt>
      <trkpt lat="46.670639" lon="25.818724">
        <ele>1145.963</ele>
        <time>2017-05-21T14:40:42Z</time>
      </trkpt>
      <trkpt lat="46.670539" lon="25.818706">
        <ele>1144.480</ele>
        <time>2017-05-21T14:40:50Z</time>
      </trkpt>
      <trkpt lat="46.670441" lon="25.818737">
        <ele>1142.551</ele>
        <time>2017-05-21T14:40:57Z</time>
      </trkpt>
      <trkpt lat="46.670351" lon="25.818734">
        <ele>1140.921</ele>
        <time>2017-05-21T14:41:08Z</time>
      </trkpt>
      <trkpt lat="46.670250" lon="25.818722">
        <ele>1138.795</ele>
        <time>2017-05-21T14:41:25Z</time>
      </trkpt>
      <trkpt lat="46.670155" lon="25.818723">
        <ele>1135.749</ele>
        <time>2017-05-21T14:41:36Z</time>
      </trkpt>
      <trkpt lat="46.670056" lon="25.818735">
        <ele>1132.623</ele>
        <time>2017-05-21T14:41:55Z</time>
      </trkpt>
      <trkpt lat="46.669965" lon="25.818757">
        <ele>1130.008</ele>
        <time>2017-05-21T14:42:05Z</time>
      </trkpt>
      <trkpt lat="46.669877" lon="25.818802">
        <ele>1128.070</ele>
        <time>2017-05-21T14:42:17Z</time>
      </trkpt>
      <trkpt lat="46.669784" lon="25.818826">
        <ele>1125.896</ele>
        <time>2017-05-21T14:42:29Z</time>
      </trkpt>
      <trkpt lat="46.669674" lon="25.818808">
        <ele>1122.927</ele>
        <time>2017-05-21T14:42:46Z</time>
      </trkpt>
      <trkpt lat="46.669583" lon="25.818816">
        <ele>1121.334</ele>
        <time>2017-05-21T14:42:50Z</time>
      </trkpt>
      <trkpt lat="46.669487" lon="25.818800">
        <ele>1119.268</ele>
        <time>2017-05-21T14:42:56Z</time>
      </trkpt>
      <trkpt lat="46.669398" lon="25.818826">
        <ele>1118.045</ele>
        <time>2017-05-21T14:43:02Z</time>
      </trkpt>
      <trkpt lat="46.669306" lon="25.818833">
        <ele>1116.466</ele>
        <time>2017-05-21T14:43:15Z</time>
      </trkpt>
      <trkpt lat="46.669211" lon="25.818834">
        <ele>1114.696</ele>
        <time>2017-05-21T14:43:23Z</time>
      </trkpt>
      <trkpt lat="46.669120" lon="25.818827">
        <ele>1112.893</ele>
        <time>2017-05-21T14:43:30Z</time>
      </trkpt>
      <trkpt lat="46.669029" lon="25.818772">
        <ele>1111.065</ele>
        <time>2017-05-21T14:43:40Z</time>
      </trkpt>
      <trkpt lat="46.668938" lon="25.818745">
        <ele>1109.421</ele>
        <time>2017-05-21T14:43:49Z</time>
      </trkpt>
      <trkpt lat="46.668858" lon="25.818677">
        <ele>1108.208</ele>
        <time>2017-05-21T14:44:00Z</time>
      </trkpt>
      <trkpt lat="46.668762" lon="25.818665">
        <ele>1106.570</ele>
        <time>2017-05-21T14:44:06Z</time>
      </trkpt>
      <trkpt lat="46.668700" lon="25.818562">
        <ele>1105.026</ele>
        <time>2017-05-21T14:44:17Z</time>
      </trkpt>
      <trkpt lat="46.668611" lon="25.818533">
        <ele>1103.457</ele>
        <time>2017-05-21T14:44:25Z</time>
      </trkpt>
      <trkpt lat="46.668516" lon="25.818502">
        <ele>1102.674</ele>
        <time>2017-05-21T14:44:38Z</time>
      </trkpt>
      <trkpt lat="46.668431" lon="25.818454">
        <ele>1101.528</ele>
        <time>2017-05-21T14:44:52Z</time>
      </trkpt>
      <trkpt lat="46.668329" lon="25.818441">
        <ele>1100.425</ele>
        <time>2017-05-21T14:44:59Z</time>
      </trkpt>
      <trkpt lat="46.668232" lon="25.818412">
        <ele>1096.946</ele>
        <time>2017-05-21T14:45:07Z</time>
      </trkpt>
      <trkpt lat="46.668155" lon="25.818330">
        <ele>1093.266</ele>
        <time>2017-05-21T14:45:15Z</time>
      </trkpt>
      <trkpt lat="46.668068" lon="25.818266">
        <ele>1089.492</ele>
        <time>2017-05-21T14:45:26Z</time>
      </trkpt>
      <trkpt lat="46.667959" lon="25.818259">
        <ele>1087.373</ele>
        <time>2017-05-21T14:45:37Z</time>
      </trkpt>
      <trkpt lat="46.667870" lon="25.818211">
        <ele>1085.220</ele>
        <time>2017-05-21T14:45:47Z</time>
      </trkpt>
      <trkpt lat="46.667773" lon="25.818174">
        <ele>1083.208</ele>
        <time>2017-05-21T14:45:58Z</time>
      </trkpt>
      <trkpt lat="46.667667" lon="25.818144">
        <ele>1081.680</ele>
        <time>2017-05-21T14:46:10Z</time>
      </trkpt>
      <trkpt lat="46.667573" lon="25.818145">
        <ele>1080.526</ele>
        <time>2017-05-21T14:46:20Z</time>
      </trkpt>
      <trkpt lat="46.667472" lon="25.818087">
        <ele>1078.567</ele>
        <time>2017-05-21T14:46:31Z</time>
      </trkpt>
      <trkpt lat="46.667379" lon="25.818044">
        <ele>1075.854</ele>
        <time>2017-05-21T14:46:40Z</time>
      </trkpt>
      <trkpt lat="46.667279" lon="25.817990">
        <ele>1072.418</ele>
        <time>2017-05-21T14:46:50Z</time>
      </trkpt>
      <trkpt lat="46.667195" lon="25.817938">
        <ele>1070.395</ele>
        <time>2017-05-21T14:46:57Z</time>
      </trkpt>
      <trkpt lat="46.667104" lon="25.817911">
        <ele>1069.996</ele>
        <time>2017-05-21T14:47:05Z</time>
      </trkpt>
      <trkpt lat="46.667034" lon="25.817823">
        <ele>1069.166</ele>
        <time>2017-05-21T14:47:14Z</time>
      </trkpt>
      <trkpt lat="46.666946" lon="25.817768">
        <ele>1068.898</ele>
        <time>2017-05-21T14:47:21Z</time>
      </trkpt>
      <trkpt lat="46.666853" lon="25.817734">
        <ele>1068.415</ele>
        <time>2017-05-21T14:47:28Z</time>
      </trkpt>
      <trkpt lat="46.666761" lon="25.817682">
        <ele>1067.826</ele>
        <time>2017-05-21T14:47:36Z</time>
      </trkpt>
      <trkpt lat="46.666680" lon="25.817600">
        <ele>1066.708</ele>
        <time>2017-05-21T14:47:46Z</time>
      </trkpt>
      <trkpt lat="46.666597" lon="25.817501">
        <ele>1064.520</ele>
        <time>2017-05-21T14:47:55Z</time>
      </trkpt>
      <trkpt lat="46.666527" lon="25.817418">
        <ele>1062.136</ele>
        <time>2017-05-21T14:48:06Z</time>
      </trkpt>
      <trkpt lat="46.666444" lon="25.817334">
        <ele>1059.757</ele>
        <time>2017-05-21T14:48:14Z</time>
      </trkpt>
      <trkpt lat="46.666349" lon="25.817299">
        <ele>1058.294</ele>
        <time>2017-05-21T14:48:19Z</time>
      </trkpt>
      <trkpt lat="46.666264" lon="25.817235">
        <ele>1055.948</ele>
        <time>2017-05-21T14:48:28Z</time>
      </trkpt>
      <trkpt lat="46.666190" lon="25.817153">
        <ele>1052.175</ele>
        <time>2017-05-21T14:48:38Z</time>
      </trkpt>
      <trkpt lat="46.666101" lon="25.817107">
        <ele>1049.986</ele>
        <time>2017-05-21T14:48:46Z</time>
      </trkpt>
      <trkpt lat="46.665983" lon="25.817087">
        <ele>1050.316</ele>
        <time>2017-05-21T14:48:58Z</time>
      </trkpt>
      <trkpt lat="46.665906" lon="25.817004">
        <ele>1049.061</ele>
        <time>2017-05-21T14:49:04Z</time>
      </trkpt>
      <trkpt lat="46.665824" lon="25.816948">
        <ele>1049.121</ele>
        <time>2017-05-21T14:49:15Z</time>
      </trkpt>
      <trkpt lat="46.665723" lon="25.816924">
        <ele>1048.413</ele>
        <time>2017-05-21T14:49:23Z</time>
      </trkpt>
      <trkpt lat="46.665637" lon="25.816874">
        <ele>1047.408</ele>
        <time>2017-05-21T14:49:31Z</time>
      </trkpt>
      <trkpt lat="46.665543" lon="25.816849">
        <ele>1047.037</ele>
        <time>2017-05-21T14:49:39Z</time>
      </trkpt>
      <trkpt lat="46.665449" lon="25.816800">
        <ele>1044.163</ele>
        <time>2017-05-21T14:49:52Z</time>
      </trkpt>
      <trkpt lat="46.665383" lon="25.816709">
        <ele>1041.584</ele>
        <time>2017-05-21T14:50:05Z</time>
      </trkpt>
      <trkpt lat="46.665297" lon="25.816653">
        <ele>1038.991</ele>
        <time>2017-05-21T14:50:18Z</time>
      </trkpt>
      <trkpt lat="46.665214" lon="25.816604">
        <ele>1036.195</ele>
        <time>2017-05-21T14:50:28Z</time>
      </trkpt>
      <trkpt lat="46.665158" lon="25.816487">
        <ele>1032.942</ele>
        <time>2017-05-21T14:50:38Z</time>
      </trkpt>
      <trkpt lat="46.665062" lon="25.816451">
        <ele>1031.763</ele>
        <time>2017-05-21T14:50:46Z</time>
      </trkpt>
      <trkpt lat="46.664970" lon="25.816395">
        <ele>1030.733</ele>
        <time>2017-05-21T14:50:53Z</time>
      </trkpt>
      <trkpt lat="46.664899" lon="25.816305">
        <ele>1028.289</ele>
        <time>2017-05-21T14:51:03Z</time>
      </trkpt>
      <trkpt lat="46.664826" lon="25.816208">
        <ele>1026.206</ele>
        <time>2017-05-21T14:51:15Z</time>
      </trkpt>
      <trkpt lat="46.664765" lon="25.816096">
        <ele>1024.326</ele>
        <time>2017-05-21T14:51:35Z</time>
      </trkpt>
      <trkpt lat="46.664690" lon="25.816015">
        <ele>1021.408</ele>
        <time>2017-05-21T14:51:44Z</time>
      </trkpt>
      <trkpt lat="46.664587" lon="25.815993">
        <ele>1019.119</ele>
        <time>2017-05-21T14:51:52Z</time>
      </trkpt>
      <trkpt lat="46.664539" lon="25.815866">
        <ele>1015.415</ele>
        <time>2017-05-21T14:52:02Z</time>
      </trkpt>
      <trkpt lat="46.664444" lon="25.815803">
        <ele>1013.396</ele>
        <time>2017-05-21T14:52:13Z</time>
      </trkpt>
      <trkpt lat="46.664347" lon="25.815751">
        <ele>1011.493</ele>
        <time>2017-05-21T14:52:28Z</time>
      </trkpt>
      <trkpt lat="46.664261" lon="25.815692">
        <ele>1010.317</ele>
        <time>2017-05-21T14:52:37Z</time>
      </trkpt>
      <trkpt lat="46.664219" lon="25.815567">
        <ele>1009.744</ele>
        <time>2017-05-21T14:52:45Z</time>
      </trkpt>
      <trkpt lat="46.664156" lon="25.815450">
        <ele>1007.995</ele>
        <time>2017-05-21T14:52:54Z</time>
      </trkpt>
      <trkpt lat="46.664106" lon="25.815325">
        <ele>1004.765</ele>
        <time>2017-05-21T14:53:01Z</time>
      </trkpt>
      <trkpt lat="46.664030" lon="25.815236">
        <ele>1000.876</ele>
        <time>2017-05-21T14:53:09Z</time>
      </trkpt>
      <trkpt lat="46.663959" lon="25.815155">
        <ele>996.790</ele>
        <time>2017-05-21T14:53:17Z</time>
      </trkpt>
      <trkpt lat="46.663874" lon="25.815088">
        <ele>993.619</ele>
        <time>2017-05-21T14:53:28Z</time>
      </trkpt>
      <trkpt lat="46.663815" lon="25.814982">
        <ele>989.508</ele>
        <time>2017-05-21T14:53:40Z</time>
      </trkpt>
      <trkpt lat="46.663713" lon="25.814967">
        <ele>987.998</ele>
        <time>2017-05-21T14:53:47Z</time>
      </trkpt>
      <trkpt lat="46.663635" lon="25.814891">
        <ele>984.684</ele>
        <time>2017-05-21T14:53:57Z</time>
      </trkpt>
      <trkpt lat="46.663564" lon="25.814799">
        <ele>980.935</ele>
        <time>2017-05-21T14:54:08Z</time>
      </trkpt>
      <trkpt lat="46.663472" lon="25.814797">
        <ele>979.822</ele>
        <time>2017-05-21T14:54:17Z</time>
      </trkpt>
      <trkpt lat="46.663381" lon="25.814780">
        <ele>978.796</ele>
        <time>2017-05-21T14:54:30Z</time>
      </trkpt>
      <trkpt lat="46.663315" lon="25.814686">
        <ele>975.793</ele>
        <time>2017-05-21T14:54:49Z</time>
      </trkpt>
      <trkpt lat="46.663252" lon="25.814586">
        <ele>969.284</ele>
        <time>2017-05-21T14:55:09Z</time>
      </trkpt>
      <trkpt lat="46.663154" lon="25.814545">
        <ele>964.044</ele>
        <time>2017-05-21T14:55:26Z</time>
      </trkpt>
      <trkpt lat="46.663075" lon="25.814467">
        <ele>959.128</ele>
        <time>2017-05-21T14:55:41Z</time>
      </trkpt>
      <trkpt lat="46.662986" lon="25.814436">
        <ele>955.189</ele>
        <time>2017-05-21T14:55:57Z</time>
      </trkpt>
      <trkpt lat="46.662902" lon="25.814370">
        <ele>950.617</ele>
        <time>2017-05-21T14:56:26Z</time>
      </trkpt>
      <trkpt lat="46.662816" lon="25.814292">
        <ele>946.208</ele>
        <time>2017-05-21T14:56:43Z</time>
      </trkpt>
      <trkpt lat="46.662738" lon="25.814220">
        <ele>942.633</ele>
        <time>2017-05-21T14:57:03Z</time>
      </trkpt>
      <trkpt lat="46.662798" lon="25.814116">
        <ele>942.569</ele>
        <time>2017-05-21T14:57:34Z</time>
      </trkpt>
      <trkpt lat="46.662714" lon="25.814050">
        <ele>938.820</ele>
        <time>2017-05-21T14:57:46Z</time>
      </trkpt>
      <trkpt lat="46.662781" lon="25.813959">
        <ele>938.697</ele>
        <time>2017-05-21T14:58:12Z</time>
      </trkpt>
      <trkpt lat="46.662850" lon="25.813855">
        <ele>937.791</ele>
        <time>2017-05-21T14:58:26Z</time>
      </trkpt>
      <trkpt lat="46.662871" lon="25.813723">
        <ele>934.858</ele>
        <time>2017-05-21T14:58:45Z</time>
      </trkpt>
      <trkpt lat="46.662833" lon="25.813592">
        <ele>931.119</ele>
        <time>2017-05-21T14:59:06Z</time>
      </trkpt>
      <trkpt lat="46.662762" lon="25.813493">
        <ele>927.799</ele>
        <time>2017-05-21T14:59:23Z</time>
      </trkpt>
      <trkpt lat="46.662694" lon="25.813389">
        <ele>924.155</ele>
        <time>2017-05-21T14:59:33Z</time>
      </trkpt>
      <trkpt lat="46.662611" lon="25.813328">
        <ele>921.507</ele>
        <time>2017-05-21T14:59:39Z</time>
      </trkpt>
      <trkpt lat="46.662555" lon="25.813198">
        <ele>918.617</ele>
        <time>2017-05-21T14:59:45Z</time>
      </trkpt>
      <trkpt lat="46.662481" lon="25.813281">
        <ele>918.908</ele>
        <time>2017-05-21T14:59:51Z</time>
      </trkpt>
      <trkpt lat="46.662383" lon="25.813313">
        <ele>918.446</ele>
        <time>2017-05-21T15:00:02Z</time>
      </trkpt>
      <trkpt lat="46.662293" lon="25.813277">
        <ele>916.872</ele>
        <time>2017-05-21T15:00:29Z</time>
      </trkpt>
      <trkpt lat="46.662392" lon="25.813322">
        <ele>918.643</ele>
        <time>2017-05-21T15:00:38Z</time>
      </trkpt>
      <trkpt lat="46.662332" lon="25.813426">
        <ele>919.920</ele>
        <time>2017-05-21T15:01:14Z</time>
      </trkpt>
    </trkseg>
  </trk></gpx>