<?xml version="1.0" encoding="UTF-8"?>
<gpx creator="Wikiloc - https://www.wikiloc.com" version="1.1" xmlns="http://www.topografix.com/GPX/1/1" xmlns:xsi="http://www.w3.org/2001/XMLSchema-instance" xsi:schemaLocation="http://www.topografix.com/GPX/1/1 http://www.topografix.com/GPX/1/1/gpx.xsd">
  <metadata>
    <name>Wikiloc - Vârful Poienita, Muntii Metaliferi.</name>
    <author>
      <name>Toni Grecu</name>
      <link href="https://www.wikiloc.com/wikiloc/user.do?id=2082631">
        <text>Toni Grecu on Wikiloc</text>
      </link>
    </author>
    <link href="https://www.wikiloc.com/hiking-trails/varful-poienita-muntii-metaliferi-126335179">
      <text>Vârful Poienita, Muntii Metaliferi. on Wikiloc</text>
    </link>
    <time>2023-02-19T13:12:10Z</time>
  </metadata>
  <wpt lat="46.324104" lon="23.305996">
    <ele>1282.9</ele>
    <time>2023-02-19T08:59:35Z</time>
    <name>foto spre Coltul Cioranului</name>
    <cmt></cmt>
    <desc></desc>
  </wpt>
  <wpt lat="46.325630" lon="23.294272">
    <ele>1268.1</ele>
    <time>2023-02-19T09:16:21Z</time>
    <name>Information point</name>
    <cmt></cmt>
    <desc></desc>
  </wpt>
  <wpt lat="46.330885" lon="23.284611">
    <ele>1428.2</ele>
    <time>2023-02-19T10:28:17Z</time>
    <name>Vârful Poienita. Munții Metaliferi</name>
    <cmt></cmt>
    <desc></desc>
  </wpt>
  <wpt lat="46.329895" lon="23.283135">
    <ele>1422.8</ele>
    <time>2023-02-19T10:39:01Z</time>
    <name>Vârful Poienita</name>
    <cmt></cmt>
    <desc></desc>
  </wpt>
  <wpt lat="46.335516" lon="23.341278">
    <ele>1310.0</ele>
    <time>2023-02-19T12:48:12Z</time>
    <name>Information point</name>
    <cmt></cmt>
    <desc></desc>
  </wpt>
  <trk>
    <name>Vârful Poienita, Muntii Metaliferi. - Wikiloc</name>
    <cmt>Mănăstirea Ponor - Vârful Poienita, Muntii Metaliferi. 
ATENTIE !!!! 
- traseu nemarcat, daca urmaresti acest track o faci pe propria raspundere 
- accesul femeilor pe teritoriul manastirii este interzis 
ăștia nu au auzit de Art. 25 – Libera circulație din Constitutia Romaniei 
(1) Dreptul la liberă circulaţie, în ţară şi în străinătate, este garantat. Legea stabileşte condiţiile exercitării acestui drept.</cmt>
    <desc>Mănăstirea Ponor - Vârful Poienita, Muntii Metaliferi. 
ATENTIE !!!! 
- traseu nemarcat, daca urmaresti acest track o faci pe propria raspundere 
- accesul femeilor pe teritoriul manastirii este interzis 
ăștia nu au auzit de Art. 25 – Libera circulație din Constitutia Romaniei 
(1) Dreptul la liberă circulaţie, în ţară şi în străinătate, este garantat. Legea stabileşte condiţiile exercitării acestui drept.</desc>
    <trkseg>
      <trkpt lat="46.344440" lon="23.342798">
        <ele>1243.964</ele>
        <time>2023-02-19T08:49:39Z</time>
      </trkpt>
      <trkpt lat="46.344397" lon="23.342832">
        <ele>1243.906</ele>
        <time>2023-02-19T08:49:48Z</time>
      </trkpt>
      <trkpt lat="46.344350" lon="23.342847">
        <ele>1243.916</ele>
        <time>2023-02-19T08:49:51Z</time>
      </trkpt>
      <trkpt lat="46.344305" lon="23.342876">
        <ele>1243.909</ele>
        <time>2023-02-19T08:49:55Z</time>
      </trkpt>
      <trkpt lat="46.344260" lon="23.342914">
        <ele>1243.977</ele>
        <time>2023-02-19T08:50:00Z</time>
      </trkpt>
      <trkpt lat="46.344217" lon="23.342940">
        <ele>1243.948</ele>
        <time>2023-02-19T08:50:05Z</time>
      </trkpt>
      <trkpt lat="46.344170" lon="23.342979">
        <ele>1243.942</ele>
        <time>2023-02-19T08:50:10Z</time>
      </trkpt>
      <trkpt lat="46.344131" lon="23.343019">
        <ele>1243.949</ele>
        <time>2023-02-19T08:50:14Z</time>
      </trkpt>
      <trkpt lat="46.344094" lon="23.343061">
        <ele>1243.919</ele>
        <time>2023-02-19T08:50:20Z</time>
      </trkpt>
      <trkpt lat="46.344057" lon="23.343112">
        <ele>1243.931</ele>
        <time>2023-02-19T08:50:27Z</time>
      </trkpt>
      <trkpt lat="46.344048" lon="23.343190">
        <ele>1243.937</ele>
        <time>2023-02-19T08:50:32Z</time>
      </trkpt>
      <trkpt lat="46.344021" lon="23.343250">
        <ele>1243.963</ele>
        <time>2023-02-19T08:50:35Z</time>
      </trkpt>
      <trkpt lat="46.343977" lon="23.343305">
        <ele>1243.975</ele>
        <time>2023-02-19T08:50:40Z</time>
      </trkpt>
      <trkpt lat="46.343936" lon="23.343369">
        <ele>1243.982</ele>
        <time>2023-02-19T08:50:44Z</time>
      </trkpt>
      <trkpt lat="46.343916" lon="23.343443">
        <ele>1243.943</ele>
        <time>2023-02-19T08:50:49Z</time>
      </trkpt>
      <trkpt lat="46.343886" lon="23.343510">
        <ele>1243.917</ele>
        <time>2023-02-19T08:50:54Z</time>
      </trkpt>
      <trkpt lat="46.343862" lon="23.343587">
        <ele>1243.909</ele>
        <time>2023-02-19T08:50:58Z</time>
      </trkpt>
      <trkpt lat="46.343833" lon="23.343670">
        <ele>1243.919</ele>
        <time>2023-02-19T08:51:02Z</time>
      </trkpt>
      <trkpt lat="46.343819" lon="23.343735">
        <ele>1243.920</ele>
        <time>2023-02-19T08:51:07Z</time>
      </trkpt>
      <trkpt lat="46.343800" lon="23.343823">
        <ele>1243.984</ele>
        <time>2023-02-19T08:51:11Z</time>
      </trkpt>
      <trkpt lat="46.343777" lon="23.343881">
        <ele>1243.921</ele>
        <time>2023-02-19T08:51:14Z</time>
      </trkpt>
      <trkpt lat="46.343751" lon="23.343949">
        <ele>1244.451</ele>
        <time>2023-02-19T08:51:19Z</time>
      </trkpt>
      <trkpt lat="46.343732" lon="23.344011">
        <ele>1244.733</ele>
        <time>2023-02-19T08:51:24Z</time>
      </trkpt>
      <trkpt lat="46.343711" lon="23.344088">
        <ele>1244.679</ele>
        <time>2023-02-19T08:51:28Z</time>
      </trkpt>
      <trkpt lat="46.343681" lon="23.344145">
        <ele>1244.845</ele>
        <time>2023-02-19T08:51:33Z</time>
      </trkpt>
      <trkpt lat="46.343654" lon="23.344201">
        <ele>1245.027</ele>
        <time>2023-02-19T08:51:37Z</time>
      </trkpt>
      <trkpt lat="46.343620" lon="23.344260">
        <ele>1245.646</ele>
        <time>2023-02-19T08:51:44Z</time>
      </trkpt>
      <trkpt lat="46.343605" lon="23.344336">
        <ele>1246.688</ele>
        <time>2023-02-19T08:51:49Z</time>
      </trkpt>
      <trkpt lat="46.343580" lon="23.344392">
        <ele>1247.016</ele>
        <time>2023-02-19T08:51:55Z</time>
      </trkpt>
      <trkpt lat="46.343550" lon="23.344449">
        <ele>1247.309</ele>
        <time>2023-02-19T08:52:00Z</time>
      </trkpt>
      <trkpt lat="46.343511" lon="23.344511">
        <ele>1247.625</ele>
        <time>2023-02-19T08:52:03Z</time>
      </trkpt>
      <trkpt lat="46.343476" lon="23.344559">
        <ele>1247.816</ele>
        <time>2023-02-19T08:52:06Z</time>
      </trkpt>
      <trkpt lat="46.343450" lon="23.344630">
        <ele>1249.190</ele>
        <time>2023-02-19T08:52:11Z</time>
      </trkpt>
      <trkpt lat="46.343416" lon="23.344699">
        <ele>1250.777</ele>
        <time>2023-02-19T08:52:17Z</time>
      </trkpt>
      <trkpt lat="46.343405" lon="23.344763">
        <ele>1251.237</ele>
        <time>2023-02-19T08:52:21Z</time>
      </trkpt>
      <trkpt lat="46.343367" lon="23.344809">
        <ele>1251.659</ele>
        <time>2023-02-19T08:52:25Z</time>
      </trkpt>
      <trkpt lat="46.343344" lon="23.344870">
        <ele>1252.155</ele>
        <time>2023-02-19T08:52:30Z</time>
      </trkpt>
      <trkpt lat="46.343309" lon="23.344938">
        <ele>1252.411</ele>
        <time>2023-02-19T08:52:33Z</time>
      </trkpt>
      <trkpt lat="46.343280" lon="23.345003">
        <ele>1253.153</ele>
        <time>2023-02-19T08:52:38Z</time>
      </trkpt>
      <trkpt lat="46.343248" lon="23.345070">
        <ele>1253.491</ele>
        <time>2023-02-19T08:52:43Z</time>
      </trkpt>
      <trkpt lat="46.343220" lon="23.345125">
        <ele>1253.581</ele>
        <time>2023-02-19T08:52:46Z</time>
      </trkpt>
      <trkpt lat="46.343198" lon="23.345193">
        <ele>1254.119</ele>
        <time>2023-02-19T08:52:50Z</time>
      </trkpt>
      <trkpt lat="46.343167" lon="23.345265">
        <ele>1254.309</ele>
        <time>2023-02-19T08:52:55Z</time>
      </trkpt>
      <trkpt lat="46.343164" lon="23.345332">
        <ele>1254.790</ele>
        <time>2023-02-19T08:53:00Z</time>
      </trkpt>
      <trkpt lat="46.343142" lon="23.345430">
        <ele>1255.291</ele>
        <time>2023-02-19T08:53:05Z</time>
      </trkpt>
      <trkpt lat="46.343117" lon="23.345496">
        <ele>1255.785</ele>
        <time>2023-02-19T08:53:09Z</time>
      </trkpt>
      <trkpt lat="46.343074" lon="23.345560">
        <ele>1256.372</ele>
        <time>2023-02-19T08:53:14Z</time>
      </trkpt>
      <trkpt lat="46.343034" lon="23.345603">
        <ele>1257.052</ele>
        <time>2023-02-19T08:53:19Z</time>
      </trkpt>
      <trkpt lat="46.343005" lon="23.345663">
        <ele>1257.414</ele>
        <time>2023-02-19T08:53:22Z</time>
      </trkpt>
      <trkpt lat="46.343007" lon="23.345733">
        <ele>1258.360</ele>
        <time>2023-02-19T08:53:29Z</time>
      </trkpt>
      <trkpt lat="46.343006" lon="23.345807">
        <ele>1258.896</ele>
        <time>2023-02-19T08:53:34Z</time>
      </trkpt>
      <trkpt lat="46.342973" lon="23.345864">
        <ele>1259.598</ele>
        <time>2023-02-19T08:53:40Z</time>
      </trkpt>
      <trkpt lat="46.342941" lon="23.345916">
        <ele>1260.588</ele>
        <time>2023-02-19T08:53:45Z</time>
      </trkpt>
      <trkpt lat="46.342909" lon="23.345979">
        <ele>1261.824</ele>
        <time>2023-02-19T08:53:52Z</time>
      </trkpt>
      <trkpt lat="46.342885" lon="23.346036">
        <ele>1262.126</ele>
        <time>2023-02-19T08:53:55Z</time>
      </trkpt>
      <trkpt lat="46.342859" lon="23.346105">
        <ele>1262.809</ele>
        <time>2023-02-19T08:54:00Z</time>
      </trkpt>
      <trkpt lat="46.342836" lon="23.346167">
        <ele>1263.059</ele>
        <time>2023-02-19T08:54:04Z</time>
      </trkpt>
      <trkpt lat="46.342810" lon="23.346238">
        <ele>1263.630</ele>
        <time>2023-02-19T08:54:08Z</time>
      </trkpt>
      <trkpt lat="46.342782" lon="23.346304">
        <ele>1263.824</ele>
        <time>2023-02-19T08:54:14Z</time>
      </trkpt>
      <trkpt lat="46.342759" lon="23.346367">
        <ele>1264.321</ele>
        <time>2023-02-19T08:54:19Z</time>
      </trkpt>
      <trkpt lat="46.342730" lon="23.346425">
        <ele>1265.061</ele>
        <time>2023-02-19T08:54:23Z</time>
      </trkpt>
      <trkpt lat="46.342710" lon="23.346490">
        <ele>1265.873</ele>
        <time>2023-02-19T08:54:27Z</time>
      </trkpt>
      <trkpt lat="46.342697" lon="23.346561">
        <ele>1266.059</ele>
        <time>2023-02-19T08:54:32Z</time>
      </trkpt>
      <trkpt lat="46.342667" lon="23.346626">
        <ele>1266.455</ele>
        <time>2023-02-19T08:54:37Z</time>
      </trkpt>
      <trkpt lat="46.342646" lon="23.346688">
        <ele>1267.217</ele>
        <time>2023-02-19T08:54:44Z</time>
      </trkpt>
      <trkpt lat="46.342606" lon="23.346742">
        <ele>1267.875</ele>
        <time>2023-02-19T08:54:51Z</time>
      </trkpt>
      <trkpt lat="46.342590" lon="23.346810">
        <ele>1268.228</ele>
        <time>2023-02-19T08:54:56Z</time>
      </trkpt>
      <trkpt lat="46.342571" lon="23.346870">
        <ele>1268.420</ele>
        <time>2023-02-19T08:55:00Z</time>
      </trkpt>
      <trkpt lat="46.342565" lon="23.346949">
        <ele>1269.109</ele>
        <time>2023-02-19T08:55:06Z</time>
      </trkpt>
      <trkpt lat="46.342537" lon="23.347005">
        <ele>1269.748</ele>
        <time>2023-02-19T08:55:09Z</time>
      </trkpt>
      <trkpt lat="46.342509" lon="23.347074">
        <ele>1270.829</ele>
        <time>2023-02-19T08:55:14Z</time>
      </trkpt>
      <trkpt lat="46.342473" lon="23.347143">
        <ele>1272.073</ele>
        <time>2023-02-19T08:55:19Z</time>
      </trkpt>
      <trkpt lat="46.342453" lon="23.347204">
        <ele>1273.180</ele>
        <time>2023-02-19T08:55:23Z</time>
      </trkpt>
      <trkpt lat="46.342439" lon="23.347277">
        <ele>1274.280</ele>
        <time>2023-02-19T08:55:31Z</time>
      </trkpt>
      <trkpt lat="46.342431" lon="23.347350">
        <ele>1275.052</ele>
        <time>2023-02-19T08:55:36Z</time>
      </trkpt>
      <trkpt lat="46.342416" lon="23.347421">
        <ele>1275.828</ele>
        <time>2023-02-19T08:55:41Z</time>
      </trkpt>
      <trkpt lat="46.342390" lon="23.347493">
        <ele>1276.384</ele>
        <time>2023-02-19T08:55:46Z</time>
      </trkpt>
      <trkpt lat="46.342356" lon="23.347537">
        <ele>1276.876</ele>
        <time>2023-02-19T08:55:50Z</time>
      </trkpt>
      <trkpt lat="46.342331" lon="23.347592">
        <ele>1277.094</ele>
        <time>2023-02-19T08:55:53Z</time>
      </trkpt>
      <trkpt lat="46.342296" lon="23.347635">
        <ele>1277.557</ele>
        <time>2023-02-19T08:55:59Z</time>
      </trkpt>
      <trkpt lat="46.342265" lon="23.347697">
        <ele>1278.022</ele>
        <time>2023-02-19T08:56:05Z</time>
      </trkpt>
      <trkpt lat="46.342234" lon="23.347761">
        <ele>1278.409</ele>
        <time>2023-02-19T08:56:11Z</time>
      </trkpt>
      <trkpt lat="46.342195" lon="23.347844">
        <ele>1278.820</ele>
        <time>2023-02-19T08:56:16Z</time>
      </trkpt>
      <trkpt lat="46.342161" lon="23.347887">
        <ele>1279.771</ele>
        <time>2023-02-19T08:56:20Z</time>
      </trkpt>
      <trkpt lat="46.342126" lon="23.347933">
        <ele>1280.065</ele>
        <time>2023-02-19T08:56:26Z</time>
      </trkpt>
      <trkpt lat="46.342084" lon="23.347984">
        <ele>1280.322</ele>
        <time>2023-02-19T08:56:30Z</time>
      </trkpt>
      <trkpt lat="46.342046" lon="23.348052">
        <ele>1280.482</ele>
        <time>2023-02-19T08:56:35Z</time>
      </trkpt>
      <trkpt lat="46.342014" lon="23.348099">
        <ele>1280.514</ele>
        <time>2023-02-19T08:56:41Z</time>
      </trkpt>
      <trkpt lat="46.341980" lon="23.348150">
        <ele>1280.530</ele>
        <time>2023-02-19T08:56:44Z</time>
      </trkpt>
      <trkpt lat="46.341940" lon="23.348194">
        <ele>1280.436</ele>
        <time>2023-02-19T08:56:49Z</time>
      </trkpt>
      <trkpt lat="46.341922" lon="23.348259">
        <ele>1280.468</ele>
        <time>2023-02-19T08:56:53Z</time>
      </trkpt>
      <trkpt lat="46.341883" lon="23.348321">
        <ele>1280.477</ele>
        <time>2023-02-19T08:56:57Z</time>
      </trkpt>
      <trkpt lat="46.341850" lon="23.348369">
        <ele>1280.561</ele>
        <time>2023-02-19T08:57:03Z</time>
      </trkpt>
      <trkpt lat="46.341812" lon="23.348405">
        <ele>1280.727</ele>
        <time>2023-02-19T08:57:07Z</time>
      </trkpt>
      <trkpt lat="46.341771" lon="23.348439">
        <ele>1281.409</ele>
        <time>2023-02-19T08:57:13Z</time>
      </trkpt>
      <trkpt lat="46.341737" lon="23.348486">
        <ele>1282.128</ele>
        <time>2023-02-19T08:57:18Z</time>
      </trkpt>
      <trkpt lat="46.341692" lon="23.348506">
        <ele>1282.549</ele>
        <time>2023-02-19T08:57:25Z</time>
      </trkpt>
      <trkpt lat="46.341643" lon="23.348476">
        <ele>1283.913</ele>
        <time>2023-02-19T08:57:43Z</time>
      </trkpt>
      <trkpt lat="46.341599" lon="23.348493">
        <ele>1283.960</ele>
        <time>2023-02-19T08:57:49Z</time>
      </trkpt>
      <trkpt lat="46.341556" lon="23.348514">
        <ele>1283.950</ele>
        <time>2023-02-19T08:57:53Z</time>
      </trkpt>
      <trkpt lat="46.341508" lon="23.348516">
        <ele>1283.972</ele>
        <time>2023-02-19T08:58:00Z</time>
      </trkpt>
      <trkpt lat="46.341464" lon="23.348533">
        <ele>1283.988</ele>
        <time>2023-02-19T08:58:08Z</time>
      </trkpt>
      <trkpt lat="46.341418" lon="23.348541">
        <ele>1283.514</ele>
        <time>2023-02-19T08:58:18Z</time>
      </trkpt>
      <trkpt lat="46.341363" lon="23.348526">
        <ele>1283.866</ele>
        <time>2023-02-19T08:58:20Z</time>
      </trkpt>
      <trkpt lat="46.341313" lon="23.348512">
        <ele>1284.526</ele>
        <time>2023-02-19T08:58:24Z</time>
      </trkpt>
      <trkpt lat="46.341258" lon="23.348473">
        <ele>1284.647</ele>
        <time>2023-02-19T08:58:28Z</time>
      </trkpt>
      <trkpt lat="46.341217" lon="23.348439">
        <ele>1284.611</ele>
        <time>2023-02-19T08:58:32Z</time>
      </trkpt>
      <trkpt lat="46.341176" lon="23.348410">
        <ele>1284.509</ele>
        <time>2023-02-19T08:58:35Z</time>
      </trkpt>
      <trkpt lat="46.341126" lon="23.348377">
        <ele>1284.643</ele>
        <time>2023-02-19T08:58:39Z</time>
      </trkpt>
      <trkpt lat="46.341071" lon="23.348360">
        <ele>1284.634</ele>
        <time>2023-02-19T08:58:43Z</time>
      </trkpt>
      <trkpt lat="46.341023" lon="23.348332">
        <ele>1284.698</ele>
        <time>2023-02-19T08:58:46Z</time>
      </trkpt>
      <trkpt lat="46.340973" lon="23.348305">
        <ele>1284.735</ele>
        <time>2023-02-19T08:58:51Z</time>
      </trkpt>
      <trkpt lat="46.340930" lon="23.348268">
        <ele>1285.085</ele>
        <time>2023-02-19T08:58:56Z</time>
      </trkpt>
      <trkpt lat="46.340880" lon="23.348213">
        <ele>1285.457</ele>
        <time>2023-02-19T08:59:00Z</time>
      </trkpt>
      <trkpt lat="46.340852" lon="23.348152">
        <ele>1285.583</ele>
        <time>2023-02-19T08:59:08Z</time>
      </trkpt>
      <trkpt lat="46.340809" lon="23.348100">
        <ele>1285.649</ele>
        <time>2023-02-19T08:59:13Z</time>
      </trkpt>
      <trkpt lat="46.340763" lon="23.348081">
        <ele>1285.681</ele>
        <time>2023-02-19T08:59:20Z</time>
      </trkpt>
      <trkpt lat="46.340734" lon="23.348030">
        <ele>1285.642</ele>
        <time>2023-02-19T08:59:23Z</time>
      </trkpt>
      <trkpt lat="46.340692" lon="23.347959">
        <ele>1286.222</ele>
        <time>2023-02-19T08:59:28Z</time>
      </trkpt>
      <trkpt lat="46.340656" lon="23.347907">
        <ele>1286.514</ele>
        <time>2023-02-19T08:59:31Z</time>
      </trkpt>
      <trkpt lat="46.340618" lon="23.347847">
        <ele>1287.009</ele>
        <time>2023-02-19T08:59:35Z</time>
      </trkpt>
      <trkpt lat="46.340588" lon="23.347789">
        <ele>1287.395</ele>
        <time>2023-02-19T08:59:39Z</time>
      </trkpt>
      <trkpt lat="46.340535" lon="23.347718">
        <ele>1288.076</ele>
        <time>2023-02-19T08:59:41Z</time>
      </trkpt>
      <trkpt lat="46.340494" lon="23.347665">
        <ele>1288.920</ele>
        <time>2023-02-19T08:59:47Z</time>
      </trkpt>
      <trkpt lat="46.340462" lon="23.347616">
        <ele>1289.247</ele>
        <time>2023-02-19T08:59:51Z</time>
      </trkpt>
      <trkpt lat="46.340431" lon="23.347564">
        <ele>1289.337</ele>
        <time>2023-02-19T08:59:54Z</time>
      </trkpt>
      <trkpt lat="46.340392" lon="23.347506">
        <ele>1289.629</ele>
        <time>2023-02-19T08:59:58Z</time>
      </trkpt>
      <trkpt lat="46.340360" lon="23.347447">
        <ele>1289.665</ele>
        <time>2023-02-19T09:00:01Z</time>
      </trkpt>
      <trkpt lat="46.340328" lon="23.347398">
        <ele>1289.941</ele>
        <time>2023-02-19T09:00:05Z</time>
      </trkpt>
      <trkpt lat="46.340297" lon="23.347330">
        <ele>1290.043</ele>
        <time>2023-02-19T09:00:09Z</time>
      </trkpt>
      <trkpt lat="46.340266" lon="23.347274">
        <ele>1290.366</ele>
        <time>2023-02-19T09:00:13Z</time>
      </trkpt>
      <trkpt lat="46.340242" lon="23.347213">
        <ele>1291.529</ele>
        <time>2023-02-19T09:00:22Z</time>
      </trkpt>
      <trkpt lat="46.340210" lon="23.347154">
        <ele>1292.321</ele>
        <time>2023-02-19T09:00:29Z</time>
      </trkpt>
      <trkpt lat="46.340177" lon="23.347109">
        <ele>1292.109</ele>
        <time>2023-02-19T09:00:35Z</time>
      </trkpt>
      <trkpt lat="46.340142" lon="23.347062">
        <ele>1292.027</ele>
        <time>2023-02-19T09:00:41Z</time>
      </trkpt>
      <trkpt lat="46.340100" lon="23.346994">
        <ele>1291.918</ele>
        <time>2023-02-19T09:00:45Z</time>
      </trkpt>
      <trkpt lat="46.340055" lon="23.346940">
        <ele>1291.612</ele>
        <time>2023-02-19T09:00:48Z</time>
      </trkpt>
      <trkpt lat="46.340014" lon="23.346887">
        <ele>1291.559</ele>
        <time>2023-02-19T09:00:52Z</time>
      </trkpt>
      <trkpt lat="46.339979" lon="23.346827">
        <ele>1291.349</ele>
        <time>2023-02-19T09:00:56Z</time>
      </trkpt>
      <trkpt lat="46.339935" lon="23.346802">
        <ele>1291.351</ele>
        <time>2023-02-19T09:01:00Z</time>
      </trkpt>
      <trkpt lat="46.339903" lon="23.346756">
        <ele>1291.277</ele>
        <time>2023-02-19T09:01:06Z</time>
      </trkpt>
      <trkpt lat="46.339865" lon="23.346710">
        <ele>1290.973</ele>
        <time>2023-02-19T09:01:12Z</time>
      </trkpt>
      <trkpt lat="46.339837" lon="23.346627">
        <ele>1289.595</ele>
        <time>2023-02-19T09:01:37Z</time>
      </trkpt>
      <trkpt lat="46.339802" lon="23.346582">
        <ele>1289.115</ele>
        <time>2023-02-19T09:01:41Z</time>
      </trkpt>
      <trkpt lat="46.339753" lon="23.346544">
        <ele>1288.965</ele>
        <time>2023-02-19T09:01:45Z</time>
      </trkpt>
      <trkpt lat="46.339701" lon="23.346495">
        <ele>1288.611</ele>
        <time>2023-02-19T09:01:50Z</time>
      </trkpt>
      <trkpt lat="46.339656" lon="23.346487">
        <ele>1288.209</ele>
        <time>2023-02-19T09:01:54Z</time>
      </trkpt>
      <trkpt lat="46.339614" lon="23.346447">
        <ele>1287.312</ele>
        <time>2023-02-19T09:01:58Z</time>
      </trkpt>
      <trkpt lat="46.339590" lon="23.346390">
        <ele>1287.233</ele>
        <time>2023-02-19T09:02:00Z</time>
      </trkpt>
      <trkpt lat="46.339558" lon="23.346339">
        <ele>1286.977</ele>
        <time>2023-02-19T09:02:03Z</time>
      </trkpt>
      <trkpt lat="46.339522" lon="23.346298">
        <ele>1285.694</ele>
        <time>2023-02-19T09:02:06Z</time>
      </trkpt>
      <trkpt lat="46.339490" lon="23.346230">
        <ele>1285.044</ele>
        <time>2023-02-19T09:02:09Z</time>
      </trkpt>
      <trkpt lat="46.339451" lon="23.346179">
        <ele>1284.876</ele>
        <time>2023-02-19T09:02:13Z</time>
      </trkpt>
      <trkpt lat="46.339406" lon="23.346134">
        <ele>1284.892</ele>
        <time>2023-02-19T09:02:20Z</time>
      </trkpt>
      <trkpt lat="46.339366" lon="23.346071">
        <ele>1284.898</ele>
        <time>2023-02-19T09:02:23Z</time>
      </trkpt>
      <trkpt lat="46.339327" lon="23.346031">
        <ele>1284.720</ele>
        <time>2023-02-19T09:02:28Z</time>
      </trkpt>
      <trkpt lat="46.339283" lon="23.345967">
        <ele>1284.456</ele>
        <time>2023-02-19T09:02:32Z</time>
      </trkpt>
      <trkpt lat="46.339261" lon="23.345910">
        <ele>1283.359</ele>
        <time>2023-02-19T09:02:37Z</time>
      </trkpt>
      <trkpt lat="46.339221" lon="23.345875">
        <ele>1281.114</ele>
        <time>2023-02-19T09:02:46Z</time>
      </trkpt>
      <trkpt lat="46.339189" lon="23.345817">
        <ele>1281.109</ele>
        <time>2023-02-19T09:02:49Z</time>
      </trkpt>
      <trkpt lat="46.339154" lon="23.345750">
        <ele>1280.956</ele>
        <time>2023-02-19T09:02:53Z</time>
      </trkpt>
      <trkpt lat="46.339119" lon="23.345709">
        <ele>1280.887</ele>
        <time>2023-02-19T09:02:58Z</time>
      </trkpt>
      <trkpt lat="46.339087" lon="23.345663">
        <ele>1280.571</ele>
        <time>2023-02-19T09:03:02Z</time>
      </trkpt>
      <trkpt lat="46.339059" lon="23.345605">
        <ele>1280.488</ele>
        <time>2023-02-19T09:03:06Z</time>
      </trkpt>
      <trkpt lat="46.339020" lon="23.345565">
        <ele>1280.258</ele>
        <time>2023-02-19T09:03:09Z</time>
      </trkpt>
      <trkpt lat="46.338986" lon="23.345512">
        <ele>1280.290</ele>
        <time>2023-02-19T09:03:13Z</time>
      </trkpt>
      <trkpt lat="46.338946" lon="23.345465">
        <ele>1280.226</ele>
        <time>2023-02-19T09:03:18Z</time>
      </trkpt>
      <trkpt lat="46.338927" lon="23.345404">
        <ele>1280.232</ele>
        <time>2023-02-19T09:03:21Z</time>
      </trkpt>
      <trkpt lat="46.338893" lon="23.345355">
        <ele>1281.164</ele>
        <time>2023-02-19T09:03:26Z</time>
      </trkpt>
      <trkpt lat="46.338856" lon="23.345313">
        <ele>1281.563</ele>
        <time>2023-02-19T09:03:30Z</time>
      </trkpt>
      <trkpt lat="46.338815" lon="23.345243">
        <ele>1281.844</ele>
        <time>2023-02-19T09:03:33Z</time>
      </trkpt>
      <trkpt lat="46.338771" lon="23.345202">
        <ele>1282.118</ele>
        <time>2023-02-19T09:03:36Z</time>
      </trkpt>
      <trkpt lat="46.338743" lon="23.345136">
        <ele>1282.109</ele>
        <time>2023-02-19T09:03:39Z</time>
      </trkpt>
      <trkpt lat="46.338703" lon="23.345078">
        <ele>1282.137</ele>
        <time>2023-02-19T09:03:44Z</time>
      </trkpt>
      <trkpt lat="46.338668" lon="23.345025">
        <ele>1282.198</ele>
        <time>2023-02-19T09:03:48Z</time>
      </trkpt>
      <trkpt lat="46.338644" lon="23.344966">
        <ele>1281.962</ele>
        <time>2023-02-19T09:03:52Z</time>
      </trkpt>
      <trkpt lat="46.338605" lon="23.344912">
        <ele>1282.189</ele>
        <time>2023-02-19T09:03:55Z</time>
      </trkpt>
      <trkpt lat="46.338571" lon="23.344867">
        <ele>1282.119</ele>
        <time>2023-02-19T09:03:58Z</time>
      </trkpt>
      <trkpt lat="46.338531" lon="23.344802">
        <ele>1281.841</ele>
        <time>2023-02-19T09:04:03Z</time>
      </trkpt>
      <trkpt lat="46.338494" lon="23.344763">
        <ele>1281.927</ele>
        <time>2023-02-19T09:04:07Z</time>
      </trkpt>
      <trkpt lat="46.338449" lon="23.344714">
        <ele>1282.033</ele>
        <time>2023-02-19T09:04:11Z</time>
      </trkpt>
      <trkpt lat="46.338422" lon="23.344661">
        <ele>1282.155</ele>
        <time>2023-02-19T09:04:15Z</time>
      </trkpt>
      <trkpt lat="46.338407" lon="23.344590">
        <ele>1282.294</ele>
        <time>2023-02-19T09:04:19Z</time>
      </trkpt>
      <trkpt lat="46.338375" lon="23.344535">
        <ele>1282.957</ele>
        <time>2023-02-19T09:04:26Z</time>
      </trkpt>
      <trkpt lat="46.338329" lon="23.344503">
        <ele>1283.522</ele>
        <time>2023-02-19T09:04:35Z</time>
      </trkpt>
      <trkpt lat="46.338309" lon="23.344427">
        <ele>1283.909</ele>
        <time>2023-02-19T09:04:38Z</time>
      </trkpt>
      <trkpt lat="46.338274" lon="23.344360">
        <ele>1284.570</ele>
        <time>2023-02-19T09:04:41Z</time>
      </trkpt>
      <trkpt lat="46.338238" lon="23.344310">
        <ele>1285.791</ele>
        <time>2023-02-19T09:04:46Z</time>
      </trkpt>
      <trkpt lat="46.338196" lon="23.344263">
        <ele>1286.145</ele>
        <time>2023-02-19T09:04:50Z</time>
      </trkpt>
      <trkpt lat="46.338164" lon="23.344187">
        <ele>1286.192</ele>
        <time>2023-02-19T09:04:54Z</time>
      </trkpt>
      <trkpt lat="46.338147" lon="23.344127">
        <ele>1286.212</ele>
        <time>2023-02-19T09:04:58Z</time>
      </trkpt>
      <trkpt lat="46.338125" lon="23.344068">
        <ele>1286.694</ele>
        <time>2023-02-19T09:05:03Z</time>
      </trkpt>
      <trkpt lat="46.338100" lon="23.344013">
        <ele>1286.730</ele>
        <time>2023-02-19T09:05:07Z</time>
      </trkpt>
      <trkpt lat="46.338071" lon="23.343940">
        <ele>1287.116</ele>
        <time>2023-02-19T09:05:11Z</time>
      </trkpt>
      <trkpt lat="46.338045" lon="23.343877">
        <ele>1287.358</ele>
        <time>2023-02-19T09:05:16Z</time>
      </trkpt>
      <trkpt lat="46.338007" lon="23.343797">
        <ele>1287.433</ele>
        <time>2023-02-19T09:05:20Z</time>
      </trkpt>
      <trkpt lat="46.337974" lon="23.343733">
        <ele>1287.623</ele>
        <time>2023-02-19T09:05:22Z</time>
      </trkpt>
      <trkpt lat="46.337979" lon="23.343645">
        <ele>1288.815</ele>
        <time>2023-02-19T09:05:35Z</time>
      </trkpt>
      <trkpt lat="46.337957" lon="23.343586">
        <ele>1289.209</ele>
        <time>2023-02-19T09:05:39Z</time>
      </trkpt>
      <trkpt lat="46.337917" lon="23.343514">
        <ele>1289.834</ele>
        <time>2023-02-19T09:05:43Z</time>
      </trkpt>
      <trkpt lat="46.337888" lon="23.343446">
        <ele>1289.965</ele>
        <time>2023-02-19T09:05:46Z</time>
      </trkpt>
      <trkpt lat="46.337851" lon="23.343383">
        <ele>1290.499</ele>
        <time>2023-02-19T09:05:50Z</time>
      </trkpt>
      <trkpt lat="46.337826" lon="23.343315">
        <ele>1291.486</ele>
        <time>2023-02-19T09:05:55Z</time>
      </trkpt>
      <trkpt lat="46.337810" lon="23.343248">
        <ele>1291.746</ele>
        <time>2023-02-19T09:05:58Z</time>
      </trkpt>
      <trkpt lat="46.337800" lon="23.343175">
        <ele>1292.058</ele>
        <time>2023-02-19T09:06:03Z</time>
      </trkpt>
      <trkpt lat="46.337755" lon="23.343087">
        <ele>1292.274</ele>
        <time>2023-02-19T09:06:11Z</time>
      </trkpt>
      <trkpt lat="46.337707" lon="23.342990">
        <ele>1292.340</ele>
        <time>2023-02-19T09:06:17Z</time>
      </trkpt>
      <trkpt lat="46.337675" lon="23.342934">
        <ele>1292.622</ele>
        <time>2023-02-19T09:06:22Z</time>
      </trkpt>
      <trkpt lat="46.337630" lon="23.342893">
        <ele>1293.141</ele>
        <time>2023-02-19T09:06:28Z</time>
      </trkpt>
      <trkpt lat="46.337614" lon="23.342827">
        <ele>1293.281</ele>
        <time>2023-02-19T09:06:32Z</time>
      </trkpt>
      <trkpt lat="46.337608" lon="23.342757">
        <ele>1293.109</ele>
        <time>2023-02-19T09:06:37Z</time>
      </trkpt>
      <trkpt lat="46.337589" lon="23.342685">
        <ele>1293.109</ele>
        <time>2023-02-19T09:06:40Z</time>
      </trkpt>
      <trkpt lat="46.337556" lon="23.342601">
        <ele>1292.715</ele>
        <time>2023-02-19T09:06:43Z</time>
      </trkpt>
      <trkpt lat="46.337533" lon="23.342542">
        <ele>1292.576</ele>
        <time>2023-02-19T09:06:46Z</time>
      </trkpt>
      <trkpt lat="46.337515" lon="23.342478">
        <ele>1292.730</ele>
        <time>2023-02-19T09:06:52Z</time>
      </trkpt>
      <trkpt lat="46.337492" lon="23.342414">
        <ele>1292.837</ele>
        <time>2023-02-19T09:06:55Z</time>
      </trkpt>
      <trkpt lat="46.337459" lon="23.342325">
        <ele>1293.527</ele>
        <time>2023-02-19T09:06:58Z</time>
      </trkpt>
      <trkpt lat="46.337443" lon="23.342253">
        <ele>1294.589</ele>
        <time>2023-02-19T09:07:06Z</time>
      </trkpt>
      <trkpt lat="46.337413" lon="23.342180">
        <ele>1294.625</ele>
        <time>2023-02-19T09:07:10Z</time>
      </trkpt>
      <trkpt lat="46.337390" lon="23.342118">
        <ele>1294.821</ele>
        <time>2023-02-19T09:07:13Z</time>
      </trkpt>
      <trkpt lat="46.337367" lon="23.342059">
        <ele>1294.893</ele>
        <time>2023-02-19T09:07:16Z</time>
      </trkpt>
      <trkpt lat="46.337337" lon="23.342009">
        <ele>1294.745</ele>
        <time>2023-02-19T09:07:21Z</time>
      </trkpt>
      <trkpt lat="46.337297" lon="23.341945">
        <ele>1295.447</ele>
        <time>2023-02-19T09:07:27Z</time>
      </trkpt>
      <trkpt lat="46.337271" lon="23.341881">
        <ele>1295.311</ele>
        <time>2023-02-19T09:07:31Z</time>
      </trkpt>
      <trkpt lat="46.337227" lon="23.341864">
        <ele>1296.309</ele>
        <time>2023-02-19T09:07:37Z</time>
      </trkpt>
      <trkpt lat="46.337186" lon="23.341818">
        <ele>1296.425</ele>
        <time>2023-02-19T09:07:40Z</time>
      </trkpt>
      <trkpt lat="46.337146" lon="23.341761">
        <ele>1296.456</ele>
        <time>2023-02-19T09:07:44Z</time>
      </trkpt>
      <trkpt lat="46.337099" lon="23.341726">
        <ele>1296.470</ele>
        <time>2023-02-19T09:07:48Z</time>
      </trkpt>
      <trkpt lat="46.337053" lon="23.341680">
        <ele>1296.267</ele>
        <time>2023-02-19T09:07:52Z</time>
      </trkpt>
      <trkpt lat="46.337022" lon="23.341624">
        <ele>1295.567</ele>
        <time>2023-02-19T09:07:55Z</time>
      </trkpt>
      <trkpt lat="46.336987" lon="23.341557">
        <ele>1295.689</ele>
        <time>2023-02-19T09:07:59Z</time>
      </trkpt>
      <trkpt lat="46.336947" lon="23.341516">
        <ele>1295.475</ele>
        <time>2023-02-19T09:08:05Z</time>
      </trkpt>
      <trkpt lat="46.336896" lon="23.341507">
        <ele>1295.651</ele>
        <time>2023-02-19T09:08:10Z</time>
      </trkpt>
      <trkpt lat="46.336843" lon="23.341538">
        <ele>1295.563</ele>
        <time>2023-02-19T09:08:16Z</time>
      </trkpt>
      <trkpt lat="46.336785" lon="23.341539">
        <ele>1295.644</ele>
        <time>2023-02-19T09:08:22Z</time>
      </trkpt>
      <trkpt lat="46.336728" lon="23.341540">
        <ele>1295.605</ele>
        <time>2023-02-19T09:08:25Z</time>
      </trkpt>
      <trkpt lat="46.336683" lon="23.341535">
        <ele>1296.015</ele>
        <time>2023-02-19T09:08:29Z</time>
      </trkpt>
      <trkpt lat="46.336619" lon="23.341539">
        <ele>1296.209</ele>
        <time>2023-02-19T09:08:36Z</time>
      </trkpt>
      <trkpt lat="46.336568" lon="23.341535">
        <ele>1296.375</ele>
        <time>2023-02-19T09:08:39Z</time>
      </trkpt>
      <trkpt lat="46.336522" lon="23.341545">
        <ele>1296.486</ele>
        <time>2023-02-19T09:08:43Z</time>
      </trkpt>
      <trkpt lat="46.336469" lon="23.341543">
        <ele>1296.760</ele>
        <time>2023-02-19T09:08:47Z</time>
      </trkpt>
      <trkpt lat="46.336424" lon="23.341545">
        <ele>1297.067</ele>
        <time>2023-02-19T09:08:51Z</time>
      </trkpt>
      <trkpt lat="46.336377" lon="23.341556">
        <ele>1297.817</ele>
        <time>2023-02-19T09:08:55Z</time>
      </trkpt>
      <trkpt lat="46.336332" lon="23.341548">
        <ele>1298.049</ele>
        <time>2023-02-19T09:09:02Z</time>
      </trkpt>
      <trkpt lat="46.336293" lon="23.341511">
        <ele>1298.335</ele>
        <time>2023-02-19T09:09:07Z</time>
      </trkpt>
      <trkpt lat="46.336240" lon="23.341526">
        <ele>1298.581</ele>
        <time>2023-02-19T09:09:19Z</time>
      </trkpt>
      <trkpt lat="46.336193" lon="23.341524">
        <ele>1298.413</ele>
        <time>2023-02-19T09:09:22Z</time>
      </trkpt>
      <trkpt lat="46.336139" lon="23.341524">
        <ele>1298.476</ele>
        <time>2023-02-19T09:09:26Z</time>
      </trkpt>
      <trkpt lat="46.336087" lon="23.341504">
        <ele>1298.490</ele>
        <time>2023-02-19T09:09:30Z</time>
      </trkpt>
      <trkpt lat="46.336030" lon="23.341495">
        <ele>1298.219</ele>
        <time>2023-02-19T09:09:35Z</time>
      </trkpt>
      <trkpt lat="46.335977" lon="23.341498">
        <ele>1298.209</ele>
        <time>2023-02-19T09:09:39Z</time>
      </trkpt>
      <trkpt lat="46.335927" lon="23.341504">
        <ele>1298.738</ele>
        <time>2023-02-19T09:09:44Z</time>
      </trkpt>
      <trkpt lat="46.335881" lon="23.341494">
        <ele>1299.219</ele>
        <time>2023-02-19T09:09:49Z</time>
      </trkpt>
      <trkpt lat="46.335830" lon="23.341463">
        <ele>1300.773</ele>
        <time>2023-02-19T09:09:53Z</time>
      </trkpt>
      <trkpt lat="46.335782" lon="23.341447">
        <ele>1301.420</ele>
        <time>2023-02-19T09:09:58Z</time>
      </trkpt>
      <trkpt lat="46.335736" lon="23.341424">
        <ele>1301.660</ele>
        <time>2023-02-19T09:10:02Z</time>
      </trkpt>
      <trkpt lat="46.335685" lon="23.341390">
        <ele>1302.042</ele>
        <time>2023-02-19T09:10:07Z</time>
      </trkpt>
      <trkpt lat="46.335643" lon="23.341366">
        <ele>1302.288</ele>
        <time>2023-02-19T09:10:11Z</time>
      </trkpt>
      <trkpt lat="46.335599" lon="23.341343">
        <ele>1302.434</ele>
        <time>2023-02-19T09:10:15Z</time>
      </trkpt>
      <trkpt lat="46.335543" lon="23.341315">
        <ele>1302.766</ele>
        <time>2023-02-19T09:10:23Z</time>
      </trkpt>
      <trkpt lat="46.335507" lon="23.341271">
        <ele>1302.993</ele>
        <time>2023-02-19T09:10:31Z</time>
      </trkpt>
      <trkpt lat="46.335455" lon="23.341278">
        <ele>1302.965</ele>
        <time>2023-02-19T09:10:42Z</time>
      </trkpt>
      <trkpt lat="46.335401" lon="23.341249">
        <ele>1302.921</ele>
        <time>2023-02-19T09:10:46Z</time>
      </trkpt>
      <trkpt lat="46.335355" lon="23.341213">
        <ele>1303.009</ele>
        <time>2023-02-19T09:10:52Z</time>
      </trkpt>
      <trkpt lat="46.335304" lon="23.341209">
        <ele>1303.290</ele>
        <time>2023-02-19T09:10:57Z</time>
      </trkpt>
      <trkpt lat="46.335245" lon="23.341220">
        <ele>1303.591</ele>
        <time>2023-02-19T09:11:02Z</time>
      </trkpt>
      <trkpt lat="46.335191" lon="23.341231">
        <ele>1303.715</ele>
        <time>2023-02-19T09:11:06Z</time>
      </trkpt>
      <trkpt lat="46.335137" lon="23.341230">
        <ele>1303.822</ele>
        <time>2023-02-19T09:11:11Z</time>
      </trkpt>
      <trkpt lat="46.335091" lon="23.341231">
        <ele>1303.992</ele>
        <time>2023-02-19T09:11:47Z</time>
      </trkpt>
      <trkpt lat="46.335040" lon="23.341226">
        <ele>1303.824</ele>
        <time>2023-02-19T09:13:37Z</time>
      </trkpt>
      <trkpt lat="46.334985" lon="23.341229">
        <ele>1303.880</ele>
        <time>2023-02-19T09:13:44Z</time>
      </trkpt>
      <trkpt lat="46.334936" lon="23.341229">
        <ele>1303.896</ele>
        <time>2023-02-19T09:13:49Z</time>
      </trkpt>
      <trkpt lat="46.334881" lon="23.341234">
        <ele>1303.828</ele>
        <time>2023-02-19T09:13:54Z</time>
      </trkpt>
      <trkpt lat="46.334835" lon="23.341234">
        <ele>1303.811</ele>
        <time>2023-02-19T09:13:56Z</time>
      </trkpt>
      <trkpt lat="46.334775" lon="23.341217">
        <ele>1304.421</ele>
        <time>2023-02-19T09:13:59Z</time>
      </trkpt>
      <trkpt lat="46.334721" lon="23.341192">
        <ele>1304.703</ele>
        <time>2023-02-19T09:14:03Z</time>
      </trkpt>
      <trkpt lat="46.334674" lon="23.341150">
        <ele>1304.909</ele>
        <time>2023-02-19T09:14:07Z</time>
      </trkpt>
      <trkpt lat="46.334632" lon="23.341113">
        <ele>1305.192</ele>
        <time>2023-02-19T09:14:11Z</time>
      </trkpt>
      <trkpt lat="46.334591" lon="23.341063">
        <ele>1305.393</ele>
        <time>2023-02-19T09:14:15Z</time>
      </trkpt>
      <trkpt lat="46.334559" lon="23.341015">
        <ele>1305.617</ele>
        <time>2023-02-19T09:14:19Z</time>
      </trkpt>
      <trkpt lat="46.334527" lon="23.340961">
        <ele>1306.594</ele>
        <time>2023-02-19T09:14:24Z</time>
      </trkpt>
      <trkpt lat="46.334495" lon="23.340896">
        <ele>1307.334</ele>
        <time>2023-02-19T09:14:28Z</time>
      </trkpt>
      <trkpt lat="46.334473" lon="23.340830">
        <ele>1308.746</ele>
        <time>2023-02-19T09:14:32Z</time>
      </trkpt>
      <trkpt lat="46.334448" lon="23.340755">
        <ele>1309.042</ele>
        <time>2023-02-19T09:14:36Z</time>
      </trkpt>
      <trkpt lat="46.334426" lon="23.340690">
        <ele>1309.338</ele>
        <time>2023-02-19T09:14:41Z</time>
      </trkpt>
      <trkpt lat="46.334404" lon="23.340626">
        <ele>1310.150</ele>
        <time>2023-02-19T09:14:46Z</time>
      </trkpt>
      <trkpt lat="46.334381" lon="23.340559">
        <ele>1310.663</ele>
        <time>2023-02-19T09:14:51Z</time>
      </trkpt>
      <trkpt lat="46.334353" lon="23.340496">
        <ele>1311.244</ele>
        <time>2023-02-19T09:14:56Z</time>
      </trkpt>
      <trkpt lat="46.334325" lon="23.340441">
        <ele>1312.118</ele>
        <time>2023-02-19T09:15:00Z</time>
      </trkpt>
      <trkpt lat="46.334293" lon="23.340395">
        <ele>1312.709</ele>
        <time>2023-02-19T09:15:05Z</time>
      </trkpt>
      <trkpt lat="46.334259" lon="23.340346">
        <ele>1313.757</ele>
        <time>2023-02-19T09:15:16Z</time>
      </trkpt>
      <trkpt lat="46.334230" lon="23.340287">
        <ele>1314.558</ele>
        <time>2023-02-19T09:15:25Z</time>
      </trkpt>
      <trkpt lat="46.334201" lon="23.340231">
        <ele>1315.032</ele>
        <time>2023-02-19T09:15:36Z</time>
      </trkpt>
      <trkpt lat="46.334173" lon="23.340157">
        <ele>1315.519</ele>
        <time>2023-02-19T09:15:40Z</time>
      </trkpt>
      <trkpt lat="46.334154" lon="23.340078">
        <ele>1315.889</ele>
        <time>2023-02-19T09:15:43Z</time>
      </trkpt>
      <trkpt lat="46.334145" lon="23.340002">
        <ele>1317.291</ele>
        <time>2023-02-19T09:15:51Z</time>
      </trkpt>
      <trkpt lat="46.334130" lon="23.339927">
        <ele>1318.687</ele>
        <time>2023-02-19T09:15:56Z</time>
      </trkpt>
      <trkpt lat="46.334121" lon="23.339862">
        <ele>1318.733</ele>
        <time>2023-02-19T09:16:02Z</time>
      </trkpt>
      <trkpt lat="46.334100" lon="23.339775">
        <ele>1318.685</ele>
        <time>2023-02-19T09:16:05Z</time>
      </trkpt>
      <trkpt lat="46.334082" lon="23.339711">
        <ele>1318.574</ele>
        <time>2023-02-19T09:16:08Z</time>
      </trkpt>
      <trkpt lat="46.334059" lon="23.339636">
        <ele>1318.356</ele>
        <time>2023-02-19T09:16:12Z</time>
      </trkpt>
      <trkpt lat="46.334034" lon="23.339566">
        <ele>1318.021</ele>
        <time>2023-02-19T09:16:16Z</time>
      </trkpt>
      <trkpt lat="46.334012" lon="23.339496">
        <ele>1318.309</ele>
        <time>2023-02-19T09:16:21Z</time>
      </trkpt>
      <trkpt lat="46.333991" lon="23.339421">
        <ele>1318.348</ele>
        <time>2023-02-19T09:16:25Z</time>
      </trkpt>
      <trkpt lat="46.333968" lon="23.339353">
        <ele>1318.479</ele>
        <time>2023-02-19T09:16:29Z</time>
      </trkpt>
      <trkpt lat="46.333950" lon="23.339283">
        <ele>1318.723</ele>
        <time>2023-02-19T09:16:33Z</time>
      </trkpt>
      <trkpt lat="46.333928" lon="23.339211">
        <ele>1318.830</ele>
        <time>2023-02-19T09:16:37Z</time>
      </trkpt>
      <trkpt lat="46.333905" lon="23.339145">
        <ele>1319.220</ele>
        <time>2023-02-19T09:16:41Z</time>
      </trkpt>
      <trkpt lat="46.333878" lon="23.339090">
        <ele>1319.792</ele>
        <time>2023-02-19T09:16:46Z</time>
      </trkpt>
      <trkpt lat="46.333859" lon="23.339023">
        <ele>1319.738</ele>
        <time>2023-02-19T09:16:50Z</time>
      </trkpt>
      <trkpt lat="46.333835" lon="23.338962">
        <ele>1319.774</ele>
        <time>2023-02-19T09:16:54Z</time>
      </trkpt>
      <trkpt lat="46.333817" lon="23.338897">
        <ele>1319.586</ele>
        <time>2023-02-19T09:16:58Z</time>
      </trkpt>
      <trkpt lat="46.333812" lon="23.338831">
        <ele>1319.514</ele>
        <time>2023-02-19T09:17:02Z</time>
      </trkpt>
      <trkpt lat="46.333790" lon="23.338762">
        <ele>1319.554</ele>
        <time>2023-02-19T09:17:07Z</time>
      </trkpt>
      <trkpt lat="46.333827" lon="23.338723">
        <ele>1320.109</ele>
        <time>2023-02-19T09:17:24Z</time>
      </trkpt>
      <trkpt lat="46.333809" lon="23.338662">
        <ele>1320.209</ele>
        <time>2023-02-19T09:17:27Z</time>
      </trkpt>
      <trkpt lat="46.333776" lon="23.338595">
        <ele>1320.432</ele>
        <time>2023-02-19T09:17:30Z</time>
      </trkpt>
      <trkpt lat="46.333748" lon="23.338528">
        <ele>1320.883</ele>
        <time>2023-02-19T09:17:35Z</time>
      </trkpt>
      <trkpt lat="46.333725" lon="23.338453">
        <ele>1321.117</ele>
        <time>2023-02-19T09:17:39Z</time>
      </trkpt>
      <trkpt lat="46.333705" lon="23.338394">
        <ele>1321.484</ele>
        <time>2023-02-19T09:17:45Z</time>
      </trkpt>
      <trkpt lat="46.333678" lon="23.338307">
        <ele>1321.614</ele>
        <time>2023-02-19T09:17:49Z</time>
      </trkpt>
      <trkpt lat="46.333655" lon="23.338231">
        <ele>1321.826</ele>
        <time>2023-02-19T09:17:52Z</time>
      </trkpt>
      <trkpt lat="46.333638" lon="23.338153">
        <ele>1322.312</ele>
        <time>2023-02-19T09:17:56Z</time>
      </trkpt>
      <trkpt lat="46.333617" lon="23.338082">
        <ele>1322.878</ele>
        <time>2023-02-19T09:18:00Z</time>
      </trkpt>
      <trkpt lat="46.333596" lon="23.338019">
        <ele>1323.050</ele>
        <time>2023-02-19T09:18:04Z</time>
      </trkpt>
      <trkpt lat="46.333577" lon="23.337954">
        <ele>1323.313</ele>
        <time>2023-02-19T09:18:08Z</time>
      </trkpt>
      <trkpt lat="46.333562" lon="23.337887">
        <ele>1323.743</ele>
        <time>2023-02-19T09:18:13Z</time>
      </trkpt>
      <trkpt lat="46.333551" lon="23.337808">
        <ele>1323.607</ele>
        <time>2023-02-19T09:18:18Z</time>
      </trkpt>
      <trkpt lat="46.333538" lon="23.337733">
        <ele>1323.309</ele>
        <time>2023-02-19T09:18:22Z</time>
      </trkpt>
      <trkpt lat="46.333530" lon="23.337647">
        <ele>1323.142</ele>
        <time>2023-02-19T09:18:26Z</time>
      </trkpt>
      <trkpt lat="46.333522" lon="23.337577">
        <ele>1322.963</ele>
        <time>2023-02-19T09:18:29Z</time>
      </trkpt>
      <trkpt lat="46.333506" lon="23.337494">
        <ele>1322.627</ele>
        <time>2023-02-19T09:18:33Z</time>
      </trkpt>
      <trkpt lat="46.333504" lon="23.337427">
        <ele>1322.724</ele>
        <time>2023-02-19T09:18:37Z</time>
      </trkpt>
      <trkpt lat="46.333495" lon="23.337361">
        <ele>1322.924</ele>
        <time>2023-02-19T09:18:41Z</time>
      </trkpt>
      <trkpt lat="46.333476" lon="23.337294">
        <ele>1322.736</ele>
        <time>2023-02-19T09:18:46Z</time>
      </trkpt>
      <trkpt lat="46.333454" lon="23.337227">
        <ele>1322.592</ele>
        <time>2023-02-19T09:18:50Z</time>
      </trkpt>
      <trkpt lat="46.333431" lon="23.337165">
        <ele>1322.658</ele>
        <time>2023-02-19T09:18:54Z</time>
      </trkpt>
      <trkpt lat="46.333406" lon="23.337091">
        <ele>1322.410</ele>
        <time>2023-02-19T09:18:59Z</time>
      </trkpt>
      <trkpt lat="46.333385" lon="23.337033">
        <ele>1322.354</ele>
        <time>2023-02-19T09:19:02Z</time>
      </trkpt>
      <trkpt lat="46.333355" lon="23.336969">
        <ele>1322.556</ele>
        <time>2023-02-19T09:19:06Z</time>
      </trkpt>
      <trkpt lat="46.333327" lon="23.336901">
        <ele>1322.711</ele>
        <time>2023-02-19T09:19:10Z</time>
      </trkpt>
      <trkpt lat="46.333307" lon="23.336836">
        <ele>1322.609</ele>
        <time>2023-02-19T09:19:24Z</time>
      </trkpt>
      <trkpt lat="46.333277" lon="23.336777">
        <ele>1322.596</ele>
        <time>2023-02-19T09:19:30Z</time>
      </trkpt>
      <trkpt lat="46.333249" lon="23.336715">
        <ele>1322.167</ele>
        <time>2023-02-19T09:19:35Z</time>
      </trkpt>
      <trkpt lat="46.333221" lon="23.336656">
        <ele>1321.811</ele>
        <time>2023-02-19T09:19:42Z</time>
      </trkpt>
      <trkpt lat="46.333193" lon="23.336603">
        <ele>1321.818</ele>
        <time>2023-02-19T09:19:46Z</time>
      </trkpt>
      <trkpt lat="46.333167" lon="23.336544">
        <ele>1321.768</ele>
        <time>2023-02-19T09:19:51Z</time>
      </trkpt>
      <trkpt lat="46.333135" lon="23.336476">
        <ele>1321.760</ele>
        <time>2023-02-19T09:19:54Z</time>
      </trkpt>
      <trkpt lat="46.333108" lon="23.336415">
        <ele>1321.636</ele>
        <time>2023-02-19T09:19:57Z</time>
      </trkpt>
      <trkpt lat="46.333085" lon="23.336343">
        <ele>1320.842</ele>
        <time>2023-02-19T09:20:01Z</time>
      </trkpt>
      <trkpt lat="46.333055" lon="23.336280">
        <ele>1320.534</ele>
        <time>2023-02-19T09:20:05Z</time>
      </trkpt>
      <trkpt lat="46.333022" lon="23.336210">
        <ele>1320.429</ele>
        <time>2023-02-19T09:20:09Z</time>
      </trkpt>
      <trkpt lat="46.332995" lon="23.336153">
        <ele>1320.400</ele>
        <time>2023-02-19T09:20:12Z</time>
      </trkpt>
      <trkpt lat="46.332969" lon="23.336089">
        <ele>1320.120</ele>
        <time>2023-02-19T09:20:16Z</time>
      </trkpt>
      <trkpt lat="46.332949" lon="23.336012">
        <ele>1319.709</ele>
        <time>2023-02-19T09:20:21Z</time>
      </trkpt>
      <trkpt lat="46.332924" lon="23.335943">
        <ele>1318.783</ele>
        <time>2023-02-19T09:20:26Z</time>
      </trkpt>
      <trkpt lat="46.332910" lon="23.335867">
        <ele>1318.464</ele>
        <time>2023-02-19T09:20:31Z</time>
      </trkpt>
      <trkpt lat="46.332892" lon="23.335799">
        <ele>1318.158</ele>
        <time>2023-02-19T09:20:35Z</time>
      </trkpt>
      <trkpt lat="46.332864" lon="23.335729">
        <ele>1317.785</ele>
        <time>2023-02-19T09:20:39Z</time>
      </trkpt>
      <trkpt lat="46.332814" lon="23.335705">
        <ele>1317.985</ele>
        <time>2023-02-19T09:20:49Z</time>
      </trkpt>
      <trkpt lat="46.332783" lon="23.335656">
        <ele>1318.417</ele>
        <time>2023-02-19T09:20:54Z</time>
      </trkpt>
      <trkpt lat="46.332750" lon="23.335598">
        <ele>1318.893</ele>
        <time>2023-02-19T09:21:00Z</time>
      </trkpt>
      <trkpt lat="46.332734" lon="23.335537">
        <ele>1319.169</ele>
        <time>2023-02-19T09:21:04Z</time>
      </trkpt>
      <trkpt lat="46.332713" lon="23.335465">
        <ele>1319.291</ele>
        <time>2023-02-19T09:21:08Z</time>
      </trkpt>
      <trkpt lat="46.332682" lon="23.335394">
        <ele>1319.455</ele>
        <time>2023-02-19T09:21:12Z</time>
      </trkpt>
      <trkpt lat="46.332658" lon="23.335317">
        <ele>1319.407</ele>
        <time>2023-02-19T09:21:15Z</time>
      </trkpt>
      <trkpt lat="46.332623" lon="23.335268">
        <ele>1319.617</ele>
        <time>2023-02-19T09:21:24Z</time>
      </trkpt>
      <trkpt lat="46.332591" lon="23.335219">
        <ele>1319.809</ele>
        <time>2023-02-19T09:21:30Z</time>
      </trkpt>
      <trkpt lat="46.332551" lon="23.335176">
        <ele>1320.276</ele>
        <time>2023-02-19T09:21:37Z</time>
      </trkpt>
      <trkpt lat="46.332522" lon="23.335121">
        <ele>1320.277</ele>
        <time>2023-02-19T09:21:42Z</time>
      </trkpt>
      <trkpt lat="46.332492" lon="23.335066">
        <ele>1320.261</ele>
        <time>2023-02-19T09:21:46Z</time>
      </trkpt>
      <trkpt lat="46.332465" lon="23.335012">
        <ele>1320.268</ele>
        <time>2023-02-19T09:21:52Z</time>
      </trkpt>
      <trkpt lat="46.332435" lon="23.334947">
        <ele>1320.228</ele>
        <time>2023-02-19T09:21:56Z</time>
      </trkpt>
      <trkpt lat="46.332408" lon="23.334885">
        <ele>1320.230</ele>
        <time>2023-02-19T09:22:01Z</time>
      </trkpt>
      <trkpt lat="46.332368" lon="23.334837">
        <ele>1320.436</ele>
        <time>2023-02-19T09:22:06Z</time>
      </trkpt>
      <trkpt lat="46.332342" lon="23.334774">
        <ele>1321.252</ele>
        <time>2023-02-19T09:22:13Z</time>
      </trkpt>
      <trkpt lat="46.332315" lon="23.334720">
        <ele>1321.434</ele>
        <time>2023-02-19T09:22:19Z</time>
      </trkpt>
      <trkpt lat="46.332279" lon="23.334653">
        <ele>1321.231</ele>
        <time>2023-02-19T09:22:26Z</time>
      </trkpt>
      <trkpt lat="46.332248" lon="23.334587">
        <ele>1321.261</ele>
        <time>2023-02-19T09:22:30Z</time>
      </trkpt>
      <trkpt lat="46.332221" lon="23.334529">
        <ele>1321.207</ele>
        <time>2023-02-19T09:22:33Z</time>
      </trkpt>
      <trkpt lat="46.332193" lon="23.334465">
        <ele>1321.009</ele>
        <time>2023-02-19T09:22:36Z</time>
      </trkpt>
      <trkpt lat="46.332170" lon="23.334398">
        <ele>1321.054</ele>
        <time>2023-02-19T09:22:39Z</time>
      </trkpt>
      <trkpt lat="46.332143" lon="23.334328">
        <ele>1321.115</ele>
        <time>2023-02-19T09:22:43Z</time>
      </trkpt>
      <trkpt lat="46.332124" lon="23.334263">
        <ele>1321.119</ele>
        <time>2023-02-19T09:22:47Z</time>
      </trkpt>
      <trkpt lat="46.332096" lon="23.334193">
        <ele>1321.276</ele>
        <time>2023-02-19T09:22:51Z</time>
      </trkpt>
      <trkpt lat="46.332064" lon="23.334139">
        <ele>1321.146</ele>
        <time>2023-02-19T09:22:55Z</time>
      </trkpt>
      <trkpt lat="46.332033" lon="23.334084">
        <ele>1321.038</ele>
        <time>2023-02-19T09:23:00Z</time>
      </trkpt>
      <trkpt lat="46.331996" lon="23.334043">
        <ele>1321.044</ele>
        <time>2023-02-19T09:23:04Z</time>
      </trkpt>
      <trkpt lat="46.331954" lon="23.334004">
        <ele>1321.330</ele>
        <time>2023-02-19T09:23:09Z</time>
      </trkpt>
      <trkpt lat="46.331909" lon="23.333971">
        <ele>1321.012</ele>
        <time>2023-02-19T09:23:14Z</time>
      </trkpt>
      <trkpt lat="46.331871" lon="23.333933">
        <ele>1320.981</ele>
        <time>2023-02-19T09:23:19Z</time>
      </trkpt>
      <trkpt lat="46.331827" lon="23.333910">
        <ele>1320.961</ele>
        <time>2023-02-19T09:23:24Z</time>
      </trkpt>
      <trkpt lat="46.331785" lon="23.333881">
        <ele>1321.317</ele>
        <time>2023-02-19T09:23:29Z</time>
      </trkpt>
      <trkpt lat="46.331740" lon="23.333850">
        <ele>1321.209</ele>
        <time>2023-02-19T09:23:33Z</time>
      </trkpt>
      <trkpt lat="46.331694" lon="23.333821">
        <ele>1320.949</ele>
        <time>2023-02-19T09:23:38Z</time>
      </trkpt>
      <trkpt lat="46.331651" lon="23.333789">
        <ele>1321.150</ele>
        <time>2023-02-19T09:23:42Z</time>
      </trkpt>
      <trkpt lat="46.331613" lon="23.333737">
        <ele>1321.464</ele>
        <time>2023-02-19T09:23:47Z</time>
      </trkpt>
      <trkpt lat="46.331570" lon="23.333699">
        <ele>1321.641</ele>
        <time>2023-02-19T09:23:51Z</time>
      </trkpt>
      <trkpt lat="46.331519" lon="23.333668">
        <ele>1322.251</ele>
        <time>2023-02-19T09:23:55Z</time>
      </trkpt>
      <trkpt lat="46.331483" lon="23.333618">
        <ele>1323.023</ele>
        <time>2023-02-19T09:24:00Z</time>
      </trkpt>
      <trkpt lat="46.331450" lon="23.333563">
        <ele>1323.579</ele>
        <time>2023-02-19T09:24:05Z</time>
      </trkpt>
      <trkpt lat="46.331414" lon="23.333522">
        <ele>1323.665</ele>
        <time>2023-02-19T09:24:09Z</time>
      </trkpt>
      <trkpt lat="46.331373" lon="23.333467">
        <ele>1323.937</ele>
        <time>2023-02-19T09:24:14Z</time>
      </trkpt>
      <trkpt lat="46.331335" lon="23.333424">
        <ele>1323.998</ele>
        <time>2023-02-19T09:24:19Z</time>
      </trkpt>
      <trkpt lat="46.331294" lon="23.333388">
        <ele>1324.015</ele>
        <time>2023-02-19T09:24:24Z</time>
      </trkpt>
      <trkpt lat="46.331263" lon="23.333329">
        <ele>1324.126</ele>
        <time>2023-02-19T09:24:29Z</time>
      </trkpt>
      <trkpt lat="46.331229" lon="23.333281">
        <ele>1324.109</ele>
        <time>2023-02-19T09:24:33Z</time>
      </trkpt>
      <trkpt lat="46.331193" lon="23.333226">
        <ele>1324.110</ele>
        <time>2023-02-19T09:24:38Z</time>
      </trkpt>
      <trkpt lat="46.331154" lon="23.333180">
        <ele>1324.121</ele>
        <time>2023-02-19T09:24:43Z</time>
      </trkpt>
      <trkpt lat="46.331117" lon="23.333128">
        <ele>1324.535</ele>
        <time>2023-02-19T09:24:48Z</time>
      </trkpt>
      <trkpt lat="46.331089" lon="23.333070">
        <ele>1324.972</ele>
        <time>2023-02-19T09:24:53Z</time>
      </trkpt>
      <trkpt lat="46.331050" lon="23.333022">
        <ele>1325.232</ele>
        <time>2023-02-19T09:24:57Z</time>
      </trkpt>
      <trkpt lat="46.331022" lon="23.332969">
        <ele>1325.394</ele>
        <time>2023-02-19T09:25:00Z</time>
      </trkpt>
      <trkpt lat="46.330983" lon="23.332903">
        <ele>1325.730</ele>
        <time>2023-02-19T09:25:04Z</time>
      </trkpt>
      <trkpt lat="46.330948" lon="23.332856">
        <ele>1325.996</ele>
        <time>2023-02-19T09:25:08Z</time>
      </trkpt>
      <trkpt lat="46.330910" lon="23.332810">
        <ele>1326.058</ele>
        <time>2023-02-19T09:25:13Z</time>
      </trkpt>
      <trkpt lat="46.330874" lon="23.332757">
        <ele>1326.283</ele>
        <time>2023-02-19T09:25:19Z</time>
      </trkpt>
      <trkpt lat="46.330843" lon="23.332703">
        <ele>1326.425</ele>
        <time>2023-02-19T09:25:24Z</time>
      </trkpt>
      <trkpt lat="46.330809" lon="23.332645">
        <ele>1326.417</ele>
        <time>2023-02-19T09:25:29Z</time>
      </trkpt>
      <trkpt lat="46.330768" lon="23.332587">
        <ele>1326.409</ele>
        <time>2023-02-19T09:25:33Z</time>
      </trkpt>
      <trkpt lat="46.330732" lon="23.332527">
        <ele>1326.589</ele>
        <time>2023-02-19T09:25:38Z</time>
      </trkpt>
      <trkpt lat="46.330700" lon="23.332480">
        <ele>1326.660</ele>
        <time>2023-02-19T09:25:42Z</time>
      </trkpt>
      <trkpt lat="46.330667" lon="23.332427">
        <ele>1326.794</ele>
        <time>2023-02-19T09:25:47Z</time>
      </trkpt>
      <trkpt lat="46.330639" lon="23.332372">
        <ele>1327.131</ele>
        <time>2023-02-19T09:25:53Z</time>
      </trkpt>
      <trkpt lat="46.330600" lon="23.332317">
        <ele>1327.391</ele>
        <time>2023-02-19T09:25:58Z</time>
      </trkpt>
      <trkpt lat="46.330554" lon="23.332280">
        <ele>1327.433</ele>
        <time>2023-02-19T09:26:04Z</time>
      </trkpt>
      <trkpt lat="46.330520" lon="23.332238">
        <ele>1327.749</ele>
        <time>2023-02-19T09:26:08Z</time>
      </trkpt>
      <trkpt lat="46.330486" lon="23.332187">
        <ele>1328.125</ele>
        <time>2023-02-19T09:26:12Z</time>
      </trkpt>
      <trkpt lat="46.330458" lon="23.332135">
        <ele>1328.497</ele>
        <time>2023-02-19T09:26:16Z</time>
      </trkpt>
      <trkpt lat="46.330423" lon="23.332073">
        <ele>1328.743</ele>
        <time>2023-02-19T09:26:21Z</time>
      </trkpt>
      <trkpt lat="46.330393" lon="23.332017">
        <ele>1328.764</ele>
        <time>2023-02-19T09:26:25Z</time>
      </trkpt>
      <trkpt lat="46.330364" lon="23.331965">
        <ele>1328.710</ele>
        <time>2023-02-19T09:26:28Z</time>
      </trkpt>
      <trkpt lat="46.330333" lon="23.331914">
        <ele>1328.709</ele>
        <time>2023-02-19T09:26:31Z</time>
      </trkpt>
      <trkpt lat="46.330301" lon="23.331856">
        <ele>1328.715</ele>
        <time>2023-02-19T09:26:35Z</time>
      </trkpt>
      <trkpt lat="46.330271" lon="23.331795">
        <ele>1328.636</ele>
        <time>2023-02-19T09:26:40Z</time>
      </trkpt>
      <trkpt lat="46.330241" lon="23.331739">
        <ele>1328.620</ele>
        <time>2023-02-19T09:26:45Z</time>
      </trkpt>
      <trkpt lat="46.330208" lon="23.331690">
        <ele>1328.417</ele>
        <time>2023-02-19T09:26:49Z</time>
      </trkpt>
      <trkpt lat="46.330172" lon="23.331648">
        <ele>1328.247</ele>
        <time>2023-02-19T09:26:53Z</time>
      </trkpt>
      <trkpt lat="46.330130" lon="23.331602">
        <ele>1328.199</ele>
        <time>2023-02-19T09:26:58Z</time>
      </trkpt>
      <trkpt lat="46.330087" lon="23.331560">
        <ele>1328.115</ele>
        <time>2023-02-19T09:27:03Z</time>
      </trkpt>
      <trkpt lat="46.330054" lon="23.331514">
        <ele>1327.951</ele>
        <time>2023-02-19T09:27:08Z</time>
      </trkpt>
      <trkpt lat="46.330017" lon="23.331466">
        <ele>1327.943</ele>
        <time>2023-02-19T09:27:13Z</time>
      </trkpt>
      <trkpt lat="46.329987" lon="23.331416">
        <ele>1327.948</ele>
        <time>2023-02-19T09:27:18Z</time>
      </trkpt>
      <trkpt lat="46.329961" lon="23.331357">
        <ele>1327.961</ele>
        <time>2023-02-19T09:27:25Z</time>
      </trkpt>
      <trkpt lat="46.329932" lon="23.331288">
        <ele>1328.117</ele>
        <time>2023-02-19T09:27:30Z</time>
      </trkpt>
      <trkpt lat="46.329903" lon="23.331229">
        <ele>1328.309</ele>
        <time>2023-02-19T09:27:34Z</time>
      </trkpt>
      <trkpt lat="46.329880" lon="23.331173">
        <ele>1328.635</ele>
        <time>2023-02-19T09:27:40Z</time>
      </trkpt>
      <trkpt lat="46.329837" lon="23.331137">
        <ele>1328.956</ele>
        <time>2023-02-19T09:28:42Z</time>
      </trkpt>
      <trkpt lat="46.329806" lon="23.331078">
        <ele>1328.940</ele>
        <time>2023-02-19T09:28:50Z</time>
      </trkpt>
      <trkpt lat="46.329762" lon="23.331017">
        <ele>1328.997</ele>
        <time>2023-02-19T09:28:54Z</time>
      </trkpt>
      <trkpt lat="46.329730" lon="23.330968">
        <ele>1328.917</ele>
        <time>2023-02-19T09:28:58Z</time>
      </trkpt>
      <trkpt lat="46.329692" lon="23.330915">
        <ele>1328.949</ele>
        <time>2023-02-19T09:29:03Z</time>
      </trkpt>
      <trkpt lat="46.329648" lon="23.330858">
        <ele>1329.635</ele>
        <time>2023-02-19T09:29:06Z</time>
      </trkpt>
      <trkpt lat="46.329609" lon="23.330825">
        <ele>1330.181</ele>
        <time>2023-02-19T09:29:09Z</time>
      </trkpt>
      <trkpt lat="46.329575" lon="23.330778">
        <ele>1330.193</ele>
        <time>2023-02-19T09:29:13Z</time>
      </trkpt>
      <trkpt lat="46.329542" lon="23.330733">
        <ele>1330.167</ele>
        <time>2023-02-19T09:29:18Z</time>
      </trkpt>
      <trkpt lat="46.329506" lon="23.330676">
        <ele>1329.881</ele>
        <time>2023-02-19T09:29:23Z</time>
      </trkpt>
      <trkpt lat="46.329475" lon="23.330615">
        <ele>1329.519</ele>
        <time>2023-02-19T09:29:28Z</time>
      </trkpt>
      <trkpt lat="46.329442" lon="23.330563">
        <ele>1329.409</ele>
        <time>2023-02-19T09:29:33Z</time>
      </trkpt>
      <trkpt lat="46.329407" lon="23.330522">
        <ele>1329.467</ele>
        <time>2023-02-19T09:29:37Z</time>
      </trkpt>
      <trkpt lat="46.329378" lon="23.330459">
        <ele>1329.418</ele>
        <time>2023-02-19T09:29:41Z</time>
      </trkpt>
      <trkpt lat="46.329350" lon="23.330384">
        <ele>1329.532</ele>
        <time>2023-02-19T09:29:45Z</time>
      </trkpt>
      <trkpt lat="46.329318" lon="23.330315">
        <ele>1329.599</ele>
        <time>2023-02-19T09:29:49Z</time>
      </trkpt>
      <trkpt lat="46.329301" lon="23.330252">
        <ele>1329.599</ele>
        <time>2023-02-19T09:29:53Z</time>
      </trkpt>
      <trkpt lat="46.329290" lon="23.330186">
        <ele>1329.531</ele>
        <time>2023-02-19T09:29:57Z</time>
      </trkpt>
      <trkpt lat="46.329281" lon="23.330119">
        <ele>1329.587</ele>
        <time>2023-02-19T09:30:01Z</time>
      </trkpt>
      <trkpt lat="46.329265" lon="23.330052">
        <ele>1329.413</ele>
        <time>2023-02-19T09:30:05Z</time>
      </trkpt>
      <trkpt lat="46.329252" lon="23.329980">
        <ele>1329.255</ele>
        <time>2023-02-19T09:30:11Z</time>
      </trkpt>
      <trkpt lat="46.329232" lon="23.329905">
        <ele>1329.052</ele>
        <time>2023-02-19T09:30:16Z</time>
      </trkpt>
      <trkpt lat="46.329217" lon="23.329840">
        <ele>1328.953</ele>
        <time>2023-02-19T09:30:20Z</time>
      </trkpt>
      <trkpt lat="46.329202" lon="23.329777">
        <ele>1328.808</ele>
        <time>2023-02-19T09:30:24Z</time>
      </trkpt>
      <trkpt lat="46.329176" lon="23.329724">
        <ele>1328.809</ele>
        <time>2023-02-19T09:30:28Z</time>
      </trkpt>
      <trkpt lat="46.329173" lon="23.329656">
        <ele>1328.986</ele>
        <time>2023-02-19T09:30:32Z</time>
      </trkpt>
      <trkpt lat="46.329163" lon="23.329580">
        <ele>1328.927</ele>
        <time>2023-02-19T09:30:36Z</time>
      </trkpt>
      <trkpt lat="46.329144" lon="23.329511">
        <ele>1328.731</ele>
        <time>2023-02-19T09:30:40Z</time>
      </trkpt>
      <trkpt lat="46.329135" lon="23.329443">
        <ele>1328.558</ele>
        <time>2023-02-19T09:30:44Z</time>
      </trkpt>
      <trkpt lat="46.329128" lon="23.329366">
        <ele>1328.528</ele>
        <time>2023-02-19T09:30:48Z</time>
      </trkpt>
      <trkpt lat="46.329120" lon="23.329293">
        <ele>1328.240</ele>
        <time>2023-02-19T09:30:52Z</time>
      </trkpt>
      <trkpt lat="46.329114" lon="23.329217">
        <ele>1327.276</ele>
        <time>2023-02-19T09:30:57Z</time>
      </trkpt>
      <trkpt lat="46.329108" lon="23.329152">
        <ele>1326.772</ele>
        <time>2023-02-19T09:31:02Z</time>
      </trkpt>
      <trkpt lat="46.329106" lon="23.329085">
        <ele>1326.414</ele>
        <time>2023-02-19T09:31:05Z</time>
      </trkpt>
      <trkpt lat="46.329097" lon="23.329005">
        <ele>1325.712</ele>
        <time>2023-02-19T09:31:09Z</time>
      </trkpt>
      <trkpt lat="46.329076" lon="23.328938">
        <ele>1325.232</ele>
        <time>2023-02-19T09:31:14Z</time>
      </trkpt>
      <trkpt lat="46.329065" lon="23.328861">
        <ele>1324.005</ele>
        <time>2023-02-19T09:31:18Z</time>
      </trkpt>
      <trkpt lat="46.329062" lon="23.328787">
        <ele>1323.109</ele>
        <time>2023-02-19T09:31:22Z</time>
      </trkpt>
      <trkpt lat="46.329049" lon="23.328712">
        <ele>1322.562</ele>
        <time>2023-02-19T09:31:27Z</time>
      </trkpt>
      <trkpt lat="46.329032" lon="23.328650">
        <ele>1322.243</ele>
        <time>2023-02-19T09:31:31Z</time>
      </trkpt>
      <trkpt lat="46.329018" lon="23.328587">
        <ele>1321.717</ele>
        <time>2023-02-19T09:31:35Z</time>
      </trkpt>
      <trkpt lat="46.328994" lon="23.328515">
        <ele>1320.684</ele>
        <time>2023-02-19T09:31:40Z</time>
      </trkpt>
      <trkpt lat="46.328976" lon="23.328449">
        <ele>1320.234</ele>
        <time>2023-02-19T09:31:44Z</time>
      </trkpt>
      <trkpt lat="46.328964" lon="23.328382">
        <ele>1320.126</ele>
        <time>2023-02-19T09:31:50Z</time>
      </trkpt>
      <trkpt lat="46.328968" lon="23.328309">
        <ele>1320.162</ele>
        <time>2023-02-19T09:31:57Z</time>
      </trkpt>
      <trkpt lat="46.328937" lon="23.328246">
        <ele>1320.158</ele>
        <time>2023-02-19T09:32:03Z</time>
      </trkpt>
      <trkpt lat="46.328913" lon="23.328176">
        <ele>1320.210</ele>
        <time>2023-02-19T09:32:09Z</time>
      </trkpt>
      <trkpt lat="46.328899" lon="23.328100">
        <ele>1320.222</ele>
        <time>2023-02-19T09:32:14Z</time>
      </trkpt>
      <trkpt lat="46.328885" lon="23.328031">
        <ele>1320.262</ele>
        <time>2023-02-19T09:32:18Z</time>
      </trkpt>
      <trkpt lat="46.328871" lon="23.327949">
        <ele>1320.208</ele>
        <time>2023-02-19T09:32:21Z</time>
      </trkpt>
      <trkpt lat="46.328862" lon="23.327871">
        <ele>1320.209</ele>
        <time>2023-02-19T09:32:25Z</time>
      </trkpt>
      <trkpt lat="46.328859" lon="23.327805">
        <ele>1320.023</ele>
        <time>2023-02-19T09:32:28Z</time>
      </trkpt>
      <trkpt lat="46.328858" lon="23.327738">
        <ele>1319.714</ele>
        <time>2023-02-19T09:32:31Z</time>
      </trkpt>
      <trkpt lat="46.328865" lon="23.327665">
        <ele>1319.588</ele>
        <time>2023-02-19T09:32:35Z</time>
      </trkpt>
      <trkpt lat="46.328877" lon="23.327598">
        <ele>1319.525</ele>
        <time>2023-02-19T09:32:40Z</time>
      </trkpt>
      <trkpt lat="46.328884" lon="23.327515">
        <ele>1319.595</ele>
        <time>2023-02-19T09:32:44Z</time>
      </trkpt>
      <trkpt lat="46.328879" lon="23.327447">
        <ele>1319.597</ele>
        <time>2023-02-19T09:32:47Z</time>
      </trkpt>
      <trkpt lat="46.328872" lon="23.327371">
        <ele>1319.583</ele>
        <time>2023-02-19T09:32:51Z</time>
      </trkpt>
      <trkpt lat="46.328871" lon="23.327298">
        <ele>1319.599</ele>
        <time>2023-02-19T09:32:55Z</time>
      </trkpt>
      <trkpt lat="46.328850" lon="23.327229">
        <ele>1319.131</ele>
        <time>2023-02-19T09:33:00Z</time>
      </trkpt>
      <trkpt lat="46.328809" lon="23.327180">
        <ele>1318.938</ele>
        <time>2023-02-19T09:33:05Z</time>
      </trkpt>
      <trkpt lat="46.328770" lon="23.327139">
        <ele>1318.870</ele>
        <time>2023-02-19T09:33:10Z</time>
      </trkpt>
      <trkpt lat="46.328730" lon="23.327106">
        <ele>1318.817</ele>
        <time>2023-02-19T09:33:14Z</time>
      </trkpt>
      <trkpt lat="46.328691" lon="23.327071">
        <ele>1318.809</ele>
        <time>2023-02-19T09:33:18Z</time>
      </trkpt>
      <trkpt lat="46.328640" lon="23.327059">
        <ele>1318.824</ele>
        <time>2023-02-19T09:33:23Z</time>
      </trkpt>
      <trkpt lat="46.328596" lon="23.327021">
        <ele>1318.895</ele>
        <time>2023-02-19T09:33:28Z</time>
      </trkpt>
      <trkpt lat="46.328560" lon="23.326979">
        <ele>1318.879</ele>
        <time>2023-02-19T09:33:32Z</time>
      </trkpt>
      <trkpt lat="46.328538" lon="23.326914">
        <ele>1318.826</ele>
        <time>2023-02-19T09:33:37Z</time>
      </trkpt>
      <trkpt lat="46.328517" lon="23.326850">
        <ele>1318.656</ele>
        <time>2023-02-19T09:33:41Z</time>
      </trkpt>
      <trkpt lat="46.328507" lon="23.326778">
        <ele>1318.448</ele>
        <time>2023-02-19T09:33:45Z</time>
      </trkpt>
      <trkpt lat="46.328494" lon="23.326711">
        <ele>1318.274</ele>
        <time>2023-02-19T09:33:49Z</time>
      </trkpt>
      <trkpt lat="46.328478" lon="23.326634">
        <ele>1318.140</ele>
        <time>2023-02-19T09:33:53Z</time>
      </trkpt>
      <trkpt lat="46.328465" lon="23.326558">
        <ele>1317.482</ele>
        <time>2023-02-19T09:33:57Z</time>
      </trkpt>
      <trkpt lat="46.328448" lon="23.326490">
        <ele>1316.945</ele>
        <time>2023-02-19T09:34:01Z</time>
      </trkpt>
      <trkpt lat="46.328428" lon="23.326415">
        <ele>1316.247</ele>
        <time>2023-02-19T09:34:05Z</time>
      </trkpt>
      <trkpt lat="46.328412" lon="23.326351">
        <ele>1315.911</ele>
        <time>2023-02-19T09:34:08Z</time>
      </trkpt>
      <trkpt lat="46.328395" lon="23.326276">
        <ele>1315.809</ele>
        <time>2023-02-19T09:34:11Z</time>
      </trkpt>
      <trkpt lat="46.328374" lon="23.326213">
        <ele>1315.615</ele>
        <time>2023-02-19T09:34:14Z</time>
      </trkpt>
      <trkpt lat="46.328350" lon="23.326141">
        <ele>1315.556</ele>
        <time>2023-02-19T09:34:18Z</time>
      </trkpt>
      <trkpt lat="46.328324" lon="23.326068">
        <ele>1315.360</ele>
        <time>2023-02-19T09:34:22Z</time>
      </trkpt>
      <trkpt lat="46.328303" lon="23.326002">
        <ele>1314.957</ele>
        <time>2023-02-19T09:34:26Z</time>
      </trkpt>
      <trkpt lat="46.328281" lon="23.325935">
        <ele>1314.697</ele>
        <time>2023-02-19T09:34:30Z</time>
      </trkpt>
      <trkpt lat="46.328268" lon="23.325870">
        <ele>1314.449</ele>
        <time>2023-02-19T09:34:34Z</time>
      </trkpt>
      <trkpt lat="46.328254" lon="23.325803">
        <ele>1314.355</ele>
        <time>2023-02-19T09:34:38Z</time>
      </trkpt>
      <trkpt lat="46.328235" lon="23.325736">
        <ele>1314.271</ele>
        <time>2023-02-19T09:34:42Z</time>
      </trkpt>
      <trkpt lat="46.328215" lon="23.325662">
        <ele>1314.133</ele>
        <time>2023-02-19T09:34:46Z</time>
      </trkpt>
      <trkpt lat="46.328197" lon="23.325591">
        <ele>1314.124</ele>
        <time>2023-02-19T09:34:50Z</time>
      </trkpt>
      <trkpt lat="46.328181" lon="23.325527">
        <ele>1313.904</ele>
        <time>2023-02-19T09:34:54Z</time>
      </trkpt>
      <trkpt lat="46.328159" lon="23.325459">
        <ele>1313.814</ele>
        <time>2023-02-19T09:34:58Z</time>
      </trkpt>
      <trkpt lat="46.328144" lon="23.325395">
        <ele>1312.509</ele>
        <time>2023-02-19T09:35:02Z</time>
      </trkpt>
      <trkpt lat="46.328133" lon="23.325328">
        <ele>1311.943</ele>
        <time>2023-02-19T09:35:06Z</time>
      </trkpt>
      <trkpt lat="46.328117" lon="23.325262">
        <ele>1311.664</ele>
        <time>2023-02-19T09:35:10Z</time>
      </trkpt>
      <trkpt lat="46.328105" lon="23.325191">
        <ele>1311.428</ele>
        <time>2023-02-19T09:35:14Z</time>
      </trkpt>
      <trkpt lat="46.328097" lon="23.325117">
        <ele>1311.395</ele>
        <time>2023-02-19T09:35:19Z</time>
      </trkpt>
      <trkpt lat="46.328103" lon="23.325040">
        <ele>1310.265</ele>
        <time>2023-02-19T09:35:24Z</time>
      </trkpt>
      <trkpt lat="46.328115" lon="23.324973">
        <ele>1309.097</ele>
        <time>2023-02-19T09:35:28Z</time>
      </trkpt>
      <trkpt lat="46.328123" lon="23.324898">
        <ele>1308.473</ele>
        <time>2023-02-19T09:35:33Z</time>
      </trkpt>
      <trkpt lat="46.328120" lon="23.324826">
        <ele>1307.379</ele>
        <time>2023-02-19T09:35:39Z</time>
      </trkpt>
      <trkpt lat="46.328101" lon="23.324764">
        <ele>1306.481</ele>
        <time>2023-02-19T09:35:45Z</time>
      </trkpt>
      <trkpt lat="46.328092" lon="23.324698">
        <ele>1305.632</ele>
        <time>2023-02-19T09:35:52Z</time>
      </trkpt>
      <trkpt lat="46.328071" lon="23.324629">
        <ele>1304.692</ele>
        <time>2023-02-19T09:36:07Z</time>
      </trkpt>
      <trkpt lat="46.328049" lon="23.324559">
        <ele>1304.111</ele>
        <time>2023-02-19T09:36:16Z</time>
      </trkpt>
      <trkpt lat="46.328033" lon="23.324486">
        <ele>1303.909</ele>
        <time>2023-02-19T09:36:22Z</time>
      </trkpt>
      <trkpt lat="46.328027" lon="23.324421">
        <ele>1303.724</ele>
        <time>2023-02-19T09:36:26Z</time>
      </trkpt>
      <trkpt lat="46.328029" lon="23.324344">
        <ele>1303.595</ele>
        <time>2023-02-19T09:36:31Z</time>
      </trkpt>
      <trkpt lat="46.328028" lon="23.324271">
        <ele>1303.099</ele>
        <time>2023-02-19T09:36:33Z</time>
      </trkpt>
      <trkpt lat="46.328026" lon="23.324202">
        <ele>1302.326</ele>
        <time>2023-02-19T09:36:36Z</time>
      </trkpt>
      <trkpt lat="46.328017" lon="23.324122">
        <ele>1302.026</ele>
        <time>2023-02-19T09:36:40Z</time>
      </trkpt>
      <trkpt lat="46.328006" lon="23.324056">
        <ele>1301.568</ele>
        <time>2023-02-19T09:36:45Z</time>
      </trkpt>
      <trkpt lat="46.327976" lon="23.324003">
        <ele>1301.334</ele>
        <time>2023-02-19T09:36:51Z</time>
      </trkpt>
      <trkpt lat="46.327952" lon="23.323939">
        <ele>1301.360</ele>
        <time>2023-02-19T09:36:55Z</time>
      </trkpt>
      <trkpt lat="46.327940" lon="23.323870">
        <ele>1301.312</ele>
        <time>2023-02-19T09:36:59Z</time>
      </trkpt>
      <trkpt lat="46.327932" lon="23.323804">
        <ele>1301.146</ele>
        <time>2023-02-19T09:37:03Z</time>
      </trkpt>
      <trkpt lat="46.327918" lon="23.323731">
        <ele>1300.888</ele>
        <time>2023-02-19T09:37:07Z</time>
      </trkpt>
      <trkpt lat="46.327917" lon="23.323655">
        <ele>1300.516</ele>
        <time>2023-02-19T09:37:13Z</time>
      </trkpt>
      <trkpt lat="46.327915" lon="23.323581">
        <ele>1300.309</ele>
        <time>2023-02-19T09:37:21Z</time>
      </trkpt>
      <trkpt lat="46.327930" lon="23.323505">
        <ele>1299.735</ele>
        <time>2023-02-19T09:37:27Z</time>
      </trkpt>
      <trkpt lat="46.327922" lon="23.323441">
        <ele>1299.436</ele>
        <time>2023-02-19T09:37:31Z</time>
      </trkpt>
      <trkpt lat="46.327923" lon="23.323363">
        <ele>1299.140</ele>
        <time>2023-02-19T09:37:36Z</time>
      </trkpt>
      <trkpt lat="46.327935" lon="23.323291">
        <ele>1298.257</ele>
        <time>2023-02-19T09:37:40Z</time>
      </trkpt>
      <trkpt lat="46.327955" lon="23.323214">
        <ele>1297.837</ele>
        <time>2023-02-19T09:37:44Z</time>
      </trkpt>
      <trkpt lat="46.327964" lon="23.323133">
        <ele>1297.759</ele>
        <time>2023-02-19T09:37:48Z</time>
      </trkpt>
      <trkpt lat="46.327960" lon="23.323063">
        <ele>1296.255</ele>
        <time>2023-02-19T09:38:02Z</time>
      </trkpt>
      <trkpt lat="46.327960" lon="23.322994">
        <ele>1295.141</ele>
        <time>2023-02-19T09:38:06Z</time>
      </trkpt>
      <trkpt lat="46.327958" lon="23.322927">
        <ele>1295.043</ele>
        <time>2023-02-19T09:38:10Z</time>
      </trkpt>
      <trkpt lat="46.327962" lon="23.322829">
        <ele>1294.624</ele>
        <time>2023-02-19T09:38:15Z</time>
      </trkpt>
      <trkpt lat="46.327965" lon="23.322750">
        <ele>1294.104</ele>
        <time>2023-02-19T09:38:18Z</time>
      </trkpt>
      <trkpt lat="46.327973" lon="23.322678">
        <ele>1293.514</ele>
        <time>2023-02-19T09:38:21Z</time>
      </trkpt>
      <trkpt lat="46.327980" lon="23.322597">
        <ele>1292.709</ele>
        <time>2023-02-19T09:38:25Z</time>
      </trkpt>
      <trkpt lat="46.327977" lon="23.322523">
        <ele>1292.343</ele>
        <time>2023-02-19T09:38:29Z</time>
      </trkpt>
      <trkpt lat="46.327972" lon="23.322456">
        <ele>1292.074</ele>
        <time>2023-02-19T09:38:32Z</time>
      </trkpt>
      <trkpt lat="46.327956" lon="23.322392">
        <ele>1291.488</ele>
        <time>2023-02-19T09:38:39Z</time>
      </trkpt>
      <trkpt lat="46.327938" lon="23.322324">
        <ele>1291.145</ele>
        <time>2023-02-19T09:38:45Z</time>
      </trkpt>
      <trkpt lat="46.327934" lon="23.322256">
        <ele>1290.455</ele>
        <time>2023-02-19T09:38:49Z</time>
      </trkpt>
      <trkpt lat="46.327923" lon="23.322189">
        <ele>1290.147</ele>
        <time>2023-02-19T09:38:54Z</time>
      </trkpt>
      <trkpt lat="46.327911" lon="23.322097">
        <ele>1289.553</ele>
        <time>2023-02-19T09:38:59Z</time>
      </trkpt>
      <trkpt lat="46.327896" lon="23.322014">
        <ele>1288.159</ele>
        <time>2023-02-19T09:39:02Z</time>
      </trkpt>
      <trkpt lat="46.327882" lon="23.321951">
        <ele>1287.571</ele>
        <time>2023-02-19T09:39:06Z</time>
      </trkpt>
      <trkpt lat="46.327867" lon="23.321876">
        <ele>1287.396</ele>
        <time>2023-02-19T09:39:11Z</time>
      </trkpt>
      <trkpt lat="46.327846" lon="23.321811">
        <ele>1286.431</ele>
        <time>2023-02-19T09:39:15Z</time>
      </trkpt>
      <trkpt lat="46.327810" lon="23.321755">
        <ele>1286.324</ele>
        <time>2023-02-19T09:39:22Z</time>
      </trkpt>
      <trkpt lat="46.327782" lon="23.321698">
        <ele>1286.109</ele>
        <time>2023-02-19T09:39:28Z</time>
      </trkpt>
      <trkpt lat="46.327760" lon="23.321629">
        <ele>1286.040</ele>
        <time>2023-02-19T09:39:33Z</time>
      </trkpt>
      <trkpt lat="46.327741" lon="23.321570">
        <ele>1286.081</ele>
        <time>2023-02-19T09:39:36Z</time>
      </trkpt>
      <trkpt lat="46.327723" lon="23.321504">
        <ele>1286.035</ele>
        <time>2023-02-19T09:39:40Z</time>
      </trkpt>
      <trkpt lat="46.327675" lon="23.321493">
        <ele>1286.242</ele>
        <time>2023-02-19T09:39:45Z</time>
      </trkpt>
      <trkpt lat="46.327631" lon="23.321448">
        <ele>1286.232</ele>
        <time>2023-02-19T09:39:49Z</time>
      </trkpt>
      <trkpt lat="46.327611" lon="23.321385">
        <ele>1285.634</ele>
        <time>2023-02-19T09:39:53Z</time>
      </trkpt>
      <trkpt lat="46.327586" lon="23.321292">
        <ele>1285.590</ele>
        <time>2023-02-19T09:40:00Z</time>
      </trkpt>
      <trkpt lat="46.327551" lon="23.321229">
        <ele>1285.276</ele>
        <time>2023-02-19T09:40:03Z</time>
      </trkpt>
      <trkpt lat="46.327518" lon="23.321177">
        <ele>1285.278</ele>
        <time>2023-02-19T09:40:06Z</time>
      </trkpt>
      <trkpt lat="46.327488" lon="23.321118">
        <ele>1285.264</ele>
        <time>2023-02-19T09:40:10Z</time>
      </trkpt>
      <trkpt lat="46.327458" lon="23.321066">
        <ele>1285.206</ele>
        <time>2023-02-19T09:40:14Z</time>
      </trkpt>
      <trkpt lat="46.327426" lon="23.321007">
        <ele>1285.416</ele>
        <time>2023-02-19T09:40:18Z</time>
      </trkpt>
      <trkpt lat="46.327391" lon="23.320946">
        <ele>1286.209</ele>
        <time>2023-02-19T09:40:23Z</time>
      </trkpt>
      <trkpt lat="46.327361" lon="23.320892">
        <ele>1286.317</ele>
        <time>2023-02-19T09:40:28Z</time>
      </trkpt>
      <trkpt lat="46.327334" lon="23.320839">
        <ele>1286.268</ele>
        <time>2023-02-19T09:40:33Z</time>
      </trkpt>
      <trkpt lat="46.327308" lon="23.320775">
        <ele>1286.212</ele>
        <time>2023-02-19T09:40:38Z</time>
      </trkpt>
      <trkpt lat="46.327288" lon="23.320707">
        <ele>1286.299</ele>
        <time>2023-02-19T09:40:42Z</time>
      </trkpt>
      <trkpt lat="46.327271" lon="23.320632">
        <ele>1286.289</ele>
        <time>2023-02-19T09:40:46Z</time>
      </trkpt>
      <trkpt lat="46.327255" lon="23.320567">
        <ele>1286.241</ele>
        <time>2023-02-19T09:40:49Z</time>
      </trkpt>
      <trkpt lat="46.327225" lon="23.320499">
        <ele>1287.517</ele>
        <time>2023-02-19T09:40:53Z</time>
      </trkpt>
      <trkpt lat="46.327203" lon="23.320436">
        <ele>1287.773</ele>
        <time>2023-02-19T09:40:57Z</time>
      </trkpt>
      <trkpt lat="46.327184" lon="23.320363">
        <ele>1287.785</ele>
        <time>2023-02-19T09:41:01Z</time>
      </trkpt>
      <trkpt lat="46.327173" lon="23.320291">
        <ele>1288.137</ele>
        <time>2023-02-19T09:41:06Z</time>
      </trkpt>
      <trkpt lat="46.327160" lon="23.320213">
        <ele>1288.549</ele>
        <time>2023-02-19T09:41:12Z</time>
      </trkpt>
      <trkpt lat="46.327141" lon="23.320141">
        <ele>1288.413</ele>
        <time>2023-02-19T09:41:17Z</time>
      </trkpt>
      <trkpt lat="46.327120" lon="23.320075">
        <ele>1288.709</ele>
        <time>2023-02-19T09:41:22Z</time>
      </trkpt>
      <trkpt lat="46.327095" lon="23.320012">
        <ele>1288.984</ele>
        <time>2023-02-19T09:41:27Z</time>
      </trkpt>
      <trkpt lat="46.327066" lon="23.319944">
        <ele>1289.155</ele>
        <time>2023-02-19T09:41:32Z</time>
      </trkpt>
      <trkpt lat="46.327040" lon="23.319878">
        <ele>1289.259</ele>
        <time>2023-02-19T09:41:36Z</time>
      </trkpt>
      <trkpt lat="46.327014" lon="23.319808">
        <ele>1289.646</ele>
        <time>2023-02-19T09:41:41Z</time>
      </trkpt>
      <trkpt lat="46.326991" lon="23.319751">
        <ele>1289.636</ele>
        <time>2023-02-19T09:41:45Z</time>
      </trkpt>
      <trkpt lat="46.326966" lon="23.319683">
        <ele>1290.088</ele>
        <time>2023-02-19T09:41:51Z</time>
      </trkpt>
      <trkpt lat="46.326941" lon="23.319626">
        <ele>1290.334</ele>
        <time>2023-02-19T09:41:56Z</time>
      </trkpt>
      <trkpt lat="46.326909" lon="23.319567">
        <ele>1290.370</ele>
        <time>2023-02-19T09:42:01Z</time>
      </trkpt>
      <trkpt lat="46.326880" lon="23.319515">
        <ele>1290.372</ele>
        <time>2023-02-19T09:42:04Z</time>
      </trkpt>
      <trkpt lat="46.326839" lon="23.319463">
        <ele>1290.553</ele>
        <time>2023-02-19T09:42:08Z</time>
      </trkpt>
      <trkpt lat="46.326803" lon="23.319401">
        <ele>1290.804</ele>
        <time>2023-02-19T09:42:12Z</time>
      </trkpt>
      <trkpt lat="46.326762" lon="23.319364">
        <ele>1291.014</ele>
        <time>2023-02-19T09:42:16Z</time>
      </trkpt>
      <trkpt lat="46.326729" lon="23.319317">
        <ele>1291.109</ele>
        <time>2023-02-19T09:42:20Z</time>
      </trkpt>
      <trkpt lat="46.326690" lon="23.319271">
        <ele>1291.596</ele>
        <time>2023-02-19T09:42:25Z</time>
      </trkpt>
      <trkpt lat="46.326648" lon="23.319232">
        <ele>1291.517</ele>
        <time>2023-02-19T09:42:31Z</time>
      </trkpt>
      <trkpt lat="46.326607" lon="23.319194">
        <ele>1291.751</ele>
        <time>2023-02-19T09:42:36Z</time>
      </trkpt>
      <trkpt lat="46.326562" lon="23.319134">
        <ele>1292.198</ele>
        <time>2023-02-19T09:42:40Z</time>
      </trkpt>
      <trkpt lat="46.326527" lon="23.319084">
        <ele>1293.018</ele>
        <time>2023-02-19T09:42:44Z</time>
      </trkpt>
      <trkpt lat="46.326491" lon="23.319031">
        <ele>1293.330</ele>
        <time>2023-02-19T09:42:48Z</time>
      </trkpt>
      <trkpt lat="46.326452" lon="23.318966">
        <ele>1293.896</ele>
        <time>2023-02-19T09:42:52Z</time>
      </trkpt>
      <trkpt lat="46.326424" lon="23.318915">
        <ele>1294.222</ele>
        <time>2023-02-19T09:42:56Z</time>
      </trkpt>
      <trkpt lat="46.326396" lon="23.318863">
        <ele>1294.954</ele>
        <time>2023-02-19T09:43:01Z</time>
      </trkpt>
      <trkpt lat="46.326365" lon="23.318797">
        <ele>1295.088</ele>
        <time>2023-02-19T09:43:06Z</time>
      </trkpt>
      <trkpt lat="46.326335" lon="23.318729">
        <ele>1295.624</ele>
        <time>2023-02-19T09:43:11Z</time>
      </trkpt>
      <trkpt lat="46.326310" lon="23.318670">
        <ele>1296.126</ele>
        <time>2023-02-19T09:43:15Z</time>
      </trkpt>
      <trkpt lat="46.326287" lon="23.318610">
        <ele>1296.709</ele>
        <time>2023-02-19T09:43:18Z</time>
      </trkpt>
      <trkpt lat="46.326259" lon="23.318539">
        <ele>1297.339</ele>
        <time>2023-02-19T09:43:22Z</time>
      </trkpt>
      <trkpt lat="46.326236" lon="23.318475">
        <ele>1297.990</ele>
        <time>2023-02-19T09:43:26Z</time>
      </trkpt>
      <trkpt lat="46.326226" lon="23.318408">
        <ele>1298.084</ele>
        <time>2023-02-19T09:43:31Z</time>
      </trkpt>
      <trkpt lat="46.326215" lon="23.318334">
        <ele>1298.351</ele>
        <time>2023-02-19T09:43:35Z</time>
      </trkpt>
      <trkpt lat="46.326203" lon="23.318260">
        <ele>1298.811</ele>
        <time>2023-02-19T09:43:40Z</time>
      </trkpt>
      <trkpt lat="46.326195" lon="23.318185">
        <ele>1298.973</ele>
        <time>2023-02-19T09:43:45Z</time>
      </trkpt>
      <trkpt lat="46.326189" lon="23.318115">
        <ele>1298.979</ele>
        <time>2023-02-19T09:43:50Z</time>
      </trkpt>
      <trkpt lat="46.326182" lon="23.318048">
        <ele>1299.085</ele>
        <time>2023-02-19T09:43:54Z</time>
      </trkpt>
      <trkpt lat="46.326170" lon="23.317969">
        <ele>1299.097</ele>
        <time>2023-02-19T09:43:58Z</time>
      </trkpt>
      <trkpt lat="46.326156" lon="23.317902">
        <ele>1298.737</ele>
        <time>2023-02-19T09:44:01Z</time>
      </trkpt>
      <trkpt lat="46.326135" lon="23.317824">
        <ele>1298.549</ele>
        <time>2023-02-19T09:44:05Z</time>
      </trkpt>
      <trkpt lat="46.326112" lon="23.317748">
        <ele>1298.113</ele>
        <time>2023-02-19T09:44:09Z</time>
      </trkpt>
      <trkpt lat="46.326088" lon="23.317687">
        <ele>1297.909</ele>
        <time>2023-02-19T09:44:12Z</time>
      </trkpt>
      <trkpt lat="46.326071" lon="23.317623">
        <ele>1297.624</ele>
        <time>2023-02-19T09:44:15Z</time>
      </trkpt>
      <trkpt lat="46.326066" lon="23.317546">
        <ele>1297.465</ele>
        <time>2023-02-19T09:44:20Z</time>
      </trkpt>
      <trkpt lat="46.326040" lon="23.317479">
        <ele>1297.249</ele>
        <time>2023-02-19T09:44:26Z</time>
      </trkpt>
      <trkpt lat="46.326008" lon="23.317428">
        <ele>1297.136</ele>
        <time>2023-02-19T09:44:30Z</time>
      </trkpt>
      <trkpt lat="46.325981" lon="23.317373">
        <ele>1297.166</ele>
        <time>2023-02-19T09:44:35Z</time>
      </trkpt>
      <trkpt lat="46.325960" lon="23.317314">
        <ele>1297.188</ele>
        <time>2023-02-19T09:44:41Z</time>
      </trkpt>
      <trkpt lat="46.325929" lon="23.317263">
        <ele>1297.234</ele>
        <time>2023-02-19T09:44:48Z</time>
      </trkpt>
      <trkpt lat="46.325884" lon="23.317220">
        <ele>1297.490</ele>
        <time>2023-02-19T09:44:58Z</time>
      </trkpt>
      <trkpt lat="46.325849" lon="23.317174">
        <ele>1297.862</ele>
        <time>2023-02-19T09:45:04Z</time>
      </trkpt>
      <trkpt lat="46.325848" lon="23.317098">
        <ele>1298.278</ele>
        <time>2023-02-19T09:45:10Z</time>
      </trkpt>
      <trkpt lat="46.325839" lon="23.317020">
        <ele>1298.633</ele>
        <time>2023-02-19T09:45:15Z</time>
      </trkpt>
      <trkpt lat="46.325833" lon="23.316952">
        <ele>1298.926</ele>
        <time>2023-02-19T09:45:21Z</time>
      </trkpt>
      <trkpt lat="46.325829" lon="23.316877">
        <ele>1299.509</ele>
        <time>2023-02-19T09:45:26Z</time>
      </trkpt>
      <trkpt lat="46.325821" lon="23.316808">
        <ele>1299.878</ele>
        <time>2023-02-19T09:45:30Z</time>
      </trkpt>
      <trkpt lat="46.325794" lon="23.316748">
        <ele>1300.389</ele>
        <time>2023-02-19T09:45:39Z</time>
      </trkpt>
      <trkpt lat="46.325760" lon="23.316701">
        <ele>1300.523</ele>
        <time>2023-02-19T09:45:45Z</time>
      </trkpt>
      <trkpt lat="46.325715" lon="23.316672">
        <ele>1301.020</ele>
        <time>2023-02-19T09:45:53Z</time>
      </trkpt>
      <trkpt lat="46.325673" lon="23.316643">
        <ele>1301.890</ele>
        <time>2023-02-19T09:45:59Z</time>
      </trkpt>
      <trkpt lat="46.325628" lon="23.316609">
        <ele>1302.052</ele>
        <time>2023-02-19T09:46:03Z</time>
      </trkpt>
      <trkpt lat="46.325595" lon="23.316556">
        <ele>1302.338</ele>
        <time>2023-02-19T09:46:09Z</time>
      </trkpt>
      <trkpt lat="46.325573" lon="23.316488">
        <ele>1302.534</ele>
        <time>2023-02-19T09:46:17Z</time>
      </trkpt>
      <trkpt lat="46.325563" lon="23.316416">
        <ele>1302.916</ele>
        <time>2023-02-19T09:46:22Z</time>
      </trkpt>
      <trkpt lat="46.325552" lon="23.316347">
        <ele>1304.126</ele>
        <time>2023-02-19T09:46:27Z</time>
      </trkpt>
      <trkpt lat="46.325529" lon="23.316276">
        <ele>1304.247</ele>
        <time>2023-02-19T09:46:35Z</time>
      </trkpt>
      <trkpt lat="46.325510" lon="23.316217">
        <ele>1304.511</ele>
        <time>2023-02-19T09:46:40Z</time>
      </trkpt>
      <trkpt lat="46.325502" lon="23.316149">
        <ele>1304.909</ele>
        <time>2023-02-19T09:46:47Z</time>
      </trkpt>
      <trkpt lat="46.325479" lon="23.316077">
        <ele>1305.013</ele>
        <time>2023-02-19T09:46:54Z</time>
      </trkpt>
      <trkpt lat="46.325454" lon="23.316014">
        <ele>1306.144</ele>
        <time>2023-02-19T09:46:58Z</time>
      </trkpt>
      <trkpt lat="46.325430" lon="23.315951">
        <ele>1306.538</ele>
        <time>2023-02-19T09:47:02Z</time>
      </trkpt>
      <trkpt lat="46.325415" lon="23.315883">
        <ele>1306.945</ele>
        <time>2023-02-19T09:47:11Z</time>
      </trkpt>
      <trkpt lat="46.325386" lon="23.315828">
        <ele>1307.295</ele>
        <time>2023-02-19T09:47:17Z</time>
      </trkpt>
      <trkpt lat="46.325358" lon="23.315772">
        <ele>1307.687</ele>
        <time>2023-02-19T09:47:25Z</time>
      </trkpt>
      <trkpt lat="46.325346" lon="23.315702">
        <ele>1307.963</ele>
        <time>2023-02-19T09:47:33Z</time>
      </trkpt>
      <trkpt lat="46.325322" lon="23.315639">
        <ele>1308.769</ele>
        <time>2023-02-19T09:47:38Z</time>
      </trkpt>
      <trkpt lat="46.325305" lon="23.315576">
        <ele>1309.361</ele>
        <time>2023-02-19T09:47:44Z</time>
      </trkpt>
      <trkpt lat="46.325291" lon="23.315498">
        <ele>1309.944</ele>
        <time>2023-02-19T09:47:48Z</time>
      </trkpt>
      <trkpt lat="46.325273" lon="23.315432">
        <ele>1310.405</ele>
        <time>2023-02-19T09:47:54Z</time>
      </trkpt>
      <trkpt lat="46.325252" lon="23.315370">
        <ele>1310.715</ele>
        <time>2023-02-19T09:47:58Z</time>
      </trkpt>
      <trkpt lat="46.325231" lon="23.315306">
        <ele>1311.409</ele>
        <time>2023-02-19T09:48:04Z</time>
      </trkpt>
      <trkpt lat="46.325207" lon="23.315240">
        <ele>1311.575</ele>
        <time>2023-02-19T09:48:08Z</time>
      </trkpt>
      <trkpt lat="46.325188" lon="23.315174">
        <ele>1311.686</ele>
        <time>2023-02-19T09:48:11Z</time>
      </trkpt>
      <trkpt lat="46.325168" lon="23.315102">
        <ele>1312.260</ele>
        <time>2023-02-19T09:48:16Z</time>
      </trkpt>
      <trkpt lat="46.325155" lon="23.315029">
        <ele>1312.797</ele>
        <time>2023-02-19T09:48:20Z</time>
      </trkpt>
      <trkpt lat="46.325142" lon="23.314963">
        <ele>1313.317</ele>
        <time>2023-02-19T09:48:31Z</time>
      </trkpt>
      <trkpt lat="46.325128" lon="23.314896">
        <ele>1313.629</ele>
        <time>2023-02-19T09:48:38Z</time>
      </trkpt>
      <trkpt lat="46.325099" lon="23.314844">
        <ele>1313.795</ele>
        <time>2023-02-19T09:48:43Z</time>
      </trkpt>
      <trkpt lat="46.325073" lon="23.314790">
        <ele>1313.891</ele>
        <time>2023-02-19T09:48:47Z</time>
      </trkpt>
      <trkpt lat="46.325058" lon="23.314709">
        <ele>1314.083</ele>
        <time>2023-02-19T09:48:52Z</time>
      </trkpt>
      <trkpt lat="46.325042" lon="23.314632">
        <ele>1314.696</ele>
        <time>2023-02-19T09:48:56Z</time>
      </trkpt>
      <trkpt lat="46.325023" lon="23.314568">
        <ele>1315.131</ele>
        <time>2023-02-19T09:49:02Z</time>
      </trkpt>
      <trkpt lat="46.325004" lon="23.314507">
        <ele>1315.124</ele>
        <time>2023-02-19T09:49:05Z</time>
      </trkpt>
      <trkpt lat="46.324981" lon="23.314431">
        <ele>1315.109</ele>
        <time>2023-02-19T09:49:08Z</time>
      </trkpt>
      <trkpt lat="46.324959" lon="23.314367">
        <ele>1315.350</ele>
        <time>2023-02-19T09:49:12Z</time>
      </trkpt>
      <trkpt lat="46.324937" lon="23.314303">
        <ele>1315.361</ele>
        <time>2023-02-19T09:49:17Z</time>
      </trkpt>
      <trkpt lat="46.324906" lon="23.314235">
        <ele>1315.365</ele>
        <time>2023-02-19T09:49:22Z</time>
      </trkpt>
      <trkpt lat="46.324879" lon="23.314181">
        <ele>1315.322</ele>
        <time>2023-02-19T09:49:26Z</time>
      </trkpt>
      <trkpt lat="46.324850" lon="23.314120">
        <ele>1315.332</ele>
        <time>2023-02-19T09:49:31Z</time>
      </trkpt>
      <trkpt lat="46.324823" lon="23.314060">
        <ele>1315.484</ele>
        <time>2023-02-19T09:49:35Z</time>
      </trkpt>
      <trkpt lat="46.324795" lon="23.314004">
        <ele>1315.560</ele>
        <time>2023-02-19T09:49:39Z</time>
      </trkpt>
      <trkpt lat="46.324769" lon="23.313948">
        <ele>1315.716</ele>
        <time>2023-02-19T09:49:44Z</time>
      </trkpt>
      <trkpt lat="46.324741" lon="23.313888">
        <ele>1315.868</ele>
        <time>2023-02-19T09:49:49Z</time>
      </trkpt>
      <trkpt lat="46.324710" lon="23.313827">
        <ele>1315.997</ele>
        <time>2023-02-19T09:49:55Z</time>
      </trkpt>
      <trkpt lat="46.324689" lon="23.313755">
        <ele>1315.823</ele>
        <time>2023-02-19T09:50:01Z</time>
      </trkpt>
      <trkpt lat="46.324647" lon="23.313709">
        <ele>1315.925</ele>
        <time>2023-02-19T09:50:08Z</time>
      </trkpt>
      <trkpt lat="46.324622" lon="23.313647">
        <ele>1316.209</ele>
        <time>2023-02-19T09:50:13Z</time>
      </trkpt>
      <trkpt lat="46.324598" lon="23.313581">
        <ele>1316.280</ele>
        <time>2023-02-19T09:50:19Z</time>
      </trkpt>
      <trkpt lat="46.324574" lon="23.313524">
        <ele>1316.531</ele>
        <time>2023-02-19T09:50:24Z</time>
      </trkpt>
      <trkpt lat="46.324544" lon="23.313461">
        <ele>1316.685</ele>
        <time>2023-02-19T09:50:28Z</time>
      </trkpt>
      <trkpt lat="46.324513" lon="23.313392">
        <ele>1316.612</ele>
        <time>2023-02-19T09:50:34Z</time>
      </trkpt>
      <trkpt lat="46.324479" lon="23.313307">
        <ele>1316.512</ele>
        <time>2023-02-19T09:50:37Z</time>
      </trkpt>
      <trkpt lat="46.324436" lon="23.313241">
        <ele>1316.364</ele>
        <time>2023-02-19T09:50:40Z</time>
      </trkpt>
      <trkpt lat="46.324408" lon="23.313184">
        <ele>1316.210</ele>
        <time>2023-02-19T09:50:43Z</time>
      </trkpt>
      <trkpt lat="46.324384" lon="23.313125">
        <ele>1316.436</ele>
        <time>2023-02-19T09:50:47Z</time>
      </trkpt>
      <trkpt lat="46.324348" lon="23.313079">
        <ele>1316.568</ele>
        <time>2023-02-19T09:50:53Z</time>
      </trkpt>
      <trkpt lat="46.324322" lon="23.313016">
        <ele>1316.433</ele>
        <time>2023-02-19T09:50:59Z</time>
      </trkpt>
      <trkpt lat="46.324294" lon="23.312961">
        <ele>1316.323</ele>
        <time>2023-02-19T09:51:04Z</time>
      </trkpt>
      <trkpt lat="46.324256" lon="23.312909">
        <ele>1315.915</ele>
        <time>2023-02-19T09:51:09Z</time>
      </trkpt>
      <trkpt lat="46.324225" lon="23.312861">
        <ele>1315.609</ele>
        <time>2023-02-19T09:51:13Z</time>
      </trkpt>
      <trkpt lat="46.324181" lon="23.312805">
        <ele>1315.164</ele>
        <time>2023-02-19T09:51:17Z</time>
      </trkpt>
      <trkpt lat="46.324137" lon="23.312760">
        <ele>1314.715</ele>
        <time>2023-02-19T09:51:22Z</time>
      </trkpt>
      <trkpt lat="46.324100" lon="23.312719">
        <ele>1314.469</ele>
        <time>2023-02-19T09:51:26Z</time>
      </trkpt>
      <trkpt lat="46.324055" lon="23.312672">
        <ele>1314.446</ele>
        <time>2023-02-19T09:51:30Z</time>
      </trkpt>
      <trkpt lat="46.324010" lon="23.312624">
        <ele>1314.446</ele>
        <time>2023-02-19T09:51:35Z</time>
      </trkpt>
      <trkpt lat="46.323979" lon="23.312576">
        <ele>1314.428</ele>
        <time>2023-02-19T09:51:39Z</time>
      </trkpt>
      <trkpt lat="46.323947" lon="23.312517">
        <ele>1314.494</ele>
        <time>2023-02-19T09:51:43Z</time>
      </trkpt>
      <trkpt lat="46.323921" lon="23.312445">
        <ele>1314.110</ele>
        <time>2023-02-19T09:51:48Z</time>
      </trkpt>
      <trkpt lat="46.323898" lon="23.312370">
        <ele>1313.192</ele>
        <time>2023-02-19T09:51:52Z</time>
      </trkpt>
      <trkpt lat="46.323885" lon="23.312304">
        <ele>1311.957</ele>
        <time>2023-02-19T09:51:56Z</time>
      </trkpt>
      <trkpt lat="46.323871" lon="23.312239">
        <ele>1311.800</ele>
        <time>2023-02-19T09:52:00Z</time>
      </trkpt>
      <trkpt lat="46.323865" lon="23.312173">
        <ele>1311.620</ele>
        <time>2023-02-19T09:52:04Z</time>
      </trkpt>
      <trkpt lat="46.323866" lon="23.312090">
        <ele>1311.609</ele>
        <time>2023-02-19T09:52:09Z</time>
      </trkpt>
      <trkpt lat="46.323881" lon="23.312010">
        <ele>1311.636</ele>
        <time>2023-02-19T09:52:14Z</time>
      </trkpt>
      <trkpt lat="46.323887" lon="23.311939">
        <ele>1311.917</ele>
        <time>2023-02-19T09:52:18Z</time>
      </trkpt>
      <trkpt lat="46.323907" lon="23.311869">
        <ele>1312.261</ele>
        <time>2023-02-19T09:52:24Z</time>
      </trkpt>
      <trkpt lat="46.323915" lon="23.311802">
        <ele>1312.438</ele>
        <time>2023-02-19T09:52:28Z</time>
      </trkpt>
      <trkpt lat="46.323920" lon="23.311734">
        <ele>1312.488</ele>
        <time>2023-02-19T09:52:32Z</time>
      </trkpt>
      <trkpt lat="46.323927" lon="23.311662">
        <ele>1312.430</ele>
        <time>2023-02-19T09:52:37Z</time>
      </trkpt>
      <trkpt lat="46.323922" lon="23.311595">
        <ele>1312.496</ele>
        <time>2023-02-19T09:52:43Z</time>
      </trkpt>
      <trkpt lat="46.323930" lon="23.311530">
        <ele>1312.412</ele>
        <time>2023-02-19T09:52:47Z</time>
      </trkpt>
      <trkpt lat="46.323933" lon="23.311461">
        <ele>1312.444</ele>
        <time>2023-02-19T09:52:53Z</time>
      </trkpt>
      <trkpt lat="46.323930" lon="23.311394">
        <ele>1312.525</ele>
        <time>2023-02-19T09:52:58Z</time>
      </trkpt>
      <trkpt lat="46.323915" lon="23.311322">
        <ele>1312.726</ele>
        <time>2023-02-19T09:53:04Z</time>
      </trkpt>
      <trkpt lat="46.323889" lon="23.311257">
        <ele>1313.008</ele>
        <time>2023-02-19T09:53:11Z</time>
      </trkpt>
      <trkpt lat="46.323872" lon="23.311193">
        <ele>1313.109</ele>
        <time>2023-02-19T09:53:15Z</time>
      </trkpt>
      <trkpt lat="46.323857" lon="23.311130">
        <ele>1313.173</ele>
        <time>2023-02-19T09:53:19Z</time>
      </trkpt>
      <trkpt lat="46.323844" lon="23.311060">
        <ele>1313.124</ele>
        <time>2023-02-19T09:53:23Z</time>
      </trkpt>
      <trkpt lat="46.323834" lon="23.310990">
        <ele>1313.198</ele>
        <time>2023-02-19T09:53:27Z</time>
      </trkpt>
      <trkpt lat="46.323820" lon="23.310924">
        <ele>1312.935</ele>
        <time>2023-02-19T09:53:31Z</time>
      </trkpt>
      <trkpt lat="46.323809" lon="23.310860">
        <ele>1312.655</ele>
        <time>2023-02-19T09:53:35Z</time>
      </trkpt>
      <trkpt lat="46.323796" lon="23.310785">
        <ele>1312.647</ele>
        <time>2023-02-19T09:53:40Z</time>
      </trkpt>
      <trkpt lat="46.323790" lon="23.310712">
        <ele>1312.983</ele>
        <time>2023-02-19T09:53:45Z</time>
      </trkpt>
      <trkpt lat="46.323783" lon="23.310640">
        <ele>1312.949</ele>
        <time>2023-02-19T09:53:50Z</time>
      </trkpt>
      <trkpt lat="46.323775" lon="23.310569">
        <ele>1313.011</ele>
        <time>2023-02-19T09:53:55Z</time>
      </trkpt>
      <trkpt lat="46.323760" lon="23.310502">
        <ele>1313.061</ele>
        <time>2023-02-19T09:54:00Z</time>
      </trkpt>
      <trkpt lat="46.323746" lon="23.310438">
        <ele>1312.821</ele>
        <time>2023-02-19T09:54:04Z</time>
      </trkpt>
      <trkpt lat="46.323722" lon="23.310380">
        <ele>1312.513</ele>
        <time>2023-02-19T09:54:08Z</time>
      </trkpt>
      <trkpt lat="46.323702" lon="23.310300">
        <ele>1312.009</ele>
        <time>2023-02-19T09:54:12Z</time>
      </trkpt>
      <trkpt lat="46.323676" lon="23.310223">
        <ele>1311.837</ele>
        <time>2023-02-19T09:54:16Z</time>
      </trkpt>
      <trkpt lat="46.323656" lon="23.310156">
        <ele>1311.288</ele>
        <time>2023-02-19T09:54:21Z</time>
      </trkpt>
      <trkpt lat="46.323639" lon="23.310092">
        <ele>1311.262</ele>
        <time>2023-02-19T09:54:26Z</time>
      </trkpt>
      <trkpt lat="46.323627" lon="23.310025">
        <ele>1311.369</ele>
        <time>2023-02-19T09:54:32Z</time>
      </trkpt>
      <trkpt lat="46.323608" lon="23.309952">
        <ele>1311.319</ele>
        <time>2023-02-19T09:54:37Z</time>
      </trkpt>
      <trkpt lat="46.323590" lon="23.309888">
        <ele>1311.321</ele>
        <time>2023-02-19T09:54:43Z</time>
      </trkpt>
      <trkpt lat="46.323578" lon="23.309821">
        <ele>1311.237</ele>
        <time>2023-02-19T09:54:50Z</time>
      </trkpt>
      <trkpt lat="46.323569" lon="23.309753">
        <ele>1311.183</ele>
        <time>2023-02-19T09:54:56Z</time>
      </trkpt>
      <trkpt lat="46.323578" lon="23.309681">
        <ele>1311.035</ele>
        <time>2023-02-19T09:55:01Z</time>
      </trkpt>
      <trkpt lat="46.323590" lon="23.309600">
        <ele>1310.947</ele>
        <time>2023-02-19T09:55:06Z</time>
      </trkpt>
      <trkpt lat="46.323616" lon="23.309532">
        <ele>1310.829</ele>
        <time>2023-02-19T09:55:10Z</time>
      </trkpt>
      <trkpt lat="46.323634" lon="23.309470">
        <ele>1310.621</ele>
        <time>2023-02-19T09:55:14Z</time>
      </trkpt>
      <trkpt lat="46.323637" lon="23.309400">
        <ele>1310.209</ele>
        <time>2023-02-19T09:55:19Z</time>
      </trkpt>
      <trkpt lat="46.323629" lon="23.309326">
        <ele>1309.815</ele>
        <time>2023-02-19T09:55:24Z</time>
      </trkpt>
      <trkpt lat="46.323625" lon="23.309256">
        <ele>1309.716</ele>
        <time>2023-02-19T09:55:29Z</time>
      </trkpt>
      <trkpt lat="46.323634" lon="23.309189">
        <ele>1309.650</ele>
        <time>2023-02-19T09:55:34Z</time>
      </trkpt>
      <trkpt lat="46.323627" lon="23.309119">
        <ele>1309.567</ele>
        <time>2023-02-19T09:55:41Z</time>
      </trkpt>
      <trkpt lat="46.323625" lon="23.309053">
        <ele>1309.387</ele>
        <time>2023-02-19T09:55:46Z</time>
      </trkpt>
      <trkpt lat="46.323634" lon="23.308975">
        <ele>1309.049</ele>
        <time>2023-02-19T09:55:51Z</time>
      </trkpt>
      <trkpt lat="46.323638" lon="23.308908">
        <ele>1308.755</ele>
        <time>2023-02-19T09:55:55Z</time>
      </trkpt>
      <trkpt lat="46.323645" lon="23.308840">
        <ele>1307.911</ele>
        <time>2023-02-19T09:55:59Z</time>
      </trkpt>
      <trkpt lat="46.323651" lon="23.308770">
        <ele>1306.943</ele>
        <time>2023-02-19T09:56:02Z</time>
      </trkpt>
      <trkpt lat="46.323659" lon="23.308694">
        <ele>1304.375</ele>
        <time>2023-02-19T09:56:06Z</time>
      </trkpt>
      <trkpt lat="46.323669" lon="23.308629">
        <ele>1304.028</ele>
        <time>2023-02-19T09:56:10Z</time>
      </trkpt>
      <trkpt lat="46.323680" lon="23.308562">
        <ele>1303.720</ele>
        <time>2023-02-19T09:56:14Z</time>
      </trkpt>
      <trkpt lat="46.323683" lon="23.308496">
        <ele>1303.609</ele>
        <time>2023-02-19T09:56:18Z</time>
      </trkpt>
      <trkpt lat="46.323675" lon="23.308423">
        <ele>1303.468</ele>
        <time>2023-02-19T09:56:22Z</time>
      </trkpt>
      <trkpt lat="46.323652" lon="23.308364">
        <ele>1303.369</ele>
        <time>2023-02-19T09:56:25Z</time>
      </trkpt>
      <trkpt lat="46.323648" lon="23.308293">
        <ele>1303.173</ele>
        <time>2023-02-19T09:56:36Z</time>
      </trkpt>
      <trkpt lat="46.323665" lon="23.308226">
        <ele>1302.750</ele>
        <time>2023-02-19T09:56:40Z</time>
      </trkpt>
      <trkpt lat="46.323680" lon="23.308143">
        <ele>1302.390</ele>
        <time>2023-02-19T09:56:46Z</time>
      </trkpt>
      <trkpt lat="46.323693" lon="23.308074">
        <ele>1301.962</ele>
        <time>2023-02-19T09:56:49Z</time>
      </trkpt>
      <trkpt lat="46.323712" lon="23.308003">
        <ele>1301.328</ele>
        <time>2023-02-19T09:56:54Z</time>
      </trkpt>
      <trkpt lat="46.323727" lon="23.307934">
        <ele>1300.584</ele>
        <time>2023-02-19T09:56:58Z</time>
      </trkpt>
      <trkpt lat="46.323744" lon="23.307862">
        <ele>1300.116</ele>
        <time>2023-02-19T09:57:02Z</time>
      </trkpt>
      <trkpt lat="46.323762" lon="23.307788">
        <ele>1299.938</ele>
        <time>2023-02-19T09:57:06Z</time>
      </trkpt>
      <trkpt lat="46.323785" lon="23.307732">
        <ele>1299.770</ele>
        <time>2023-02-19T09:57:09Z</time>
      </trkpt>
      <trkpt lat="46.323815" lon="23.307678">
        <ele>1299.617</ele>
        <time>2023-02-19T09:57:12Z</time>
      </trkpt>
      <trkpt lat="46.323851" lon="23.307613">
        <ele>1299.309</ele>
        <time>2023-02-19T09:57:15Z</time>
      </trkpt>
      <trkpt lat="46.323899" lon="23.307563">
        <ele>1298.864</ele>
        <time>2023-02-19T09:57:18Z</time>
      </trkpt>
      <trkpt lat="46.323940" lon="23.307517">
        <ele>1297.825</ele>
        <time>2023-02-19T09:57:22Z</time>
      </trkpt>
      <trkpt lat="46.323978" lon="23.307463">
        <ele>1296.459</ele>
        <time>2023-02-19T09:57:28Z</time>
      </trkpt>
      <trkpt lat="46.324011" lon="23.307404">
        <ele>1295.726</ele>
        <time>2023-02-19T09:57:34Z</time>
      </trkpt>
      <trkpt lat="46.324037" lon="23.307336">
        <ele>1295.166</ele>
        <time>2023-02-19T09:57:39Z</time>
      </trkpt>
      <trkpt lat="46.324061" lon="23.307269">
        <ele>1294.828</ele>
        <time>2023-02-19T09:57:43Z</time>
      </trkpt>
      <trkpt lat="46.324091" lon="23.307207">
        <ele>1294.644</ele>
        <time>2023-02-19T09:57:47Z</time>
      </trkpt>
      <trkpt lat="46.324127" lon="23.307140">
        <ele>1293.950</ele>
        <time>2023-02-19T09:57:51Z</time>
      </trkpt>
      <trkpt lat="46.324162" lon="23.307080">
        <ele>1293.762</ele>
        <time>2023-02-19T09:57:55Z</time>
      </trkpt>
      <trkpt lat="46.324190" lon="23.307021">
        <ele>1293.527</ele>
        <time>2023-02-19T09:57:59Z</time>
      </trkpt>
      <trkpt lat="46.324152" lon="23.306956">
        <ele>1291.368</ele>
        <time>2023-02-19T09:58:27Z</time>
      </trkpt>
      <trkpt lat="46.324169" lon="23.306888">
        <ele>1290.714</ele>
        <time>2023-02-19T09:58:32Z</time>
      </trkpt>
      <trkpt lat="46.324165" lon="23.306822">
        <ele>1289.409</ele>
        <time>2023-02-19T09:58:37Z</time>
      </trkpt>
      <trkpt lat="46.324173" lon="23.306745">
        <ele>1289.153</ele>
        <time>2023-02-19T09:58:42Z</time>
      </trkpt>
      <trkpt lat="46.324183" lon="23.306658">
        <ele>1288.594</ele>
        <time>2023-02-19T09:58:46Z</time>
      </trkpt>
      <trkpt lat="46.324191" lon="23.306575">
        <ele>1287.688</ele>
        <time>2023-02-19T09:58:49Z</time>
      </trkpt>
      <trkpt lat="46.324189" lon="23.306494">
        <ele>1287.085</ele>
        <time>2023-02-19T09:58:53Z</time>
      </trkpt>
      <trkpt lat="46.324189" lon="23.306417">
        <ele>1286.825</ele>
        <time>2023-02-19T09:58:57Z</time>
      </trkpt>
      <trkpt lat="46.324186" lon="23.306349">
        <ele>1286.637</ele>
        <time>2023-02-19T09:59:00Z</time>
      </trkpt>
      <trkpt lat="46.324169" lon="23.306279">
        <ele>1285.883</ele>
        <time>2023-02-19T09:59:05Z</time>
      </trkpt>
      <trkpt lat="46.324155" lon="23.306204">
        <ele>1285.269</ele>
        <time>2023-02-19T09:59:10Z</time>
      </trkpt>
      <trkpt lat="46.324139" lon="23.306131">
        <ele>1284.191</ele>
        <time>2023-02-19T09:59:14Z</time>
      </trkpt>
      <trkpt lat="46.324123" lon="23.306066">
        <ele>1283.563</ele>
        <time>2023-02-19T09:59:21Z</time>
      </trkpt>
      <trkpt lat="46.324110" lon="23.306000">
        <ele>1283.244</ele>
        <time>2023-02-19T09:59:25Z</time>
      </trkpt>
      <trkpt lat="46.324105" lon="23.305930">
        <ele>1281.418</ele>
        <time>2023-02-19T09:59:36Z</time>
      </trkpt>
      <trkpt lat="46.324096" lon="23.305860">
        <ele>1280.309</ele>
        <time>2023-02-19T09:59:47Z</time>
      </trkpt>
      <trkpt lat="46.324088" lon="23.305777">
        <ele>1280.227</ele>
        <time>2023-02-19T09:59:52Z</time>
      </trkpt>
      <trkpt lat="46.324073" lon="23.305714">
        <ele>1279.878</ele>
        <time>2023-02-19T09:59:59Z</time>
      </trkpt>
      <trkpt lat="46.324051" lon="23.305644">
        <ele>1279.892</ele>
        <time>2023-02-19T10:00:03Z</time>
      </trkpt>
      <trkpt lat="46.324029" lon="23.305581">
        <ele>1279.999</ele>
        <time>2023-02-19T10:00:06Z</time>
      </trkpt>
      <trkpt lat="46.324005" lon="23.305509">
        <ele>1279.559</ele>
        <time>2023-02-19T10:00:10Z</time>
      </trkpt>
      <trkpt lat="46.323985" lon="23.305426">
        <ele>1279.471</ele>
        <time>2023-02-19T10:00:13Z</time>
      </trkpt>
      <trkpt lat="46.323974" lon="23.305346">
        <ele>1279.657</ele>
        <time>2023-02-19T10:00:16Z</time>
      </trkpt>
      <trkpt lat="46.323962" lon="23.305267">
        <ele>1279.683</ele>
        <time>2023-02-19T10:00:20Z</time>
      </trkpt>
      <trkpt lat="46.323956" lon="23.305194">
        <ele>1279.825</ele>
        <time>2023-02-19T10:00:24Z</time>
      </trkpt>
      <trkpt lat="46.323957" lon="23.305117">
        <ele>1280.182</ele>
        <time>2023-02-19T10:00:28Z</time>
      </trkpt>
      <trkpt lat="46.323953" lon="23.305041">
        <ele>1280.343</ele>
        <time>2023-02-19T10:00:32Z</time>
      </trkpt>
      <trkpt lat="46.323960" lon="23.304967">
        <ele>1280.417</ele>
        <time>2023-02-19T10:00:36Z</time>
      </trkpt>
      <trkpt lat="46.323965" lon="23.304889">
        <ele>1280.509</ele>
        <time>2023-02-19T10:00:41Z</time>
      </trkpt>
      <trkpt lat="46.323962" lon="23.304820">
        <ele>1280.459</ele>
        <time>2023-02-19T10:00:46Z</time>
      </trkpt>
      <trkpt lat="46.323992" lon="23.304765">
        <ele>1280.290</ele>
        <time>2023-02-19T10:00:51Z</time>
      </trkpt>
      <trkpt lat="46.324012" lon="23.304690">
        <ele>1280.264</ele>
        <time>2023-02-19T10:00:56Z</time>
      </trkpt>
      <trkpt lat="46.324031" lon="23.304616">
        <ele>1280.221</ele>
        <time>2023-02-19T10:01:01Z</time>
      </trkpt>
      <trkpt lat="46.324053" lon="23.304551">
        <ele>1280.431</ele>
        <time>2023-02-19T10:01:06Z</time>
      </trkpt>
      <trkpt lat="46.324077" lon="23.304481">
        <ele>1281.093</ele>
        <time>2023-02-19T10:01:11Z</time>
      </trkpt>
      <trkpt lat="46.324099" lon="23.304424">
        <ele>1283.149</ele>
        <time>2023-02-19T10:01:15Z</time>
      </trkpt>
      <trkpt lat="46.324124" lon="23.304354">
        <ele>1283.885</ele>
        <time>2023-02-19T10:01:19Z</time>
      </trkpt>
      <trkpt lat="46.324154" lon="23.304298">
        <ele>1284.177</ele>
        <time>2023-02-19T10:01:23Z</time>
      </trkpt>
      <trkpt lat="46.324177" lon="23.304233">
        <ele>1284.388</ele>
        <time>2023-02-19T10:01:27Z</time>
      </trkpt>
      <trkpt lat="46.324196" lon="23.304169">
        <ele>1284.224</ele>
        <time>2023-02-19T10:01:31Z</time>
      </trkpt>
      <trkpt lat="46.324202" lon="23.304099">
        <ele>1282.526</ele>
        <time>2023-02-19T10:01:47Z</time>
      </trkpt>
      <trkpt lat="46.324212" lon="23.304032">
        <ele>1282.409</ele>
        <time>2023-02-19T10:01:51Z</time>
      </trkpt>
      <trkpt lat="46.324225" lon="23.303969">
        <ele>1282.139</ele>
        <time>2023-02-19T10:01:55Z</time>
      </trkpt>
      <trkpt lat="46.324234" lon="23.303902">
        <ele>1282.090</ele>
        <time>2023-02-19T10:02:00Z</time>
      </trkpt>
      <trkpt lat="46.324207" lon="23.303844">
        <ele>1282.254</ele>
        <time>2023-02-19T10:02:14Z</time>
      </trkpt>
      <trkpt lat="46.324190" lon="23.303768">
        <ele>1282.581</ele>
        <time>2023-02-19T10:02:19Z</time>
      </trkpt>
      <trkpt lat="46.324188" lon="23.303687">
        <ele>1282.761</ele>
        <time>2023-02-19T10:02:23Z</time>
      </trkpt>
      <trkpt lat="46.324186" lon="23.303596">
        <ele>1283.463</ele>
        <time>2023-02-19T10:02:27Z</time>
      </trkpt>
      <trkpt lat="46.324182" lon="23.303530">
        <ele>1283.659</ele>
        <time>2023-02-19T10:02:30Z</time>
      </trkpt>
      <trkpt lat="46.324176" lon="23.303460">
        <ele>1284.245</ele>
        <time>2023-02-19T10:02:34Z</time>
      </trkpt>
      <trkpt lat="46.324160" lon="23.303381">
        <ele>1284.277</ele>
        <time>2023-02-19T10:02:38Z</time>
      </trkpt>
      <trkpt lat="46.324145" lon="23.303297">
        <ele>1284.283</ele>
        <time>2023-02-19T10:02:42Z</time>
      </trkpt>
      <trkpt lat="46.324138" lon="23.303224">
        <ele>1284.225</ele>
        <time>2023-02-19T10:02:47Z</time>
      </trkpt>
      <trkpt lat="46.324132" lon="23.303155">
        <ele>1284.217</ele>
        <time>2023-02-19T10:02:51Z</time>
      </trkpt>
      <trkpt lat="46.324143" lon="23.303089">
        <ele>1283.909</ele>
        <time>2023-02-19T10:02:55Z</time>
      </trkpt>
      <trkpt lat="46.324142" lon="23.303019">
        <ele>1283.879</ele>
        <time>2023-02-19T10:02:59Z</time>
      </trkpt>
      <trkpt lat="46.324145" lon="23.302949">
        <ele>1283.730</ele>
        <time>2023-02-19T10:03:03Z</time>
      </trkpt>
      <trkpt lat="46.324151" lon="23.302874">
        <ele>1283.464</ele>
        <time>2023-02-19T10:03:07Z</time>
      </trkpt>
      <trkpt lat="46.324154" lon="23.302797">
        <ele>1282.411</ele>
        <time>2023-02-19T10:03:11Z</time>
      </trkpt>
      <trkpt lat="46.324163" lon="23.302718">
        <ele>1282.191</ele>
        <time>2023-02-19T10:03:15Z</time>
      </trkpt>
      <trkpt lat="46.324165" lon="23.302648">
        <ele>1281.783</ele>
        <time>2023-02-19T10:03:19Z</time>
      </trkpt>
      <trkpt lat="46.324166" lon="23.302563">
        <ele>1281.279</ele>
        <time>2023-02-19T10:03:24Z</time>
      </trkpt>
      <trkpt lat="46.324165" lon="23.302487">
        <ele>1280.965</ele>
        <time>2023-02-19T10:03:28Z</time>
      </trkpt>
      <trkpt lat="46.324154" lon="23.302410">
        <ele>1280.977</ele>
        <time>2023-02-19T10:03:32Z</time>
      </trkpt>
      <trkpt lat="46.324134" lon="23.302338">
        <ele>1280.947</ele>
        <time>2023-02-19T10:03:36Z</time>
      </trkpt>
      <trkpt lat="46.324112" lon="23.302271">
        <ele>1280.929</ele>
        <time>2023-02-19T10:03:40Z</time>
      </trkpt>
      <trkpt lat="46.324083" lon="23.302213">
        <ele>1281.621</ele>
        <time>2023-02-19T10:03:44Z</time>
      </trkpt>
      <trkpt lat="46.324054" lon="23.302158">
        <ele>1282.009</ele>
        <time>2023-02-19T10:03:49Z</time>
      </trkpt>
      <trkpt lat="46.324025" lon="23.302105">
        <ele>1282.235</ele>
        <time>2023-02-19T10:03:53Z</time>
      </trkpt>
      <trkpt lat="46.323988" lon="23.302050">
        <ele>1282.496</ele>
        <time>2023-02-19T10:03:58Z</time>
      </trkpt>
      <trkpt lat="46.323960" lon="23.301992">
        <ele>1282.790</ele>
        <time>2023-02-19T10:04:10Z</time>
      </trkpt>
      <trkpt lat="46.323932" lon="23.301938">
        <ele>1284.367</ele>
        <time>2023-02-19T10:04:19Z</time>
      </trkpt>
      <trkpt lat="46.323920" lon="23.301860">
        <ele>1285.577</ele>
        <time>2023-02-19T10:04:26Z</time>
      </trkpt>
      <trkpt lat="46.323907" lon="23.301797">
        <ele>1286.049</ele>
        <time>2023-02-19T10:04:30Z</time>
      </trkpt>
      <trkpt lat="46.323913" lon="23.301719">
        <ele>1286.395</ele>
        <time>2023-02-19T10:04:36Z</time>
      </trkpt>
      <trkpt lat="46.323917" lon="23.301654">
        <ele>1286.741</ele>
        <time>2023-02-19T10:04:39Z</time>
      </trkpt>
      <trkpt lat="46.323930" lon="23.301589">
        <ele>1286.853</ele>
        <time>2023-02-19T10:04:42Z</time>
      </trkpt>
      <trkpt lat="46.323950" lon="23.301517">
        <ele>1285.795</ele>
        <time>2023-02-19T10:04:45Z</time>
      </trkpt>
      <trkpt lat="46.323978" lon="23.301441">
        <ele>1284.949</ele>
        <time>2023-02-19T10:04:49Z</time>
      </trkpt>
      <trkpt lat="46.324004" lon="23.301386">
        <ele>1283.423</ele>
        <time>2023-02-19T10:04:53Z</time>
      </trkpt>
      <trkpt lat="46.324041" lon="23.301331">
        <ele>1282.309</ele>
        <time>2023-02-19T10:04:58Z</time>
      </trkpt>
      <trkpt lat="46.324080" lon="23.301290">
        <ele>1281.870</ele>
        <time>2023-02-19T10:05:02Z</time>
      </trkpt>
      <trkpt lat="46.324126" lon="23.301251">
        <ele>1280.841</ele>
        <time>2023-02-19T10:05:06Z</time>
      </trkpt>
      <trkpt lat="46.324181" lon="23.301227">
        <ele>1280.125</ele>
        <time>2023-02-19T10:05:10Z</time>
      </trkpt>
      <trkpt lat="46.324228" lon="23.301205">
        <ele>1279.192</ele>
        <time>2023-02-19T10:05:13Z</time>
      </trkpt>
      <trkpt lat="46.324281" lon="23.301189">
        <ele>1276.852</ele>
        <time>2023-02-19T10:05:17Z</time>
      </trkpt>
      <trkpt lat="46.324326" lon="23.301176">
        <ele>1276.584</ele>
        <time>2023-02-19T10:05:22Z</time>
      </trkpt>
      <trkpt lat="46.324372" lon="23.301161">
        <ele>1276.140</ele>
        <time>2023-02-19T10:05:26Z</time>
      </trkpt>
      <trkpt lat="46.324417" lon="23.301146">
        <ele>1275.786</ele>
        <time>2023-02-19T10:05:30Z</time>
      </trkpt>
      <trkpt lat="46.324464" lon="23.301127">
        <ele>1275.628</ele>
        <time>2023-02-19T10:05:34Z</time>
      </trkpt>
      <trkpt lat="46.324511" lon="23.301103">
        <ele>1275.515</ele>
        <time>2023-02-19T10:05:38Z</time>
      </trkpt>
      <trkpt lat="46.324560" lon="23.301072">
        <ele>1274.965</ele>
        <time>2023-02-19T10:05:52Z</time>
      </trkpt>
      <trkpt lat="46.324606" lon="23.301044">
        <ele>1274.811</ele>
        <time>2023-02-19T10:05:56Z</time>
      </trkpt>
      <trkpt lat="46.324656" lon="23.301048">
        <ele>1274.709</ele>
        <time>2023-02-19T10:06:00Z</time>
      </trkpt>
      <trkpt lat="46.324703" lon="23.301050">
        <ele>1274.192</ele>
        <time>2023-02-19T10:06:04Z</time>
      </trkpt>
      <trkpt lat="46.324764" lon="23.301053">
        <ele>1273.123</ele>
        <time>2023-02-19T10:06:10Z</time>
      </trkpt>
      <trkpt lat="46.324812" lon="23.301062">
        <ele>1272.697</ele>
        <time>2023-02-19T10:06:13Z</time>
      </trkpt>
      <trkpt lat="46.324865" lon="23.301075">
        <ele>1272.154</ele>
        <time>2023-02-19T10:06:17Z</time>
      </trkpt>
      <trkpt lat="46.324915" lon="23.301076">
        <ele>1271.664</ele>
        <time>2023-02-19T10:06:21Z</time>
      </trkpt>
      <trkpt lat="46.324961" lon="23.301079">
        <ele>1271.586</ele>
        <time>2023-02-19T10:06:24Z</time>
      </trkpt>
      <trkpt lat="46.325016" lon="23.301081">
        <ele>1271.352</ele>
        <time>2023-02-19T10:06:27Z</time>
      </trkpt>
      <trkpt lat="46.325069" lon="23.301057">
        <ele>1270.898</ele>
        <time>2023-02-19T10:06:30Z</time>
      </trkpt>
      <trkpt lat="46.325123" lon="23.301030">
        <ele>1270.690</ele>
        <time>2023-02-19T10:06:33Z</time>
      </trkpt>
      <trkpt lat="46.325169" lon="23.301001">
        <ele>1270.191</ele>
        <time>2023-02-19T10:06:36Z</time>
      </trkpt>
      <trkpt lat="46.325212" lon="23.300971">
        <ele>1270.181</ele>
        <time>2023-02-19T10:06:39Z</time>
      </trkpt>
      <trkpt lat="46.325262" lon="23.300936">
        <ele>1269.819</ele>
        <time>2023-02-19T10:06:44Z</time>
      </trkpt>
      <trkpt lat="46.325302" lon="23.300894">
        <ele>1269.509</ele>
        <time>2023-02-19T10:06:49Z</time>
      </trkpt>
      <trkpt lat="46.325332" lon="23.300844">
        <ele>1269.340</ele>
        <time>2023-02-19T10:06:53Z</time>
      </trkpt>
      <trkpt lat="46.325357" lon="23.300782">
        <ele>1268.991</ele>
        <time>2023-02-19T10:06:57Z</time>
      </trkpt>
      <trkpt lat="46.325375" lon="23.300712">
        <ele>1268.955</ele>
        <time>2023-02-19T10:07:01Z</time>
      </trkpt>
      <trkpt lat="46.325403" lon="23.300647">
        <ele>1268.932</ele>
        <time>2023-02-19T10:07:06Z</time>
      </trkpt>
      <trkpt lat="46.325429" lon="23.300585">
        <ele>1268.842</ele>
        <time>2023-02-19T10:07:10Z</time>
      </trkpt>
      <trkpt lat="46.325455" lon="23.300524">
        <ele>1268.794</ele>
        <time>2023-02-19T10:07:14Z</time>
      </trkpt>
      <trkpt lat="46.325483" lon="23.300469">
        <ele>1268.820</ele>
        <time>2023-02-19T10:07:18Z</time>
      </trkpt>
      <trkpt lat="46.325517" lon="23.300411">
        <ele>1268.816</ele>
        <time>2023-02-19T10:07:22Z</time>
      </trkpt>
      <trkpt lat="46.325551" lon="23.300349">
        <ele>1268.838</ele>
        <time>2023-02-19T10:07:26Z</time>
      </trkpt>
      <trkpt lat="46.325595" lon="23.300298">
        <ele>1268.858</ele>
        <time>2023-02-19T10:07:30Z</time>
      </trkpt>
      <trkpt lat="46.325630" lon="23.300256">
        <ele>1268.852</ele>
        <time>2023-02-19T10:07:33Z</time>
      </trkpt>
      <trkpt lat="46.325668" lon="23.300218">
        <ele>1268.417</ele>
        <time>2023-02-19T10:07:37Z</time>
      </trkpt>
      <trkpt lat="46.325713" lon="23.300175">
        <ele>1267.809</ele>
        <time>2023-02-19T10:07:41Z</time>
      </trkpt>
      <trkpt lat="46.325750" lon="23.300135">
        <ele>1267.686</ele>
        <time>2023-02-19T10:07:44Z</time>
      </trkpt>
      <trkpt lat="46.325792" lon="23.300093">
        <ele>1267.467</ele>
        <time>2023-02-19T10:07:49Z</time>
      </trkpt>
      <trkpt lat="46.325811" lon="23.300027">
        <ele>1266.361</ele>
        <time>2023-02-19T10:07:54Z</time>
      </trkpt>
      <trkpt lat="46.325852" lon="23.299982">
        <ele>1265.528</ele>
        <time>2023-02-19T10:08:00Z</time>
      </trkpt>
      <trkpt lat="46.325895" lon="23.299936">
        <ele>1264.898</ele>
        <time>2023-02-19T10:08:04Z</time>
      </trkpt>
      <trkpt lat="46.325936" lon="23.299880">
        <ele>1264.180</ele>
        <time>2023-02-19T10:08:07Z</time>
      </trkpt>
      <trkpt lat="46.325970" lon="23.299816">
        <ele>1263.686</ele>
        <time>2023-02-19T10:08:11Z</time>
      </trkpt>
      <trkpt lat="46.326009" lon="23.299769">
        <ele>1262.652</ele>
        <time>2023-02-19T10:08:16Z</time>
      </trkpt>
      <trkpt lat="46.325977" lon="23.299718">
        <ele>1261.634</ele>
        <time>2023-02-19T10:08:22Z</time>
      </trkpt>
      <trkpt lat="46.326005" lon="23.299660">
        <ele>1260.449</ele>
        <time>2023-02-19T10:08:28Z</time>
      </trkpt>
      <trkpt lat="46.326032" lon="23.299600">
        <ele>1260.102</ele>
        <time>2023-02-19T10:08:32Z</time>
      </trkpt>
      <trkpt lat="46.326061" lon="23.299534">
        <ele>1259.922</ele>
        <time>2023-02-19T10:08:35Z</time>
      </trkpt>
      <trkpt lat="46.326097" lon="23.299457">
        <ele>1259.309</ele>
        <time>2023-02-19T10:08:38Z</time>
      </trkpt>
      <trkpt lat="46.326125" lon="23.299401">
        <ele>1259.095</ele>
        <time>2023-02-19T10:08:41Z</time>
      </trkpt>
      <trkpt lat="46.326154" lon="23.299334">
        <ele>1258.136</ele>
        <time>2023-02-19T10:08:45Z</time>
      </trkpt>
      <trkpt lat="46.326173" lon="23.299272">
        <ele>1257.950</ele>
        <time>2023-02-19T10:08:48Z</time>
      </trkpt>
      <trkpt lat="46.326193" lon="23.299213">
        <ele>1257.717</ele>
        <time>2023-02-19T10:08:51Z</time>
      </trkpt>
      <trkpt lat="46.326212" lon="23.299144">
        <ele>1257.377</ele>
        <time>2023-02-19T10:08:55Z</time>
      </trkpt>
      <trkpt lat="46.326229" lon="23.299077">
        <ele>1257.069</ele>
        <time>2023-02-19T10:08:59Z</time>
      </trkpt>
      <trkpt lat="46.326240" lon="23.299006">
        <ele>1256.385</ele>
        <time>2023-02-19T10:09:03Z</time>
      </trkpt>
      <trkpt lat="46.326256" lon="23.298937">
        <ele>1256.111</ele>
        <time>2023-02-19T10:09:08Z</time>
      </trkpt>
      <trkpt lat="46.326269" lon="23.298866">
        <ele>1255.753</ele>
        <time>2023-02-19T10:09:12Z</time>
      </trkpt>
      <trkpt lat="46.326270" lon="23.298785">
        <ele>1255.161</ele>
        <time>2023-02-19T10:09:16Z</time>
      </trkpt>
      <trkpt lat="46.326272" lon="23.298712">
        <ele>1254.621</ele>
        <time>2023-02-19T10:09:21Z</time>
      </trkpt>
      <trkpt lat="46.326290" lon="23.298639">
        <ele>1253.513</ele>
        <time>2023-02-19T10:09:26Z</time>
      </trkpt>
      <trkpt lat="46.326303" lon="23.298576">
        <ele>1253.409</ele>
        <time>2023-02-19T10:09:30Z</time>
      </trkpt>
      <trkpt lat="46.326314" lon="23.298511">
        <ele>1253.267</ele>
        <time>2023-02-19T10:09:35Z</time>
      </trkpt>
      <trkpt lat="46.326325" lon="23.298443">
        <ele>1252.858</ele>
        <time>2023-02-19T10:09:40Z</time>
      </trkpt>
      <trkpt lat="46.326335" lon="23.298368">
        <ele>1252.832</ele>
        <time>2023-02-19T10:09:45Z</time>
      </trkpt>
      <trkpt lat="46.326358" lon="23.298310">
        <ele>1252.639</ele>
        <time>2023-02-19T10:09:50Z</time>
      </trkpt>
      <trkpt lat="46.326332" lon="23.298249">
        <ele>1252.089</ele>
        <time>2023-02-19T10:10:21Z</time>
      </trkpt>
      <trkpt lat="46.326343" lon="23.298174">
        <ele>1251.931</ele>
        <time>2023-02-19T10:10:26Z</time>
      </trkpt>
      <trkpt lat="46.326355" lon="23.298088">
        <ele>1251.787</ele>
        <time>2023-02-19T10:10:30Z</time>
      </trkpt>
      <trkpt lat="46.326367" lon="23.298015">
        <ele>1251.513</ele>
        <time>2023-02-19T10:10:34Z</time>
      </trkpt>
      <trkpt lat="46.326382" lon="23.297949">
        <ele>1251.365</ele>
        <time>2023-02-19T10:10:36Z</time>
      </trkpt>
      <trkpt lat="46.326403" lon="23.297883">
        <ele>1250.518</ele>
        <time>2023-02-19T10:10:39Z</time>
      </trkpt>
      <trkpt lat="46.326422" lon="23.297818">
        <ele>1250.298</ele>
        <time>2023-02-19T10:10:42Z</time>
      </trkpt>
      <trkpt lat="46.326437" lon="23.297751">
        <ele>1250.117</ele>
        <time>2023-02-19T10:10:45Z</time>
      </trkpt>
      <trkpt lat="46.326455" lon="23.297673">
        <ele>1249.409</ele>
        <time>2023-02-19T10:10:49Z</time>
      </trkpt>
      <trkpt lat="46.326475" lon="23.297599">
        <ele>1249.212</ele>
        <time>2023-02-19T10:10:54Z</time>
      </trkpt>
      <trkpt lat="46.326487" lon="23.297532">
        <ele>1248.813</ele>
        <time>2023-02-19T10:10:58Z</time>
      </trkpt>
      <trkpt lat="46.326486" lon="23.297454">
        <ele>1248.437</ele>
        <time>2023-02-19T10:11:04Z</time>
      </trkpt>
      <trkpt lat="46.326470" lon="23.297388">
        <ele>1248.454</ele>
        <time>2023-02-19T10:11:13Z</time>
      </trkpt>
      <trkpt lat="46.326450" lon="23.297325">
        <ele>1248.424</ele>
        <time>2023-02-19T10:11:19Z</time>
      </trkpt>
      <trkpt lat="46.326425" lon="23.297259">
        <ele>1248.766</ele>
        <time>2023-02-19T10:11:24Z</time>
      </trkpt>
      <trkpt lat="46.326414" lon="23.297178">
        <ele>1249.232</ele>
        <time>2023-02-19T10:11:28Z</time>
      </trkpt>
      <trkpt lat="46.326400" lon="23.297112">
        <ele>1249.528</ele>
        <time>2023-02-19T10:11:33Z</time>
      </trkpt>
      <trkpt lat="46.326375" lon="23.297043">
        <ele>1249.630</ele>
        <time>2023-02-19T10:11:38Z</time>
      </trkpt>
      <trkpt lat="46.326356" lon="23.296981">
        <ele>1250.171</ele>
        <time>2023-02-19T10:11:43Z</time>
      </trkpt>
      <trkpt lat="46.326332" lon="23.296899">
        <ele>1250.241</ele>
        <time>2023-02-19T10:11:46Z</time>
      </trkpt>
      <trkpt lat="46.326309" lon="23.296823">
        <ele>1250.315</ele>
        <time>2023-02-19T10:11:49Z</time>
      </trkpt>
      <trkpt lat="46.326291" lon="23.296761">
        <ele>1250.309</ele>
        <time>2023-02-19T10:11:53Z</time>
      </trkpt>
      <trkpt lat="46.326271" lon="23.296689">
        <ele>1250.448</ele>
        <time>2023-02-19T10:11:57Z</time>
      </trkpt>
      <trkpt lat="46.326252" lon="23.296629">
        <ele>1250.629</ele>
        <time>2023-02-19T10:12:01Z</time>
      </trkpt>
      <trkpt lat="46.326234" lon="23.296563">
        <ele>1250.713</ele>
        <time>2023-02-19T10:12:06Z</time>
      </trkpt>
      <trkpt lat="46.326221" lon="23.296491">
        <ele>1250.840</ele>
        <time>2023-02-19T10:12:11Z</time>
      </trkpt>
      <trkpt lat="46.326203" lon="23.296427">
        <ele>1250.830</ele>
        <time>2023-02-19T10:12:28Z</time>
      </trkpt>
      <trkpt lat="46.326186" lon="23.296354">
        <ele>1250.912</ele>
        <time>2023-02-19T10:12:34Z</time>
      </trkpt>
      <trkpt lat="46.326155" lon="23.296282">
        <ele>1251.098</ele>
        <time>2023-02-19T10:12:39Z</time>
      </trkpt>
      <trkpt lat="46.326134" lon="23.296219">
        <ele>1251.164</ele>
        <time>2023-02-19T10:12:43Z</time>
      </trkpt>
      <trkpt lat="46.326115" lon="23.296152">
        <ele>1251.376</ele>
        <time>2023-02-19T10:12:48Z</time>
      </trkpt>
      <trkpt lat="46.326094" lon="23.296079">
        <ele>1251.736</ele>
        <time>2023-02-19T10:12:52Z</time>
      </trkpt>
      <trkpt lat="46.326078" lon="23.296013">
        <ele>1251.817</ele>
        <time>2023-02-19T10:12:55Z</time>
      </trkpt>
      <trkpt lat="46.326066" lon="23.295941">
        <ele>1252.018</ele>
        <time>2023-02-19T10:12:59Z</time>
      </trkpt>
      <trkpt lat="46.326047" lon="23.295876">
        <ele>1252.509</ele>
        <time>2023-02-19T10:13:05Z</time>
      </trkpt>
      <trkpt lat="46.326024" lon="23.295816">
        <ele>1252.774</ele>
        <time>2023-02-19T10:13:10Z</time>
      </trkpt>
      <trkpt lat="46.326007" lon="23.295753">
        <ele>1253.225</ele>
        <time>2023-02-19T10:13:17Z</time>
      </trkpt>
      <trkpt lat="46.326013" lon="23.295686">
        <ele>1253.559</ele>
        <time>2023-02-19T10:13:26Z</time>
      </trkpt>
      <trkpt lat="46.326012" lon="23.295613">
        <ele>1253.796</ele>
        <time>2023-02-19T10:13:34Z</time>
      </trkpt>
      <trkpt lat="46.326008" lon="23.295544">
        <ele>1253.986</ele>
        <time>2023-02-19T10:13:38Z</time>
      </trkpt>
      <trkpt lat="46.326004" lon="23.295469">
        <ele>1254.218</ele>
        <time>2023-02-19T10:13:46Z</time>
      </trkpt>
      <trkpt lat="46.325981" lon="23.295403">
        <ele>1254.814</ele>
        <time>2023-02-19T10:13:52Z</time>
      </trkpt>
      <trkpt lat="46.325951" lon="23.295347">
        <ele>1255.460</ele>
        <time>2023-02-19T10:13:57Z</time>
      </trkpt>
      <trkpt lat="46.325920" lon="23.295280">
        <ele>1256.542</ele>
        <time>2023-02-19T10:14:06Z</time>
      </trkpt>
      <trkpt lat="46.325900" lon="23.295220">
        <ele>1256.965</ele>
        <time>2023-02-19T10:14:11Z</time>
      </trkpt>
      <trkpt lat="46.325881" lon="23.295152">
        <ele>1257.168</ele>
        <time>2023-02-19T10:14:15Z</time>
      </trkpt>
      <trkpt lat="46.325867" lon="23.295082">
        <ele>1257.614</ele>
        <time>2023-02-19T10:14:23Z</time>
      </trkpt>
      <trkpt lat="46.325850" lon="23.295009">
        <ele>1257.709</ele>
        <time>2023-02-19T10:14:28Z</time>
      </trkpt>
      <trkpt lat="46.325834" lon="23.294945">
        <ele>1258.117</ele>
        <time>2023-02-19T10:14:35Z</time>
      </trkpt>
      <trkpt lat="46.325825" lon="23.294871">
        <ele>1258.218</ele>
        <time>2023-02-19T10:14:41Z</time>
      </trkpt>
      <trkpt lat="46.325816" lon="23.294805">
        <ele>1258.682</ele>
        <time>2023-02-19T10:14:48Z</time>
      </trkpt>
      <trkpt lat="46.325784" lon="23.294744">
        <ele>1259.579</ele>
        <time>2023-02-19T10:14:55Z</time>
      </trkpt>
      <trkpt lat="46.325743" lon="23.294708">
        <ele>1260.479</ele>
        <time>2023-02-19T10:15:09Z</time>
      </trkpt>
      <trkpt lat="46.325751" lon="23.294634">
        <ele>1262.061</ele>
        <time>2023-02-19T10:15:19Z</time>
      </trkpt>
      <trkpt lat="46.325763" lon="23.294565">
        <ele>1263.027</ele>
        <time>2023-02-19T10:15:26Z</time>
      </trkpt>
      <trkpt lat="46.325737" lon="23.294500">
        <ele>1264.633</ele>
        <time>2023-02-19T10:15:36Z</time>
      </trkpt>
      <trkpt lat="46.325688" lon="23.294451">
        <ele>1265.185</ele>
        <time>2023-02-19T10:15:43Z</time>
      </trkpt>
      <trkpt lat="46.325651" lon="23.294408">
        <ele>1266.334</ele>
        <time>2023-02-19T10:15:48Z</time>
      </trkpt>
      <trkpt lat="46.325627" lon="23.294348">
        <ele>1267.255</ele>
        <time>2023-02-19T10:16:04Z</time>
      </trkpt>
      <trkpt lat="46.325626" lon="23.294281">
        <ele>1267.310</ele>
        <time>2023-02-19T10:16:11Z</time>
      </trkpt>
      <trkpt lat="46.325574" lon="23.294301">
        <ele>1267.409</ele>
        <time>2023-02-19T10:17:35Z</time>
      </trkpt>
      <trkpt lat="46.325618" lon="23.294235">
        <ele>1267.424</ele>
        <time>2023-02-19T10:18:37Z</time>
      </trkpt>
      <trkpt lat="46.325649" lon="23.294185">
        <ele>1267.325</ele>
        <time>2023-02-19T10:19:18Z</time>
      </trkpt>
      <trkpt lat="46.325673" lon="23.294112">
        <ele>1267.349</ele>
        <time>2023-02-19T10:19:21Z</time>
      </trkpt>
      <trkpt lat="46.325673" lon="23.294045">
        <ele>1267.156</ele>
        <time>2023-02-19T10:19:26Z</time>
      </trkpt>
      <trkpt lat="46.325670" lon="23.293967">
        <ele>1266.646</ele>
        <time>2023-02-19T10:19:29Z</time>
      </trkpt>
      <trkpt lat="46.325663" lon="23.293890">
        <ele>1265.118</ele>
        <time>2023-02-19T10:19:33Z</time>
      </trkpt>
      <trkpt lat="46.325643" lon="23.293826">
        <ele>1264.044</ele>
        <time>2023-02-19T10:19:43Z</time>
      </trkpt>
      <trkpt lat="46.325647" lon="23.293758">
        <ele>1263.960</ele>
        <time>2023-02-19T10:19:48Z</time>
      </trkpt>
      <trkpt lat="46.325646" lon="23.293690">
        <ele>1263.632</ele>
        <time>2023-02-19T10:19:54Z</time>
      </trkpt>
      <trkpt lat="46.325645" lon="23.293621">
        <ele>1263.566</ele>
        <time>2023-02-19T10:20:00Z</time>
      </trkpt>
      <trkpt lat="46.325638" lon="23.293551">
        <ele>1263.429</ele>
        <time>2023-02-19T10:20:06Z</time>
      </trkpt>
      <trkpt lat="46.325630" lon="23.293483">
        <ele>1263.321</ele>
        <time>2023-02-19T10:20:11Z</time>
      </trkpt>
      <trkpt lat="46.325625" lon="23.293417">
        <ele>1263.209</ele>
        <time>2023-02-19T10:20:16Z</time>
      </trkpt>
      <trkpt lat="46.325622" lon="23.293345">
        <ele>1263.337</ele>
        <time>2023-02-19T10:20:22Z</time>
      </trkpt>
      <trkpt lat="46.325636" lon="23.293268">
        <ele>1263.568</ele>
        <time>2023-02-19T10:20:28Z</time>
      </trkpt>
      <trkpt lat="46.325644" lon="23.293192">
        <ele>1263.762</ele>
        <time>2023-02-19T10:20:33Z</time>
      </trkpt>
      <trkpt lat="46.325662" lon="23.293131">
        <ele>1264.079</ele>
        <time>2023-02-19T10:20:38Z</time>
      </trkpt>
      <trkpt lat="46.325678" lon="23.293062">
        <ele>1264.559</ele>
        <time>2023-02-19T10:20:43Z</time>
      </trkpt>
      <trkpt lat="46.325690" lon="23.292986">
        <ele>1264.831</ele>
        <time>2023-02-19T10:20:49Z</time>
      </trkpt>
      <trkpt lat="46.325710" lon="23.292920">
        <ele>1264.967</ele>
        <time>2023-02-19T10:20:53Z</time>
      </trkpt>
      <trkpt lat="46.325699" lon="23.292855">
        <ele>1264.953</ele>
        <time>2023-02-19T10:20:57Z</time>
      </trkpt>
      <trkpt lat="46.325745" lon="23.292882">
        <ele>1264.965</ele>
        <time>2023-02-19T10:21:07Z</time>
      </trkpt>
      <trkpt lat="46.325787" lon="23.292917">
        <ele>1264.961</ele>
        <time>2023-02-19T10:21:13Z</time>
      </trkpt>
      <trkpt lat="46.325825" lon="23.292956">
        <ele>1265.021</ele>
        <time>2023-02-19T10:21:19Z</time>
      </trkpt>
      <trkpt lat="46.325864" lon="23.292988">
        <ele>1265.313</ele>
        <time>2023-02-19T10:21:26Z</time>
      </trkpt>
      <trkpt lat="46.325913" lon="23.293003">
        <ele>1265.409</ele>
        <time>2023-02-19T10:21:32Z</time>
      </trkpt>
      <trkpt lat="46.325962" lon="23.293006">
        <ele>1266.137</ele>
        <time>2023-02-19T10:21:41Z</time>
      </trkpt>
      <trkpt lat="46.326008" lon="23.292995">
        <ele>1266.298</ele>
        <time>2023-02-19T10:21:46Z</time>
      </trkpt>
      <trkpt lat="46.326054" lon="23.292990">
        <ele>1266.352</ele>
        <time>2023-02-19T10:21:49Z</time>
      </trkpt>
      <trkpt lat="46.326105" lon="23.292989">
        <ele>1266.319</ele>
        <time>2023-02-19T10:21:52Z</time>
      </trkpt>
      <trkpt lat="46.326161" lon="23.292975">
        <ele>1266.429</ele>
        <time>2023-02-19T10:21:55Z</time>
      </trkpt>
      <trkpt lat="46.326212" lon="23.292957">
        <ele>1265.991</ele>
        <time>2023-02-19T10:21:59Z</time>
      </trkpt>
      <trkpt lat="46.326259" lon="23.292948">
        <ele>1265.257</ele>
        <time>2023-02-19T10:22:05Z</time>
      </trkpt>
      <trkpt lat="46.326305" lon="23.292954">
        <ele>1265.183</ele>
        <time>2023-02-19T10:22:17Z</time>
      </trkpt>
      <trkpt lat="46.326352" lon="23.292959">
        <ele>1265.165</ele>
        <time>2023-02-19T10:22:30Z</time>
      </trkpt>
      <trkpt lat="46.326404" lon="23.292958">
        <ele>1265.136</ele>
        <time>2023-02-19T10:22:34Z</time>
      </trkpt>
      <trkpt lat="46.326451" lon="23.292939">
        <ele>1264.917</ele>
        <time>2023-02-19T10:22:40Z</time>
      </trkpt>
      <trkpt lat="46.326501" lon="23.292924">
        <ele>1264.818</ele>
        <time>2023-02-19T10:22:45Z</time>
      </trkpt>
      <trkpt lat="46.326546" lon="23.292907">
        <ele>1264.609</ele>
        <time>2023-02-19T10:22:48Z</time>
      </trkpt>
      <trkpt lat="46.326601" lon="23.292876">
        <ele>1264.334</ele>
        <time>2023-02-19T10:22:53Z</time>
      </trkpt>
      <trkpt lat="46.326655" lon="23.292839">
        <ele>1263.885</ele>
        <time>2023-02-19T10:22:56Z</time>
      </trkpt>
      <trkpt lat="46.326706" lon="23.292815">
        <ele>1263.599</ele>
        <time>2023-02-19T10:22:59Z</time>
      </trkpt>
      <trkpt lat="46.326760" lon="23.292795">
        <ele>1262.766</ele>
        <time>2023-02-19T10:23:03Z</time>
      </trkpt>
      <trkpt lat="46.326806" lon="23.292772">
        <ele>1262.796</ele>
        <time>2023-02-19T10:23:08Z</time>
      </trkpt>
      <trkpt lat="46.326851" lon="23.292732">
        <ele>1262.798</ele>
        <time>2023-02-19T10:23:13Z</time>
      </trkpt>
      <trkpt lat="46.326894" lon="23.292697">
        <ele>1262.874</ele>
        <time>2023-02-19T10:23:20Z</time>
      </trkpt>
      <trkpt lat="46.326930" lon="23.292653">
        <ele>1262.870</ele>
        <time>2023-02-19T10:23:25Z</time>
      </trkpt>
      <trkpt lat="46.326971" lon="23.292610">
        <ele>1262.812</ele>
        <time>2023-02-19T10:23:31Z</time>
      </trkpt>
      <trkpt lat="46.327014" lon="23.292577">
        <ele>1262.942</ele>
        <time>2023-02-19T10:23:37Z</time>
      </trkpt>
      <trkpt lat="46.327056" lon="23.292553">
        <ele>1262.922</ele>
        <time>2023-02-19T10:23:45Z</time>
      </trkpt>
      <trkpt lat="46.327105" lon="23.292524">
        <ele>1263.014</ele>
        <time>2023-02-19T10:23:51Z</time>
      </trkpt>
      <trkpt lat="46.327151" lon="23.292490">
        <ele>1263.009</ele>
        <time>2023-02-19T10:23:55Z</time>
      </trkpt>
      <trkpt lat="46.327191" lon="23.292454">
        <ele>1262.975</ele>
        <time>2023-02-19T10:24:02Z</time>
      </trkpt>
      <trkpt lat="46.327227" lon="23.292404">
        <ele>1262.886</ele>
        <time>2023-02-19T10:24:08Z</time>
      </trkpt>
      <trkpt lat="46.327269" lon="23.292380">
        <ele>1262.790</ele>
        <time>2023-02-19T10:24:14Z</time>
      </trkpt>
      <trkpt lat="46.327310" lon="23.292349">
        <ele>1262.547</ele>
        <time>2023-02-19T10:24:17Z</time>
      </trkpt>
      <trkpt lat="46.327351" lon="23.292316">
        <ele>1262.417</ele>
        <time>2023-02-19T10:24:20Z</time>
      </trkpt>
      <trkpt lat="46.327397" lon="23.292285">
        <ele>1262.449</ele>
        <time>2023-02-19T10:24:23Z</time>
      </trkpt>
      <trkpt lat="46.327440" lon="23.292259">
        <ele>1262.225</ele>
        <time>2023-02-19T10:24:26Z</time>
      </trkpt>
      <trkpt lat="46.327491" lon="23.292240">
        <ele>1262.281</ele>
        <time>2023-02-19T10:24:30Z</time>
      </trkpt>
      <trkpt lat="46.327541" lon="23.292232">
        <ele>1262.143</ele>
        <time>2023-02-19T10:24:35Z</time>
      </trkpt>
      <trkpt lat="46.327590" lon="23.292246">
        <ele>1261.929</ele>
        <time>2023-02-19T10:24:40Z</time>
      </trkpt>
      <trkpt lat="46.327638" lon="23.292266">
        <ele>1261.700</ele>
        <time>2023-02-19T10:24:45Z</time>
      </trkpt>
      <trkpt lat="46.327684" lon="23.292285">
        <ele>1261.620</ele>
        <time>2023-02-19T10:24:49Z</time>
      </trkpt>
      <trkpt lat="46.327735" lon="23.292298">
        <ele>1261.309</ele>
        <time>2023-02-19T10:24:54Z</time>
      </trkpt>
      <trkpt lat="46.327782" lon="23.292306">
        <ele>1260.863</ele>
        <time>2023-02-19T10:24:59Z</time>
      </trkpt>
      <trkpt lat="46.327826" lon="23.292270">
        <ele>1260.494</ele>
        <time>2023-02-19T10:25:13Z</time>
      </trkpt>
      <trkpt lat="46.327876" lon="23.292271">
        <ele>1260.578</ele>
        <time>2023-02-19T10:25:26Z</time>
      </trkpt>
      <trkpt lat="46.327928" lon="23.292280">
        <ele>1260.555</ele>
        <time>2023-02-19T10:25:31Z</time>
      </trkpt>
      <trkpt lat="46.327977" lon="23.292294">
        <ele>1260.545</ele>
        <time>2023-02-19T10:25:35Z</time>
      </trkpt>
      <trkpt lat="46.328031" lon="23.292279">
        <ele>1260.587</ele>
        <time>2023-02-19T10:25:40Z</time>
      </trkpt>
      <trkpt lat="46.328075" lon="23.292264">
        <ele>1260.523</ele>
        <time>2023-02-19T10:25:44Z</time>
      </trkpt>
      <trkpt lat="46.328127" lon="23.292252">
        <ele>1260.219</ele>
        <time>2023-02-19T10:25:48Z</time>
      </trkpt>
      <trkpt lat="46.328174" lon="23.292239">
        <ele>1259.161</ele>
        <time>2023-02-19T10:25:53Z</time>
      </trkpt>
      <trkpt lat="46.328219" lon="23.292227">
        <ele>1259.063</ele>
        <time>2023-02-19T10:25:57Z</time>
      </trkpt>
      <trkpt lat="46.328278" lon="23.292216">
        <ele>1258.844</ele>
        <time>2023-02-19T10:26:04Z</time>
      </trkpt>
      <trkpt lat="46.328323" lon="23.292209">
        <ele>1258.818</ele>
        <time>2023-02-19T10:26:06Z</time>
      </trkpt>
      <trkpt lat="46.328372" lon="23.292199">
        <ele>1258.809</ele>
        <time>2023-02-19T10:26:09Z</time>
      </trkpt>
      <trkpt lat="46.328423" lon="23.292193">
        <ele>1259.047</ele>
        <time>2023-02-19T10:26:13Z</time>
      </trkpt>
      <trkpt lat="46.328469" lon="23.292184">
        <ele>1259.118</ele>
        <time>2023-02-19T10:26:18Z</time>
      </trkpt>
      <trkpt lat="46.328517" lon="23.292177">
        <ele>1259.182</ele>
        <time>2023-02-19T10:26:23Z</time>
      </trkpt>
      <trkpt lat="46.328563" lon="23.292167">
        <ele>1259.539</ele>
        <time>2023-02-19T10:26:28Z</time>
      </trkpt>
      <trkpt lat="46.328609" lon="23.292153">
        <ele>1259.739</ele>
        <time>2023-02-19T10:26:32Z</time>
      </trkpt>
      <trkpt lat="46.328660" lon="23.292135">
        <ele>1259.861</ele>
        <time>2023-02-19T10:26:37Z</time>
      </trkpt>
      <trkpt lat="46.328706" lon="23.292105">
        <ele>1260.137</ele>
        <time>2023-02-19T10:26:41Z</time>
      </trkpt>
      <trkpt lat="46.328753" lon="23.292078">
        <ele>1260.253</ele>
        <time>2023-02-19T10:26:45Z</time>
      </trkpt>
      <trkpt lat="46.328798" lon="23.292055">
        <ele>1260.335</ele>
        <time>2023-02-19T10:26:51Z</time>
      </trkpt>
      <trkpt lat="46.328836" lon="23.292008">
        <ele>1260.358</ele>
        <time>2023-02-19T10:26:57Z</time>
      </trkpt>
      <trkpt lat="46.328870" lon="23.291959">
        <ele>1260.752</ele>
        <time>2023-02-19T10:27:06Z</time>
      </trkpt>
      <trkpt lat="46.328911" lon="23.291922">
        <ele>1260.917</ele>
        <time>2023-02-19T10:27:11Z</time>
      </trkpt>
      <trkpt lat="46.328950" lon="23.291885">
        <ele>1260.909</ele>
        <time>2023-02-19T10:27:16Z</time>
      </trkpt>
      <trkpt lat="46.329002" lon="23.291857">
        <ele>1260.926</ele>
        <time>2023-02-19T10:27:23Z</time>
      </trkpt>
      <trkpt lat="46.329054" lon="23.291830">
        <ele>1260.927</ele>
        <time>2023-02-19T10:27:27Z</time>
      </trkpt>
      <trkpt lat="46.329096" lon="23.291785">
        <ele>1260.951</ele>
        <time>2023-02-19T10:27:30Z</time>
      </trkpt>
      <trkpt lat="46.329145" lon="23.291741">
        <ele>1260.818</ele>
        <time>2023-02-19T10:27:34Z</time>
      </trkpt>
      <trkpt lat="46.329184" lon="23.291701">
        <ele>1260.758</ele>
        <time>2023-02-19T10:27:40Z</time>
      </trkpt>
      <trkpt lat="46.329222" lon="23.291664">
        <ele>1260.910</ele>
        <time>2023-02-19T10:28:13Z</time>
      </trkpt>
      <trkpt lat="46.329269" lon="23.291637">
        <ele>1260.856</ele>
        <time>2023-02-19T10:28:18Z</time>
      </trkpt>
      <trkpt lat="46.329316" lon="23.291634">
        <ele>1260.722</ele>
        <time>2023-02-19T10:28:22Z</time>
      </trkpt>
      <trkpt lat="46.329361" lon="23.291626">
        <ele>1260.694</ele>
        <time>2023-02-19T10:28:26Z</time>
      </trkpt>
      <trkpt lat="46.329400" lon="23.291584">
        <ele>1260.546</ele>
        <time>2023-02-19T10:28:30Z</time>
      </trkpt>
      <trkpt lat="46.329445" lon="23.291537">
        <ele>1260.088</ele>
        <time>2023-02-19T10:28:34Z</time>
      </trkpt>
      <trkpt lat="46.329484" lon="23.291501">
        <ele>1259.116</ele>
        <time>2023-02-19T10:28:37Z</time>
      </trkpt>
      <trkpt lat="46.329520" lon="23.291441">
        <ele>1258.809</ele>
        <time>2023-02-19T10:28:41Z</time>
      </trkpt>
      <trkpt lat="46.329562" lon="23.291393">
        <ele>1258.215</ele>
        <time>2023-02-19T10:28:47Z</time>
      </trkpt>
      <trkpt lat="46.329596" lon="23.291347">
        <ele>1258.286</ele>
        <time>2023-02-19T10:28:50Z</time>
      </trkpt>
      <trkpt lat="46.329633" lon="23.291303">
        <ele>1258.290</ele>
        <time>2023-02-19T10:28:54Z</time>
      </trkpt>
      <trkpt lat="46.329671" lon="23.291263">
        <ele>1258.157</ele>
        <time>2023-02-19T10:28:58Z</time>
      </trkpt>
      <trkpt lat="46.329709" lon="23.291215">
        <ele>1257.837</ele>
        <time>2023-02-19T10:29:03Z</time>
      </trkpt>
      <trkpt lat="46.329754" lon="23.291147">
        <ele>1257.549</ele>
        <time>2023-02-19T10:29:07Z</time>
      </trkpt>
      <trkpt lat="46.329787" lon="23.291082">
        <ele>1256.985</ele>
        <time>2023-02-19T10:29:10Z</time>
      </trkpt>
      <trkpt lat="46.329818" lon="23.291029">
        <ele>1256.951</ele>
        <time>2023-02-19T10:29:14Z</time>
      </trkpt>
      <trkpt lat="46.329850" lon="23.290978">
        <ele>1256.893</ele>
        <time>2023-02-19T10:29:18Z</time>
      </trkpt>
      <trkpt lat="46.329886" lon="23.290931">
        <ele>1256.882</ele>
        <time>2023-02-19T10:29:22Z</time>
      </trkpt>
      <trkpt lat="46.329928" lon="23.290879">
        <ele>1257.043</ele>
        <time>2023-02-19T10:29:28Z</time>
      </trkpt>
      <trkpt lat="46.329955" lon="23.290805">
        <ele>1257.217</ele>
        <time>2023-02-19T10:29:32Z</time>
      </trkpt>
      <trkpt lat="46.329968" lon="23.290740">
        <ele>1257.309</ele>
        <time>2023-02-19T10:29:36Z</time>
      </trkpt>
      <trkpt lat="46.329983" lon="23.290677">
        <ele>1257.529</ele>
        <time>2023-02-19T10:29:45Z</time>
      </trkpt>
      <trkpt lat="46.330016" lon="23.290619">
        <ele>1257.730</ele>
        <time>2023-02-19T10:29:51Z</time>
      </trkpt>
      <trkpt lat="46.330040" lon="23.290559">
        <ele>1257.984</ele>
        <time>2023-02-19T10:29:55Z</time>
      </trkpt>
      <trkpt lat="46.330067" lon="23.290481">
        <ele>1258.431</ele>
        <time>2023-02-19T10:29:59Z</time>
      </trkpt>
      <trkpt lat="46.330099" lon="23.290430">
        <ele>1258.571</ele>
        <time>2023-02-19T10:30:02Z</time>
      </trkpt>
      <trkpt lat="46.330140" lon="23.290377">
        <ele>1258.683</ele>
        <time>2023-02-19T10:30:06Z</time>
      </trkpt>
      <trkpt lat="46.330180" lon="23.290341">
        <ele>1258.629</ele>
        <time>2023-02-19T10:30:10Z</time>
      </trkpt>
      <trkpt lat="46.330218" lon="23.290304">
        <ele>1258.845</ele>
        <time>2023-02-19T10:30:16Z</time>
      </trkpt>
      <trkpt lat="46.330254" lon="23.290262">
        <ele>1259.047</ele>
        <time>2023-02-19T10:30:21Z</time>
      </trkpt>
      <trkpt lat="46.330289" lon="23.290220">
        <ele>1259.295</ele>
        <time>2023-02-19T10:30:25Z</time>
      </trkpt>
      <trkpt lat="46.330322" lon="23.290166">
        <ele>1259.749</ele>
        <time>2023-02-19T10:30:30Z</time>
      </trkpt>
      <trkpt lat="46.330348" lon="23.290111">
        <ele>1260.323</ele>
        <time>2023-02-19T10:30:35Z</time>
      </trkpt>
      <trkpt lat="46.330361" lon="23.290043">
        <ele>1260.809</ele>
        <time>2023-02-19T10:30:40Z</time>
      </trkpt>
      <trkpt lat="46.330375" lon="23.289961">
        <ele>1261.350</ele>
        <time>2023-02-19T10:30:44Z</time>
      </trkpt>
      <trkpt lat="46.330382" lon="23.289893">
        <ele>1262.081</ele>
        <time>2023-02-19T10:30:48Z</time>
      </trkpt>
      <trkpt lat="46.330373" lon="23.289826">
        <ele>1262.435</ele>
        <time>2023-02-19T10:30:53Z</time>
      </trkpt>
      <trkpt lat="46.330381" lon="23.289759">
        <ele>1262.732</ele>
        <time>2023-02-19T10:31:00Z</time>
      </trkpt>
      <trkpt lat="46.330410" lon="23.289694">
        <ele>1263.082</ele>
        <time>2023-02-19T10:31:06Z</time>
      </trkpt>
      <trkpt lat="46.330419" lon="23.289624">
        <ele>1263.264</ele>
        <time>2023-02-19T10:31:11Z</time>
      </trkpt>
      <trkpt lat="46.330422" lon="23.289550">
        <ele>1264.090</ele>
        <time>2023-02-19T10:31:16Z</time>
      </trkpt>
      <trkpt lat="46.330434" lon="23.289481">
        <ele>1264.426</ele>
        <time>2023-02-19T10:31:22Z</time>
      </trkpt>
      <trkpt lat="46.330465" lon="23.289420">
        <ele>1265.188</ele>
        <time>2023-02-19T10:31:30Z</time>
      </trkpt>
      <trkpt lat="46.330485" lon="23.289360">
        <ele>1265.977</ele>
        <time>2023-02-19T10:31:34Z</time>
      </trkpt>
      <trkpt lat="46.330508" lon="23.289300">
        <ele>1266.061</ele>
        <time>2023-02-19T10:31:40Z</time>
      </trkpt>
      <trkpt lat="46.330547" lon="23.289248">
        <ele>1266.027</ele>
        <time>2023-02-19T10:31:47Z</time>
      </trkpt>
      <trkpt lat="46.330575" lon="23.289188">
        <ele>1266.009</ele>
        <time>2023-02-19T10:31:52Z</time>
      </trkpt>
      <trkpt lat="46.330599" lon="23.289131">
        <ele>1265.458</ele>
        <time>2023-02-19T10:31:58Z</time>
      </trkpt>
      <trkpt lat="46.330630" lon="23.289074">
        <ele>1265.319</ele>
        <time>2023-02-19T10:32:05Z</time>
      </trkpt>
      <trkpt lat="46.330674" lon="23.289047">
        <ele>1265.463</ele>
        <time>2023-02-19T10:32:17Z</time>
      </trkpt>
      <trkpt lat="46.330711" lon="23.288997">
        <ele>1265.850</ele>
        <time>2023-02-19T10:32:24Z</time>
      </trkpt>
      <trkpt lat="46.330664" lon="23.289013">
        <ele>1267.830</ele>
        <time>2023-02-19T10:36:20Z</time>
      </trkpt>
      <trkpt lat="46.330724" lon="23.288878">
        <ele>1267.792</ele>
        <time>2023-02-19T10:37:18Z</time>
      </trkpt>
      <trkpt lat="46.330769" lon="23.288839">
        <ele>1267.758</ele>
        <time>2023-02-19T10:37:28Z</time>
      </trkpt>
      <trkpt lat="46.330795" lon="23.288785">
        <ele>1267.774</ele>
        <time>2023-02-19T10:37:35Z</time>
      </trkpt>
      <trkpt lat="46.330810" lon="23.288721">
        <ele>1267.656</ele>
        <time>2023-02-19T10:37:43Z</time>
      </trkpt>
      <trkpt lat="46.330783" lon="23.288779">
        <ele>1268.938</ele>
        <time>2023-02-19T10:38:01Z</time>
      </trkpt>
      <trkpt lat="46.330739" lon="23.288741">
        <ele>1269.170</ele>
        <time>2023-02-19T10:38:11Z</time>
      </trkpt>
      <trkpt lat="46.330696" lon="23.288688">
        <ele>1269.217</ele>
        <time>2023-02-19T10:38:15Z</time>
      </trkpt>
      <trkpt lat="46.330662" lon="23.288644">
        <ele>1269.309</ele>
        <time>2023-02-19T10:38:20Z</time>
      </trkpt>
      <trkpt lat="46.330632" lon="23.288595">
        <ele>1270.294</ele>
        <time>2023-02-19T10:38:31Z</time>
      </trkpt>
      <trkpt lat="46.330588" lon="23.288577">
        <ele>1271.375</ele>
        <time>2023-02-19T10:38:38Z</time>
      </trkpt>
      <trkpt lat="46.330542" lon="23.288549">
        <ele>1271.869</ele>
        <time>2023-02-19T10:38:47Z</time>
      </trkpt>
      <trkpt lat="46.330504" lon="23.288502">
        <ele>1272.386</ele>
        <time>2023-02-19T10:38:57Z</time>
      </trkpt>
      <trkpt lat="46.330492" lon="23.288438">
        <ele>1272.646</ele>
        <time>2023-02-19T10:39:07Z</time>
      </trkpt>
      <trkpt lat="46.330530" lon="23.288398">
        <ele>1273.458</ele>
        <time>2023-02-19T10:39:27Z</time>
      </trkpt>
      <trkpt lat="46.330560" lon="23.288347">
        <ele>1274.584</ele>
        <time>2023-02-19T10:39:53Z</time>
      </trkpt>
      <trkpt lat="46.330540" lon="23.288282">
        <ele>1274.710</ele>
        <time>2023-02-19T10:40:01Z</time>
      </trkpt>
      <trkpt lat="46.330572" lon="23.288329">
        <ele>1280.832</ele>
        <time>2023-02-19T10:40:35Z</time>
      </trkpt>
      <trkpt lat="46.330620" lon="23.288327">
        <ele>1283.127</ele>
        <time>2023-02-19T10:40:53Z</time>
      </trkpt>
      <trkpt lat="46.330666" lon="23.288336">
        <ele>1283.768</ele>
        <time>2023-02-19T10:41:02Z</time>
      </trkpt>
      <trkpt lat="46.330711" lon="23.288331">
        <ele>1284.114</ele>
        <time>2023-02-19T10:41:09Z</time>
      </trkpt>
      <trkpt lat="46.330747" lon="23.288291">
        <ele>1284.909</ele>
        <time>2023-02-19T10:41:42Z</time>
      </trkpt>
      <trkpt lat="46.330781" lon="23.288246">
        <ele>1286.313</ele>
        <time>2023-02-19T10:42:22Z</time>
      </trkpt>
      <trkpt lat="46.330803" lon="23.288188">
        <ele>1291.594</ele>
        <time>2023-02-19T10:43:37Z</time>
      </trkpt>
      <trkpt lat="46.330845" lon="23.288216">
        <ele>1291.948</ele>
        <time>2023-02-19T10:43:48Z</time>
      </trkpt>
      <trkpt lat="46.330811" lon="23.288157">
        <ele>1293.795</ele>
        <time>2023-02-19T10:44:03Z</time>
      </trkpt>
      <trkpt lat="46.330823" lon="23.288087">
        <ele>1295.765</ele>
        <time>2023-02-19T10:44:12Z</time>
      </trkpt>
      <trkpt lat="46.330828" lon="23.288019">
        <ele>1296.577</ele>
        <time>2023-02-19T10:44:18Z</time>
      </trkpt>
      <trkpt lat="46.330780" lon="23.287994">
        <ele>1296.853</ele>
        <time>2023-02-19T10:44:34Z</time>
      </trkpt>
      <trkpt lat="46.330727" lon="23.287964">
        <ele>1296.729</ele>
        <time>2023-02-19T10:44:38Z</time>
      </trkpt>
      <trkpt lat="46.330682" lon="23.287939">
        <ele>1298.151</ele>
        <time>2023-02-19T10:44:49Z</time>
      </trkpt>
      <trkpt lat="46.330708" lon="23.287995">
        <ele>1299.364</ele>
        <time>2023-02-19T10:44:57Z</time>
      </trkpt>
      <trkpt lat="46.330747" lon="23.287927">
        <ele>1299.906</ele>
        <time>2023-02-19T10:45:13Z</time>
      </trkpt>
      <trkpt lat="46.330793" lon="23.287931">
        <ele>1302.716</ele>
        <time>2023-02-19T10:45:52Z</time>
      </trkpt>
      <trkpt lat="46.330838" lon="23.287920">
        <ele>1303.709</ele>
        <time>2023-02-19T10:46:24Z</time>
      </trkpt>
      <trkpt lat="46.330816" lon="23.287855">
        <ele>1303.817</ele>
        <time>2023-02-19T10:46:30Z</time>
      </trkpt>
      <trkpt lat="46.330864" lon="23.287834">
        <ele>1304.038</ele>
        <time>2023-02-19T10:46:40Z</time>
      </trkpt>
      <trkpt lat="46.330817" lon="23.287832">
        <ele>1304.272</ele>
        <time>2023-02-19T10:46:49Z</time>
      </trkpt>
      <trkpt lat="46.330771" lon="23.287838">
        <ele>1306.559</ele>
        <time>2023-02-19T10:47:00Z</time>
      </trkpt>
      <trkpt lat="46.330712" lon="23.287843">
        <ele>1308.629</ele>
        <time>2023-02-19T10:47:40Z</time>
      </trkpt>
      <trkpt lat="46.330756" lon="23.287883">
        <ele>1309.721</ele>
        <time>2023-02-19T10:48:10Z</time>
      </trkpt>
      <trkpt lat="46.330781" lon="23.287820">
        <ele>1310.117</ele>
        <time>2023-02-19T10:48:22Z</time>
      </trkpt>
      <trkpt lat="46.330807" lon="23.287761">
        <ele>1312.343</ele>
        <time>2023-02-19T10:48:33Z</time>
      </trkpt>
      <trkpt lat="46.330771" lon="23.287802">
        <ele>1314.835</ele>
        <time>2023-02-19T10:49:35Z</time>
      </trkpt>
      <trkpt lat="46.330714" lon="23.287771">
        <ele>1314.693</ele>
        <time>2023-02-19T10:50:34Z</time>
      </trkpt>
      <trkpt lat="46.330729" lon="23.287709">
        <ele>1314.565</ele>
        <time>2023-02-19T10:51:33Z</time>
      </trkpt>
      <trkpt lat="46.330735" lon="23.287644">
        <ele>1314.621</ele>
        <time>2023-02-19T10:52:18Z</time>
      </trkpt>
      <trkpt lat="46.330714" lon="23.287585">
        <ele>1314.509</ele>
        <time>2023-02-19T10:55:06Z</time>
      </trkpt>
      <trkpt lat="46.330711" lon="23.287489">
        <ele>1314.620</ele>
        <time>2023-02-19T10:55:22Z</time>
      </trkpt>
      <trkpt lat="46.330669" lon="23.287459">
        <ele>1314.841</ele>
        <time>2023-02-19T10:55:33Z</time>
      </trkpt>
      <trkpt lat="46.330662" lon="23.287390">
        <ele>1323.565</ele>
        <time>2023-02-19T10:56:15Z</time>
      </trkpt>
      <trkpt lat="46.330673" lon="23.287480">
        <ele>1326.332</ele>
        <time>2023-02-19T10:57:00Z</time>
      </trkpt>
      <trkpt lat="46.330625" lon="23.287442">
        <ele>1327.952</ele>
        <time>2023-02-19T10:57:42Z</time>
      </trkpt>
      <trkpt lat="46.330606" lon="23.287379">
        <ele>1328.134</ele>
        <time>2023-02-19T10:57:49Z</time>
      </trkpt>
      <trkpt lat="46.330560" lon="23.287399">
        <ele>1332.890</ele>
        <time>2023-02-19T10:58:11Z</time>
      </trkpt>
      <trkpt lat="46.330521" lon="23.287433">
        <ele>1332.896</ele>
        <time>2023-02-19T10:58:25Z</time>
      </trkpt>
      <trkpt lat="46.330556" lon="23.287476">
        <ele>1332.738</ele>
        <time>2023-02-19T10:59:05Z</time>
      </trkpt>
      <trkpt lat="46.330575" lon="23.287415">
        <ele>1332.799</ele>
        <time>2023-02-19T10:59:12Z</time>
      </trkpt>
      <trkpt lat="46.330585" lon="23.287349">
        <ele>1332.707</ele>
        <time>2023-02-19T10:59:26Z</time>
      </trkpt>
      <trkpt lat="46.330589" lon="23.287273">
        <ele>1333.827</ele>
        <time>2023-02-19T10:59:38Z</time>
      </trkpt>
      <trkpt lat="46.330599" lon="23.287205">
        <ele>1336.709</ele>
        <time>2023-02-19T10:59:56Z</time>
      </trkpt>
      <trkpt lat="46.330585" lon="23.287140">
        <ele>1337.680</ele>
        <time>2023-02-19T11:00:10Z</time>
      </trkpt>
      <trkpt lat="46.330538" lon="23.287139">
        <ele>1340.691</ele>
        <time>2023-02-19T11:00:40Z</time>
      </trkpt>
      <trkpt lat="46.330514" lon="23.287083">
        <ele>1345.125</ele>
        <time>2023-02-19T11:01:34Z</time>
      </trkpt>
      <trkpt lat="46.330480" lon="23.287033">
        <ele>1347.542</ele>
        <time>2023-02-19T11:02:12Z</time>
      </trkpt>
      <trkpt lat="46.330486" lon="23.286966">
        <ele>1349.162</ele>
        <time>2023-02-19T11:02:52Z</time>
      </trkpt>
      <trkpt lat="46.330522" lon="23.286922">
        <ele>1350.044</ele>
        <time>2023-02-19T11:03:17Z</time>
      </trkpt>
      <trkpt lat="46.330516" lon="23.286854">
        <ele>1353.780</ele>
        <time>2023-02-19T11:04:01Z</time>
      </trkpt>
      <trkpt lat="46.330527" lon="23.286786">
        <ele>1355.096</ele>
        <time>2023-02-19T11:04:08Z</time>
      </trkpt>
      <trkpt lat="46.330572" lon="23.286800">
        <ele>1359.878</ele>
        <time>2023-02-19T11:05:15Z</time>
      </trkpt>
      <trkpt lat="46.330597" lon="23.286745">
        <ele>1362.146</ele>
        <time>2023-02-19T11:05:47Z</time>
      </trkpt>
      <trkpt lat="46.330643" lon="23.286726">
        <ele>1363.288</ele>
        <time>2023-02-19T11:06:22Z</time>
      </trkpt>
      <trkpt lat="46.330691" lon="23.286700">
        <ele>1363.416</ele>
        <time>2023-02-19T11:06:25Z</time>
      </trkpt>
      <trkpt lat="46.330734" lon="23.286680">
        <ele>1364.109</ele>
        <time>2023-02-19T11:06:31Z</time>
      </trkpt>
      <trkpt lat="46.330779" lon="23.286654">
        <ele>1363.615</ele>
        <time>2023-02-19T11:06:38Z</time>
      </trkpt>
      <trkpt lat="46.330830" lon="23.286591">
        <ele>1363.686</ele>
        <time>2023-02-19T11:06:51Z</time>
      </trkpt>
      <trkpt lat="46.330878" lon="23.286572">
        <ele>1365.260</ele>
        <time>2023-02-19T11:07:06Z</time>
      </trkpt>
      <trkpt lat="46.330884" lon="23.286507">
        <ele>1366.297</ele>
        <time>2023-02-19T11:07:43Z</time>
      </trkpt>
      <trkpt lat="46.330866" lon="23.286447">
        <ele>1366.967</ele>
        <time>2023-02-19T11:07:53Z</time>
      </trkpt>
      <trkpt lat="46.330867" lon="23.286377">
        <ele>1368.369</ele>
        <time>2023-02-19T11:08:33Z</time>
      </trkpt>
      <trkpt lat="46.330867" lon="23.286303">
        <ele>1370.155</ele>
        <time>2023-02-19T11:08:56Z</time>
      </trkpt>
      <trkpt lat="46.330869" lon="23.286232">
        <ele>1370.961</ele>
        <time>2023-02-19T11:09:09Z</time>
      </trkpt>
      <trkpt lat="46.330879" lon="23.286166">
        <ele>1371.563</ele>
        <time>2023-02-19T11:09:17Z</time>
      </trkpt>
      <trkpt lat="46.330885" lon="23.286099">
        <ele>1372.899</ele>
        <time>2023-02-19T11:09:35Z</time>
      </trkpt>
      <trkpt lat="46.330902" lon="23.286037">
        <ele>1373.407</ele>
        <time>2023-02-19T11:09:47Z</time>
      </trkpt>
      <trkpt lat="46.330915" lon="23.285974">
        <ele>1373.927</ele>
        <time>2023-02-19T11:10:05Z</time>
      </trkpt>
      <trkpt lat="46.330929" lon="23.285911">
        <ele>1374.209</ele>
        <time>2023-02-19T11:10:11Z</time>
      </trkpt>
      <trkpt lat="46.330960" lon="23.285859">
        <ele>1375.680</ele>
        <time>2023-02-19T11:10:48Z</time>
      </trkpt>
      <trkpt lat="46.330918" lon="23.285836">
        <ele>1378.231</ele>
        <time>2023-02-19T11:11:44Z</time>
      </trkpt>
      <trkpt lat="46.330882" lon="23.285880">
        <ele>1378.715</ele>
        <time>2023-02-19T11:11:51Z</time>
      </trkpt>
      <trkpt lat="46.330932" lon="23.285869">
        <ele>1379.452</ele>
        <time>2023-02-19T11:12:08Z</time>
      </trkpt>
      <trkpt lat="46.330980" lon="23.285849">
        <ele>1379.672</ele>
        <time>2023-02-19T11:12:25Z</time>
      </trkpt>
      <trkpt lat="46.331024" lon="23.285870">
        <ele>1385.354</ele>
        <time>2023-02-19T11:13:22Z</time>
      </trkpt>
      <trkpt lat="46.331071" lon="23.285880">
        <ele>1388.450</ele>
        <time>2023-02-19T11:14:38Z</time>
      </trkpt>
      <trkpt lat="46.331039" lon="23.285833">
        <ele>1389.116</ele>
        <time>2023-02-19T11:14:59Z</time>
      </trkpt>
      <trkpt lat="46.331072" lon="23.285787">
        <ele>1392.168</ele>
        <time>2023-02-19T11:15:53Z</time>
      </trkpt>
      <trkpt lat="46.331107" lon="23.285737">
        <ele>1392.752</ele>
        <time>2023-02-19T11:16:03Z</time>
      </trkpt>
      <trkpt lat="46.331126" lon="23.285658">
        <ele>1393.453</ele>
        <time>2023-02-19T11:16:22Z</time>
      </trkpt>
      <trkpt lat="46.331084" lon="23.285633">
        <ele>1395.508</ele>
        <time>2023-02-19T11:16:59Z</time>
      </trkpt>
      <trkpt lat="46.331104" lon="23.285569">
        <ele>1397.309</ele>
        <time>2023-02-19T11:17:21Z</time>
      </trkpt>
      <trkpt lat="46.331140" lon="23.285519">
        <ele>1398.356</ele>
        <time>2023-02-19T11:17:37Z</time>
      </trkpt>
      <trkpt lat="46.331079" lon="23.285489">
        <ele>1400.747</ele>
        <time>2023-02-19T11:18:06Z</time>
      </trkpt>
      <trkpt lat="46.331020" lon="23.285517">
        <ele>1404.061</ele>
        <time>2023-02-19T11:18:56Z</time>
      </trkpt>
      <trkpt lat="46.331029" lon="23.285450">
        <ele>1404.598</ele>
        <time>2023-02-19T11:19:12Z</time>
      </trkpt>
      <trkpt lat="46.331035" lon="23.285384">
        <ele>1405.188</ele>
        <time>2023-02-19T11:19:30Z</time>
      </trkpt>
      <trkpt lat="46.331060" lon="23.285327">
        <ele>1406.040</ele>
        <time>2023-02-19T11:19:40Z</time>
      </trkpt>
      <trkpt lat="46.331045" lon="23.285265">
        <ele>1407.896</ele>
        <time>2023-02-19T11:20:21Z</time>
      </trkpt>
      <trkpt lat="46.331004" lon="23.285231">
        <ele>1407.842</ele>
        <time>2023-02-19T11:20:29Z</time>
      </trkpt>
      <trkpt lat="46.331020" lon="23.285169">
        <ele>1409.464</ele>
        <time>2023-02-19T11:21:03Z</time>
      </trkpt>
      <trkpt lat="46.331064" lon="23.285109">
        <ele>1412.276</ele>
        <time>2023-02-19T11:21:36Z</time>
      </trkpt>
      <trkpt lat="46.331077" lon="23.285046">
        <ele>1413.190</ele>
        <time>2023-02-19T11:22:25Z</time>
      </trkpt>
      <trkpt lat="46.331107" lon="23.284994">
        <ele>1413.319</ele>
        <time>2023-02-19T11:22:36Z</time>
      </trkpt>
      <trkpt lat="46.331101" lon="23.284928">
        <ele>1414.009</ele>
        <time>2023-02-19T11:22:49Z</time>
      </trkpt>
      <trkpt lat="46.331070" lon="23.284875">
        <ele>1414.328</ele>
        <time>2023-02-19T11:22:55Z</time>
      </trkpt>
      <trkpt lat="46.331044" lon="23.284813">
        <ele>1416.799</ele>
        <time>2023-02-19T11:23:04Z</time>
      </trkpt>
      <trkpt lat="46.330999" lon="23.284817">
        <ele>1420.613</ele>
        <time>2023-02-19T11:23:17Z</time>
      </trkpt>
      <trkpt lat="46.330964" lon="23.284774">
        <ele>1422.530</ele>
        <time>2023-02-19T11:23:44Z</time>
      </trkpt>
      <trkpt lat="46.330933" lon="23.284720">
        <ele>1424.260</ele>
        <time>2023-02-19T11:24:04Z</time>
      </trkpt>
      <trkpt lat="46.330898" lon="23.284676">
        <ele>1425.792</ele>
        <time>2023-02-19T11:24:17Z</time>
      </trkpt>
      <trkpt lat="46.330881" lon="23.284612">
        <ele>1428.298</ele>
        <time>2023-02-19T11:28:00Z</time>
      </trkpt>
      <trkpt lat="46.330907" lon="23.284666">
        <ele>1428.244</ele>
        <time>2023-02-19T11:29:08Z</time>
      </trkpt>
      <trkpt lat="46.330862" lon="23.284627">
        <ele>1428.156</ele>
        <time>2023-02-19T11:30:36Z</time>
      </trkpt>
      <trkpt lat="46.330822" lon="23.284594">
        <ele>1427.484</ele>
        <time>2023-02-19T11:31:33Z</time>
      </trkpt>
      <trkpt lat="46.330782" lon="23.284560">
        <ele>1427.407</ele>
        <time>2023-02-19T11:31:40Z</time>
      </trkpt>
      <trkpt lat="46.330730" lon="23.284515">
        <ele>1427.317</ele>
        <time>2023-02-19T11:32:28Z</time>
      </trkpt>
      <trkpt lat="46.330710" lon="23.284455">
        <ele>1426.509</ele>
        <time>2023-02-19T11:33:05Z</time>
      </trkpt>
      <trkpt lat="46.330665" lon="23.284425">
        <ele>1426.569</ele>
        <time>2023-02-19T11:33:19Z</time>
      </trkpt>
      <trkpt lat="46.330617" lon="23.284398">
        <ele>1424.790</ele>
        <time>2023-02-19T11:33:52Z</time>
      </trkpt>
      <trkpt lat="46.330583" lon="23.284352">
        <ele>1421.354</ele>
        <time>2023-02-19T11:34:06Z</time>
      </trkpt>
      <trkpt lat="46.330600" lon="23.284285">
        <ele>1417.781</ele>
        <time>2023-02-19T11:34:35Z</time>
      </trkpt>
      <trkpt lat="46.330583" lon="23.284220">
        <ele>1415.451</ele>
        <time>2023-02-19T11:34:45Z</time>
      </trkpt>
      <trkpt lat="46.330539" lon="23.284173">
        <ele>1414.733</ele>
        <time>2023-02-19T11:34:51Z</time>
      </trkpt>
      <trkpt lat="46.330501" lon="23.284130">
        <ele>1412.879</ele>
        <time>2023-02-19T11:35:09Z</time>
      </trkpt>
      <trkpt lat="46.330503" lon="23.284062">
        <ele>1411.035</ele>
        <time>2023-02-19T11:35:15Z</time>
      </trkpt>
      <trkpt lat="46.330479" lon="23.283990">
        <ele>1408.377</ele>
        <time>2023-02-19T11:35:19Z</time>
      </trkpt>
      <trkpt lat="46.330438" lon="23.283949">
        <ele>1406.415</ele>
        <time>2023-02-19T11:35:24Z</time>
      </trkpt>
      <trkpt lat="46.330393" lon="23.283929">
        <ele>1406.465</ele>
        <time>2023-02-19T11:35:31Z</time>
      </trkpt>
      <trkpt lat="46.330346" lon="23.283897">
        <ele>1406.311</ele>
        <time>2023-02-19T11:35:36Z</time>
      </trkpt>
      <trkpt lat="46.330306" lon="23.283864">
        <ele>1407.909</ele>
        <time>2023-02-19T11:35:44Z</time>
      </trkpt>
      <trkpt lat="46.330263" lon="23.283838">
        <ele>1409.722</ele>
        <time>2023-02-19T11:35:51Z</time>
      </trkpt>
      <trkpt lat="46.330257" lon="23.283769">
        <ele>1412.233</ele>
        <time>2023-02-19T11:36:00Z</time>
      </trkpt>
      <trkpt lat="46.330245" lon="23.283704">
        <ele>1414.637</ele>
        <time>2023-02-19T11:36:07Z</time>
      </trkpt>
      <trkpt lat="46.330219" lon="23.283638">
        <ele>1415.544</ele>
        <time>2023-02-19T11:36:13Z</time>
      </trkpt>
      <trkpt lat="46.330194" lon="23.283579">
        <ele>1415.874</ele>
        <time>2023-02-19T11:36:20Z</time>
      </trkpt>
      <trkpt lat="46.330189" lon="23.283512">
        <ele>1416.016</ele>
        <time>2023-02-19T11:36:39Z</time>
      </trkpt>
      <trkpt lat="46.330143" lon="23.283487">
        <ele>1416.272</ele>
        <time>2023-02-19T11:36:46Z</time>
      </trkpt>
      <trkpt lat="46.330093" lon="23.283457">
        <ele>1416.588</ele>
        <time>2023-02-19T11:36:52Z</time>
      </trkpt>
      <trkpt lat="46.330050" lon="23.283417">
        <ele>1416.730</ele>
        <time>2023-02-19T11:36:55Z</time>
      </trkpt>
      <trkpt lat="46.330012" lon="23.283374">
        <ele>1418.678</ele>
        <time>2023-02-19T11:37:00Z</time>
      </trkpt>
      <trkpt lat="46.329971" lon="23.283335">
        <ele>1422.133</ele>
        <time>2023-02-19T11:37:06Z</time>
      </trkpt>
      <trkpt lat="46.329946" lon="23.283278">
        <ele>1422.626</ele>
        <time>2023-02-19T11:37:19Z</time>
      </trkpt>
      <trkpt lat="46.329921" lon="23.283219">
        <ele>1422.909</ele>
        <time>2023-02-19T11:37:28Z</time>
      </trkpt>
      <trkpt lat="46.329922" lon="23.283151">
        <ele>1422.628</ele>
        <time>2023-02-19T11:37:42Z</time>
      </trkpt>
      <trkpt lat="46.329904" lon="23.283076">
        <ele>1422.689</ele>
        <time>2023-02-19T11:37:57Z</time>
      </trkpt>
      <trkpt lat="46.329892" lon="23.283139">
        <ele>1422.673</ele>
        <time>2023-02-19T11:38:16Z</time>
      </trkpt>
      <trkpt lat="46.329935" lon="23.283111">
        <ele>1428.240</ele>
        <time>2023-02-19T11:42:36Z</time>
      </trkpt>
      <trkpt lat="46.329929" lon="23.283184">
        <ele>1427.990</ele>
        <time>2023-02-19T11:43:57Z</time>
      </trkpt>
      <trkpt lat="46.329961" lon="23.283232">
        <ele>1427.522</ele>
        <time>2023-02-19T11:44:03Z</time>
      </trkpt>
      <trkpt lat="46.330008" lon="23.283267">
        <ele>1426.938</ele>
        <time>2023-02-19T11:44:08Z</time>
      </trkpt>
      <trkpt lat="46.330047" lon="23.283301">
        <ele>1426.884</ele>
        <time>2023-02-19T11:44:12Z</time>
      </trkpt>
      <trkpt lat="46.330076" lon="23.283353">
        <ele>1426.336</ele>
        <time>2023-02-19T11:44:20Z</time>
      </trkpt>
      <trkpt lat="46.330074" lon="23.283428">
        <ele>1421.777</ele>
        <time>2023-02-19T11:44:29Z</time>
      </trkpt>
      <trkpt lat="46.330095" lon="23.283491">
        <ele>1420.161</ele>
        <time>2023-02-19T11:44:37Z</time>
      </trkpt>
      <trkpt lat="46.330116" lon="23.283563">
        <ele>1419.127</ele>
        <time>2023-02-19T11:44:40Z</time>
      </trkpt>
      <trkpt lat="46.330152" lon="23.283622">
        <ele>1418.209</ele>
        <time>2023-02-19T11:44:45Z</time>
      </trkpt>
      <trkpt lat="46.330195" lon="23.283667">
        <ele>1417.258</ele>
        <time>2023-02-19T11:44:49Z</time>
      </trkpt>
      <trkpt lat="46.330237" lon="23.283706">
        <ele>1416.069</ele>
        <time>2023-02-19T11:44:54Z</time>
      </trkpt>
      <trkpt lat="46.330261" lon="23.283762">
        <ele>1413.253</ele>
        <time>2023-02-19T11:45:08Z</time>
      </trkpt>
      <trkpt lat="46.330295" lon="23.283807">
        <ele>1412.620</ele>
        <time>2023-02-19T11:45:15Z</time>
      </trkpt>
      <trkpt lat="46.330340" lon="23.283835">
        <ele>1410.920</ele>
        <time>2023-02-19T11:45:24Z</time>
      </trkpt>
      <trkpt lat="46.330361" lon="23.283894">
        <ele>1410.272</ele>
        <time>2023-02-19T11:45:32Z</time>
      </trkpt>
      <trkpt lat="46.330368" lon="23.283962">
        <ele>1409.228</ele>
        <time>2023-02-19T11:45:41Z</time>
      </trkpt>
      <trkpt lat="46.330400" lon="23.284035">
        <ele>1409.114</ele>
        <time>2023-02-19T11:45:49Z</time>
      </trkpt>
      <trkpt lat="46.330445" lon="23.284078">
        <ele>1408.696</ele>
        <time>2023-02-19T11:45:54Z</time>
      </trkpt>
      <trkpt lat="46.330487" lon="23.284107">
        <ele>1408.696</ele>
        <time>2023-02-19T11:45:57Z</time>
      </trkpt>
      <trkpt lat="46.330533" lon="23.284146">
        <ele>1410.231</ele>
        <time>2023-02-19T11:46:01Z</time>
      </trkpt>
      <trkpt lat="46.330575" lon="23.284203">
        <ele>1411.824</ele>
        <time>2023-02-19T11:46:04Z</time>
      </trkpt>
      <trkpt lat="46.330605" lon="23.284266">
        <ele>1412.909</ele>
        <time>2023-02-19T11:46:10Z</time>
      </trkpt>
      <trkpt lat="46.330623" lon="23.284328">
        <ele>1413.560</ele>
        <time>2023-02-19T11:46:21Z</time>
      </trkpt>
      <trkpt lat="46.330668" lon="23.284293">
        <ele>1413.551</ele>
        <time>2023-02-19T11:46:26Z</time>
      </trkpt>
      <trkpt lat="46.330635" lon="23.284223">
        <ele>1413.815</ele>
        <time>2023-02-19T11:46:37Z</time>
      </trkpt>
      <trkpt lat="46.330597" lon="23.284271">
        <ele>1414.392</ele>
        <time>2023-02-19T11:46:41Z</time>
      </trkpt>
      <trkpt lat="46.330620" lon="23.284333">
        <ele>1414.712</ele>
        <time>2023-02-19T11:46:44Z</time>
      </trkpt>
      <trkpt lat="46.330643" lon="23.284395">
        <ele>1415.994</ele>
        <time>2023-02-19T11:46:48Z</time>
      </trkpt>
      <trkpt lat="46.330653" lon="23.284459">
        <ele>1417.420</ele>
        <time>2023-02-19T11:46:54Z</time>
      </trkpt>
      <trkpt lat="46.330708" lon="23.284484">
        <ele>1418.486</ele>
        <time>2023-02-19T11:47:04Z</time>
      </trkpt>
      <trkpt lat="46.330746" lon="23.284525">
        <ele>1421.068</ele>
        <time>2023-02-19T11:47:25Z</time>
      </trkpt>
      <trkpt lat="46.330791" lon="23.284513">
        <ele>1422.853</ele>
        <time>2023-02-19T11:48:03Z</time>
      </trkpt>
      <trkpt lat="46.330833" lon="23.284484">
        <ele>1423.704</ele>
        <time>2023-02-19T11:48:12Z</time>
      </trkpt>
      <trkpt lat="46.330853" lon="23.284552">
        <ele>1424.014</ele>
        <time>2023-02-19T11:48:20Z</time>
      </trkpt>
      <trkpt lat="46.330886" lon="23.284606">
        <ele>1424.909</ele>
        <time>2023-02-19T11:48:28Z</time>
      </trkpt>
      <trkpt lat="46.330905" lon="23.284666">
        <ele>1428.216</ele>
        <time>2023-02-19T11:49:19Z</time>
      </trkpt>
      <trkpt lat="46.330952" lon="23.284671">
        <ele>1428.787</ele>
        <time>2023-02-19T11:51:15Z</time>
      </trkpt>
      <trkpt lat="46.330952" lon="23.284736">
        <ele>1428.781</ele>
        <time>2023-02-19T11:51:22Z</time>
      </trkpt>
      <trkpt lat="46.330956" lon="23.284801">
        <ele>1428.688</ele>
        <time>2023-02-19T11:51:43Z</time>
      </trkpt>
      <trkpt lat="46.330985" lon="23.284853">
        <ele>1428.558</ele>
        <time>2023-02-19T11:52:10Z</time>
      </trkpt>
      <trkpt lat="46.330965" lon="23.284922">
        <ele>1425.160</ele>
        <time>2023-02-19T11:52:44Z</time>
      </trkpt>
      <trkpt lat="46.330981" lon="23.285021">
        <ele>1422.866</ele>
        <time>2023-02-19T11:52:47Z</time>
      </trkpt>
      <trkpt lat="46.330995" lon="23.285090">
        <ele>1420.652</ele>
        <time>2023-02-19T11:52:49Z</time>
      </trkpt>
      <trkpt lat="46.331027" lon="23.285141">
        <ele>1419.554</ele>
        <time>2023-02-19T11:52:54Z</time>
      </trkpt>
      <trkpt lat="46.331070" lon="23.285120">
        <ele>1419.434</ele>
        <time>2023-02-19T11:53:00Z</time>
      </trkpt>
      <trkpt lat="46.331115" lon="23.285113">
        <ele>1419.355</ele>
        <time>2023-02-19T11:53:06Z</time>
      </trkpt>
      <trkpt lat="46.331161" lon="23.285113">
        <ele>1417.310</ele>
        <time>2023-02-19T11:53:39Z</time>
      </trkpt>
      <trkpt lat="46.331130" lon="23.285164">
        <ele>1414.209</ele>
        <time>2023-02-19T11:54:18Z</time>
      </trkpt>
      <trkpt lat="46.331132" lon="23.285231">
        <ele>1413.174</ele>
        <time>2023-02-19T11:54:25Z</time>
      </trkpt>
      <trkpt lat="46.331129" lon="23.285300">
        <ele>1411.565</ele>
        <time>2023-02-19T11:54:34Z</time>
      </trkpt>
      <trkpt lat="46.331167" lon="23.285396">
        <ele>1408.919</ele>
        <time>2023-02-19T11:57:01Z</time>
      </trkpt>
      <trkpt lat="46.331077" lon="23.285237">
        <ele>1408.826</ele>
        <time>2023-02-19T12:00:55Z</time>
      </trkpt>
      <trkpt lat="46.331030" lon="23.285270">
        <ele>1408.986</ele>
        <time>2023-02-19T12:03:11Z</time>
      </trkpt>
      <trkpt lat="46.331029" lon="23.285345">
        <ele>1409.388</ele>
        <time>2023-02-19T12:03:28Z</time>
      </trkpt>
      <trkpt lat="46.331057" lon="23.285407">
        <ele>1409.374</ele>
        <time>2023-02-19T12:03:39Z</time>
      </trkpt>
      <trkpt lat="46.331045" lon="23.285481">
        <ele>1409.230</ele>
        <time>2023-02-19T12:03:43Z</time>
      </trkpt>
      <trkpt lat="46.331084" lon="23.285524">
        <ele>1408.352</ele>
        <time>2023-02-19T12:03:49Z</time>
      </trkpt>
      <trkpt lat="46.331059" lon="23.285586">
        <ele>1407.598</ele>
        <time>2023-02-19T12:04:05Z</time>
      </trkpt>
      <trkpt lat="46.331062" lon="23.285675">
        <ele>1406.915</ele>
        <time>2023-02-19T12:04:10Z</time>
      </trkpt>
      <trkpt lat="46.331073" lon="23.285739">
        <ele>1405.526</ele>
        <time>2023-02-19T12:04:16Z</time>
      </trkpt>
      <trkpt lat="46.331075" lon="23.285811">
        <ele>1401.709</ele>
        <time>2023-02-19T12:04:47Z</time>
      </trkpt>
      <trkpt lat="46.331115" lon="23.285861">
        <ele>1400.890</ele>
        <time>2023-02-19T12:05:13Z</time>
      </trkpt>
      <trkpt lat="46.331091" lon="23.285803">
        <ele>1399.711</ele>
        <time>2023-02-19T12:05:27Z</time>
      </trkpt>
      <trkpt lat="46.331090" lon="23.285879">
        <ele>1397.475</ele>
        <time>2023-02-19T12:05:48Z</time>
      </trkpt>
      <trkpt lat="46.331051" lon="23.285845">
        <ele>1394.112</ele>
        <time>2023-02-19T12:06:23Z</time>
      </trkpt>
      <trkpt lat="46.331058" lon="23.285700">
        <ele>1392.122</ele>
        <time>2023-02-19T12:07:38Z</time>
      </trkpt>
      <trkpt lat="46.331050" lon="23.285768">
        <ele>1391.584</ele>
        <time>2023-02-19T12:07:51Z</time>
      </trkpt>
      <trkpt lat="46.331033" lon="23.285845">
        <ele>1391.480</ele>
        <time>2023-02-19T12:07:56Z</time>
      </trkpt>
      <trkpt lat="46.330988" lon="23.285857">
        <ele>1388.616</ele>
        <time>2023-02-19T12:08:06Z</time>
      </trkpt>
      <trkpt lat="46.330956" lon="23.285807">
        <ele>1388.278</ele>
        <time>2023-02-19T12:08:10Z</time>
      </trkpt>
      <trkpt lat="46.330953" lon="23.285875">
        <ele>1386.751</ele>
        <time>2023-02-19T12:08:25Z</time>
      </trkpt>
      <trkpt lat="46.330985" lon="23.285933">
        <ele>1386.101</ele>
        <time>2023-02-19T12:08:31Z</time>
      </trkpt>
      <trkpt lat="46.330965" lon="23.285991">
        <ele>1385.011</ele>
        <time>2023-02-19T12:08:45Z</time>
      </trkpt>
      <trkpt lat="46.330929" lon="23.285952">
        <ele>1381.209</ele>
        <time>2023-02-19T12:09:10Z</time>
      </trkpt>
      <trkpt lat="46.330920" lon="23.286016">
        <ele>1381.016</ele>
        <time>2023-02-19T12:09:23Z</time>
      </trkpt>
      <trkpt lat="46.330874" lon="23.286003">
        <ele>1380.817</ele>
        <time>2023-02-19T12:09:36Z</time>
      </trkpt>
      <trkpt lat="46.330869" lon="23.286103">
        <ele>1379.831</ele>
        <time>2023-02-19T12:10:01Z</time>
      </trkpt>
      <trkpt lat="46.330903" lon="23.286152">
        <ele>1377.428</ele>
        <time>2023-02-19T12:10:22Z</time>
      </trkpt>
      <trkpt lat="46.330856" lon="23.286165">
        <ele>1377.148</ele>
        <time>2023-02-19T12:10:28Z</time>
      </trkpt>
      <trkpt lat="46.330629" lon="23.286052">
        <ele>1376.510</ele>
        <time>2023-02-19T12:10:40Z</time>
      </trkpt>
      <trkpt lat="46.330486" lon="23.286179">
        <ele>1376.186</ele>
        <time>2023-02-19T12:10:42Z</time>
      </trkpt>
      <trkpt lat="46.330544" lon="23.286279">
        <ele>1374.882</ele>
        <time>2023-02-19T12:10:44Z</time>
      </trkpt>
      <trkpt lat="46.330555" lon="23.286205">
        <ele>1374.854</ele>
        <time>2023-02-19T12:10:45Z</time>
      </trkpt>
      <trkpt lat="46.330594" lon="23.286152">
        <ele>1375.411</ele>
        <time>2023-02-19T12:10:47Z</time>
      </trkpt>
      <trkpt lat="46.330653" lon="23.286198">
        <ele>1375.521</ele>
        <time>2023-02-19T12:10:48Z</time>
      </trkpt>
      <trkpt lat="46.330679" lon="23.286267">
        <ele>1375.603</ele>
        <time>2023-02-19T12:10:50Z</time>
      </trkpt>
      <trkpt lat="46.330719" lon="23.286328">
        <ele>1375.709</ele>
        <time>2023-02-19T12:10:55Z</time>
      </trkpt>
      <trkpt lat="46.330713" lon="23.286412">
        <ele>1376.232</ele>
        <time>2023-02-19T12:11:02Z</time>
      </trkpt>
      <trkpt lat="46.330758" lon="23.286451">
        <ele>1375.783</ele>
        <time>2023-02-19T12:11:12Z</time>
      </trkpt>
      <trkpt lat="46.330746" lon="23.286524">
        <ele>1375.337</ele>
        <time>2023-02-19T12:11:15Z</time>
      </trkpt>
      <trkpt lat="46.330739" lon="23.286457">
        <ele>1374.774</ele>
        <time>2023-02-19T12:11:20Z</time>
      </trkpt>
      <trkpt lat="46.330665" lon="23.286629">
        <ele>1368.514</ele>
        <time>2023-02-19T12:13:12Z</time>
      </trkpt>
      <trkpt lat="46.330594" lon="23.286699">
        <ele>1368.156</ele>
        <time>2023-02-19T12:13:34Z</time>
      </trkpt>
      <trkpt lat="46.330559" lon="23.286744">
        <ele>1368.012</ele>
        <time>2023-02-19T12:13:47Z</time>
      </trkpt>
      <trkpt lat="46.330444" lon="23.286894">
        <ele>1367.938</ele>
        <time>2023-02-19T12:13:48Z</time>
      </trkpt>
      <trkpt lat="46.330486" lon="23.286871">
        <ele>1359.790</ele>
        <time>2023-02-19T12:15:14Z</time>
      </trkpt>
      <trkpt lat="46.330451" lon="23.286927">
        <ele>1359.673</ele>
        <time>2023-02-19T12:15:18Z</time>
      </trkpt>
      <trkpt lat="46.330452" lon="23.287007">
        <ele>1359.685</ele>
        <time>2023-02-19T12:15:22Z</time>
      </trkpt>
      <trkpt lat="46.330456" lon="23.287075">
        <ele>1359.613</ele>
        <time>2023-02-19T12:15:30Z</time>
      </trkpt>
      <trkpt lat="46.330464" lon="23.287146">
        <ele>1354.309</ele>
        <time>2023-02-19T12:15:39Z</time>
      </trkpt>
      <trkpt lat="46.330506" lon="23.287182">
        <ele>1353.838</ele>
        <time>2023-02-19T12:15:46Z</time>
      </trkpt>
      <trkpt lat="46.330536" lon="23.287233">
        <ele>1347.549</ele>
        <time>2023-02-19T12:16:28Z</time>
      </trkpt>
      <trkpt lat="46.330556" lon="23.287298">
        <ele>1344.623</ele>
        <time>2023-02-19T12:16:38Z</time>
      </trkpt>
      <trkpt lat="46.330578" lon="23.287358">
        <ele>1343.450</ele>
        <time>2023-02-19T12:16:52Z</time>
      </trkpt>
      <trkpt lat="46.330576" lon="23.287432">
        <ele>1341.420</ele>
        <time>2023-02-19T12:16:58Z</time>
      </trkpt>
      <trkpt lat="46.330605" lon="23.287482">
        <ele>1339.972</ele>
        <time>2023-02-19T12:17:04Z</time>
      </trkpt>
      <trkpt lat="46.330637" lon="23.287425">
        <ele>1333.358</ele>
        <time>2023-02-19T12:17:44Z</time>
      </trkpt>
      <trkpt lat="46.330653" lon="23.287487">
        <ele>1332.524</ele>
        <time>2023-02-19T12:18:00Z</time>
      </trkpt>
      <trkpt lat="46.330672" lon="23.287547">
        <ele>1331.686</ele>
        <time>2023-02-19T12:18:10Z</time>
      </trkpt>
      <trkpt lat="46.330711" lon="23.287589">
        <ele>1328.419</ele>
        <time>2023-02-19T12:18:15Z</time>
      </trkpt>
      <trkpt lat="46.330754" lon="23.287617">
        <ele>1325.409</ele>
        <time>2023-02-19T12:18:25Z</time>
      </trkpt>
      <trkpt lat="46.330751" lon="23.287683">
        <ele>1322.419</ele>
        <time>2023-02-19T12:18:36Z</time>
      </trkpt>
      <trkpt lat="46.330741" lon="23.287756">
        <ele>1319.609</ele>
        <time>2023-02-19T12:18:45Z</time>
      </trkpt>
      <trkpt lat="46.330745" lon="23.287826">
        <ele>1317.862</ele>
        <time>2023-02-19T12:18:49Z</time>
      </trkpt>
      <trkpt lat="46.330711" lon="23.287879">
        <ele>1317.523</ele>
        <time>2023-02-19T12:18:54Z</time>
      </trkpt>
      <trkpt lat="46.330709" lon="23.287945">
        <ele>1315.787</ele>
        <time>2023-02-19T12:19:01Z</time>
      </trkpt>
      <trkpt lat="46.330729" lon="23.287886">
        <ele>1313.164</ele>
        <time>2023-02-19T12:20:21Z</time>
      </trkpt>
      <trkpt lat="46.330728" lon="23.287952">
        <ele>1312.854</ele>
        <time>2023-02-19T12:20:45Z</time>
      </trkpt>
      <trkpt lat="46.330730" lon="23.288020">
        <ele>1312.666</ele>
        <time>2023-02-19T12:21:05Z</time>
      </trkpt>
      <trkpt lat="46.330722" lon="23.288091">
        <ele>1306.942</ele>
        <time>2023-02-19T12:21:17Z</time>
      </trkpt>
      <trkpt lat="46.330742" lon="23.288154">
        <ele>1300.968</ele>
        <time>2023-02-19T12:21:58Z</time>
      </trkpt>
      <trkpt lat="46.330761" lon="23.288217">
        <ele>1300.790</ele>
        <time>2023-02-19T12:22:06Z</time>
      </trkpt>
      <trkpt lat="46.330759" lon="23.288296">
        <ele>1300.671</ele>
        <time>2023-02-19T12:22:13Z</time>
      </trkpt>
      <trkpt lat="46.330745" lon="23.288359">
        <ele>1297.341</ele>
        <time>2023-02-19T12:22:35Z</time>
      </trkpt>
      <trkpt lat="46.330710" lon="23.288311">
        <ele>1294.215</ele>
        <time>2023-02-19T12:22:41Z</time>
      </trkpt>
      <trkpt lat="46.330677" lon="23.288261">
        <ele>1294.109</ele>
        <time>2023-02-19T12:22:46Z</time>
      </trkpt>
      <trkpt lat="46.330702" lon="23.288325">
        <ele>1293.028</ele>
        <time>2023-02-19T12:23:00Z</time>
      </trkpt>
      <trkpt lat="46.330666" lon="23.288369">
        <ele>1289.589</ele>
        <time>2023-02-19T12:23:13Z</time>
      </trkpt>
      <trkpt lat="46.330637" lon="23.288297">
        <ele>1288.413</ele>
        <time>2023-02-19T12:23:17Z</time>
      </trkpt>
      <trkpt lat="46.330590" lon="23.288261">
        <ele>1288.390</ele>
        <time>2023-02-19T12:23:20Z</time>
      </trkpt>
      <trkpt lat="46.330536" lon="23.288273">
        <ele>1287.940</ele>
        <time>2023-02-19T12:23:24Z</time>
      </trkpt>
      <trkpt lat="46.330525" lon="23.288340">
        <ele>1287.632</ele>
        <time>2023-02-19T12:23:29Z</time>
      </trkpt>
      <trkpt lat="46.330505" lon="23.288402">
        <ele>1286.468</ele>
        <time>2023-02-19T12:23:34Z</time>
      </trkpt>
      <trkpt lat="46.330514" lon="23.288468">
        <ele>1284.474</ele>
        <time>2023-02-19T12:23:42Z</time>
      </trkpt>
      <trkpt lat="46.330486" lon="23.288521">
        <ele>1282.146</ele>
        <time>2023-02-19T12:24:12Z</time>
      </trkpt>
      <trkpt lat="46.330519" lon="23.288607">
        <ele>1278.592</ele>
        <time>2023-02-19T12:24:29Z</time>
      </trkpt>
      <trkpt lat="46.330558" lon="23.288673">
        <ele>1277.073</ele>
        <time>2023-02-19T12:24:32Z</time>
      </trkpt>
      <trkpt lat="46.330599" lon="23.288714">
        <ele>1277.020</ele>
        <time>2023-02-19T12:24:37Z</time>
      </trkpt>
      <trkpt lat="46.330639" lon="23.288749">
        <ele>1276.809</ele>
        <time>2023-02-19T12:24:46Z</time>
      </trkpt>
      <trkpt lat="46.330667" lon="23.288815">
        <ele>1274.470</ele>
        <time>2023-02-19T12:24:51Z</time>
      </trkpt>
      <trkpt lat="46.330700" lon="23.288877">
        <ele>1274.141</ele>
        <time>2023-02-19T12:24:55Z</time>
      </trkpt>
      <trkpt lat="46.330678" lon="23.288936">
        <ele>1272.695</ele>
        <time>2023-02-19T12:25:22Z</time>
      </trkpt>
      <trkpt lat="46.330666" lon="23.289003">
        <ele>1272.682</ele>
        <time>2023-02-19T12:25:26Z</time>
      </trkpt>
      <trkpt lat="46.330621" lon="23.288940">
        <ele>1272.652</ele>
        <time>2023-02-19T12:25:38Z</time>
      </trkpt>
      <trkpt lat="46.330584" lon="23.288984">
        <ele>1272.714</ele>
        <time>2023-02-19T12:25:46Z</time>
      </trkpt>
      <trkpt lat="46.330541" lon="23.289011">
        <ele>1272.630</ele>
        <time>2023-02-19T12:25:54Z</time>
      </trkpt>
      <trkpt lat="46.330504" lon="23.288973">
        <ele>1272.286</ele>
        <time>2023-02-19T12:26:02Z</time>
      </trkpt>
      <trkpt lat="46.330412" lon="23.288885">
        <ele>1271.348</ele>
        <time>2023-02-19T12:26:19Z</time>
      </trkpt>
      <trkpt lat="46.330368" lon="23.288901">
        <ele>1271.295</ele>
        <time>2023-02-19T12:26:24Z</time>
      </trkpt>
      <trkpt lat="46.330351" lon="23.288776">
        <ele>1271.349</ele>
        <time>2023-02-19T12:26:47Z</time>
      </trkpt>
      <trkpt lat="46.330363" lon="23.288709">
        <ele>1271.523</ele>
        <time>2023-02-19T12:26:54Z</time>
      </trkpt>
      <trkpt lat="46.330408" lon="23.288644">
        <ele>1271.609</ele>
        <time>2023-02-19T12:27:49Z</time>
      </trkpt>
      <trkpt lat="46.330436" lon="23.288723">
        <ele>1271.840</ele>
        <time>2023-02-19T12:28:15Z</time>
      </trkpt>
      <trkpt lat="46.330521" lon="23.289006">
        <ele>1272.011</ele>
        <time>2023-02-19T12:29:04Z</time>
      </trkpt>
      <trkpt lat="46.330546" lon="23.289223">
        <ele>1272.155</ele>
        <time>2023-02-19T12:29:22Z</time>
      </trkpt>
      <trkpt lat="46.330544" lon="23.289300">
        <ele>1272.122</ele>
        <time>2023-02-19T12:29:34Z</time>
      </trkpt>
      <trkpt lat="46.330146" lon="23.289189">
        <ele>1272.192</ele>
        <time>2023-02-19T12:29:43Z</time>
      </trkpt>
      <trkpt lat="46.330237" lon="23.289293">
        <ele>1271.744</ele>
        <time>2023-02-19T12:29:45Z</time>
      </trkpt>
      <trkpt lat="46.330258" lon="23.289355">
        <ele>1271.350</ele>
        <time>2023-02-19T12:29:49Z</time>
      </trkpt>
      <trkpt lat="46.330236" lon="23.289439">
        <ele>1270.946</ele>
        <time>2023-02-19T12:29:53Z</time>
      </trkpt>
      <trkpt lat="46.330214" lon="23.289498">
        <ele>1269.838</ele>
        <time>2023-02-19T12:29:55Z</time>
      </trkpt>
      <trkpt lat="46.330223" lon="23.289567">
        <ele>1268.932</ele>
        <time>2023-02-19T12:29:58Z</time>
      </trkpt>
      <trkpt lat="46.330195" lon="23.289625">
        <ele>1268.692</ele>
        <time>2023-02-19T12:30:09Z</time>
      </trkpt>
      <trkpt lat="46.330153" lon="23.289676">
        <ele>1268.411</ele>
        <time>2023-02-19T12:30:15Z</time>
      </trkpt>
      <trkpt lat="46.330106" lon="23.289716">
        <ele>1268.309</ele>
        <time>2023-02-19T12:30:18Z</time>
      </trkpt>
      <trkpt lat="46.330045" lon="23.289743">
        <ele>1268.214</ele>
        <time>2023-02-19T12:30:21Z</time>
      </trkpt>
      <trkpt lat="46.329830" lon="23.289819">
        <ele>1268.125</ele>
        <time>2023-02-19T12:30:23Z</time>
      </trkpt>
      <trkpt lat="46.329770" lon="23.289797">
        <ele>1267.589</ele>
        <time>2023-02-19T12:30:25Z</time>
      </trkpt>
      <trkpt lat="46.329809" lon="23.289840">
        <ele>1267.496</ele>
        <time>2023-02-19T12:30:40Z</time>
      </trkpt>
      <trkpt lat="46.329827" lon="23.289906">
        <ele>1267.386</ele>
        <time>2023-02-19T12:30:47Z</time>
      </trkpt>
      <trkpt lat="46.329841" lon="23.289983">
        <ele>1267.278</ele>
        <time>2023-02-19T12:30:52Z</time>
      </trkpt>
      <trkpt lat="46.329866" lon="23.290037">
        <ele>1267.274</ele>
        <time>2023-02-19T12:30:55Z</time>
      </trkpt>
      <trkpt lat="46.329848" lon="23.290106">
        <ele>1267.090</ele>
        <time>2023-02-19T12:31:03Z</time>
      </trkpt>
      <trkpt lat="46.329806" lon="23.290135">
        <ele>1266.252</ele>
        <time>2023-02-19T12:31:06Z</time>
      </trkpt>
      <trkpt lat="46.329787" lon="23.290210">
        <ele>1265.854</ele>
        <time>2023-02-19T12:31:14Z</time>
      </trkpt>
      <trkpt lat="46.329788" lon="23.290301">
        <ele>1265.556</ele>
        <time>2023-02-19T12:31:17Z</time>
      </trkpt>
      <trkpt lat="46.329790" lon="23.290370">
        <ele>1265.311</ele>
        <time>2023-02-19T12:31:20Z</time>
      </trkpt>
      <trkpt lat="46.329795" lon="23.290445">
        <ele>1265.109</ele>
        <time>2023-02-19T12:31:22Z</time>
      </trkpt>
      <trkpt lat="46.329792" lon="23.290517">
        <ele>1264.856</ele>
        <time>2023-02-19T12:31:26Z</time>
      </trkpt>
      <trkpt lat="46.329796" lon="23.290588">
        <ele>1264.567</ele>
        <time>2023-02-19T12:31:29Z</time>
      </trkpt>
      <trkpt lat="46.329805" lon="23.290685">
        <ele>1264.431</ele>
        <time>2023-02-19T12:31:32Z</time>
      </trkpt>
      <trkpt lat="46.329807" lon="23.290754">
        <ele>1264.488</ele>
        <time>2023-02-19T12:31:35Z</time>
      </trkpt>
      <trkpt lat="46.329806" lon="23.290831">
        <ele>1263.968</ele>
        <time>2023-02-19T12:31:39Z</time>
      </trkpt>
      <trkpt lat="46.329797" lon="23.290913">
        <ele>1263.850</ele>
        <time>2023-02-19T12:31:43Z</time>
      </trkpt>
      <trkpt lat="46.329791" lon="23.290989">
        <ele>1263.886</ele>
        <time>2023-02-19T12:31:48Z</time>
      </trkpt>
      <trkpt lat="46.329770" lon="23.291058">
        <ele>1263.792</ele>
        <time>2023-02-19T12:31:55Z</time>
      </trkpt>
      <trkpt lat="46.329752" lon="23.291121">
        <ele>1263.754</ele>
        <time>2023-02-19T12:32:01Z</time>
      </trkpt>
      <trkpt lat="46.329734" lon="23.291182">
        <ele>1263.841</ele>
        <time>2023-02-19T12:32:05Z</time>
      </trkpt>
      <trkpt lat="46.329711" lon="23.291240">
        <ele>1263.981</ele>
        <time>2023-02-19T12:32:08Z</time>
      </trkpt>
      <trkpt lat="46.329681" lon="23.291308">
        <ele>1264.109</ele>
        <time>2023-02-19T12:32:12Z</time>
      </trkpt>
      <trkpt lat="46.329651" lon="23.291376">
        <ele>1264.609</ele>
        <time>2023-02-19T12:32:16Z</time>
      </trkpt>
      <trkpt lat="46.329629" lon="23.291439">
        <ele>1264.785</ele>
        <time>2023-02-19T12:32:19Z</time>
      </trkpt>
      <trkpt lat="46.329603" lon="23.291501">
        <ele>1265.276</ele>
        <time>2023-02-19T12:32:23Z</time>
      </trkpt>
      <trkpt lat="46.329584" lon="23.291568">
        <ele>1265.440</ele>
        <time>2023-02-19T12:32:26Z</time>
      </trkpt>
      <trkpt lat="46.329564" lon="23.291631">
        <ele>1265.597</ele>
        <time>2023-02-19T12:32:30Z</time>
      </trkpt>
      <trkpt lat="46.329539" lon="23.291688">
        <ele>1265.727</ele>
        <time>2023-02-19T12:32:35Z</time>
      </trkpt>
      <trkpt lat="46.329493" lon="23.291726">
        <ele>1265.939</ele>
        <time>2023-02-19T12:32:42Z</time>
      </trkpt>
      <trkpt lat="46.329445" lon="23.291752">
        <ele>1266.195</ele>
        <time>2023-02-19T12:32:47Z</time>
      </trkpt>
      <trkpt lat="46.329385" lon="23.291797">
        <ele>1266.251</ele>
        <time>2023-02-19T12:32:51Z</time>
      </trkpt>
      <trkpt lat="46.329345" lon="23.291829">
        <ele>1266.393</ele>
        <time>2023-02-19T12:32:54Z</time>
      </trkpt>
      <trkpt lat="46.329303" lon="23.291855">
        <ele>1266.698</ele>
        <time>2023-02-19T12:33:00Z</time>
      </trkpt>
      <trkpt lat="46.329264" lon="23.291890">
        <ele>1266.615</ele>
        <time>2023-02-19T12:33:03Z</time>
      </trkpt>
      <trkpt lat="46.329221" lon="23.291920">
        <ele>1266.826</ele>
        <time>2023-02-19T12:33:08Z</time>
      </trkpt>
      <trkpt lat="46.329175" lon="23.291945">
        <ele>1267.009</ele>
        <time>2023-02-19T12:33:12Z</time>
      </trkpt>
      <trkpt lat="46.329132" lon="23.291968">
        <ele>1267.140</ele>
        <time>2023-02-19T12:33:17Z</time>
      </trkpt>
      <trkpt lat="46.329078" lon="23.291985">
        <ele>1267.161</ele>
        <time>2023-02-19T12:33:24Z</time>
      </trkpt>
      <trkpt lat="46.329032" lon="23.291982">
        <ele>1267.295</ele>
        <time>2023-02-19T12:33:29Z</time>
      </trkpt>
      <trkpt lat="46.328982" lon="23.291989">
        <ele>1267.282</ele>
        <time>2023-02-19T12:33:32Z</time>
      </trkpt>
      <trkpt lat="46.328921" lon="23.292005">
        <ele>1267.372</ele>
        <time>2023-02-19T12:33:36Z</time>
      </trkpt>
      <trkpt lat="46.328872" lon="23.292028">
        <ele>1267.454</ele>
        <time>2023-02-19T12:33:39Z</time>
      </trkpt>
      <trkpt lat="46.328814" lon="23.292064">
        <ele>1267.530</ele>
        <time>2023-02-19T12:33:42Z</time>
      </trkpt>
      <trkpt lat="46.328764" lon="23.292080">
        <ele>1267.626</ele>
        <time>2023-02-19T12:33:44Z</time>
      </trkpt>
      <trkpt lat="46.328713" lon="23.292108">
        <ele>1267.668</ele>
        <time>2023-02-19T12:33:47Z</time>
      </trkpt>
      <trkpt lat="46.328667" lon="23.292144">
        <ele>1267.493</ele>
        <time>2023-02-19T12:33:51Z</time>
      </trkpt>
      <trkpt lat="46.328620" lon="23.292185">
        <ele>1266.765</ele>
        <time>2023-02-19T12:33:56Z</time>
      </trkpt>
      <trkpt lat="46.328572" lon="23.292201">
        <ele>1266.521</ele>
        <time>2023-02-19T12:34:01Z</time>
      </trkpt>
      <trkpt lat="46.328519" lon="23.292227">
        <ele>1266.409</ele>
        <time>2023-02-19T12:34:06Z</time>
      </trkpt>
      <trkpt lat="46.328469" lon="23.292251">
        <ele>1266.360</ele>
        <time>2023-02-19T12:34:11Z</time>
      </trkpt>
      <trkpt lat="46.328417" lon="23.292253">
        <ele>1266.131</ele>
        <time>2023-02-19T12:34:17Z</time>
      </trkpt>
      <trkpt lat="46.328370" lon="23.292253">
        <ele>1265.915</ele>
        <time>2023-02-19T12:34:21Z</time>
      </trkpt>
      <trkpt lat="46.328312" lon="23.292247">
        <ele>1265.582</ele>
        <time>2023-02-19T12:34:25Z</time>
      </trkpt>
      <trkpt lat="46.328264" lon="23.292248">
        <ele>1265.592</ele>
        <time>2023-02-19T12:34:28Z</time>
      </trkpt>
      <trkpt lat="46.328215" lon="23.292243">
        <ele>1265.564</ele>
        <time>2023-02-19T12:34:31Z</time>
      </trkpt>
      <trkpt lat="46.328167" lon="23.292241">
        <ele>1265.210</ele>
        <time>2023-02-19T12:34:34Z</time>
      </trkpt>
      <trkpt lat="46.328111" lon="23.292231">
        <ele>1265.226</ele>
        <time>2023-02-19T12:34:38Z</time>
      </trkpt>
      <trkpt lat="46.328061" lon="23.292223">
        <ele>1265.418</ele>
        <time>2023-02-19T12:34:42Z</time>
      </trkpt>
      <trkpt lat="46.328014" lon="23.292214">
        <ele>1265.498</ele>
        <time>2023-02-19T12:34:46Z</time>
      </trkpt>
      <trkpt lat="46.327961" lon="23.292216">
        <ele>1265.615</ele>
        <time>2023-02-19T12:34:52Z</time>
      </trkpt>
      <trkpt lat="46.327906" lon="23.292214">
        <ele>1265.926</ele>
        <time>2023-02-19T12:34:57Z</time>
      </trkpt>
      <trkpt lat="46.327860" lon="23.292225">
        <ele>1266.009</ele>
        <time>2023-02-19T12:35:01Z</time>
      </trkpt>
      <trkpt lat="46.327815" lon="23.292233">
        <ele>1266.090</ele>
        <time>2023-02-19T12:35:06Z</time>
      </trkpt>
      <trkpt lat="46.327765" lon="23.292243">
        <ele>1266.241</ele>
        <time>2023-02-19T12:35:12Z</time>
      </trkpt>
      <trkpt lat="46.327714" lon="23.292239">
        <ele>1266.385</ele>
        <time>2023-02-19T12:35:20Z</time>
      </trkpt>
      <trkpt lat="46.327663" lon="23.292231">
        <ele>1266.522</ele>
        <time>2023-02-19T12:35:26Z</time>
      </trkpt>
      <trkpt lat="46.327615" lon="23.292218">
        <ele>1266.752</ele>
        <time>2023-02-19T12:35:31Z</time>
      </trkpt>
      <trkpt lat="46.327566" lon="23.292226">
        <ele>1267.144</ele>
        <time>2023-02-19T12:35:38Z</time>
      </trkpt>
      <trkpt lat="46.327524" lon="23.292258">
        <ele>1267.340</ele>
        <time>2023-02-19T12:35:44Z</time>
      </trkpt>
      <trkpt lat="46.327483" lon="23.292286">
        <ele>1267.546</ele>
        <time>2023-02-19T12:35:49Z</time>
      </trkpt>
      <trkpt lat="46.327433" lon="23.292295">
        <ele>1267.628</ele>
        <time>2023-02-19T12:35:53Z</time>
      </trkpt>
      <trkpt lat="46.327387" lon="23.292306">
        <ele>1267.752</ele>
        <time>2023-02-19T12:35:57Z</time>
      </trkpt>
      <trkpt lat="46.327345" lon="23.292331">
        <ele>1267.753</ele>
        <time>2023-02-19T12:36:02Z</time>
      </trkpt>
      <trkpt lat="46.327299" lon="23.292367">
        <ele>1267.608</ele>
        <time>2023-02-19T12:36:07Z</time>
      </trkpt>
      <trkpt lat="46.327256" lon="23.292411">
        <ele>1267.709</ele>
        <time>2023-02-19T12:36:12Z</time>
      </trkpt>
      <trkpt lat="46.327217" lon="23.292460">
        <ele>1267.726</ele>
        <time>2023-02-19T12:36:17Z</time>
      </trkpt>
      <trkpt lat="46.327175" lon="23.292505">
        <ele>1267.987</ele>
        <time>2023-02-19T12:36:22Z</time>
      </trkpt>
      <trkpt lat="46.327133" lon="23.292539">
        <ele>1268.121</ele>
        <time>2023-02-19T12:36:27Z</time>
      </trkpt>
      <trkpt lat="46.327090" lon="23.292582">
        <ele>1268.388</ele>
        <time>2023-02-19T12:36:31Z</time>
      </trkpt>
      <trkpt lat="46.327048" lon="23.292607">
        <ele>1268.568</ele>
        <time>2023-02-19T12:36:35Z</time>
      </trkpt>
      <trkpt lat="46.327003" lon="23.292644">
        <ele>1268.980</ele>
        <time>2023-02-19T12:36:40Z</time>
      </trkpt>
      <trkpt lat="46.326958" lon="23.292678">
        <ele>1268.976</ele>
        <time>2023-02-19T12:36:45Z</time>
      </trkpt>
      <trkpt lat="46.326916" lon="23.292705">
        <ele>1269.052</ele>
        <time>2023-02-19T12:36:49Z</time>
      </trkpt>
      <trkpt lat="46.326873" lon="23.292735">
        <ele>1269.034</ele>
        <time>2023-02-19T12:36:54Z</time>
      </trkpt>
      <trkpt lat="46.326828" lon="23.292759">
        <ele>1268.845</ele>
        <time>2023-02-19T12:36:59Z</time>
      </trkpt>
      <trkpt lat="46.326785" lon="23.292795">
        <ele>1268.847</ele>
        <time>2023-02-19T12:37:03Z</time>
      </trkpt>
      <trkpt lat="46.326741" lon="23.292819">
        <ele>1268.811</ele>
        <time>2023-02-19T12:37:07Z</time>
      </trkpt>
      <trkpt lat="46.326694" lon="23.292852">
        <ele>1269.009</ele>
        <time>2023-02-19T12:37:11Z</time>
      </trkpt>
      <trkpt lat="46.326650" lon="23.292881">
        <ele>1269.185</ele>
        <time>2023-02-19T12:37:15Z</time>
      </trkpt>
      <trkpt lat="46.326600" lon="23.292905">
        <ele>1270.296</ele>
        <time>2023-02-19T12:37:19Z</time>
      </trkpt>
      <trkpt lat="46.326547" lon="23.292923">
        <ele>1270.340</ele>
        <time>2023-02-19T12:37:23Z</time>
      </trkpt>
      <trkpt lat="46.326496" lon="23.292928">
        <ele>1270.537</ele>
        <time>2023-02-19T12:37:27Z</time>
      </trkpt>
      <trkpt lat="46.326447" lon="23.292932">
        <ele>1270.547</ele>
        <time>2023-02-19T12:37:31Z</time>
      </trkpt>
      <trkpt lat="46.326394" lon="23.292918">
        <ele>1270.619</ele>
        <time>2023-02-19T12:37:36Z</time>
      </trkpt>
      <trkpt lat="46.326346" lon="23.292917">
        <ele>1270.755</ele>
        <time>2023-02-19T12:37:41Z</time>
      </trkpt>
      <trkpt lat="46.326298" lon="23.292914">
        <ele>1270.851</ele>
        <time>2023-02-19T12:37:45Z</time>
      </trkpt>
      <trkpt lat="46.326251" lon="23.292913">
        <ele>1271.083</ele>
        <time>2023-02-19T12:37:50Z</time>
      </trkpt>
      <trkpt lat="46.326199" lon="23.292918">
        <ele>1271.352</ele>
        <time>2023-02-19T12:37:56Z</time>
      </trkpt>
      <trkpt lat="46.326146" lon="23.292922">
        <ele>1271.553</ele>
        <time>2023-02-19T12:38:01Z</time>
      </trkpt>
      <trkpt lat="46.326099" lon="23.292929">
        <ele>1271.508</ele>
        <time>2023-02-19T12:38:06Z</time>
      </trkpt>
      <trkpt lat="46.326054" lon="23.292934">
        <ele>1272.609</ele>
        <time>2023-02-19T12:39:28Z</time>
      </trkpt>
      <trkpt lat="46.326031" lon="23.292992">
        <ele>1272.666</ele>
        <time>2023-02-19T12:41:11Z</time>
      </trkpt>
      <trkpt lat="46.325984" lon="23.292975">
        <ele>1272.637</ele>
        <time>2023-02-19T12:41:17Z</time>
      </trkpt>
      <trkpt lat="46.325937" lon="23.292961">
        <ele>1272.581</ele>
        <time>2023-02-19T12:41:25Z</time>
      </trkpt>
      <trkpt lat="46.325892" lon="23.292939">
        <ele>1272.518</ele>
        <time>2023-02-19T12:41:32Z</time>
      </trkpt>
      <trkpt lat="46.325842" lon="23.292946">
        <ele>1272.588</ele>
        <time>2023-02-19T12:41:36Z</time>
      </trkpt>
      <trkpt lat="46.325791" lon="23.292942">
        <ele>1272.690</ele>
        <time>2023-02-19T12:41:44Z</time>
      </trkpt>
      <trkpt lat="46.325743" lon="23.292929">
        <ele>1271.786</ele>
        <time>2023-02-19T12:41:49Z</time>
      </trkpt>
      <trkpt lat="46.325695" lon="23.292959">
        <ele>1271.682</ele>
        <time>2023-02-19T12:42:51Z</time>
      </trkpt>
      <trkpt lat="46.325668" lon="23.293019">
        <ele>1271.234</ele>
        <time>2023-02-19T12:43:01Z</time>
      </trkpt>
      <trkpt lat="46.325650" lon="23.293093">
        <ele>1271.141</ele>
        <time>2023-02-19T12:43:07Z</time>
      </trkpt>
      <trkpt lat="46.325639" lon="23.293174">
        <ele>1271.181</ele>
        <time>2023-02-19T12:43:11Z</time>
      </trkpt>
      <trkpt lat="46.325623" lon="23.293262">
        <ele>1271.109</ele>
        <time>2023-02-19T12:43:15Z</time>
      </trkpt>
      <trkpt lat="46.325603" lon="23.293330">
        <ele>1269.309</ele>
        <time>2023-02-19T12:43:18Z</time>
      </trkpt>
      <trkpt lat="46.325593" lon="23.293404">
        <ele>1268.755</ele>
        <time>2023-02-19T12:43:35Z</time>
      </trkpt>
      <trkpt lat="46.325605" lon="23.293469">
        <ele>1268.626</ele>
        <time>2023-02-19T12:43:41Z</time>
      </trkpt>
      <trkpt lat="46.325618" lon="23.293534">
        <ele>1268.410</ele>
        <time>2023-02-19T12:43:46Z</time>
      </trkpt>
      <trkpt lat="46.325622" lon="23.293630">
        <ele>1268.317</ele>
        <time>2023-02-19T12:43:49Z</time>
      </trkpt>
      <trkpt lat="46.325628" lon="23.293711">
        <ele>1268.277</ele>
        <time>2023-02-19T12:43:52Z</time>
      </trkpt>
      <trkpt lat="46.325629" lon="23.293785">
        <ele>1268.089</ele>
        <time>2023-02-19T12:43:56Z</time>
      </trkpt>
      <trkpt lat="46.325636" lon="23.293864">
        <ele>1268.035</ele>
        <time>2023-02-19T12:44:01Z</time>
      </trkpt>
      <trkpt lat="46.325643" lon="23.293940">
        <ele>1268.671</ele>
        <time>2023-02-19T12:44:06Z</time>
      </trkpt>
      <trkpt lat="46.325657" lon="23.294007">
        <ele>1268.753</ele>
        <time>2023-02-19T12:44:10Z</time>
      </trkpt>
      <trkpt lat="46.325666" lon="23.294071">
        <ele>1269.162</ele>
        <time>2023-02-19T12:44:14Z</time>
      </trkpt>
      <trkpt lat="46.325670" lon="23.294136">
        <ele>1269.383</ele>
        <time>2023-02-19T12:44:18Z</time>
      </trkpt>
      <trkpt lat="46.325664" lon="23.294206">
        <ele>1269.611</ele>
        <time>2023-02-19T12:44:23Z</time>
      </trkpt>
      <trkpt lat="46.325661" lon="23.294277">
        <ele>1270.209</ele>
        <time>2023-02-19T12:44:28Z</time>
      </trkpt>
      <trkpt lat="46.325656" lon="23.294344">
        <ele>1271.057</ele>
        <time>2023-02-19T12:44:35Z</time>
      </trkpt>
      <trkpt lat="46.325695" lon="23.294395">
        <ele>1271.358</ele>
        <time>2023-02-19T12:44:41Z</time>
      </trkpt>
      <trkpt lat="46.325734" lon="23.294437">
        <ele>1272.332</ele>
        <time>2023-02-19T12:44:45Z</time>
      </trkpt>
      <trkpt lat="46.325766" lon="23.294493">
        <ele>1272.399</ele>
        <time>2023-02-19T12:44:51Z</time>
      </trkpt>
      <trkpt lat="46.325785" lon="23.294563">
        <ele>1272.349</ele>
        <time>2023-02-19T12:45:00Z</time>
      </trkpt>
      <trkpt lat="46.325808" lon="23.294630">
        <ele>1271.941</ele>
        <time>2023-02-19T12:45:05Z</time>
      </trkpt>
      <trkpt lat="46.325834" lon="23.294696">
        <ele>1270.197</ele>
        <time>2023-02-19T12:45:12Z</time>
      </trkpt>
      <trkpt lat="46.325876" lon="23.294747">
        <ele>1269.323</ele>
        <time>2023-02-19T12:45:17Z</time>
      </trkpt>
      <trkpt lat="46.325876" lon="23.294813">
        <ele>1268.295</ele>
        <time>2023-02-19T12:45:20Z</time>
      </trkpt>
      <trkpt lat="46.325883" lon="23.294885">
        <ele>1266.723</ele>
        <time>2023-02-19T12:45:24Z</time>
      </trkpt>
      <trkpt lat="46.325896" lon="23.294956">
        <ele>1265.083</ele>
        <time>2023-02-19T12:45:30Z</time>
      </trkpt>
      <trkpt lat="46.325906" lon="23.295026">
        <ele>1264.411</ele>
        <time>2023-02-19T12:45:34Z</time>
      </trkpt>
      <trkpt lat="46.325934" lon="23.295098">
        <ele>1263.909</ele>
        <time>2023-02-19T12:45:39Z</time>
      </trkpt>
      <trkpt lat="46.325962" lon="23.295170">
        <ele>1263.993</ele>
        <time>2023-02-19T12:45:43Z</time>
      </trkpt>
      <trkpt lat="46.325980" lon="23.295230">
        <ele>1263.974</ele>
        <time>2023-02-19T12:45:46Z</time>
      </trkpt>
      <trkpt lat="46.326011" lon="23.295288">
        <ele>1263.818</ele>
        <time>2023-02-19T12:45:51Z</time>
      </trkpt>
      <trkpt lat="46.326038" lon="23.295344">
        <ele>1263.215</ele>
        <time>2023-02-19T12:45:56Z</time>
      </trkpt>
      <trkpt lat="46.326068" lon="23.295395">
        <ele>1263.245</ele>
        <time>2023-02-19T12:46:00Z</time>
      </trkpt>
      <trkpt lat="46.326102" lon="23.295441">
        <ele>1261.047</ele>
        <time>2023-02-19T12:46:05Z</time>
      </trkpt>
      <trkpt lat="46.326127" lon="23.295513">
        <ele>1260.383</ele>
        <time>2023-02-19T12:46:10Z</time>
      </trkpt>
      <trkpt lat="46.326141" lon="23.295591">
        <ele>1259.659</ele>
        <time>2023-02-19T12:46:15Z</time>
      </trkpt>
      <trkpt lat="46.326149" lon="23.295662">
        <ele>1258.811</ele>
        <time>2023-02-19T12:46:20Z</time>
      </trkpt>
      <trkpt lat="46.326128" lon="23.295726">
        <ele>1258.375</ele>
        <time>2023-02-19T12:46:26Z</time>
      </trkpt>
      <trkpt lat="46.326131" lon="23.295800">
        <ele>1258.028</ele>
        <time>2023-02-19T12:46:31Z</time>
      </trkpt>
      <trkpt lat="46.326139" lon="23.295873">
        <ele>1257.820</ele>
        <time>2023-02-19T12:46:36Z</time>
      </trkpt>
      <trkpt lat="46.326151" lon="23.295945">
        <ele>1257.209</ele>
        <time>2023-02-19T12:46:41Z</time>
      </trkpt>
      <trkpt lat="46.326160" lon="23.296019">
        <ele>1256.918</ele>
        <time>2023-02-19T12:46:45Z</time>
      </trkpt>
      <trkpt lat="46.326175" lon="23.296082">
        <ele>1256.539</ele>
        <time>2023-02-19T12:46:48Z</time>
      </trkpt>
      <trkpt lat="46.326197" lon="23.296159">
        <ele>1255.813</ele>
        <time>2023-02-19T12:46:52Z</time>
      </trkpt>
      <trkpt lat="46.326217" lon="23.296230">
        <ele>1255.580</ele>
        <time>2023-02-19T12:46:56Z</time>
      </trkpt>
      <trkpt lat="46.326240" lon="23.296287">
        <ele>1255.410</ele>
        <time>2023-02-19T12:47:00Z</time>
      </trkpt>
      <trkpt lat="46.326270" lon="23.296349">
        <ele>1254.952</ele>
        <time>2023-02-19T12:47:05Z</time>
      </trkpt>
      <trkpt lat="46.326302" lon="23.296409">
        <ele>1255.268</ele>
        <time>2023-02-19T12:47:09Z</time>
      </trkpt>
      <trkpt lat="46.326329" lon="23.296474">
        <ele>1255.294</ele>
        <time>2023-02-19T12:47:14Z</time>
      </trkpt>
      <trkpt lat="46.326357" lon="23.296551">
        <ele>1255.366</ele>
        <time>2023-02-19T12:47:18Z</time>
      </trkpt>
      <trkpt lat="46.326380" lon="23.296617">
        <ele>1255.279</ele>
        <time>2023-02-19T12:47:22Z</time>
      </trkpt>
      <trkpt lat="46.326400" lon="23.296679">
        <ele>1255.205</ele>
        <time>2023-02-19T12:47:26Z</time>
      </trkpt>
      <trkpt lat="46.326423" lon="23.296752">
        <ele>1255.025</ele>
        <time>2023-02-19T12:47:31Z</time>
      </trkpt>
      <trkpt lat="46.326436" lon="23.296818">
        <ele>1254.909</ele>
        <time>2023-02-19T12:47:35Z</time>
      </trkpt>
      <trkpt lat="46.326453" lon="23.296881">
        <ele>1254.838</ele>
        <time>2023-02-19T12:47:39Z</time>
      </trkpt>
      <trkpt lat="46.326471" lon="23.296968">
        <ele>1254.249</ele>
        <time>2023-02-19T12:47:43Z</time>
      </trkpt>
      <trkpt lat="46.326481" lon="23.297053">
        <ele>1253.743</ele>
        <time>2023-02-19T12:47:47Z</time>
      </trkpt>
      <trkpt lat="46.326486" lon="23.297122">
        <ele>1253.430</ele>
        <time>2023-02-19T12:47:50Z</time>
      </trkpt>
      <trkpt lat="46.326492" lon="23.297192">
        <ele>1253.090</ele>
        <time>2023-02-19T12:47:53Z</time>
      </trkpt>
      <trkpt lat="46.326495" lon="23.297265">
        <ele>1252.552</ele>
        <time>2023-02-19T12:47:57Z</time>
      </trkpt>
      <trkpt lat="46.326497" lon="23.297349">
        <ele>1252.218</ele>
        <time>2023-02-19T12:48:01Z</time>
      </trkpt>
      <trkpt lat="46.326495" lon="23.297419">
        <ele>1252.094</ele>
        <time>2023-02-19T12:48:04Z</time>
      </trkpt>
      <trkpt lat="46.326492" lon="23.297489">
        <ele>1251.916</ele>
        <time>2023-02-19T12:48:08Z</time>
      </trkpt>
      <trkpt lat="46.326483" lon="23.297565">
        <ele>1251.476</ele>
        <time>2023-02-19T12:48:13Z</time>
      </trkpt>
      <trkpt lat="46.326464" lon="23.297630">
        <ele>1251.590</ele>
        <time>2023-02-19T12:48:18Z</time>
      </trkpt>
      <trkpt lat="46.326478" lon="23.297693">
        <ele>1252.519</ele>
        <time>2023-02-19T12:48:55Z</time>
      </trkpt>
      <trkpt lat="46.326478" lon="23.297760">
        <ele>1252.409</ele>
        <time>2023-02-19T12:49:00Z</time>
      </trkpt>
      <trkpt lat="46.326463" lon="23.297834">
        <ele>1252.588</ele>
        <time>2023-02-19T12:49:05Z</time>
      </trkpt>
      <trkpt lat="46.326448" lon="23.297904">
        <ele>1252.579</ele>
        <time>2023-02-19T12:49:10Z</time>
      </trkpt>
      <trkpt lat="46.326433" lon="23.297990">
        <ele>1252.823</ele>
        <time>2023-02-19T12:49:17Z</time>
      </trkpt>
      <trkpt lat="46.326417" lon="23.298060">
        <ele>1252.530</ele>
        <time>2023-02-19T12:49:20Z</time>
      </trkpt>
      <trkpt lat="46.326399" lon="23.298131">
        <ele>1253.210</ele>
        <time>2023-02-19T12:49:23Z</time>
      </trkpt>
      <trkpt lat="46.326385" lon="23.298206">
        <ele>1253.782</ele>
        <time>2023-02-19T12:49:27Z</time>
      </trkpt>
      <trkpt lat="46.326378" lon="23.298278">
        <ele>1253.968</ele>
        <time>2023-02-19T12:49:32Z</time>
      </trkpt>
      <trkpt lat="46.326358" lon="23.298348">
        <ele>1254.214</ele>
        <time>2023-02-19T12:49:37Z</time>
      </trkpt>
      <trkpt lat="46.326347" lon="23.298419">
        <ele>1254.556</ele>
        <time>2023-02-19T12:49:41Z</time>
      </trkpt>
      <trkpt lat="46.326325" lon="23.298490">
        <ele>1254.714</ele>
        <time>2023-02-19T12:49:45Z</time>
      </trkpt>
      <trkpt lat="46.326305" lon="23.298553">
        <ele>1254.854</ele>
        <time>2023-02-19T12:49:50Z</time>
      </trkpt>
      <trkpt lat="46.326289" lon="23.298619">
        <ele>1255.109</ele>
        <time>2023-02-19T12:49:54Z</time>
      </trkpt>
      <trkpt lat="46.326276" lon="23.298684">
        <ele>1255.609</ele>
        <time>2023-02-19T12:49:58Z</time>
      </trkpt>
      <trkpt lat="46.326257" lon="23.298753">
        <ele>1255.862</ele>
        <time>2023-02-19T12:50:03Z</time>
      </trkpt>
      <trkpt lat="46.326236" lon="23.298812">
        <ele>1256.193</ele>
        <time>2023-02-19T12:50:09Z</time>
      </trkpt>
      <trkpt lat="46.326228" lon="23.298882">
        <ele>1257.167</ele>
        <time>2023-02-19T12:50:15Z</time>
      </trkpt>
      <trkpt lat="46.326218" lon="23.298961">
        <ele>1257.374</ele>
        <time>2023-02-19T12:50:20Z</time>
      </trkpt>
      <trkpt lat="46.326196" lon="23.299032">
        <ele>1257.444</ele>
        <time>2023-02-19T12:50:25Z</time>
      </trkpt>
      <trkpt lat="46.326180" lon="23.299103">
        <ele>1257.566</ele>
        <time>2023-02-19T12:50:30Z</time>
      </trkpt>
      <trkpt lat="46.326165" lon="23.299174">
        <ele>1257.782</ele>
        <time>2023-02-19T12:50:36Z</time>
      </trkpt>
      <trkpt lat="46.326160" lon="23.299244">
        <ele>1258.178</ele>
        <time>2023-02-19T12:50:41Z</time>
      </trkpt>
      <trkpt lat="46.326158" lon="23.299317">
        <ele>1258.770</ele>
        <time>2023-02-19T12:50:45Z</time>
      </trkpt>
      <trkpt lat="46.326148" lon="23.299385">
        <ele>1259.588</ele>
        <time>2023-02-19T12:50:52Z</time>
      </trkpt>
      <trkpt lat="46.326121" lon="23.299442">
        <ele>1260.324</ele>
        <time>2023-02-19T12:50:59Z</time>
      </trkpt>
      <trkpt lat="46.326095" lon="23.299498">
        <ele>1260.926</ele>
        <time>2023-02-19T12:51:06Z</time>
      </trkpt>
      <trkpt lat="46.326089" lon="23.299566">
        <ele>1261.409</ele>
        <time>2023-02-19T12:51:13Z</time>
      </trkpt>
      <trkpt lat="46.326053" lon="23.299617">
        <ele>1262.319</ele>
        <time>2023-02-19T12:51:39Z</time>
      </trkpt>
      <trkpt lat="46.326057" lon="23.299684">
        <ele>1262.410</ele>
        <time>2023-02-19T12:51:44Z</time>
      </trkpt>
      <trkpt lat="46.326032" lon="23.299743">
        <ele>1262.874</ele>
        <time>2023-02-19T12:51:51Z</time>
      </trkpt>
      <trkpt lat="46.325990" lon="23.299772">
        <ele>1262.971</ele>
        <time>2023-02-19T12:51:57Z</time>
      </trkpt>
      <trkpt lat="46.325957" lon="23.299822">
        <ele>1263.011</ele>
        <time>2023-02-19T12:52:02Z</time>
      </trkpt>
      <trkpt lat="46.325923" lon="23.299870">
        <ele>1263.233</ele>
        <time>2023-02-19T12:52:06Z</time>
      </trkpt>
      <trkpt lat="46.325893" lon="23.299936">
        <ele>1264.149</ele>
        <time>2023-02-19T12:52:10Z</time>
      </trkpt>
      <trkpt lat="46.325852" lon="23.300002">
        <ele>1264.745</ele>
        <time>2023-02-19T12:52:16Z</time>
      </trkpt>
      <trkpt lat="46.325812" lon="23.300056">
        <ele>1265.557</ele>
        <time>2023-02-19T12:52:19Z</time>
      </trkpt>
      <trkpt lat="46.325781" lon="23.300104">
        <ele>1265.899</ele>
        <time>2023-02-19T12:52:22Z</time>
      </trkpt>
      <trkpt lat="46.325739" lon="23.300163">
        <ele>1266.407</ele>
        <time>2023-02-19T12:52:26Z</time>
      </trkpt>
      <trkpt lat="46.325698" lon="23.300197">
        <ele>1266.627</ele>
        <time>2023-02-19T12:52:30Z</time>
      </trkpt>
      <trkpt lat="46.325658" lon="23.300237">
        <ele>1267.609</ele>
        <time>2023-02-19T12:52:35Z</time>
      </trkpt>
      <trkpt lat="46.325622" lon="23.300289">
        <ele>1267.950</ele>
        <time>2023-02-19T12:52:40Z</time>
      </trkpt>
      <trkpt lat="46.325586" lon="23.300343">
        <ele>1268.431</ele>
        <time>2023-02-19T12:52:45Z</time>
      </trkpt>
      <trkpt lat="46.325550" lon="23.300401">
        <ele>1269.415</ele>
        <time>2023-02-19T12:52:49Z</time>
      </trkpt>
      <trkpt lat="46.325515" lon="23.300459">
        <ele>1270.582</ele>
        <time>2023-02-19T12:52:53Z</time>
      </trkpt>
      <trkpt lat="46.325486" lon="23.300523">
        <ele>1270.822</ele>
        <time>2023-02-19T12:52:57Z</time>
      </trkpt>
      <trkpt lat="46.325469" lon="23.300600">
        <ele>1271.234</ele>
        <time>2023-02-19T12:53:02Z</time>
      </trkpt>
      <trkpt lat="46.325450" lon="23.300661">
        <ele>1271.250</ele>
        <time>2023-02-19T12:53:06Z</time>
      </trkpt>
      <trkpt lat="46.325424" lon="23.300732">
        <ele>1271.276</ele>
        <time>2023-02-19T12:53:11Z</time>
      </trkpt>
      <trkpt lat="46.325402" lon="23.300789">
        <ele>1271.088</ele>
        <time>2023-02-19T12:53:15Z</time>
      </trkpt>
      <trkpt lat="46.325386" lon="23.300852">
        <ele>1271.074</ele>
        <time>2023-02-19T12:53:20Z</time>
      </trkpt>
      <trkpt lat="46.325360" lon="23.300910">
        <ele>1271.056</ele>
        <time>2023-02-19T12:53:26Z</time>
      </trkpt>
      <trkpt lat="46.325318" lon="23.300951">
        <ele>1271.021</ele>
        <time>2023-02-19T12:53:33Z</time>
      </trkpt>
      <trkpt lat="46.325270" lon="23.300988">
        <ele>1271.009</ele>
        <time>2023-02-19T12:53:38Z</time>
      </trkpt>
      <trkpt lat="46.325222" lon="23.301002">
        <ele>1271.148</ele>
        <time>2023-02-19T12:53:43Z</time>
      </trkpt>
      <trkpt lat="46.325176" lon="23.301016">
        <ele>1271.289</ele>
        <time>2023-02-19T12:53:48Z</time>
      </trkpt>
      <trkpt lat="46.325130" lon="23.301025">
        <ele>1271.783</ele>
        <time>2023-02-19T12:53:52Z</time>
      </trkpt>
      <trkpt lat="46.325085" lon="23.301038">
        <ele>1272.170</ele>
        <time>2023-02-19T12:53:55Z</time>
      </trkpt>
      <trkpt lat="46.325030" lon="23.301048">
        <ele>1272.570</ele>
        <time>2023-02-19T12:53:59Z</time>
      </trkpt>
      <trkpt lat="46.324980" lon="23.301055">
        <ele>1272.782</ele>
        <time>2023-02-19T12:54:03Z</time>
      </trkpt>
      <trkpt lat="46.324926" lon="23.301069">
        <ele>1272.748</ele>
        <time>2023-02-19T12:54:08Z</time>
      </trkpt>
      <trkpt lat="46.324871" lon="23.301064">
        <ele>1273.494</ele>
        <time>2023-02-19T12:54:14Z</time>
      </trkpt>
      <trkpt lat="46.324818" lon="23.301069">
        <ele>1273.766</ele>
        <time>2023-02-19T12:54:19Z</time>
      </trkpt>
      <trkpt lat="46.324773" lon="23.301070">
        <ele>1274.067</ele>
        <time>2023-02-19T12:54:23Z</time>
      </trkpt>
      <trkpt lat="46.324715" lon="23.301072">
        <ele>1274.381</ele>
        <time>2023-02-19T12:54:28Z</time>
      </trkpt>
      <trkpt lat="46.324667" lon="23.301079">
        <ele>1274.719</ele>
        <time>2023-02-19T12:54:32Z</time>
      </trkpt>
      <trkpt lat="46.324620" lon="23.301079">
        <ele>1275.409</ele>
        <time>2023-02-19T12:54:37Z</time>
      </trkpt>
      <trkpt lat="46.324571" lon="23.301089">
        <ele>1276.137</ele>
        <time>2023-02-19T12:54:43Z</time>
      </trkpt>
      <trkpt lat="46.324521" lon="23.301102">
        <ele>1277.028</ele>
        <time>2023-02-19T12:54:48Z</time>
      </trkpt>
      <trkpt lat="46.324467" lon="23.301125">
        <ele>1277.292</ele>
        <time>2023-02-19T12:54:53Z</time>
      </trkpt>
      <trkpt lat="46.324417" lon="23.301146">
        <ele>1277.369</ele>
        <time>2023-02-19T12:54:58Z</time>
      </trkpt>
      <trkpt lat="46.324366" lon="23.301160">
        <ele>1277.519</ele>
        <time>2023-02-19T12:55:02Z</time>
      </trkpt>
      <trkpt lat="46.324314" lon="23.301179">
        <ele>1277.881</ele>
        <time>2023-02-19T12:55:07Z</time>
      </trkpt>
      <trkpt lat="46.324268" lon="23.301203">
        <ele>1277.917</ele>
        <time>2023-02-19T12:55:11Z</time>
      </trkpt>
      <trkpt lat="46.324218" lon="23.301228">
        <ele>1277.763</ele>
        <time>2023-02-19T12:55:16Z</time>
      </trkpt>
      <trkpt lat="46.324173" lon="23.301261">
        <ele>1277.655</ele>
        <time>2023-02-19T12:55:21Z</time>
      </trkpt>
      <trkpt lat="46.324122" lon="23.301287">
        <ele>1276.556</ele>
        <time>2023-02-19T12:55:26Z</time>
      </trkpt>
      <trkpt lat="46.324074" lon="23.301320">
        <ele>1276.659</ele>
        <time>2023-02-19T12:55:31Z</time>
      </trkpt>
      <trkpt lat="46.324029" lon="23.301361">
        <ele>1276.614</ele>
        <time>2023-02-19T12:55:36Z</time>
      </trkpt>
      <trkpt lat="46.323987" lon="23.301404">
        <ele>1278.909</ele>
        <time>2023-02-19T12:55:41Z</time>
      </trkpt>
      <trkpt lat="46.323962" lon="23.301460">
        <ele>1281.166</ele>
        <time>2023-02-19T12:55:46Z</time>
      </trkpt>
      <trkpt lat="46.323950" lon="23.301525">
        <ele>1281.997</ele>
        <time>2023-02-19T12:55:51Z</time>
      </trkpt>
      <trkpt lat="46.323924" lon="23.301595">
        <ele>1282.981</ele>
        <time>2023-02-19T12:55:57Z</time>
      </trkpt>
      <trkpt lat="46.323907" lon="23.301658">
        <ele>1284.188</ele>
        <time>2023-02-19T12:56:02Z</time>
      </trkpt>
      <trkpt lat="46.323911" lon="23.301724">
        <ele>1285.258</ele>
        <time>2023-02-19T12:56:07Z</time>
      </trkpt>
      <trkpt lat="46.323918" lon="23.301792">
        <ele>1286.070</ele>
        <time>2023-02-19T12:56:12Z</time>
      </trkpt>
      <trkpt lat="46.323921" lon="23.301869">
        <ele>1287.496</ele>
        <time>2023-02-19T12:56:17Z</time>
      </trkpt>
      <trkpt lat="46.323936" lon="23.301947">
        <ele>1288.912</ele>
        <time>2023-02-19T12:56:22Z</time>
      </trkpt>
      <trkpt lat="46.323955" lon="23.302008">
        <ele>1289.274</ele>
        <time>2023-02-19T12:56:26Z</time>
      </trkpt>
      <trkpt lat="46.324007" lon="23.302045">
        <ele>1289.311</ele>
        <time>2023-02-19T12:56:32Z</time>
      </trkpt>
      <trkpt lat="46.324055" lon="23.302070">
        <ele>1289.321</ele>
        <time>2023-02-19T12:56:37Z</time>
      </trkpt>
      <trkpt lat="46.324087" lon="23.302121">
        <ele>1288.103</ele>
        <time>2023-02-19T12:56:49Z</time>
      </trkpt>
      <trkpt lat="46.324151" lon="23.302224">
        <ele>1287.509</ele>
        <time>2023-02-19T12:56:51Z</time>
      </trkpt>
      <trkpt lat="46.324204" lon="23.302189">
        <ele>1285.732</ele>
        <time>2023-02-19T12:56:58Z</time>
      </trkpt>
      <trkpt lat="46.324211" lon="23.302262">
        <ele>1285.113</ele>
        <time>2023-02-19T12:57:00Z</time>
      </trkpt>
      <trkpt lat="46.324213" lon="23.302330">
        <ele>1285.057</ele>
        <time>2023-02-19T12:57:02Z</time>
      </trkpt>
      <trkpt lat="46.324208" lon="23.302408">
        <ele>1284.394</ele>
        <time>2023-02-19T12:57:06Z</time>
      </trkpt>
      <trkpt lat="46.324206" lon="23.302489">
        <ele>1284.254</ele>
        <time>2023-02-19T12:57:10Z</time>
      </trkpt>
      <trkpt lat="46.324207" lon="23.302559">
        <ele>1283.986</ele>
        <time>2023-02-19T12:57:14Z</time>
      </trkpt>
      <trkpt lat="46.324209" lon="23.302645">
        <ele>1283.712</ele>
        <time>2023-02-19T12:57:17Z</time>
      </trkpt>
      <trkpt lat="46.324211" lon="23.302720">
        <ele>1283.528</ele>
        <time>2023-02-19T12:57:20Z</time>
      </trkpt>
      <trkpt lat="46.324206" lon="23.302787">
        <ele>1283.580</ele>
        <time>2023-02-19T12:57:23Z</time>
      </trkpt>
      <trkpt lat="46.324200" lon="23.302853">
        <ele>1283.529</ele>
        <time>2023-02-19T12:57:26Z</time>
      </trkpt>
      <trkpt lat="46.324195" lon="23.302924">
        <ele>1283.700</ele>
        <time>2023-02-19T12:57:31Z</time>
      </trkpt>
      <trkpt lat="46.324188" lon="23.302997">
        <ele>1284.620</ele>
        <time>2023-02-19T12:57:37Z</time>
      </trkpt>
      <trkpt lat="46.324185" lon="23.303066">
        <ele>1285.109</ele>
        <time>2023-02-19T12:57:43Z</time>
      </trkpt>
      <trkpt lat="46.324173" lon="23.303132">
        <ele>1286.583</ele>
        <time>2023-02-19T12:57:47Z</time>
      </trkpt>
      <trkpt lat="46.324199" lon="23.303195">
        <ele>1287.344</ele>
        <time>2023-02-19T12:57:55Z</time>
      </trkpt>
      <trkpt lat="46.324217" lon="23.303263">
        <ele>1287.918</ele>
        <time>2023-02-19T12:57:59Z</time>
      </trkpt>
      <trkpt lat="46.324230" lon="23.303336">
        <ele>1288.125</ele>
        <time>2023-02-19T12:58:03Z</time>
      </trkpt>
      <trkpt lat="46.324241" lon="23.303414">
        <ele>1288.355</ele>
        <time>2023-02-19T12:58:07Z</time>
      </trkpt>
      <trkpt lat="46.324235" lon="23.303485">
        <ele>1288.037</ele>
        <time>2023-02-19T12:58:12Z</time>
      </trkpt>
      <trkpt lat="46.324240" lon="23.303564">
        <ele>1287.683</ele>
        <time>2023-02-19T12:58:16Z</time>
      </trkpt>
      <trkpt lat="46.324239" lon="23.303647">
        <ele>1287.459</ele>
        <time>2023-02-19T12:58:20Z</time>
      </trkpt>
      <trkpt lat="46.324241" lon="23.303722">
        <ele>1287.011</ele>
        <time>2023-02-19T12:58:24Z</time>
      </trkpt>
      <trkpt lat="46.324242" lon="23.303789">
        <ele>1286.715</ele>
        <time>2023-02-19T12:58:27Z</time>
      </trkpt>
      <trkpt lat="46.324243" lon="23.303856">
        <ele>1286.765</ele>
        <time>2023-02-19T12:58:30Z</time>
      </trkpt>
      <trkpt lat="46.324244" lon="23.303922">
        <ele>1286.011</ele>
        <time>2023-02-19T12:58:34Z</time>
      </trkpt>
      <trkpt lat="46.324248" lon="23.304002">
        <ele>1285.709</ele>
        <time>2023-02-19T12:58:38Z</time>
      </trkpt>
      <trkpt lat="46.324246" lon="23.304067">
        <ele>1285.232</ele>
        <time>2023-02-19T12:58:42Z</time>
      </trkpt>
      <trkpt lat="46.324239" lon="23.304132">
        <ele>1285.113</ele>
        <time>2023-02-19T12:58:46Z</time>
      </trkpt>
      <trkpt lat="46.324223" lon="23.304202">
        <ele>1284.777</ele>
        <time>2023-02-19T12:58:51Z</time>
      </trkpt>
      <trkpt lat="46.324199" lon="23.304273">
        <ele>1284.814</ele>
        <time>2023-02-19T12:58:56Z</time>
      </trkpt>
      <trkpt lat="46.324170" lon="23.304347">
        <ele>1285.084</ele>
        <time>2023-02-19T12:59:00Z</time>
      </trkpt>
      <trkpt lat="46.324142" lon="23.304401">
        <ele>1285.166</ele>
        <time>2023-02-19T12:59:04Z</time>
      </trkpt>
      <trkpt lat="46.324110" lon="23.304446">
        <ele>1285.592</ele>
        <time>2023-02-19T12:59:08Z</time>
      </trkpt>
      <trkpt lat="46.324080" lon="23.304499">
        <ele>1285.858</ele>
        <time>2023-02-19T12:59:11Z</time>
      </trkpt>
      <trkpt lat="46.324056" lon="23.304567">
        <ele>1285.910</ele>
        <time>2023-02-19T12:59:14Z</time>
      </trkpt>
      <trkpt lat="46.324032" lon="23.304630">
        <ele>1286.258</ele>
        <time>2023-02-19T12:59:17Z</time>
      </trkpt>
      <trkpt lat="46.324006" lon="23.304694">
        <ele>1286.152</ele>
        <time>2023-02-19T12:59:21Z</time>
      </trkpt>
      <trkpt lat="46.324003" lon="23.304766">
        <ele>1285.517</ele>
        <time>2023-02-19T12:59:27Z</time>
      </trkpt>
      <trkpt lat="46.323991" lon="23.304834">
        <ele>1284.709</ele>
        <time>2023-02-19T12:59:31Z</time>
      </trkpt>
      <trkpt lat="46.323984" lon="23.304899">
        <ele>1284.686</ele>
        <time>2023-02-19T12:59:35Z</time>
      </trkpt>
      <trkpt lat="46.323991" lon="23.304964">
        <ele>1284.487</ele>
        <time>2023-02-19T12:59:39Z</time>
      </trkpt>
      <trkpt lat="46.323988" lon="23.305031">
        <ele>1283.971</ele>
        <time>2023-02-19T12:59:43Z</time>
      </trkpt>
      <trkpt lat="46.323986" lon="23.305105">
        <ele>1283.538</ele>
        <time>2023-02-19T12:59:48Z</time>
      </trkpt>
      <trkpt lat="46.323997" lon="23.305185">
        <ele>1283.168</ele>
        <time>2023-02-19T12:59:53Z</time>
      </trkpt>
      <trkpt lat="46.323999" lon="23.305265">
        <ele>1283.160</ele>
        <time>2023-02-19T12:59:58Z</time>
      </trkpt>
      <trkpt lat="46.324005" lon="23.305335">
        <ele>1283.136</ele>
        <time>2023-02-19T13:00:02Z</time>
      </trkpt>
      <trkpt lat="46.324015" lon="23.305409">
        <ele>1283.482</ele>
        <time>2023-02-19T13:00:06Z</time>
      </trkpt>
      <trkpt lat="46.324027" lon="23.305472">
        <ele>1283.944</ele>
        <time>2023-02-19T13:00:10Z</time>
      </trkpt>
      <trkpt lat="46.324022" lon="23.305542">
        <ele>1284.038</ele>
        <time>2023-02-19T13:00:15Z</time>
      </trkpt>
      <trkpt lat="46.324026" lon="23.305619">
        <ele>1284.370</ele>
        <time>2023-02-19T13:00:21Z</time>
      </trkpt>
      <trkpt lat="46.324042" lon="23.305690">
        <ele>1284.517</ele>
        <time>2023-02-19T13:00:26Z</time>
      </trkpt>
      <trkpt lat="46.324059" lon="23.305753">
        <ele>1284.809</ele>
        <time>2023-02-19T13:00:30Z</time>
      </trkpt>
      <trkpt lat="46.324075" lon="23.305830">
        <ele>1285.144</ele>
        <time>2023-02-19T13:00:35Z</time>
      </trkpt>
      <trkpt lat="46.324092" lon="23.305895">
        <ele>1285.595</ele>
        <time>2023-02-19T13:00:39Z</time>
      </trkpt>
      <trkpt lat="46.324111" lon="23.305962">
        <ele>1285.769</ele>
        <time>2023-02-19T13:00:43Z</time>
      </trkpt>
      <trkpt lat="46.324129" lon="23.306025">
        <ele>1286.146</ele>
        <time>2023-02-19T13:00:47Z</time>
      </trkpt>
      <trkpt lat="46.324155" lon="23.306084">
        <ele>1286.536</ele>
        <time>2023-02-19T13:00:52Z</time>
      </trkpt>
      <trkpt lat="46.324182" lon="23.306146">
        <ele>1287.128</ele>
        <time>2023-02-19T13:00:57Z</time>
      </trkpt>
      <trkpt lat="46.324188" lon="23.306214">
        <ele>1287.534</ele>
        <time>2023-02-19T13:01:02Z</time>
      </trkpt>
      <trkpt lat="46.324198" lon="23.306280">
        <ele>1287.610</ele>
        <time>2023-02-19T13:01:07Z</time>
      </trkpt>
      <trkpt lat="46.324199" lon="23.306345">
        <ele>1287.752</ele>
        <time>2023-02-19T13:01:11Z</time>
      </trkpt>
      <trkpt lat="46.324206" lon="23.306413">
        <ele>1288.012</ele>
        <time>2023-02-19T13:01:17Z</time>
      </trkpt>
      <trkpt lat="46.324200" lon="23.306489">
        <ele>1288.532</ele>
        <time>2023-02-19T13:01:24Z</time>
      </trkpt>
      <trkpt lat="46.324193" lon="23.306563">
        <ele>1289.105</ele>
        <time>2023-02-19T13:01:30Z</time>
      </trkpt>
      <trkpt lat="46.324187" lon="23.306630">
        <ele>1289.609</ele>
        <time>2023-02-19T13:01:35Z</time>
      </trkpt>
      <trkpt lat="46.324179" lon="23.306699">
        <ele>1289.662</ele>
        <time>2023-02-19T13:01:40Z</time>
      </trkpt>
      <trkpt lat="46.324174" lon="23.306767">
        <ele>1289.943</ele>
        <time>2023-02-19T13:01:45Z</time>
      </trkpt>
      <trkpt lat="46.324153" lon="23.306837">
        <ele>1290.467</ele>
        <time>2023-02-19T13:01:51Z</time>
      </trkpt>
      <trkpt lat="46.324135" lon="23.306911">
        <ele>1290.864</ele>
        <time>2023-02-19T13:01:57Z</time>
      </trkpt>
      <trkpt lat="46.324123" lon="23.306976">
        <ele>1290.954</ele>
        <time>2023-02-19T13:02:02Z</time>
      </trkpt>
      <trkpt lat="46.324107" lon="23.307047">
        <ele>1291.836</ele>
        <time>2023-02-19T13:02:08Z</time>
      </trkpt>
      <trkpt lat="46.324080" lon="23.307101">
        <ele>1292.472</ele>
        <time>2023-02-19T13:02:13Z</time>
      </trkpt>
      <trkpt lat="46.324056" lon="23.307165">
        <ele>1293.668</ele>
        <time>2023-02-19T13:02:18Z</time>
      </trkpt>
      <trkpt lat="46.324030" lon="23.307220">
        <ele>1294.710</ele>
        <time>2023-02-19T13:02:24Z</time>
      </trkpt>
      <trkpt lat="46.324011" lon="23.307292">
        <ele>1295.485</ele>
        <time>2023-02-19T13:02:30Z</time>
      </trkpt>
      <trkpt lat="46.323991" lon="23.307357">
        <ele>1295.989</ele>
        <time>2023-02-19T13:02:35Z</time>
      </trkpt>
      <trkpt lat="46.323973" lon="23.307423">
        <ele>1296.817</ele>
        <time>2023-02-19T13:02:41Z</time>
      </trkpt>
      <trkpt lat="46.323950" lon="23.307486">
        <ele>1297.209</ele>
        <time>2023-02-19T13:02:47Z</time>
      </trkpt>
      <trkpt lat="46.323928" lon="23.307544">
        <ele>1297.789</ele>
        <time>2023-02-19T13:02:52Z</time>
      </trkpt>
      <trkpt lat="46.323899" lon="23.307606">
        <ele>1298.280</ele>
        <time>2023-02-19T13:02:58Z</time>
      </trkpt>
      <trkpt lat="46.323886" lon="23.307672">
        <ele>1298.494</ele>
        <time>2023-02-19T13:03:04Z</time>
      </trkpt>
      <trkpt lat="46.323866" lon="23.307732">
        <ele>1298.941</ele>
        <time>2023-02-19T13:03:08Z</time>
      </trkpt>
      <trkpt lat="46.323839" lon="23.307789">
        <ele>1299.441</ele>
        <time>2023-02-19T13:03:12Z</time>
      </trkpt>
      <trkpt lat="46.323811" lon="23.307840">
        <ele>1300.313</ele>
        <time>2023-02-19T13:03:16Z</time>
      </trkpt>
      <trkpt lat="46.323785" lon="23.307903">
        <ele>1301.199</ele>
        <time>2023-02-19T13:03:21Z</time>
      </trkpt>
      <trkpt lat="46.323761" lon="23.307962">
        <ele>1302.165</ele>
        <time>2023-02-19T13:03:27Z</time>
      </trkpt>
      <trkpt lat="46.323739" lon="23.308028">
        <ele>1303.697</ele>
        <time>2023-02-19T13:03:34Z</time>
      </trkpt>
      <trkpt lat="46.323714" lon="23.308096">
        <ele>1304.386</ele>
        <time>2023-02-19T13:03:41Z</time>
      </trkpt>
      <trkpt lat="46.323690" lon="23.308160">
        <ele>1304.860</ele>
        <time>2023-02-19T13:03:48Z</time>
      </trkpt>
      <trkpt lat="46.323672" lon="23.308223">
        <ele>1305.426</ele>
        <time>2023-02-19T13:03:53Z</time>
      </trkpt>
      <trkpt lat="46.323659" lon="23.308296">
        <ele>1305.909</ele>
        <time>2023-02-19T13:03:58Z</time>
      </trkpt>
      <trkpt lat="46.323641" lon="23.308357">
        <ele>1306.169</ele>
        <time>2023-02-19T13:04:03Z</time>
      </trkpt>
      <trkpt lat="46.323624" lon="23.308433">
        <ele>1306.390</ele>
        <time>2023-02-19T13:04:08Z</time>
      </trkpt>
      <trkpt lat="46.323615" lon="23.308502">
        <ele>1306.484</ele>
        <time>2023-02-19T13:04:13Z</time>
      </trkpt>
      <trkpt lat="46.323611" lon="23.308570">
        <ele>1306.881</ele>
        <time>2023-02-19T13:04:18Z</time>
      </trkpt>
      <trkpt lat="46.323607" lon="23.308641">
        <ele>1307.841</ele>
        <time>2023-02-19T13:04:23Z</time>
      </trkpt>
      <trkpt lat="46.323605" lon="23.308706">
        <ele>1308.173</ele>
        <time>2023-02-19T13:04:28Z</time>
      </trkpt>
      <trkpt lat="46.323613" lon="23.308790">
        <ele>1308.239</ele>
        <time>2023-02-19T13:04:34Z</time>
      </trkpt>
      <trkpt lat="46.323616" lon="23.308860">
        <ele>1308.345</ele>
        <time>2023-02-19T13:04:39Z</time>
      </trkpt>
      <trkpt lat="46.323618" lon="23.308927">
        <ele>1308.487</ele>
        <time>2023-02-19T13:04:45Z</time>
      </trkpt>
      <trkpt lat="46.323618" lon="23.308993">
        <ele>1308.468</ele>
        <time>2023-02-19T13:04:50Z</time>
      </trkpt>
      <trkpt lat="46.323608" lon="23.309068">
        <ele>1309.242</ele>
        <time>2023-02-19T13:04:56Z</time>
      </trkpt>
      <trkpt lat="46.323606" lon="23.309135">
        <ele>1309.826</ele>
        <time>2023-02-19T13:05:02Z</time>
      </trkpt>
      <trkpt lat="46.323608" lon="23.309214">
        <ele>1311.409</ele>
        <time>2023-02-19T13:05:08Z</time>
      </trkpt>
      <trkpt lat="46.323613" lon="23.309281">
        <ele>1312.727</ele>
        <time>2023-02-19T13:05:19Z</time>
      </trkpt>
      <trkpt lat="46.323602" lon="23.309349">
        <ele>1313.178</ele>
        <time>2023-02-19T13:05:25Z</time>
      </trkpt>
      <trkpt lat="46.323596" lon="23.309429">
        <ele>1313.612</ele>
        <time>2023-02-19T13:05:31Z</time>
      </trkpt>
      <trkpt lat="46.323588" lon="23.309496">
        <ele>1313.749</ele>
        <time>2023-02-19T13:05:36Z</time>
      </trkpt>
      <trkpt lat="46.323575" lon="23.309560">
        <ele>1313.819</ele>
        <time>2023-02-19T13:05:41Z</time>
      </trkpt>
      <trkpt lat="46.323559" lon="23.309632">
        <ele>1314.071</ele>
        <time>2023-02-19T13:05:44Z</time>
      </trkpt>
      <trkpt lat="46.323546" lon="23.309700">
        <ele>1314.267</ele>
        <time>2023-02-19T13:05:47Z</time>
      </trkpt>
      <trkpt lat="46.323539" lon="23.309772">
        <ele>1314.673</ele>
        <time>2023-02-19T13:05:51Z</time>
      </trkpt>
      <trkpt lat="46.323540" lon="23.309858">
        <ele>1314.945</ele>
        <time>2023-02-19T13:05:55Z</time>
      </trkpt>
      <trkpt lat="46.323539" lon="23.309924">
        <ele>1315.132</ele>
        <time>2023-02-19T13:05:59Z</time>
      </trkpt>
      <trkpt lat="46.323538" lon="23.309990">
        <ele>1315.192</ele>
        <time>2023-02-19T13:06:04Z</time>
      </trkpt>
      <trkpt lat="46.323544" lon="23.310063">
        <ele>1315.311</ele>
        <time>2023-02-19T13:06:10Z</time>
      </trkpt>
      <trkpt lat="46.323554" lon="23.310132">
        <ele>1315.309</ele>
        <time>2023-02-19T13:06:15Z</time>
      </trkpt>
      <trkpt lat="46.323569" lon="23.310200">
        <ele>1315.414</ele>
        <time>2023-02-19T13:06:20Z</time>
      </trkpt>
      <trkpt lat="46.323587" lon="23.310272">
        <ele>1315.565</ele>
        <time>2023-02-19T13:06:25Z</time>
      </trkpt>
      <trkpt lat="46.323607" lon="23.310335">
        <ele>1315.689</ele>
        <time>2023-02-19T13:06:29Z</time>
      </trkpt>
      <trkpt lat="46.323634" lon="23.310399">
        <ele>1315.866</ele>
        <time>2023-02-19T13:06:33Z</time>
      </trkpt>
      <trkpt lat="46.323657" lon="23.310466">
        <ele>1315.886</ele>
        <time>2023-02-19T13:06:38Z</time>
      </trkpt>
      <trkpt lat="46.323687" lon="23.310520">
        <ele>1315.798</ele>
        <time>2023-02-19T13:06:41Z</time>
      </trkpt>
      <trkpt lat="46.323717" lon="23.310576">
        <ele>1315.674</ele>
        <time>2023-02-19T13:06:45Z</time>
      </trkpt>
      <trkpt lat="46.323745" lon="23.310639">
        <ele>1316.030</ele>
        <time>2023-02-19T13:06:51Z</time>
      </trkpt>
      <trkpt lat="46.323765" lon="23.310700">
        <ele>1316.682</ele>
        <time>2023-02-19T13:06:55Z</time>
      </trkpt>
      <trkpt lat="46.323786" lon="23.310762">
        <ele>1316.544</ele>
        <time>2023-02-19T13:06:59Z</time>
      </trkpt>
      <trkpt lat="46.323798" lon="23.310829">
        <ele>1316.805</ele>
        <time>2023-02-19T13:07:03Z</time>
      </trkpt>
      <trkpt lat="46.323809" lon="23.310904">
        <ele>1316.715</ele>
        <time>2023-02-19T13:07:07Z</time>
      </trkpt>
      <trkpt lat="46.323813" lon="23.310974">
        <ele>1316.609</ele>
        <time>2023-02-19T13:07:15Z</time>
      </trkpt>
      <trkpt lat="46.323821" lon="23.311044">
        <ele>1316.465</ele>
        <time>2023-02-19T13:07:19Z</time>
      </trkpt>
      <trkpt lat="46.323829" lon="23.311117">
        <ele>1316.476</ele>
        <time>2023-02-19T13:07:22Z</time>
      </trkpt>
      <trkpt lat="46.323835" lon="23.311199">
        <ele>1316.450</ele>
        <time>2023-02-19T13:07:26Z</time>
      </trkpt>
      <trkpt lat="46.323834" lon="23.311280">
        <ele>1316.697</ele>
        <time>2023-02-19T13:07:31Z</time>
      </trkpt>
      <trkpt lat="46.323832" lon="23.311357">
        <ele>1317.347</ele>
        <time>2023-02-19T13:07:35Z</time>
      </trkpt>
      <trkpt lat="46.323831" lon="23.311423">
        <ele>1317.579</ele>
        <time>2023-02-19T13:07:39Z</time>
      </trkpt>
      <trkpt lat="46.323817" lon="23.311487">
        <ele>1317.375</ele>
        <time>2023-02-19T13:07:45Z</time>
      </trkpt>
      <trkpt lat="46.323820" lon="23.311557">
        <ele>1317.391</ele>
        <time>2023-02-19T13:07:51Z</time>
      </trkpt>
      <trkpt lat="46.323827" lon="23.311628">
        <ele>1317.073</ele>
        <time>2023-02-19T13:07:57Z</time>
      </trkpt>
      <trkpt lat="46.323826" lon="23.311696">
        <ele>1316.776</ele>
        <time>2023-02-19T13:08:01Z</time>
      </trkpt>
      <trkpt lat="46.323831" lon="23.311767">
        <ele>1316.590</ele>
        <time>2023-02-19T13:08:05Z</time>
      </trkpt>
      <trkpt lat="46.323836" lon="23.311836">
        <ele>1316.219</ele>
        <time>2023-02-19T13:08:09Z</time>
      </trkpt>
      <trkpt lat="46.323838" lon="23.311911">
        <ele>1315.309</ele>
        <time>2023-02-19T13:08:14Z</time>
      </trkpt>
      <trkpt lat="46.323838" lon="23.311979">
        <ele>1314.948</ele>
        <time>2023-02-19T13:08:19Z</time>
      </trkpt>
      <trkpt lat="46.323834" lon="23.312050">
        <ele>1314.999</ele>
        <time>2023-02-19T13:08:24Z</time>
      </trkpt>
      <trkpt lat="46.323822" lon="23.312119">
        <ele>1314.983</ele>
        <time>2023-02-19T13:08:28Z</time>
      </trkpt>
      <trkpt lat="46.323823" lon="23.312203">
        <ele>1314.970</ele>
        <time>2023-02-19T13:08:33Z</time>
      </trkpt>
      <trkpt lat="46.323835" lon="23.312276">
        <ele>1315.160</ele>
        <time>2023-02-19T13:08:38Z</time>
      </trkpt>
      <trkpt lat="46.323842" lon="23.312343">
        <ele>1315.312</ele>
        <time>2023-02-19T13:08:42Z</time>
      </trkpt>
      <trkpt lat="46.323849" lon="23.312415">
        <ele>1315.728</ele>
        <time>2023-02-19T13:08:46Z</time>
      </trkpt>
      <trkpt lat="46.323868" lon="23.312477">
        <ele>1315.774</ele>
        <time>2023-02-19T13:08:50Z</time>
      </trkpt>
      <trkpt lat="46.323889" lon="23.312537">
        <ele>1315.766</ele>
        <time>2023-02-19T13:08:54Z</time>
      </trkpt>
      <trkpt lat="46.323914" lon="23.312602">
        <ele>1315.685</ele>
        <time>2023-02-19T13:08:59Z</time>
      </trkpt>
      <trkpt lat="46.323947" lon="23.312655">
        <ele>1315.789</ele>
        <time>2023-02-19T13:09:03Z</time>
      </trkpt>
      <trkpt lat="46.323974" lon="23.312714">
        <ele>1315.717</ele>
        <time>2023-02-19T13:09:08Z</time>
      </trkpt>
      <trkpt lat="46.324014" lon="23.312756">
        <ele>1315.709</ele>
        <time>2023-02-19T13:09:13Z</time>
      </trkpt>
      <trkpt lat="46.324063" lon="23.312797">
        <ele>1316.129</ele>
        <time>2023-02-19T13:09:18Z</time>
      </trkpt>
      <trkpt lat="46.324108" lon="23.312836">
        <ele>1316.550</ele>
        <time>2023-02-19T13:09:22Z</time>
      </trkpt>
      <trkpt lat="46.324141" lon="23.312882">
        <ele>1316.834</ele>
        <time>2023-02-19T13:09:26Z</time>
      </trkpt>
      <trkpt lat="46.324181" lon="23.312932">
        <ele>1317.211</ele>
        <time>2023-02-19T13:09:31Z</time>
      </trkpt>
      <trkpt lat="46.324221" lon="23.312973">
        <ele>1318.231</ele>
        <time>2023-02-19T13:09:36Z</time>
      </trkpt>
      <trkpt lat="46.324263" lon="23.313014">
        <ele>1318.533</ele>
        <time>2023-02-19T13:09:41Z</time>
      </trkpt>
      <trkpt lat="46.324301" lon="23.313052">
        <ele>1318.719</ele>
        <time>2023-02-19T13:09:46Z</time>
      </trkpt>
      <trkpt lat="46.324342" lon="23.313109">
        <ele>1319.045</ele>
        <time>2023-02-19T13:09:51Z</time>
      </trkpt>
      <trkpt lat="46.324377" lon="23.313166">
        <ele>1320.097</ele>
        <time>2023-02-19T13:09:56Z</time>
      </trkpt>
      <trkpt lat="46.324397" lon="23.313225">
        <ele>1320.145</ele>
        <time>2023-02-19T13:10:00Z</time>
      </trkpt>
      <trkpt lat="46.324425" lon="23.313279">
        <ele>1320.147</ele>
        <time>2023-02-19T13:10:04Z</time>
      </trkpt>
      <trkpt lat="46.324463" lon="23.313339">
        <ele>1319.711</ele>
        <time>2023-02-19T13:10:09Z</time>
      </trkpt>
      <trkpt lat="46.324492" lon="23.313391">
        <ele>1319.709</ele>
        <time>2023-02-19T13:10:13Z</time>
      </trkpt>
      <trkpt lat="46.324518" lon="23.313454">
        <ele>1319.755</ele>
        <time>2023-02-19T13:10:19Z</time>
      </trkpt>
      <trkpt lat="46.324553" lon="23.313512">
        <ele>1319.896</ele>
        <time>2023-02-19T13:10:24Z</time>
      </trkpt>
      <trkpt lat="46.324580" lon="23.313573">
        <ele>1320.440</ele>
        <time>2023-02-19T13:10:30Z</time>
      </trkpt>
      <trkpt lat="46.324613" lon="23.313633">
        <ele>1320.687</ele>
        <time>2023-02-19T13:10:34Z</time>
      </trkpt>
      <trkpt lat="46.324641" lon="23.313697">
        <ele>1320.687</ele>
        <time>2023-02-19T13:10:38Z</time>
      </trkpt>
      <trkpt lat="46.324665" lon="23.313756">
        <ele>1320.619</ele>
        <time>2023-02-19T13:10:42Z</time>
      </trkpt>
      <trkpt lat="46.324688" lon="23.313814">
        <ele>1320.175</ele>
        <time>2023-02-19T13:10:46Z</time>
      </trkpt>
      <trkpt lat="46.324712" lon="23.313887">
        <ele>1318.881</ele>
        <time>2023-02-19T13:10:51Z</time>
      </trkpt>
      <trkpt lat="46.324737" lon="23.313946">
        <ele>1318.793</ele>
        <time>2023-02-19T13:10:55Z</time>
      </trkpt>
      <trkpt lat="46.324768" lon="23.314014">
        <ele>1318.755</ele>
        <time>2023-02-19T13:11:00Z</time>
      </trkpt>
      <trkpt lat="46.324798" lon="23.314080">
        <ele>1318.807</ele>
        <time>2023-02-19T13:11:04Z</time>
      </trkpt>
      <trkpt lat="46.324817" lon="23.314142">
        <ele>1319.317</ele>
        <time>2023-02-19T13:11:14Z</time>
      </trkpt>
      <trkpt lat="46.324841" lon="23.314205">
        <ele>1319.709</ele>
        <time>2023-02-19T13:11:18Z</time>
      </trkpt>
      <trkpt lat="46.324863" lon="23.314277">
        <ele>1320.066</ele>
        <time>2023-02-19T13:11:22Z</time>
      </trkpt>
      <trkpt lat="46.324882" lon="23.314348">
        <ele>1320.027</ele>
        <time>2023-02-19T13:11:25Z</time>
      </trkpt>
      <trkpt lat="46.324905" lon="23.314429">
        <ele>1320.281</ele>
        <time>2023-02-19T13:11:28Z</time>
      </trkpt>
      <trkpt lat="46.324922" lon="23.314494">
        <ele>1320.258</ele>
        <time>2023-02-19T13:11:31Z</time>
      </trkpt>
      <trkpt lat="46.324960" lon="23.314541">
        <ele>1319.548</ele>
        <time>2023-02-19T13:11:39Z</time>
      </trkpt>
      <trkpt lat="46.324988" lon="23.314595">
        <ele>1319.760</ele>
        <time>2023-02-19T13:11:43Z</time>
      </trkpt>
      <trkpt lat="46.325009" lon="23.314655">
        <ele>1319.776</ele>
        <time>2023-02-19T13:11:48Z</time>
      </trkpt>
      <trkpt lat="46.325042" lon="23.314730">
        <ele>1319.322</ele>
        <time>2023-02-19T13:11:51Z</time>
      </trkpt>
      <trkpt lat="46.325077" lon="23.314806">
        <ele>1319.194</ele>
        <time>2023-02-19T13:11:54Z</time>
      </trkpt>
      <trkpt lat="46.325098" lon="23.314874">
        <ele>1319.175</ele>
        <time>2023-02-19T13:11:57Z</time>
      </trkpt>
      <trkpt lat="46.325110" lon="23.314946">
        <ele>1318.928</ele>
        <time>2023-02-19T13:12:01Z</time>
      </trkpt>
      <trkpt lat="46.325128" lon="23.315011">
        <ele>1318.620</ele>
        <time>2023-02-19T13:12:06Z</time>
      </trkpt>
      <trkpt lat="46.325151" lon="23.315088">
        <ele>1318.609</ele>
        <time>2023-02-19T13:12:11Z</time>
      </trkpt>
      <trkpt lat="46.325168" lon="23.315162">
        <ele>1318.658</ele>
        <time>2023-02-19T13:12:15Z</time>
      </trkpt>
      <trkpt lat="46.325182" lon="23.315231">
        <ele>1318.669</ele>
        <time>2023-02-19T13:12:19Z</time>
      </trkpt>
      <trkpt lat="46.325192" lon="23.315295">
        <ele>1318.693</ele>
        <time>2023-02-19T13:12:22Z</time>
      </trkpt>
      <trkpt lat="46.325209" lon="23.315370">
        <ele>1318.710</ele>
        <time>2023-02-19T13:12:26Z</time>
      </trkpt>
      <trkpt lat="46.325227" lon="23.315438">
        <ele>1318.680</ele>
        <time>2023-02-19T13:12:30Z</time>
      </trkpt>
      <trkpt lat="46.325250" lon="23.315509">
        <ele>1318.552</ele>
        <time>2023-02-19T13:12:34Z</time>
      </trkpt>
      <trkpt lat="46.325268" lon="23.315580">
        <ele>1318.198</ele>
        <time>2023-02-19T13:12:38Z</time>
      </trkpt>
      <trkpt lat="46.325281" lon="23.315651">
        <ele>1316.554</ele>
        <time>2023-02-19T13:12:44Z</time>
      </trkpt>
      <trkpt lat="46.325302" lon="23.315718">
        <ele>1316.086</ele>
        <time>2023-02-19T13:12:49Z</time>
      </trkpt>
      <trkpt lat="46.325326" lon="23.315785">
        <ele>1314.769</ele>
        <time>2023-02-19T13:12:53Z</time>
      </trkpt>
      <trkpt lat="46.325345" lon="23.315857">
        <ele>1314.304</ele>
        <time>2023-02-19T13:12:57Z</time>
      </trkpt>
      <trkpt lat="46.325372" lon="23.315915">
        <ele>1314.224</ele>
        <time>2023-02-19T13:13:02Z</time>
      </trkpt>
      <trkpt lat="46.325387" lon="23.315979">
        <ele>1313.209</ele>
        <time>2023-02-19T13:13:07Z</time>
      </trkpt>
      <trkpt lat="46.325415" lon="23.316035">
        <ele>1312.987</ele>
        <time>2023-02-19T13:13:11Z</time>
      </trkpt>
      <trkpt lat="46.325448" lon="23.316094">
        <ele>1311.598</ele>
        <time>2023-02-19T13:13:17Z</time>
      </trkpt>
      <trkpt lat="46.325480" lon="23.316164">
        <ele>1310.792</ele>
        <time>2023-02-19T13:13:21Z</time>
      </trkpt>
      <trkpt lat="46.325515" lon="23.316212">
        <ele>1310.269</ele>
        <time>2023-02-19T13:13:33Z</time>
      </trkpt>
      <trkpt lat="46.325543" lon="23.316271">
        <ele>1310.269</ele>
        <time>2023-02-19T13:13:38Z</time>
      </trkpt>
      <trkpt lat="46.325566" lon="23.316338">
        <ele>1310.111</ele>
        <time>2023-02-19T13:13:41Z</time>
      </trkpt>
      <trkpt lat="46.325588" lon="23.316414">
        <ele>1310.067</ele>
        <time>2023-02-19T13:13:44Z</time>
      </trkpt>
      <trkpt lat="46.325595" lon="23.316502">
        <ele>1309.993</ele>
        <time>2023-02-19T13:13:48Z</time>
      </trkpt>
      <trkpt lat="46.325592" lon="23.316581">
        <ele>1308.685</ele>
        <time>2023-02-19T13:13:52Z</time>
      </trkpt>
      <trkpt lat="46.325617" lon="23.316649">
        <ele>1307.998</ele>
        <time>2023-02-19T13:13:58Z</time>
      </trkpt>
      <trkpt lat="46.325643" lon="23.316717">
        <ele>1307.315</ele>
        <time>2023-02-19T13:14:03Z</time>
      </trkpt>
      <trkpt lat="46.325676" lon="23.316766">
        <ele>1307.026</ele>
        <time>2023-02-19T13:14:08Z</time>
      </trkpt>
      <trkpt lat="46.325716" lon="23.316808">
        <ele>1306.509</ele>
        <time>2023-02-19T13:14:13Z</time>
      </trkpt>
      <trkpt lat="46.325761" lon="23.316843">
        <ele>1306.340</ele>
        <time>2023-02-19T13:14:17Z</time>
      </trkpt>
      <trkpt lat="46.325797" lon="23.316887">
        <ele>1305.451</ele>
        <time>2023-02-19T13:14:21Z</time>
      </trkpt>
      <trkpt lat="46.325835" lon="23.316922">
        <ele>1304.765</ele>
        <time>2023-02-19T13:14:25Z</time>
      </trkpt>
      <trkpt lat="46.325864" lon="23.316977">
        <ele>1304.452</ele>
        <time>2023-02-19T13:14:30Z</time>
      </trkpt>
      <trkpt lat="46.325849" lon="23.317052">
        <ele>1302.912</ele>
        <time>2023-02-19T13:14:35Z</time>
      </trkpt>
      <trkpt lat="46.325836" lon="23.317115">
        <ele>1302.754</ele>
        <time>2023-02-19T13:14:38Z</time>
      </trkpt>
      <trkpt lat="46.325840" lon="23.317182">
        <ele>1302.210</ele>
        <time>2023-02-19T13:14:44Z</time>
      </trkpt>
      <trkpt lat="46.325885" lon="23.317206">
        <ele>1302.176</ele>
        <time>2023-02-19T13:14:52Z</time>
      </trkpt>
      <trkpt lat="46.325909" lon="23.317266">
        <ele>1302.098</ele>
        <time>2023-02-19T13:14:58Z</time>
      </trkpt>
      <trkpt lat="46.325948" lon="23.317319">
        <ele>1301.947</ele>
        <time>2023-02-19T13:15:04Z</time>
      </trkpt>
      <trkpt lat="46.325989" lon="23.317382">
        <ele>1301.429</ele>
        <time>2023-02-19T13:15:07Z</time>
      </trkpt>
      <trkpt lat="46.326022" lon="23.317440">
        <ele>1301.321</ele>
        <time>2023-02-19T13:15:10Z</time>
      </trkpt>
      <trkpt lat="46.326049" lon="23.317507">
        <ele>1301.009</ele>
        <time>2023-02-19T13:15:14Z</time>
      </trkpt>
      <trkpt lat="46.326076" lon="23.317575">
        <ele>1301.095</ele>
        <time>2023-02-19T13:15:19Z</time>
      </trkpt>
      <trkpt lat="46.326094" lon="23.317639">
        <ele>1301.386</ele>
        <time>2023-02-19T13:15:23Z</time>
      </trkpt>
      <trkpt lat="46.326108" lon="23.317714">
        <ele>1302.580</ele>
        <time>2023-02-19T13:15:27Z</time>
      </trkpt>
      <trkpt lat="46.326115" lon="23.317781">
        <ele>1302.547</ele>
        <time>2023-02-19T13:15:31Z</time>
      </trkpt>
      <trkpt lat="46.326126" lon="23.317847">
        <ele>1302.547</ele>
        <time>2023-02-19T13:15:35Z</time>
      </trkpt>
      <trkpt lat="46.326137" lon="23.317917">
        <ele>1302.899</ele>
        <time>2023-02-19T13:15:39Z</time>
      </trkpt>
      <trkpt lat="46.326145" lon="23.317984">
        <ele>1303.075</ele>
        <time>2023-02-19T13:15:43Z</time>
      </trkpt>
      <trkpt lat="46.326157" lon="23.318062">
        <ele>1303.111</ele>
        <time>2023-02-19T13:15:47Z</time>
      </trkpt>
      <trkpt lat="46.326171" lon="23.318133">
        <ele>1302.993</ele>
        <time>2023-02-19T13:15:51Z</time>
      </trkpt>
      <trkpt lat="46.326188" lon="23.318201">
        <ele>1303.021</ele>
        <time>2023-02-19T13:15:55Z</time>
      </trkpt>
      <trkpt lat="46.326207" lon="23.318266">
        <ele>1303.141</ele>
        <time>2023-02-19T13:15:59Z</time>
      </trkpt>
      <trkpt lat="46.326222" lon="23.318346">
        <ele>1303.005</ele>
        <time>2023-02-19T13:16:03Z</time>
      </trkpt>
      <trkpt lat="46.326237" lon="23.318422">
        <ele>1302.709</ele>
        <time>2023-02-19T13:16:08Z</time>
      </trkpt>
      <trkpt lat="46.326251" lon="23.318494">
        <ele>1302.523</ele>
        <time>2023-02-19T13:16:13Z</time>
      </trkpt>
      <trkpt lat="46.326269" lon="23.318560">
        <ele>1302.174</ele>
        <time>2023-02-19T13:16:17Z</time>
      </trkpt>
      <trkpt lat="46.326290" lon="23.318635">
        <ele>1302.188</ele>
        <time>2023-02-19T13:16:21Z</time>
      </trkpt>
      <trkpt lat="46.326303" lon="23.318711">
        <ele>1302.125</ele>
        <time>2023-02-19T13:17:38Z</time>
      </trkpt>
      <trkpt lat="46.326345" lon="23.318769">
        <ele>1301.865</ele>
        <time>2023-02-19T13:18:25Z</time>
      </trkpt>
      <trkpt lat="46.326376" lon="23.318835">
        <ele>1300.817</ele>
        <time>2023-02-19T13:18:29Z</time>
      </trkpt>
      <trkpt lat="46.326405" lon="23.318886">
        <ele>1300.813</ele>
        <time>2023-02-19T13:18:32Z</time>
      </trkpt>
      <trkpt lat="46.326443" lon="23.318949">
        <ele>1300.899</ele>
        <time>2023-02-19T13:18:36Z</time>
      </trkpt>
      <trkpt lat="46.326486" lon="23.318973">
        <ele>1299.311</ele>
        <time>2023-02-19T13:18:44Z</time>
      </trkpt>
      <trkpt lat="46.326548" lon="23.319021">
        <ele>1299.246</ele>
        <time>2023-02-19T13:18:47Z</time>
      </trkpt>
      <trkpt lat="46.326598" lon="23.319075">
        <ele>1299.088</ele>
        <time>2023-02-19T13:18:49Z</time>
      </trkpt>
      <trkpt lat="46.326632" lon="23.319123">
        <ele>1299.016</ele>
        <time>2023-02-19T13:18:51Z</time>
      </trkpt>
      <trkpt lat="46.326663" lon="23.319173">
        <ele>1298.109</ele>
        <time>2023-02-19T13:18:53Z</time>
      </trkpt>
      <trkpt lat="46.326704" lon="23.319233">
        <ele>1297.275</ele>
        <time>2023-02-19T13:18:56Z</time>
      </trkpt>
      <trkpt lat="46.326741" lon="23.319285">
        <ele>1296.296</ele>
        <time>2023-02-19T13:18:59Z</time>
      </trkpt>
      <trkpt lat="46.326775" lon="23.319328">
        <ele>1295.990</ele>
        <time>2023-02-19T13:19:02Z</time>
      </trkpt>
      <trkpt lat="46.326813" lon="23.319364">
        <ele>1295.877</ele>
        <time>2023-02-19T13:19:05Z</time>
      </trkpt>
      <trkpt lat="46.326842" lon="23.319415">
        <ele>1295.787</ele>
        <time>2023-02-19T13:19:08Z</time>
      </trkpt>
      <trkpt lat="46.326882" lon="23.319467">
        <ele>1295.669</ele>
        <time>2023-02-19T13:19:12Z</time>
      </trkpt>
      <trkpt lat="46.326910" lon="23.319520">
        <ele>1295.685</ele>
        <time>2023-02-19T13:19:16Z</time>
      </trkpt>
      <trkpt lat="46.326935" lon="23.319577">
        <ele>1295.511</ele>
        <time>2023-02-19T13:19:20Z</time>
      </trkpt>
      <trkpt lat="46.326966" lon="23.319645">
        <ele>1295.363</ele>
        <time>2023-02-19T13:19:24Z</time>
      </trkpt>
      <trkpt lat="46.326996" lon="23.319710">
        <ele>1294.732</ele>
        <time>2023-02-19T13:19:27Z</time>
      </trkpt>
      <trkpt lat="46.327019" lon="23.319779">
        <ele>1294.292</ele>
        <time>2023-02-19T13:19:31Z</time>
      </trkpt>
      <trkpt lat="46.327043" lon="23.319855">
        <ele>1294.111</ele>
        <time>2023-02-19T13:19:35Z</time>
      </trkpt>
      <trkpt lat="46.327067" lon="23.319924">
        <ele>1294.009</ele>
        <time>2023-02-19T13:19:38Z</time>
      </trkpt>
      <trkpt lat="46.327086" lon="23.319986">
        <ele>1294.094</ele>
        <time>2023-02-19T13:19:41Z</time>
      </trkpt>
      <trkpt lat="46.327100" lon="23.320056">
        <ele>1294.115</ele>
        <time>2023-02-19T13:19:45Z</time>
      </trkpt>
      <trkpt lat="46.327111" lon="23.320119">
        <ele>1294.569</ele>
        <time>2023-02-19T13:19:48Z</time>
      </trkpt>
      <trkpt lat="46.327126" lon="23.320193">
        <ele>1295.766</ele>
        <time>2023-02-19T13:19:52Z</time>
      </trkpt>
      <trkpt lat="46.327138" lon="23.320267">
        <ele>1296.026</ele>
        <time>2023-02-19T13:19:55Z</time>
      </trkpt>
      <trkpt lat="46.327153" lon="23.320346">
        <ele>1296.018</ele>
        <time>2023-02-19T13:19:59Z</time>
      </trkpt>
      <trkpt lat="46.327169" lon="23.320410">
        <ele>1295.744</ele>
        <time>2023-02-19T13:20:03Z</time>
      </trkpt>
      <trkpt lat="46.327191" lon="23.320469">
        <ele>1295.240</ele>
        <time>2023-02-19T13:20:07Z</time>
      </trkpt>
      <trkpt lat="46.327228" lon="23.320526">
        <ele>1294.472</ele>
        <time>2023-02-19T13:20:11Z</time>
      </trkpt>
      <trkpt lat="46.327254" lon="23.320590">
        <ele>1294.112</ele>
        <time>2023-02-19T13:20:15Z</time>
      </trkpt>
      <trkpt lat="46.327274" lon="23.320665">
        <ele>1294.132</ele>
        <time>2023-02-19T13:20:19Z</time>
      </trkpt>
      <trkpt lat="46.327296" lon="23.320741">
        <ele>1294.005</ele>
        <time>2023-02-19T13:20:23Z</time>
      </trkpt>
      <trkpt lat="46.327321" lon="23.320809">
        <ele>1294.009</ele>
        <time>2023-02-19T13:20:27Z</time>
      </trkpt>
      <trkpt lat="46.327345" lon="23.320882">
        <ele>1294.092</ele>
        <time>2023-02-19T13:20:32Z</time>
      </trkpt>
      <trkpt lat="46.327383" lon="23.320930">
        <ele>1294.053</ele>
        <time>2023-02-19T13:20:36Z</time>
      </trkpt>
      <trkpt lat="46.327398" lon="23.320996">
        <ele>1293.587</ele>
        <time>2023-02-19T13:20:45Z</time>
      </trkpt>
      <trkpt lat="46.327435" lon="23.321049">
        <ele>1291.424</ele>
        <time>2023-02-19T13:21:08Z</time>
      </trkpt>
      <trkpt lat="46.327467" lon="23.321105">
        <ele>1290.684</ele>
        <time>2023-02-19T13:21:12Z</time>
      </trkpt>
      <trkpt lat="46.327503" lon="23.321155">
        <ele>1290.416</ele>
        <time>2023-02-19T13:21:16Z</time>
      </trkpt>
      <trkpt lat="46.327539" lon="23.321218">
        <ele>1289.642</ele>
        <time>2023-02-19T13:21:21Z</time>
      </trkpt>
      <trkpt lat="46.327573" lon="23.321268">
        <ele>1289.288</ele>
        <time>2023-02-19T13:21:24Z</time>
      </trkpt>
      <trkpt lat="46.327603" lon="23.321321">
        <ele>1288.830</ele>
        <time>2023-02-19T13:21:27Z</time>
      </trkpt>
      <trkpt lat="46.327623" lon="23.321399">
        <ele>1288.661</ele>
        <time>2023-02-19T13:21:32Z</time>
      </trkpt>
      <trkpt lat="46.327656" lon="23.321453">
        <ele>1288.621</ele>
        <time>2023-02-19T13:21:36Z</time>
      </trkpt>
      <trkpt lat="46.327709" lon="23.321456">
        <ele>1288.613</ele>
        <time>2023-02-19T13:21:41Z</time>
      </trkpt>
      <trkpt lat="46.327721" lon="23.321521">
        <ele>1288.709</ele>
        <time>2023-02-19T13:21:45Z</time>
      </trkpt>
      <trkpt lat="46.327754" lon="23.321576">
        <ele>1288.967</ele>
        <time>2023-02-19T13:21:49Z</time>
      </trkpt>
      <trkpt lat="46.327762" lon="23.321656">
        <ele>1289.258</ele>
        <time>2023-02-19T13:21:53Z</time>
      </trkpt>
      <trkpt lat="46.327793" lon="23.321722">
        <ele>1289.342</ele>
        <time>2023-02-19T13:21:57Z</time>
      </trkpt>
      <trkpt lat="46.327802" lon="23.321796">
        <ele>1289.249</ele>
        <time>2023-02-19T13:22:01Z</time>
      </trkpt>
      <trkpt lat="46.327827" lon="23.321856">
        <ele>1289.199</ele>
        <time>2023-02-19T13:22:05Z</time>
      </trkpt>
      <trkpt lat="46.327842" lon="23.321930">
        <ele>1288.541</ele>
        <time>2023-02-19T13:22:09Z</time>
      </trkpt>
      <trkpt lat="46.327854" lon="23.321995">
        <ele>1288.257</ele>
        <time>2023-02-19T13:22:15Z</time>
      </trkpt>
      <trkpt lat="46.327869" lon="23.322057">
        <ele>1288.163</ele>
        <time>2023-02-19T13:22:20Z</time>
      </trkpt>
      <trkpt lat="46.327884" lon="23.322140">
        <ele>1288.365</ele>
        <time>2023-02-19T13:22:25Z</time>
      </trkpt>
      <trkpt lat="46.327902" lon="23.322208">
        <ele>1288.865</ele>
        <time>2023-02-19T13:22:29Z</time>
      </trkpt>
      <trkpt lat="46.327918" lon="23.322280">
        <ele>1290.068</ele>
        <time>2023-02-19T13:22:33Z</time>
      </trkpt>
      <trkpt lat="46.327933" lon="23.322357">
        <ele>1292.514</ele>
        <time>2023-02-19T13:22:38Z</time>
      </trkpt>
      <trkpt lat="46.327946" lon="23.322426">
        <ele>1293.409</ele>
        <time>2023-02-19T13:22:43Z</time>
      </trkpt>
      <trkpt lat="46.327955" lon="23.322501">
        <ele>1293.837</ele>
        <time>2023-02-19T13:22:48Z</time>
      </trkpt>
      <trkpt lat="46.327961" lon="23.322578">
        <ele>1294.518</ele>
        <time>2023-02-19T13:22:54Z</time>
      </trkpt>
      <trkpt lat="46.327969" lon="23.322644">
        <ele>1294.852</ele>
        <time>2023-02-19T13:22:59Z</time>
      </trkpt>
      <trkpt lat="46.327976" lon="23.322715">
        <ele>1294.969</ele>
        <time>2023-02-19T13:23:04Z</time>
      </trkpt>
      <trkpt lat="46.327981" lon="23.322784">
        <ele>1295.059</ele>
        <time>2023-02-19T13:23:08Z</time>
      </trkpt>
      <trkpt lat="46.327983" lon="23.322850">
        <ele>1295.291</ele>
        <time>2023-02-19T13:23:12Z</time>
      </trkpt>
      <trkpt lat="46.327982" lon="23.322924">
        <ele>1296.187</ele>
        <time>2023-02-19T13:23:18Z</time>
      </trkpt>
      <trkpt lat="46.327980" lon="23.322992">
        <ele>1297.013</ele>
        <time>2023-02-19T13:23:24Z</time>
      </trkpt>
      <trkpt lat="46.327994" lon="23.323065">
        <ele>1297.515</ele>
        <time>2023-02-19T13:23:29Z</time>
      </trkpt>
      <trkpt lat="46.327997" lon="23.323135">
        <ele>1298.124</ele>
        <time>2023-02-19T13:23:33Z</time>
      </trkpt>
      <trkpt lat="46.327998" lon="23.323216">
        <ele>1298.204</ele>
        <time>2023-02-19T13:23:37Z</time>
      </trkpt>
      <trkpt lat="46.327995" lon="23.323286">
        <ele>1299.014</ele>
        <time>2023-02-19T13:23:41Z</time>
      </trkpt>
      <trkpt lat="46.327982" lon="23.323349">
        <ele>1299.409</ele>
        <time>2023-02-19T13:23:45Z</time>
      </trkpt>
      <trkpt lat="46.327981" lon="23.323415">
        <ele>1300.023</ele>
        <time>2023-02-19T13:23:49Z</time>
      </trkpt>
      <trkpt lat="46.327975" lon="23.323481">
        <ele>1300.544</ele>
        <time>2023-02-19T13:23:54Z</time>
      </trkpt>
      <trkpt lat="46.327974" lon="23.323549">
        <ele>1301.078</ele>
        <time>2023-02-19T13:23:58Z</time>
      </trkpt>
      <trkpt lat="46.327964" lon="23.323625">
        <ele>1301.235</ele>
        <time>2023-02-19T13:24:02Z</time>
      </trkpt>
      <trkpt lat="46.327959" lon="23.323704">
        <ele>1301.415</ele>
        <time>2023-02-19T13:24:07Z</time>
      </trkpt>
      <trkpt lat="46.327958" lon="23.323791">
        <ele>1301.787</ele>
        <time>2023-02-19T13:24:11Z</time>
      </trkpt>
      <trkpt lat="46.327966" lon="23.323865">
        <ele>1302.733</ele>
        <time>2023-02-19T13:24:15Z</time>
      </trkpt>
      <trkpt lat="46.327974" lon="23.323936">
        <ele>1302.939</ele>
        <time>2023-02-19T13:24:19Z</time>
      </trkpt>
      <trkpt lat="46.327985" lon="23.324018">
        <ele>1303.621</ele>
        <time>2023-02-19T13:24:24Z</time>
      </trkpt>
      <trkpt lat="46.327989" lon="23.324084">
        <ele>1304.641</ele>
        <time>2023-02-19T13:24:28Z</time>
      </trkpt>
      <trkpt lat="46.328001" lon="23.324151">
        <ele>1305.081</ele>
        <time>2023-02-19T13:24:31Z</time>
      </trkpt>
      <trkpt lat="46.328006" lon="23.324223">
        <ele>1305.009</ele>
        <time>2023-02-19T13:24:43Z</time>
      </trkpt>
      <trkpt lat="46.328026" lon="23.324291">
        <ele>1305.209</ele>
        <time>2023-02-19T13:24:49Z</time>
      </trkpt>
      <trkpt lat="46.328035" lon="23.324367">
        <ele>1305.255</ele>
        <time>2023-02-19T13:24:53Z</time>
      </trkpt>
      <trkpt lat="46.328044" lon="23.324451">
        <ele>1305.436</ele>
        <time>2023-02-19T13:24:58Z</time>
      </trkpt>
      <trkpt lat="46.328037" lon="23.324519">
        <ele>1305.420</ele>
        <time>2023-02-19T13:25:01Z</time>
      </trkpt>
      <trkpt lat="46.328033" lon="23.324584">
        <ele>1305.957</ele>
        <time>2023-02-19T13:25:05Z</time>
      </trkpt>
      <trkpt lat="46.328018" lon="23.324650">
        <ele>1306.817</ele>
        <time>2023-02-19T13:25:10Z</time>
      </trkpt>
      <trkpt lat="46.328030" lon="23.324716">
        <ele>1306.919</ele>
        <time>2023-02-19T13:25:16Z</time>
      </trkpt>
      <trkpt lat="46.328057" lon="23.324778">
        <ele>1306.985</ele>
        <time>2023-02-19T13:25:21Z</time>
      </trkpt>
      <trkpt lat="46.328094" lon="23.324820">
        <ele>1307.051</ele>
        <time>2023-02-19T13:25:26Z</time>
      </trkpt>
      <trkpt lat="46.328124" lon="23.324889">
        <ele>1307.253</ele>
        <time>2023-02-19T13:25:31Z</time>
      </trkpt>
      <trkpt lat="46.328145" lon="23.324953">
        <ele>1308.133</ele>
        <time>2023-02-19T13:25:35Z</time>
      </trkpt>
      <trkpt lat="46.328127" lon="23.325109">
        <ele>1309.023</ele>
        <time>2023-02-19T13:25:39Z</time>
      </trkpt>
      <trkpt lat="46.328058" lon="23.325159">
        <ele>1309.715</ele>
        <time>2023-02-19T13:25:41Z</time>
      </trkpt>
      <trkpt lat="46.327890" lon="23.325057">
        <ele>1310.309</ele>
        <time>2023-02-19T13:25:43Z</time>
      </trkpt>
      <trkpt lat="46.327947" lon="23.325103">
        <ele>1312.544</ele>
        <time>2023-02-19T13:25:57Z</time>
      </trkpt>
      <trkpt lat="46.327988" lon="23.325134">
        <ele>1312.635</ele>
        <time>2023-02-19T13:26:00Z</time>
      </trkpt>
      <trkpt lat="46.328035" lon="23.325119">
        <ele>1312.829</ele>
        <time>2023-02-19T13:26:04Z</time>
      </trkpt>
      <trkpt lat="46.328074" lon="23.325155">
        <ele>1312.826</ele>
        <time>2023-02-19T13:26:07Z</time>
      </trkpt>
      <trkpt lat="46.328117" lon="23.325213">
        <ele>1312.826</ele>
        <time>2023-02-19T13:26:09Z</time>
      </trkpt>
      <trkpt lat="46.328160" lon="23.325309">
        <ele>1313.948</ele>
        <time>2023-02-19T13:26:11Z</time>
      </trkpt>
      <trkpt lat="46.328176" lon="23.325388">
        <ele>1314.344</ele>
        <time>2023-02-19T13:26:14Z</time>
      </trkpt>
      <trkpt lat="46.328174" lon="23.325464">
        <ele>1315.290</ele>
        <time>2023-02-19T13:26:18Z</time>
      </trkpt>
      <trkpt lat="46.328249" lon="23.325831">
        <ele>1315.632</ele>
        <time>2023-02-19T13:26:19Z</time>
      </trkpt>
      <trkpt lat="46.327806" lon="23.326121">
        <ele>1316.251</ele>
        <time>2023-02-19T13:26:21Z</time>
      </trkpt>
      <trkpt lat="46.327662" lon="23.326441">
        <ele>1316.701</ele>
        <time>2023-02-19T13:26:23Z</time>
      </trkpt>
      <trkpt lat="46.328175" lon="23.325903">
        <ele>1318.811</ele>
        <time>2023-02-19T13:26:34Z</time>
      </trkpt>
      <trkpt lat="46.328272" lon="23.326057">
        <ele>1318.809</ele>
        <time>2023-02-19T13:26:54Z</time>
      </trkpt>
      <trkpt lat="46.328297" lon="23.326114">
        <ele>1318.966</ele>
        <time>2023-02-19T13:26:58Z</time>
      </trkpt>
      <trkpt lat="46.328323" lon="23.326178">
        <ele>1319.477</ele>
        <time>2023-02-19T13:27:03Z</time>
      </trkpt>
      <trkpt lat="46.328351" lon="23.326247">
        <ele>1319.841</ele>
        <time>2023-02-19T13:27:08Z</time>
      </trkpt>
      <trkpt lat="46.328358" lon="23.326321">
        <ele>1320.018</ele>
        <time>2023-02-19T13:27:11Z</time>
      </trkpt>
      <trkpt lat="46.328397" lon="23.326420">
        <ele>1320.288</ele>
        <time>2023-02-19T13:27:16Z</time>
      </trkpt>
      <trkpt lat="46.328424" lon="23.326213">
        <ele>1320.690</ele>
        <time>2023-02-19T13:27:19Z</time>
      </trkpt>
      <trkpt lat="46.328480" lon="23.326182">
        <ele>1321.066</ele>
        <time>2023-02-19T13:27:21Z</time>
      </trkpt>
      <trkpt lat="46.328392" lon="23.325907">
        <ele>1321.752</ele>
        <time>2023-02-19T13:27:27Z</time>
      </trkpt>
      <trkpt lat="46.328379" lon="23.325761">
        <ele>1322.464</ele>
        <time>2023-02-19T13:27:30Z</time>
      </trkpt>
      <trkpt lat="46.328370" lon="23.325873">
        <ele>1322.784</ele>
        <time>2023-02-19T13:27:32Z</time>
      </trkpt>
      <trkpt lat="46.328445" lon="23.326385">
        <ele>1323.007</ele>
        <time>2023-02-19T13:27:34Z</time>
      </trkpt>
      <trkpt lat="46.328461" lon="23.326565">
        <ele>1322.717</ele>
        <time>2023-02-19T13:27:36Z</time>
      </trkpt>
      <trkpt lat="46.328458" lon="23.326680">
        <ele>1323.009</ele>
        <time>2023-02-19T13:27:38Z</time>
      </trkpt>
      <trkpt lat="46.328458" lon="23.326756">
        <ele>1323.389</ele>
        <time>2023-02-19T13:27:40Z</time>
      </trkpt>
      <trkpt lat="46.328463" lon="23.326831">
        <ele>1323.710</ele>
        <time>2023-02-19T13:27:43Z</time>
      </trkpt>
      <trkpt lat="46.328479" lon="23.326892">
        <ele>1323.994</ele>
        <time>2023-02-19T13:27:47Z</time>
      </trkpt>
      <trkpt lat="46.328495" lon="23.326957">
        <ele>1324.581</ele>
        <time>2023-02-19T13:27:51Z</time>
      </trkpt>
      <trkpt lat="46.328516" lon="23.327032">
        <ele>1324.391</ele>
        <time>2023-02-19T13:27:56Z</time>
      </trkpt>
      <trkpt lat="46.328532" lon="23.327101">
        <ele>1324.473</ele>
        <time>2023-02-19T13:28:00Z</time>
      </trkpt>
      <trkpt lat="46.328541" lon="23.327167">
        <ele>1324.339</ele>
        <time>2023-02-19T13:28:03Z</time>
      </trkpt>
      <trkpt lat="46.328569" lon="23.327226">
        <ele>1324.495</ele>
        <time>2023-02-19T13:28:08Z</time>
      </trkpt>
      <trkpt lat="46.328574" lon="23.327315">
        <ele>1324.237</ele>
        <time>2023-02-19T13:28:13Z</time>
      </trkpt>
      <trkpt lat="46.328588" lon="23.327385">
        <ele>1324.275</ele>
        <time>2023-02-19T13:28:16Z</time>
      </trkpt>
      <trkpt lat="46.328610" lon="23.327452">
        <ele>1324.228</ele>
        <time>2023-02-19T13:28:22Z</time>
      </trkpt>
      <trkpt lat="46.328635" lon="23.327511">
        <ele>1324.120</ele>
        <time>2023-02-19T13:28:25Z</time>
      </trkpt>
      <trkpt lat="46.328656" lon="23.327575">
        <ele>1324.109</ele>
        <time>2023-02-19T13:28:29Z</time>
      </trkpt>
      <trkpt lat="46.328664" lon="23.327653">
        <ele>1324.048</ele>
        <time>2023-02-19T13:28:32Z</time>
      </trkpt>
      <trkpt lat="46.328700" lon="23.327716">
        <ele>1323.959</ele>
        <time>2023-02-19T13:28:37Z</time>
      </trkpt>
      <trkpt lat="46.328729" lon="23.327788">
        <ele>1323.713</ele>
        <time>2023-02-19T13:28:42Z</time>
      </trkpt>
      <trkpt lat="46.328758" lon="23.327838">
        <ele>1323.740</ele>
        <time>2023-02-19T13:28:48Z</time>
      </trkpt>
      <trkpt lat="46.328786" lon="23.327890">
        <ele>1323.730</ele>
        <time>2023-02-19T13:28:52Z</time>
      </trkpt>
      <trkpt lat="46.328820" lon="23.327942">
        <ele>1323.982</ele>
        <time>2023-02-19T13:28:57Z</time>
      </trkpt>
      <trkpt lat="46.328841" lon="23.328008">
        <ele>1324.328</ele>
        <time>2023-02-19T13:29:00Z</time>
      </trkpt>
      <trkpt lat="46.328869" lon="23.328072">
        <ele>1324.764</ele>
        <time>2023-02-19T13:29:08Z</time>
      </trkpt>
      <trkpt lat="46.328888" lon="23.328132">
        <ele>1325.596</ele>
        <time>2023-02-19T13:29:11Z</time>
      </trkpt>
      <trkpt lat="46.328924" lon="23.328202">
        <ele>1326.072</ele>
        <time>2023-02-19T13:29:16Z</time>
      </trkpt>
      <trkpt lat="46.328948" lon="23.328267">
        <ele>1326.113</ele>
        <time>2023-02-19T13:29:21Z</time>
      </trkpt>
      <trkpt lat="46.328969" lon="23.328330">
        <ele>1325.614</ele>
        <time>2023-02-19T13:29:27Z</time>
      </trkpt>
      <trkpt lat="46.328988" lon="23.328397">
        <ele>1325.309</ele>
        <time>2023-02-19T13:29:30Z</time>
      </trkpt>
      <trkpt lat="46.329025" lon="23.328459">
        <ele>1325.348</ele>
        <time>2023-02-19T13:29:35Z</time>
      </trkpt>
      <trkpt lat="46.329019" lon="23.328547">
        <ele>1325.279</ele>
        <time>2023-02-19T13:29:42Z</time>
      </trkpt>
      <trkpt lat="46.329018" lon="23.328621">
        <ele>1325.323</ele>
        <time>2023-02-19T13:29:46Z</time>
      </trkpt>
      <trkpt lat="46.329029" lon="23.328695">
        <ele>1325.570</ele>
        <time>2023-02-19T13:29:51Z</time>
      </trkpt>
      <trkpt lat="46.329043" lon="23.328763">
        <ele>1325.630</ele>
        <time>2023-02-19T13:29:55Z</time>
      </trkpt>
      <trkpt lat="46.329055" lon="23.328832">
        <ele>1325.812</ele>
        <time>2023-02-19T13:30:00Z</time>
      </trkpt>
      <trkpt lat="46.329070" lon="23.328902">
        <ele>1326.518</ele>
        <time>2023-02-19T13:30:05Z</time>
      </trkpt>
      <trkpt lat="46.329067" lon="23.328974">
        <ele>1326.894</ele>
        <time>2023-02-19T13:30:09Z</time>
      </trkpt>
      <trkpt lat="46.329072" lon="23.329051">
        <ele>1327.916</ele>
        <time>2023-02-19T13:30:14Z</time>
      </trkpt>
      <trkpt lat="46.329083" lon="23.329123">
        <ele>1328.443</ele>
        <time>2023-02-19T13:30:18Z</time>
      </trkpt>
      <trkpt lat="46.329091" lon="23.329202">
        <ele>1328.864</ele>
        <time>2023-02-19T13:30:22Z</time>
      </trkpt>
      <trkpt lat="46.329097" lon="23.329272">
        <ele>1329.210</ele>
        <time>2023-02-19T13:30:26Z</time>
      </trkpt>
      <trkpt lat="46.329117" lon="23.329339">
        <ele>1329.809</ele>
        <time>2023-02-19T13:30:31Z</time>
      </trkpt>
      <trkpt lat="46.329146" lon="23.329400">
        <ele>1330.435</ele>
        <time>2023-02-19T13:30:35Z</time>
      </trkpt>
      <trkpt lat="46.329143" lon="23.329472">
        <ele>1330.746</ele>
        <time>2023-02-19T13:30:39Z</time>
      </trkpt>
      <trkpt lat="46.329139" lon="23.329544">
        <ele>1331.190</ele>
        <time>2023-02-19T13:30:43Z</time>
      </trkpt>
      <trkpt lat="46.329157" lon="23.329627">
        <ele>1332.457</ele>
        <time>2023-02-19T13:30:47Z</time>
      </trkpt>
      <trkpt lat="46.329185" lon="23.329688">
        <ele>1333.267</ele>
        <time>2023-02-19T13:30:51Z</time>
      </trkpt>
      <trkpt lat="46.329200" lon="23.329763">
        <ele>1333.439</ele>
        <time>2023-02-19T13:30:55Z</time>
      </trkpt>
      <trkpt lat="46.329218" lon="23.329825">
        <ele>1333.795</ele>
        <time>2023-02-19T13:31:00Z</time>
      </trkpt>
      <trkpt lat="46.329229" lon="23.329909">
        <ele>1334.041</ele>
        <time>2023-02-19T13:31:04Z</time>
      </trkpt>
      <trkpt lat="46.329247" lon="23.329977">
        <ele>1334.253</ele>
        <time>2023-02-19T13:31:07Z</time>
      </trkpt>
      <trkpt lat="46.329271" lon="23.330035">
        <ele>1333.843</ele>
        <time>2023-02-19T13:31:11Z</time>
      </trkpt>
      <trkpt lat="46.329271" lon="23.330102">
        <ele>1334.164</ele>
        <time>2023-02-19T13:31:17Z</time>
      </trkpt>
      <trkpt lat="46.329283" lon="23.330175">
        <ele>1334.110</ele>
        <time>2023-02-19T13:31:21Z</time>
      </trkpt>
      <trkpt lat="46.329316" lon="23.330256">
        <ele>1334.109</ele>
        <time>2023-02-19T13:31:25Z</time>
      </trkpt>
      <trkpt lat="46.329331" lon="23.330331">
        <ele>1334.385</ele>
        <time>2023-02-19T13:31:29Z</time>
      </trkpt>
      <trkpt lat="46.329356" lon="23.330386">
        <ele>1334.426</ele>
        <time>2023-02-19T13:31:34Z</time>
      </trkpt>
      <trkpt lat="46.329384" lon="23.330454">
        <ele>1334.550</ele>
        <time>2023-02-19T13:31:38Z</time>
      </trkpt>
      <trkpt lat="46.329418" lon="23.330498">
        <ele>1334.697</ele>
        <time>2023-02-19T13:31:50Z</time>
      </trkpt>
      <trkpt lat="46.329436" lon="23.330558">
        <ele>1334.717</ele>
        <time>2023-02-19T13:31:54Z</time>
      </trkpt>
      <trkpt lat="46.329463" lon="23.330616">
        <ele>1334.829</ele>
        <time>2023-02-19T13:31:59Z</time>
      </trkpt>
      <trkpt lat="46.329494" lon="23.330673">
        <ele>1335.035</ele>
        <time>2023-02-19T13:32:03Z</time>
      </trkpt>
      <trkpt lat="46.329523" lon="23.330724">
        <ele>1335.291</ele>
        <time>2023-02-19T13:32:10Z</time>
      </trkpt>
      <trkpt lat="46.329564" lon="23.330762">
        <ele>1335.253</ele>
        <time>2023-02-19T13:32:15Z</time>
      </trkpt>
      <trkpt lat="46.329595" lon="23.330820">
        <ele>1335.369</ele>
        <time>2023-02-19T13:32:21Z</time>
      </trkpt>
      <trkpt lat="46.329628" lon="23.330867">
        <ele>1335.404</ele>
        <time>2023-02-19T13:32:25Z</time>
      </trkpt>
      <trkpt lat="46.329661" lon="23.330921">
        <ele>1335.224</ele>
        <time>2023-02-19T13:32:29Z</time>
      </trkpt>
      <trkpt lat="46.329694" lon="23.330973">
        <ele>1335.009</ele>
        <time>2023-02-19T13:32:33Z</time>
      </trkpt>
      <trkpt lat="46.329728" lon="23.331024">
        <ele>1334.987</ele>
        <time>2023-02-19T13:32:40Z</time>
      </trkpt>
      <trkpt lat="46.329767" lon="23.331059">
        <ele>1334.838</ele>
        <time>2023-02-19T13:32:46Z</time>
      </trkpt>
      <trkpt lat="46.329796" lon="23.331112">
        <ele>1334.822</ele>
        <time>2023-02-19T13:32:50Z</time>
      </trkpt>
      <trkpt lat="46.329837" lon="23.331157">
        <ele>1334.769</ele>
        <time>2023-02-19T13:32:55Z</time>
      </trkpt>
      <trkpt lat="46.329857" lon="23.331216">
        <ele>1334.619</ele>
        <time>2023-02-19T13:32:58Z</time>
      </trkpt>
      <trkpt lat="46.329884" lon="23.331283">
        <ele>1334.481</ele>
        <time>2023-02-19T13:33:03Z</time>
      </trkpt>
      <trkpt lat="46.329913" lon="23.331352">
        <ele>1334.367</ele>
        <time>2023-02-19T13:33:07Z</time>
      </trkpt>
      <trkpt lat="46.329944" lon="23.331403">
        <ele>1334.283</ele>
        <time>2023-02-19T13:33:11Z</time>
      </trkpt>
      <trkpt lat="46.329975" lon="23.331463">
        <ele>1334.235</ele>
        <time>2023-02-19T13:33:15Z</time>
      </trkpt>
      <trkpt lat="46.330014" lon="23.331519">
        <ele>1334.358</ele>
        <time>2023-02-19T13:33:20Z</time>
      </trkpt>
      <trkpt lat="46.330049" lon="23.331572">
        <ele>1334.452</ele>
        <time>2023-02-19T13:33:25Z</time>
      </trkpt>
      <trkpt lat="46.330086" lon="23.331636">
        <ele>1334.817</ele>
        <time>2023-02-19T13:33:31Z</time>
      </trkpt>
      <trkpt lat="46.330124" lon="23.331677">
        <ele>1334.809</ele>
        <time>2023-02-19T13:33:36Z</time>
      </trkpt>
      <trkpt lat="46.330158" lon="23.331724">
        <ele>1334.646</ele>
        <time>2023-02-19T13:33:40Z</time>
      </trkpt>
      <trkpt lat="46.330166" lon="23.331825">
        <ele>1334.777</ele>
        <time>2023-02-19T13:33:47Z</time>
      </trkpt>
      <trkpt lat="46.330218" lon="23.331908">
        <ele>1334.881</ele>
        <time>2023-02-19T13:33:49Z</time>
      </trkpt>
      <trkpt lat="46.330265" lon="23.331854">
        <ele>1335.278</ele>
        <time>2023-02-19T13:33:52Z</time>
      </trkpt>
      <trkpt lat="46.330292" lon="23.331909">
        <ele>1334.928</ele>
        <time>2023-02-19T13:34:05Z</time>
      </trkpt>
      <trkpt lat="46.330333" lon="23.331966">
        <ele>1334.930</ele>
        <time>2023-02-19T13:34:12Z</time>
      </trkpt>
      <trkpt lat="46.330369" lon="23.332017">
        <ele>1335.176</ele>
        <time>2023-02-19T13:34:16Z</time>
      </trkpt>
      <trkpt lat="46.330409" lon="23.332053">
        <ele>1335.392</ele>
        <time>2023-02-19T13:34:20Z</time>
      </trkpt>
      <trkpt lat="46.330443" lon="23.332125">
        <ele>1335.944</ele>
        <time>2023-02-19T13:34:27Z</time>
      </trkpt>
      <trkpt lat="46.330479" lon="23.332178">
        <ele>1336.021</ele>
        <time>2023-02-19T13:34:30Z</time>
      </trkpt>
      <trkpt lat="46.330521" lon="23.332230">
        <ele>1335.941</ele>
        <time>2023-02-19T13:34:38Z</time>
      </trkpt>
      <trkpt lat="46.330561" lon="23.332284">
        <ele>1335.805</ele>
        <time>2023-02-19T13:34:45Z</time>
      </trkpt>
      <trkpt lat="46.330596" lon="23.332326">
        <ele>1335.809</ele>
        <time>2023-02-19T13:34:50Z</time>
      </trkpt>
      <trkpt lat="46.330629" lon="23.332395">
        <ele>1335.623</ele>
        <time>2023-02-19T13:34:54Z</time>
      </trkpt>
      <trkpt lat="46.330663" lon="23.332459">
        <ele>1335.414</ele>
        <time>2023-02-19T13:34:58Z</time>
      </trkpt>
      <trkpt lat="46.330702" lon="23.332496">
        <ele>1335.078</ele>
        <time>2023-02-19T13:35:02Z</time>
      </trkpt>
      <trkpt lat="46.330730" lon="23.332553">
        <ele>1334.935</ele>
        <time>2023-02-19T13:35:05Z</time>
      </trkpt>
      <trkpt lat="46.330667" lon="23.332615">
        <ele>1334.445</ele>
        <time>2023-02-19T13:35:07Z</time>
      </trkpt>
      <trkpt lat="46.330626" lon="23.332708">
        <ele>1334.247</ele>
        <time>2023-02-19T13:35:10Z</time>
      </trkpt>
      <trkpt lat="46.330607" lon="23.332796">
        <ele>1334.183</ele>
        <time>2023-02-19T13:35:11Z</time>
      </trkpt>
      <trkpt lat="46.330669" lon="23.332869">
        <ele>1333.559</ele>
        <time>2023-02-19T13:35:15Z</time>
      </trkpt>
      <trkpt lat="46.330636" lon="23.332806">
        <ele>1334.291</ele>
        <time>2023-02-19T13:35:17Z</time>
      </trkpt>
      <trkpt lat="46.330685" lon="23.332848">
        <ele>1334.369</ele>
        <time>2023-02-19T13:35:22Z</time>
      </trkpt>
      <trkpt lat="46.330781" lon="23.332823">
        <ele>1334.304</ele>
        <time>2023-02-19T13:35:24Z</time>
      </trkpt>
      <trkpt lat="46.330839" lon="23.332965">
        <ele>1333.524</ele>
        <time>2023-02-19T13:35:26Z</time>
      </trkpt>
      <trkpt lat="46.330892" lon="23.332932">
        <ele>1333.209</ele>
        <time>2023-02-19T13:35:30Z</time>
      </trkpt>
      <trkpt lat="46.330938" lon="23.332913">
        <ele>1333.227</ele>
        <time>2023-02-19T13:35:35Z</time>
      </trkpt>
      <trkpt lat="46.330978" lon="23.332954">
        <ele>1333.228</ele>
        <time>2023-02-19T13:35:39Z</time>
      </trkpt>
      <trkpt lat="46.331023" lon="23.333026">
        <ele>1333.322</ele>
        <time>2023-02-19T13:35:46Z</time>
      </trkpt>
      <trkpt lat="46.331065" lon="23.333070">
        <ele>1333.599</ele>
        <time>2023-02-19T13:35:50Z</time>
      </trkpt>
      <trkpt lat="46.331054" lon="23.333182">
        <ele>1333.669</ele>
        <time>2023-02-19T13:35:54Z</time>
      </trkpt>
      <trkpt lat="46.331116" lon="23.333239">
        <ele>1333.661</ele>
        <time>2023-02-19T13:35:57Z</time>
      </trkpt>
      <trkpt lat="46.331163" lon="23.333247">
        <ele>1333.377</ele>
        <time>2023-02-19T13:36:01Z</time>
      </trkpt>
      <trkpt lat="46.331198" lon="23.333299">
        <ele>1332.363</ele>
        <time>2023-02-19T13:36:09Z</time>
      </trkpt>
      <trkpt lat="46.331237" lon="23.333355">
        <ele>1332.035</ele>
        <time>2023-02-19T13:36:11Z</time>
      </trkpt>
      <trkpt lat="46.331281" lon="23.333391">
        <ele>1331.449</ele>
        <time>2023-02-19T13:36:17Z</time>
      </trkpt>
      <trkpt lat="46.331342" lon="23.333432">
        <ele>1331.402</ele>
        <time>2023-02-19T13:36:22Z</time>
      </trkpt>
      <trkpt lat="46.331378" lon="23.333481">
        <ele>1331.622</ele>
        <time>2023-02-19T13:36:26Z</time>
      </trkpt>
      <trkpt lat="46.331423" lon="23.333515">
        <ele>1331.409</ele>
        <time>2023-02-19T13:36:30Z</time>
      </trkpt>
      <trkpt lat="46.331461" lon="23.333578">
        <ele>1331.365</ele>
        <time>2023-02-19T13:36:35Z</time>
      </trkpt>
      <trkpt lat="46.331491" lon="23.333634">
        <ele>1331.186</ele>
        <time>2023-02-19T13:36:39Z</time>
      </trkpt>
      <trkpt lat="46.331532" lon="23.333682">
        <ele>1330.810</ele>
        <time>2023-02-19T13:36:43Z</time>
      </trkpt>
      <trkpt lat="46.331581" lon="23.333709">
        <ele>1330.677</ele>
        <time>2023-02-19T13:36:47Z</time>
      </trkpt>
      <trkpt lat="46.331606" lon="23.333776">
        <ele>1330.147</ele>
        <time>2023-02-19T13:36:52Z</time>
      </trkpt>
      <trkpt lat="46.331647" lon="23.333804">
        <ele>1330.079</ele>
        <time>2023-02-19T13:36:55Z</time>
      </trkpt>
      <trkpt lat="46.331694" lon="23.333833">
        <ele>1329.875</ele>
        <time>2023-02-19T13:36:59Z</time>
      </trkpt>
      <trkpt lat="46.331738" lon="23.333858">
        <ele>1329.841</ele>
        <time>2023-02-19T13:37:03Z</time>
      </trkpt>
      <trkpt lat="46.331778" lon="23.333897">
        <ele>1329.683</ele>
        <time>2023-02-19T13:37:07Z</time>
      </trkpt>
      <trkpt lat="46.331815" lon="23.333939">
        <ele>1329.649</ele>
        <time>2023-02-19T13:37:11Z</time>
      </trkpt>
      <trkpt lat="46.331866" lon="23.333979">
        <ele>1329.302</ele>
        <time>2023-02-19T13:37:14Z</time>
      </trkpt>
      <trkpt lat="46.331911" lon="23.334001">
        <ele>1329.222</ele>
        <time>2023-02-19T13:37:18Z</time>
      </trkpt>
      <trkpt lat="46.331959" lon="23.334015">
        <ele>1329.009</ele>
        <time>2023-02-19T13:37:24Z</time>
      </trkpt>
      <trkpt lat="46.332012" lon="23.334050">
        <ele>1328.845</ele>
        <time>2023-02-19T13:37:29Z</time>
      </trkpt>
      <trkpt lat="46.332051" lon="23.334084">
        <ele>1328.416</ele>
        <time>2023-02-19T13:37:32Z</time>
      </trkpt>
      <trkpt lat="46.332079" lon="23.334144">
        <ele>1328.360</ele>
        <time>2023-02-19T13:37:39Z</time>
      </trkpt>
      <trkpt lat="46.332093" lon="23.334208">
        <ele>1328.297</ele>
        <time>2023-02-19T13:37:44Z</time>
      </trkpt>
      <trkpt lat="46.332139" lon="23.334255">
        <ele>1328.037</ele>
        <time>2023-02-19T13:37:49Z</time>
      </trkpt>
      <trkpt lat="46.332176" lon="23.334308">
        <ele>1328.299</ele>
        <time>2023-02-19T13:37:54Z</time>
      </trkpt>
      <trkpt lat="46.332203" lon="23.334366">
        <ele>1328.295</ele>
        <time>2023-02-19T13:37:57Z</time>
      </trkpt>
      <trkpt lat="46.332210" lon="23.334453">
        <ele>1328.321</ele>
        <time>2023-02-19T13:38:03Z</time>
      </trkpt>
      <trkpt lat="46.332239" lon="23.334535">
        <ele>1328.323</ele>
        <time>2023-02-19T13:38:07Z</time>
      </trkpt>
      <trkpt lat="46.332266" lon="23.334600">
        <ele>1328.394</ele>
        <time>2023-02-19T13:38:11Z</time>
      </trkpt>
      <trkpt lat="46.332301" lon="23.334667">
        <ele>1328.357</ele>
        <time>2023-02-19T13:38:15Z</time>
      </trkpt>
      <trkpt lat="46.332364" lon="23.334738">
        <ele>1328.422</ele>
        <time>2023-02-19T13:38:19Z</time>
      </trkpt>
      <trkpt lat="46.332405" lon="23.334802">
        <ele>1328.309</ele>
        <time>2023-02-19T13:38:20Z</time>
      </trkpt>
      <trkpt lat="46.332359" lon="23.334790">
        <ele>1328.730</ele>
        <time>2023-02-19T13:38:24Z</time>
      </trkpt>
      <trkpt lat="46.332385" lon="23.334866">
        <ele>1328.781</ele>
        <time>2023-02-19T13:38:28Z</time>
      </trkpt>
      <trkpt lat="46.332419" lon="23.334940">
        <ele>1328.295</ele>
        <time>2023-02-19T13:38:32Z</time>
      </trkpt>
      <trkpt lat="46.332450" lon="23.335010">
        <ele>1328.082</ele>
        <time>2023-02-19T13:38:37Z</time>
      </trkpt>
      <trkpt lat="46.332481" lon="23.335062">
        <ele>1327.972</ele>
        <time>2023-02-19T13:38:41Z</time>
      </trkpt>
      <trkpt lat="46.332505" lon="23.335117">
        <ele>1327.774</ele>
        <time>2023-02-19T13:38:45Z</time>
      </trkpt>
      <trkpt lat="46.332522" lon="23.335179">
        <ele>1327.610</ele>
        <time>2023-02-19T13:38:48Z</time>
      </trkpt>
      <trkpt lat="46.332552" lon="23.335233">
        <ele>1327.556</ele>
        <time>2023-02-19T13:38:52Z</time>
      </trkpt>
      <trkpt lat="46.332582" lon="23.335285">
        <ele>1327.438</ele>
        <time>2023-02-19T13:38:55Z</time>
      </trkpt>
      <trkpt lat="46.332623" lon="23.335343">
        <ele>1327.314</ele>
        <time>2023-02-19T13:39:00Z</time>
      </trkpt>
      <trkpt lat="46.332660" lon="23.335389">
        <ele>1327.054</ele>
        <time>2023-02-19T13:39:05Z</time>
      </trkpt>
      <trkpt lat="46.332684" lon="23.335452">
        <ele>1327.009</ele>
        <time>2023-02-19T13:39:09Z</time>
      </trkpt>
      <trkpt lat="46.332701" lon="23.335521">
        <ele>1326.909</ele>
        <time>2023-02-19T13:39:13Z</time>
      </trkpt>
      <trkpt lat="46.332718" lon="23.335588">
        <ele>1326.792</ele>
        <time>2023-02-19T13:39:18Z</time>
      </trkpt>
      <trkpt lat="46.332742" lon="23.335652">
        <ele>1326.733</ele>
        <time>2023-02-19T13:39:21Z</time>
      </trkpt>
      <trkpt lat="46.332760" lon="23.335720">
        <ele>1326.227</ele>
        <time>2023-02-19T13:39:25Z</time>
      </trkpt>
      <trkpt lat="46.332797" lon="23.335767">
        <ele>1326.034</ele>
        <time>2023-02-19T13:39:30Z</time>
      </trkpt>
      <trkpt lat="46.332844" lon="23.335808">
        <ele>1325.834</ele>
        <time>2023-02-19T13:39:34Z</time>
      </trkpt>
      <trkpt lat="46.332886" lon="23.335832">
        <ele>1325.656</ele>
        <time>2023-02-19T13:39:39Z</time>
      </trkpt>
      <trkpt lat="46.332916" lon="23.335882">
        <ele>1325.162</ele>
        <time>2023-02-19T13:39:44Z</time>
      </trkpt>
      <trkpt lat="46.332865" lon="23.335872">
        <ele>1324.518</ele>
        <time>2023-02-19T13:39:49Z</time>
      </trkpt>
      <trkpt lat="46.332917" lon="23.335898">
        <ele>1324.420</ele>
        <time>2023-02-19T13:39:50Z</time>
      </trkpt>
      <trkpt lat="46.332959" lon="23.335946">
        <ele>1324.455</ele>
        <time>2023-02-19T13:39:56Z</time>
      </trkpt>
      <trkpt lat="46.332979" lon="23.336010">
        <ele>1324.807</ele>
        <time>2023-02-19T13:39:59Z</time>
      </trkpt>
      <trkpt lat="46.332980" lon="23.336080">
        <ele>1324.917</ele>
        <time>2023-02-19T13:40:02Z</time>
      </trkpt>
      <trkpt lat="46.332993" lon="23.336143">
        <ele>1325.009</ele>
        <time>2023-02-19T13:40:08Z</time>
      </trkpt>
      <trkpt lat="46.333011" lon="23.336213">
        <ele>1325.116</ele>
        <time>2023-02-19T13:40:12Z</time>
      </trkpt>
      <trkpt lat="46.333034" lon="23.336278">
        <ele>1325.577</ele>
        <time>2023-02-19T13:40:18Z</time>
      </trkpt>
      <trkpt lat="46.333060" lon="23.336333">
        <ele>1325.881</ele>
        <time>2023-02-19T13:40:21Z</time>
      </trkpt>
      <trkpt lat="46.333088" lon="23.336400">
        <ele>1326.118</ele>
        <time>2023-02-19T13:40:25Z</time>
      </trkpt>
      <trkpt lat="46.333110" lon="23.336463">
        <ele>1327.128</ele>
        <time>2023-02-19T13:40:30Z</time>
      </trkpt>
      <trkpt lat="46.333139" lon="23.336531">
        <ele>1327.410</ele>
        <time>2023-02-19T13:40:34Z</time>
      </trkpt>
      <trkpt lat="46.333175" lon="23.336581">
        <ele>1327.586</ele>
        <time>2023-02-19T13:40:38Z</time>
      </trkpt>
      <trkpt lat="46.333202" lon="23.336637">
        <ele>1327.782</ele>
        <time>2023-02-19T13:40:41Z</time>
      </trkpt>
      <trkpt lat="46.333230" lon="23.336689">
        <ele>1327.954</ele>
        <time>2023-02-19T13:40:45Z</time>
      </trkpt>
      <trkpt lat="46.333318" lon="23.336773">
        <ele>1327.959</ele>
        <time>2023-02-19T13:40:50Z</time>
      </trkpt>
      <trkpt lat="46.333311" lon="23.336847">
        <ele>1328.003</ele>
        <time>2023-02-19T13:40:59Z</time>
      </trkpt>
      <trkpt lat="46.333336" lon="23.336915">
        <ele>1328.023</ele>
        <time>2023-02-19T13:41:03Z</time>
      </trkpt>
      <trkpt lat="46.333363" lon="23.336981">
        <ele>1328.309</ele>
        <time>2023-02-19T13:41:08Z</time>
      </trkpt>
      <trkpt lat="46.333375" lon="23.337067">
        <ele>1328.496</ele>
        <time>2023-02-19T13:41:12Z</time>
      </trkpt>
      <trkpt lat="46.333391" lon="23.337150">
        <ele>1328.527</ele>
        <time>2023-02-19T13:41:16Z</time>
      </trkpt>
      <trkpt lat="46.333413" lon="23.337208">
        <ele>1328.791</ele>
        <time>2023-02-19T13:41:21Z</time>
      </trkpt>
      <trkpt lat="46.333441" lon="23.337269">
        <ele>1328.958</ele>
        <time>2023-02-19T13:41:26Z</time>
      </trkpt>
      <trkpt lat="46.333441" lon="23.337350">
        <ele>1329.488</ele>
        <time>2023-02-19T13:41:30Z</time>
      </trkpt>
      <trkpt lat="46.333452" lon="23.337428">
        <ele>1329.560</ele>
        <time>2023-02-19T13:41:35Z</time>
      </trkpt>
      <trkpt lat="46.333491" lon="23.337489">
        <ele>1329.826</ele>
        <time>2023-02-19T13:41:39Z</time>
      </trkpt>
      <trkpt lat="46.333514" lon="23.337552">
        <ele>1329.862</ele>
        <time>2023-02-19T13:41:43Z</time>
      </trkpt>
      <trkpt lat="46.333531" lon="23.337617">
        <ele>1329.824</ele>
        <time>2023-02-19T13:41:46Z</time>
      </trkpt>
      <trkpt lat="46.333520" lon="23.337692">
        <ele>1329.934</ele>
        <time>2023-02-19T13:41:52Z</time>
      </trkpt>
      <trkpt lat="46.333544" lon="23.337750">
        <ele>1330.255</ele>
        <time>2023-02-19T13:41:54Z</time>
      </trkpt>
      <trkpt lat="46.333562" lon="23.337811">
        <ele>1329.810</ele>
        <time>2023-02-19T13:41:59Z</time>
      </trkpt>
      <trkpt lat="46.333585" lon="23.337895">
        <ele>1329.709</ele>
        <time>2023-02-19T13:42:02Z</time>
      </trkpt>
      <trkpt lat="46.333608" lon="23.337994">
        <ele>1329.634</ele>
        <time>2023-02-19T13:42:05Z</time>
      </trkpt>
      <trkpt lat="46.333679" lon="23.337982">
        <ele>1329.515</ele>
        <time>2023-02-19T13:42:07Z</time>
      </trkpt>
      <trkpt lat="46.333689" lon="23.338075">
        <ele>1331.049</ele>
        <time>2023-02-19T13:42:13Z</time>
      </trkpt>
      <trkpt lat="46.333743" lon="23.338072">
        <ele>1330.676</ele>
        <time>2023-02-19T13:42:16Z</time>
      </trkpt>
      <trkpt lat="46.333742" lon="23.338156">
        <ele>1329.646</ele>
        <time>2023-02-19T13:42:20Z</time>
      </trkpt>
      <trkpt lat="46.333750" lon="23.338230">
        <ele>1329.298</ele>
        <time>2023-02-19T13:42:24Z</time>
      </trkpt>
      <trkpt lat="46.333757" lon="23.338294">
        <ele>1329.044</ele>
        <time>2023-02-19T13:42:29Z</time>
      </trkpt>
      <trkpt lat="46.333762" lon="23.338366">
        <ele>1329.080</ele>
        <time>2023-02-19T13:42:31Z</time>
      </trkpt>
      <trkpt lat="46.333779" lon="23.338445">
        <ele>1328.662</ele>
        <time>2023-02-19T13:42:35Z</time>
      </trkpt>
      <trkpt lat="46.333787" lon="23.338513">
        <ele>1328.088</ele>
        <time>2023-02-19T13:42:39Z</time>
      </trkpt>
      <trkpt lat="46.333785" lon="23.338584">
        <ele>1327.624</ele>
        <time>2023-02-19T13:42:44Z</time>
      </trkpt>
      <trkpt lat="46.333788" lon="23.338661">
        <ele>1327.526</ele>
        <time>2023-02-19T13:42:47Z</time>
      </trkpt>
      <trkpt lat="46.333786" lon="23.338764">
        <ele>1327.109</ele>
        <time>2023-02-19T13:42:52Z</time>
      </trkpt>
      <trkpt lat="46.333782" lon="23.338846">
        <ele>1327.139</ele>
        <time>2023-02-19T13:42:59Z</time>
      </trkpt>
      <trkpt lat="46.333835" lon="23.338849">
        <ele>1327.250</ele>
        <time>2023-02-19T13:43:01Z</time>
      </trkpt>
      <trkpt lat="46.333810" lon="23.338929">
        <ele>1327.364</ele>
        <time>2023-02-19T13:43:05Z</time>
      </trkpt>
      <trkpt lat="46.333848" lon="23.338986">
        <ele>1328.091</ele>
        <time>2023-02-19T13:43:08Z</time>
      </trkpt>
      <trkpt lat="46.333890" lon="23.339037">
        <ele>1328.011</ele>
        <time>2023-02-19T13:43:12Z</time>
      </trkpt>
      <trkpt lat="46.333920" lon="23.339107">
        <ele>1327.013</ele>
        <time>2023-02-19T13:43:21Z</time>
      </trkpt>
      <trkpt lat="46.333932" lon="23.339175">
        <ele>1326.719</ele>
        <time>2023-02-19T13:43:23Z</time>
      </trkpt>
      <trkpt lat="46.333977" lon="23.339195">
        <ele>1326.525</ele>
        <time>2023-02-19T13:43:28Z</time>
      </trkpt>
      <trkpt lat="46.333968" lon="23.339304">
        <ele>1326.577</ele>
        <time>2023-02-19T13:43:31Z</time>
      </trkpt>
      <trkpt lat="46.334002" lon="23.339376">
        <ele>1325.857</ele>
        <time>2023-02-19T13:43:42Z</time>
      </trkpt>
      <trkpt lat="46.333979" lon="23.339455">
        <ele>1325.700</ele>
        <time>2023-02-19T13:43:45Z</time>
      </trkpt>
      <trkpt lat="46.334015" lon="23.339512">
        <ele>1325.120</ele>
        <time>2023-02-19T13:43:48Z</time>
      </trkpt>
      <trkpt lat="46.334010" lon="23.339579">
        <ele>1324.809</ele>
        <time>2023-02-19T13:43:52Z</time>
      </trkpt>
      <trkpt lat="46.334019" lon="23.339666">
        <ele>1324.686</ele>
        <time>2023-02-19T13:43:54Z</time>
      </trkpt>
      <trkpt lat="46.334045" lon="23.339750">
        <ele>1324.487</ele>
        <time>2023-02-19T13:43:56Z</time>
      </trkpt>
      <trkpt lat="46.334082" lon="23.339698">
        <ele>1324.381</ele>
        <time>2023-02-19T13:43:59Z</time>
      </trkpt>
      <trkpt lat="46.334104" lon="23.339534">
        <ele>1324.638</ele>
        <time>2023-02-19T13:44:19Z</time>
      </trkpt>
      <trkpt lat="46.334212" lon="23.339666">
        <ele>1324.078</ele>
        <time>2023-02-19T13:44:27Z</time>
      </trkpt>
      <trkpt lat="46.334178" lon="23.340121">
        <ele>1323.150</ele>
        <time>2023-02-19T13:44:29Z</time>
      </trkpt>
      <trkpt lat="46.334191" lon="23.340184">
        <ele>1323.326</ele>
        <time>2023-02-19T13:44:37Z</time>
      </trkpt>
      <trkpt lat="46.334204" lon="23.340248">
        <ele>1323.362</ele>
        <time>2023-02-19T13:45:04Z</time>
      </trkpt>
      <trkpt lat="46.334207" lon="23.340320">
        <ele>1323.394</ele>
        <time>2023-02-19T13:45:10Z</time>
      </trkpt>
      <trkpt lat="46.334254" lon="23.340319">
        <ele>1323.665</ele>
        <time>2023-02-19T13:45:37Z</time>
      </trkpt>
      <trkpt lat="46.334285" lon="23.340371">
        <ele>1323.568</ele>
        <time>2023-02-19T13:45:41Z</time>
      </trkpt>
      <trkpt lat="46.334320" lon="23.340442">
        <ele>1323.714</ele>
        <time>2023-02-19T13:45:47Z</time>
      </trkpt>
      <trkpt lat="46.334356" lon="23.340529">
        <ele>1322.909</ele>
        <time>2023-02-19T13:45:51Z</time>
      </trkpt>
      <trkpt lat="46.334382" lon="23.340586">
        <ele>1319.727</ele>
        <time>2023-02-19T13:45:58Z</time>
      </trkpt>
      <trkpt lat="46.334396" lon="23.340670">
        <ele>1318.138</ele>
        <time>2023-02-19T13:46:03Z</time>
      </trkpt>
      <trkpt lat="46.334423" lon="23.340722">
        <ele>1317.712</ele>
        <time>2023-02-19T13:46:06Z</time>
      </trkpt>
      <trkpt lat="46.334459" lon="23.340788">
        <ele>1316.959</ele>
        <time>2023-02-19T13:46:11Z</time>
      </trkpt>
      <trkpt lat="46.334498" lon="23.340842">
        <ele>1316.139</ele>
        <time>2023-02-19T13:46:16Z</time>
      </trkpt>
      <trkpt lat="46.334546" lon="23.340920">
        <ele>1315.941</ele>
        <time>2023-02-19T13:46:20Z</time>
      </trkpt>
      <trkpt lat="46.334582" lon="23.340973">
        <ele>1315.697</ele>
        <time>2023-02-19T13:46:24Z</time>
      </trkpt>
      <trkpt lat="46.334622" lon="23.341022">
        <ele>1315.373</ele>
        <time>2023-02-19T13:46:28Z</time>
      </trkpt>
      <trkpt lat="46.334656" lon="23.341074">
        <ele>1314.935</ele>
        <time>2023-02-19T13:46:32Z</time>
      </trkpt>
      <trkpt lat="46.334702" lon="23.341105">
        <ele>1314.274</ele>
        <time>2023-02-19T13:46:38Z</time>
      </trkpt>
      <trkpt lat="46.334745" lon="23.341131">
        <ele>1313.656</ele>
        <time>2023-02-19T13:46:44Z</time>
      </trkpt>
      <trkpt lat="46.334791" lon="23.341148">
        <ele>1313.121</ele>
        <time>2023-02-19T13:46:47Z</time>
      </trkpt>
      <trkpt lat="46.334843" lon="23.341151">
        <ele>1313.009</ele>
        <time>2023-02-19T13:46:51Z</time>
      </trkpt>
      <trkpt lat="46.334894" lon="23.341153">
        <ele>1312.938</ele>
        <time>2023-02-19T13:46:55Z</time>
      </trkpt>
      <trkpt lat="46.334945" lon="23.341140">
        <ele>1312.629</ele>
        <time>2023-02-19T13:47:01Z</time>
      </trkpt>
      <trkpt lat="46.334999" lon="23.341154">
        <ele>1312.263</ele>
        <time>2023-02-19T13:47:06Z</time>
      </trkpt>
      <trkpt lat="46.335046" lon="23.341147">
        <ele>1312.350</ele>
        <time>2023-02-19T13:47:09Z</time>
      </trkpt>
      <trkpt lat="46.335101" lon="23.341157">
        <ele>1312.440</ele>
        <time>2023-02-19T13:47:12Z</time>
      </trkpt>
      <trkpt lat="46.335151" lon="23.341152">
        <ele>1312.382</ele>
        <time>2023-02-19T13:47:15Z</time>
      </trkpt>
      <trkpt lat="46.335201" lon="23.341171">
        <ele>1312.318</ele>
        <time>2023-02-19T13:47:19Z</time>
      </trkpt>
      <trkpt lat="46.335254" lon="23.341179">
        <ele>1311.264</ele>
        <time>2023-02-19T13:47:23Z</time>
      </trkpt>
      <trkpt lat="46.335315" lon="23.341182">
        <ele>1310.526</ele>
        <time>2023-02-19T13:47:26Z</time>
      </trkpt>
      <trkpt lat="46.335368" lon="23.341158">
        <ele>1310.156</ele>
        <time>2023-02-19T13:47:32Z</time>
      </trkpt>
      <trkpt lat="46.335411" lon="23.341130">
        <ele>1310.159</ele>
        <time>2023-02-19T13:47:34Z</time>
      </trkpt>
      <trkpt lat="46.335448" lon="23.341174">
        <ele>1310.214</ele>
        <time>2023-02-19T13:47:40Z</time>
      </trkpt>
      <trkpt lat="46.335482" lon="23.341231">
        <ele>1310.309</ele>
        <time>2023-02-19T13:47:43Z</time>
      </trkpt>
      <trkpt lat="46.335499" lon="23.341297">
        <ele>1310.376</ele>
        <time>2023-02-19T13:47:48Z</time>
      </trkpt>
      <trkpt lat="46.335545" lon="23.341339">
        <ele>1310.667</ele>
        <time>2023-02-19T13:48:22Z</time>
      </trkpt>
      <trkpt lat="46.335590" lon="23.341366">
        <ele>1310.581</ele>
        <time>2023-02-19T13:48:30Z</time>
      </trkpt>
      <trkpt lat="46.335632" lon="23.341393">
        <ele>1310.518</ele>
        <time>2023-02-19T13:48:34Z</time>
      </trkpt>
      <trkpt lat="46.335679" lon="23.341402">
        <ele>1310.558</ele>
        <time>2023-02-19T13:48:37Z</time>
      </trkpt>
      <trkpt lat="46.335733" lon="23.341402">
        <ele>1309.820</ele>
        <time>2023-02-19T13:48:41Z</time>
      </trkpt>
      <trkpt lat="46.335783" lon="23.341430">
        <ele>1309.746</ele>
        <time>2023-02-19T13:48:45Z</time>
      </trkpt>
      <trkpt lat="46.335829" lon="23.341434">
        <ele>1310.122</ele>
        <time>2023-02-19T13:48:48Z</time>
      </trkpt>
      <trkpt lat="46.335877" lon="23.341433">
        <ele>1310.274</ele>
        <time>2023-02-19T13:48:51Z</time>
      </trkpt>
      <trkpt lat="46.335937" lon="23.341441">
        <ele>1310.134</ele>
        <time>2023-02-19T13:48:56Z</time>
      </trkpt>
      <trkpt lat="46.335985" lon="23.341470">
        <ele>1309.155</ele>
        <time>2023-02-19T13:49:01Z</time>
      </trkpt>
      <trkpt lat="46.336034" lon="23.341492">
        <ele>1308.210</ele>
        <time>2023-02-19T13:49:04Z</time>
      </trkpt>
      <trkpt lat="46.336083" lon="23.341508">
        <ele>1308.009</ele>
        <time>2023-02-19T13:49:07Z</time>
      </trkpt>
      <trkpt lat="46.336139" lon="23.341519">
        <ele>1307.854</ele>
        <time>2023-02-19T13:49:11Z</time>
      </trkpt>
      <trkpt lat="46.336196" lon="23.341517">
        <ele>1307.355</ele>
        <time>2023-02-19T13:49:15Z</time>
      </trkpt>
      <trkpt lat="46.336241" lon="23.341487">
        <ele>1305.949</ele>
        <time>2023-02-19T13:49:30Z</time>
      </trkpt>
      <trkpt lat="46.336292" lon="23.341498">
        <ele>1305.986</ele>
        <time>2023-02-19T13:49:35Z</time>
      </trkpt>
      <trkpt lat="46.336335" lon="23.341527">
        <ele>1305.766</ele>
        <time>2023-02-19T13:49:37Z</time>
      </trkpt>
      <trkpt lat="46.336385" lon="23.341514">
        <ele>1305.988</ele>
        <time>2023-02-19T13:49:40Z</time>
      </trkpt>
      <trkpt lat="46.336434" lon="23.341515">
        <ele>1305.964</ele>
        <time>2023-02-19T13:49:45Z</time>
      </trkpt>
      <trkpt lat="46.336500" lon="23.341495">
        <ele>1305.950</ele>
        <time>2023-02-19T13:49:50Z</time>
      </trkpt>
      <trkpt lat="46.336553" lon="23.341501">
        <ele>1305.962</ele>
        <time>2023-02-19T13:49:53Z</time>
      </trkpt>
      <trkpt lat="46.336598" lon="23.341498">
        <ele>1305.765</ele>
        <time>2023-02-19T13:49:58Z</time>
      </trkpt>
      <trkpt lat="46.336652" lon="23.341515">
        <ele>1305.268</ele>
        <time>2023-02-19T13:50:02Z</time>
      </trkpt>
      <trkpt lat="46.336701" lon="23.341484">
        <ele>1305.114</ele>
        <time>2023-02-19T13:50:07Z</time>
      </trkpt>
      <trkpt lat="46.336743" lon="23.341454">
        <ele>1305.109</ele>
        <time>2023-02-19T13:50:12Z</time>
      </trkpt>
      <trkpt lat="46.336794" lon="23.341446">
        <ele>1305.187</ele>
        <time>2023-02-19T13:50:15Z</time>
      </trkpt>
      <trkpt lat="46.336841" lon="23.341449">
        <ele>1305.288</ele>
        <time>2023-02-19T13:50:18Z</time>
      </trkpt>
      <trkpt lat="46.336886" lon="23.341446">
        <ele>1306.092</ele>
        <time>2023-02-19T13:50:23Z</time>
      </trkpt>
      <trkpt lat="46.336938" lon="23.341477">
        <ele>1306.289</ele>
        <time>2023-02-19T13:50:28Z</time>
      </trkpt>
      <trkpt lat="46.336971" lon="23.341525">
        <ele>1306.479</ele>
        <time>2023-02-19T13:50:32Z</time>
      </trkpt>
      <trkpt lat="46.336998" lon="23.341579">
        <ele>1306.371</ele>
        <time>2023-02-19T13:50:35Z</time>
      </trkpt>
      <trkpt lat="46.337036" lon="23.341646">
        <ele>1306.197</ele>
        <time>2023-02-19T13:50:40Z</time>
      </trkpt>
      <trkpt lat="46.337087" lon="23.341665">
        <ele>1305.943</ele>
        <time>2023-02-19T13:50:44Z</time>
      </trkpt>
      <trkpt lat="46.337133" lon="23.341691">
        <ele>1305.625</ele>
        <time>2023-02-19T13:50:48Z</time>
      </trkpt>
      <trkpt lat="46.337180" lon="23.341743">
        <ele>1304.782</ele>
        <time>2023-02-19T13:50:53Z</time>
      </trkpt>
      <trkpt lat="46.337218" lon="23.341789">
        <ele>1304.543</ele>
        <time>2023-02-19T13:50:56Z</time>
      </trkpt>
      <trkpt lat="46.337243" lon="23.341854">
        <ele>1304.217</ele>
        <time>2023-02-19T13:50:59Z</time>
      </trkpt>
      <trkpt lat="46.337282" lon="23.341924">
        <ele>1303.709</ele>
        <time>2023-02-19T13:51:03Z</time>
      </trkpt>
      <trkpt lat="46.337320" lon="23.341974">
        <ele>1303.229</ele>
        <time>2023-02-19T13:51:06Z</time>
      </trkpt>
      <trkpt lat="46.337308" lon="23.342080">
        <ele>1303.630</ele>
        <time>2023-02-19T13:51:13Z</time>
      </trkpt>
      <trkpt lat="46.337352" lon="23.342158">
        <ele>1304.184</ele>
        <time>2023-02-19T13:51:18Z</time>
      </trkpt>
      <trkpt lat="46.337395" lon="23.342187">
        <ele>1303.831</ele>
        <time>2023-02-19T13:51:21Z</time>
      </trkpt>
      <trkpt lat="46.337434" lon="23.342233">
        <ele>1303.761</ele>
        <time>2023-02-19T13:51:25Z</time>
      </trkpt>
      <trkpt lat="46.337471" lon="23.342286">
        <ele>1303.463</ele>
        <time>2023-02-19T13:51:30Z</time>
      </trkpt>
      <trkpt lat="46.337491" lon="23.342360">
        <ele>1302.769</ele>
        <time>2023-02-19T13:51:34Z</time>
      </trkpt>
      <trkpt lat="46.337516" lon="23.342417">
        <ele>1302.695</ele>
        <time>2023-02-19T13:51:38Z</time>
      </trkpt>
      <trkpt lat="46.337545" lon="23.342483">
        <ele>1302.517</ele>
        <time>2023-02-19T13:51:43Z</time>
      </trkpt>
      <trkpt lat="46.337556" lon="23.342559">
        <ele>1302.517</ele>
        <time>2023-02-19T13:51:47Z</time>
      </trkpt>
      <trkpt lat="46.337574" lon="23.342622">
        <ele>1302.587</ele>
        <time>2023-02-19T13:51:50Z</time>
      </trkpt>
      <trkpt lat="46.337594" lon="23.342694">
        <ele>1302.515</ele>
        <time>2023-02-19T13:51:53Z</time>
      </trkpt>
      <trkpt lat="46.337623" lon="23.342750">
        <ele>1302.309</ele>
        <time>2023-02-19T13:51:59Z</time>
      </trkpt>
      <trkpt lat="46.337615" lon="23.342836">
        <ele>1302.162</ele>
        <time>2023-02-19T13:52:03Z</time>
      </trkpt>
      <trkpt lat="46.337623" lon="23.342905">
        <ele>1301.863</ele>
        <time>2023-02-19T13:52:06Z</time>
      </trkpt>
      <trkpt lat="46.337650" lon="23.342958">
        <ele>1301.887</ele>
        <time>2023-02-19T13:52:10Z</time>
      </trkpt>
      <trkpt lat="46.337685" lon="23.343020">
        <ele>1302.014</ele>
        <time>2023-02-19T13:52:14Z</time>
      </trkpt>
      <trkpt lat="46.337720" lon="23.343065">
        <ele>1302.314</ele>
        <time>2023-02-19T13:52:18Z</time>
      </trkpt>
      <trkpt lat="46.337752" lon="23.343129">
        <ele>1302.536</ele>
        <time>2023-02-19T13:52:23Z</time>
      </trkpt>
      <trkpt lat="46.337779" lon="23.343181">
        <ele>1302.592</ele>
        <time>2023-02-19T13:52:26Z</time>
      </trkpt>
      <trkpt lat="46.337813" lon="23.343257">
        <ele>1302.458</ele>
        <time>2023-02-19T13:52:31Z</time>
      </trkpt>
      <trkpt lat="46.337841" lon="23.343340">
        <ele>1302.030</ele>
        <time>2023-02-19T13:52:35Z</time>
      </trkpt>
      <trkpt lat="46.337871" lon="23.343394">
        <ele>1302.014</ele>
        <time>2023-02-19T13:52:40Z</time>
      </trkpt>
      <trkpt lat="46.337897" lon="23.343466">
        <ele>1302.054</ele>
        <time>2023-02-19T13:52:43Z</time>
      </trkpt>
      <trkpt lat="46.337922" lon="23.343527">
        <ele>1302.009</ele>
        <time>2023-02-19T13:52:46Z</time>
      </trkpt>
      <trkpt lat="46.337948" lon="23.343592">
        <ele>1301.909</ele>
        <time>2023-02-19T13:52:49Z</time>
      </trkpt>
      <trkpt lat="46.337980" lon="23.343660">
        <ele>1301.662</ele>
        <time>2023-02-19T13:52:58Z</time>
      </trkpt>
      <trkpt lat="46.338002" lon="23.343735">
        <ele>1299.513</ele>
        <time>2023-02-19T13:53:02Z</time>
      </trkpt>
      <trkpt lat="46.338018" lon="23.343805">
        <ele>1299.597</ele>
        <time>2023-02-19T13:53:06Z</time>
      </trkpt>
      <trkpt lat="46.338045" lon="23.343871">
        <ele>1299.454</ele>
        <time>2023-02-19T13:53:09Z</time>
      </trkpt>
      <trkpt lat="46.338076" lon="23.343950">
        <ele>1299.324</ele>
        <time>2023-02-19T13:53:13Z</time>
      </trkpt>
      <trkpt lat="46.338099" lon="23.344026">
        <ele>1299.216</ele>
        <time>2023-02-19T13:53:17Z</time>
      </trkpt>
      <trkpt lat="46.338122" lon="23.344088">
        <ele>1298.652</ele>
        <time>2023-02-19T13:53:20Z</time>
      </trkpt>
      <trkpt lat="46.338152" lon="23.344143">
        <ele>1295.758</ele>
        <time>2023-02-19T13:53:25Z</time>
      </trkpt>
      <trkpt lat="46.338175" lon="23.344202">
        <ele>1295.560</ele>
        <time>2023-02-19T13:53:29Z</time>
      </trkpt>
      <trkpt lat="46.338207" lon="23.344268">
        <ele>1295.317</ele>
        <time>2023-02-19T13:53:33Z</time>
      </trkpt>
      <trkpt lat="46.338234" lon="23.344344">
        <ele>1295.187</ele>
        <time>2023-02-19T13:53:37Z</time>
      </trkpt>
      <trkpt lat="46.338262" lon="23.344404">
        <ele>1295.115</ele>
        <time>2023-02-19T13:53:40Z</time>
      </trkpt>
      <trkpt lat="46.338298" lon="23.344473">
        <ele>1295.109</ele>
        <time>2023-02-19T13:53:44Z</time>
      </trkpt>
      <trkpt lat="46.338348" lon="23.344502">
        <ele>1295.122</ele>
        <time>2023-02-19T13:53:49Z</time>
      </trkpt>
      <trkpt lat="46.338392" lon="23.344539">
        <ele>1294.973</ele>
        <time>2023-02-19T13:53:56Z</time>
      </trkpt>
      <trkpt lat="46.338427" lon="23.344588">
        <ele>1294.867</ele>
        <time>2023-02-19T13:53:58Z</time>
      </trkpt>
      <trkpt lat="46.338463" lon="23.344645">
        <ele>1294.584</ele>
        <time>2023-02-19T13:54:01Z</time>
      </trkpt>
      <trkpt lat="46.338495" lon="23.344693">
        <ele>1294.424</ele>
        <time>2023-02-19T13:54:05Z</time>
      </trkpt>
      <trkpt lat="46.338530" lon="23.344750">
        <ele>1294.196</ele>
        <time>2023-02-19T13:54:09Z</time>
      </trkpt>
      <trkpt lat="46.338560" lon="23.344808">
        <ele>1293.932</ele>
        <time>2023-02-19T13:54:12Z</time>
      </trkpt>
      <trkpt lat="46.338582" lon="23.344872">
        <ele>1293.568</ele>
        <time>2023-02-19T13:54:16Z</time>
      </trkpt>
      <trkpt lat="46.338616" lon="23.344928">
        <ele>1293.410</ele>
        <time>2023-02-19T13:54:19Z</time>
      </trkpt>
      <trkpt lat="46.338654" lon="23.344968">
        <ele>1293.461</ele>
        <time>2023-02-19T13:54:22Z</time>
      </trkpt>
      <trkpt lat="46.338689" lon="23.345015">
        <ele>1292.721</ele>
        <time>2023-02-19T13:54:26Z</time>
      </trkpt>
      <trkpt lat="46.338733" lon="23.345068">
        <ele>1291.013</ele>
        <time>2023-02-19T13:54:30Z</time>
      </trkpt>
      <trkpt lat="46.338771" lon="23.345126">
        <ele>1290.809</ele>
        <time>2023-02-19T13:54:34Z</time>
      </trkpt>
      <trkpt lat="46.338807" lon="23.345189">
        <ele>1290.667</ele>
        <time>2023-02-19T13:54:39Z</time>
      </trkpt>
      <trkpt lat="46.338852" lon="23.345240">
        <ele>1290.518</ele>
        <time>2023-02-19T13:54:43Z</time>
      </trkpt>
      <trkpt lat="46.338879" lon="23.345298">
        <ele>1290.512</ele>
        <time>2023-02-19T13:54:47Z</time>
      </trkpt>
      <trkpt lat="46.338914" lon="23.345352">
        <ele>1290.469</ele>
        <time>2023-02-19T13:54:53Z</time>
      </trkpt>
      <trkpt lat="46.338953" lon="23.345416">
        <ele>1290.469</ele>
        <time>2023-02-19T13:54:57Z</time>
      </trkpt>
      <trkpt lat="46.338985" lon="23.345480">
        <ele>1290.531</ele>
        <time>2023-02-19T13:55:01Z</time>
      </trkpt>
      <trkpt lat="46.339003" lon="23.345547">
        <ele>1290.647</ele>
        <time>2023-02-19T13:55:05Z</time>
      </trkpt>
      <trkpt lat="46.339044" lon="23.345602">
        <ele>1290.513</ele>
        <time>2023-02-19T13:55:09Z</time>
      </trkpt>
      <trkpt lat="46.339081" lon="23.345660">
        <ele>1290.565</ele>
        <time>2023-02-19T13:55:12Z</time>
      </trkpt>
      <trkpt lat="46.339116" lon="23.345706">
        <ele>1290.598</ele>
        <time>2023-02-19T13:55:17Z</time>
      </trkpt>
      <trkpt lat="46.339149" lon="23.345752">
        <ele>1290.815</ele>
        <time>2023-02-19T13:55:21Z</time>
      </trkpt>
      <trkpt lat="46.339185" lon="23.345799">
        <ele>1290.926</ele>
        <time>2023-02-19T13:55:24Z</time>
      </trkpt>
      <trkpt lat="46.339225" lon="23.345835">
        <ele>1290.709</ele>
        <time>2023-02-19T13:55:27Z</time>
      </trkpt>
      <trkpt lat="46.339256" lon="23.345905">
        <ele>1290.580</ele>
        <time>2023-02-19T13:55:33Z</time>
      </trkpt>
      <trkpt lat="46.339292" lon="23.345955">
        <ele>1290.551</ele>
        <time>2023-02-19T13:55:36Z</time>
      </trkpt>
      <trkpt lat="46.339334" lon="23.345988">
        <ele>1290.335</ele>
        <time>2023-02-19T13:55:39Z</time>
      </trkpt>
      <trkpt lat="46.339352" lon="23.346064">
        <ele>1290.272</ele>
        <time>2023-02-19T13:55:43Z</time>
      </trkpt>
      <trkpt lat="46.339386" lon="23.346129">
        <ele>1289.812</ele>
        <time>2023-02-19T13:55:48Z</time>
      </trkpt>
      <trkpt lat="46.339425" lon="23.346179">
        <ele>1289.834</ele>
        <time>2023-02-19T13:55:54Z</time>
      </trkpt>
      <trkpt lat="46.339458" lon="23.346233">
        <ele>1289.990</ele>
        <time>2023-02-19T13:55:59Z</time>
      </trkpt>
      <trkpt lat="46.339494" lon="23.346292">
        <ele>1290.816</ele>
        <time>2023-02-19T13:56:04Z</time>
      </trkpt>
      <trkpt lat="46.339529" lon="23.346350">
        <ele>1292.188</ele>
        <time>2023-02-19T13:56:10Z</time>
      </trkpt>
      <trkpt lat="46.339561" lon="23.346406">
        <ele>1292.755</ele>
        <time>2023-02-19T13:56:14Z</time>
      </trkpt>
      <trkpt lat="46.339606" lon="23.346452">
        <ele>1292.907</ele>
        <time>2023-02-19T13:56:19Z</time>
      </trkpt>
      <trkpt lat="46.339631" lon="23.346506">
        <ele>1293.717</ele>
        <time>2023-02-19T13:57:04Z</time>
      </trkpt>
      <trkpt lat="46.339678" lon="23.346552">
        <ele>1294.009</ele>
        <time>2023-02-19T13:57:16Z</time>
      </trkpt>
      <trkpt lat="46.339733" lon="23.346598">
        <ele>1294.046</ele>
        <time>2023-02-19T13:57:19Z</time>
      </trkpt>
      <trkpt lat="46.339778" lon="23.346644">
        <ele>1294.177</ele>
        <time>2023-02-19T13:57:22Z</time>
      </trkpt>
      <trkpt lat="46.339834" lon="23.346671">
        <ele>1294.641</ele>
        <time>2023-02-19T13:57:31Z</time>
      </trkpt>
      <trkpt lat="46.339877" lon="23.346704">
        <ele>1295.248</ele>
        <time>2023-02-19T13:57:33Z</time>
      </trkpt>
      <trkpt lat="46.339909" lon="23.346757">
        <ele>1295.368</ele>
        <time>2023-02-19T13:57:36Z</time>
      </trkpt>
      <trkpt lat="46.339943" lon="23.346809">
        <ele>1295.690</ele>
        <time>2023-02-19T13:57:40Z</time>
      </trkpt>
      <trkpt lat="46.339980" lon="23.346867">
        <ele>1295.826</ele>
        <time>2023-02-19T13:57:46Z</time>
      </trkpt>
      <trkpt lat="46.340012" lon="23.346933">
        <ele>1297.042</ele>
        <time>2023-02-19T13:57:51Z</time>
      </trkpt>
      <trkpt lat="46.340049" lon="23.346980">
        <ele>1299.044</ele>
        <time>2023-02-19T13:57:55Z</time>
      </trkpt>
      <trkpt lat="46.340081" lon="23.347032">
        <ele>1301.749</ele>
        <time>2023-02-19T13:58:03Z</time>
      </trkpt>
      <trkpt lat="46.340119" lon="23.347095">
        <ele>1301.902</ele>
        <time>2023-02-19T13:58:06Z</time>
      </trkpt>
      <trkpt lat="46.340155" lon="23.347161">
        <ele>1302.222</ele>
        <time>2023-02-19T13:58:10Z</time>
      </trkpt>
      <trkpt lat="46.340186" lon="23.347223">
        <ele>1301.709</ele>
        <time>2023-02-19T13:58:13Z</time>
      </trkpt>
      <trkpt lat="46.340221" lon="23.347269">
        <ele>1300.335</ele>
        <time>2023-02-19T13:58:17Z</time>
      </trkpt>
      <trkpt lat="46.340262" lon="23.347305">
        <ele>1298.846</ele>
        <time>2023-02-19T13:58:21Z</time>
      </trkpt>
      <trkpt lat="46.340301" lon="23.347349">
        <ele>1298.520</ele>
        <time>2023-02-19T13:58:25Z</time>
      </trkpt>
      <trkpt lat="46.340333" lon="23.347399">
        <ele>1298.417</ele>
        <time>2023-02-19T13:58:28Z</time>
      </trkpt>
      <trkpt lat="46.340362" lon="23.347455">
        <ele>1298.457</ele>
        <time>2023-02-19T13:58:32Z</time>
      </trkpt>
      <trkpt lat="46.340403" lon="23.347532">
        <ele>1296.679</ele>
        <time>2023-02-19T13:58:37Z</time>
      </trkpt>
      <trkpt lat="46.340448" lon="23.347587">
        <ele>1296.295</ele>
        <time>2023-02-19T13:58:42Z</time>
      </trkpt>
      <trkpt lat="46.340482" lon="23.347634">
        <ele>1296.221</ele>
        <time>2023-02-19T13:58:46Z</time>
      </trkpt>
      <trkpt lat="46.340517" lon="23.347692">
        <ele>1296.253</ele>
        <time>2023-02-19T13:58:49Z</time>
      </trkpt>
      <trkpt lat="46.340551" lon="23.347744">
        <ele>1296.415</ele>
        <time>2023-02-19T13:58:53Z</time>
      </trkpt>
      <trkpt lat="46.340579" lon="23.347806">
        <ele>1296.465</ele>
        <time>2023-02-19T13:58:56Z</time>
      </trkpt>
      <trkpt lat="46.340607" lon="23.347864">
        <ele>1296.511</ele>
        <time>2023-02-19T13:58:59Z</time>
      </trkpt>
      <trkpt lat="46.340620" lon="23.347929">
        <ele>1295.709</ele>
        <time>2023-02-19T13:59:04Z</time>
      </trkpt>
      <trkpt lat="46.340657" lon="23.347983">
        <ele>1295.482</ele>
        <time>2023-02-19T13:59:08Z</time>
      </trkpt>
      <trkpt lat="46.340697" lon="23.348021">
        <ele>1295.233</ele>
        <time>2023-02-19T13:59:11Z</time>
      </trkpt>
      <trkpt lat="46.340746" lon="23.348057">
        <ele>1294.987</ele>
        <time>2023-02-19T13:59:15Z</time>
      </trkpt>
      <trkpt lat="46.340793" lon="23.348110">
        <ele>1294.834</ele>
        <time>2023-02-19T13:59:21Z</time>
      </trkpt>
      <trkpt lat="46.340834" lon="23.348166">
        <ele>1294.784</ele>
        <time>2023-02-19T13:59:25Z</time>
      </trkpt>
      <trkpt lat="46.340877" lon="23.348211">
        <ele>1294.686</ele>
        <time>2023-02-19T13:59:28Z</time>
      </trkpt>
      <trkpt lat="46.340932" lon="23.348268">
        <ele>1294.572</ele>
        <time>2023-02-19T13:59:31Z</time>
      </trkpt>
      <trkpt lat="46.340982" lon="23.348306">
        <ele>1293.948</ele>
        <time>2023-02-19T13:59:34Z</time>
      </trkpt>
      <trkpt lat="46.341026" lon="23.348338">
        <ele>1293.390</ele>
        <time>2023-02-19T13:59:38Z</time>
      </trkpt>
      <trkpt lat="46.341063" lon="23.348387">
        <ele>1293.057</ele>
        <time>2023-02-19T13:59:43Z</time>
      </trkpt>
      <trkpt lat="46.341110" lon="23.348429">
        <ele>1292.900</ele>
        <time>2023-02-19T13:59:47Z</time>
      </trkpt>
      <trkpt lat="46.341151" lon="23.348474">
        <ele>1292.820</ele>
        <time>2023-02-19T13:59:53Z</time>
      </trkpt>
      <trkpt lat="46.341194" lon="23.348500">
        <ele>1292.809</ele>
        <time>2023-02-19T13:59:57Z</time>
      </trkpt>
      <trkpt lat="46.341235" lon="23.348530">
        <ele>1292.816</ele>
        <time>2023-02-19T14:00:01Z</time>
      </trkpt>
      <trkpt lat="46.341281" lon="23.348558">
        <ele>1293.187</ele>
        <time>2023-02-19T14:00:06Z</time>
      </trkpt>
      <trkpt lat="46.341331" lon="23.348573">
        <ele>1292.961</ele>
        <time>2023-02-19T14:00:09Z</time>
      </trkpt>
      <trkpt lat="46.341383" lon="23.348574">
        <ele>1293.098</ele>
        <time>2023-02-19T14:00:13Z</time>
      </trkpt>
      <trkpt lat="46.341431" lon="23.348561">
        <ele>1293.148</ele>
        <time>2023-02-19T14:00:16Z</time>
      </trkpt>
      <trkpt lat="46.341484" lon="23.348549">
        <ele>1293.110</ele>
        <time>2023-02-19T14:00:20Z</time>
      </trkpt>
      <trkpt lat="46.341536" lon="23.348542">
        <ele>1293.146</ele>
        <time>2023-02-19T14:00:24Z</time>
      </trkpt>
      <trkpt lat="46.341585" lon="23.348511">
        <ele>1293.092</ele>
        <time>2023-02-19T14:00:29Z</time>
      </trkpt>
      <trkpt lat="46.341634" lon="23.348490">
        <ele>1292.724</ele>
        <time>2023-02-19T14:00:33Z</time>
      </trkpt>
      <trkpt lat="46.341680" lon="23.348465">
        <ele>1292.743</ele>
        <time>2023-02-19T14:00:36Z</time>
      </trkpt>
      <trkpt lat="46.341728" lon="23.348417">
        <ele>1292.764</ele>
        <time>2023-02-19T14:00:40Z</time>
      </trkpt>
      <trkpt lat="46.341760" lon="23.348343">
        <ele>1292.810</ele>
        <time>2023-02-19T14:00:44Z</time>
      </trkpt>
      <trkpt lat="46.341805" lon="23.348283">
        <ele>1292.709</ele>
        <time>2023-02-19T14:00:48Z</time>
      </trkpt>
      <trkpt lat="46.341842" lon="23.348224">
        <ele>1292.745</ele>
        <time>2023-02-19T14:00:53Z</time>
      </trkpt>
      <trkpt lat="46.341896" lon="23.348163">
        <ele>1292.036</ele>
        <time>2023-02-19T14:00:58Z</time>
      </trkpt>
      <trkpt lat="46.341932" lon="23.348115">
        <ele>1291.770</ele>
        <time>2023-02-19T14:01:03Z</time>
      </trkpt>
      <trkpt lat="46.341967" lon="23.348057">
        <ele>1291.277</ele>
        <time>2023-02-19T14:01:07Z</time>
      </trkpt>
      <trkpt lat="46.342005" lon="23.348017">
        <ele>1291.117</ele>
        <time>2023-02-19T14:01:10Z</time>
      </trkpt>
      <trkpt lat="46.342041" lon="23.347968">
        <ele>1290.849</ele>
        <time>2023-02-19T14:01:13Z</time>
      </trkpt>
      <trkpt lat="46.342079" lon="23.347903">
        <ele>1290.735</ele>
        <time>2023-02-19T14:01:18Z</time>
      </trkpt>
      <trkpt lat="46.342129" lon="23.347850">
        <ele>1290.661</ele>
        <time>2023-02-19T14:01:22Z</time>
      </trkpt>
      <trkpt lat="46.342152" lon="23.347789">
        <ele>1290.673</ele>
        <time>2023-02-19T14:01:25Z</time>
      </trkpt>
      <trkpt lat="46.342188" lon="23.347745">
        <ele>1290.678</ele>
        <time>2023-02-19T14:01:29Z</time>
      </trkpt>
      <trkpt lat="46.342220" lon="23.347687">
        <ele>1290.833</ele>
        <time>2023-02-19T14:01:33Z</time>
      </trkpt>
      <trkpt lat="46.342258" lon="23.347635">
        <ele>1290.626</ele>
        <time>2023-02-19T14:01:37Z</time>
      </trkpt>
      <trkpt lat="46.342288" lon="23.347580">
        <ele>1290.509</ele>
        <time>2023-02-19T14:01:41Z</time>
      </trkpt>
      <trkpt lat="46.342330" lon="23.347542">
        <ele>1290.598</ele>
        <time>2023-02-19T14:01:46Z</time>
      </trkpt>
      <trkpt lat="46.342345" lon="23.347464">
        <ele>1290.379</ele>
        <time>2023-02-19T14:01:50Z</time>
      </trkpt>
      <trkpt lat="46.342365" lon="23.347404">
        <ele>1289.933</ele>
        <time>2023-02-19T14:01:53Z</time>
      </trkpt>
      <trkpt lat="46.342390" lon="23.347340">
        <ele>1289.640</ele>
        <time>2023-02-19T14:01:57Z</time>
      </trkpt>
      <trkpt lat="46.342412" lon="23.347274">
        <ele>1288.620</ele>
        <time>2023-02-19T14:02:00Z</time>
      </trkpt>
      <trkpt lat="46.342437" lon="23.347194">
        <ele>1288.272</ele>
        <time>2023-02-19T14:02:04Z</time>
      </trkpt>
      <trkpt lat="46.342469" lon="23.347118">
        <ele>1287.268</ele>
        <time>2023-02-19T14:02:11Z</time>
      </trkpt>
      <trkpt lat="46.342504" lon="23.347063">
        <ele>1286.194</ele>
        <time>2023-02-19T14:02:17Z</time>
      </trkpt>
      <trkpt lat="46.342520" lon="23.346990">
        <ele>1284.956</ele>
        <time>2023-02-19T14:02:19Z</time>
      </trkpt>
      <trkpt lat="46.342528" lon="23.346925">
        <ele>1284.726</ele>
        <time>2023-02-19T14:02:22Z</time>
      </trkpt>
      <trkpt lat="46.342532" lon="23.346839">
        <ele>1282.947</ele>
        <time>2023-02-19T14:02:36Z</time>
      </trkpt>
      <trkpt lat="46.342565" lon="23.346761">
        <ele>1282.511</ele>
        <time>2023-02-19T14:02:42Z</time>
      </trkpt>
      <trkpt lat="46.342584" lon="23.346692">
        <ele>1282.409</ele>
        <time>2023-02-19T14:02:45Z</time>
      </trkpt>
      <trkpt lat="46.342604" lon="23.346620">
        <ele>1281.823</ele>
        <time>2023-02-19T14:02:49Z</time>
      </trkpt>
      <trkpt lat="46.342627" lon="23.346550">
        <ele>1281.594</ele>
        <time>2023-02-19T14:02:54Z</time>
      </trkpt>
      <trkpt lat="46.342656" lon="23.346469">
        <ele>1280.738</ele>
        <time>2023-02-19T14:02:57Z</time>
      </trkpt>
      <trkpt lat="46.342688" lon="23.346414">
        <ele>1280.265</ele>
        <time>2023-02-19T14:02:59Z</time>
      </trkpt>
      <trkpt lat="46.342713" lon="23.346357">
        <ele>1279.715</ele>
        <time>2023-02-19T14:03:02Z</time>
      </trkpt>
      <trkpt lat="46.342753" lon="23.346297">
        <ele>1279.317</ele>
        <time>2023-02-19T14:03:06Z</time>
      </trkpt>
      <trkpt lat="46.342783" lon="23.346245">
        <ele>1278.613</ele>
        <time>2023-02-19T14:03:10Z</time>
      </trkpt>
      <trkpt lat="46.342802" lon="23.346166">
        <ele>1278.239</ele>
        <time>2023-02-19T14:03:13Z</time>
      </trkpt>
      <trkpt lat="46.342832" lon="23.346111">
        <ele>1278.031</ele>
        <time>2023-02-19T14:03:16Z</time>
      </trkpt>
      <trkpt lat="46.342864" lon="23.346058">
        <ele>1276.878</ele>
        <time>2023-02-19T14:03:20Z</time>
      </trkpt>
      <trkpt lat="46.342900" lon="23.345976">
        <ele>1276.133</ele>
        <time>2023-02-19T14:03:24Z</time>
      </trkpt>
      <trkpt lat="46.342925" lon="23.345909">
        <ele>1275.526</ele>
        <time>2023-02-19T14:03:27Z</time>
      </trkpt>
      <trkpt lat="46.342943" lon="23.345840">
        <ele>1274.809</ele>
        <time>2023-02-19T14:03:32Z</time>
      </trkpt>
      <trkpt lat="46.342952" lon="23.345763">
        <ele>1274.658</ele>
        <time>2023-02-19T14:03:37Z</time>
      </trkpt>
      <trkpt lat="46.342992" lon="23.345696">
        <ele>1273.449</ele>
        <time>2023-02-19T14:03:41Z</time>
      </trkpt>
      <trkpt lat="46.343022" lon="23.345646">
        <ele>1272.883</ele>
        <time>2023-02-19T14:03:45Z</time>
      </trkpt>
      <trkpt lat="46.343046" lon="23.345586">
        <ele>1272.370</ele>
        <time>2023-02-19T14:03:47Z</time>
      </trkpt>
      <trkpt lat="46.343061" lon="23.345498">
        <ele>1271.330</ele>
        <time>2023-02-19T14:03:51Z</time>
      </trkpt>
      <trkpt lat="46.343088" lon="23.345431">
        <ele>1270.932</ele>
        <time>2023-02-19T14:03:57Z</time>
      </trkpt>
      <trkpt lat="46.343115" lon="23.345374">
        <ele>1270.538</ele>
        <time>2023-02-19T14:04:00Z</time>
      </trkpt>
      <trkpt lat="46.343140" lon="23.345302">
        <ele>1269.164</ele>
        <time>2023-02-19T14:04:06Z</time>
      </trkpt>
      <trkpt lat="46.343152" lon="23.345220">
        <ele>1268.736</ele>
        <time>2023-02-19T14:04:10Z</time>
      </trkpt>
      <trkpt lat="46.343188" lon="23.345156">
        <ele>1268.515</ele>
        <time>2023-02-19T14:04:15Z</time>
      </trkpt>
      <trkpt lat="46.343216" lon="23.345084">
        <ele>1268.165</ele>
        <time>2023-02-19T14:04:19Z</time>
      </trkpt>
      <trkpt lat="46.343231" lon="23.345021">
        <ele>1267.511</ele>
        <time>2023-02-19T14:04:24Z</time>
      </trkpt>
      <trkpt lat="46.343268" lon="23.344947">
        <ele>1266.609</ele>
        <time>2023-02-19T14:04:27Z</time>
      </trkpt>
      <trkpt lat="46.343298" lon="23.344877">
        <ele>1266.482</ele>
        <time>2023-02-19T14:04:31Z</time>
      </trkpt>
      <trkpt lat="46.343323" lon="23.344815">
        <ele>1266.263</ele>
        <time>2023-02-19T14:04:34Z</time>
      </trkpt>
      <trkpt lat="46.343350" lon="23.344740">
        <ele>1265.887</ele>
        <time>2023-02-19T14:04:38Z</time>
      </trkpt>
      <trkpt lat="46.343377" lon="23.344684">
        <ele>1265.354</ele>
        <time>2023-02-19T14:04:42Z</time>
      </trkpt>
      <trkpt lat="46.343414" lon="23.344607">
        <ele>1265.024</ele>
        <time>2023-02-19T14:04:47Z</time>
      </trkpt>
      <trkpt lat="46.343448" lon="23.344547">
        <ele>1264.766</ele>
        <time>2023-02-19T14:04:50Z</time>
      </trkpt>
      <trkpt lat="46.343476" lon="23.344495">
        <ele>1264.292</ele>
        <time>2023-02-19T14:04:52Z</time>
      </trkpt>
      <trkpt lat="46.343510" lon="23.344431">
        <ele>1263.148</ele>
        <time>2023-02-19T14:04:58Z</time>
      </trkpt>
      <trkpt lat="46.343520" lon="23.344364">
        <ele>1262.650</ele>
        <time>2023-02-19T14:05:01Z</time>
      </trkpt>
      <trkpt lat="46.343535" lon="23.344301">
        <ele>1262.078</ele>
        <time>2023-02-19T14:05:04Z</time>
      </trkpt>
      <trkpt lat="46.343564" lon="23.344233">
        <ele>1261.333</ele>
        <time>2023-02-19T14:05:07Z</time>
      </trkpt>
      <trkpt lat="46.343587" lon="23.344160">
        <ele>1261.026</ele>
        <time>2023-02-19T14:05:11Z</time>
      </trkpt>
      <trkpt lat="46.343618" lon="23.344088">
        <ele>1260.309</ele>
        <time>2023-02-19T14:05:15Z</time>
      </trkpt>
      <trkpt lat="46.343659" lon="23.344035">
        <ele>1259.758</ele>
        <time>2023-02-19T14:05:19Z</time>
      </trkpt>
      <trkpt lat="46.343686" lon="23.343964">
        <ele>1259.419</ele>
        <time>2023-02-19T14:05:23Z</time>
      </trkpt>
      <trkpt lat="46.343723" lon="23.343894">
        <ele>1259.213</ele>
        <time>2023-02-19T14:05:27Z</time>
      </trkpt>
      <trkpt lat="46.343749" lon="23.343836">
        <ele>1258.890</ele>
        <time>2023-02-19T14:05:31Z</time>
      </trkpt>
      <trkpt lat="46.343784" lon="23.343780">
        <ele>1258.150</ele>
        <time>2023-02-19T14:05:34Z</time>
      </trkpt>
      <trkpt lat="46.343808" lon="23.343720">
        <ele>1257.912</ele>
        <time>2023-02-19T14:05:37Z</time>
      </trkpt>
      <trkpt lat="46.343829" lon="23.343648">
        <ele>1257.688</ele>
        <time>2023-02-19T14:05:41Z</time>
      </trkpt>
      <trkpt lat="46.343854" lon="23.343589">
        <ele>1256.794</ele>
        <time>2023-02-19T14:05:44Z</time>
      </trkpt>
      <trkpt lat="46.343884" lon="23.343528">
        <ele>1255.816</ele>
        <time>2023-02-19T14:05:49Z</time>
      </trkpt>
      <trkpt lat="46.343923" lon="23.343461">
        <ele>1255.239</ele>
        <time>2023-02-19T14:05:52Z</time>
      </trkpt>
      <trkpt lat="46.343943" lon="23.343397">
        <ele>1254.901</ele>
        <time>2023-02-19T14:05:56Z</time>
      </trkpt>
      <trkpt lat="46.343975" lon="23.343332">
        <ele>1254.421</ele>
        <time>2023-02-19T14:06:00Z</time>
      </trkpt>
      <trkpt lat="46.344004" lon="23.343279">
        <ele>1254.309</ele>
        <time>2023-02-19T14:06:02Z</time>
      </trkpt>
      <trkpt lat="46.344025" lon="23.343221">
        <ele>1253.964</ele>
        <time>2023-02-19T14:06:07Z</time>
      </trkpt>
      <trkpt lat="46.344042" lon="23.343161">
        <ele>1253.425</ele>
        <time>2023-02-19T14:06:10Z</time>
      </trkpt>
      <trkpt lat="46.344071" lon="23.343109">
        <ele>1253.229</ele>
        <time>2023-02-19T14:06:13Z</time>
      </trkpt>
      <trkpt lat="46.344115" lon="23.343052">
        <ele>1252.866</ele>
        <time>2023-02-19T14:06:17Z</time>
      </trkpt>
      <trkpt lat="46.344149" lon="23.342993">
        <ele>1251.936</ele>
        <time>2023-02-19T14:06:23Z</time>
      </trkpt>
      <trkpt lat="46.344181" lon="23.342946">
        <ele>1251.518</ele>
        <time>2023-02-19T14:06:26Z</time>
      </trkpt>
      <trkpt lat="46.344219" lon="23.342891">
        <ele>1251.194</ele>
        <time>2023-02-19T14:06:31Z</time>
      </trkpt>
      <trkpt lat="46.344262" lon="23.342861">
        <ele>1251.020</ele>
        <time>2023-02-19T14:06:34Z</time>
      </trkpt>
      <trkpt lat="46.344306" lon="23.342842">
        <ele>1250.752</ele>
        <time>2023-02-19T14:06:38Z</time>
      </trkpt>
      <trkpt lat="46.344353" lon="23.342820">
        <ele>1250.365</ele>
        <time>2023-02-19T14:06:42Z</time>
      </trkpt>
      <trkpt lat="46.344399" lon="23.342763">
        <ele>1249.868</ele>
        <time>2023-02-19T14:06:47Z</time>
      </trkpt>
      <trkpt lat="46.344441" lon="23.342729">
        <ele>1248.814</ele>
        <time>2023-02-19T14:06:51Z</time>
      </trkpt>
      <trkpt lat="46.344490" lon="23.342725">
        <ele>1248.209</ele>
        <time>2023-02-19T14:06:53Z</time>
      </trkpt>
      <trkpt lat="46.344537" lon="23.342704">
        <ele>1248.067</ele>
        <time>2023-02-19T14:06:56Z</time>
      </trkpt>
      <trkpt lat="46.344604" lon="23.342686">
        <ele>1247.518</ele>
        <time>2023-02-19T14:06:59Z</time>
      </trkpt>
      <trkpt lat="46.344661" lon="23.342687">
        <ele>1247.452</ele>
        <time>2023-02-19T14:07:02Z</time>
      </trkpt>
      <trkpt lat="46.344727" lon="23.342673">
        <ele>1247.399</ele>
        <time>2023-02-19T14:07:06Z</time>
      </trkpt>
      <trkpt lat="46.344776" lon="23.342665">
        <ele>1246.959</ele>
        <time>2023-02-19T14:07:11Z</time>
      </trkpt>
      <trkpt lat="46.344820" lon="23.342679">
        <ele>1246.491</ele>
        <time>2023-02-19T14:07:15Z</time>
      </trkpt>
      <trkpt lat="46.344876" lon="23.342701">
        <ele>1245.937</ele>
        <time>2023-02-19T14:07:20Z</time>
      </trkpt>
      <trkpt lat="46.344932" lon="23.342713">
        <ele>1245.393</ele>
        <time>2023-02-19T14:07:23Z</time>
      </trkpt>
      <trkpt lat="46.344979" lon="23.342739">
        <ele>1244.135</ele>
        <time>2023-02-19T14:07:28Z</time>
      </trkpt>
      <trkpt lat="46.345044" lon="23.342752">
        <ele>1243.123</ele>
        <time>2023-02-19T14:07:33Z</time>
      </trkpt>
      <trkpt lat="46.345110" lon="23.342768">
        <ele>1242.583</ele>
        <time>2023-02-19T14:07:37Z</time>
      </trkpt>
      <trkpt lat="46.345162" lon="23.342779">
        <ele>1241.311</ele>
        <time>2023-02-19T14:07:40Z</time>
      </trkpt>
      <trkpt lat="46.345215" lon="23.342795">
        <ele>1240.509</ele>
        <time>2023-02-19T14:07:44Z</time>
      </trkpt>
      <trkpt lat="46.345266" lon="23.342822">
        <ele>1239.523</ele>
        <time>2023-02-19T14:07:48Z</time>
      </trkpt>
      <trkpt lat="46.345321" lon="23.342823">
        <ele>1237.034</ele>
        <time>2023-02-19T14:08:01Z</time>
      </trkpt>
      <trkpt lat="46.345368" lon="23.342874">
        <ele>1236.298</ele>
        <time>2023-02-19T14:08:05Z</time>
      </trkpt>
      <trkpt lat="46.345409" lon="23.342945">
        <ele>1235.455</ele>
        <time>2023-02-19T14:08:08Z</time>
      </trkpt>
      <trkpt lat="46.345459" lon="23.342985">
        <ele>1233.265</ele>
        <time>2023-02-19T14:08:11Z</time>
      </trkpt>
      <trkpt lat="46.345491" lon="23.343033">
        <ele>1230.977</ele>
        <time>2023-02-19T14:08:15Z</time>
      </trkpt>
      <trkpt lat="46.345523" lon="23.343085">
        <ele>1230.573</ele>
        <time>2023-02-19T14:08:18Z</time>
      </trkpt>
      <trkpt lat="46.345557" lon="23.343149">
        <ele>1229.529</ele>
        <time>2023-02-19T14:08:21Z</time>
      </trkpt>
      <trkpt lat="46.345556" lon="23.343219">
        <ele>1227.521</ele>
        <time>2023-02-19T14:08:27Z</time>
      </trkpt>
      <trkpt lat="46.345531" lon="23.343274">
        <ele>1227.021</ele>
        <time>2023-02-19T14:08:31Z</time>
      </trkpt>
      <trkpt lat="46.345544" lon="23.343343">
        <ele>1226.041</ele>
        <time>2023-02-19T14:09:05Z</time>
      </trkpt>
      <trkpt lat="46.345562" lon="23.343438">
        <ele>1225.905</ele>
        <time>2023-02-19T14:09:35Z</time>
      </trkpt>
      <trkpt lat="46.345620" lon="23.343538">
        <ele>1225.909</ele>
        <time>2023-02-19T14:09:38Z</time>
      </trkpt>
      <trkpt lat="46.345669" lon="23.343595">
        <ele>1226.143</ele>
        <time>2023-02-19T14:09:39Z</time>
      </trkpt>
      <trkpt lat="46.345782" lon="23.343719">
        <ele>1225.224</ele>
        <time>2023-02-19T14:09:41Z</time>
      </trkpt>
      <trkpt lat="46.345846" lon="23.343768">
        <ele>1223.698</ele>
        <time>2023-02-19T14:09:42Z</time>
      </trkpt>
      <trkpt lat="46.345989" lon="23.343870">
        <ele>1220.395</ele>
        <time>2023-02-19T14:09:44Z</time>
      </trkpt>
      <trkpt lat="46.346062" lon="23.343902">
        <ele>1219.335</ele>
        <time>2023-02-19T14:09:45Z</time>
      </trkpt>
      <trkpt lat="46.346219" lon="23.343968">
        <ele>1216.937</ele>
        <time>2023-02-19T14:09:47Z</time>
      </trkpt>
      <trkpt lat="46.346303" lon="23.344004">
        <ele>1215.873</ele>
        <time>2023-02-19T14:09:48Z</time>
      </trkpt>
      <trkpt lat="46.346471" lon="23.344083">
        <ele>1213.819</ele>
        <time>2023-02-19T14:09:50Z</time>
      </trkpt>
      <trkpt lat="46.346561" lon="23.344130">
        <ele>1212.581</ele>
        <time>2023-02-19T14:09:51Z</time>
      </trkpt>
      <trkpt lat="46.346738" lon="23.344252">
        <ele>1210.827</ele>
        <time>2023-02-19T14:09:53Z</time>
      </trkpt>
      <trkpt lat="46.346819" lon="23.344339">
        <ele>1209.568</ele>
        <time>2023-02-19T14:09:54Z</time>
      </trkpt>
      <trkpt lat="46.346995" lon="23.344514">
        <ele>1208.214</ele>
        <time>2023-02-19T14:09:56Z</time>
      </trkpt>
      <trkpt lat="46.347097" lon="23.344616">
        <ele>1207.609</ele>
        <time>2023-02-19T14:09:57Z</time>
      </trkpt>
      <trkpt lat="46.347203" lon="23.344724">
        <ele>1206.113</ele>
        <time>2023-02-19T14:09:58Z</time>
      </trkpt>
      <trkpt lat="46.347400" lon="23.344966">
        <ele>1203.624</ele>
        <time>2023-02-19T14:10:00Z</time>
      </trkpt>
      <trkpt lat="46.347594" lon="23.345197">
        <ele>1201.578</ele>
        <time>2023-02-19T14:10:02Z</time>
      </trkpt>
      <trkpt lat="46.347798" lon="23.345390">
        <ele>1199.365</ele>
        <time>2023-02-19T14:10:04Z</time>
      </trkpt>
      <trkpt lat="46.347894" lon="23.345492">
        <ele>1197.615</ele>
        <time>2023-02-19T14:10:05Z</time>
      </trkpt>
      <trkpt lat="46.348090" lon="23.345693">
        <ele>1195.797</ele>
        <time>2023-02-19T14:10:07Z</time>
      </trkpt>
      <trkpt lat="46.348260" lon="23.345945">
        <ele>1193.893</ele>
        <time>2023-02-19T14:10:09Z</time>
      </trkpt>
      <trkpt lat="46.348352" lon="23.346067">
        <ele>1192.539</ele>
        <time>2023-02-19T14:10:10Z</time>
      </trkpt>
      <trkpt lat="46.348433" lon="23.346197">
        <ele>1192.241</ele>
        <time>2023-02-19T14:10:11Z</time>
      </trkpt>
      <trkpt lat="46.348521" lon="23.346307">
        <ele>1191.472</ele>
        <time>2023-02-19T14:10:12Z</time>
      </trkpt>
      <trkpt lat="46.348694" lon="23.346530">
        <ele>1189.613</ele>
        <time>2023-02-19T14:10:14Z</time>
      </trkpt>
      <trkpt lat="46.348778" lon="23.346656">
        <ele>1189.414</ele>
        <time>2023-02-19T14:10:15Z</time>
      </trkpt>
      <trkpt lat="46.348911" lon="23.346949">
        <ele>1187.609</ele>
        <time>2023-02-19T14:10:17Z</time>
      </trkpt>
      <trkpt lat="46.349026" lon="23.347266">
        <ele>1185.518</ele>
        <time>2023-02-19T14:10:19Z</time>
      </trkpt>
      <trkpt lat="46.349083" lon="23.347433">
        <ele>1183.439</ele>
        <time>2023-02-19T14:10:20Z</time>
      </trkpt>
      <trkpt lat="46.349200" lon="23.347782">
        <ele>1180.013</ele>
        <time>2023-02-19T14:10:22Z</time>
      </trkpt>
      <trkpt lat="46.349313" lon="23.348136">
        <ele>1176.260</ele>
        <time>2023-02-19T14:10:24Z</time>
      </trkpt>
      <trkpt lat="46.349367" lon="23.348303">
        <ele>1175.590</ele>
        <time>2023-02-19T14:10:25Z</time>
      </trkpt>
      <trkpt lat="46.349462" lon="23.348630">
        <ele>1172.332</ele>
        <time>2023-02-19T14:10:27Z</time>
      </trkpt>
      <trkpt lat="46.349493" lon="23.348776">
        <ele>1170.158</ele>
        <time>2023-02-19T14:10:28Z</time>
      </trkpt>
      <trkpt lat="46.349525" lon="23.348895">
        <ele>1168.684</ele>
        <time>2023-02-19T14:10:29Z</time>
      </trkpt>
      <trkpt lat="46.349584" lon="23.349069">
        <ele>1166.536</ele>
        <time>2023-02-19T14:10:31Z</time>
      </trkpt>
      <trkpt lat="46.349593" lon="23.349142">
        <ele>1165.663</ele>
        <time>2023-02-19T14:10:32Z</time>
      </trkpt>
      <trkpt lat="46.349561" lon="23.349234">
        <ele>1164.844</ele>
        <time>2023-02-19T14:10:34Z</time>
      </trkpt>
      <trkpt lat="46.349513" lon="23.349300">
        <ele>1164.218</ele>
        <time>2023-02-19T14:10:36Z</time>
      </trkpt>
      <trkpt lat="46.349419" lon="23.349289">
        <ele>1163.609</ele>
        <time>2023-02-19T14:10:38Z</time>
      </trkpt>
      <trkpt lat="46.349340" lon="23.349228">
        <ele>1163.287</ele>
        <time>2023-02-19T14:10:39Z</time>
      </trkpt>
      <trkpt lat="46.349103" lon="23.349044">
        <ele>1161.658</ele>
        <time>2023-02-19T14:10:41Z</time>
      </trkpt>
      <trkpt lat="46.348859" lon="23.348803">
        <ele>1161.682</ele>
        <time>2023-02-19T14:10:43Z</time>
      </trkpt>
      <trkpt lat="46.348748" lon="23.348678">
        <ele>1160.759</ele>
        <time>2023-02-19T14:10:44Z</time>
      </trkpt>
      <trkpt lat="46.348540" lon="23.348453">
        <ele>1158.879</ele>
        <time>2023-02-19T14:10:46Z</time>
      </trkpt>
      <trkpt lat="46.348451" lon="23.348354">
        <ele>1159.091</ele>
        <time>2023-02-19T14:10:47Z</time>
      </trkpt>
      <trkpt lat="46.348376" lon="23.348252">
        <ele>1158.997</ele>
        <time>2023-02-19T14:10:48Z</time>
      </trkpt>
      <trkpt lat="46.348253" lon="23.348055">
        <ele>1158.393</ele>
        <time>2023-02-19T14:10:50Z</time>
      </trkpt>
      <trkpt lat="46.348149" lon="23.347950">
        <ele>1157.365</ele>
        <time>2023-02-19T14:10:52Z</time>
      </trkpt>
      <trkpt lat="46.348048" lon="23.347937">
        <ele>1156.583</ele>
        <time>2023-02-19T14:10:54Z</time>
      </trkpt>
      <trkpt lat="46.347991" lon="23.348039">
        <ele>1155.925</ele>
        <time>2023-02-19T14:10:56Z</time>
      </trkpt>
      <trkpt lat="46.347999" lon="23.348209">
        <ele>1154.917</ele>
        <time>2023-02-19T14:10:58Z</time>
      </trkpt>
      <trkpt lat="46.348032" lon="23.348306">
        <ele>1153.709</ele>
        <time>2023-02-19T14:10:59Z</time>
      </trkpt>
      <trkpt lat="46.348084" lon="23.348413">
        <ele>1152.079</ele>
        <time>2023-02-19T14:11:00Z</time>
      </trkpt>
      <trkpt lat="46.348151" lon="23.348541">
        <ele>1150.180</ele>
        <time>2023-02-19T14:11:01Z</time>
      </trkpt>
      <trkpt lat="46.348294" lon="23.348829">
        <ele>1146.324</ele>
        <time>2023-02-19T14:11:03Z</time>
      </trkpt>
      <trkpt lat="46.348397" lon="23.349113">
        <ele>1143.021</ele>
        <time>2023-02-19T14:11:05Z</time>
      </trkpt>
      <trkpt lat="46.348475" lon="23.349446">
        <ele>1139.021</ele>
        <time>2023-02-19T14:11:07Z</time>
      </trkpt>
      <trkpt lat="46.348577" lon="23.349789">
        <ele>1135.143</ele>
        <time>2023-02-19T14:11:09Z</time>
      </trkpt>
      <trkpt lat="46.348623" lon="23.349965">
        <ele>1133.519</ele>
        <time>2023-02-19T14:11:10Z</time>
      </trkpt>
      <trkpt lat="46.348707" lon="23.350309">
        <ele>1128.555</ele>
        <time>2023-02-19T14:11:12Z</time>
      </trkpt>
      <trkpt lat="46.348750" lon="23.350482">
        <ele>1127.117</ele>
        <time>2023-02-19T14:11:13Z</time>
      </trkpt>
      <trkpt lat="46.348797" lon="23.350668">
        <ele>1125.519</ele>
        <time>2023-02-19T14:11:14Z</time>
      </trkpt>
      <trkpt lat="46.348915" lon="23.351055">
        <ele>1120.809</ele>
        <time>2023-02-19T14:11:16Z</time>
      </trkpt>
      <trkpt lat="46.348964" lon="23.351263">
        <ele>1118.519</ele>
        <time>2023-02-19T14:11:17Z</time>
      </trkpt>
      <trkpt lat="46.349052" lon="23.351676">
        <ele>1113.409</ele>
        <time>2023-02-19T14:11:19Z</time>
      </trkpt>
      <trkpt lat="46.349116" lon="23.352079">
        <ele>1109.122</ele>
        <time>2023-02-19T14:11:21Z</time>
      </trkpt>
      <trkpt lat="46.349198" lon="23.352459">
        <ele>1104.943</ele>
        <time>2023-02-19T14:11:23Z</time>
      </trkpt>
      <trkpt lat="46.349238" lon="23.352647">
        <ele>1102.917</ele>
        <time>2023-02-19T14:11:24Z</time>
      </trkpt>
      <trkpt lat="46.349315" lon="23.352980">
        <ele>1099.554</ele>
        <time>2023-02-19T14:11:26Z</time>
      </trkpt>
      <trkpt lat="46.349359" lon="23.353116">
        <ele>1098.164</ele>
        <time>2023-02-19T14:11:27Z</time>
      </trkpt>
      <trkpt lat="46.349389" lon="23.353243">
        <ele>1097.456</ele>
        <time>2023-02-19T14:11:28Z</time>
      </trkpt>
      <trkpt lat="46.349388" lon="23.353454">
        <ele>1095.672</ele>
        <time>2023-02-19T14:11:30Z</time>
      </trkpt>
      <trkpt lat="46.349374" lon="23.353544">
        <ele>1094.998</ele>
        <time>2023-02-19T14:11:31Z</time>
      </trkpt>
      <trkpt lat="46.349338" lon="23.353689">
        <ele>1093.280</ele>
        <time>2023-02-19T14:11:33Z</time>
      </trkpt>
      <trkpt lat="46.349253" lon="23.353784">
        <ele>1092.053</ele>
        <time>2023-02-19T14:11:35Z</time>
      </trkpt>
      <trkpt lat="46.349128" lon="23.353665">
        <ele>1090.304</ele>
        <time>2023-02-19T14:11:37Z</time>
      </trkpt>
      <trkpt lat="46.349007" lon="23.353547">
        <ele>1088.414</ele>
        <time>2023-02-19T14:11:38Z</time>
      </trkpt>
      <trkpt lat="46.348742" lon="23.353362">
        <ele>1084.309</ele>
        <time>2023-02-19T14:11:40Z</time>
      </trkpt>
      <trkpt lat="46.348647" lon="23.353311">
        <ele>1083.766</ele>
        <time>2023-02-19T14:11:41Z</time>
      </trkpt>
      <trkpt lat="46.348540" lon="23.353289">
        <ele>1082.457</ele>
        <time>2023-02-19T14:11:43Z</time>
      </trkpt>
      <trkpt lat="46.348517" lon="23.353362">
        <ele>1082.051</ele>
        <time>2023-02-19T14:11:45Z</time>
      </trkpt>
      <trkpt lat="46.348513" lon="23.353441">
        <ele>1081.128</ele>
        <time>2023-02-19T14:11:46Z</time>
      </trkpt>
      <trkpt lat="46.348528" lon="23.353549">
        <ele>1080.678</ele>
        <time>2023-02-19T14:11:47Z</time>
      </trkpt>
      <trkpt lat="46.348522" lon="23.353832">
        <ele>1077.170</ele>
        <time>2023-02-19T14:11:49Z</time>
      </trkpt>
      <trkpt lat="46.348514" lon="23.354166">
        <ele>1073.946</ele>
        <time>2023-02-19T14:11:51Z</time>
      </trkpt>
      <trkpt lat="46.348530" lon="23.354310">
        <ele>1072.822</ele>
        <time>2023-02-19T14:11:52Z</time>
      </trkpt>
      <trkpt lat="46.348561" lon="23.354441">
        <ele>1071.654</ele>
        <time>2023-02-19T14:11:53Z</time>
      </trkpt>
      <trkpt lat="46.348597" lon="23.354548">
        <ele>1070.023</ele>
        <time>2023-02-19T14:11:54Z</time>
      </trkpt>
      <trkpt lat="46.348714" lon="23.354700">
        <ele>1067.983</ele>
        <time>2023-02-19T14:11:56Z</time>
      </trkpt>
      <trkpt lat="46.348926" lon="23.354784">
        <ele>1065.111</ele>
        <time>2023-02-19T14:11:58Z</time>
      </trkpt>
      <trkpt lat="46.349026" lon="23.354806">
        <ele>1063.509</ele>
        <time>2023-02-19T14:11:59Z</time>
      </trkpt>
      <trkpt lat="46.349171" lon="23.354908">
        <ele>1062.733</ele>
        <time>2023-02-19T14:12:01Z</time>
      </trkpt>
      <trkpt lat="46.349249" lon="23.355026">
        <ele>1061.264</ele>
        <time>2023-02-19T14:12:03Z</time>
      </trkpt>
      <trkpt lat="46.349184" lon="23.355267">
        <ele>1058.188</ele>
        <time>2023-02-19T14:12:06Z</time>
      </trkpt>
      <trkpt lat="46.349094" lon="23.355313">
        <ele>1057.245</ele>
        <time>2023-02-19T14:12:07Z</time>
      </trkpt>
      <trkpt lat="46.349007" lon="23.355343">
        <ele>1054.725</ele>
        <time>2023-02-19T14:12:08Z</time>
      </trkpt>
      <trkpt lat="46.348926" lon="23.355375">
        <ele>1053.177</ele>
        <time>2023-02-19T14:12:09Z</time>
      </trkpt>
      <trkpt lat="46.348861" lon="23.355415">
        <ele>1051.913</ele>
        <time>2023-02-19T14:12:10Z</time>
      </trkpt>
    </trkseg>
  </trk></gpx>