<?xml version="1.0" encoding="UTF-8"?>
<gpx creator="Wikiloc - https://www.wikiloc.com" version="1.1" xmlns="http://www.topografix.com/GPX/1/1" xmlns:xsi="http://www.w3.org/2001/XMLSchema-instance" xsi:schemaLocation="http://www.topografix.com/GPX/1/1 http://www.topografix.com/GPX/1/1/gpx.xsd">
  <metadata>
    <name>Wikiloc - Hiking 7/19/15 5:36 am - Varful Parangul Mare</name>
    <author>
      <name>Toni Grecu</name>
      <link href="https://www.wikiloc.com/wikiloc/user.do?id=2082631">
        <text>Toni Grecu on Wikiloc</text>
      </link>
    </author>
    <link href="https://www.wikiloc.com/hiking-trails/hiking-7-19-15-5-36-am-varful-parangul-mare-17102457">
      <text>Hiking 7/19/15 5:36 am - Varful Parangul Mare on Wikiloc</text>
    </link>
    <time>2015-07-19T10:09:11Z</time>
  </metadata>
  <trk>
    <name>Hiking 7/19/15 5:36 am - Varful Parangul Mare - Wikiloc</name>
    <cmt>Statiunea Parâng - Refugiul Cârja 2231m - Vârful Cârja 2405m - Vârful Stoinița 2421m - Vârful Gemănarea 2426m - Vârful Parângul Mare 2519m (BR) - 18</cmt>
    <desc>Statiunea Parâng - Refugiul Cârja 2231m - Vârful Cârja 2405m - Vârful Stoinița 2421m - Vârful Gemănarea 2426m - Vârful Parângul Mare 2519m (BR) - 18</desc>
    <trkseg>
      <trkpt lat="45.384256" lon="23.471696">
        <ele>1693.198</ele>
        <time>2015-07-19T02:36:08Z</time>
      </trkpt>
      <trkpt lat="45.384253" lon="23.471700">
        <ele>1693.115</ele>
        <time>2015-07-19T02:36:08Z</time>
      </trkpt>
      <trkpt lat="45.384306" lon="23.471791">
        <ele>1691.026</ele>
        <time>2015-07-19T02:36:28Z</time>
      </trkpt>
      <trkpt lat="45.384328" lon="23.471903">
        <ele>1688.708</ele>
        <time>2015-07-19T02:36:36Z</time>
      </trkpt>
      <trkpt lat="45.384345" lon="23.472026">
        <ele>1687.040</ele>
        <time>2015-07-19T02:36:44Z</time>
      </trkpt>
      <trkpt lat="45.384348" lon="23.472154">
        <ele>1685.956</ele>
        <time>2015-07-19T02:36:54Z</time>
      </trkpt>
      <trkpt lat="45.384338" lon="23.472276">
        <ele>1685.560</ele>
        <time>2015-07-19T02:37:02Z</time>
      </trkpt>
      <trkpt lat="45.384318" lon="23.472395">
        <ele>1685.929</ele>
        <time>2015-07-19T02:37:09Z</time>
      </trkpt>
      <trkpt lat="45.384305" lon="23.472510">
        <ele>1686.131</ele>
        <time>2015-07-19T02:37:17Z</time>
      </trkpt>
      <trkpt lat="45.384274" lon="23.472630">
        <ele>1687.273</ele>
        <time>2015-07-19T02:37:24Z</time>
      </trkpt>
      <trkpt lat="45.384240" lon="23.472741">
        <ele>1688.194</ele>
        <time>2015-07-19T02:37:49Z</time>
      </trkpt>
      <trkpt lat="45.384248" lon="23.472858">
        <ele>1689.596</ele>
        <time>2015-07-19T02:37:55Z</time>
      </trkpt>
      <trkpt lat="45.384271" lon="23.472986">
        <ele>1691.084</ele>
        <time>2015-07-19T02:38:02Z</time>
      </trkpt>
      <trkpt lat="45.384241" lon="23.473106">
        <ele>1692.307</ele>
        <time>2015-07-19T02:38:10Z</time>
      </trkpt>
      <trkpt lat="45.384218" lon="23.473220">
        <ele>1694.117</ele>
        <time>2015-07-19T02:38:19Z</time>
      </trkpt>
      <trkpt lat="45.384223" lon="23.473346">
        <ele>1696.208</ele>
        <time>2015-07-19T02:38:30Z</time>
      </trkpt>
      <trkpt lat="45.384205" lon="23.473463">
        <ele>1697.879</ele>
        <time>2015-07-19T02:38:41Z</time>
      </trkpt>
      <trkpt lat="45.384213" lon="23.473580">
        <ele>1699.425</ele>
        <time>2015-07-19T02:38:52Z</time>
      </trkpt>
      <trkpt lat="45.384210" lon="23.473703">
        <ele>1700.629</ele>
        <time>2015-07-19T02:39:04Z</time>
      </trkpt>
      <trkpt lat="45.384210" lon="23.473828">
        <ele>1701.668</ele>
        <time>2015-07-19T02:39:16Z</time>
      </trkpt>
      <trkpt lat="45.384231" lon="23.473943">
        <ele>1702.940</ele>
        <time>2015-07-19T02:39:28Z</time>
      </trkpt>
      <trkpt lat="45.384288" lon="23.474030">
        <ele>1704.082</ele>
        <time>2015-07-19T02:39:43Z</time>
      </trkpt>
      <trkpt lat="45.384278" lon="23.474146">
        <ele>1705.463</ele>
        <time>2015-07-19T02:39:57Z</time>
      </trkpt>
      <trkpt lat="45.384265" lon="23.474270">
        <ele>1707.595</ele>
        <time>2015-07-19T02:40:09Z</time>
      </trkpt>
      <trkpt lat="45.384231" lon="23.474376">
        <ele>1709.884</ele>
        <time>2015-07-19T02:40:23Z</time>
      </trkpt>
      <trkpt lat="45.384253" lon="23.474496">
        <ele>1711.707</ele>
        <time>2015-07-19T02:40:48Z</time>
      </trkpt>
      <trkpt lat="45.384229" lon="23.474610">
        <ele>1714.117</ele>
        <time>2015-07-19T02:40:59Z</time>
      </trkpt>
      <trkpt lat="45.384248" lon="23.474723">
        <ele>1715.808</ele>
        <time>2015-07-19T02:41:10Z</time>
      </trkpt>
      <trkpt lat="45.384246" lon="23.474850">
        <ele>1717.859</ele>
        <time>2015-07-19T02:41:21Z</time>
      </trkpt>
      <trkpt lat="45.384231" lon="23.474963">
        <ele>1719.715</ele>
        <time>2015-07-19T02:41:32Z</time>
      </trkpt>
      <trkpt lat="45.384213" lon="23.475076">
        <ele>1721.529</ele>
        <time>2015-07-19T02:41:47Z</time>
      </trkpt>
      <trkpt lat="45.384215" lon="23.475200">
        <ele>1723.168</ele>
        <time>2015-07-19T02:42:01Z</time>
      </trkpt>
      <trkpt lat="45.384193" lon="23.475318">
        <ele>1725.180</ele>
        <time>2015-07-19T02:42:39Z</time>
      </trkpt>
      <trkpt lat="45.384211" lon="23.475440">
        <ele>1726.732</ele>
        <time>2015-07-19T02:42:50Z</time>
      </trkpt>
      <trkpt lat="45.384216" lon="23.475556">
        <ele>1728.593</ele>
        <time>2015-07-19T02:43:01Z</time>
      </trkpt>
      <trkpt lat="45.384233" lon="23.475680">
        <ele>1730.795</ele>
        <time>2015-07-19T02:43:12Z</time>
      </trkpt>
      <trkpt lat="45.384243" lon="23.475796">
        <ele>1733.055</ele>
        <time>2015-07-19T02:43:25Z</time>
      </trkpt>
      <trkpt lat="45.384258" lon="23.475913">
        <ele>1736.007</ele>
        <time>2015-07-19T02:43:46Z</time>
      </trkpt>
      <trkpt lat="45.384265" lon="23.476029">
        <ele>1739.317</ele>
        <time>2015-07-19T02:44:01Z</time>
      </trkpt>
      <trkpt lat="45.384266" lon="23.476156">
        <ele>1742.408</ele>
        <time>2015-07-19T02:44:23Z</time>
      </trkpt>
      <trkpt lat="45.384286" lon="23.476270">
        <ele>1744.266</ele>
        <time>2015-07-19T02:44:35Z</time>
      </trkpt>
      <trkpt lat="45.384295" lon="23.476393">
        <ele>1746.242</ele>
        <time>2015-07-19T02:46:11Z</time>
      </trkpt>
      <trkpt lat="45.384308" lon="23.476515">
        <ele>1748.936</ele>
        <time>2015-07-19T02:46:22Z</time>
      </trkpt>
      <trkpt lat="45.384319" lon="23.476635">
        <ele>1751.775</ele>
        <time>2015-07-19T02:46:32Z</time>
      </trkpt>
      <trkpt lat="45.384330" lon="23.476758">
        <ele>1754.177</ele>
        <time>2015-07-19T02:46:45Z</time>
      </trkpt>
      <trkpt lat="45.384330" lon="23.476875">
        <ele>1756.289</ele>
        <time>2015-07-19T02:46:56Z</time>
      </trkpt>
      <trkpt lat="45.384338" lon="23.476995">
        <ele>1757.970</ele>
        <time>2015-07-19T02:47:29Z</time>
      </trkpt>
      <trkpt lat="45.384368" lon="23.477115">
        <ele>1759.162</ele>
        <time>2015-07-19T02:47:43Z</time>
      </trkpt>
      <trkpt lat="45.384395" lon="23.477224">
        <ele>1760.261</ele>
        <time>2015-07-19T02:47:55Z</time>
      </trkpt>
      <trkpt lat="45.384408" lon="23.477340">
        <ele>1761.521</ele>
        <time>2015-07-19T02:48:09Z</time>
      </trkpt>
      <trkpt lat="45.384426" lon="23.477461">
        <ele>1762.713</ele>
        <time>2015-07-19T02:48:23Z</time>
      </trkpt>
      <trkpt lat="45.384448" lon="23.477579">
        <ele>1763.808</ele>
        <time>2015-07-19T02:48:36Z</time>
      </trkpt>
      <trkpt lat="45.384478" lon="23.477695">
        <ele>1764.897</ele>
        <time>2015-07-19T02:48:52Z</time>
      </trkpt>
      <trkpt lat="45.384476" lon="23.477836">
        <ele>1766.533</ele>
        <time>2015-07-19T02:49:10Z</time>
      </trkpt>
      <trkpt lat="45.384476" lon="23.477953">
        <ele>1768.327</ele>
        <time>2015-07-19T02:49:22Z</time>
      </trkpt>
      <trkpt lat="45.384454" lon="23.478074">
        <ele>1770.686</ele>
        <time>2015-07-19T02:49:41Z</time>
      </trkpt>
      <trkpt lat="45.384460" lon="23.478198">
        <ele>1775.138</ele>
        <time>2015-07-19T02:49:53Z</time>
      </trkpt>
      <trkpt lat="45.384476" lon="23.478311">
        <ele>1779.140</ele>
        <time>2015-07-19T02:50:05Z</time>
      </trkpt>
      <trkpt lat="45.384471" lon="23.478430">
        <ele>1781.581</ele>
        <time>2015-07-19T02:50:45Z</time>
      </trkpt>
      <trkpt lat="45.384483" lon="23.478545">
        <ele>1783.483</ele>
        <time>2015-07-19T02:50:53Z</time>
      </trkpt>
      <trkpt lat="45.384469" lon="23.478665">
        <ele>1785.013</ele>
        <time>2015-07-19T02:51:04Z</time>
      </trkpt>
      <trkpt lat="45.384446" lon="23.478779">
        <ele>1785.843</ele>
        <time>2015-07-19T02:51:16Z</time>
      </trkpt>
      <trkpt lat="45.384495" lon="23.478881">
        <ele>1788.007</ele>
        <time>2015-07-19T02:51:30Z</time>
      </trkpt>
      <trkpt lat="45.384536" lon="23.478993">
        <ele>1789.208</ele>
        <time>2015-07-19T02:51:41Z</time>
      </trkpt>
      <trkpt lat="45.384581" lon="23.479094">
        <ele>1790.362</ele>
        <time>2015-07-19T02:51:53Z</time>
      </trkpt>
      <trkpt lat="45.384601" lon="23.479208">
        <ele>1791.178</ele>
        <time>2015-07-19T02:52:06Z</time>
      </trkpt>
      <trkpt lat="45.384675" lon="23.479280">
        <ele>1792.952</ele>
        <time>2015-07-19T02:52:46Z</time>
      </trkpt>
      <trkpt lat="45.384733" lon="23.479364">
        <ele>1794.431</ele>
        <time>2015-07-19T02:52:58Z</time>
      </trkpt>
      <trkpt lat="45.384811" lon="23.479398">
        <ele>1794.393</ele>
        <time>2015-07-19T02:53:08Z</time>
      </trkpt>
      <trkpt lat="45.384881" lon="23.479466">
        <ele>1794.875</ele>
        <time>2015-07-19T02:53:21Z</time>
      </trkpt>
      <trkpt lat="45.384923" lon="23.479566">
        <ele>1796.516</ele>
        <time>2015-07-19T02:54:35Z</time>
      </trkpt>
      <trkpt lat="45.384946" lon="23.479688">
        <ele>1798.938</ele>
        <time>2015-07-19T02:54:43Z</time>
      </trkpt>
      <trkpt lat="45.384996" lon="23.479791">
        <ele>1800.781</ele>
        <time>2015-07-19T02:54:52Z</time>
      </trkpt>
      <trkpt lat="45.385030" lon="23.479898">
        <ele>1801.961</ele>
        <time>2015-07-19T02:55:02Z</time>
      </trkpt>
      <trkpt lat="45.385053" lon="23.480016">
        <ele>1803.517</ele>
        <time>2015-07-19T02:55:12Z</time>
      </trkpt>
      <trkpt lat="45.385085" lon="23.480123">
        <ele>1806.508</ele>
        <time>2015-07-19T02:55:25Z</time>
      </trkpt>
      <trkpt lat="45.385126" lon="23.480225">
        <ele>1808.549</ele>
        <time>2015-07-19T02:56:06Z</time>
      </trkpt>
      <trkpt lat="45.385141" lon="23.480338">
        <ele>1811.285</ele>
        <time>2015-07-19T02:56:32Z</time>
      </trkpt>
      <trkpt lat="45.385170" lon="23.480450">
        <ele>1813.769</ele>
        <time>2015-07-19T02:56:46Z</time>
      </trkpt>
      <trkpt lat="45.385208" lon="23.480558">
        <ele>1815.878</ele>
        <time>2015-07-19T02:56:57Z</time>
      </trkpt>
      <trkpt lat="45.385260" lon="23.480651">
        <ele>1817.720</ele>
        <time>2015-07-19T02:57:08Z</time>
      </trkpt>
      <trkpt lat="45.385315" lon="23.480743">
        <ele>1820.342</ele>
        <time>2015-07-19T02:57:21Z</time>
      </trkpt>
      <trkpt lat="45.385356" lon="23.480848">
        <ele>1823.163</ele>
        <time>2015-07-19T02:57:32Z</time>
      </trkpt>
      <trkpt lat="45.385410" lon="23.480936">
        <ele>1824.115</ele>
        <time>2015-07-19T02:57:46Z</time>
      </trkpt>
      <trkpt lat="45.385450" lon="23.481051">
        <ele>1826.111</ele>
        <time>2015-07-19T02:57:58Z</time>
      </trkpt>
      <trkpt lat="45.385493" lon="23.481153">
        <ele>1827.921</ele>
        <time>2015-07-19T02:58:09Z</time>
      </trkpt>
      <trkpt lat="45.385538" lon="23.481253">
        <ele>1829.503</ele>
        <time>2015-07-19T02:58:20Z</time>
      </trkpt>
      <trkpt lat="45.385588" lon="23.481355">
        <ele>1831.208</ele>
        <time>2015-07-19T02:59:13Z</time>
      </trkpt>
      <trkpt lat="45.385636" lon="23.481463">
        <ele>1833.212</ele>
        <time>2015-07-19T02:59:25Z</time>
      </trkpt>
      <trkpt lat="45.385680" lon="23.481565">
        <ele>1835.338</ele>
        <time>2015-07-19T02:59:37Z</time>
      </trkpt>
      <trkpt lat="45.385740" lon="23.481656">
        <ele>1837.492</ele>
        <time>2015-07-19T02:59:49Z</time>
      </trkpt>
      <trkpt lat="45.385795" lon="23.481748">
        <ele>1839.281</ele>
        <time>2015-07-19T03:00:06Z</time>
      </trkpt>
      <trkpt lat="45.385846" lon="23.481845">
        <ele>1841.433</ele>
        <time>2015-07-19T03:00:26Z</time>
      </trkpt>
      <trkpt lat="45.385891" lon="23.481941">
        <ele>1843.895</ele>
        <time>2015-07-19T03:00:43Z</time>
      </trkpt>
      <trkpt lat="45.385925" lon="23.482049">
        <ele>1845.836</ele>
        <time>2015-07-19T03:02:05Z</time>
      </trkpt>
      <trkpt lat="45.385943" lon="23.482166">
        <ele>1847.828</ele>
        <time>2015-07-19T03:02:16Z</time>
      </trkpt>
      <trkpt lat="45.385976" lon="23.482280">
        <ele>1849.793</ele>
        <time>2015-07-19T03:02:27Z</time>
      </trkpt>
      <trkpt lat="45.385950" lon="23.482390">
        <ele>1850.465</ele>
        <time>2015-07-19T03:02:39Z</time>
      </trkpt>
      <trkpt lat="45.385941" lon="23.482508">
        <ele>1851.421</ele>
        <time>2015-07-19T03:05:00Z</time>
      </trkpt>
      <trkpt lat="45.385980" lon="23.482610">
        <ele>1853.008</ele>
        <time>2015-07-19T03:05:22Z</time>
      </trkpt>
      <trkpt lat="45.386016" lon="23.482725">
        <ele>1854.850</ele>
        <time>2015-07-19T03:05:30Z</time>
      </trkpt>
      <trkpt lat="45.386060" lon="23.482841">
        <ele>1856.786</ele>
        <time>2015-07-19T03:05:43Z</time>
      </trkpt>
      <trkpt lat="45.386083" lon="23.482953">
        <ele>1857.740</ele>
        <time>2015-07-19T03:05:51Z</time>
      </trkpt>
      <trkpt lat="45.386105" lon="23.483075">
        <ele>1858.839</ele>
        <time>2015-07-19T03:05:59Z</time>
      </trkpt>
      <trkpt lat="45.386126" lon="23.483196">
        <ele>1859.461</ele>
        <time>2015-07-19T03:06:06Z</time>
      </trkpt>
      <trkpt lat="45.386169" lon="23.483305">
        <ele>1860.683</ele>
        <time>2015-07-19T03:06:13Z</time>
      </trkpt>
      <trkpt lat="45.386198" lon="23.483420">
        <ele>1861.434</ele>
        <time>2015-07-19T03:06:21Z</time>
      </trkpt>
      <trkpt lat="45.386244" lon="23.483521">
        <ele>1862.576</ele>
        <time>2015-07-19T03:06:28Z</time>
      </trkpt>
      <trkpt lat="45.386268" lon="23.483634">
        <ele>1862.953</ele>
        <time>2015-07-19T03:06:35Z</time>
      </trkpt>
      <trkpt lat="45.386296" lon="23.483750">
        <ele>1863.504</ele>
        <time>2015-07-19T03:06:43Z</time>
      </trkpt>
      <trkpt lat="45.386326" lon="23.483861">
        <ele>1864.214</ele>
        <time>2015-07-19T03:06:50Z</time>
      </trkpt>
      <trkpt lat="45.386368" lon="23.483978">
        <ele>1865.408</ele>
        <time>2015-07-19T03:06:59Z</time>
      </trkpt>
      <trkpt lat="45.386405" lon="23.484088">
        <ele>1866.766</ele>
        <time>2015-07-19T03:07:06Z</time>
      </trkpt>
      <trkpt lat="45.386426" lon="23.484201">
        <ele>1867.752</ele>
        <time>2015-07-19T03:07:14Z</time>
      </trkpt>
      <trkpt lat="45.386438" lon="23.484335">
        <ele>1868.756</ele>
        <time>2015-07-19T03:07:22Z</time>
      </trkpt>
      <trkpt lat="45.386461" lon="23.484448">
        <ele>1870.175</ele>
        <time>2015-07-19T03:07:30Z</time>
      </trkpt>
      <trkpt lat="45.386475" lon="23.484564">
        <ele>1871.237</ele>
        <time>2015-07-19T03:07:38Z</time>
      </trkpt>
      <trkpt lat="45.386454" lon="23.484678">
        <ele>1870.749</ele>
        <time>2015-07-19T03:07:57Z</time>
      </trkpt>
      <trkpt lat="45.386458" lon="23.484800">
        <ele>1871.330</ele>
        <time>2015-07-19T03:08:06Z</time>
      </trkpt>
      <trkpt lat="45.386461" lon="23.484924">
        <ele>1872.022</ele>
        <time>2015-07-19T03:08:22Z</time>
      </trkpt>
      <trkpt lat="45.386468" lon="23.485048">
        <ele>1872.944</ele>
        <time>2015-07-19T03:08:30Z</time>
      </trkpt>
      <trkpt lat="45.386471" lon="23.485170">
        <ele>1873.605</ele>
        <time>2015-07-19T03:08:38Z</time>
      </trkpt>
      <trkpt lat="45.386468" lon="23.485298">
        <ele>1874.115</ele>
        <time>2015-07-19T03:08:47Z</time>
      </trkpt>
      <trkpt lat="45.386460" lon="23.485418">
        <ele>1874.508</ele>
        <time>2015-07-19T03:08:56Z</time>
      </trkpt>
      <trkpt lat="45.386436" lon="23.485530">
        <ele>1873.545</ele>
        <time>2015-07-19T03:09:04Z</time>
      </trkpt>
      <trkpt lat="45.386423" lon="23.485654">
        <ele>1874.371</ele>
        <time>2015-07-19T03:09:12Z</time>
      </trkpt>
      <trkpt lat="45.386405" lon="23.485776">
        <ele>1875.115</ele>
        <time>2015-07-19T03:09:21Z</time>
      </trkpt>
      <trkpt lat="45.386400" lon="23.485896">
        <ele>1877.634</ele>
        <time>2015-07-19T03:09:37Z</time>
      </trkpt>
      <trkpt lat="45.386375" lon="23.486016">
        <ele>1879.446</ele>
        <time>2015-07-19T03:09:46Z</time>
      </trkpt>
      <trkpt lat="45.386343" lon="23.486141">
        <ele>1880.618</ele>
        <time>2015-07-19T03:09:54Z</time>
      </trkpt>
      <trkpt lat="45.386319" lon="23.486278">
        <ele>1882.399</ele>
        <time>2015-07-19T03:10:03Z</time>
      </trkpt>
      <trkpt lat="45.386286" lon="23.486385">
        <ele>1883.051</ele>
        <time>2015-07-19T03:10:11Z</time>
      </trkpt>
      <trkpt lat="45.386278" lon="23.486510">
        <ele>1885.355</ele>
        <time>2015-07-19T03:10:21Z</time>
      </trkpt>
      <trkpt lat="45.386236" lon="23.486635">
        <ele>1886.107</ele>
        <time>2015-07-19T03:10:38Z</time>
      </trkpt>
      <trkpt lat="45.386214" lon="23.486756">
        <ele>1887.217</ele>
        <time>2015-07-19T03:10:47Z</time>
      </trkpt>
      <trkpt lat="45.386181" lon="23.486864">
        <ele>1887.308</ele>
        <time>2015-07-19T03:10:55Z</time>
      </trkpt>
      <trkpt lat="45.386136" lon="23.486963">
        <ele>1886.546</ele>
        <time>2015-07-19T03:11:03Z</time>
      </trkpt>
      <trkpt lat="45.386078" lon="23.487059">
        <ele>1884.322</ele>
        <time>2015-07-19T03:11:11Z</time>
      </trkpt>
      <trkpt lat="45.386043" lon="23.487164">
        <ele>1883.616</ele>
        <time>2015-07-19T03:11:19Z</time>
      </trkpt>
      <trkpt lat="45.385996" lon="23.487271">
        <ele>1882.885</ele>
        <time>2015-07-19T03:11:28Z</time>
      </trkpt>
      <trkpt lat="45.385958" lon="23.487381">
        <ele>1883.317</ele>
        <time>2015-07-19T03:11:36Z</time>
      </trkpt>
      <trkpt lat="45.385930" lon="23.487491">
        <ele>1884.639</ele>
        <time>2015-07-19T03:11:45Z</time>
      </trkpt>
      <trkpt lat="45.385895" lon="23.487596">
        <ele>1886.290</ele>
        <time>2015-07-19T03:12:04Z</time>
      </trkpt>
      <trkpt lat="45.385856" lon="23.487700">
        <ele>1887.772</ele>
        <time>2015-07-19T03:12:12Z</time>
      </trkpt>
      <trkpt lat="45.385808" lon="23.487806">
        <ele>1889.015</ele>
        <time>2015-07-19T03:12:20Z</time>
      </trkpt>
      <trkpt lat="45.385776" lon="23.487921">
        <ele>1890.765</ele>
        <time>2015-07-19T03:12:28Z</time>
      </trkpt>
      <trkpt lat="45.385740" lon="23.488040">
        <ele>1892.311</ele>
        <time>2015-07-19T03:12:37Z</time>
      </trkpt>
      <trkpt lat="45.385690" lon="23.488135">
        <ele>1892.308</ele>
        <time>2015-07-19T03:12:46Z</time>
      </trkpt>
      <trkpt lat="45.385660" lon="23.488253">
        <ele>1893.342</ele>
        <time>2015-07-19T03:12:57Z</time>
      </trkpt>
      <trkpt lat="45.385633" lon="23.488371">
        <ele>1894.688</ele>
        <time>2015-07-19T03:13:07Z</time>
      </trkpt>
      <trkpt lat="45.385615" lon="23.488485">
        <ele>1896.422</ele>
        <time>2015-07-19T03:13:15Z</time>
      </trkpt>
      <trkpt lat="45.385560" lon="23.488578">
        <ele>1896.491</ele>
        <time>2015-07-19T03:13:27Z</time>
      </trkpt>
      <trkpt lat="45.385526" lon="23.488685">
        <ele>1896.453</ele>
        <time>2015-07-19T03:13:37Z</time>
      </trkpt>
      <trkpt lat="45.385496" lon="23.488796">
        <ele>1896.515</ele>
        <time>2015-07-19T03:13:46Z</time>
      </trkpt>
      <trkpt lat="45.385475" lon="23.488916">
        <ele>1897.386</ele>
        <time>2015-07-19T03:13:55Z</time>
      </trkpt>
      <trkpt lat="45.385448" lon="23.489030">
        <ele>1897.668</ele>
        <time>2015-07-19T03:14:04Z</time>
      </trkpt>
      <trkpt lat="45.385396" lon="23.489133">
        <ele>1896.556</ele>
        <time>2015-07-19T03:14:28Z</time>
      </trkpt>
      <trkpt lat="45.385368" lon="23.489248">
        <ele>1896.759</ele>
        <time>2015-07-19T03:14:36Z</time>
      </trkpt>
      <trkpt lat="45.385333" lon="23.489356">
        <ele>1896.514</ele>
        <time>2015-07-19T03:14:45Z</time>
      </trkpt>
      <trkpt lat="45.385300" lon="23.489466">
        <ele>1896.308</ele>
        <time>2015-07-19T03:14:55Z</time>
      </trkpt>
      <trkpt lat="45.385279" lon="23.489595">
        <ele>1896.716</ele>
        <time>2015-07-19T03:15:04Z</time>
      </trkpt>
      <trkpt lat="45.385243" lon="23.489698">
        <ele>1896.122</ele>
        <time>2015-07-19T03:15:12Z</time>
      </trkpt>
      <trkpt lat="45.385201" lon="23.489810">
        <ele>1896.136</ele>
        <time>2015-07-19T03:15:21Z</time>
      </trkpt>
      <trkpt lat="45.385166" lon="23.489916">
        <ele>1896.515</ele>
        <time>2015-07-19T03:15:29Z</time>
      </trkpt>
      <trkpt lat="45.385135" lon="23.490031">
        <ele>1897.657</ele>
        <time>2015-07-19T03:15:40Z</time>
      </trkpt>
      <trkpt lat="45.385083" lon="23.490133">
        <ele>1897.629</ele>
        <time>2015-07-19T03:15:49Z</time>
      </trkpt>
      <trkpt lat="45.385051" lon="23.490246">
        <ele>1898.770</ele>
        <time>2015-07-19T03:15:57Z</time>
      </trkpt>
      <trkpt lat="45.385008" lon="23.490345">
        <ele>1898.642</ele>
        <time>2015-07-19T03:16:05Z</time>
      </trkpt>
      <trkpt lat="45.384976" lon="23.490460">
        <ele>1899.276</ele>
        <time>2015-07-19T03:16:15Z</time>
      </trkpt>
      <trkpt lat="45.384933" lon="23.490568">
        <ele>1899.490</ele>
        <time>2015-07-19T03:16:23Z</time>
      </trkpt>
      <trkpt lat="45.384868" lon="23.490661">
        <ele>1899.319</ele>
        <time>2015-07-19T03:16:33Z</time>
      </trkpt>
      <trkpt lat="45.384818" lon="23.490766">
        <ele>1900.408</ele>
        <time>2015-07-19T03:16:43Z</time>
      </trkpt>
      <trkpt lat="45.384765" lon="23.490855">
        <ele>1901.448</ele>
        <time>2015-07-19T03:16:54Z</time>
      </trkpt>
      <trkpt lat="45.384703" lon="23.490949">
        <ele>1903.254</ele>
        <time>2015-07-19T03:18:28Z</time>
      </trkpt>
      <trkpt lat="45.384640" lon="23.491023">
        <ele>1905.248</ele>
        <time>2015-07-19T03:18:36Z</time>
      </trkpt>
      <trkpt lat="45.384580" lon="23.491108">
        <ele>1908.317</ele>
        <time>2015-07-19T03:18:50Z</time>
      </trkpt>
      <trkpt lat="45.384514" lon="23.491188">
        <ele>1909.859</ele>
        <time>2015-07-19T03:18:59Z</time>
      </trkpt>
      <trkpt lat="45.384453" lon="23.491268">
        <ele>1910.681</ele>
        <time>2015-07-19T03:19:07Z</time>
      </trkpt>
      <trkpt lat="45.384379" lon="23.491330">
        <ele>1909.152</ele>
        <time>2015-07-19T03:19:16Z</time>
      </trkpt>
      <trkpt lat="45.384311" lon="23.491409">
        <ele>1908.034</ele>
        <time>2015-07-19T03:19:25Z</time>
      </trkpt>
      <trkpt lat="45.384243" lon="23.491476">
        <ele>1906.227</ele>
        <time>2015-07-19T03:19:34Z</time>
      </trkpt>
      <trkpt lat="45.384173" lon="23.491541">
        <ele>1903.968</ele>
        <time>2015-07-19T03:19:43Z</time>
      </trkpt>
      <trkpt lat="45.384113" lon="23.491628">
        <ele>1903.614</ele>
        <time>2015-07-19T03:19:53Z</time>
      </trkpt>
      <trkpt lat="45.384033" lon="23.491653">
        <ele>1902.808</ele>
        <time>2015-07-19T03:20:01Z</time>
      </trkpt>
      <trkpt lat="45.383963" lon="23.491730">
        <ele>1904.583</ele>
        <time>2015-07-19T03:20:10Z</time>
      </trkpt>
      <trkpt lat="45.383898" lon="23.491799">
        <ele>1906.419</ele>
        <time>2015-07-19T03:20:19Z</time>
      </trkpt>
      <trkpt lat="45.383823" lon="23.491844">
        <ele>1907.413</ele>
        <time>2015-07-19T03:20:29Z</time>
      </trkpt>
      <trkpt lat="45.383758" lon="23.491919">
        <ele>1910.352</ele>
        <time>2015-07-19T03:20:39Z</time>
      </trkpt>
      <trkpt lat="45.383676" lon="23.491963">
        <ele>1912.224</ele>
        <time>2015-07-19T03:20:49Z</time>
      </trkpt>
      <trkpt lat="45.383606" lon="23.492023">
        <ele>1915.126</ele>
        <time>2015-07-19T03:20:58Z</time>
      </trkpt>
      <trkpt lat="45.383516" lon="23.492045">
        <ele>1914.497</ele>
        <time>2015-07-19T03:21:06Z</time>
      </trkpt>
      <trkpt lat="45.383436" lon="23.492073">
        <ele>1914.079</ele>
        <time>2015-07-19T03:21:14Z</time>
      </trkpt>
      <trkpt lat="45.383358" lon="23.492106">
        <ele>1913.427</ele>
        <time>2015-07-19T03:23:05Z</time>
      </trkpt>
      <trkpt lat="45.383290" lon="23.492171">
        <ele>1913.568</ele>
        <time>2015-07-19T03:23:14Z</time>
      </trkpt>
      <trkpt lat="45.383206" lon="23.492208">
        <ele>1911.514</ele>
        <time>2015-07-19T03:23:23Z</time>
      </trkpt>
      <trkpt lat="45.383128" lon="23.492246">
        <ele>1909.808</ele>
        <time>2015-07-19T03:23:31Z</time>
      </trkpt>
      <trkpt lat="45.383046" lon="23.492219">
        <ele>1905.913</ele>
        <time>2015-07-19T03:23:41Z</time>
      </trkpt>
      <trkpt lat="45.382963" lon="23.492253">
        <ele>1907.499</ele>
        <time>2015-07-19T03:24:09Z</time>
      </trkpt>
      <trkpt lat="45.382876" lon="23.492303">
        <ele>1909.233</ele>
        <time>2015-07-19T03:24:17Z</time>
      </trkpt>
      <trkpt lat="45.382788" lon="23.492333">
        <ele>1910.252</ele>
        <time>2015-07-19T03:24:24Z</time>
      </trkpt>
      <trkpt lat="45.382708" lon="23.492381">
        <ele>1911.654</ele>
        <time>2015-07-19T03:24:32Z</time>
      </trkpt>
      <trkpt lat="45.382625" lon="23.492430">
        <ele>1913.336</ele>
        <time>2015-07-19T03:24:40Z</time>
      </trkpt>
      <trkpt lat="45.382543" lon="23.492456">
        <ele>1914.327</ele>
        <time>2015-07-19T03:24:48Z</time>
      </trkpt>
      <trkpt lat="45.382461" lon="23.492495">
        <ele>1916.049</ele>
        <time>2015-07-19T03:24:59Z</time>
      </trkpt>
      <trkpt lat="45.382396" lon="23.492566">
        <ele>1918.635</ele>
        <time>2015-07-19T03:25:08Z</time>
      </trkpt>
      <trkpt lat="45.382323" lon="23.492633">
        <ele>1920.886</ele>
        <time>2015-07-19T03:25:18Z</time>
      </trkpt>
      <trkpt lat="45.382231" lon="23.492633">
        <ele>1920.814</ele>
        <time>2015-07-19T03:25:26Z</time>
      </trkpt>
      <trkpt lat="45.382153" lon="23.492678">
        <ele>1921.308</ele>
        <time>2015-07-19T03:25:34Z</time>
      </trkpt>
      <trkpt lat="45.382073" lon="23.492738">
        <ele>1921.974</ele>
        <time>2015-07-19T03:25:43Z</time>
      </trkpt>
      <trkpt lat="45.382020" lon="23.492831">
        <ele>1923.190</ele>
        <time>2015-07-19T03:25:52Z</time>
      </trkpt>
      <trkpt lat="45.381971" lon="23.492928">
        <ele>1923.874</ele>
        <time>2015-07-19T03:26:00Z</time>
      </trkpt>
      <trkpt lat="45.381928" lon="23.493038">
        <ele>1924.143</ele>
        <time>2015-07-19T03:26:09Z</time>
      </trkpt>
      <trkpt lat="45.381916" lon="23.493163">
        <ele>1925.635</ele>
        <time>2015-07-19T03:26:20Z</time>
      </trkpt>
      <trkpt lat="45.381916" lon="23.493283">
        <ele>1927.627</ele>
        <time>2015-07-19T03:26:28Z</time>
      </trkpt>
      <trkpt lat="45.381933" lon="23.493396">
        <ele>1930.138</ele>
        <time>2015-07-19T03:26:36Z</time>
      </trkpt>
      <trkpt lat="45.381940" lon="23.493519">
        <ele>1931.870</ele>
        <time>2015-07-19T03:26:45Z</time>
      </trkpt>
      <trkpt lat="45.381938" lon="23.493639">
        <ele>1932.915</ele>
        <time>2015-07-19T03:26:55Z</time>
      </trkpt>
      <trkpt lat="45.381926" lon="23.493760">
        <ele>1933.165</ele>
        <time>2015-07-19T03:27:06Z</time>
      </trkpt>
      <trkpt lat="45.381941" lon="23.493876">
        <ele>1934.711</ele>
        <time>2015-07-19T03:27:17Z</time>
      </trkpt>
      <trkpt lat="45.381961" lon="23.493993">
        <ele>1936.208</ele>
        <time>2015-07-19T03:27:27Z</time>
      </trkpt>
      <trkpt lat="45.382005" lon="23.494098">
        <ele>1938.582</ele>
        <time>2015-07-19T03:27:39Z</time>
      </trkpt>
      <trkpt lat="45.382070" lon="23.494171">
        <ele>1941.458</ele>
        <time>2015-07-19T03:29:33Z</time>
      </trkpt>
      <trkpt lat="45.382116" lon="23.494266">
        <ele>1942.422</ele>
        <time>2015-07-19T03:29:42Z</time>
      </trkpt>
      <trkpt lat="45.382166" lon="23.494371">
        <ele>1943.831</ele>
        <time>2015-07-19T03:29:53Z</time>
      </trkpt>
      <trkpt lat="45.382221" lon="23.494465">
        <ele>1945.653</ele>
        <time>2015-07-19T03:30:01Z</time>
      </trkpt>
      <trkpt lat="45.382285" lon="23.494545">
        <ele>1947.145</ele>
        <time>2015-07-19T03:30:11Z</time>
      </trkpt>
      <trkpt lat="45.382340" lon="23.494639">
        <ele>1948.036</ele>
        <time>2015-07-19T03:30:23Z</time>
      </trkpt>
      <trkpt lat="45.382388" lon="23.494740">
        <ele>1948.428</ele>
        <time>2015-07-19T03:30:34Z</time>
      </trkpt>
      <trkpt lat="45.382443" lon="23.494836">
        <ele>1949.197</ele>
        <time>2015-07-19T03:30:46Z</time>
      </trkpt>
      <trkpt lat="45.382510" lon="23.494913">
        <ele>1951.123</ele>
        <time>2015-07-19T03:30:56Z</time>
      </trkpt>
      <trkpt lat="45.382565" lon="23.494999">
        <ele>1952.525</ele>
        <time>2015-07-19T03:31:06Z</time>
      </trkpt>
      <trkpt lat="45.382613" lon="23.495100">
        <ele>1953.808</ele>
        <time>2015-07-19T03:31:15Z</time>
      </trkpt>
      <trkpt lat="45.382650" lon="23.495208">
        <ele>1954.560</ele>
        <time>2015-07-19T03:31:24Z</time>
      </trkpt>
      <trkpt lat="45.382688" lon="23.495325">
        <ele>1955.026</ele>
        <time>2015-07-19T03:31:37Z</time>
      </trkpt>
      <trkpt lat="45.382750" lon="23.495411">
        <ele>1957.310</ele>
        <time>2015-07-19T03:33:04Z</time>
      </trkpt>
      <trkpt lat="45.382776" lon="23.495526">
        <ele>1957.329</ele>
        <time>2015-07-19T03:33:14Z</time>
      </trkpt>
      <trkpt lat="45.382799" lon="23.495645">
        <ele>1957.361</ele>
        <time>2015-07-19T03:33:25Z</time>
      </trkpt>
      <trkpt lat="45.382838" lon="23.495748">
        <ele>1958.433</ele>
        <time>2015-07-19T03:33:34Z</time>
      </trkpt>
      <trkpt lat="45.382876" lon="23.495863">
        <ele>1959.464</ele>
        <time>2015-07-19T03:33:42Z</time>
      </trkpt>
      <trkpt lat="45.382903" lon="23.495983">
        <ele>1959.826</ele>
        <time>2015-07-19T03:33:50Z</time>
      </trkpt>
      <trkpt lat="45.382920" lon="23.496098">
        <ele>1959.878</ele>
        <time>2015-07-19T03:33:58Z</time>
      </trkpt>
      <trkpt lat="45.382951" lon="23.496220">
        <ele>1961.033</ele>
        <time>2015-07-19T03:34:08Z</time>
      </trkpt>
      <trkpt lat="45.382961" lon="23.496336">
        <ele>1960.926</ele>
        <time>2015-07-19T03:34:16Z</time>
      </trkpt>
      <trkpt lat="45.382988" lon="23.496451">
        <ele>1961.908</ele>
        <time>2015-07-19T03:34:26Z</time>
      </trkpt>
      <trkpt lat="45.383006" lon="23.496575">
        <ele>1962.568</ele>
        <time>2015-07-19T03:34:36Z</time>
      </trkpt>
      <trkpt lat="45.383013" lon="23.496695">
        <ele>1962.754</ele>
        <time>2015-07-19T03:34:44Z</time>
      </trkpt>
      <trkpt lat="45.383028" lon="23.496813">
        <ele>1964.458</ele>
        <time>2015-07-19T03:34:52Z</time>
      </trkpt>
      <trkpt lat="45.383051" lon="23.496928">
        <ele>1966.657</ele>
        <time>2015-07-19T03:35:08Z</time>
      </trkpt>
      <trkpt lat="45.383058" lon="23.497055">
        <ele>1968.329</ele>
        <time>2015-07-19T03:35:17Z</time>
      </trkpt>
      <trkpt lat="45.383053" lon="23.497171">
        <ele>1969.381</ele>
        <time>2015-07-19T03:35:25Z</time>
      </trkpt>
      <trkpt lat="45.383061" lon="23.497290">
        <ele>1971.322</ele>
        <time>2015-07-19T03:35:40Z</time>
      </trkpt>
      <trkpt lat="45.383078" lon="23.497410">
        <ele>1974.154</ele>
        <time>2015-07-19T03:36:59Z</time>
      </trkpt>
      <trkpt lat="45.383068" lon="23.497531">
        <ele>1975.131</ele>
        <time>2015-07-19T03:37:11Z</time>
      </trkpt>
      <trkpt lat="45.383068" lon="23.497651">
        <ele>1976.461</ele>
        <time>2015-07-19T03:37:22Z</time>
      </trkpt>
      <trkpt lat="45.383055" lon="23.497779">
        <ele>1977.007</ele>
        <time>2015-07-19T03:37:32Z</time>
      </trkpt>
      <trkpt lat="45.383041" lon="23.497898">
        <ele>1978.208</ele>
        <time>2015-07-19T03:37:41Z</time>
      </trkpt>
      <trkpt lat="45.383048" lon="23.498026">
        <ele>1981.094</ele>
        <time>2015-07-19T03:37:55Z</time>
      </trkpt>
      <trkpt lat="45.383041" lon="23.498141">
        <ele>1982.050</ele>
        <time>2015-07-19T03:38:04Z</time>
      </trkpt>
      <trkpt lat="45.383044" lon="23.498261">
        <ele>1983.554</ele>
        <time>2015-07-19T03:38:15Z</time>
      </trkpt>
      <trkpt lat="45.383040" lon="23.498379">
        <ele>1984.623</ele>
        <time>2015-07-19T03:38:27Z</time>
      </trkpt>
      <trkpt lat="45.383050" lon="23.498496">
        <ele>1986.465</ele>
        <time>2015-07-19T03:38:36Z</time>
      </trkpt>
      <trkpt lat="45.383050" lon="23.498626">
        <ele>1987.847</ele>
        <time>2015-07-19T03:38:48Z</time>
      </trkpt>
      <trkpt lat="45.383044" lon="23.498750">
        <ele>1988.848</ele>
        <time>2015-07-19T03:38:58Z</time>
      </trkpt>
      <trkpt lat="45.383059" lon="23.498868">
        <ele>1991.080</ele>
        <time>2015-07-19T03:39:09Z</time>
      </trkpt>
      <trkpt lat="45.383081" lon="23.498988">
        <ele>1992.178</ele>
        <time>2015-07-19T03:39:19Z</time>
      </trkpt>
      <trkpt lat="45.383096" lon="23.499106">
        <ele>1992.733</ele>
        <time>2015-07-19T03:39:29Z</time>
      </trkpt>
      <trkpt lat="45.383111" lon="23.499228">
        <ele>1993.126</ele>
        <time>2015-07-19T03:39:40Z</time>
      </trkpt>
      <trkpt lat="45.383121" lon="23.499353">
        <ele>1992.608</ele>
        <time>2015-07-19T03:39:51Z</time>
      </trkpt>
      <trkpt lat="45.383138" lon="23.499469">
        <ele>1992.638</ele>
        <time>2015-07-19T03:40:00Z</time>
      </trkpt>
      <trkpt lat="45.383153" lon="23.499585">
        <ele>1992.894</ele>
        <time>2015-07-19T03:41:32Z</time>
      </trkpt>
      <trkpt lat="45.383171" lon="23.499709">
        <ele>1992.948</ele>
        <time>2015-07-19T03:41:41Z</time>
      </trkpt>
      <trkpt lat="45.383176" lon="23.499840">
        <ele>1993.117</ele>
        <time>2015-07-19T03:41:50Z</time>
      </trkpt>
      <trkpt lat="45.383179" lon="23.499968">
        <ele>1993.369</ele>
        <time>2015-07-19T03:41:59Z</time>
      </trkpt>
      <trkpt lat="45.383183" lon="23.500088">
        <ele>1994.281</ele>
        <time>2015-07-19T03:42:08Z</time>
      </trkpt>
      <trkpt lat="45.383166" lon="23.500211">
        <ele>1994.622</ele>
        <time>2015-07-19T03:42:17Z</time>
      </trkpt>
      <trkpt lat="45.383158" lon="23.500338">
        <ele>1996.554</ele>
        <time>2015-07-19T03:42:27Z</time>
      </trkpt>
      <trkpt lat="45.383141" lon="23.500455">
        <ele>1998.989</ele>
        <time>2015-07-19T03:42:36Z</time>
      </trkpt>
      <trkpt lat="45.383130" lon="23.500570">
        <ele>2001.406</ele>
        <time>2015-07-19T03:42:45Z</time>
      </trkpt>
      <trkpt lat="45.383123" lon="23.500690">
        <ele>2004.426</ele>
        <time>2015-07-19T03:42:54Z</time>
      </trkpt>
      <trkpt lat="45.383121" lon="23.500806">
        <ele>2007.508</ele>
        <time>2015-07-19T03:43:04Z</time>
      </trkpt>
      <trkpt lat="45.383101" lon="23.500931">
        <ele>2008.959</ele>
        <time>2015-07-19T03:43:14Z</time>
      </trkpt>
      <trkpt lat="45.383080" lon="23.501043">
        <ele>2009.975</ele>
        <time>2015-07-19T03:43:23Z</time>
      </trkpt>
      <trkpt lat="45.383076" lon="23.501161">
        <ele>2011.339</ele>
        <time>2015-07-19T03:43:32Z</time>
      </trkpt>
      <trkpt lat="45.383055" lon="23.501281">
        <ele>2011.228</ele>
        <time>2015-07-19T03:43:41Z</time>
      </trkpt>
      <trkpt lat="45.383053" lon="23.501410">
        <ele>2012.150</ele>
        <time>2015-07-19T03:43:50Z</time>
      </trkpt>
      <trkpt lat="45.383026" lon="23.501528">
        <ele>2012.452</ele>
        <time>2015-07-19T03:43:59Z</time>
      </trkpt>
      <trkpt lat="45.383006" lon="23.501650">
        <ele>2013.033</ele>
        <time>2015-07-19T03:44:09Z</time>
      </trkpt>
      <trkpt lat="45.382976" lon="23.501758">
        <ele>2013.865</ele>
        <time>2015-07-19T03:44:18Z</time>
      </trkpt>
      <trkpt lat="45.382951" lon="23.501878">
        <ele>2014.985</ele>
        <time>2015-07-19T03:44:27Z</time>
      </trkpt>
      <trkpt lat="45.382933" lon="23.501993">
        <ele>2016.289</ele>
        <time>2015-07-19T03:44:37Z</time>
      </trkpt>
      <trkpt lat="45.382920" lon="23.502111">
        <ele>2017.717</ele>
        <time>2015-07-19T03:44:47Z</time>
      </trkpt>
      <trkpt lat="45.382900" lon="23.502226">
        <ele>2018.708</ele>
        <time>2015-07-19T03:44:58Z</time>
      </trkpt>
      <trkpt lat="45.382870" lon="23.502336">
        <ele>2019.459</ele>
        <time>2015-07-19T03:45:10Z</time>
      </trkpt>
      <trkpt lat="45.382844" lon="23.502451">
        <ele>2020.855</ele>
        <time>2015-07-19T03:45:35Z</time>
      </trkpt>
      <trkpt lat="45.382834" lon="23.502570">
        <ele>2022.979</ele>
        <time>2015-07-19T03:45:43Z</time>
      </trkpt>
      <trkpt lat="45.382823" lon="23.502686">
        <ele>2024.948</ele>
        <time>2015-07-19T03:45:51Z</time>
      </trkpt>
      <trkpt lat="45.382786" lon="23.502798">
        <ele>2025.870</ele>
        <time>2015-07-19T03:45:59Z</time>
      </trkpt>
      <trkpt lat="45.382771" lon="23.502918">
        <ele>2027.882</ele>
        <time>2015-07-19T03:46:10Z</time>
      </trkpt>
      <trkpt lat="45.382753" lon="23.503040">
        <ele>2029.853</ele>
        <time>2015-07-19T03:46:36Z</time>
      </trkpt>
      <trkpt lat="45.382720" lon="23.503148">
        <ele>2030.995</ele>
        <time>2015-07-19T03:46:45Z</time>
      </trkpt>
      <trkpt lat="45.382703" lon="23.503263">
        <ele>2032.821</ele>
        <time>2015-07-19T03:46:53Z</time>
      </trkpt>
      <trkpt lat="45.382673" lon="23.503378">
        <ele>2034.141</ele>
        <time>2015-07-19T03:47:01Z</time>
      </trkpt>
      <trkpt lat="45.382656" lon="23.503501">
        <ele>2036.005</ele>
        <time>2015-07-19T03:47:10Z</time>
      </trkpt>
      <trkpt lat="45.382650" lon="23.503625">
        <ele>2038.108</ele>
        <time>2015-07-19T03:47:21Z</time>
      </trkpt>
      <trkpt lat="45.382633" lon="23.503740">
        <ele>2038.713</ele>
        <time>2015-07-19T03:47:30Z</time>
      </trkpt>
      <trkpt lat="45.382621" lon="23.503865">
        <ele>2039.719</ele>
        <time>2015-07-19T03:47:39Z</time>
      </trkpt>
      <trkpt lat="45.382600" lon="23.503990">
        <ele>2039.843</ele>
        <time>2015-07-19T03:47:54Z</time>
      </trkpt>
      <trkpt lat="45.382571" lon="23.504103">
        <ele>2039.662</ele>
        <time>2015-07-19T03:48:01Z</time>
      </trkpt>
      <trkpt lat="45.382563" lon="23.504220">
        <ele>2040.354</ele>
        <time>2015-07-19T03:48:27Z</time>
      </trkpt>
      <trkpt lat="45.382533" lon="23.504340">
        <ele>2040.726</ele>
        <time>2015-07-19T03:48:38Z</time>
      </trkpt>
      <trkpt lat="45.382505" lon="23.504453">
        <ele>2041.397</ele>
        <time>2015-07-19T03:48:47Z</time>
      </trkpt>
      <trkpt lat="45.382483" lon="23.504581">
        <ele>2043.459</ele>
        <time>2015-07-19T03:48:57Z</time>
      </trkpt>
      <trkpt lat="45.382446" lon="23.504695">
        <ele>2044.779</ele>
        <time>2015-07-19T03:49:46Z</time>
      </trkpt>
      <trkpt lat="45.382408" lon="23.504805">
        <ele>2045.705</ele>
        <time>2015-07-19T03:49:54Z</time>
      </trkpt>
      <trkpt lat="45.382393" lon="23.504929">
        <ele>2047.825</ele>
        <time>2015-07-19T03:50:03Z</time>
      </trkpt>
      <trkpt lat="45.382410" lon="23.505045">
        <ele>2050.208</ele>
        <time>2015-07-19T03:50:12Z</time>
      </trkpt>
      <trkpt lat="45.382391" lon="23.505165">
        <ele>2051.298</ele>
        <time>2015-07-19T03:50:30Z</time>
      </trkpt>
      <trkpt lat="45.382358" lon="23.505271">
        <ele>2052.444</ele>
        <time>2015-07-19T03:50:40Z</time>
      </trkpt>
      <trkpt lat="45.382313" lon="23.505368">
        <ele>2053.048</ele>
        <time>2015-07-19T03:50:49Z</time>
      </trkpt>
      <trkpt lat="45.382271" lon="23.505470">
        <ele>2054.247</ele>
        <time>2015-07-19T03:50:58Z</time>
      </trkpt>
      <trkpt lat="45.382223" lon="23.505573">
        <ele>2056.279</ele>
        <time>2015-07-19T03:51:10Z</time>
      </trkpt>
      <trkpt lat="45.382173" lon="23.505679">
        <ele>2057.021</ele>
        <time>2015-07-19T03:51:20Z</time>
      </trkpt>
      <trkpt lat="45.382116" lon="23.505773">
        <ele>2057.842</ele>
        <time>2015-07-19T03:51:30Z</time>
      </trkpt>
      <trkpt lat="45.382078" lon="23.505880">
        <ele>2059.194</ele>
        <time>2015-07-19T03:51:41Z</time>
      </trkpt>
      <trkpt lat="45.382043" lon="23.505988">
        <ele>2060.568</ele>
        <time>2015-07-19T03:51:50Z</time>
      </trkpt>
      <trkpt lat="45.381998" lon="23.506090">
        <ele>2061.842</ele>
        <time>2015-07-19T03:51:59Z</time>
      </trkpt>
      <trkpt lat="45.381944" lon="23.506191">
        <ele>2062.026</ele>
        <time>2015-07-19T03:52:23Z</time>
      </trkpt>
      <trkpt lat="45.381899" lon="23.506293">
        <ele>2061.208</ele>
        <time>2015-07-19T03:52:31Z</time>
      </trkpt>
      <trkpt lat="45.381861" lon="23.506400">
        <ele>2061.417</ele>
        <time>2015-07-19T03:53:07Z</time>
      </trkpt>
      <trkpt lat="45.381873" lon="23.506518">
        <ele>2061.813</ele>
        <time>2015-07-19T03:55:53Z</time>
      </trkpt>
      <trkpt lat="45.381825" lon="23.506613">
        <ele>2062.277</ele>
        <time>2015-07-19T03:57:36Z</time>
      </trkpt>
      <trkpt lat="45.381773" lon="23.506713">
        <ele>2062.176</ele>
        <time>2015-07-19T03:57:50Z</time>
      </trkpt>
      <trkpt lat="45.381721" lon="23.506806">
        <ele>2062.038</ele>
        <time>2015-07-19T03:57:58Z</time>
      </trkpt>
      <trkpt lat="45.381676" lon="23.506906">
        <ele>2062.790</ele>
        <time>2015-07-19T03:58:12Z</time>
      </trkpt>
      <trkpt lat="45.381598" lon="23.506961">
        <ele>2062.991</ele>
        <time>2015-07-19T03:58:33Z</time>
      </trkpt>
      <trkpt lat="45.381536" lon="23.507040">
        <ele>2062.673</ele>
        <time>2015-07-19T03:58:41Z</time>
      </trkpt>
      <trkpt lat="45.381466" lon="23.507108">
        <ele>2062.974</ele>
        <time>2015-07-19T03:58:49Z</time>
      </trkpt>
      <trkpt lat="45.381413" lon="23.507211">
        <ele>2063.656</ele>
        <time>2015-07-19T03:58:58Z</time>
      </trkpt>
      <trkpt lat="45.381385" lon="23.507333">
        <ele>2063.221</ele>
        <time>2015-07-19T03:59:07Z</time>
      </trkpt>
      <trkpt lat="45.381350" lon="23.507443">
        <ele>2062.308</ele>
        <time>2015-07-19T03:59:16Z</time>
      </trkpt>
      <trkpt lat="45.381278" lon="23.507499">
        <ele>2062.078</ele>
        <time>2015-07-19T03:59:23Z</time>
      </trkpt>
      <trkpt lat="45.381213" lon="23.507573">
        <ele>2062.074</ele>
        <time>2015-07-19T03:59:29Z</time>
      </trkpt>
      <trkpt lat="45.381173" lon="23.507681">
        <ele>2062.278</ele>
        <time>2015-07-19T03:59:35Z</time>
      </trkpt>
      <trkpt lat="45.381160" lon="23.507796">
        <ele>2062.717</ele>
        <time>2015-07-19T03:59:42Z</time>
      </trkpt>
      <trkpt lat="45.381138" lon="23.507911">
        <ele>2064.459</ele>
        <time>2015-07-19T03:59:50Z</time>
      </trkpt>
      <trkpt lat="45.381110" lon="23.508021">
        <ele>2066.591</ele>
        <time>2015-07-19T03:59:56Z</time>
      </trkpt>
      <trkpt lat="45.381083" lon="23.508140">
        <ele>2068.632</ele>
        <time>2015-07-19T04:00:04Z</time>
      </trkpt>
      <trkpt lat="45.381035" lon="23.508233">
        <ele>2070.424</ele>
        <time>2015-07-19T04:00:13Z</time>
      </trkpt>
      <trkpt lat="45.380998" lon="23.508351">
        <ele>2072.416</ele>
        <time>2015-07-19T04:00:36Z</time>
      </trkpt>
      <trkpt lat="45.380953" lon="23.508448">
        <ele>2072.776</ele>
        <time>2015-07-19T04:00:45Z</time>
      </trkpt>
      <trkpt lat="45.380893" lon="23.508535">
        <ele>2073.613</ele>
        <time>2015-07-19T04:00:53Z</time>
      </trkpt>
      <trkpt lat="45.380860" lon="23.508656">
        <ele>2074.608</ele>
        <time>2015-07-19T04:01:02Z</time>
      </trkpt>
      <trkpt lat="45.380825" lon="23.508775">
        <ele>2075.852</ele>
        <time>2015-07-19T04:01:11Z</time>
      </trkpt>
      <trkpt lat="45.380803" lon="23.508901">
        <ele>2076.998</ele>
        <time>2015-07-19T04:01:19Z</time>
      </trkpt>
      <trkpt lat="45.380784" lon="23.509014">
        <ele>2078.142</ele>
        <time>2015-07-19T04:01:27Z</time>
      </trkpt>
      <trkpt lat="45.380745" lon="23.509121">
        <ele>2080.251</ele>
        <time>2015-07-19T04:01:47Z</time>
      </trkpt>
      <trkpt lat="45.380714" lon="23.509240">
        <ele>2082.333</ele>
        <time>2015-07-19T04:01:56Z</time>
      </trkpt>
      <trkpt lat="45.380698" lon="23.509365">
        <ele>2084.195</ele>
        <time>2015-07-19T04:02:07Z</time>
      </trkpt>
      <trkpt lat="45.380720" lon="23.509476">
        <ele>2083.636</ele>
        <time>2015-07-19T04:02:17Z</time>
      </trkpt>
      <trkpt lat="45.380726" lon="23.509593">
        <ele>2083.798</ele>
        <time>2015-07-19T04:02:41Z</time>
      </trkpt>
      <trkpt lat="45.380688" lon="23.509695">
        <ele>2086.881</ele>
        <time>2015-07-19T04:03:45Z</time>
      </trkpt>
      <trkpt lat="45.380613" lon="23.509750">
        <ele>2092.361</ele>
        <time>2015-07-19T04:03:57Z</time>
      </trkpt>
      <trkpt lat="45.380551" lon="23.509830">
        <ele>2096.017</ele>
        <time>2015-07-19T04:04:07Z</time>
      </trkpt>
      <trkpt lat="45.380495" lon="23.509915">
        <ele>2097.808</ele>
        <time>2015-07-19T04:04:14Z</time>
      </trkpt>
      <trkpt lat="45.380416" lon="23.509978">
        <ele>2101.299</ele>
        <time>2015-07-19T04:04:20Z</time>
      </trkpt>
      <trkpt lat="45.380346" lon="23.510048">
        <ele>2103.735</ele>
        <time>2015-07-19T04:04:38Z</time>
      </trkpt>
      <trkpt lat="45.380273" lon="23.510108">
        <ele>2106.139</ele>
        <time>2015-07-19T04:04:47Z</time>
      </trkpt>
      <trkpt lat="45.380203" lon="23.510168">
        <ele>2106.468</ele>
        <time>2015-07-19T04:04:55Z</time>
      </trkpt>
      <trkpt lat="45.380146" lon="23.510258">
        <ele>2106.550</ele>
        <time>2015-07-19T04:05:04Z</time>
      </trkpt>
      <trkpt lat="45.380076" lon="23.510333">
        <ele>2106.952</ele>
        <time>2015-07-19T04:05:12Z</time>
      </trkpt>
      <trkpt lat="45.380003" lon="23.510408">
        <ele>2107.113</ele>
        <time>2015-07-19T04:05:28Z</time>
      </trkpt>
      <trkpt lat="45.379936" lon="23.510486">
        <ele>2106.895</ele>
        <time>2015-07-19T04:05:36Z</time>
      </trkpt>
      <trkpt lat="45.379858" lon="23.510560">
        <ele>2107.573</ele>
        <time>2015-07-19T04:05:44Z</time>
      </trkpt>
      <trkpt lat="45.379780" lon="23.510621">
        <ele>2108.585</ele>
        <time>2015-07-19T04:05:59Z</time>
      </trkpt>
      <trkpt lat="45.379698" lon="23.510659">
        <ele>2109.913</ele>
        <time>2015-07-19T04:06:06Z</time>
      </trkpt>
      <trkpt lat="45.379631" lon="23.510738">
        <ele>2109.608</ele>
        <time>2015-07-19T04:06:14Z</time>
      </trkpt>
      <trkpt lat="45.379548" lon="23.510803">
        <ele>2109.958</ele>
        <time>2015-07-19T04:06:22Z</time>
      </trkpt>
      <trkpt lat="45.379498" lon="23.510898">
        <ele>2110.164</ele>
        <time>2015-07-19T04:06:32Z</time>
      </trkpt>
      <trkpt lat="45.379453" lon="23.511006">
        <ele>2110.898</ele>
        <time>2015-07-19T04:06:42Z</time>
      </trkpt>
      <trkpt lat="45.379380" lon="23.511068">
        <ele>2110.977</ele>
        <time>2015-07-19T04:06:51Z</time>
      </trkpt>
      <trkpt lat="45.379321" lon="23.511151">
        <ele>2110.679</ele>
        <time>2015-07-19T04:07:00Z</time>
      </trkpt>
      <trkpt lat="45.379253" lon="23.511231">
        <ele>2110.331</ele>
        <time>2015-07-19T04:07:09Z</time>
      </trkpt>
      <trkpt lat="45.379191" lon="23.511316">
        <ele>2110.772</ele>
        <time>2015-07-19T04:07:19Z</time>
      </trkpt>
      <trkpt lat="45.379145" lon="23.511428">
        <ele>2111.024</ele>
        <time>2015-07-19T04:07:30Z</time>
      </trkpt>
      <trkpt lat="45.379093" lon="23.511523">
        <ele>2111.796</ele>
        <time>2015-07-19T04:07:38Z</time>
      </trkpt>
      <trkpt lat="45.379014" lon="23.511583">
        <ele>2114.231</ele>
        <time>2015-07-19T04:09:09Z</time>
      </trkpt>
      <trkpt lat="45.378930" lon="23.511613">
        <ele>2117.324</ele>
        <time>2015-07-19T04:09:17Z</time>
      </trkpt>
      <trkpt lat="45.378856" lon="23.511666">
        <ele>2120.008</ele>
        <time>2015-07-19T04:09:24Z</time>
      </trkpt>
      <trkpt lat="45.378776" lon="23.511716">
        <ele>2121.470</ele>
        <time>2015-07-19T04:09:32Z</time>
      </trkpt>
      <trkpt lat="45.378698" lon="23.511771">
        <ele>2123.126</ele>
        <time>2015-07-19T04:09:41Z</time>
      </trkpt>
      <trkpt lat="45.378616" lon="23.511818">
        <ele>2124.970</ele>
        <time>2015-07-19T04:09:50Z</time>
      </trkpt>
      <trkpt lat="45.378531" lon="23.511851">
        <ele>2124.819</ele>
        <time>2015-07-19T04:09:59Z</time>
      </trkpt>
      <trkpt lat="45.378444" lon="23.511881">
        <ele>2124.771</ele>
        <time>2015-07-19T04:10:08Z</time>
      </trkpt>
      <trkpt lat="45.378376" lon="23.511960">
        <ele>2127.163</ele>
        <time>2015-07-19T04:12:26Z</time>
      </trkpt>
      <trkpt lat="45.378298" lon="23.512013">
        <ele>2129.074</ele>
        <time>2015-07-19T04:12:34Z</time>
      </trkpt>
      <trkpt lat="45.378230" lon="23.512083">
        <ele>2131.756</ele>
        <time>2015-07-19T04:12:43Z</time>
      </trkpt>
      <trkpt lat="45.378156" lon="23.512141">
        <ele>2133.965</ele>
        <time>2015-07-19T04:12:53Z</time>
      </trkpt>
      <trkpt lat="45.378084" lon="23.512213">
        <ele>2136.868</ele>
        <time>2015-07-19T04:13:05Z</time>
      </trkpt>
      <trkpt lat="45.378011" lon="23.512268">
        <ele>2138.114</ele>
        <time>2015-07-19T04:13:15Z</time>
      </trkpt>
      <trkpt lat="45.377938" lon="23.512333">
        <ele>2139.708</ele>
        <time>2015-07-19T04:13:27Z</time>
      </trkpt>
      <trkpt lat="45.377859" lon="23.512378">
        <ele>2140.737</ele>
        <time>2015-07-19T04:13:37Z</time>
      </trkpt>
      <trkpt lat="45.377781" lon="23.512430">
        <ele>2142.233</ele>
        <time>2015-07-19T04:13:47Z</time>
      </trkpt>
      <trkpt lat="45.377706" lon="23.512485">
        <ele>2143.697</ele>
        <time>2015-07-19T04:14:00Z</time>
      </trkpt>
      <trkpt lat="45.377628" lon="23.512521">
        <ele>2143.916</ele>
        <time>2015-07-19T04:14:12Z</time>
      </trkpt>
      <trkpt lat="45.377555" lon="23.512584">
        <ele>2144.778</ele>
        <time>2015-07-19T04:14:25Z</time>
      </trkpt>
      <trkpt lat="45.377486" lon="23.512661">
        <ele>2145.960</ele>
        <time>2015-07-19T04:14:39Z</time>
      </trkpt>
      <trkpt lat="45.377418" lon="23.512726">
        <ele>2147.021</ele>
        <time>2015-07-19T04:14:55Z</time>
      </trkpt>
      <trkpt lat="45.377351" lon="23.512794">
        <ele>2148.323</ele>
        <time>2015-07-19T04:15:07Z</time>
      </trkpt>
      <trkpt lat="45.377278" lon="23.512848">
        <ele>2149.052</ele>
        <time>2015-07-19T04:15:19Z</time>
      </trkpt>
      <trkpt lat="45.377211" lon="23.512925">
        <ele>2150.353</ele>
        <time>2015-07-19T04:15:30Z</time>
      </trkpt>
      <trkpt lat="45.377126" lon="23.512958">
        <ele>2152.308</ele>
        <time>2015-07-19T04:15:40Z</time>
      </trkpt>
      <trkpt lat="45.377044" lon="23.513010">
        <ele>2154.608</ele>
        <time>2015-07-19T04:21:48Z</time>
      </trkpt>
      <trkpt lat="45.376965" lon="23.513048">
        <ele>2156.556</ele>
        <time>2015-07-19T04:22:07Z</time>
      </trkpt>
      <trkpt lat="45.376881" lon="23.513095">
        <ele>2159.282</ele>
        <time>2015-07-19T04:22:16Z</time>
      </trkpt>
      <trkpt lat="45.376793" lon="23.513090">
        <ele>2160.796</ele>
        <time>2015-07-19T04:22:28Z</time>
      </trkpt>
      <trkpt lat="45.376710" lon="23.513130">
        <ele>2163.565</ele>
        <time>2015-07-19T04:22:37Z</time>
      </trkpt>
      <trkpt lat="45.376625" lon="23.513136">
        <ele>2165.317</ele>
        <time>2015-07-19T04:22:46Z</time>
      </trkpt>
      <trkpt lat="45.376540" lon="23.513173">
        <ele>2167.769</ele>
        <time>2015-07-19T04:22:58Z</time>
      </trkpt>
      <trkpt lat="45.376455" lon="23.513170">
        <ele>2168.950</ele>
        <time>2015-07-19T04:23:10Z</time>
      </trkpt>
      <trkpt lat="45.376369" lon="23.513185">
        <ele>2170.452</ele>
        <time>2015-07-19T04:23:21Z</time>
      </trkpt>
      <trkpt lat="45.376285" lon="23.513188">
        <ele>2171.377</ele>
        <time>2015-07-19T04:23:33Z</time>
      </trkpt>
      <trkpt lat="45.376201" lon="23.513191">
        <ele>2172.161</ele>
        <time>2015-07-19T04:23:46Z</time>
      </trkpt>
      <trkpt lat="45.376110" lon="23.513185">
        <ele>2172.827</ele>
        <time>2015-07-19T04:24:08Z</time>
      </trkpt>
      <trkpt lat="45.376021" lon="23.513181">
        <ele>2171.708</ele>
        <time>2015-07-19T04:24:21Z</time>
      </trkpt>
      <trkpt lat="45.375938" lon="23.513190">
        <ele>2171.028</ele>
        <time>2015-07-19T04:24:32Z</time>
      </trkpt>
      <trkpt lat="45.375855" lon="23.513220">
        <ele>2170.834</ele>
        <time>2015-07-19T04:24:42Z</time>
      </trkpt>
      <trkpt lat="45.375775" lon="23.513255">
        <ele>2171.618</ele>
        <time>2015-07-19T04:24:52Z</time>
      </trkpt>
      <trkpt lat="45.375694" lon="23.513283">
        <ele>2172.547</ele>
        <time>2015-07-19T04:25:00Z</time>
      </trkpt>
      <trkpt lat="45.375611" lon="23.513289">
        <ele>2173.069</ele>
        <time>2015-07-19T04:25:09Z</time>
      </trkpt>
      <trkpt lat="45.375530" lon="23.513311">
        <ele>2173.771</ele>
        <time>2015-07-19T04:25:21Z</time>
      </trkpt>
      <trkpt lat="45.375441" lon="23.513314">
        <ele>2174.162</ele>
        <time>2015-07-19T04:25:30Z</time>
      </trkpt>
      <trkpt lat="45.375360" lon="23.513303">
        <ele>2174.224</ele>
        <time>2015-07-19T04:25:42Z</time>
      </trkpt>
      <trkpt lat="45.375281" lon="23.513255">
        <ele>2173.677</ele>
        <time>2015-07-19T04:25:52Z</time>
      </trkpt>
      <trkpt lat="45.375196" lon="23.513235">
        <ele>2174.361</ele>
        <time>2015-07-19T04:26:00Z</time>
      </trkpt>
      <trkpt lat="45.375111" lon="23.513261">
        <ele>2175.827</ele>
        <time>2015-07-19T04:26:13Z</time>
      </trkpt>
      <trkpt lat="45.375026" lon="23.513238">
        <ele>2176.608</ele>
        <time>2015-07-19T04:26:26Z</time>
      </trkpt>
      <trkpt lat="45.374940" lon="23.513223">
        <ele>2179.368</ele>
        <time>2015-07-19T04:26:35Z</time>
      </trkpt>
      <trkpt lat="45.374860" lon="23.513161">
        <ele>2181.964</ele>
        <time>2015-07-19T04:26:43Z</time>
      </trkpt>
      <trkpt lat="45.374783" lon="23.513121">
        <ele>2184.518</ele>
        <time>2015-07-19T04:26:50Z</time>
      </trkpt>
      <trkpt lat="45.374708" lon="23.513048">
        <ele>2186.217</ele>
        <time>2015-07-19T04:27:01Z</time>
      </trkpt>
      <trkpt lat="45.374626" lon="23.513023">
        <ele>2187.549</ele>
        <time>2015-07-19T04:27:26Z</time>
      </trkpt>
      <trkpt lat="45.374543" lon="23.513041">
        <ele>2189.611</ele>
        <time>2015-07-19T04:27:35Z</time>
      </trkpt>
      <trkpt lat="45.374461" lon="23.513055">
        <ele>2191.642</ele>
        <time>2015-07-19T04:27:43Z</time>
      </trkpt>
      <trkpt lat="45.374376" lon="23.513058">
        <ele>2192.044</ele>
        <time>2015-07-19T04:27:52Z</time>
      </trkpt>
      <trkpt lat="45.374293" lon="23.513071">
        <ele>2192.369</ele>
        <time>2015-07-19T04:28:39Z</time>
      </trkpt>
      <trkpt lat="45.374215" lon="23.513123">
        <ele>2193.204</ele>
        <time>2015-07-19T04:28:54Z</time>
      </trkpt>
      <trkpt lat="45.374130" lon="23.513150">
        <ele>2193.424</ele>
        <time>2015-07-19T04:29:53Z</time>
      </trkpt>
      <trkpt lat="45.374059" lon="23.513216">
        <ele>2193.608</ele>
        <time>2015-07-19T04:30:17Z</time>
      </trkpt>
      <trkpt lat="45.373958" lon="23.513278">
        <ele>2192.867</ele>
        <time>2015-07-19T04:31:23Z</time>
      </trkpt>
      <trkpt lat="45.373885" lon="23.513333">
        <ele>2192.023</ele>
        <time>2015-07-19T04:31:41Z</time>
      </trkpt>
      <trkpt lat="45.373811" lon="23.513385">
        <ele>2192.047</ele>
        <time>2015-07-19T04:31:50Z</time>
      </trkpt>
      <trkpt lat="45.373754" lon="23.513479">
        <ele>2192.566</ele>
        <time>2015-07-19T04:32:48Z</time>
      </trkpt>
      <trkpt lat="45.373699" lon="23.513568">
        <ele>2193.378</ele>
        <time>2015-07-19T04:32:59Z</time>
      </trkpt>
      <trkpt lat="45.373630" lon="23.513651">
        <ele>2193.810</ele>
        <time>2015-07-19T04:33:14Z</time>
      </trkpt>
      <trkpt lat="45.373570" lon="23.513745">
        <ele>2193.421</ele>
        <time>2015-07-19T04:33:25Z</time>
      </trkpt>
      <trkpt lat="45.373511" lon="23.513826">
        <ele>2193.153</ele>
        <time>2015-07-19T04:33:32Z</time>
      </trkpt>
      <trkpt lat="45.373436" lon="23.513880">
        <ele>2193.073</ele>
        <time>2015-07-19T04:33:40Z</time>
      </trkpt>
      <trkpt lat="45.373351" lon="23.513886">
        <ele>2193.085</ele>
        <time>2015-07-19T04:33:50Z</time>
      </trkpt>
      <trkpt lat="45.373295" lon="23.513800">
        <ele>2192.713</ele>
        <time>2015-07-19T04:34:03Z</time>
      </trkpt>
      <trkpt lat="45.373238" lon="23.513715">
        <ele>2192.308</ele>
        <time>2015-07-19T04:34:16Z</time>
      </trkpt>
      <trkpt lat="45.373173" lon="23.513629">
        <ele>2191.628</ele>
        <time>2015-07-19T04:34:28Z</time>
      </trkpt>
      <trkpt lat="45.373105" lon="23.513551">
        <ele>2190.674</ele>
        <time>2015-07-19T04:34:37Z</time>
      </trkpt>
      <trkpt lat="45.373028" lon="23.513613">
        <ele>2190.418</ele>
        <time>2015-07-19T04:34:45Z</time>
      </trkpt>
      <trkpt lat="45.372946" lon="23.513661">
        <ele>2189.387</ele>
        <time>2015-07-19T04:35:16Z</time>
      </trkpt>
      <trkpt lat="45.372860" lon="23.513723">
        <ele>2188.679</ele>
        <time>2015-07-19T04:35:36Z</time>
      </trkpt>
      <trkpt lat="45.372790" lon="23.513790">
        <ele>2188.441</ele>
        <time>2015-07-19T04:35:42Z</time>
      </trkpt>
      <trkpt lat="45.372718" lon="23.513845">
        <ele>2187.972</ele>
        <time>2015-07-19T04:35:48Z</time>
      </trkpt>
      <trkpt lat="45.372638" lon="23.513886">
        <ele>2186.964</ele>
        <time>2015-07-19T04:35:55Z</time>
      </trkpt>
      <trkpt lat="45.372556" lon="23.513936">
        <ele>2186.038</ele>
        <time>2015-07-19T04:36:03Z</time>
      </trkpt>
      <trkpt lat="45.372481" lon="23.514016">
        <ele>2185.770</ele>
        <time>2015-07-19T04:36:10Z</time>
      </trkpt>
      <trkpt lat="45.372404" lon="23.514066">
        <ele>2184.217</ele>
        <time>2015-07-19T04:36:16Z</time>
      </trkpt>
      <trkpt lat="45.372323" lon="23.514098">
        <ele>2182.208</ele>
        <time>2015-07-19T04:36:23Z</time>
      </trkpt>
      <trkpt lat="45.372241" lon="23.514101">
        <ele>2179.674</ele>
        <time>2015-07-19T04:36:30Z</time>
      </trkpt>
      <trkpt lat="45.372161" lon="23.514131">
        <ele>2178.360</ele>
        <time>2015-07-19T04:36:37Z</time>
      </trkpt>
      <trkpt lat="45.372078" lon="23.514171">
        <ele>2177.584</ele>
        <time>2015-07-19T04:36:48Z</time>
      </trkpt>
      <trkpt lat="45.371986" lon="23.514198">
        <ele>2176.283</ele>
        <time>2015-07-19T04:36:56Z</time>
      </trkpt>
      <trkpt lat="45.371908" lon="23.514243">
        <ele>2175.285</ele>
        <time>2015-07-19T04:37:03Z</time>
      </trkpt>
      <trkpt lat="45.371830" lon="23.514274">
        <ele>2173.987</ele>
        <time>2015-07-19T04:37:10Z</time>
      </trkpt>
      <trkpt lat="45.371741" lon="23.514295">
        <ele>2172.358</ele>
        <time>2015-07-19T04:37:18Z</time>
      </trkpt>
      <trkpt lat="45.371666" lon="23.514360">
        <ele>2172.610</ele>
        <time>2015-07-19T04:37:25Z</time>
      </trkpt>
      <trkpt lat="45.371583" lon="23.514415">
        <ele>2172.448</ele>
        <time>2015-07-19T04:37:32Z</time>
      </trkpt>
      <trkpt lat="45.371506" lon="23.514461">
        <ele>2171.861</ele>
        <time>2015-07-19T04:37:41Z</time>
      </trkpt>
      <trkpt lat="45.371421" lon="23.514490">
        <ele>2170.417</ele>
        <time>2015-07-19T04:37:51Z</time>
      </trkpt>
      <trkpt lat="45.371345" lon="23.514556">
        <ele>2169.108</ele>
        <time>2015-07-19T04:38:00Z</time>
      </trkpt>
      <trkpt lat="45.371263" lon="23.514615">
        <ele>2167.335</ele>
        <time>2015-07-19T04:38:09Z</time>
      </trkpt>
      <trkpt lat="45.371198" lon="23.514690">
        <ele>2166.881</ele>
        <time>2015-07-19T04:38:17Z</time>
      </trkpt>
      <trkpt lat="45.371126" lon="23.514765">
        <ele>2166.435</ele>
        <time>2015-07-19T04:38:25Z</time>
      </trkpt>
      <trkpt lat="45.371069" lon="23.514863">
        <ele>2167.384</ele>
        <time>2015-07-19T04:38:33Z</time>
      </trkpt>
      <trkpt lat="45.371003" lon="23.514941">
        <ele>2167.186</ele>
        <time>2015-07-19T04:38:44Z</time>
      </trkpt>
      <trkpt lat="45.370934" lon="23.515024">
        <ele>2166.648</ele>
        <time>2015-07-19T04:38:53Z</time>
      </trkpt>
      <trkpt lat="45.370865" lon="23.515103">
        <ele>2165.739</ele>
        <time>2015-07-19T04:39:00Z</time>
      </trkpt>
      <trkpt lat="45.370799" lon="23.515181">
        <ele>2165.021</ele>
        <time>2015-07-19T04:39:07Z</time>
      </trkpt>
      <trkpt lat="45.370771" lon="23.515295">
        <ele>2165.923</ele>
        <time>2015-07-19T04:39:16Z</time>
      </trkpt>
      <trkpt lat="45.370799" lon="23.515405">
        <ele>2167.483</ele>
        <time>2015-07-19T04:39:23Z</time>
      </trkpt>
      <trkpt lat="45.370784" lon="23.515525">
        <ele>2167.611</ele>
        <time>2015-07-19T04:39:34Z</time>
      </trkpt>
      <trkpt lat="45.370700" lon="23.515538">
        <ele>2165.508</ele>
        <time>2015-07-19T04:39:44Z</time>
      </trkpt>
      <trkpt lat="45.370615" lon="23.515531">
        <ele>2163.213</ele>
        <time>2015-07-19T04:39:53Z</time>
      </trkpt>
      <trkpt lat="45.370531" lon="23.515501">
        <ele>2160.859</ele>
        <time>2015-07-19T04:40:00Z</time>
      </trkpt>
      <trkpt lat="45.370446" lon="23.515460">
        <ele>2158.273</ele>
        <time>2015-07-19T04:40:13Z</time>
      </trkpt>
      <trkpt lat="45.370364" lon="23.515448">
        <ele>2156.132</ele>
        <time>2015-07-19T04:40:21Z</time>
      </trkpt>
      <trkpt lat="45.370278" lon="23.515454">
        <ele>2154.334</ele>
        <time>2015-07-19T04:40:30Z</time>
      </trkpt>
      <trkpt lat="45.370201" lon="23.515409">
        <ele>2157.456</ele>
        <time>2015-07-19T04:40:38Z</time>
      </trkpt>
      <trkpt lat="45.370123" lon="23.515356">
        <ele>2161.657</ele>
        <time>2015-07-19T04:40:46Z</time>
      </trkpt>
      <trkpt lat="45.370036" lon="23.515334">
        <ele>2167.879</ele>
        <time>2015-07-19T04:40:54Z</time>
      </trkpt>
      <trkpt lat="45.369948" lon="23.515336">
        <ele>2170.344</ele>
        <time>2015-07-19T04:41:02Z</time>
      </trkpt>
      <trkpt lat="45.369856" lon="23.515330">
        <ele>2170.205</ele>
        <time>2015-07-19T04:41:11Z</time>
      </trkpt>
      <trkpt lat="45.369771" lon="23.515319">
        <ele>2170.115</ele>
        <time>2015-07-19T04:41:19Z</time>
      </trkpt>
      <trkpt lat="45.369683" lon="23.515333">
        <ele>2170.008</ele>
        <time>2015-07-19T04:41:28Z</time>
      </trkpt>
      <trkpt lat="45.369598" lon="23.515323">
        <ele>2170.095</ele>
        <time>2015-07-19T04:41:35Z</time>
      </trkpt>
      <trkpt lat="45.369516" lon="23.515298">
        <ele>2170.421</ele>
        <time>2015-07-19T04:41:42Z</time>
      </trkpt>
      <trkpt lat="45.369429" lon="23.515283">
        <ele>2171.225</ele>
        <time>2015-07-19T04:41:52Z</time>
      </trkpt>
      <trkpt lat="45.369348" lon="23.515241">
        <ele>2171.954</ele>
        <time>2015-07-19T04:42:03Z</time>
      </trkpt>
      <trkpt lat="45.369266" lon="23.515246">
        <ele>2173.556</ele>
        <time>2015-07-19T04:42:13Z</time>
      </trkpt>
      <trkpt lat="45.369183" lon="23.515231">
        <ele>2174.748</ele>
        <time>2015-07-19T04:42:23Z</time>
      </trkpt>
      <trkpt lat="45.369103" lon="23.515250">
        <ele>2175.459</ele>
        <time>2015-07-19T04:44:53Z</time>
      </trkpt>
      <trkpt lat="45.369013" lon="23.515276">
        <ele>2176.021</ele>
        <time>2015-07-19T04:45:04Z</time>
      </trkpt>
      <trkpt lat="45.368931" lon="23.515291">
        <ele>2175.944</ele>
        <time>2015-07-19T04:45:12Z</time>
      </trkpt>
      <trkpt lat="45.368843" lon="23.515326">
        <ele>2176.205</ele>
        <time>2015-07-19T04:45:21Z</time>
      </trkpt>
      <trkpt lat="45.368775" lon="23.515390">
        <ele>2176.615</ele>
        <time>2015-07-19T04:45:30Z</time>
      </trkpt>
      <trkpt lat="45.368696" lon="23.515426">
        <ele>2177.408</ele>
        <time>2015-07-19T04:45:38Z</time>
      </trkpt>
      <trkpt lat="45.368611" lon="23.515423">
        <ele>2178.535</ele>
        <time>2015-07-19T04:46:04Z</time>
      </trkpt>
      <trkpt lat="45.368523" lon="23.515426">
        <ele>2178.721</ele>
        <time>2015-07-19T04:46:14Z</time>
      </trkpt>
      <trkpt lat="45.368433" lon="23.515415">
        <ele>2178.835</ele>
        <time>2015-07-19T04:46:22Z</time>
      </trkpt>
      <trkpt lat="45.368349" lon="23.515421">
        <ele>2179.084</ele>
        <time>2015-07-19T04:46:37Z</time>
      </trkpt>
      <trkpt lat="45.368268" lon="23.515438">
        <ele>2179.096</ele>
        <time>2015-07-19T04:46:47Z</time>
      </trkpt>
      <trkpt lat="45.368196" lon="23.515496">
        <ele>2179.488</ele>
        <time>2015-07-19T04:46:55Z</time>
      </trkpt>
      <trkpt lat="45.368126" lon="23.515575">
        <ele>2179.889</ele>
        <time>2015-07-19T04:47:04Z</time>
      </trkpt>
      <trkpt lat="45.368076" lon="23.515671">
        <ele>2179.161</ele>
        <time>2015-07-19T04:47:12Z</time>
      </trkpt>
      <trkpt lat="45.367996" lon="23.515715">
        <ele>2179.788</ele>
        <time>2015-07-19T04:47:22Z</time>
      </trkpt>
      <trkpt lat="45.367936" lon="23.515795">
        <ele>2180.324</ele>
        <time>2015-07-19T04:47:30Z</time>
      </trkpt>
      <trkpt lat="45.367848" lon="23.515803">
        <ele>2181.726</ele>
        <time>2015-07-19T04:47:39Z</time>
      </trkpt>
      <trkpt lat="45.367766" lon="23.515763">
        <ele>2183.108</ele>
        <time>2015-07-19T04:47:48Z</time>
      </trkpt>
      <trkpt lat="45.367700" lon="23.515679">
        <ele>2184.649</ele>
        <time>2015-07-19T04:48:03Z</time>
      </trkpt>
      <trkpt lat="45.367618" lon="23.515686">
        <ele>2186.855</ele>
        <time>2015-07-19T04:48:09Z</time>
      </trkpt>
      <trkpt lat="45.367533" lon="23.515671">
        <ele>2189.129</ele>
        <time>2015-07-19T04:49:29Z</time>
      </trkpt>
      <trkpt lat="45.367441" lon="23.515643">
        <ele>2190.478</ele>
        <time>2015-07-19T04:49:58Z</time>
      </trkpt>
      <trkpt lat="45.367356" lon="23.515655">
        <ele>2191.140</ele>
        <time>2015-07-19T04:50:09Z</time>
      </trkpt>
      <trkpt lat="45.367286" lon="23.515716">
        <ele>2192.112</ele>
        <time>2015-07-19T04:50:19Z</time>
      </trkpt>
      <trkpt lat="45.367201" lon="23.515736">
        <ele>2193.083</ele>
        <time>2015-07-19T04:50:32Z</time>
      </trkpt>
      <trkpt lat="45.367121" lon="23.515776">
        <ele>2193.865</ele>
        <time>2015-07-19T04:50:42Z</time>
      </trkpt>
      <trkpt lat="45.367041" lon="23.515813">
        <ele>2194.923</ele>
        <time>2015-07-19T04:50:52Z</time>
      </trkpt>
      <trkpt lat="45.366958" lon="23.515856">
        <ele>2195.983</ele>
        <time>2015-07-19T04:51:04Z</time>
      </trkpt>
      <trkpt lat="45.366949" lon="23.515973">
        <ele>2195.911</ele>
        <time>2015-07-19T04:51:29Z</time>
      </trkpt>
      <trkpt lat="45.366933" lon="23.516091">
        <ele>2196.308</ele>
        <time>2015-07-19T04:51:54Z</time>
      </trkpt>
      <trkpt lat="45.366861" lon="23.516155">
        <ele>2198.013</ele>
        <time>2015-07-19T04:52:13Z</time>
      </trkpt>
      <trkpt lat="45.366793" lon="23.516221">
        <ele>2199.649</ele>
        <time>2015-07-19T04:52:32Z</time>
      </trkpt>
      <trkpt lat="45.366731" lon="23.516308">
        <ele>2201.133</ele>
        <time>2015-07-19T04:52:54Z</time>
      </trkpt>
      <trkpt lat="45.366645" lon="23.516288">
        <ele>2203.772</ele>
        <time>2015-07-19T04:53:14Z</time>
      </trkpt>
      <trkpt lat="45.366563" lon="23.516275">
        <ele>2205.024</ele>
        <time>2015-07-19T04:53:25Z</time>
      </trkpt>
      <trkpt lat="45.366486" lon="23.516326">
        <ele>2206.536</ele>
        <time>2015-07-19T04:53:37Z</time>
      </trkpt>
      <trkpt lat="45.366406" lon="23.516365">
        <ele>2208.467</ele>
        <time>2015-07-19T04:53:56Z</time>
      </trkpt>
      <trkpt lat="45.366328" lon="23.516401">
        <ele>2211.039</ele>
        <time>2015-07-19T04:54:07Z</time>
      </trkpt>
      <trkpt lat="45.366248" lon="23.516424">
        <ele>2213.641</ele>
        <time>2015-07-19T04:54:13Z</time>
      </trkpt>
      <trkpt lat="45.366166" lon="23.516481">
        <ele>2216.581</ele>
        <time>2015-07-19T04:54:22Z</time>
      </trkpt>
      <trkpt lat="45.366090" lon="23.516528">
        <ele>2218.809</ele>
        <time>2015-07-19T04:54:32Z</time>
      </trkpt>
      <trkpt lat="45.366000" lon="23.516568">
        <ele>2220.208</ele>
        <time>2015-07-19T04:54:50Z</time>
      </trkpt>
      <trkpt lat="45.365981" lon="23.516686">
        <ele>2221.195</ele>
        <time>2015-07-19T04:55:14Z</time>
      </trkpt>
      <trkpt lat="45.365935" lon="23.516574">
        <ele>2221.281</ele>
        <time>2015-07-19T04:56:28Z</time>
      </trkpt>
      <trkpt lat="45.365958" lon="23.516690">
        <ele>2221.445</ele>
        <time>2015-07-19T04:57:48Z</time>
      </trkpt>
      <trkpt lat="45.365998" lon="23.516586">
        <ele>2220.444</ele>
        <time>2015-07-19T05:01:06Z</time>
      </trkpt>
      <trkpt lat="45.365928" lon="23.516646">
        <ele>2222.166</ele>
        <time>2015-07-19T05:06:17Z</time>
      </trkpt>
      <trkpt lat="45.365850" lon="23.516698">
        <ele>2223.368</ele>
        <time>2015-07-19T05:06:26Z</time>
      </trkpt>
      <trkpt lat="45.365785" lon="23.516768">
        <ele>2224.049</ele>
        <time>2015-07-19T05:06:38Z</time>
      </trkpt>
      <trkpt lat="45.365696" lon="23.516776">
        <ele>2225.971</ele>
        <time>2015-07-19T05:06:58Z</time>
      </trkpt>
      <trkpt lat="45.365610" lon="23.516765">
        <ele>2227.855</ele>
        <time>2015-07-19T05:07:21Z</time>
      </trkpt>
      <trkpt lat="45.365528" lon="23.516771">
        <ele>2229.207</ele>
        <time>2015-07-19T05:07:33Z</time>
      </trkpt>
      <trkpt lat="45.365443" lon="23.516793">
        <ele>2230.217</ele>
        <time>2015-07-19T05:07:44Z</time>
      </trkpt>
      <trkpt lat="45.365361" lon="23.516791">
        <ele>2231.008</ele>
        <time>2015-07-19T05:07:56Z</time>
      </trkpt>
      <trkpt lat="45.365213" lon="23.516848">
        <ele>2235.256</ele>
        <time>2015-07-19T05:09:22Z</time>
      </trkpt>
      <trkpt lat="45.365125" lon="23.516861">
        <ele>2236.762</ele>
        <time>2015-07-19T05:14:23Z</time>
      </trkpt>
      <trkpt lat="45.365041" lon="23.516861">
        <ele>2237.666</ele>
        <time>2015-07-19T05:14:31Z</time>
      </trkpt>
      <trkpt lat="45.364961" lon="23.516915">
        <ele>2240.725</ele>
        <time>2015-07-19T05:14:54Z</time>
      </trkpt>
      <trkpt lat="45.364900" lon="23.516990">
        <ele>2243.987</ele>
        <time>2015-07-19T05:15:17Z</time>
      </trkpt>
      <trkpt lat="45.364818" lon="23.517016">
        <ele>2246.579</ele>
        <time>2015-07-19T05:16:25Z</time>
      </trkpt>
      <trkpt lat="45.364738" lon="23.517048">
        <ele>2249.710</ele>
        <time>2015-07-19T05:17:20Z</time>
      </trkpt>
      <trkpt lat="45.364658" lon="23.517073">
        <ele>2255.062</ele>
        <time>2015-07-19T05:17:32Z</time>
      </trkpt>
      <trkpt lat="45.364578" lon="23.517106">
        <ele>2261.222</ele>
        <time>2015-07-19T05:17:47Z</time>
      </trkpt>
      <trkpt lat="45.364501" lon="23.517146">
        <ele>2267.562</ele>
        <time>2015-07-19T05:18:04Z</time>
      </trkpt>
      <trkpt lat="45.364420" lon="23.517185">
        <ele>2273.608</ele>
        <time>2015-07-19T05:19:11Z</time>
      </trkpt>
      <trkpt lat="45.364336" lon="23.517203">
        <ele>2277.908</ele>
        <time>2015-07-19T05:19:41Z</time>
      </trkpt>
      <trkpt lat="45.364353" lon="23.517330">
        <ele>2281.863</ele>
        <time>2015-07-19T05:20:18Z</time>
      </trkpt>
      <trkpt lat="45.364428" lon="23.517393">
        <ele>2280.459</ele>
        <time>2015-07-19T05:20:31Z</time>
      </trkpt>
      <trkpt lat="45.364388" lon="23.517500">
        <ele>2286.093</ele>
        <time>2015-07-19T05:22:47Z</time>
      </trkpt>
      <trkpt lat="45.364375" lon="23.517616">
        <ele>2292.752</ele>
        <time>2015-07-19T05:23:24Z</time>
      </trkpt>
      <trkpt lat="45.364288" lon="23.517641">
        <ele>2298.294</ele>
        <time>2015-07-19T05:24:17Z</time>
      </trkpt>
      <trkpt lat="45.364255" lon="23.517750">
        <ele>2304.916</ele>
        <time>2015-07-19T05:24:40Z</time>
      </trkpt>
      <trkpt lat="45.364298" lon="23.517863">
        <ele>2308.847</ele>
        <time>2015-07-19T05:27:50Z</time>
      </trkpt>
      <trkpt lat="45.364353" lon="23.517950">
        <ele>2311.339</ele>
        <time>2015-07-19T05:28:00Z</time>
      </trkpt>
      <trkpt lat="45.364420" lon="23.518031">
        <ele>2313.437</ele>
        <time>2015-07-19T05:28:18Z</time>
      </trkpt>
      <trkpt lat="45.364484" lon="23.518101">
        <ele>2310.649</ele>
        <time>2015-07-19T05:28:31Z</time>
      </trkpt>
      <trkpt lat="45.364410" lon="23.518148">
        <ele>2316.413</ele>
        <time>2015-07-19T05:30:52Z</time>
      </trkpt>
      <trkpt lat="45.364335" lon="23.518208">
        <ele>2320.508</ele>
        <time>2015-07-19T05:31:09Z</time>
      </trkpt>
      <trkpt lat="45.364369" lon="23.518313">
        <ele>2320.744</ele>
        <time>2015-07-19T05:31:27Z</time>
      </trkpt>
      <trkpt lat="45.364341" lon="23.518425">
        <ele>2322.080</ele>
        <time>2015-07-19T05:31:52Z</time>
      </trkpt>
      <trkpt lat="45.364253" lon="23.518441">
        <ele>2327.454</ele>
        <time>2015-07-19T05:32:32Z</time>
      </trkpt>
      <trkpt lat="45.364171" lon="23.518438">
        <ele>2332.543</ele>
        <time>2015-07-19T05:32:46Z</time>
      </trkpt>
      <trkpt lat="45.364095" lon="23.518488">
        <ele>2336.755</ele>
        <time>2015-07-19T05:33:12Z</time>
      </trkpt>
      <trkpt lat="45.364020" lon="23.518539">
        <ele>2340.947</ele>
        <time>2015-07-19T05:34:17Z</time>
      </trkpt>
      <trkpt lat="45.363951" lon="23.518618">
        <ele>2344.898</ele>
        <time>2015-07-19T05:34:34Z</time>
      </trkpt>
      <trkpt lat="45.363940" lon="23.518735">
        <ele>2344.980</ele>
        <time>2015-07-19T05:34:48Z</time>
      </trkpt>
      <trkpt lat="45.363861" lon="23.518700">
        <ele>2349.178</ele>
        <time>2015-07-19T05:35:02Z</time>
      </trkpt>
      <trkpt lat="45.363786" lon="23.518756">
        <ele>2352.333</ele>
        <time>2015-07-19T05:35:24Z</time>
      </trkpt>
      <trkpt lat="45.363701" lon="23.518756">
        <ele>2355.826</ele>
        <time>2015-07-19T05:35:39Z</time>
      </trkpt>
      <trkpt lat="45.363618" lon="23.518763">
        <ele>2359.408</ele>
        <time>2015-07-19T05:35:50Z</time>
      </trkpt>
      <trkpt lat="45.363536" lon="23.518790">
        <ele>2361.578</ele>
        <time>2015-07-19T05:36:00Z</time>
      </trkpt>
      <trkpt lat="45.363458" lon="23.518825">
        <ele>2363.534</ele>
        <time>2015-07-19T05:36:11Z</time>
      </trkpt>
      <trkpt lat="45.363378" lon="23.518851">
        <ele>2365.568</ele>
        <time>2015-07-19T05:36:21Z</time>
      </trkpt>
      <trkpt lat="45.363295" lon="23.518891">
        <ele>2366.587</ele>
        <time>2015-07-19T05:36:30Z</time>
      </trkpt>
      <trkpt lat="45.363230" lon="23.518973">
        <ele>2366.879</ele>
        <time>2015-07-19T05:36:40Z</time>
      </trkpt>
      <trkpt lat="45.363196" lon="23.519091">
        <ele>2368.371</ele>
        <time>2015-07-19T05:36:49Z</time>
      </trkpt>
      <trkpt lat="45.363178" lon="23.519215">
        <ele>2369.932</ele>
        <time>2015-07-19T05:36:59Z</time>
      </trkpt>
      <trkpt lat="45.363146" lon="23.519333">
        <ele>2371.284</ele>
        <time>2015-07-19T05:37:10Z</time>
      </trkpt>
      <trkpt lat="45.363116" lon="23.519448">
        <ele>2372.593</ele>
        <time>2015-07-19T05:37:22Z</time>
      </trkpt>
      <trkpt lat="45.363053" lon="23.519526">
        <ele>2372.865</ele>
        <time>2015-07-19T05:37:35Z</time>
      </trkpt>
      <trkpt lat="45.363015" lon="23.519635">
        <ele>2373.521</ele>
        <time>2015-07-19T05:38:42Z</time>
      </trkpt>
      <trkpt lat="45.362988" lon="23.519751">
        <ele>2374.708</ele>
        <time>2015-07-19T05:38:53Z</time>
      </trkpt>
      <trkpt lat="45.362973" lon="23.519873">
        <ele>2376.690</ele>
        <time>2015-07-19T05:39:06Z</time>
      </trkpt>
      <trkpt lat="45.362920" lon="23.519961">
        <ele>2377.846</ele>
        <time>2015-07-19T05:39:26Z</time>
      </trkpt>
      <trkpt lat="45.362925" lon="23.520078">
        <ele>2379.840</ele>
        <time>2015-07-19T05:39:39Z</time>
      </trkpt>
      <trkpt lat="45.362913" lon="23.520198">
        <ele>2381.779</ele>
        <time>2015-07-19T05:39:49Z</time>
      </trkpt>
      <trkpt lat="45.362881" lon="23.520316">
        <ele>2383.571</ele>
        <time>2015-07-19T05:39:58Z</time>
      </trkpt>
      <trkpt lat="45.362866" lon="23.520441">
        <ele>2385.223</ele>
        <time>2015-07-19T05:40:08Z</time>
      </trkpt>
      <trkpt lat="45.362886" lon="23.520556">
        <ele>2386.624</ele>
        <time>2015-07-19T05:40:26Z</time>
      </trkpt>
      <trkpt lat="45.362939" lon="23.520645">
        <ele>2386.686</ele>
        <time>2015-07-19T05:40:38Z</time>
      </trkpt>
      <trkpt lat="45.363018" lon="23.520674">
        <ele>2386.237</ele>
        <time>2015-07-19T05:40:47Z</time>
      </trkpt>
      <trkpt lat="45.363081" lon="23.520753">
        <ele>2384.149</ele>
        <time>2015-07-19T05:41:04Z</time>
      </trkpt>
      <trkpt lat="45.363106" lon="23.520868">
        <ele>2382.013</ele>
        <time>2015-07-19T05:41:18Z</time>
      </trkpt>
      <trkpt lat="45.363111" lon="23.520983">
        <ele>2381.708</ele>
        <time>2015-07-19T05:41:43Z</time>
      </trkpt>
      <trkpt lat="45.363093" lon="23.521103">
        <ele>2383.524</ele>
        <time>2015-07-19T05:43:07Z</time>
      </trkpt>
      <trkpt lat="45.363086" lon="23.521221">
        <ele>2382.180</ele>
        <time>2015-07-19T05:43:29Z</time>
      </trkpt>
      <trkpt lat="45.363016" lon="23.521153">
        <ele>2386.914</ele>
        <time>2015-07-19T05:54:59Z</time>
      </trkpt>
      <trkpt lat="45.362961" lon="23.521066">
        <ele>2388.123</ele>
        <time>2015-07-19T05:55:18Z</time>
      </trkpt>
      <trkpt lat="45.362888" lon="23.521013">
        <ele>2388.645</ele>
        <time>2015-07-19T05:55:31Z</time>
      </trkpt>
      <trkpt lat="45.362828" lon="23.521101">
        <ele>2390.257</ele>
        <time>2015-07-19T05:55:44Z</time>
      </trkpt>
      <trkpt lat="45.362774" lon="23.521193">
        <ele>2390.668</ele>
        <time>2015-07-19T05:55:54Z</time>
      </trkpt>
      <trkpt lat="45.362736" lon="23.521301">
        <ele>2388.820</ele>
        <time>2015-07-19T05:56:03Z</time>
      </trkpt>
      <trkpt lat="45.362710" lon="23.521415">
        <ele>2387.117</ele>
        <time>2015-07-19T05:56:29Z</time>
      </trkpt>
      <trkpt lat="45.362673" lon="23.521518">
        <ele>2384.087</ele>
        <time>2015-07-19T05:56:37Z</time>
      </trkpt>
      <trkpt lat="45.362630" lon="23.521623">
        <ele>2381.015</ele>
        <time>2015-07-19T05:56:59Z</time>
      </trkpt>
      <trkpt lat="45.362605" lon="23.521740">
        <ele>2377.908</ele>
        <time>2015-07-19T05:57:06Z</time>
      </trkpt>
      <trkpt lat="45.362565" lon="23.521845">
        <ele>2374.892</ele>
        <time>2015-07-19T05:57:16Z</time>
      </trkpt>
      <trkpt lat="45.362543" lon="23.521958">
        <ele>2371.958</ele>
        <time>2015-07-19T05:57:46Z</time>
      </trkpt>
      <trkpt lat="45.362478" lon="23.522028">
        <ele>2368.212</ele>
        <time>2015-07-19T05:57:51Z</time>
      </trkpt>
      <trkpt lat="45.362416" lon="23.522116">
        <ele>2364.221</ele>
        <time>2015-07-19T05:57:57Z</time>
      </trkpt>
      <trkpt lat="45.362351" lon="23.522199">
        <ele>2362.093</ele>
        <time>2015-07-19T05:58:04Z</time>
      </trkpt>
      <trkpt lat="45.362290" lon="23.522281">
        <ele>2360.465</ele>
        <time>2015-07-19T05:58:12Z</time>
      </trkpt>
      <trkpt lat="45.362230" lon="23.522376">
        <ele>2359.156</ele>
        <time>2015-07-19T05:58:23Z</time>
      </trkpt>
      <trkpt lat="45.362171" lon="23.522458">
        <ele>2357.878</ele>
        <time>2015-07-19T05:59:02Z</time>
      </trkpt>
      <trkpt lat="45.362116" lon="23.522550">
        <ele>2356.251</ele>
        <time>2015-07-19T05:59:16Z</time>
      </trkpt>
      <trkpt lat="45.362045" lon="23.522625">
        <ele>2354.801</ele>
        <time>2015-07-19T05:59:29Z</time>
      </trkpt>
      <trkpt lat="45.362006" lon="23.522733">
        <ele>2352.611</ele>
        <time>2015-07-19T05:59:40Z</time>
      </trkpt>
      <trkpt lat="45.361943" lon="23.522816">
        <ele>2350.208</ele>
        <time>2015-07-19T05:59:47Z</time>
      </trkpt>
      <trkpt lat="45.361904" lon="23.522918">
        <ele>2344.836</ele>
        <time>2015-07-19T06:00:06Z</time>
      </trkpt>
      <trkpt lat="45.361851" lon="23.523015">
        <ele>2340.262</ele>
        <time>2015-07-19T06:00:26Z</time>
      </trkpt>
      <trkpt lat="45.361781" lon="23.523085">
        <ele>2337.326</ele>
        <time>2015-07-19T06:00:43Z</time>
      </trkpt>
      <trkpt lat="45.361723" lon="23.523173">
        <ele>2334.335</ele>
        <time>2015-07-19T06:00:51Z</time>
      </trkpt>
      <trkpt lat="45.361661" lon="23.523253">
        <ele>2332.387</ele>
        <time>2015-07-19T06:01:03Z</time>
      </trkpt>
      <trkpt lat="45.361601" lon="23.523333">
        <ele>2330.029</ele>
        <time>2015-07-19T06:01:59Z</time>
      </trkpt>
      <trkpt lat="45.361538" lon="23.523408">
        <ele>2328.790</ele>
        <time>2015-07-19T06:02:09Z</time>
      </trkpt>
      <trkpt lat="45.361478" lon="23.523495">
        <ele>2328.162</ele>
        <time>2015-07-19T06:02:25Z</time>
      </trkpt>
      <trkpt lat="45.361406" lon="23.523574">
        <ele>2328.811</ele>
        <time>2015-07-19T06:02:33Z</time>
      </trkpt>
      <trkpt lat="45.361331" lon="23.523646">
        <ele>2329.221</ele>
        <time>2015-07-19T06:02:41Z</time>
      </trkpt>
      <trkpt lat="45.361266" lon="23.523735">
        <ele>2329.903</ele>
        <time>2015-07-19T06:02:49Z</time>
      </trkpt>
      <trkpt lat="45.361194" lon="23.523793">
        <ele>2331.708</ele>
        <time>2015-07-19T06:02:59Z</time>
      </trkpt>
      <trkpt lat="45.361133" lon="23.523876">
        <ele>2334.182</ele>
        <time>2015-07-19T06:03:08Z</time>
      </trkpt>
      <trkpt lat="45.361073" lon="23.523963">
        <ele>2335.498</ele>
        <time>2015-07-19T06:03:17Z</time>
      </trkpt>
      <trkpt lat="45.361018" lon="23.524068">
        <ele>2336.232</ele>
        <time>2015-07-19T06:03:33Z</time>
      </trkpt>
      <trkpt lat="45.360983" lon="23.524183">
        <ele>2337.631</ele>
        <time>2015-07-19T06:03:41Z</time>
      </trkpt>
      <trkpt lat="45.360928" lon="23.524289">
        <ele>2338.473</ele>
        <time>2015-07-19T06:03:49Z</time>
      </trkpt>
      <trkpt lat="45.360876" lon="23.524398">
        <ele>2339.875</ele>
        <time>2015-07-19T06:03:57Z</time>
      </trkpt>
      <trkpt lat="45.360823" lon="23.524491">
        <ele>2340.996</ele>
        <time>2015-07-19T06:04:23Z</time>
      </trkpt>
      <trkpt lat="45.360793" lon="23.524608">
        <ele>2341.038</ele>
        <time>2015-07-19T06:04:32Z</time>
      </trkpt>
      <trkpt lat="45.360770" lon="23.524726">
        <ele>2341.253</ele>
        <time>2015-07-19T06:04:40Z</time>
      </trkpt>
      <trkpt lat="45.360718" lon="23.524826">
        <ele>2340.304</ele>
        <time>2015-07-19T06:04:49Z</time>
      </trkpt>
      <trkpt lat="45.360641" lon="23.524873">
        <ele>2340.914</ele>
        <time>2015-07-19T06:04:56Z</time>
      </trkpt>
      <trkpt lat="45.360578" lon="23.524964">
        <ele>2341.608</ele>
        <time>2015-07-19T06:05:05Z</time>
      </trkpt>
      <trkpt lat="45.360508" lon="23.525023">
        <ele>2341.596</ele>
        <time>2015-07-19T06:05:24Z</time>
      </trkpt>
      <trkpt lat="45.360433" lon="23.525076">
        <ele>2341.032</ele>
        <time>2015-07-19T06:06:06Z</time>
      </trkpt>
      <trkpt lat="45.360378" lon="23.525163">
        <ele>2341.246</ele>
        <time>2015-07-19T06:06:20Z</time>
      </trkpt>
      <trkpt lat="45.360365" lon="23.525281">
        <ele>2341.755</ele>
        <time>2015-07-19T06:06:49Z</time>
      </trkpt>
      <trkpt lat="45.360324" lon="23.525395">
        <ele>2341.747</ele>
        <time>2015-07-19T06:06:59Z</time>
      </trkpt>
      <trkpt lat="45.360283" lon="23.525498">
        <ele>2342.189</ele>
        <time>2015-07-19T06:07:08Z</time>
      </trkpt>
      <trkpt lat="45.360193" lon="23.525508">
        <ele>2342.320</ele>
        <time>2015-07-19T06:07:28Z</time>
      </trkpt>
      <trkpt lat="45.360138" lon="23.525606">
        <ele>2341.962</ele>
        <time>2015-07-19T06:07:37Z</time>
      </trkpt>
      <trkpt lat="45.360090" lon="23.525711">
        <ele>2341.644</ele>
        <time>2015-07-19T06:07:47Z</time>
      </trkpt>
      <trkpt lat="45.360028" lon="23.525788">
        <ele>2343.005</ele>
        <time>2015-07-19T06:07:55Z</time>
      </trkpt>
      <trkpt lat="45.359973" lon="23.525886">
        <ele>2343.215</ele>
        <time>2015-07-19T06:08:31Z</time>
      </trkpt>
      <trkpt lat="45.359893" lon="23.525940">
        <ele>2342.808</ele>
        <time>2015-07-19T06:08:41Z</time>
      </trkpt>
      <trkpt lat="45.359813" lon="23.525991">
        <ele>2343.055</ele>
        <time>2015-07-19T06:08:51Z</time>
      </trkpt>
      <trkpt lat="45.359745" lon="23.526058">
        <ele>2343.681</ele>
        <time>2015-07-19T06:09:04Z</time>
      </trkpt>
      <trkpt lat="45.359671" lon="23.526116">
        <ele>2344.755</ele>
        <time>2015-07-19T06:09:16Z</time>
      </trkpt>
      <trkpt lat="45.359596" lon="23.526185">
        <ele>2345.034</ele>
        <time>2015-07-19T06:09:25Z</time>
      </trkpt>
      <trkpt lat="45.359529" lon="23.526255">
        <ele>2345.446</ele>
        <time>2015-07-19T06:09:33Z</time>
      </trkpt>
      <trkpt lat="45.359463" lon="23.526329">
        <ele>2346.148</ele>
        <time>2015-07-19T06:09:42Z</time>
      </trkpt>
      <trkpt lat="45.359396" lon="23.526400">
        <ele>2346.479</ele>
        <time>2015-07-19T06:09:51Z</time>
      </trkpt>
      <trkpt lat="45.359315" lon="23.526445">
        <ele>2347.051</ele>
        <time>2015-07-19T06:10:00Z</time>
      </trkpt>
      <trkpt lat="45.359236" lon="23.526480">
        <ele>2348.136</ele>
        <time>2015-07-19T06:10:20Z</time>
      </trkpt>
      <trkpt lat="45.359148" lon="23.526521">
        <ele>2349.917</ele>
        <time>2015-07-19T06:10:27Z</time>
      </trkpt>
      <trkpt lat="45.359070" lon="23.526566">
        <ele>2352.018</ele>
        <time>2015-07-19T06:10:33Z</time>
      </trkpt>
      <trkpt lat="45.359001" lon="23.526648">
        <ele>2355.108</ele>
        <time>2015-07-19T06:10:40Z</time>
      </trkpt>
      <trkpt lat="45.358928" lon="23.526721">
        <ele>2356.984</ele>
        <time>2015-07-19T06:11:22Z</time>
      </trkpt>
      <trkpt lat="45.358873" lon="23.526806">
        <ele>2357.410</ele>
        <time>2015-07-19T06:11:31Z</time>
      </trkpt>
      <trkpt lat="45.358800" lon="23.526880">
        <ele>2359.354</ele>
        <time>2015-07-19T06:11:47Z</time>
      </trkpt>
      <trkpt lat="45.358719" lon="23.526925">
        <ele>2363.233</ele>
        <time>2015-07-19T06:12:14Z</time>
      </trkpt>
      <trkpt lat="45.358653" lon="23.526999">
        <ele>2365.675</ele>
        <time>2015-07-19T06:12:28Z</time>
      </trkpt>
      <trkpt lat="45.358573" lon="23.527028">
        <ele>2366.097</ele>
        <time>2015-07-19T06:12:38Z</time>
      </trkpt>
      <trkpt lat="45.358489" lon="23.527040">
        <ele>2363.318</ele>
        <time>2015-07-19T06:12:47Z</time>
      </trkpt>
      <trkpt lat="45.358411" lon="23.527085">
        <ele>2361.360</ele>
        <time>2015-07-19T06:12:55Z</time>
      </trkpt>
      <trkpt lat="45.358336" lon="23.527131">
        <ele>2360.438</ele>
        <time>2015-07-19T06:13:02Z</time>
      </trkpt>
      <trkpt lat="45.358254" lon="23.527190">
        <ele>2358.770</ele>
        <time>2015-07-19T06:13:10Z</time>
      </trkpt>
      <trkpt lat="45.358183" lon="23.527260">
        <ele>2356.717</ele>
        <time>2015-07-19T06:13:18Z</time>
      </trkpt>
      <trkpt lat="45.358104" lon="23.527318">
        <ele>2354.908</ele>
        <time>2015-07-19T06:13:27Z</time>
      </trkpt>
      <trkpt lat="45.358021" lon="23.527361">
        <ele>2356.114</ele>
        <time>2015-07-19T06:13:36Z</time>
      </trkpt>
      <trkpt lat="45.357956" lon="23.527441">
        <ele>2361.160</ele>
        <time>2015-07-19T06:13:47Z</time>
      </trkpt>
      <trkpt lat="45.357900" lon="23.527531">
        <ele>2366.554</ele>
        <time>2015-07-19T06:16:56Z</time>
      </trkpt>
      <trkpt lat="45.357819" lon="23.527560">
        <ele>2371.373</ele>
        <time>2015-07-19T06:17:05Z</time>
      </trkpt>
      <trkpt lat="45.357746" lon="23.527638">
        <ele>2374.845</ele>
        <time>2015-07-19T06:17:19Z</time>
      </trkpt>
      <trkpt lat="45.357668" lon="23.527691">
        <ele>2377.717</ele>
        <time>2015-07-19T06:17:28Z</time>
      </trkpt>
      <trkpt lat="45.357613" lon="23.527783">
        <ele>2381.658</ele>
        <time>2015-07-19T06:17:40Z</time>
      </trkpt>
      <trkpt lat="45.357531" lon="23.527823">
        <ele>2385.420</ele>
        <time>2015-07-19T06:17:53Z</time>
      </trkpt>
      <trkpt lat="45.357453" lon="23.527878">
        <ele>2387.999</ele>
        <time>2015-07-19T06:18:07Z</time>
      </trkpt>
      <trkpt lat="45.357368" lon="23.527893">
        <ele>2389.007</ele>
        <time>2015-07-19T06:18:27Z</time>
      </trkpt>
      <trkpt lat="45.357283" lon="23.527920">
        <ele>2390.027</ele>
        <time>2015-07-19T06:18:39Z</time>
      </trkpt>
      <trkpt lat="45.357201" lon="23.527916">
        <ele>2390.208</ele>
        <time>2015-07-19T06:18:58Z</time>
      </trkpt>
      <trkpt lat="45.357120" lon="23.527924">
        <ele>2389.360</ele>
        <time>2015-07-19T06:19:06Z</time>
      </trkpt>
      <trkpt lat="45.357031" lon="23.527931">
        <ele>2388.336</ele>
        <time>2015-07-19T06:19:17Z</time>
      </trkpt>
      <trkpt lat="45.356948" lon="23.527901">
        <ele>2386.710</ele>
        <time>2015-07-19T06:19:26Z</time>
      </trkpt>
      <trkpt lat="45.356863" lon="23.527911">
        <ele>2385.129</ele>
        <time>2015-07-19T06:19:33Z</time>
      </trkpt>
      <trkpt lat="45.356778" lon="23.527928">
        <ele>2383.741</ele>
        <time>2015-07-19T06:19:40Z</time>
      </trkpt>
      <trkpt lat="45.356689" lon="23.527935">
        <ele>2381.933</ele>
        <time>2015-07-19T06:19:48Z</time>
      </trkpt>
      <trkpt lat="45.356608" lon="23.527939">
        <ele>2380.174</ele>
        <time>2015-07-19T06:19:55Z</time>
      </trkpt>
      <trkpt lat="45.356520" lon="23.527939">
        <ele>2378.176</ele>
        <time>2015-07-19T06:20:03Z</time>
      </trkpt>
      <trkpt lat="45.356438" lon="23.527983">
        <ele>2376.749</ele>
        <time>2015-07-19T06:20:10Z</time>
      </trkpt>
      <trkpt lat="45.356356" lon="23.527980">
        <ele>2374.902</ele>
        <time>2015-07-19T06:20:18Z</time>
      </trkpt>
      <trkpt lat="45.356284" lon="23.527923">
        <ele>2373.222</ele>
        <time>2015-07-19T06:20:27Z</time>
      </trkpt>
      <trkpt lat="45.356213" lon="23.527865">
        <ele>2371.508</ele>
        <time>2015-07-19T06:20:36Z</time>
      </trkpt>
      <trkpt lat="45.356134" lon="23.527833">
        <ele>2369.875</ele>
        <time>2015-07-19T06:20:52Z</time>
      </trkpt>
      <trkpt lat="45.356043" lon="23.527846">
        <ele>2368.591</ele>
        <time>2015-07-19T06:21:35Z</time>
      </trkpt>
      <trkpt lat="45.355965" lon="23.527878">
        <ele>2367.425</ele>
        <time>2015-07-19T06:21:43Z</time>
      </trkpt>
      <trkpt lat="45.355905" lon="23.527800">
        <ele>2366.124</ele>
        <time>2015-07-19T06:22:49Z</time>
      </trkpt>
      <trkpt lat="45.355834" lon="23.527725">
        <ele>2363.736</ele>
        <time>2015-07-19T06:22:58Z</time>
      </trkpt>
      <trkpt lat="45.355760" lon="23.527681">
        <ele>2362.148</ele>
        <time>2015-07-19T06:23:20Z</time>
      </trkpt>
      <trkpt lat="45.355683" lon="23.527616">
        <ele>2359.869</ele>
        <time>2015-07-19T06:24:18Z</time>
      </trkpt>
      <trkpt lat="45.355603" lon="23.527579">
        <ele>2358.051</ele>
        <time>2015-07-19T06:24:29Z</time>
      </trkpt>
      <trkpt lat="45.355521" lon="23.527558">
        <ele>2356.146</ele>
        <time>2015-07-19T06:24:44Z</time>
      </trkpt>
      <trkpt lat="45.355431" lon="23.527521">
        <ele>2353.688</ele>
        <time>2015-07-19T06:25:00Z</time>
      </trkpt>
      <trkpt lat="45.355345" lon="23.527506">
        <ele>2352.016</ele>
        <time>2015-07-19T06:25:20Z</time>
      </trkpt>
      <trkpt lat="45.355270" lon="23.527553">
        <ele>2350.808</ele>
        <time>2015-07-19T06:25:34Z</time>
      </trkpt>
      <trkpt lat="45.355188" lon="23.527573">
        <ele>2348.365</ele>
        <time>2015-07-19T06:25:53Z</time>
      </trkpt>
      <trkpt lat="45.355105" lon="23.527564">
        <ele>2345.961</ele>
        <time>2015-07-19T06:26:13Z</time>
      </trkpt>
      <trkpt lat="45.355023" lon="23.527553">
        <ele>2343.525</ele>
        <time>2015-07-19T06:26:39Z</time>
      </trkpt>
      <trkpt lat="45.354940" lon="23.527556">
        <ele>2342.584</ele>
        <time>2015-07-19T06:26:49Z</time>
      </trkpt>
      <trkpt lat="45.354858" lon="23.527538">
        <ele>2342.146</ele>
        <time>2015-07-19T06:27:30Z</time>
      </trkpt>
      <trkpt lat="45.354775" lon="23.527501">
        <ele>2342.258</ele>
        <time>2015-07-19T06:27:41Z</time>
      </trkpt>
      <trkpt lat="45.354691" lon="23.527493">
        <ele>2342.189</ele>
        <time>2015-07-19T06:27:49Z</time>
      </trkpt>
      <trkpt lat="45.354610" lon="23.527481">
        <ele>2342.511</ele>
        <time>2015-07-19T06:27:57Z</time>
      </trkpt>
      <trkpt lat="45.354524" lon="23.527455">
        <ele>2342.695</ele>
        <time>2015-07-19T06:28:05Z</time>
      </trkpt>
      <trkpt lat="45.354443" lon="23.527488">
        <ele>2343.849</ele>
        <time>2015-07-19T06:28:13Z</time>
      </trkpt>
      <trkpt lat="45.354360" lon="23.527496">
        <ele>2343.623</ele>
        <time>2015-07-19T06:28:55Z</time>
      </trkpt>
      <trkpt lat="45.354270" lon="23.527518">
        <ele>2343.308</ele>
        <time>2015-07-19T06:29:14Z</time>
      </trkpt>
      <trkpt lat="45.354188" lon="23.527519">
        <ele>2343.190</ele>
        <time>2015-07-19T06:29:54Z</time>
      </trkpt>
      <trkpt lat="45.354101" lon="23.527511">
        <ele>2342.486</ele>
        <time>2015-07-19T06:30:02Z</time>
      </trkpt>
      <trkpt lat="45.354025" lon="23.527570">
        <ele>2342.170</ele>
        <time>2015-07-19T06:30:10Z</time>
      </trkpt>
      <trkpt lat="45.353971" lon="23.527658">
        <ele>2342.769</ele>
        <time>2015-07-19T06:30:20Z</time>
      </trkpt>
      <trkpt lat="45.353885" lon="23.527706">
        <ele>2342.931</ele>
        <time>2015-07-19T06:30:30Z</time>
      </trkpt>
      <trkpt lat="45.353818" lon="23.527778">
        <ele>2343.593</ele>
        <time>2015-07-19T06:30:38Z</time>
      </trkpt>
      <trkpt lat="45.353743" lon="23.527840">
        <ele>2343.034</ele>
        <time>2015-07-19T06:30:46Z</time>
      </trkpt>
      <trkpt lat="45.353655" lon="23.527861">
        <ele>2342.916</ele>
        <time>2015-07-19T06:30:58Z</time>
      </trkpt>
      <trkpt lat="45.353579" lon="23.527915">
        <ele>2343.254</ele>
        <time>2015-07-19T06:31:06Z</time>
      </trkpt>
      <trkpt lat="45.353510" lon="23.527976">
        <ele>2343.656</ele>
        <time>2015-07-19T06:31:21Z</time>
      </trkpt>
      <trkpt lat="45.353440" lon="23.528038">
        <ele>2344.111</ele>
        <time>2015-07-19T06:31:30Z</time>
      </trkpt>
      <trkpt lat="45.353356" lon="23.528061">
        <ele>2344.108</ele>
        <time>2015-07-19T06:31:40Z</time>
      </trkpt>
      <trkpt lat="45.353285" lon="23.528126">
        <ele>2344.326</ele>
        <time>2015-07-19T06:31:57Z</time>
      </trkpt>
      <trkpt lat="45.353211" lon="23.528203">
        <ele>2345.042</ele>
        <time>2015-07-19T06:32:08Z</time>
      </trkpt>
      <trkpt lat="45.353131" lon="23.528228">
        <ele>2345.286</ele>
        <time>2015-07-19T06:32:23Z</time>
      </trkpt>
      <trkpt lat="45.353055" lon="23.528283">
        <ele>2346.565</ele>
        <time>2015-07-19T06:32:34Z</time>
      </trkpt>
      <trkpt lat="45.352985" lon="23.528358">
        <ele>2346.037</ele>
        <time>2015-07-19T06:32:43Z</time>
      </trkpt>
      <trkpt lat="45.352934" lon="23.528456">
        <ele>2345.929</ele>
        <time>2015-07-19T06:32:51Z</time>
      </trkpt>
      <trkpt lat="45.352873" lon="23.528535">
        <ele>2345.990</ele>
        <time>2015-07-19T06:33:00Z</time>
      </trkpt>
      <trkpt lat="45.352805" lon="23.528611">
        <ele>2346.462</ele>
        <time>2015-07-19T06:33:11Z</time>
      </trkpt>
      <trkpt lat="45.352728" lon="23.528668">
        <ele>2345.362</ele>
        <time>2015-07-19T06:33:18Z</time>
      </trkpt>
      <trkpt lat="45.352660" lon="23.528753">
        <ele>2344.983</ele>
        <time>2015-07-19T06:33:26Z</time>
      </trkpt>
      <trkpt lat="45.352593" lon="23.528840">
        <ele>2345.011</ele>
        <time>2015-07-19T06:33:34Z</time>
      </trkpt>
      <trkpt lat="45.352546" lon="23.528948">
        <ele>2345.708</ele>
        <time>2015-07-19T06:33:42Z</time>
      </trkpt>
      <trkpt lat="45.352503" lon="23.529056">
        <ele>2346.447</ele>
        <time>2015-07-19T06:33:50Z</time>
      </trkpt>
      <trkpt lat="45.352453" lon="23.529153">
        <ele>2346.823</ele>
        <time>2015-07-19T06:33:58Z</time>
      </trkpt>
      <trkpt lat="45.352376" lon="23.529218">
        <ele>2346.147</ele>
        <time>2015-07-19T06:34:07Z</time>
      </trkpt>
      <trkpt lat="45.352318" lon="23.529299">
        <ele>2346.436</ele>
        <time>2015-07-19T06:34:16Z</time>
      </trkpt>
      <trkpt lat="45.352258" lon="23.529398">
        <ele>2347.438</ele>
        <time>2015-07-19T06:34:24Z</time>
      </trkpt>
      <trkpt lat="45.352196" lon="23.529481">
        <ele>2348.010</ele>
        <time>2015-07-19T06:34:32Z</time>
      </trkpt>
      <trkpt lat="45.352171" lon="23.529598">
        <ele>2348.851</ele>
        <time>2015-07-19T06:34:40Z</time>
      </trkpt>
      <trkpt lat="45.352175" lon="23.529725">
        <ele>2350.223</ele>
        <time>2015-07-19T06:34:48Z</time>
      </trkpt>
      <trkpt lat="45.352205" lon="23.529851">
        <ele>2351.276</ele>
        <time>2015-07-19T06:34:56Z</time>
      </trkpt>
      <trkpt lat="45.352251" lon="23.529950">
        <ele>2351.990</ele>
        <time>2015-07-19T06:35:04Z</time>
      </trkpt>
      <trkpt lat="45.352308" lon="23.530043">
        <ele>2352.019</ele>
        <time>2015-07-19T06:35:12Z</time>
      </trkpt>
      <trkpt lat="45.352315" lon="23.530166">
        <ele>2352.008</ele>
        <time>2015-07-19T06:36:39Z</time>
      </trkpt>
      <trkpt lat="45.352293" lon="23.530280">
        <ele>2352.388</ele>
        <time>2015-07-19T06:36:46Z</time>
      </trkpt>
      <trkpt lat="45.352290" lon="23.530401">
        <ele>2353.424</ele>
        <time>2015-07-19T06:36:56Z</time>
      </trkpt>
      <trkpt lat="45.352258" lon="23.530511">
        <ele>2354.988</ele>
        <time>2015-07-19T06:37:05Z</time>
      </trkpt>
      <trkpt lat="45.352203" lon="23.530601">
        <ele>2356.657</ele>
        <time>2015-07-19T06:37:16Z</time>
      </trkpt>
      <trkpt lat="45.352151" lon="23.530701">
        <ele>2358.049</ele>
        <time>2015-07-19T06:37:28Z</time>
      </trkpt>
      <trkpt lat="45.352113" lon="23.530805">
        <ele>2359.791</ele>
        <time>2015-07-19T06:37:41Z</time>
      </trkpt>
      <trkpt lat="45.352068" lon="23.530901">
        <ele>2361.462</ele>
        <time>2015-07-19T06:37:52Z</time>
      </trkpt>
      <trkpt lat="45.352033" lon="23.531016">
        <ele>2363.634</ele>
        <time>2015-07-19T06:38:48Z</time>
      </trkpt>
      <trkpt lat="45.351983" lon="23.531116">
        <ele>2365.449</ele>
        <time>2015-07-19T06:38:57Z</time>
      </trkpt>
      <trkpt lat="45.351921" lon="23.531196">
        <ele>2366.202</ele>
        <time>2015-07-19T06:39:05Z</time>
      </trkpt>
      <trkpt lat="45.351871" lon="23.531291">
        <ele>2367.322</ele>
        <time>2015-07-19T06:39:14Z</time>
      </trkpt>
      <trkpt lat="45.351801" lon="23.531358">
        <ele>2367.408</ele>
        <time>2015-07-19T06:39:24Z</time>
      </trkpt>
      <trkpt lat="45.351790" lon="23.531473">
        <ele>2369.425</ele>
        <time>2015-07-19T06:39:33Z</time>
      </trkpt>
      <trkpt lat="45.351758" lon="23.531585">
        <ele>2371.321</ele>
        <time>2015-07-19T06:39:43Z</time>
      </trkpt>
      <trkpt lat="45.351773" lon="23.531701">
        <ele>2373.915</ele>
        <time>2015-07-19T06:39:57Z</time>
      </trkpt>
      <trkpt lat="45.351854" lon="23.531728">
        <ele>2374.524</ele>
        <time>2015-07-19T06:40:09Z</time>
      </trkpt>
      <trkpt lat="45.351860" lon="23.531843">
        <ele>2377.426</ele>
        <time>2015-07-19T06:40:22Z</time>
      </trkpt>
      <trkpt lat="45.351851" lon="23.531966">
        <ele>2380.498</ele>
        <time>2015-07-19T06:40:55Z</time>
      </trkpt>
      <trkpt lat="45.351851" lon="23.532085">
        <ele>2382.419</ele>
        <time>2015-07-19T06:41:08Z</time>
      </trkpt>
      <trkpt lat="45.351823" lon="23.532195">
        <ele>2384.771</ele>
        <time>2015-07-19T06:41:23Z</time>
      </trkpt>
      <trkpt lat="45.351898" lon="23.532238">
        <ele>2384.088</ele>
        <time>2015-07-19T06:44:44Z</time>
      </trkpt>
      <trkpt lat="45.351946" lon="23.532339">
        <ele>2383.724</ele>
        <time>2015-07-19T06:44:52Z</time>
      </trkpt>
      <trkpt lat="45.351881" lon="23.532259">
        <ele>2384.526</ele>
        <time>2015-07-19T06:45:51Z</time>
      </trkpt>
      <trkpt lat="45.351811" lon="23.532196">
        <ele>2384.908</ele>
        <time>2015-07-19T06:46:03Z</time>
      </trkpt>
      <trkpt lat="45.351731" lon="23.532159">
        <ele>2385.339</ele>
        <time>2015-07-19T06:48:13Z</time>
      </trkpt>
      <trkpt lat="45.351651" lon="23.532208">
        <ele>2387.915</ele>
        <time>2015-07-19T06:48:24Z</time>
      </trkpt>
      <trkpt lat="45.351576" lon="23.532276">
        <ele>2390.789</ele>
        <time>2015-07-19T06:48:34Z</time>
      </trkpt>
      <trkpt lat="45.351510" lon="23.532351">
        <ele>2393.798</ele>
        <time>2015-07-19T06:48:44Z</time>
      </trkpt>
      <trkpt lat="45.351455" lon="23.532448">
        <ele>2397.510</ele>
        <time>2015-07-19T06:48:56Z</time>
      </trkpt>
      <trkpt lat="45.351428" lon="23.532565">
        <ele>2400.612</ele>
        <time>2015-07-19T06:49:07Z</time>
      </trkpt>
      <trkpt lat="45.351380" lon="23.532663">
        <ele>2403.483</ele>
        <time>2015-07-19T06:49:16Z</time>
      </trkpt>
      <trkpt lat="45.351341" lon="23.532775">
        <ele>2405.565</ele>
        <time>2015-07-19T06:49:27Z</time>
      </trkpt>
      <trkpt lat="45.351385" lon="23.532873">
        <ele>2405.447</ele>
        <time>2015-07-19T06:49:46Z</time>
      </trkpt>
      <trkpt lat="45.351328" lon="23.532960">
        <ele>2406.329</ele>
        <time>2015-07-19T06:50:29Z</time>
      </trkpt>
      <trkpt lat="45.351268" lon="23.533048">
        <ele>2407.321</ele>
        <time>2015-07-19T06:50:41Z</time>
      </trkpt>
      <trkpt lat="45.351208" lon="23.533133">
        <ele>2408.108</ele>
        <time>2015-07-19T06:50:51Z</time>
      </trkpt>
      <trkpt lat="45.351173" lon="23.533238">
        <ele>2408.345</ele>
        <time>2015-07-19T06:51:03Z</time>
      </trkpt>
      <trkpt lat="45.351123" lon="23.533343">
        <ele>2408.051</ele>
        <time>2015-07-19T06:51:16Z</time>
      </trkpt>
      <trkpt lat="45.351053" lon="23.533411">
        <ele>2408.375</ele>
        <time>2015-07-19T06:51:25Z</time>
      </trkpt>
      <trkpt lat="45.351011" lon="23.533513">
        <ele>2408.474</ele>
        <time>2015-07-19T06:51:39Z</time>
      </trkpt>
      <trkpt lat="45.350956" lon="23.533600">
        <ele>2408.796</ele>
        <time>2015-07-19T06:52:25Z</time>
      </trkpt>
      <trkpt lat="45.350915" lon="23.533700">
        <ele>2409.358</ele>
        <time>2015-07-19T06:52:37Z</time>
      </trkpt>
      <trkpt lat="45.350843" lon="23.533773">
        <ele>2410.499</ele>
        <time>2015-07-19T06:52:47Z</time>
      </trkpt>
      <trkpt lat="45.350761" lon="23.533798">
        <ele>2411.831</ele>
        <time>2015-07-19T06:53:00Z</time>
      </trkpt>
      <trkpt lat="45.350681" lon="23.533840">
        <ele>2412.392</ele>
        <time>2015-07-19T06:53:08Z</time>
      </trkpt>
      <trkpt lat="45.350598" lon="23.533841">
        <ele>2413.173</ele>
        <time>2015-07-19T06:53:18Z</time>
      </trkpt>
      <trkpt lat="45.350511" lon="23.533838">
        <ele>2413.320</ele>
        <time>2015-07-19T06:54:46Z</time>
      </trkpt>
      <trkpt lat="45.350424" lon="23.533844">
        <ele>2412.408</ele>
        <time>2015-07-19T06:54:53Z</time>
      </trkpt>
      <trkpt lat="45.350340" lon="23.533833">
        <ele>2412.310</ele>
        <time>2015-07-19T06:55:00Z</time>
      </trkpt>
      <trkpt lat="45.350251" lon="23.533836">
        <ele>2411.566</ele>
        <time>2015-07-19T06:55:07Z</time>
      </trkpt>
      <trkpt lat="45.350170" lon="23.533830">
        <ele>2411.130</ele>
        <time>2015-07-19T06:55:13Z</time>
      </trkpt>
      <trkpt lat="45.350081" lon="23.533806">
        <ele>2411.519</ele>
        <time>2015-07-19T06:55:20Z</time>
      </trkpt>
      <trkpt lat="45.350000" lon="23.533796">
        <ele>2411.311</ele>
        <time>2015-07-19T06:55:27Z</time>
      </trkpt>
      <trkpt lat="45.349913" lon="23.533781">
        <ele>2413.423</ele>
        <time>2015-07-19T06:55:35Z</time>
      </trkpt>
      <trkpt lat="45.349831" lon="23.533786">
        <ele>2414.774</ele>
        <time>2015-07-19T06:55:43Z</time>
      </trkpt>
      <trkpt lat="45.349740" lon="23.533776">
        <ele>2416.116</ele>
        <time>2015-07-19T06:55:58Z</time>
      </trkpt>
      <trkpt lat="45.349658" lon="23.533766">
        <ele>2415.896</ele>
        <time>2015-07-19T06:56:06Z</time>
      </trkpt>
      <trkpt lat="45.349573" lon="23.533775">
        <ele>2415.431</ele>
        <time>2015-07-19T06:56:17Z</time>
      </trkpt>
      <trkpt lat="45.349488" lon="23.533751">
        <ele>2414.724</ele>
        <time>2015-07-19T06:56:28Z</time>
      </trkpt>
      <trkpt lat="45.349401" lon="23.533748">
        <ele>2414.708</ele>
        <time>2015-07-19T06:56:50Z</time>
      </trkpt>
      <trkpt lat="45.349316" lon="23.533758">
        <ele>2415.050</ele>
        <time>2015-07-19T06:57:12Z</time>
      </trkpt>
      <trkpt lat="45.349226" lon="23.533753">
        <ele>2415.346</ele>
        <time>2015-07-19T06:57:22Z</time>
      </trkpt>
      <trkpt lat="45.349145" lon="23.533748">
        <ele>2416.290</ele>
        <time>2015-07-19T06:57:31Z</time>
      </trkpt>
      <trkpt lat="45.349065" lon="23.533796">
        <ele>2418.639</ele>
        <time>2015-07-19T07:00:46Z</time>
      </trkpt>
      <trkpt lat="45.348990" lon="23.533851">
        <ele>2421.231</ele>
        <time>2015-07-19T07:00:56Z</time>
      </trkpt>
      <trkpt lat="45.348908" lon="23.533841">
        <ele>2424.083</ele>
        <time>2015-07-19T07:01:26Z</time>
      </trkpt>
      <trkpt lat="45.348828" lon="23.533891">
        <ele>2426.314</ele>
        <time>2015-07-19T07:01:37Z</time>
      </trkpt>
      <trkpt lat="45.348753" lon="23.533934">
        <ele>2428.236</ele>
        <time>2015-07-19T07:01:47Z</time>
      </trkpt>
      <trkpt lat="45.348666" lon="23.533920">
        <ele>2430.087</ele>
        <time>2015-07-19T07:02:02Z</time>
      </trkpt>
      <trkpt lat="45.348579" lon="23.533923">
        <ele>2430.342</ele>
        <time>2015-07-19T07:02:23Z</time>
      </trkpt>
      <trkpt lat="45.348498" lon="23.533931">
        <ele>2427.826</ele>
        <time>2015-07-19T07:02:52Z</time>
      </trkpt>
      <trkpt lat="45.348413" lon="23.533936">
        <ele>2424.708</ele>
        <time>2015-07-19T07:03:12Z</time>
      </trkpt>
      <trkpt lat="45.348326" lon="23.533930">
        <ele>2422.589</ele>
        <time>2015-07-19T07:03:21Z</time>
      </trkpt>
      <trkpt lat="45.348243" lon="23.533945">
        <ele>2418.575</ele>
        <time>2015-07-19T07:03:31Z</time>
      </trkpt>
      <trkpt lat="45.348155" lon="23.533923">
        <ele>2418.239</ele>
        <time>2015-07-19T07:03:46Z</time>
      </trkpt>
      <trkpt lat="45.348066" lon="23.533891">
        <ele>2419.148</ele>
        <time>2015-07-19T07:03:55Z</time>
      </trkpt>
      <trkpt lat="45.348008" lon="23.533811">
        <ele>2423.190</ele>
        <time>2015-07-19T07:04:03Z</time>
      </trkpt>
      <trkpt lat="45.347968" lon="23.533709">
        <ele>2427.432</ele>
        <time>2015-07-19T07:04:10Z</time>
      </trkpt>
      <trkpt lat="45.347941" lon="23.533593">
        <ele>2430.813</ele>
        <time>2015-07-19T07:04:18Z</time>
      </trkpt>
      <trkpt lat="45.347946" lon="23.533466">
        <ele>2429.125</ele>
        <time>2015-07-19T07:04:30Z</time>
      </trkpt>
      <trkpt lat="45.347878" lon="23.533396">
        <ele>2428.433</ele>
        <time>2015-07-19T07:05:18Z</time>
      </trkpt>
      <trkpt lat="45.347806" lon="23.533341">
        <ele>2428.023</ele>
        <time>2015-07-19T07:05:26Z</time>
      </trkpt>
      <trkpt lat="45.347721" lon="23.533361">
        <ele>2428.415</ele>
        <time>2015-07-19T07:05:59Z</time>
      </trkpt>
      <trkpt lat="45.347641" lon="23.533309">
        <ele>2427.408</ele>
        <time>2015-07-19T07:06:14Z</time>
      </trkpt>
      <trkpt lat="45.347558" lon="23.533273">
        <ele>2426.674</ele>
        <time>2015-07-19T07:06:21Z</time>
      </trkpt>
      <trkpt lat="45.347470" lon="23.533253">
        <ele>2426.290</ele>
        <time>2015-07-19T07:06:28Z</time>
      </trkpt>
      <trkpt lat="45.347396" lon="23.533201">
        <ele>2425.074</ele>
        <time>2015-07-19T07:06:35Z</time>
      </trkpt>
      <trkpt lat="45.347313" lon="23.533195">
        <ele>2424.753</ele>
        <time>2015-07-19T07:06:42Z</time>
      </trkpt>
      <trkpt lat="45.347226" lon="23.533191">
        <ele>2424.485</ele>
        <time>2015-07-19T07:06:49Z</time>
      </trkpt>
      <trkpt lat="45.347136" lon="23.533174">
        <ele>2418.517</ele>
        <time>2015-07-19T07:06:56Z</time>
      </trkpt>
      <trkpt lat="45.347055" lon="23.533151">
        <ele>2413.758</ele>
        <time>2015-07-19T07:07:09Z</time>
      </trkpt>
      <trkpt lat="45.346969" lon="23.533111">
        <ele>2410.060</ele>
        <time>2015-07-19T07:07:16Z</time>
      </trkpt>
      <trkpt lat="45.346890" lon="23.533058">
        <ele>2410.556</ele>
        <time>2015-07-19T07:07:23Z</time>
      </trkpt>
      <trkpt lat="45.346813" lon="23.533009">
        <ele>2410.259</ele>
        <time>2015-07-19T07:07:30Z</time>
      </trkpt>
      <trkpt lat="45.346733" lon="23.532946">
        <ele>2410.314</ele>
        <time>2015-07-19T07:07:40Z</time>
      </trkpt>
      <trkpt lat="45.346653" lon="23.532886">
        <ele>2410.908</ele>
        <time>2015-07-19T07:07:50Z</time>
      </trkpt>
      <trkpt lat="45.346573" lon="23.532843">
        <ele>2412.036</ele>
        <time>2015-07-19T07:07:59Z</time>
      </trkpt>
      <trkpt lat="45.346523" lon="23.532745">
        <ele>2412.512</ele>
        <time>2015-07-19T07:08:17Z</time>
      </trkpt>
      <trkpt lat="45.346448" lon="23.532701">
        <ele>2412.166</ele>
        <time>2015-07-19T07:08:31Z</time>
      </trkpt>
      <trkpt lat="45.346393" lon="23.532616">
        <ele>2410.535</ele>
        <time>2015-07-19T07:08:43Z</time>
      </trkpt>
      <trkpt lat="45.346305" lon="23.532600">
        <ele>2409.477</ele>
        <time>2015-07-19T07:08:51Z</time>
      </trkpt>
      <trkpt lat="45.346216" lon="23.532596">
        <ele>2408.499</ele>
        <time>2015-07-19T07:09:04Z</time>
      </trkpt>
      <trkpt lat="45.346125" lon="23.532573">
        <ele>2406.890</ele>
        <time>2015-07-19T07:09:11Z</time>
      </trkpt>
      <trkpt lat="45.346043" lon="23.532574">
        <ele>2406.672</ele>
        <time>2015-07-19T07:09:18Z</time>
      </trkpt>
      <trkpt lat="45.345960" lon="23.532586">
        <ele>2406.934</ele>
        <time>2015-07-19T07:09:25Z</time>
      </trkpt>
      <trkpt lat="45.345876" lon="23.532596">
        <ele>2407.255</ele>
        <time>2015-07-19T07:09:32Z</time>
      </trkpt>
      <trkpt lat="45.345793" lon="23.532631">
        <ele>2407.910</ele>
        <time>2015-07-19T07:09:40Z</time>
      </trkpt>
      <trkpt lat="45.345713" lon="23.532663">
        <ele>2407.908</ele>
        <time>2015-07-19T07:09:48Z</time>
      </trkpt>
      <trkpt lat="45.345631" lon="23.532694">
        <ele>2407.544</ele>
        <time>2015-07-19T07:09:57Z</time>
      </trkpt>
      <trkpt lat="45.345544" lon="23.532713">
        <ele>2406.770</ele>
        <time>2015-07-19T07:10:06Z</time>
      </trkpt>
      <trkpt lat="45.345458" lon="23.532739">
        <ele>2408.494</ele>
        <time>2015-07-19T07:10:15Z</time>
      </trkpt>
      <trkpt lat="45.345376" lon="23.532760">
        <ele>2410.023</ele>
        <time>2015-07-19T07:10:23Z</time>
      </trkpt>
      <trkpt lat="45.345291" lon="23.532776">
        <ele>2411.775</ele>
        <time>2015-07-19T07:10:32Z</time>
      </trkpt>
      <trkpt lat="45.345221" lon="23.532843">
        <ele>2415.087</ele>
        <time>2015-07-19T07:10:47Z</time>
      </trkpt>
      <trkpt lat="45.345141" lon="23.532870">
        <ele>2418.738</ele>
        <time>2015-07-19T07:11:00Z</time>
      </trkpt>
      <trkpt lat="45.345066" lon="23.532936">
        <ele>2423.010</ele>
        <time>2015-07-19T07:13:32Z</time>
      </trkpt>
      <trkpt lat="45.344988" lon="23.532994">
        <ele>2426.995</ele>
        <time>2015-07-19T07:13:41Z</time>
      </trkpt>
      <trkpt lat="45.344901" lon="23.533026">
        <ele>2427.749</ele>
        <time>2015-07-19T07:13:50Z</time>
      </trkpt>
      <trkpt lat="45.344826" lon="23.533071">
        <ele>2428.223</ele>
        <time>2015-07-19T07:14:00Z</time>
      </trkpt>
      <trkpt lat="45.344759" lon="23.533138">
        <ele>2427.208</ele>
        <time>2015-07-19T07:14:10Z</time>
      </trkpt>
      <trkpt lat="45.344681" lon="23.533193">
        <ele>2428.680</ele>
        <time>2015-07-19T07:14:46Z</time>
      </trkpt>
      <trkpt lat="45.344606" lon="23.533236">
        <ele>2432.156</ele>
        <time>2015-07-19T07:14:57Z</time>
      </trkpt>
      <trkpt lat="45.344521" lon="23.533278">
        <ele>2438.050</ele>
        <time>2015-07-19T07:15:07Z</time>
      </trkpt>
      <trkpt lat="45.344438" lon="23.533291">
        <ele>2443.229</ele>
        <time>2015-07-19T07:15:21Z</time>
      </trkpt>
      <trkpt lat="45.344366" lon="23.533361">
        <ele>2443.961</ele>
        <time>2015-07-19T07:15:42Z</time>
      </trkpt>
      <trkpt lat="45.344286" lon="23.533390">
        <ele>2441.883</ele>
        <time>2015-07-19T07:15:56Z</time>
      </trkpt>
      <trkpt lat="45.344215" lon="23.533459">
        <ele>2441.084</ele>
        <time>2015-07-19T07:16:12Z</time>
      </trkpt>
      <trkpt lat="45.344143" lon="23.533518">
        <ele>2440.686</ele>
        <time>2015-07-19T07:16:25Z</time>
      </trkpt>
      <trkpt lat="45.344056" lon="23.533551">
        <ele>2441.362</ele>
        <time>2015-07-19T07:16:40Z</time>
      </trkpt>
      <trkpt lat="45.343975" lon="23.533585">
        <ele>2441.883</ele>
        <time>2015-07-19T07:16:50Z</time>
      </trkpt>
      <trkpt lat="45.343888" lon="23.533593">
        <ele>2441.711</ele>
        <time>2015-07-19T07:16:59Z</time>
      </trkpt>
      <trkpt lat="45.343806" lon="23.533619">
        <ele>2443.508</ele>
        <time>2015-07-19T07:17:08Z</time>
      </trkpt>
      <trkpt lat="45.343723" lon="23.533656">
        <ele>2444.847</ele>
        <time>2015-07-19T07:17:16Z</time>
      </trkpt>
      <trkpt lat="45.343640" lon="23.533696">
        <ele>2445.783</ele>
        <time>2015-07-19T07:17:25Z</time>
      </trkpt>
      <trkpt lat="45.343551" lon="23.533694">
        <ele>2447.497</ele>
        <time>2015-07-19T07:17:34Z</time>
      </trkpt>
      <trkpt lat="45.343466" lon="23.533691">
        <ele>2449.446</ele>
        <time>2015-07-19T07:17:46Z</time>
      </trkpt>
      <trkpt lat="45.343381" lon="23.533706">
        <ele>2451.298</ele>
        <time>2015-07-19T07:18:54Z</time>
      </trkpt>
      <trkpt lat="45.343301" lon="23.533724">
        <ele>2452.940</ele>
        <time>2015-07-19T07:19:07Z</time>
      </trkpt>
      <trkpt lat="45.343233" lon="23.533799">
        <ele>2454.241</ele>
        <time>2015-07-19T07:19:19Z</time>
      </trkpt>
      <trkpt lat="45.343151" lon="23.533831">
        <ele>2455.813</ele>
        <time>2015-07-19T07:19:31Z</time>
      </trkpt>
      <trkpt lat="45.343066" lon="23.533816">
        <ele>2457.013</ele>
        <time>2015-07-19T07:20:23Z</time>
      </trkpt>
      <trkpt lat="45.342986" lon="23.533848">
        <ele>2459.843</ele>
        <time>2015-07-19T07:20:32Z</time>
      </trkpt>
      <trkpt lat="45.342908" lon="23.533885">
        <ele>2462.707</ele>
        <time>2015-07-19T07:20:42Z</time>
      </trkpt>
      <trkpt lat="45.342826" lon="23.533900">
        <ele>2465.308</ele>
        <time>2015-07-19T07:20:51Z</time>
      </trkpt>
      <trkpt lat="45.342740" lon="23.533903">
        <ele>2467.472</ele>
        <time>2015-07-19T07:21:02Z</time>
      </trkpt>
      <trkpt lat="45.342656" lon="23.533930">
        <ele>2468.528</ele>
        <time>2015-07-19T07:21:15Z</time>
      </trkpt>
      <trkpt lat="45.342581" lon="23.533979">
        <ele>2469.612</ele>
        <time>2015-07-19T07:22:00Z</time>
      </trkpt>
      <trkpt lat="45.342498" lon="23.534023">
        <ele>2471.011</ele>
        <time>2015-07-19T07:22:11Z</time>
      </trkpt>
      <trkpt lat="45.342413" lon="23.534060">
        <ele>2472.133</ele>
        <time>2015-07-19T07:22:21Z</time>
      </trkpt>
      <trkpt lat="45.342323" lon="23.534055">
        <ele>2473.385</ele>
        <time>2015-07-19T07:22:30Z</time>
      </trkpt>
      <trkpt lat="45.342238" lon="23.534055">
        <ele>2474.486</ele>
        <time>2015-07-19T07:22:38Z</time>
      </trkpt>
      <trkpt lat="45.342165" lon="23.534125">
        <ele>2474.698</ele>
        <time>2015-07-19T07:22:47Z</time>
      </trkpt>
      <trkpt lat="45.342105" lon="23.534204">
        <ele>2474.454</ele>
        <time>2015-07-19T07:22:58Z</time>
      </trkpt>
      <trkpt lat="45.342051" lon="23.534306">
        <ele>2474.156</ele>
        <time>2015-07-19T07:23:07Z</time>
      </trkpt>
      <trkpt lat="45.341993" lon="23.534395">
        <ele>2474.411</ele>
        <time>2015-07-19T07:23:17Z</time>
      </trkpt>
      <trkpt lat="45.341926" lon="23.534481">
        <ele>2474.508</ele>
        <time>2015-07-19T07:23:25Z</time>
      </trkpt>
      <trkpt lat="45.341858" lon="23.534568">
        <ele>2473.436</ele>
        <time>2015-07-19T07:23:33Z</time>
      </trkpt>
      <trkpt lat="45.341813" lon="23.534671">
        <ele>2473.322</ele>
        <time>2015-07-19T07:23:41Z</time>
      </trkpt>
      <trkpt lat="45.341748" lon="23.534750">
        <ele>2473.446</ele>
        <time>2015-07-19T07:23:48Z</time>
      </trkpt>
      <trkpt lat="45.341668" lon="23.534810">
        <ele>2473.675</ele>
        <time>2015-07-19T07:23:56Z</time>
      </trkpt>
      <trkpt lat="45.341598" lon="23.534893">
        <ele>2473.017</ele>
        <time>2015-07-19T07:24:04Z</time>
      </trkpt>
      <trkpt lat="45.341531" lon="23.534973">
        <ele>2473.189</ele>
        <time>2015-07-19T07:24:13Z</time>
      </trkpt>
      <trkpt lat="45.341463" lon="23.535056">
        <ele>2473.460</ele>
        <time>2015-07-19T07:24:21Z</time>
      </trkpt>
      <trkpt lat="45.341390" lon="23.535125">
        <ele>2473.842</ele>
        <time>2015-07-19T07:24:29Z</time>
      </trkpt>
      <trkpt lat="45.341338" lon="23.535218">
        <ele>2473.977</ele>
        <time>2015-07-19T07:24:37Z</time>
      </trkpt>
      <trkpt lat="45.341265" lon="23.535281">
        <ele>2473.461</ele>
        <time>2015-07-19T07:24:49Z</time>
      </trkpt>
      <trkpt lat="45.341210" lon="23.535369">
        <ele>2473.127</ele>
        <time>2015-07-19T07:25:04Z</time>
      </trkpt>
      <trkpt lat="45.341126" lon="23.535418">
        <ele>2472.308</ele>
        <time>2015-07-19T07:25:17Z</time>
      </trkpt>
      <trkpt lat="45.341051" lon="23.535488">
        <ele>2470.738</ele>
        <time>2015-07-19T07:25:24Z</time>
      </trkpt>
      <trkpt lat="45.341003" lon="23.535586">
        <ele>2470.424</ele>
        <time>2015-07-19T07:25:34Z</time>
      </trkpt>
      <trkpt lat="45.340946" lon="23.535683">
        <ele>2469.958</ele>
        <time>2015-07-19T07:25:41Z</time>
      </trkpt>
      <trkpt lat="45.340906" lon="23.535800">
        <ele>2470.737</ele>
        <time>2015-07-19T07:25:48Z</time>
      </trkpt>
      <trkpt lat="45.340863" lon="23.535916">
        <ele>2471.499</ele>
        <time>2015-07-19T07:25:55Z</time>
      </trkpt>
      <trkpt lat="45.340821" lon="23.536025">
        <ele>2471.781</ele>
        <time>2015-07-19T07:26:02Z</time>
      </trkpt>
      <trkpt lat="45.340791" lon="23.536150">
        <ele>2472.112</ele>
        <time>2015-07-19T07:26:09Z</time>
      </trkpt>
      <trkpt lat="45.340743" lon="23.536253">
        <ele>2471.654</ele>
        <time>2015-07-19T07:26:16Z</time>
      </trkpt>
      <trkpt lat="45.340703" lon="23.536360">
        <ele>2471.593</ele>
        <time>2015-07-19T07:26:23Z</time>
      </trkpt>
      <trkpt lat="45.340676" lon="23.536471">
        <ele>2472.265</ele>
        <time>2015-07-19T07:26:30Z</time>
      </trkpt>
      <trkpt lat="45.340651" lon="23.536586">
        <ele>2473.321</ele>
        <time>2015-07-19T07:26:37Z</time>
      </trkpt>
      <trkpt lat="45.340630" lon="23.536710">
        <ele>2474.708</ele>
        <time>2015-07-19T07:26:45Z</time>
      </trkpt>
      <trkpt lat="45.340616" lon="23.536836">
        <ele>2476.560</ele>
        <time>2015-07-19T07:26:53Z</time>
      </trkpt>
      <trkpt lat="45.340596" lon="23.536951">
        <ele>2478.366</ele>
        <time>2015-07-19T07:27:01Z</time>
      </trkpt>
      <trkpt lat="45.340581" lon="23.537071">
        <ele>2480.760</ele>
        <time>2015-07-19T07:27:12Z</time>
      </trkpt>
      <trkpt lat="45.340596" lon="23.537188">
        <ele>2482.949</ele>
        <time>2015-07-19T07:27:24Z</time>
      </trkpt>
      <trkpt lat="45.340580" lon="23.537306">
        <ele>2484.871</ele>
        <time>2015-07-19T07:27:34Z</time>
      </trkpt>
      <trkpt lat="45.340548" lon="23.537418">
        <ele>2486.723</ele>
        <time>2015-07-19T07:27:43Z</time>
      </trkpt>
      <trkpt lat="45.340521" lon="23.537536">
        <ele>2487.794</ele>
        <time>2015-07-19T07:27:53Z</time>
      </trkpt>
      <trkpt lat="45.340485" lon="23.537650">
        <ele>2488.136</ele>
        <time>2015-07-19T07:28:03Z</time>
      </trkpt>
      <trkpt lat="45.340466" lon="23.537766">
        <ele>2488.911</ele>
        <time>2015-07-19T07:28:14Z</time>
      </trkpt>
      <trkpt lat="45.340441" lon="23.537876">
        <ele>2490.321</ele>
        <time>2015-07-19T07:28:25Z</time>
      </trkpt>
      <trkpt lat="45.340440" lon="23.537998">
        <ele>2492.303</ele>
        <time>2015-07-19T07:28:41Z</time>
      </trkpt>
      <trkpt lat="45.340446" lon="23.538120">
        <ele>2494.508</ele>
        <time>2015-07-19T07:29:18Z</time>
      </trkpt>
      <trkpt lat="45.340411" lon="23.538238">
        <ele>2496.672</ele>
        <time>2015-07-19T07:29:30Z</time>
      </trkpt>
      <trkpt lat="45.340358" lon="23.538325">
        <ele>2498.118</ele>
        <time>2015-07-19T07:29:39Z</time>
      </trkpt>
      <trkpt lat="45.340299" lon="23.538419">
        <ele>2500.192</ele>
        <time>2015-07-19T07:29:48Z</time>
      </trkpt>
      <trkpt lat="45.340253" lon="23.538526">
        <ele>2502.431</ele>
        <time>2015-07-19T07:30:04Z</time>
      </trkpt>
      <trkpt lat="45.340225" lon="23.538641">
        <ele>2504.493</ele>
        <time>2015-07-19T07:30:13Z</time>
      </trkpt>
      <trkpt lat="45.340185" lon="23.538751">
        <ele>2505.345</ele>
        <time>2015-07-19T07:30:24Z</time>
      </trkpt>
      <trkpt lat="45.340181" lon="23.538875">
        <ele>2507.116</ele>
        <time>2015-07-19T07:30:36Z</time>
      </trkpt>
      <trkpt lat="45.340158" lon="23.538995">
        <ele>2507.128</ele>
        <time>2015-07-19T07:30:46Z</time>
      </trkpt>
      <trkpt lat="45.340153" lon="23.539125">
        <ele>2507.039</ele>
        <time>2015-07-19T07:30:55Z</time>
      </trkpt>
      <trkpt lat="45.340148" lon="23.539241">
        <ele>2506.001</ele>
        <time>2015-07-19T07:31:04Z</time>
      </trkpt>
      <trkpt lat="45.340096" lon="23.539348">
        <ele>2505.021</ele>
        <time>2015-07-19T07:39:40Z</time>
      </trkpt>
      <trkpt lat="45.340143" lon="23.539253">
        <ele>2505.908</ele>
        <time>2015-07-19T07:46:46Z</time>
      </trkpt>
      <trkpt lat="45.340163" lon="23.539141">
        <ele>2507.064</ele>
        <time>2015-07-19T07:59:09Z</time>
      </trkpt>
      <trkpt lat="45.340164" lon="23.539019">
        <ele>2507.130</ele>
        <time>2015-07-19T07:59:16Z</time>
      </trkpt>
      <trkpt lat="45.340173" lon="23.538901">
        <ele>2507.284</ele>
        <time>2015-07-19T07:59:23Z</time>
      </trkpt>
      <trkpt lat="45.340186" lon="23.538773">
        <ele>2505.763</ele>
        <time>2015-07-19T07:59:31Z</time>
      </trkpt>
      <trkpt lat="45.340231" lon="23.538663">
        <ele>2504.835</ele>
        <time>2015-07-19T07:59:39Z</time>
      </trkpt>
      <trkpt lat="45.340263" lon="23.538553">
        <ele>2503.377</ele>
        <time>2015-07-19T07:59:46Z</time>
      </trkpt>
      <trkpt lat="45.340306" lon="23.538446">
        <ele>2500.868</ele>
        <time>2015-07-19T07:59:54Z</time>
      </trkpt>
      <trkpt lat="45.340360" lon="23.538355">
        <ele>2498.820</ele>
        <time>2015-07-19T08:00:01Z</time>
      </trkpt>
      <trkpt lat="45.340401" lon="23.538246">
        <ele>2496.766</ele>
        <time>2015-07-19T08:00:09Z</time>
      </trkpt>
      <trkpt lat="45.340430" lon="23.538130">
        <ele>2494.629</ele>
        <time>2015-07-19T08:00:18Z</time>
      </trkpt>
      <trkpt lat="45.340458" lon="23.538013">
        <ele>2492.621</ele>
        <time>2015-07-19T08:00:27Z</time>
      </trkpt>
      <trkpt lat="45.340453" lon="23.537890">
        <ele>2490.708</ele>
        <time>2015-07-19T08:00:38Z</time>
      </trkpt>
      <trkpt lat="45.340496" lon="23.537783">
        <ele>2489.477</ele>
        <time>2015-07-19T08:00:45Z</time>
      </trkpt>
      <trkpt lat="45.340509" lon="23.537660">
        <ele>2488.533</ele>
        <time>2015-07-19T08:00:54Z</time>
      </trkpt>
      <trkpt lat="45.340541" lon="23.537546">
        <ele>2488.177</ele>
        <time>2015-07-19T08:01:01Z</time>
      </trkpt>
      <trkpt lat="45.340565" lon="23.537421">
        <ele>2486.726</ele>
        <time>2015-07-19T08:01:09Z</time>
      </trkpt>
      <trkpt lat="45.340606" lon="23.537320">
        <ele>2484.658</ele>
        <time>2015-07-19T08:01:16Z</time>
      </trkpt>
      <trkpt lat="45.340636" lon="23.537211">
        <ele>2482.910</ele>
        <time>2015-07-19T08:01:26Z</time>
      </trkpt>
      <trkpt lat="45.340611" lon="23.537093">
        <ele>2481.081</ele>
        <time>2015-07-19T08:01:39Z</time>
      </trkpt>
      <trkpt lat="45.340626" lon="23.536968">
        <ele>2478.713</ele>
        <time>2015-07-19T08:01:48Z</time>
      </trkpt>
      <trkpt lat="45.340644" lon="23.536845">
        <ele>2476.955</ele>
        <time>2015-07-19T08:01:58Z</time>
      </trkpt>
      <trkpt lat="45.340663" lon="23.536718">
        <ele>2475.307</ele>
        <time>2015-07-19T08:02:08Z</time>
      </trkpt>
      <trkpt lat="45.340688" lon="23.536600">
        <ele>2474.117</ele>
        <time>2015-07-19T08:02:15Z</time>
      </trkpt>
      <trkpt lat="45.340711" lon="23.536473">
        <ele>2472.808</ele>
        <time>2015-07-19T08:02:21Z</time>
      </trkpt>
      <trkpt lat="45.340749" lon="23.536363">
        <ele>2472.336</ele>
        <time>2015-07-19T08:02:27Z</time>
      </trkpt>
      <trkpt lat="45.340773" lon="23.536250">
        <ele>2472.222</ele>
        <time>2015-07-19T08:02:34Z</time>
      </trkpt>
      <trkpt lat="45.340813" lon="23.536136">
        <ele>2472.626</ele>
        <time>2015-07-19T08:02:45Z</time>
      </trkpt>
      <trkpt lat="45.340848" lon="23.536029">
        <ele>2472.315</ele>
        <time>2015-07-19T08:02:52Z</time>
      </trkpt>
      <trkpt lat="45.340898" lon="23.535933">
        <ele>2472.197</ele>
        <time>2015-07-19T08:02:58Z</time>
      </trkpt>
      <trkpt lat="45.340943" lon="23.535828">
        <ele>2471.929</ele>
        <time>2015-07-19T08:03:05Z</time>
      </trkpt>
      <trkpt lat="45.340974" lon="23.535718">
        <ele>2471.140</ele>
        <time>2015-07-19T08:03:13Z</time>
      </trkpt>
      <trkpt lat="45.341016" lon="23.535606">
        <ele>2471.172</ele>
        <time>2015-07-19T08:03:21Z</time>
      </trkpt>
      <trkpt lat="45.341064" lon="23.535498">
        <ele>2471.462</ele>
        <time>2015-07-19T08:03:29Z</time>
      </trkpt>
      <trkpt lat="45.341130" lon="23.535423">
        <ele>2472.483</ele>
        <time>2015-07-19T08:03:37Z</time>
      </trkpt>
      <trkpt lat="45.341201" lon="23.535358">
        <ele>2472.811</ele>
        <time>2015-07-19T08:03:45Z</time>
      </trkpt>
      <trkpt lat="45.341274" lon="23.535278">
        <ele>2473.508</ele>
        <time>2015-07-19T08:03:55Z</time>
      </trkpt>
      <trkpt lat="45.341340" lon="23.535194">
        <ele>2473.617</ele>
        <time>2015-07-19T08:04:02Z</time>
      </trkpt>
      <trkpt lat="45.341400" lon="23.535115">
        <ele>2473.793</ele>
        <time>2015-07-19T08:04:09Z</time>
      </trkpt>
      <trkpt lat="45.341478" lon="23.535051">
        <ele>2473.557</ele>
        <time>2015-07-19T08:04:18Z</time>
      </trkpt>
      <trkpt lat="45.341540" lon="23.534976">
        <ele>2473.356</ele>
        <time>2015-07-19T08:04:27Z</time>
      </trkpt>
      <trkpt lat="45.341604" lon="23.534896">
        <ele>2473.228</ele>
        <time>2015-07-19T08:04:36Z</time>
      </trkpt>
      <trkpt lat="45.341673" lon="23.534816">
        <ele>2473.720</ele>
        <time>2015-07-19T08:04:52Z</time>
      </trkpt>
      <trkpt lat="45.341753" lon="23.534750">
        <ele>2473.461</ele>
        <time>2015-07-19T08:05:01Z</time>
      </trkpt>
      <trkpt lat="45.341826" lon="23.534678">
        <ele>2473.473</ele>
        <time>2015-07-19T08:05:09Z</time>
      </trkpt>
      <trkpt lat="45.341876" lon="23.534583">
        <ele>2473.625</ele>
        <time>2015-07-19T08:05:19Z</time>
      </trkpt>
      <trkpt lat="45.341936" lon="23.534505">
        <ele>2474.626</ele>
        <time>2015-07-19T08:05:28Z</time>
      </trkpt>
      <trkpt lat="45.342003" lon="23.534438">
        <ele>2474.408</ele>
        <time>2015-07-19T08:05:38Z</time>
      </trkpt>
      <trkpt lat="45.342065" lon="23.534346">
        <ele>2474.008</ele>
        <time>2015-07-19T08:05:47Z</time>
      </trkpt>
      <trkpt lat="45.342106" lon="23.534236">
        <ele>2474.313</ele>
        <time>2015-07-19T08:05:56Z</time>
      </trkpt>
      <trkpt lat="45.342176" lon="23.534164">
        <ele>2474.869</ele>
        <time>2015-07-19T08:06:15Z</time>
      </trkpt>
      <trkpt lat="45.342239" lon="23.534084">
        <ele>2474.553</ele>
        <time>2015-07-19T08:06:25Z</time>
      </trkpt>
      <trkpt lat="45.342328" lon="23.534058">
        <ele>2473.212</ele>
        <time>2015-07-19T08:06:35Z</time>
      </trkpt>
      <trkpt lat="45.342416" lon="23.534063">
        <ele>2472.134</ele>
        <time>2015-07-19T08:06:49Z</time>
      </trkpt>
      <trkpt lat="45.342503" lon="23.534020">
        <ele>2470.976</ele>
        <time>2015-07-19T08:06:58Z</time>
      </trkpt>
      <trkpt lat="45.342581" lon="23.533970">
        <ele>2469.667</ele>
        <time>2015-07-19T08:07:15Z</time>
      </trkpt>
      <trkpt lat="45.342661" lon="23.533933">
        <ele>2468.499</ele>
        <time>2015-07-19T08:07:26Z</time>
      </trkpt>
      <trkpt lat="45.342741" lon="23.533894">
        <ele>2467.573</ele>
        <time>2015-07-19T08:07:36Z</time>
      </trkpt>
      <trkpt lat="45.342826" lon="23.533911">
        <ele>2465.285</ele>
        <time>2015-07-19T08:07:51Z</time>
      </trkpt>
      <trkpt lat="45.342906" lon="23.533880">
        <ele>2462.813</ele>
        <time>2015-07-19T08:08:00Z</time>
      </trkpt>
      <trkpt lat="45.342991" lon="23.533841">
        <ele>2459.608</ele>
        <time>2015-07-19T08:08:10Z</time>
      </trkpt>
      <trkpt lat="45.343073" lon="23.533813">
        <ele>2456.968</ele>
        <time>2015-07-19T08:08:19Z</time>
      </trkpt>
      <trkpt lat="45.343154" lon="23.533831">
        <ele>2455.824</ele>
        <time>2015-07-19T08:08:28Z</time>
      </trkpt>
      <trkpt lat="45.343238" lon="23.533803">
        <ele>2454.248</ele>
        <time>2015-07-19T08:08:42Z</time>
      </trkpt>
      <trkpt lat="45.343325" lon="23.533766">
        <ele>2452.737</ele>
        <time>2015-07-19T08:08:56Z</time>
      </trkpt>
      <trkpt lat="45.343398" lon="23.533696">
        <ele>2450.979</ele>
        <time>2015-07-19T08:09:14Z</time>
      </trkpt>
      <trkpt lat="45.343481" lon="23.533671">
        <ele>2449.131</ele>
        <time>2015-07-19T08:09:31Z</time>
      </trkpt>
      <trkpt lat="45.343571" lon="23.533691">
        <ele>2447.082</ele>
        <time>2015-07-19T08:09:40Z</time>
      </trkpt>
      <trkpt lat="45.343656" lon="23.533678">
        <ele>2445.794</ele>
        <time>2015-07-19T08:09:48Z</time>
      </trkpt>
      <trkpt lat="45.343741" lon="23.533653">
        <ele>2444.689</ele>
        <time>2015-07-19T08:10:01Z</time>
      </trkpt>
      <trkpt lat="45.343820" lon="23.533608">
        <ele>2443.206</ele>
        <time>2015-07-19T08:10:13Z</time>
      </trkpt>
      <trkpt lat="45.343904" lon="23.533578">
        <ele>2441.426</ele>
        <time>2015-07-19T08:10:24Z</time>
      </trkpt>
      <trkpt lat="45.343988" lon="23.533573">
        <ele>2441.608</ele>
        <time>2015-07-19T08:10:34Z</time>
      </trkpt>
      <trkpt lat="45.344063" lon="23.533530">
        <ele>2440.849</ele>
        <time>2015-07-19T08:10:44Z</time>
      </trkpt>
      <trkpt lat="45.344151" lon="23.533510">
        <ele>2440.425</ele>
        <time>2015-07-19T08:11:03Z</time>
      </trkpt>
      <trkpt lat="45.344221" lon="23.533443">
        <ele>2440.829</ele>
        <time>2015-07-19T08:11:19Z</time>
      </trkpt>
      <trkpt lat="45.344296" lon="23.533398">
        <ele>2442.488</ele>
        <time>2015-07-19T08:11:44Z</time>
      </trkpt>
      <trkpt lat="45.344378" lon="23.533380">
        <ele>2444.950</ele>
        <time>2015-07-19T08:12:01Z</time>
      </trkpt>
      <trkpt lat="45.344458" lon="23.533328">
        <ele>2444.792</ele>
        <time>2015-07-19T08:12:25Z</time>
      </trkpt>
      <trkpt lat="45.344541" lon="23.533315">
        <ele>2438.163</ele>
        <time>2015-07-19T08:12:35Z</time>
      </trkpt>
      <trkpt lat="45.344616" lon="23.533270">
        <ele>2432.175</ele>
        <time>2015-07-19T08:12:47Z</time>
      </trkpt>
      <trkpt lat="45.344695" lon="23.533226">
        <ele>2427.865</ele>
        <time>2015-07-19T08:13:00Z</time>
      </trkpt>
      <trkpt lat="45.344778" lon="23.533198">
        <ele>2425.568</ele>
        <time>2015-07-19T08:13:09Z</time>
      </trkpt>
      <trkpt lat="45.344849" lon="23.533125">
        <ele>2426.214</ele>
        <time>2015-07-19T08:13:23Z</time>
      </trkpt>
      <trkpt lat="45.344936" lon="23.533031">
        <ele>2427.708</ele>
        <time>2015-07-19T08:13:54Z</time>
      </trkpt>
      <trkpt lat="45.345013" lon="23.532993">
        <ele>2426.367</ele>
        <time>2015-07-19T08:14:09Z</time>
      </trkpt>
      <trkpt lat="45.345093" lon="23.532955">
        <ele>2422.183</ele>
        <time>2015-07-19T08:14:20Z</time>
      </trkpt>
      <trkpt lat="45.345168" lon="23.532903">
        <ele>2418.147</ele>
        <time>2015-07-19T08:14:36Z</time>
      </trkpt>
      <trkpt lat="45.345253" lon="23.532843">
        <ele>2413.786</ele>
        <time>2015-07-19T08:15:15Z</time>
      </trkpt>
      <trkpt lat="45.345338" lon="23.532791">
        <ele>2411.148</ele>
        <time>2015-07-19T08:15:20Z</time>
      </trkpt>
      <trkpt lat="45.345424" lon="23.532758">
        <ele>2409.230</ele>
        <time>2015-07-19T08:15:26Z</time>
      </trkpt>
      <trkpt lat="45.345513" lon="23.532756">
        <ele>2407.691</ele>
        <time>2015-07-19T08:15:46Z</time>
      </trkpt>
      <trkpt lat="45.345601" lon="23.532705">
        <ele>2407.283</ele>
        <time>2015-07-19T08:16:25Z</time>
      </trkpt>
      <trkpt lat="45.345679" lon="23.532671">
        <ele>2407.781</ele>
        <time>2015-07-19T08:16:36Z</time>
      </trkpt>
      <trkpt lat="45.345761" lon="23.532648">
        <ele>2408.161</ele>
        <time>2015-07-19T08:16:52Z</time>
      </trkpt>
      <trkpt lat="45.345848" lon="23.532616">
        <ele>2407.817</ele>
        <time>2015-07-19T08:17:00Z</time>
      </trkpt>
      <trkpt lat="45.345938" lon="23.532588">
        <ele>2407.008</ele>
        <time>2015-07-19T08:17:18Z</time>
      </trkpt>
      <trkpt lat="45.346019" lon="23.532586">
        <ele>2407.099</ele>
        <time>2015-07-19T08:17:24Z</time>
      </trkpt>
      <trkpt lat="45.346105" lon="23.532574">
        <ele>2406.795</ele>
        <time>2015-07-19T08:17:32Z</time>
      </trkpt>
      <trkpt lat="45.346188" lon="23.532568">
        <ele>2407.349</ele>
        <time>2015-07-19T08:17:38Z</time>
      </trkpt>
      <trkpt lat="45.346273" lon="23.532583">
        <ele>2408.658</ele>
        <time>2015-07-19T08:17:44Z</time>
      </trkpt>
      <trkpt lat="45.346361" lon="23.532595">
        <ele>2409.880</ele>
        <time>2015-07-19T08:17:52Z</time>
      </trkpt>
      <trkpt lat="45.346435" lon="23.532648">
        <ele>2411.122</ele>
        <time>2015-07-19T08:18:04Z</time>
      </trkpt>
      <trkpt lat="45.346511" lon="23.532706">
        <ele>2411.993</ele>
        <time>2015-07-19T08:18:29Z</time>
      </trkpt>
      <trkpt lat="45.346564" lon="23.532793">
        <ele>2412.685</ele>
        <time>2015-07-19T08:18:44Z</time>
      </trkpt>
      <trkpt lat="45.346626" lon="23.532873">
        <ele>2411.352</ele>
        <time>2015-07-19T08:19:08Z</time>
      </trkpt>
      <trkpt lat="45.346705" lon="23.532910">
        <ele>2410.653</ele>
        <time>2015-07-19T08:21:17Z</time>
      </trkpt>
      <trkpt lat="45.346776" lon="23.532981">
        <ele>2410.208</ele>
        <time>2015-07-19T08:21:29Z</time>
      </trkpt>
      <trkpt lat="45.346858" lon="23.533021">
        <ele>2410.408</ele>
        <time>2015-07-19T08:21:38Z</time>
      </trkpt>
      <trkpt lat="45.346931" lon="23.533078">
        <ele>2410.016</ele>
        <time>2015-07-19T08:21:50Z</time>
      </trkpt>
      <trkpt lat="45.347011" lon="23.533103">
        <ele>2412.332</ele>
        <time>2015-07-19T08:22:00Z</time>
      </trkpt>
      <trkpt lat="45.347100" lon="23.533125">
        <ele>2416.496</ele>
        <time>2015-07-19T08:22:12Z</time>
      </trkpt>
      <trkpt lat="45.347181" lon="23.533158">
        <ele>2421.155</ele>
        <time>2015-07-19T08:22:20Z</time>
      </trkpt>
      <trkpt lat="45.347261" lon="23.533216">
        <ele>2425.197</ele>
        <time>2015-07-19T08:23:02Z</time>
      </trkpt>
      <trkpt lat="45.347340" lon="23.533183">
        <ele>2424.499</ele>
        <time>2015-07-19T08:23:09Z</time>
      </trkpt>
      <trkpt lat="45.347423" lon="23.533195">
        <ele>2424.940</ele>
        <time>2015-07-19T08:23:18Z</time>
      </trkpt>
      <trkpt lat="45.347501" lon="23.533228">
        <ele>2425.792</ele>
        <time>2015-07-19T08:23:28Z</time>
      </trkpt>
      <trkpt lat="45.347590" lon="23.533258">
        <ele>2426.215</ele>
        <time>2015-07-19T08:23:36Z</time>
      </trkpt>
      <trkpt lat="45.347678" lon="23.533290">
        <ele>2426.965</ele>
        <time>2015-07-19T08:23:45Z</time>
      </trkpt>
      <trkpt lat="45.347755" lon="23.533328">
        <ele>2427.911</ele>
        <time>2015-07-19T08:23:53Z</time>
      </trkpt>
      <trkpt lat="45.347846" lon="23.533330">
        <ele>2427.608</ele>
        <time>2015-07-19T08:24:36Z</time>
      </trkpt>
      <trkpt lat="45.347933" lon="23.533365">
        <ele>2427.842</ele>
        <time>2015-07-19T08:24:54Z</time>
      </trkpt>
      <trkpt lat="45.348010" lon="23.533431">
        <ele>2428.548</ele>
        <time>2015-07-19T08:25:04Z</time>
      </trkpt>
      <trkpt lat="45.348088" lon="23.533485">
        <ele>2429.072</ele>
        <time>2015-07-19T08:25:13Z</time>
      </trkpt>
      <trkpt lat="45.348166" lon="23.533518">
        <ele>2429.121</ele>
        <time>2015-07-19T08:25:21Z</time>
      </trkpt>
      <trkpt lat="45.348243" lon="23.533563">
        <ele>2429.553</ele>
        <time>2015-07-19T08:25:28Z</time>
      </trkpt>
      <trkpt lat="45.348316" lon="23.533626">
        <ele>2429.955</ele>
        <time>2015-07-19T08:25:37Z</time>
      </trkpt>
      <trkpt lat="45.348393" lon="23.533678">
        <ele>2429.396</ele>
        <time>2015-07-19T08:25:45Z</time>
      </trkpt>
      <trkpt lat="45.348476" lon="23.533703">
        <ele>2429.358</ele>
        <time>2015-07-19T08:25:52Z</time>
      </trkpt>
      <trkpt lat="45.348553" lon="23.533761">
        <ele>2429.789</ele>
        <time>2015-07-19T08:26:00Z</time>
      </trkpt>
      <trkpt lat="45.348639" lon="23.533756">
        <ele>2429.406</ele>
        <time>2015-07-19T08:26:08Z</time>
      </trkpt>
      <trkpt lat="45.348723" lon="23.533765">
        <ele>2427.726</ele>
        <time>2015-07-19T08:26:19Z</time>
      </trkpt>
      <trkpt lat="45.348804" lon="23.533780">
        <ele>2426.108</ele>
        <time>2015-07-19T08:26:33Z</time>
      </trkpt>
      <trkpt lat="45.348891" lon="23.533795">
        <ele>2424.319</ele>
        <time>2015-07-19T08:26:47Z</time>
      </trkpt>
      <trkpt lat="45.348976" lon="23.533808">
        <ele>2421.655</ele>
        <time>2015-07-19T08:27:03Z</time>
      </trkpt>
      <trkpt lat="45.349066" lon="23.533793">
        <ele>2418.659</ele>
        <time>2015-07-19T08:27:14Z</time>
      </trkpt>
      <trkpt lat="45.349145" lon="23.533750">
        <ele>2416.218</ele>
        <time>2015-07-19T08:27:21Z</time>
      </trkpt>
      <trkpt lat="45.349231" lon="23.533731">
        <ele>2415.310</ele>
        <time>2015-07-19T08:27:29Z</time>
      </trkpt>
      <trkpt lat="45.349318" lon="23.533736">
        <ele>2415.012</ele>
        <time>2015-07-19T08:27:37Z</time>
      </trkpt>
      <trkpt lat="45.349401" lon="23.533716">
        <ele>2414.633</ele>
        <time>2015-07-19T08:27:47Z</time>
      </trkpt>
      <trkpt lat="45.349489" lon="23.533738">
        <ele>2414.785</ele>
        <time>2015-07-19T08:28:16Z</time>
      </trkpt>
      <trkpt lat="45.349569" lon="23.533763">
        <ele>2415.313</ele>
        <time>2015-07-19T08:28:24Z</time>
      </trkpt>
      <trkpt lat="45.349651" lon="23.533746">
        <ele>2415.643</ele>
        <time>2015-07-19T08:28:31Z</time>
      </trkpt>
      <trkpt lat="45.349733" lon="23.533738">
        <ele>2415.807</ele>
        <time>2015-07-19T08:28:52Z</time>
      </trkpt>
      <trkpt lat="45.349818" lon="23.533751">
        <ele>2415.108</ele>
        <time>2015-07-19T08:29:17Z</time>
      </trkpt>
      <trkpt lat="45.349906" lon="23.533758">
        <ele>2414.112</ele>
        <time>2015-07-19T08:29:25Z</time>
      </trkpt>
      <trkpt lat="45.349988" lon="23.533745">
        <ele>2413.838</ele>
        <time>2015-07-19T08:30:03Z</time>
      </trkpt>
      <trkpt lat="45.350070" lon="23.533756">
        <ele>2413.812</ele>
        <time>2015-07-19T08:45:27Z</time>
      </trkpt>
      <trkpt lat="45.350151" lon="23.533785">
        <ele>2413.271</ele>
        <time>2015-07-19T08:45:34Z</time>
      </trkpt>
      <trkpt lat="45.350236" lon="23.533808">
        <ele>2412.773</ele>
        <time>2015-07-19T08:45:42Z</time>
      </trkpt>
      <trkpt lat="45.350323" lon="23.533810">
        <ele>2413.285</ele>
        <time>2015-07-19T08:45:50Z</time>
      </trkpt>
      <trkpt lat="45.350413" lon="23.533823">
        <ele>2413.226</ele>
        <time>2015-07-19T08:45:57Z</time>
      </trkpt>
      <trkpt lat="45.350500" lon="23.533814">
        <ele>2414.158</ele>
        <time>2015-07-19T08:46:05Z</time>
      </trkpt>
      <trkpt lat="45.350585" lon="23.533826">
        <ele>2413.792</ele>
        <time>2015-07-19T08:46:12Z</time>
      </trkpt>
      <trkpt lat="45.350673" lon="23.533831">
        <ele>2412.673</ele>
        <time>2015-07-19T08:46:19Z</time>
      </trkpt>
      <trkpt lat="45.350750" lon="23.533786">
        <ele>2412.020</ele>
        <time>2015-07-19T08:46:28Z</time>
      </trkpt>
      <trkpt lat="45.350840" lon="23.533796">
        <ele>2410.608</ele>
        <time>2015-07-19T08:46:38Z</time>
      </trkpt>
      <trkpt lat="45.350903" lon="23.533711">
        <ele>2409.450</ele>
        <time>2015-07-19T08:46:45Z</time>
      </trkpt>
      <trkpt lat="45.350958" lon="23.533626">
        <ele>2408.786</ele>
        <time>2015-07-19T08:46:54Z</time>
      </trkpt>
      <trkpt lat="45.351015" lon="23.533540">
        <ele>2408.350</ele>
        <time>2015-07-19T08:47:07Z</time>
      </trkpt>
      <trkpt lat="45.351070" lon="23.533441">
        <ele>2408.129</ele>
        <time>2015-07-19T08:47:18Z</time>
      </trkpt>
      <trkpt lat="45.351136" lon="23.533375">
        <ele>2408.031</ele>
        <time>2015-07-19T08:47:27Z</time>
      </trkpt>
      <trkpt lat="45.351189" lon="23.533288">
        <ele>2408.363</ele>
        <time>2015-07-19T08:47:37Z</time>
      </trkpt>
      <trkpt lat="45.351218" lon="23.533180">
        <ele>2408.194</ele>
        <time>2015-07-19T08:47:49Z</time>
      </trkpt>
      <trkpt lat="45.351246" lon="23.533063">
        <ele>2407.696</ele>
        <time>2015-07-19T08:48:02Z</time>
      </trkpt>
      <trkpt lat="45.351315" lon="23.532990">
        <ele>2406.627</ele>
        <time>2015-07-19T08:48:16Z</time>
      </trkpt>
      <trkpt lat="45.351363" lon="23.532890">
        <ele>2405.768</ele>
        <time>2015-07-19T08:48:27Z</time>
      </trkpt>
      <trkpt lat="45.351369" lon="23.532766">
        <ele>2405.014</ele>
        <time>2015-07-19T08:48:45Z</time>
      </trkpt>
      <trkpt lat="45.351408" lon="23.532656">
        <ele>2402.608</ele>
        <time>2015-07-19T08:48:55Z</time>
      </trkpt>
      <trkpt lat="45.351440" lon="23.532548">
        <ele>2400.063</ele>
        <time>2015-07-19T08:49:07Z</time>
      </trkpt>
      <trkpt lat="45.351455" lon="23.532433">
        <ele>2397.219</ele>
        <time>2015-07-19T08:49:21Z</time>
      </trkpt>
      <trkpt lat="45.351508" lon="23.532338">
        <ele>2393.573</ele>
        <time>2015-07-19T08:49:29Z</time>
      </trkpt>
      <trkpt lat="45.351583" lon="23.532273">
        <ele>2390.542</ele>
        <time>2015-07-19T08:49:37Z</time>
      </trkpt>
      <trkpt lat="45.351658" lon="23.532228">
        <ele>2388.264</ele>
        <time>2015-07-19T08:49:46Z</time>
      </trkpt>
      <trkpt lat="45.351731" lon="23.532175">
        <ele>2385.726</ele>
        <time>2015-07-19T08:50:05Z</time>
      </trkpt>
      <trkpt lat="45.351818" lon="23.532176">
        <ele>2384.457</ele>
        <time>2015-07-19T08:50:14Z</time>
      </trkpt>
      <trkpt lat="45.351858" lon="23.532064">
        <ele>2382.019</ele>
        <time>2015-07-19T08:50:24Z</time>
      </trkpt>
      <trkpt lat="45.351868" lon="23.531943">
        <ele>2380.068</ele>
        <time>2015-07-19T08:50:33Z</time>
      </trkpt>
      <trkpt lat="45.351866" lon="23.531821">
        <ele>2376.942</ele>
        <time>2015-07-19T08:50:52Z</time>
      </trkpt>
      <trkpt lat="45.351854" lon="23.531698">
        <ele>2373.826</ele>
        <time>2015-07-19T08:51:00Z</time>
      </trkpt>
      <trkpt lat="45.351830" lon="23.531580">
        <ele>2371.608</ele>
        <time>2015-07-19T08:51:10Z</time>
      </trkpt>
      <trkpt lat="45.351820" lon="23.531461">
        <ele>2369.587</ele>
        <time>2015-07-19T08:51:20Z</time>
      </trkpt>
      <trkpt lat="45.351833" lon="23.531346">
        <ele>2367.733</ele>
        <time>2015-07-19T08:51:30Z</time>
      </trkpt>
      <trkpt lat="45.351891" lon="23.531258">
        <ele>2367.087</ele>
        <time>2015-07-19T08:51:41Z</time>
      </trkpt>
      <trkpt lat="45.351948" lon="23.531171">
        <ele>2366.116</ele>
        <time>2015-07-19T08:51:56Z</time>
      </trkpt>
      <trkpt lat="45.352015" lon="23.531086">
        <ele>2365.018</ele>
        <time>2015-07-19T08:52:04Z</time>
      </trkpt>
      <trkpt lat="45.352058" lon="23.530985">
        <ele>2363.180</ele>
        <time>2015-07-19T08:52:13Z</time>
      </trkpt>
      <trkpt lat="45.352103" lon="23.530884">
        <ele>2361.251</ele>
        <time>2015-07-19T08:52:22Z</time>
      </trkpt>
      <trkpt lat="45.352126" lon="23.530771">
        <ele>2359.163</ele>
        <time>2015-07-19T08:52:31Z</time>
      </trkpt>
      <trkpt lat="45.352166" lon="23.530663">
        <ele>2357.436</ele>
        <time>2015-07-19T08:52:45Z</time>
      </trkpt>
      <trkpt lat="45.352226" lon="23.530575">
        <ele>2356.317</ele>
        <time>2015-07-19T08:52:57Z</time>
      </trkpt>
      <trkpt lat="45.352276" lon="23.530471">
        <ele>2354.218</ele>
        <time>2015-07-19T08:53:05Z</time>
      </trkpt>
      <trkpt lat="45.352291" lon="23.530351">
        <ele>2352.908</ele>
        <time>2015-07-19T08:53:13Z</time>
      </trkpt>
      <trkpt lat="45.352300" lon="23.530230">
        <ele>2352.164</ele>
        <time>2015-07-19T08:53:21Z</time>
      </trkpt>
      <trkpt lat="45.352338" lon="23.530121">
        <ele>2351.930</ele>
        <time>2015-07-19T08:53:28Z</time>
      </trkpt>
      <trkpt lat="45.352276" lon="23.530036">
        <ele>2352.124</ele>
        <time>2015-07-19T08:53:36Z</time>
      </trkpt>
      <trkpt lat="45.352255" lon="23.529916">
        <ele>2351.863</ele>
        <time>2015-07-19T08:53:46Z</time>
      </trkpt>
      <trkpt lat="45.352235" lon="23.529801">
        <ele>2351.425</ele>
        <time>2015-07-19T08:53:53Z</time>
      </trkpt>
      <trkpt lat="45.352206" lon="23.529691">
        <ele>2350.417</ele>
        <time>2015-07-19T08:54:00Z</time>
      </trkpt>
      <trkpt lat="45.352203" lon="23.529563">
        <ele>2349.048</ele>
        <time>2015-07-19T08:54:08Z</time>
      </trkpt>
      <trkpt lat="45.352226" lon="23.529446">
        <ele>2348.140</ele>
        <time>2015-07-19T08:54:16Z</time>
      </trkpt>
      <trkpt lat="45.352298" lon="23.529358">
        <ele>2347.299</ele>
        <time>2015-07-19T08:54:49Z</time>
      </trkpt>
      <trkpt lat="45.352356" lon="23.529260">
        <ele>2346.407</ele>
        <time>2015-07-19T08:54:56Z</time>
      </trkpt>
      <trkpt lat="45.352413" lon="23.529164">
        <ele>2346.127</ele>
        <time>2015-07-19T08:55:06Z</time>
      </trkpt>
      <trkpt lat="45.352486" lon="23.529089">
        <ele>2346.608</ele>
        <time>2015-07-19T08:55:13Z</time>
      </trkpt>
      <trkpt lat="45.352533" lon="23.528976">
        <ele>2345.850</ele>
        <time>2015-07-19T08:55:20Z</time>
      </trkpt>
      <trkpt lat="45.352576" lon="23.528869">
        <ele>2345.216</ele>
        <time>2015-07-19T08:55:29Z</time>
      </trkpt>
      <trkpt lat="45.352630" lon="23.528775">
        <ele>2344.550</ele>
        <time>2015-07-19T08:55:37Z</time>
      </trkpt>
      <trkpt lat="45.352698" lon="23.528706">
        <ele>2345.169</ele>
        <time>2015-07-19T08:55:45Z</time>
      </trkpt>
      <trkpt lat="45.352771" lon="23.528641">
        <ele>2346.211</ele>
        <time>2015-07-19T08:55:53Z</time>
      </trkpt>
      <trkpt lat="45.352831" lon="23.528556">
        <ele>2345.683</ele>
        <time>2015-07-19T08:56:01Z</time>
      </trkpt>
      <trkpt lat="45.352904" lon="23.528498">
        <ele>2345.954</ele>
        <time>2015-07-19T08:56:09Z</time>
      </trkpt>
      <trkpt lat="45.352961" lon="23.528408">
        <ele>2345.946</ele>
        <time>2015-07-19T08:56:17Z</time>
      </trkpt>
      <trkpt lat="45.353028" lon="23.528333">
        <ele>2347.134</ele>
        <time>2015-07-19T08:56:25Z</time>
      </trkpt>
      <trkpt lat="45.353090" lon="23.528248">
        <ele>2345.655</ele>
        <time>2015-07-19T08:56:33Z</time>
      </trkpt>
      <trkpt lat="45.353178" lon="23.528233">
        <ele>2345.510</ele>
        <time>2015-07-19T08:56:45Z</time>
      </trkpt>
      <trkpt lat="45.353246" lon="23.528164">
        <ele>2344.508</ele>
        <time>2015-07-19T08:56:53Z</time>
      </trkpt>
      <trkpt lat="45.353316" lon="23.528103">
        <ele>2344.394</ele>
        <time>2015-07-19T08:57:04Z</time>
      </trkpt>
      <trkpt lat="45.353393" lon="23.528045">
        <ele>2344.010</ele>
        <time>2015-07-19T08:57:14Z</time>
      </trkpt>
      <trkpt lat="45.353473" lon="23.527990">
        <ele>2343.614</ele>
        <time>2015-07-19T08:57:24Z</time>
      </trkpt>
      <trkpt lat="45.353553" lon="23.527971">
        <ele>2343.823</ele>
        <time>2015-07-19T08:57:35Z</time>
      </trkpt>
      <trkpt lat="45.353623" lon="23.527896">
        <ele>2343.315</ele>
        <time>2015-07-19T08:57:44Z</time>
      </trkpt>
      <trkpt lat="45.353706" lon="23.527858">
        <ele>2343.097</ele>
        <time>2015-07-19T08:57:52Z</time>
      </trkpt>
      <trkpt lat="45.353783" lon="23.527820">
        <ele>2343.198</ele>
        <time>2015-07-19T08:58:02Z</time>
      </trkpt>
      <trkpt lat="45.353851" lon="23.527753">
        <ele>2343.450</ele>
        <time>2015-07-19T08:58:11Z</time>
      </trkpt>
      <trkpt lat="45.353935" lon="23.527713">
        <ele>2343.228</ele>
        <time>2015-07-19T08:58:19Z</time>
      </trkpt>
      <trkpt lat="45.354003" lon="23.527650">
        <ele>2342.789</ele>
        <time>2015-07-19T08:58:28Z</time>
      </trkpt>
      <trkpt lat="45.354066" lon="23.527576">
        <ele>2342.517</ele>
        <time>2015-07-19T08:58:37Z</time>
      </trkpt>
      <trkpt lat="45.354145" lon="23.527525">
        <ele>2342.908</ele>
        <time>2015-07-19T08:58:45Z</time>
      </trkpt>
      <trkpt lat="45.354233" lon="23.527503">
        <ele>2343.273</ele>
        <time>2015-07-19T08:58:53Z</time>
      </trkpt>
      <trkpt lat="45.354320" lon="23.527496">
        <ele>2343.539</ele>
        <time>2015-07-19T08:59:01Z</time>
      </trkpt>
      <trkpt lat="45.354405" lon="23.527483">
        <ele>2343.683</ele>
        <time>2015-07-19T08:59:10Z</time>
      </trkpt>
      <trkpt lat="45.354495" lon="23.527483">
        <ele>2343.332</ele>
        <time>2015-07-19T08:59:20Z</time>
      </trkpt>
      <trkpt lat="45.354576" lon="23.527496">
        <ele>2343.024</ele>
        <time>2015-07-19T08:59:31Z</time>
      </trkpt>
      <trkpt lat="45.354661" lon="23.527489">
        <ele>2342.236</ele>
        <time>2015-07-19T08:59:43Z</time>
      </trkpt>
      <trkpt lat="45.354743" lon="23.527491">
        <ele>2341.987</ele>
        <time>2015-07-19T08:59:54Z</time>
      </trkpt>
      <trkpt lat="45.354821" lon="23.527536">
        <ele>2342.049</ele>
        <time>2015-07-19T09:00:11Z</time>
      </trkpt>
      <trkpt lat="45.354911" lon="23.527548">
        <ele>2342.318</ele>
        <time>2015-07-19T09:00:21Z</time>
      </trkpt>
      <trkpt lat="45.355005" lon="23.527563">
        <ele>2342.998</ele>
        <time>2015-07-19T09:01:36Z</time>
      </trkpt>
      <trkpt lat="45.355098" lon="23.527573">
        <ele>2345.717</ele>
        <time>2015-07-19T09:02:15Z</time>
      </trkpt>
      <trkpt lat="45.355180" lon="23.527581">
        <ele>2348.108</ele>
        <time>2015-07-19T09:02:20Z</time>
      </trkpt>
      <trkpt lat="45.355258" lon="23.527548">
        <ele>2350.462</ele>
        <time>2015-07-19T09:02:29Z</time>
      </trkpt>
      <trkpt lat="45.355338" lon="23.527516">
        <ele>2352.088</ele>
        <time>2015-07-19T09:02:43Z</time>
      </trkpt>
      <trkpt lat="45.355418" lon="23.527551">
        <ele>2353.992</ele>
        <time>2015-07-19T09:03:06Z</time>
      </trkpt>
      <trkpt lat="45.355501" lon="23.527573">
        <ele>2356.131</ele>
        <time>2015-07-19T09:03:22Z</time>
      </trkpt>
      <trkpt lat="45.355579" lon="23.527615">
        <ele>2358.933</ele>
        <time>2015-07-19T09:03:57Z</time>
      </trkpt>
      <trkpt lat="45.355663" lon="23.527624">
        <ele>2359.895</ele>
        <time>2015-07-19T09:04:05Z</time>
      </trkpt>
      <trkpt lat="45.355735" lon="23.527681">
        <ele>2362.036</ele>
        <time>2015-07-19T09:04:13Z</time>
      </trkpt>
      <trkpt lat="45.355808" lon="23.527756">
        <ele>2364.378</ele>
        <time>2015-07-19T09:04:22Z</time>
      </trkpt>
      <trkpt lat="45.355881" lon="23.527816">
        <ele>2365.886</ele>
        <time>2015-07-19T09:04:39Z</time>
      </trkpt>
      <trkpt lat="45.355966" lon="23.527831">
        <ele>2367.260</ele>
        <time>2015-07-19T09:04:49Z</time>
      </trkpt>
      <trkpt lat="45.356048" lon="23.527846">
        <ele>2368.526</ele>
        <time>2015-07-19T09:05:02Z</time>
      </trkpt>
      <trkpt lat="45.356128" lon="23.527826">
        <ele>2369.708</ele>
        <time>2015-07-19T09:05:24Z</time>
      </trkpt>
      <trkpt lat="45.356200" lon="23.527885">
        <ele>2371.459</ele>
        <time>2015-07-19T09:09:11Z</time>
      </trkpt>
      <trkpt lat="45.356278" lon="23.527923">
        <ele>2373.155</ele>
        <time>2015-07-19T09:09:19Z</time>
      </trkpt>
      <trkpt lat="45.356356" lon="23.527966">
        <ele>2374.819</ele>
        <time>2015-07-19T09:09:38Z</time>
      </trkpt>
      <trkpt lat="45.356440" lon="23.527991">
        <ele>2376.898</ele>
        <time>2015-07-19T09:09:47Z</time>
      </trkpt>
      <trkpt lat="45.356520" lon="23.527953">
        <ele>2378.390</ele>
        <time>2015-07-19T09:09:55Z</time>
      </trkpt>
      <trkpt lat="45.356605" lon="23.527965">
        <ele>2380.632</ele>
        <time>2015-07-19T09:10:07Z</time>
      </trkpt>
      <trkpt lat="45.356695" lon="23.527956">
        <ele>2382.543</ele>
        <time>2015-07-19T09:10:17Z</time>
      </trkpt>
      <trkpt lat="45.356776" lon="23.527968">
        <ele>2384.545</ele>
        <time>2015-07-19T09:10:25Z</time>
      </trkpt>
      <trkpt lat="45.356861" lon="23.527946">
        <ele>2385.886</ele>
        <time>2015-07-19T09:10:33Z</time>
      </trkpt>
      <trkpt lat="45.356946" lon="23.527933">
        <ele>2387.460</ele>
        <time>2015-07-19T09:10:42Z</time>
      </trkpt>
      <trkpt lat="45.357030" lon="23.527941">
        <ele>2388.526</ele>
        <time>2015-07-19T09:10:51Z</time>
      </trkpt>
      <trkpt lat="45.357113" lon="23.527916">
        <ele>2389.108</ele>
        <time>2015-07-19T09:11:00Z</time>
      </trkpt>
      <trkpt lat="45.357200" lon="23.527898">
        <ele>2390.119</ele>
        <time>2015-07-19T09:11:11Z</time>
      </trkpt>
      <trkpt lat="45.357285" lon="23.527900">
        <ele>2389.825</ele>
        <time>2015-07-19T09:11:24Z</time>
      </trkpt>
      <trkpt lat="45.357366" lon="23.527879">
        <ele>2388.999</ele>
        <time>2015-07-19T09:11:36Z</time>
      </trkpt>
      <trkpt lat="45.357446" lon="23.527856">
        <ele>2387.758</ele>
        <time>2015-07-19T09:11:49Z</time>
      </trkpt>
      <trkpt lat="45.357523" lon="23.527815">
        <ele>2385.650</ele>
        <time>2015-07-19T09:12:01Z</time>
      </trkpt>
      <trkpt lat="45.357581" lon="23.527731">
        <ele>2381.572</ele>
        <time>2015-07-19T09:12:15Z</time>
      </trkpt>
      <trkpt lat="45.357655" lon="23.527676">
        <ele>2377.843</ele>
        <time>2015-07-19T09:12:31Z</time>
      </trkpt>
      <trkpt lat="45.357731" lon="23.527638">
        <ele>2375.225</ele>
        <time>2015-07-19T09:12:48Z</time>
      </trkpt>
      <trkpt lat="45.357785" lon="23.527548">
        <ele>2373.057</ele>
        <time>2015-07-19T09:13:02Z</time>
      </trkpt>
      <trkpt lat="45.357870" lon="23.527551">
        <ele>2368.500</ele>
        <time>2015-07-19T09:13:17Z</time>
      </trkpt>
      <trkpt lat="45.357948" lon="23.527483">
        <ele>2362.720</ele>
        <time>2015-07-19T09:13:38Z</time>
      </trkpt>
      <trkpt lat="45.358006" lon="23.527398">
        <ele>2357.608</ele>
        <time>2015-07-19T09:13:49Z</time>
      </trkpt>
      <trkpt lat="45.358081" lon="23.527336">
        <ele>2354.686</ele>
        <time>2015-07-19T09:14:02Z</time>
      </trkpt>
      <trkpt lat="45.358163" lon="23.527301">
        <ele>2356.342</ele>
        <time>2015-07-19T09:14:12Z</time>
      </trkpt>
      <trkpt lat="45.358228" lon="23.527211">
        <ele>2358.126</ele>
        <time>2015-07-19T09:14:23Z</time>
      </trkpt>
      <trkpt lat="45.358305" lon="23.527161">
        <ele>2360.055</ele>
        <time>2015-07-19T09:14:31Z</time>
      </trkpt>
      <trkpt lat="45.358386" lon="23.527110">
        <ele>2361.087</ele>
        <time>2015-07-19T09:14:40Z</time>
      </trkpt>
      <trkpt lat="45.358461" lon="23.527044">
        <ele>2362.539</ele>
        <time>2015-07-19T09:14:48Z</time>
      </trkpt>
      <trkpt lat="45.358545" lon="23.527044">
        <ele>2364.990</ele>
        <time>2015-07-19T09:14:58Z</time>
      </trkpt>
      <trkpt lat="45.358621" lon="23.526995">
        <ele>2367.482</ele>
        <time>2015-07-19T09:15:07Z</time>
      </trkpt>
      <trkpt lat="45.358686" lon="23.526921">
        <ele>2364.642</ele>
        <time>2015-07-19T09:15:18Z</time>
      </trkpt>
      <trkpt lat="45.358764" lon="23.526885">
        <ele>2360.722</ele>
        <time>2015-07-19T09:15:29Z</time>
      </trkpt>
      <trkpt lat="45.358841" lon="23.526818">
        <ele>2358.114</ele>
        <time>2015-07-19T09:16:33Z</time>
      </trkpt>
      <trkpt lat="45.358896" lon="23.526716">
        <ele>2358.108</ele>
        <time>2015-07-19T09:16:41Z</time>
      </trkpt>
      <trkpt lat="45.358959" lon="23.526641">
        <ele>2356.235</ele>
        <time>2015-07-19T09:16:49Z</time>
      </trkpt>
      <trkpt lat="45.359021" lon="23.526564">
        <ele>2353.221</ele>
        <time>2015-07-19T09:17:04Z</time>
      </trkpt>
      <trkpt lat="45.359101" lon="23.526525">
        <ele>2350.985</ele>
        <time>2015-07-19T09:17:15Z</time>
      </trkpt>
      <trkpt lat="45.359171" lon="23.526466">
        <ele>2349.234</ele>
        <time>2015-07-19T09:17:22Z</time>
      </trkpt>
      <trkpt lat="45.359250" lon="23.526410">
        <ele>2348.086</ele>
        <time>2015-07-19T09:17:29Z</time>
      </trkpt>
      <trkpt lat="45.359320" lon="23.526331">
        <ele>2347.458</ele>
        <time>2015-07-19T09:17:37Z</time>
      </trkpt>
      <trkpt lat="45.359405" lon="23.526300">
        <ele>2346.969</ele>
        <time>2015-07-19T09:17:46Z</time>
      </trkpt>
      <trkpt lat="45.359478" lon="23.526246">
        <ele>2346.491</ele>
        <time>2015-07-19T09:17:54Z</time>
      </trkpt>
      <trkpt lat="45.359558" lon="23.526218">
        <ele>2345.352</ele>
        <time>2015-07-19T09:18:03Z</time>
      </trkpt>
      <trkpt lat="45.359628" lon="23.526143">
        <ele>2345.053</ele>
        <time>2015-07-19T09:18:11Z</time>
      </trkpt>
      <trkpt lat="45.359708" lon="23.526078">
        <ele>2344.108</ele>
        <time>2015-07-19T09:18:20Z</time>
      </trkpt>
      <trkpt lat="45.359778" lon="23.526006">
        <ele>2343.208</ele>
        <time>2015-07-19T09:18:27Z</time>
      </trkpt>
      <trkpt lat="45.359855" lon="23.525964">
        <ele>2342.856</ele>
        <time>2015-07-19T09:18:35Z</time>
      </trkpt>
      <trkpt lat="45.359928" lon="23.525908">
        <ele>2343.072</ele>
        <time>2015-07-19T09:18:48Z</time>
      </trkpt>
      <trkpt lat="45.359996" lon="23.525834">
        <ele>2344.046</ele>
        <time>2015-07-19T09:19:02Z</time>
      </trkpt>
      <trkpt lat="45.360065" lon="23.525768">
        <ele>2341.915</ele>
        <time>2015-07-19T09:19:12Z</time>
      </trkpt>
      <trkpt lat="45.360136" lon="23.525711">
        <ele>2340.697</ele>
        <time>2015-07-19T09:23:41Z</time>
      </trkpt>
      <trkpt lat="45.360175" lon="23.525606">
        <ele>2341.529</ele>
        <time>2015-07-19T09:23:52Z</time>
      </trkpt>
      <trkpt lat="45.360240" lon="23.525523">
        <ele>2342.210</ele>
        <time>2015-07-19T09:24:06Z</time>
      </trkpt>
      <trkpt lat="45.360296" lon="23.525431">
        <ele>2342.112</ele>
        <time>2015-07-19T09:24:20Z</time>
      </trkpt>
      <trkpt lat="45.360328" lon="23.525323">
        <ele>2342.067</ele>
        <time>2015-07-19T09:24:28Z</time>
      </trkpt>
      <trkpt lat="45.360363" lon="23.525218">
        <ele>2341.581</ele>
        <time>2015-07-19T09:24:41Z</time>
      </trkpt>
      <trkpt lat="45.360371" lon="23.525096">
        <ele>2341.019</ele>
        <time>2015-07-19T09:24:59Z</time>
      </trkpt>
      <trkpt lat="45.360414" lon="23.524990">
        <ele>2340.908</ele>
        <time>2015-07-19T09:25:25Z</time>
      </trkpt>
      <trkpt lat="45.360486" lon="23.524915">
        <ele>2341.337</ele>
        <time>2015-07-19T09:25:37Z</time>
      </trkpt>
      <trkpt lat="45.360564" lon="23.524865">
        <ele>2341.953</ele>
        <time>2015-07-19T09:25:51Z</time>
      </trkpt>
      <trkpt lat="45.360650" lon="23.524838">
        <ele>2341.067</ele>
        <time>2015-07-19T09:26:01Z</time>
      </trkpt>
      <trkpt lat="45.360711" lon="23.524754">
        <ele>2341.116</ele>
        <time>2015-07-19T09:26:09Z</time>
      </trkpt>
      <trkpt lat="45.360766" lon="23.524664">
        <ele>2341.198</ele>
        <time>2015-07-19T09:26:20Z</time>
      </trkpt>
      <trkpt lat="45.360818" lon="23.524568">
        <ele>2341.020</ele>
        <time>2015-07-19T09:26:29Z</time>
      </trkpt>
      <trkpt lat="45.360875" lon="23.524478">
        <ele>2340.371</ele>
        <time>2015-07-19T09:26:39Z</time>
      </trkpt>
      <trkpt lat="45.360953" lon="23.524413">
        <ele>2339.113</ele>
        <time>2015-07-19T09:26:47Z</time>
      </trkpt>
      <trkpt lat="45.361019" lon="23.524328">
        <ele>2338.135</ele>
        <time>2015-07-19T09:26:55Z</time>
      </trkpt>
      <trkpt lat="45.361088" lon="23.524251">
        <ele>2337.786</ele>
        <time>2015-07-19T09:27:02Z</time>
      </trkpt>
      <trkpt lat="45.361123" lon="23.524146">
        <ele>2337.114</ele>
        <time>2015-07-19T09:27:09Z</time>
      </trkpt>
      <trkpt lat="45.361165" lon="23.524040">
        <ele>2334.108</ele>
        <time>2015-07-19T09:27:19Z</time>
      </trkpt>
      <trkpt lat="45.361228" lon="23.523963">
        <ele>2331.274</ele>
        <time>2015-07-19T09:27:40Z</time>
      </trkpt>
      <trkpt lat="45.361244" lon="23.523840">
        <ele>2330.680</ele>
        <time>2015-07-19T09:27:56Z</time>
      </trkpt>
      <trkpt lat="45.361283" lon="23.523723">
        <ele>2329.644</ele>
        <time>2015-07-19T09:28:16Z</time>
      </trkpt>
      <trkpt lat="45.361341" lon="23.523638">
        <ele>2329.283</ele>
        <time>2015-07-19T09:28:24Z</time>
      </trkpt>
      <trkpt lat="45.361415" lon="23.523573">
        <ele>2328.615</ele>
        <time>2015-07-19T09:28:33Z</time>
      </trkpt>
      <trkpt lat="45.361476" lon="23.523488">
        <ele>2328.297</ele>
        <time>2015-07-19T09:28:41Z</time>
      </trkpt>
      <trkpt lat="45.361525" lon="23.523391">
        <ele>2329.188</ele>
        <time>2015-07-19T09:29:01Z</time>
      </trkpt>
      <trkpt lat="45.361583" lon="23.523310">
        <ele>2330.510</ele>
        <time>2015-07-19T09:29:09Z</time>
      </trkpt>
      <trkpt lat="45.361638" lon="23.523223">
        <ele>2333.062</ele>
        <time>2015-07-19T09:29:19Z</time>
      </trkpt>
      <trkpt lat="45.361685" lon="23.523123">
        <ele>2336.083</ele>
        <time>2015-07-19T09:29:29Z</time>
      </trkpt>
      <trkpt lat="45.361748" lon="23.523041">
        <ele>2338.711</ele>
        <time>2015-07-19T09:30:06Z</time>
      </trkpt>
      <trkpt lat="45.361806" lon="23.522959">
        <ele>2341.808</ele>
        <time>2015-07-19T09:31:47Z</time>
      </trkpt>
      <trkpt lat="45.361861" lon="23.522866">
        <ele>2346.137</ele>
        <time>2015-07-19T09:32:02Z</time>
      </trkpt>
      <trkpt lat="45.361914" lon="23.522773">
        <ele>2351.293</ele>
        <time>2015-07-19T09:32:18Z</time>
      </trkpt>
      <trkpt lat="45.361986" lon="23.522703">
        <ele>2353.447</ele>
        <time>2015-07-19T09:32:34Z</time>
      </trkpt>
      <trkpt lat="45.362039" lon="23.522611">
        <ele>2355.186</ele>
        <time>2015-07-19T09:32:49Z</time>
      </trkpt>
      <trkpt lat="45.362099" lon="23.522530">
        <ele>2356.728</ele>
        <time>2015-07-19T09:33:07Z</time>
      </trkpt>
      <trkpt lat="45.362166" lon="23.522446">
        <ele>2357.930</ele>
        <time>2015-07-19T09:39:39Z</time>
      </trkpt>
      <trkpt lat="45.362206" lon="23.522341">
        <ele>2359.761</ele>
        <time>2015-07-19T09:39:47Z</time>
      </trkpt>
      <trkpt lat="45.362258" lon="23.522250">
        <ele>2361.393</ele>
        <time>2015-07-19T09:40:02Z</time>
      </trkpt>
      <trkpt lat="45.362336" lon="23.522205">
        <ele>2361.971</ele>
        <time>2015-07-19T09:40:15Z</time>
      </trkpt>
      <trkpt lat="45.362386" lon="23.522109">
        <ele>2364.141</ele>
        <time>2015-07-19T09:40:26Z</time>
      </trkpt>
      <trkpt lat="45.362455" lon="23.522038">
        <ele>2367.315</ele>
        <time>2015-07-19T09:40:38Z</time>
      </trkpt>
      <trkpt lat="45.362516" lon="23.521948">
        <ele>2372.008</ele>
        <time>2015-07-19T09:40:49Z</time>
      </trkpt>
      <trkpt lat="45.362566" lon="23.521851">
        <ele>2374.728</ele>
        <time>2015-07-19T09:41:00Z</time>
      </trkpt>
      <trkpt lat="45.362600" lon="23.521738">
        <ele>2377.924</ele>
        <time>2015-07-19T09:41:14Z</time>
      </trkpt>
      <trkpt lat="45.362638" lon="23.521631">
        <ele>2381.158</ele>
        <time>2015-07-19T09:41:38Z</time>
      </trkpt>
      <trkpt lat="45.362630" lon="23.521513">
        <ele>2382.717</ele>
        <time>2015-07-19T09:41:58Z</time>
      </trkpt>
      <trkpt lat="45.362646" lon="23.521398">
        <ele>2385.149</ele>
        <time>2015-07-19T09:42:09Z</time>
      </trkpt>
      <trkpt lat="45.362656" lon="23.521281">
        <ele>2386.041</ele>
        <time>2015-07-19T09:42:17Z</time>
      </trkpt>
      <trkpt lat="45.362663" lon="23.521166">
        <ele>2386.772</ele>
        <time>2015-07-19T09:42:28Z</time>
      </trkpt>
      <trkpt lat="45.362656" lon="23.521046">
        <ele>2386.254</ele>
        <time>2015-07-19T09:42:38Z</time>
      </trkpt>
      <trkpt lat="45.362669" lon="23.520930">
        <ele>2385.965</ele>
        <time>2015-07-19T09:42:47Z</time>
      </trkpt>
      <trkpt lat="45.362720" lon="23.520838">
        <ele>2386.668</ele>
        <time>2015-07-19T09:42:55Z</time>
      </trkpt>
      <trkpt lat="45.362728" lon="23.520716">
        <ele>2386.314</ele>
        <time>2015-07-19T09:43:06Z</time>
      </trkpt>
      <trkpt lat="45.362735" lon="23.520591">
        <ele>2386.108</ele>
        <time>2015-07-19T09:43:24Z</time>
      </trkpt>
      <trkpt lat="45.362788" lon="23.520486">
        <ele>2386.047</ele>
        <time>2015-07-19T09:43:34Z</time>
      </trkpt>
      <trkpt lat="45.362845" lon="23.520395">
        <ele>2384.633</ele>
        <time>2015-07-19T09:43:50Z</time>
      </trkpt>
      <trkpt lat="45.362905" lon="23.520314">
        <ele>2383.587</ele>
        <time>2015-07-19T09:43:58Z</time>
      </trkpt>
      <trkpt lat="45.362931" lon="23.520201">
        <ele>2381.856</ele>
        <time>2015-07-19T09:44:05Z</time>
      </trkpt>
      <trkpt lat="45.362915" lon="23.520078">
        <ele>2379.838</ele>
        <time>2015-07-19T09:44:27Z</time>
      </trkpt>
      <trkpt lat="45.362909" lon="23.519954">
        <ele>2377.640</ele>
        <time>2015-07-19T09:44:38Z</time>
      </trkpt>
      <trkpt lat="45.362925" lon="23.519841">
        <ele>2375.761</ele>
        <time>2015-07-19T09:44:49Z</time>
      </trkpt>
      <trkpt lat="45.362958" lon="23.519733">
        <ele>2374.133</ele>
        <time>2015-07-19T09:45:00Z</time>
      </trkpt>
      <trkpt lat="45.362980" lon="23.519615">
        <ele>2372.862</ele>
        <time>2015-07-19T09:45:11Z</time>
      </trkpt>
      <trkpt lat="45.363013" lon="23.519498">
        <ele>2371.983</ele>
        <time>2015-07-19T09:45:25Z</time>
      </trkpt>
      <trkpt lat="45.363053" lon="23.519395">
        <ele>2371.211</ele>
        <time>2015-07-19T09:45:36Z</time>
      </trkpt>
      <trkpt lat="45.363101" lon="23.519299">
        <ele>2370.308</ele>
        <time>2015-07-19T09:45:47Z</time>
      </trkpt>
      <trkpt lat="45.363134" lon="23.519191">
        <ele>2369.227</ele>
        <time>2015-07-19T09:45:57Z</time>
      </trkpt>
      <trkpt lat="45.363171" lon="23.519080">
        <ele>2367.883</ele>
        <time>2015-07-19T09:46:09Z</time>
      </trkpt>
      <trkpt lat="45.363218" lon="23.518983">
        <ele>2366.857</ele>
        <time>2015-07-19T09:46:17Z</time>
      </trkpt>
      <trkpt lat="45.363286" lon="23.518908">
        <ele>2366.696</ele>
        <time>2015-07-19T09:46:26Z</time>
      </trkpt>
      <trkpt lat="45.363356" lon="23.518849">
        <ele>2365.998</ele>
        <time>2015-07-19T09:46:34Z</time>
      </trkpt>
      <trkpt lat="45.363440" lon="23.518848">
        <ele>2364.280</ele>
        <time>2015-07-19T09:47:35Z</time>
      </trkpt>
      <trkpt lat="45.363511" lon="23.518788">
        <ele>2361.981</ele>
        <time>2015-07-19T09:47:46Z</time>
      </trkpt>
      <trkpt lat="45.363603" lon="23.518781">
        <ele>2360.023</ele>
        <time>2015-07-19T09:47:53Z</time>
      </trkpt>
      <trkpt lat="45.363688" lon="23.518763">
        <ele>2356.415</ele>
        <time>2015-07-19T09:48:01Z</time>
      </trkpt>
      <trkpt lat="45.363771" lon="23.518763">
        <ele>2352.965</ele>
        <time>2015-07-19T09:48:11Z</time>
      </trkpt>
      <trkpt lat="45.363848" lon="23.518718">
        <ele>2349.611</ele>
        <time>2015-07-19T09:48:23Z</time>
      </trkpt>
      <trkpt lat="45.363905" lon="23.518631">
        <ele>2347.208</ele>
        <time>2015-07-19T09:49:39Z</time>
      </trkpt>
      <trkpt lat="45.363971" lon="23.518539">
        <ele>2343.392</ele>
        <time>2015-07-19T09:50:04Z</time>
      </trkpt>
      <trkpt lat="45.364055" lon="23.518530">
        <ele>2339.098</ele>
        <time>2015-07-19T09:50:35Z</time>
      </trkpt>
      <trkpt lat="45.364099" lon="23.518433">
        <ele>2336.182</ele>
        <time>2015-07-19T09:50:59Z</time>
      </trkpt>
      <trkpt lat="45.364186" lon="23.518411">
        <ele>2331.421</ele>
        <time>2015-07-19T09:51:19Z</time>
      </trkpt>
      <trkpt lat="45.364273" lon="23.518423">
        <ele>2326.253</ele>
        <time>2015-07-19T09:51:32Z</time>
      </trkpt>
      <trkpt lat="45.364324" lon="23.518330">
        <ele>2323.415</ele>
        <time>2015-07-19T09:51:51Z</time>
      </trkpt>
      <trkpt lat="45.364323" lon="23.518213">
        <ele>2321.126</ele>
        <time>2015-07-19T09:52:22Z</time>
      </trkpt>
      <trkpt lat="45.364400" lon="23.518174">
        <ele>2317.158</ele>
        <time>2015-07-19T09:52:35Z</time>
      </trkpt>
      <trkpt lat="45.364473" lon="23.518118">
        <ele>2311.983</ele>
        <time>2015-07-19T09:52:57Z</time>
      </trkpt>
      <trkpt lat="45.364411" lon="23.518030">
        <ele>2313.625</ele>
        <time>2015-07-19T09:53:11Z</time>
      </trkpt>
      <trkpt lat="45.364343" lon="23.517951">
        <ele>2311.717</ele>
        <time>2015-07-19T09:53:32Z</time>
      </trkpt>
      <trkpt lat="45.364298" lon="23.517845">
        <ele>2307.808</ele>
        <time>2015-07-19T09:53:46Z</time>
      </trkpt>
      <trkpt lat="45.364221" lon="23.517801">
        <ele>2308.889</ele>
        <time>2015-07-19T09:53:57Z</time>
      </trkpt>
      <trkpt lat="45.364261" lon="23.517699">
        <ele>2302.245</ele>
        <time>2015-07-19T09:54:59Z</time>
      </trkpt>
      <trkpt lat="45.364339" lon="23.517670">
        <ele>2297.259</ele>
        <time>2015-07-19T09:55:25Z</time>
      </trkpt>
      <trkpt lat="45.364420" lon="23.517623">
        <ele>2290.828</ele>
        <time>2015-07-19T09:55:43Z</time>
      </trkpt>
      <trkpt lat="45.364383" lon="23.517519">
        <ele>2287.340</ele>
        <time>2015-07-19T09:56:15Z</time>
      </trkpt>
      <trkpt lat="45.364465" lon="23.517501">
        <ele>2281.832</ele>
        <time>2015-07-19T09:56:39Z</time>
      </trkpt>
      <trkpt lat="45.364416" lon="23.517401">
        <ele>2281.283</ele>
        <time>2015-07-19T09:56:59Z</time>
      </trkpt>
      <trkpt lat="45.364339" lon="23.517345">
        <ele>2283.035</ele>
        <time>2015-07-19T09:57:14Z</time>
      </trkpt>
      <trkpt lat="45.364279" lon="23.517265">
        <ele>2282.867</ele>
        <time>2015-07-19T09:57:27Z</time>
      </trkpt>
      <trkpt lat="45.364361" lon="23.517230">
        <ele>2277.981</ele>
        <time>2015-07-19T09:58:29Z</time>
      </trkpt>
      <trkpt lat="45.364446" lon="23.517183">
        <ele>2272.419</ele>
        <time>2015-07-19T09:58:40Z</time>
      </trkpt>
      <trkpt lat="45.364528" lon="23.517159">
        <ele>2266.408</ele>
        <time>2015-07-19T09:58:53Z</time>
      </trkpt>
      <trkpt lat="45.364606" lon="23.517126">
        <ele>2260.327</ele>
        <time>2015-07-19T09:59:31Z</time>
      </trkpt>
      <trkpt lat="45.364686" lon="23.517095">
        <ele>2254.223</ele>
        <time>2015-07-19T09:59:38Z</time>
      </trkpt>
      <trkpt lat="45.364768" lon="23.517056">
        <ele>2249.157</ele>
        <time>2015-07-19T09:59:46Z</time>
      </trkpt>
      <trkpt lat="45.364850" lon="23.517045">
        <ele>2246.546</ele>
        <time>2015-07-19T10:00:10Z</time>
      </trkpt>
      <trkpt lat="45.364928" lon="23.517001">
        <ele>2243.568</ele>
        <time>2015-07-19T10:00:25Z</time>
      </trkpt>
      <trkpt lat="45.364993" lon="23.516911">
        <ele>2239.960</ele>
        <time>2015-07-19T10:01:30Z</time>
      </trkpt>
      <trkpt lat="45.365068" lon="23.516851">
        <ele>2236.991</ele>
        <time>2015-07-19T10:01:38Z</time>
      </trkpt>
      <trkpt lat="45.365149" lon="23.516838">
        <ele>2235.513</ele>
        <time>2015-07-19T10:01:48Z</time>
      </trkpt>
      <trkpt lat="45.365230" lon="23.516793">
        <ele>2232.525</ele>
        <time>2015-07-19T10:02:09Z</time>
      </trkpt>
      <trkpt lat="45.365311" lon="23.516821">
        <ele>2232.726</ele>
        <time>2015-07-19T10:02:28Z</time>
      </trkpt>
      <trkpt lat="45.365361" lon="23.516723">
        <ele>2228.708</ele>
        <time>2015-07-19T10:02:50Z</time>
      </trkpt>
      <trkpt lat="45.365446" lon="23.516691">
        <ele>2228.308</ele>
        <time>2015-07-19T10:03:20Z</time>
      </trkpt>
      <trkpt lat="45.365531" lon="23.516706">
        <ele>2228.913</ele>
        <time>2015-07-19T10:03:28Z</time>
      </trkpt>
      <trkpt lat="45.365615" lon="23.516671">
        <ele>2227.959</ele>
        <time>2015-07-19T10:03:39Z</time>
      </trkpt>
      <trkpt lat="45.365695" lon="23.516641">
        <ele>2225.823</ele>
        <time>2015-07-19T10:03:48Z</time>
      </trkpt>
      <trkpt lat="45.365781" lon="23.516661">
        <ele>2224.822</ele>
        <time>2015-07-19T10:03:58Z</time>
      </trkpt>
      <trkpt lat="45.365869" lon="23.516675">
        <ele>2223.344</ele>
        <time>2015-07-19T10:04:29Z</time>
      </trkpt>
      <trkpt lat="45.365966" lon="23.516643">
        <ele>2221.496</ele>
        <time>2015-07-19T10:05:41Z</time>
      </trkpt>
      <trkpt lat="45.366051" lon="23.516626">
        <ele>2219.837</ele>
        <time>2015-07-19T10:05:59Z</time>
      </trkpt>
      <trkpt lat="45.366128" lon="23.516578">
        <ele>2218.169</ele>
        <time>2015-07-19T10:06:08Z</time>
      </trkpt>
      <trkpt lat="45.366203" lon="23.516520">
        <ele>2215.323</ele>
        <time>2015-07-19T10:06:17Z</time>
      </trkpt>
      <trkpt lat="45.366283" lon="23.516475">
        <ele>2212.583</ele>
        <time>2015-07-19T10:06:24Z</time>
      </trkpt>
      <trkpt lat="45.366366" lon="23.516454">
        <ele>2209.811</ele>
        <time>2015-07-19T10:06:37Z</time>
      </trkpt>
      <trkpt lat="45.366441" lon="23.516403">
        <ele>2207.908</ele>
        <time>2015-07-19T10:06:44Z</time>
      </trkpt>
      <trkpt lat="45.366520" lon="23.516345">
        <ele>2206.093</ele>
        <time>2015-07-19T10:06:54Z</time>
      </trkpt>
      <trkpt lat="45.366595" lon="23.516296">
        <ele>2204.589</ele>
        <time>2015-07-19T10:07:02Z</time>
      </trkpt>
      <trkpt lat="45.366675" lon="23.516325">
        <ele>2202.923</ele>
        <time>2015-07-19T10:07:12Z</time>
      </trkpt>
      <trkpt lat="45.366758" lon="23.516325">
        <ele>2200.162</ele>
        <time>2015-07-19T10:07:24Z</time>
      </trkpt>
      <trkpt lat="45.366820" lon="23.516250">
        <ele>2198.574</ele>
        <time>2015-07-19T10:07:40Z</time>
      </trkpt>
      <trkpt lat="45.366886" lon="23.516180">
        <ele>2197.086</ele>
        <time>2015-07-19T10:08:58Z</time>
      </trkpt>
      <trkpt lat="45.366966" lon="23.516123">
        <ele>2195.517</ele>
        <time>2015-07-19T10:09:24Z</time>
      </trkpt>
      <trkpt lat="45.367001" lon="23.516015">
        <ele>2195.259</ele>
        <time>2015-07-19T10:09:33Z</time>
      </trkpt>
      <trkpt lat="45.366985" lon="23.515893">
        <ele>2195.668</ele>
        <time>2015-07-19T10:09:46Z</time>
      </trkpt>
      <trkpt lat="45.367061" lon="23.515840">
        <ele>2195.142</ele>
        <time>2015-07-19T10:10:03Z</time>
      </trkpt>
      <trkpt lat="45.367151" lon="23.515798">
        <ele>2194.026</ele>
        <time>2015-07-19T10:10:13Z</time>
      </trkpt>
      <trkpt lat="45.367230" lon="23.515765">
        <ele>2193.208</ele>
        <time>2015-07-19T10:10:24Z</time>
      </trkpt>
      <trkpt lat="45.367314" lon="23.515758">
        <ele>2192.117</ele>
        <time>2015-07-19T10:10:35Z</time>
      </trkpt>
      <trkpt lat="45.367393" lon="23.515705">
        <ele>2191.093</ele>
        <time>2015-07-19T10:10:46Z</time>
      </trkpt>
      <trkpt lat="45.367476" lon="23.515686">
        <ele>2190.287</ele>
        <time>2015-07-19T10:10:54Z</time>
      </trkpt>
      <trkpt lat="45.367565" lon="23.515700">
        <ele>2188.316</ele>
        <time>2015-07-19T10:11:01Z</time>
      </trkpt>
      <trkpt lat="45.367653" lon="23.515713">
        <ele>2185.998</ele>
        <time>2015-07-19T10:11:12Z</time>
      </trkpt>
      <trkpt lat="45.367738" lon="23.515723">
        <ele>2183.720</ele>
        <time>2015-07-19T10:11:20Z</time>
      </trkpt>
      <trkpt lat="45.367821" lon="23.515735">
        <ele>2182.041</ele>
        <time>2015-07-19T10:11:28Z</time>
      </trkpt>
      <trkpt lat="45.367910" lon="23.515768">
        <ele>2180.773</ele>
        <time>2015-07-19T10:11:36Z</time>
      </trkpt>
      <trkpt lat="45.367993" lon="23.515786">
        <ele>2179.423</ele>
        <time>2015-07-19T10:11:46Z</time>
      </trkpt>
      <trkpt lat="45.368068" lon="23.515723">
        <ele>2178.783</ele>
        <time>2015-07-19T10:11:56Z</time>
      </trkpt>
      <trkpt lat="45.368128" lon="23.515626">
        <ele>2179.411</ele>
        <time>2015-07-19T10:12:04Z</time>
      </trkpt>
      <trkpt lat="45.368196" lon="23.515553">
        <ele>2180.008</ele>
        <time>2015-07-19T10:12:13Z</time>
      </trkpt>
      <trkpt lat="45.368281" lon="23.515520">
        <ele>2179.773</ele>
        <time>2015-07-19T10:12:22Z</time>
      </trkpt>
      <trkpt lat="45.368368" lon="23.515485">
        <ele>2179.399</ele>
        <time>2015-07-19T10:12:32Z</time>
      </trkpt>
      <trkpt lat="45.368448" lon="23.515463">
        <ele>2178.933</ele>
        <time>2015-07-19T10:12:40Z</time>
      </trkpt>
      <trkpt lat="45.368529" lon="23.515469">
        <ele>2178.612</ele>
        <time>2015-07-19T10:12:49Z</time>
      </trkpt>
      <trkpt lat="45.368611" lon="23.515443">
        <ele>2178.434</ele>
        <time>2015-07-19T10:12:57Z</time>
      </trkpt>
      <trkpt lat="45.368701" lon="23.515451">
        <ele>2177.236</ele>
        <time>2015-07-19T10:13:05Z</time>
      </trkpt>
      <trkpt lat="45.368783" lon="23.515420">
        <ele>2176.317</ele>
        <time>2015-07-19T10:13:13Z</time>
      </trkpt>
      <trkpt lat="45.368861" lon="23.515368">
        <ele>2175.749</ele>
        <time>2015-07-19T10:13:22Z</time>
      </trkpt>
      <trkpt lat="45.368945" lon="23.515328">
        <ele>2175.619</ele>
        <time>2015-07-19T10:13:49Z</time>
      </trkpt>
      <trkpt lat="45.369030" lon="23.515321">
        <ele>2175.709</ele>
        <time>2015-07-19T10:13:59Z</time>
      </trkpt>
      <trkpt lat="45.369116" lon="23.515295">
        <ele>2175.919</ele>
        <time>2015-07-19T10:14:12Z</time>
      </trkpt>
      <trkpt lat="45.369204" lon="23.515270">
        <ele>2175.208</ele>
        <time>2015-07-19T10:14:21Z</time>
      </trkpt>
      <trkpt lat="45.369288" lon="23.515263">
        <ele>2173.522</ele>
        <time>2015-07-19T10:14:29Z</time>
      </trkpt>
      <trkpt lat="45.369375" lon="23.515274">
        <ele>2172.288</ele>
        <time>2015-07-19T10:14:39Z</time>
      </trkpt>
      <trkpt lat="45.369456" lon="23.515285">
        <ele>2170.822</ele>
        <time>2015-07-19T10:14:51Z</time>
      </trkpt>
      <trkpt lat="45.369528" lon="23.515348">
        <ele>2169.621</ele>
        <time>2015-07-19T10:15:26Z</time>
      </trkpt>
      <trkpt lat="45.369613" lon="23.515340">
        <ele>2169.963</ele>
        <time>2015-07-19T10:15:50Z</time>
      </trkpt>
      <trkpt lat="45.369695" lon="23.515360">
        <ele>2169.915</ele>
        <time>2015-07-19T10:16:03Z</time>
      </trkpt>
      <trkpt lat="45.369773" lon="23.515326">
        <ele>2170.146</ele>
        <time>2015-07-19T10:16:12Z</time>
      </trkpt>
      <trkpt lat="45.369843" lon="23.515265">
        <ele>2170.328</ele>
        <time>2015-07-19T10:16:20Z</time>
      </trkpt>
      <trkpt lat="45.369930" lon="23.515225">
        <ele>2170.182</ele>
        <time>2015-07-19T10:16:28Z</time>
      </trkpt>
      <trkpt lat="45.370013" lon="23.515211">
        <ele>2169.243</ele>
        <time>2015-07-19T10:16:36Z</time>
      </trkpt>
      <trkpt lat="45.370104" lon="23.515218">
        <ele>2161.617</ele>
        <time>2015-07-19T10:16:44Z</time>
      </trkpt>
      <trkpt lat="45.370188" lon="23.515248">
        <ele>2155.008</ele>
        <time>2015-07-19T10:16:52Z</time>
      </trkpt>
      <trkpt lat="45.370273" lon="23.515276">
        <ele>2148.469</ele>
        <time>2015-07-19T10:17:01Z</time>
      </trkpt>
      <trkpt lat="45.370353" lon="23.515306">
        <ele>2151.695</ele>
        <time>2015-07-19T10:17:10Z</time>
      </trkpt>
      <trkpt lat="45.370431" lon="23.515336">
        <ele>2154.989</ele>
        <time>2015-07-19T10:17:19Z</time>
      </trkpt>
      <trkpt lat="45.370513" lon="23.515370">
        <ele>2158.198</ele>
        <time>2015-07-19T10:17:26Z</time>
      </trkpt>
      <trkpt lat="45.370601" lon="23.515356">
        <ele>2160.670</ele>
        <time>2015-07-19T10:17:35Z</time>
      </trkpt>
      <trkpt lat="45.370678" lon="23.515296">
        <ele>2162.612</ele>
        <time>2015-07-19T10:17:43Z</time>
      </trkpt>
      <trkpt lat="45.370760" lon="23.515258">
        <ele>2165.053</ele>
        <time>2015-07-19T10:17:52Z</time>
      </trkpt>
      <trkpt lat="45.370836" lon="23.515199">
        <ele>2166.625</ele>
        <time>2015-07-19T10:18:02Z</time>
      </trkpt>
      <trkpt lat="45.370898" lon="23.515113">
        <ele>2166.818</ele>
        <time>2015-07-19T10:18:12Z</time>
      </trkpt>
      <trkpt lat="45.370963" lon="23.515038">
        <ele>2167.698</ele>
        <time>2015-07-19T10:18:22Z</time>
      </trkpt>
      <trkpt lat="45.371031" lon="23.514961">
        <ele>2168.517</ele>
        <time>2015-07-19T10:18:32Z</time>
      </trkpt>
      <trkpt lat="45.371098" lon="23.514884">
        <ele>2168.708</ele>
        <time>2015-07-19T10:18:41Z</time>
      </trkpt>
      <trkpt lat="45.371146" lon="23.514785">
        <ele>2167.472</ele>
        <time>2015-07-19T10:18:52Z</time>
      </trkpt>
      <trkpt lat="45.371213" lon="23.514705">
        <ele>2167.688</ele>
        <time>2015-07-19T10:19:01Z</time>
      </trkpt>
      <trkpt lat="45.371288" lon="23.514628">
        <ele>2168.452</ele>
        <time>2015-07-19T10:19:10Z</time>
      </trkpt>
      <trkpt lat="45.371353" lon="23.514551">
        <ele>2169.341</ele>
        <time>2015-07-19T10:19:19Z</time>
      </trkpt>
      <trkpt lat="45.371440" lon="23.514521">
        <ele>2171.373</ele>
        <time>2015-07-19T10:19:28Z</time>
      </trkpt>
      <trkpt lat="45.371521" lon="23.514496">
        <ele>2172.725</ele>
        <time>2015-07-19T10:19:40Z</time>
      </trkpt>
      <trkpt lat="45.371598" lon="23.514438">
        <ele>2173.356</ele>
        <time>2015-07-19T10:19:51Z</time>
      </trkpt>
      <trkpt lat="45.371675" lon="23.514378">
        <ele>2173.238</ele>
        <time>2015-07-19T10:19:59Z</time>
      </trkpt>
      <trkpt lat="45.371755" lon="23.514328">
        <ele>2173.533</ele>
        <time>2015-07-19T10:20:07Z</time>
      </trkpt>
      <trkpt lat="45.371840" lon="23.514311">
        <ele>2174.923</ele>
        <time>2015-07-19T10:20:16Z</time>
      </trkpt>
      <trkpt lat="45.371918" lon="23.514274">
        <ele>2175.915</ele>
        <time>2015-07-19T10:20:25Z</time>
      </trkpt>
      <trkpt lat="45.372005" lon="23.514250">
        <ele>2177.208</ele>
        <time>2015-07-19T10:20:34Z</time>
      </trkpt>
      <trkpt lat="45.372081" lon="23.514210">
        <ele>2177.954</ele>
        <time>2015-07-19T10:20:42Z</time>
      </trkpt>
      <trkpt lat="45.372164" lon="23.514163">
        <ele>2178.990</ele>
        <time>2015-07-19T10:20:52Z</time>
      </trkpt>
      <trkpt lat="45.372245" lon="23.514138">
        <ele>2180.334</ele>
        <time>2015-07-19T10:21:00Z</time>
      </trkpt>
      <trkpt lat="45.372325" lon="23.514110">
        <ele>2182.463</ele>
        <time>2015-07-19T10:21:08Z</time>
      </trkpt>
      <trkpt lat="45.372416" lon="23.514094">
        <ele>2185.185</ele>
        <time>2015-07-19T10:21:17Z</time>
      </trkpt>
      <trkpt lat="45.372488" lon="23.514040">
        <ele>2186.427</ele>
        <time>2015-07-19T10:21:26Z</time>
      </trkpt>
      <trkpt lat="45.372556" lon="23.513976">
        <ele>2186.798</ele>
        <time>2015-07-19T10:21:38Z</time>
      </trkpt>
      <trkpt lat="45.372625" lon="23.513911">
        <ele>2187.010</ele>
        <time>2015-07-19T10:21:47Z</time>
      </trkpt>
      <trkpt lat="45.372705" lon="23.513854">
        <ele>2187.865</ele>
        <time>2015-07-19T10:21:57Z</time>
      </trkpt>
      <trkpt lat="45.372776" lon="23.513800">
        <ele>2188.468</ele>
        <time>2015-07-19T10:22:06Z</time>
      </trkpt>
      <trkpt lat="45.372858" lon="23.513758">
        <ele>2189.114</ele>
        <time>2015-07-19T10:22:17Z</time>
      </trkpt>
      <trkpt lat="45.372936" lon="23.513706">
        <ele>2189.708</ele>
        <time>2015-07-19T10:22:27Z</time>
      </trkpt>
      <trkpt lat="45.373013" lon="23.513650">
        <ele>2190.567</ele>
        <time>2015-07-19T10:22:37Z</time>
      </trkpt>
      <trkpt lat="45.373075" lon="23.513571">
        <ele>2190.723</ele>
        <time>2015-07-19T10:22:46Z</time>
      </trkpt>
      <trkpt lat="45.373143" lon="23.513501">
        <ele>2190.467</ele>
        <time>2015-07-19T10:22:54Z</time>
      </trkpt>
      <trkpt lat="45.373198" lon="23.513415">
        <ele>2190.126</ele>
        <time>2015-07-19T10:23:39Z</time>
      </trkpt>
      <trkpt lat="45.373285" lon="23.513423">
        <ele>2190.938</ele>
        <time>2015-07-19T10:23:52Z</time>
      </trkpt>
      <trkpt lat="45.373361" lon="23.513365">
        <ele>2191.140</ele>
        <time>2015-07-19T10:24:02Z</time>
      </trkpt>
      <trkpt lat="45.373444" lon="23.513316">
        <ele>2190.871</ele>
        <time>2015-07-19T10:24:10Z</time>
      </trkpt>
      <trkpt lat="45.373528" lon="23.513286">
        <ele>2190.463</ele>
        <time>2015-07-19T10:24:19Z</time>
      </trkpt>
      <trkpt lat="45.373613" lon="23.513268">
        <ele>2190.354</ele>
        <time>2015-07-19T10:24:29Z</time>
      </trkpt>
      <trkpt lat="45.373618" lon="23.513148">
        <ele>2189.156</ele>
        <time>2015-07-19T10:27:29Z</time>
      </trkpt>
      <trkpt lat="45.373699" lon="23.513098">
        <ele>2189.311</ele>
        <time>2015-07-19T10:30:39Z</time>
      </trkpt>
      <trkpt lat="45.373789" lon="23.513106">
        <ele>2190.208</ele>
        <time>2015-07-19T10:30:47Z</time>
      </trkpt>
      <trkpt lat="45.373879" lon="23.513088">
        <ele>2191.056</ele>
        <time>2015-07-19T10:30:56Z</time>
      </trkpt>
      <trkpt lat="45.373971" lon="23.513070">
        <ele>2191.452</ele>
        <time>2015-07-19T10:31:08Z</time>
      </trkpt>
      <trkpt lat="45.374058" lon="23.513088">
        <ele>2192.066</ele>
        <time>2015-07-19T10:31:17Z</time>
      </trkpt>
      <trkpt lat="45.374141" lon="23.513103">
        <ele>2192.715</ele>
        <time>2015-07-19T10:31:25Z</time>
      </trkpt>
      <trkpt lat="45.374233" lon="23.513109">
        <ele>2193.087</ele>
        <time>2015-07-19T10:31:33Z</time>
      </trkpt>
      <trkpt lat="45.374314" lon="23.513081">
        <ele>2192.549</ele>
        <time>2015-07-19T10:31:41Z</time>
      </trkpt>
      <trkpt lat="45.374401" lon="23.513061">
        <ele>2192.140</ele>
        <time>2015-07-19T10:31:50Z</time>
      </trkpt>
      <trkpt lat="45.374491" lon="23.513053">
        <ele>2190.912</ele>
        <time>2015-07-19T10:31:58Z</time>
      </trkpt>
      <trkpt lat="45.374578" lon="23.513071">
        <ele>2189.432</ele>
        <time>2015-07-19T10:32:06Z</time>
      </trkpt>
      <trkpt lat="45.374663" lon="23.513088">
        <ele>2187.892</ele>
        <time>2015-07-19T10:32:15Z</time>
      </trkpt>
      <trkpt lat="45.374746" lon="23.513086">
        <ele>2185.511</ele>
        <time>2015-07-19T10:32:24Z</time>
      </trkpt>
      <trkpt lat="45.374820" lon="23.513138">
        <ele>2183.208</ele>
        <time>2015-07-19T10:32:34Z</time>
      </trkpt>
      <trkpt lat="45.374901" lon="23.513186">
        <ele>2180.514</ele>
        <time>2015-07-19T10:32:43Z</time>
      </trkpt>
      <trkpt lat="45.374991" lon="23.513220">
        <ele>2177.290</ele>
        <time>2015-07-19T10:32:51Z</time>
      </trkpt>
      <trkpt lat="45.375075" lon="23.513228">
        <ele>2175.854</ele>
        <time>2015-07-19T10:33:10Z</time>
      </trkpt>
      <trkpt lat="45.375150" lon="23.513278">
        <ele>2175.643</ele>
        <time>2015-07-19T10:33:19Z</time>
      </trkpt>
      <trkpt lat="45.375231" lon="23.513321">
        <ele>2175.325</ele>
        <time>2015-07-19T10:33:27Z</time>
      </trkpt>
      <trkpt lat="45.375319" lon="23.513344">
        <ele>2174.967</ele>
        <time>2015-07-19T10:33:35Z</time>
      </trkpt>
      <trkpt lat="45.375405" lon="23.513320">
        <ele>2174.328</ele>
        <time>2015-07-19T10:33:43Z</time>
      </trkpt>
      <trkpt lat="45.375493" lon="23.513305">
        <ele>2173.760</ele>
        <time>2015-07-19T10:33:55Z</time>
      </trkpt>
      <trkpt lat="45.375585" lon="23.513291">
        <ele>2173.121</ele>
        <time>2015-07-19T10:34:02Z</time>
      </trkpt>
      <trkpt lat="45.375673" lon="23.513298">
        <ele>2172.941</ele>
        <time>2015-07-19T10:34:10Z</time>
      </trkpt>
      <trkpt lat="45.375753" lon="23.513266">
        <ele>2171.905</ele>
        <time>2015-07-19T10:34:18Z</time>
      </trkpt>
      <trkpt lat="45.375838" lon="23.513273">
        <ele>2171.708</ele>
        <time>2015-07-19T10:34:27Z</time>
      </trkpt>
      <trkpt lat="45.375925" lon="23.513276">
        <ele>2172.883</ele>
        <time>2015-07-19T10:34:35Z</time>
      </trkpt>
      <trkpt lat="45.376008" lon="23.513275">
        <ele>2173.669</ele>
        <time>2015-07-19T10:34:43Z</time>
      </trkpt>
      <trkpt lat="45.376095" lon="23.513238">
        <ele>2173.883</ele>
        <time>2015-07-19T10:34:55Z</time>
      </trkpt>
      <trkpt lat="45.376176" lon="23.513233">
        <ele>2173.312</ele>
        <time>2015-07-19T10:35:03Z</time>
      </trkpt>
      <trkpt lat="45.376263" lon="23.513250">
        <ele>2172.934</ele>
        <time>2015-07-19T10:35:12Z</time>
      </trkpt>
      <trkpt lat="45.376350" lon="23.513213">
        <ele>2171.396</ele>
        <time>2015-07-19T10:35:22Z</time>
      </trkpt>
      <trkpt lat="45.376436" lon="23.513196">
        <ele>2169.947</ele>
        <time>2015-07-19T10:35:33Z</time>
      </trkpt>
      <trkpt lat="45.376518" lon="23.513210">
        <ele>2169.179</ele>
        <time>2015-07-19T10:35:41Z</time>
      </trkpt>
      <trkpt lat="45.376598" lon="23.513190">
        <ele>2167.485</ele>
        <time>2015-07-19T10:35:50Z</time>
      </trkpt>
      <trkpt lat="45.376684" lon="23.513168">
        <ele>2165.389</ele>
        <time>2015-07-19T10:36:05Z</time>
      </trkpt>
      <trkpt lat="45.376774" lon="23.513143">
        <ele>2162.717</ele>
        <time>2015-07-19T10:36:13Z</time>
      </trkpt>
      <trkpt lat="45.376856" lon="23.513108">
        <ele>2160.008</ele>
        <time>2015-07-19T10:36:22Z</time>
      </trkpt>
      <trkpt lat="45.376941" lon="23.513118">
        <ele>2158.619</ele>
        <time>2015-07-19T10:36:30Z</time>
      </trkpt>
      <trkpt lat="45.377019" lon="23.513064">
        <ele>2156.165</ele>
        <time>2015-07-19T10:36:38Z</time>
      </trkpt>
      <trkpt lat="45.377101" lon="23.513028">
        <ele>2154.279</ele>
        <time>2015-07-19T10:36:47Z</time>
      </trkpt>
      <trkpt lat="45.377178" lon="23.512983">
        <ele>2152.118</ele>
        <time>2015-07-19T10:36:56Z</time>
      </trkpt>
      <trkpt lat="45.377261" lon="23.512971">
        <ele>2151.670</ele>
        <time>2015-07-19T10:37:04Z</time>
      </trkpt>
      <trkpt lat="45.377326" lon="23.512900">
        <ele>2150.722</ele>
        <time>2015-07-19T10:37:13Z</time>
      </trkpt>
      <trkpt lat="45.377388" lon="23.512816">
        <ele>2149.293</ele>
        <time>2015-07-19T10:37:21Z</time>
      </trkpt>
      <trkpt lat="45.377460" lon="23.512745">
        <ele>2147.985</ele>
        <time>2015-07-19T10:37:30Z</time>
      </trkpt>
      <trkpt lat="45.377533" lon="23.512681">
        <ele>2146.984</ele>
        <time>2015-07-19T10:37:39Z</time>
      </trkpt>
      <trkpt lat="45.377604" lon="23.512603">
        <ele>2145.707</ele>
        <time>2015-07-19T10:37:49Z</time>
      </trkpt>
      <trkpt lat="45.377679" lon="23.512553">
        <ele>2145.317</ele>
        <time>2015-07-19T10:37:57Z</time>
      </trkpt>
      <trkpt lat="45.377758" lon="23.512513">
        <ele>2145.108</ele>
        <time>2015-07-19T10:38:05Z</time>
      </trkpt>
      <trkpt lat="45.377841" lon="23.512476">
        <ele>2144.369</ele>
        <time>2015-07-19T10:38:15Z</time>
      </trkpt>
      <trkpt lat="45.377919" lon="23.512440">
        <ele>2143.435</ele>
        <time>2015-07-19T10:38:22Z</time>
      </trkpt>
      <trkpt lat="45.377990" lon="23.512381">
        <ele>2141.799</ele>
        <time>2015-07-19T10:38:30Z</time>
      </trkpt>
      <trkpt lat="45.378051" lon="23.512303">
        <ele>2139.618</ele>
        <time>2015-07-19T10:38:38Z</time>
      </trkpt>
      <trkpt lat="45.378131" lon="23.512263">
        <ele>2138.930</ele>
        <time>2015-07-19T10:38:47Z</time>
      </trkpt>
      <trkpt lat="45.378200" lon="23.512196">
        <ele>2136.872</ele>
        <time>2015-07-19T10:38:57Z</time>
      </trkpt>
      <trkpt lat="45.378270" lon="23.512118">
        <ele>2133.783</ele>
        <time>2015-07-19T10:39:07Z</time>
      </trkpt>
      <trkpt lat="45.378341" lon="23.512050">
        <ele>2131.025</ele>
        <time>2015-07-19T10:39:18Z</time>
      </trkpt>
      <trkpt lat="45.378405" lon="23.511969">
        <ele>2127.866</ele>
        <time>2015-07-19T10:39:28Z</time>
      </trkpt>
      <trkpt lat="45.378481" lon="23.511913">
        <ele>2126.429</ele>
        <time>2015-07-19T10:39:38Z</time>
      </trkpt>
      <trkpt lat="45.378573" lon="23.511891">
        <ele>2126.821</ele>
        <time>2015-07-19T10:39:46Z</time>
      </trkpt>
      <trkpt lat="45.378653" lon="23.511846">
        <ele>2125.608</ele>
        <time>2015-07-19T10:39:55Z</time>
      </trkpt>
      <trkpt lat="45.378725" lon="23.511789">
        <ele>2123.697</ele>
        <time>2015-07-19T10:40:04Z</time>
      </trkpt>
      <trkpt lat="45.378800" lon="23.511744">
        <ele>2122.123</ele>
        <time>2015-07-19T10:40:13Z</time>
      </trkpt>
      <trkpt lat="45.378879" lon="23.511691">
        <ele>2120.687</ele>
        <time>2015-07-19T10:40:22Z</time>
      </trkpt>
      <trkpt lat="45.378965" lon="23.511648">
        <ele>2116.726</ele>
        <time>2015-07-19T10:40:31Z</time>
      </trkpt>
      <trkpt lat="45.379046" lon="23.511591">
        <ele>2113.358</ele>
        <time>2015-07-19T10:40:39Z</time>
      </trkpt>
      <trkpt lat="45.379115" lon="23.511525">
        <ele>2111.210</ele>
        <time>2015-07-19T10:40:45Z</time>
      </trkpt>
      <trkpt lat="45.379171" lon="23.511426">
        <ele>2110.611</ele>
        <time>2015-07-19T10:40:55Z</time>
      </trkpt>
      <trkpt lat="45.379226" lon="23.511341">
        <ele>2110.183</ele>
        <time>2015-07-19T10:41:10Z</time>
      </trkpt>
      <trkpt lat="45.379281" lon="23.511245">
        <ele>2110.057</ele>
        <time>2015-07-19T10:41:27Z</time>
      </trkpt>
      <trkpt lat="45.379325" lon="23.511145">
        <ele>2110.700</ele>
        <time>2015-07-19T10:41:48Z</time>
      </trkpt>
      <trkpt lat="45.379358" lon="23.511251">
        <ele>2109.320</ele>
        <time>2015-07-19T10:44:36Z</time>
      </trkpt>
      <trkpt lat="45.379351" lon="23.511135">
        <ele>2110.708</ele>
        <time>2015-07-19T10:48:36Z</time>
      </trkpt>
      <trkpt lat="45.379421" lon="23.511071">
        <ele>2111.056</ele>
        <time>2015-07-19T10:58:12Z</time>
      </trkpt>
      <trkpt lat="45.379485" lon="23.510983">
        <ele>2110.042</ele>
        <time>2015-07-19T10:58:24Z</time>
      </trkpt>
      <trkpt lat="45.379536" lon="23.510883">
        <ele>2109.616</ele>
        <time>2015-07-19T10:58:34Z</time>
      </trkpt>
      <trkpt lat="45.379608" lon="23.510806">
        <ele>2109.425</ele>
        <time>2015-07-19T10:58:43Z</time>
      </trkpt>
      <trkpt lat="45.379676" lon="23.510725">
        <ele>2109.497</ele>
        <time>2015-07-19T10:58:52Z</time>
      </trkpt>
      <trkpt lat="45.379760" lon="23.510669">
        <ele>2108.569</ele>
        <time>2015-07-19T10:59:03Z</time>
      </trkpt>
      <trkpt lat="45.379841" lon="23.510640">
        <ele>2106.350</ele>
        <time>2015-07-19T10:59:14Z</time>
      </trkpt>
      <trkpt lat="45.379911" lon="23.510561">
        <ele>2106.192</ele>
        <time>2015-07-19T10:59:24Z</time>
      </trkpt>
      <trkpt lat="45.379979" lon="23.510483">
        <ele>2106.023</ele>
        <time>2015-07-19T10:59:33Z</time>
      </trkpt>
      <trkpt lat="45.380043" lon="23.510403">
        <ele>2106.283</ele>
        <time>2015-07-19T10:59:43Z</time>
      </trkpt>
      <trkpt lat="45.380105" lon="23.510323">
        <ele>2106.411</ele>
        <time>2015-07-19T10:59:52Z</time>
      </trkpt>
      <trkpt lat="45.380176" lon="23.510249">
        <ele>2105.908</ele>
        <time>2015-07-19T11:00:02Z</time>
      </trkpt>
      <trkpt lat="45.380244" lon="23.510176">
        <ele>2105.593</ele>
        <time>2015-07-19T11:00:12Z</time>
      </trkpt>
      <trkpt lat="45.380318" lon="23.510125">
        <ele>2103.769</ele>
        <time>2015-07-19T11:00:27Z</time>
      </trkpt>
      <trkpt lat="45.380401" lon="23.510078">
        <ele>2100.433</ele>
        <time>2015-07-19T11:00:41Z</time>
      </trkpt>
      <trkpt lat="45.380478" lon="23.510029">
        <ele>2097.462</ele>
        <time>2015-07-19T11:00:50Z</time>
      </trkpt>
      <trkpt lat="45.380540" lon="23.509950">
        <ele>2095.364</ele>
        <time>2015-07-19T11:00:59Z</time>
      </trkpt>
      <trkpt lat="45.380581" lon="23.509843">
        <ele>2093.756</ele>
        <time>2015-07-19T11:01:08Z</time>
      </trkpt>
      <trkpt lat="45.380655" lon="23.509780">
        <ele>2088.827</ele>
        <time>2015-07-19T11:01:21Z</time>
      </trkpt>
      <trkpt lat="45.380731" lon="23.509723">
        <ele>2083.719</ele>
        <time>2015-07-19T11:01:36Z</time>
      </trkpt>
      <trkpt lat="45.380768" lon="23.509618">
        <ele>2080.913</ele>
        <time>2015-07-19T11:01:47Z</time>
      </trkpt>
      <trkpt lat="45.380776" lon="23.509500">
        <ele>2080.343</ele>
        <time>2015-07-19T11:01:57Z</time>
      </trkpt>
      <trkpt lat="45.380766" lon="23.509380">
        <ele>2080.607</ele>
        <time>2015-07-19T11:02:06Z</time>
      </trkpt>
      <trkpt lat="45.380756" lon="23.509260">
        <ele>2080.508</ele>
        <time>2015-07-19T11:02:25Z</time>
      </trkpt>
      <trkpt lat="45.380784" lon="23.509151">
        <ele>2078.922</ele>
        <time>2015-07-19T11:02:35Z</time>
      </trkpt>
      <trkpt lat="45.380804" lon="23.509035">
        <ele>2077.578</ele>
        <time>2015-07-19T11:02:47Z</time>
      </trkpt>
      <trkpt lat="45.380826" lon="23.508921">
        <ele>2076.372</ele>
        <time>2015-07-19T11:02:56Z</time>
      </trkpt>
      <trkpt lat="45.380861" lon="23.508811">
        <ele>2075.051</ele>
        <time>2015-07-19T11:03:03Z</time>
      </trkpt>
      <trkpt lat="45.380901" lon="23.508688">
        <ele>2073.933</ele>
        <time>2015-07-19T11:03:13Z</time>
      </trkpt>
      <trkpt lat="45.380936" lon="23.508581">
        <ele>2073.165</ele>
        <time>2015-07-19T11:03:20Z</time>
      </trkpt>
      <trkpt lat="45.380998" lon="23.508486">
        <ele>2072.226</ele>
        <time>2015-07-19T11:03:28Z</time>
      </trkpt>
      <trkpt lat="45.381031" lon="23.508376">
        <ele>2072.218</ele>
        <time>2015-07-19T11:03:36Z</time>
      </trkpt>
      <trkpt lat="45.381066" lon="23.508251">
        <ele>2070.669</ele>
        <time>2015-07-19T11:03:43Z</time>
      </trkpt>
      <trkpt lat="45.381096" lon="23.508140">
        <ele>2068.504</ele>
        <time>2015-07-19T11:03:53Z</time>
      </trkpt>
      <trkpt lat="45.381134" lon="23.508030">
        <ele>2066.124</ele>
        <time>2015-07-19T11:04:02Z</time>
      </trkpt>
      <trkpt lat="45.381166" lon="23.507923">
        <ele>2064.108</ele>
        <time>2015-07-19T11:04:08Z</time>
      </trkpt>
      <trkpt lat="45.381196" lon="23.507813">
        <ele>2062.417</ele>
        <time>2015-07-19T11:04:16Z</time>
      </trkpt>
      <trkpt lat="45.381220" lon="23.507690">
        <ele>2061.963</ele>
        <time>2015-07-19T11:04:24Z</time>
      </trkpt>
      <trkpt lat="45.381269" lon="23.507598">
        <ele>2061.887</ele>
        <time>2015-07-19T11:04:31Z</time>
      </trkpt>
      <trkpt lat="45.381330" lon="23.507506">
        <ele>2062.086</ele>
        <time>2015-07-19T11:04:39Z</time>
      </trkpt>
      <trkpt lat="45.381386" lon="23.507416">
        <ele>2062.618</ele>
        <time>2015-07-19T11:04:47Z</time>
      </trkpt>
      <trkpt lat="45.381431" lon="23.507313">
        <ele>2062.660</ele>
        <time>2015-07-19T11:04:54Z</time>
      </trkpt>
      <trkpt lat="45.381473" lon="23.507206">
        <ele>2062.871</ele>
        <time>2015-07-19T11:05:01Z</time>
      </trkpt>
      <trkpt lat="45.381526" lon="23.507099">
        <ele>2062.593</ele>
        <time>2015-07-19T11:05:09Z</time>
      </trkpt>
      <trkpt lat="45.381583" lon="23.507016">
        <ele>2062.563</ele>
        <time>2015-07-19T11:05:16Z</time>
      </trkpt>
      <trkpt lat="45.381645" lon="23.506936">
        <ele>2063.044</ele>
        <time>2015-07-19T11:05:24Z</time>
      </trkpt>
      <trkpt lat="45.381678" lon="23.506828">
        <ele>2062.818</ele>
        <time>2015-07-19T11:05:34Z</time>
      </trkpt>
      <trkpt lat="45.381735" lon="23.506736">
        <ele>2062.308</ele>
        <time>2015-07-19T11:06:11Z</time>
      </trkpt>
      <trkpt lat="45.381788" lon="23.506646">
        <ele>2062.487</ele>
        <time>2015-07-19T11:06:21Z</time>
      </trkpt>
      <trkpt lat="45.381820" lon="23.506525">
        <ele>2061.853</ele>
        <time>2015-07-19T11:06:29Z</time>
      </trkpt>
      <trkpt lat="45.381854" lon="23.506411">
        <ele>2061.487</ele>
        <time>2015-07-19T11:06:37Z</time>
      </trkpt>
      <trkpt lat="45.381893" lon="23.506303">
        <ele>2061.276</ele>
        <time>2015-07-19T11:06:45Z</time>
      </trkpt>
      <trkpt lat="45.381948" lon="23.506206">
        <ele>2062.078</ele>
        <time>2015-07-19T11:06:53Z</time>
      </trkpt>
      <trkpt lat="45.382006" lon="23.506113">
        <ele>2062.290</ele>
        <time>2015-07-19T11:07:01Z</time>
      </trkpt>
      <trkpt lat="45.382046" lon="23.506008">
        <ele>2060.851</ele>
        <time>2015-07-19T11:07:11Z</time>
      </trkpt>
      <trkpt lat="45.382091" lon="23.505903">
        <ele>2059.673</ele>
        <time>2015-07-19T11:07:19Z</time>
      </trkpt>
      <trkpt lat="45.382131" lon="23.505788">
        <ele>2058.347</ele>
        <time>2015-07-19T11:07:29Z</time>
      </trkpt>
      <trkpt lat="45.382180" lon="23.505688">
        <ele>2057.329</ele>
        <time>2015-07-19T11:07:37Z</time>
      </trkpt>
      <trkpt lat="45.382238" lon="23.505591">
        <ele>2056.221</ele>
        <time>2015-07-19T11:07:46Z</time>
      </trkpt>
      <trkpt lat="45.382286" lon="23.505493">
        <ele>2054.308</ele>
        <time>2015-07-19T11:07:54Z</time>
      </trkpt>
      <trkpt lat="45.382331" lon="23.505395">
        <ele>2053.115</ele>
        <time>2015-07-19T11:08:05Z</time>
      </trkpt>
      <trkpt lat="45.382368" lon="23.505278">
        <ele>2052.541</ele>
        <time>2015-07-19T11:08:14Z</time>
      </trkpt>
      <trkpt lat="45.382403" lon="23.505165">
        <ele>2051.425</ele>
        <time>2015-07-19T11:09:05Z</time>
      </trkpt>
      <trkpt lat="45.382418" lon="23.505051">
        <ele>2050.494</ele>
        <time>2015-07-19T11:09:13Z</time>
      </trkpt>
      <trkpt lat="45.382421" lon="23.504935">
        <ele>2048.776</ele>
        <time>2015-07-19T11:09:31Z</time>
      </trkpt>
      <trkpt lat="45.382448" lon="23.504821">
        <ele>2047.268</ele>
        <time>2015-07-19T11:09:39Z</time>
      </trkpt>
      <trkpt lat="45.382473" lon="23.504711">
        <ele>2045.949</ele>
        <time>2015-07-19T11:09:47Z</time>
      </trkpt>
      <trkpt lat="45.382491" lon="23.504596">
        <ele>2044.071</ele>
        <time>2015-07-19T11:09:55Z</time>
      </trkpt>
      <trkpt lat="45.382510" lon="23.504475">
        <ele>2041.922</ele>
        <time>2015-07-19T11:10:04Z</time>
      </trkpt>
      <trkpt lat="45.382546" lon="23.504371">
        <ele>2041.462</ele>
        <time>2015-07-19T11:10:11Z</time>
      </trkpt>
      <trkpt lat="45.382581" lon="23.504253">
        <ele>2041.208</ele>
        <time>2015-07-19T11:10:20Z</time>
      </trkpt>
      <trkpt lat="45.382593" lon="23.504138">
        <ele>2040.508</ele>
        <time>2015-07-19T11:10:32Z</time>
      </trkpt>
      <trkpt lat="45.382636" lon="23.504038">
        <ele>2041.283</ele>
        <time>2015-07-19T11:10:46Z</time>
      </trkpt>
      <trkpt lat="45.382650" lon="23.503915">
        <ele>2041.089</ele>
        <time>2015-07-19T11:10:54Z</time>
      </trkpt>
      <trkpt lat="45.382680" lon="23.503798">
        <ele>2040.963</ele>
        <time>2015-07-19T11:11:02Z</time>
      </trkpt>
      <trkpt lat="45.382675" lon="23.503670">
        <ele>2039.532</ele>
        <time>2015-07-19T11:11:12Z</time>
      </trkpt>
      <trkpt lat="45.382688" lon="23.503548">
        <ele>2038.264</ele>
        <time>2015-07-19T11:11:20Z</time>
      </trkpt>
      <trkpt lat="45.382711" lon="23.503423">
        <ele>2036.586</ele>
        <time>2015-07-19T11:11:29Z</time>
      </trkpt>
      <trkpt lat="45.382741" lon="23.503310">
        <ele>2035.257</ele>
        <time>2015-07-19T11:11:38Z</time>
      </trkpt>
      <trkpt lat="45.382746" lon="23.503193">
        <ele>2032.879</ele>
        <time>2015-07-19T11:11:48Z</time>
      </trkpt>
      <trkpt lat="45.382765" lon="23.503068">
        <ele>2030.875</ele>
        <time>2015-07-19T11:11:58Z</time>
      </trkpt>
      <trkpt lat="45.382783" lon="23.502950">
        <ele>2028.928</ele>
        <time>2015-07-19T11:12:07Z</time>
      </trkpt>
      <trkpt lat="45.382806" lon="23.502831">
        <ele>2027.320</ele>
        <time>2015-07-19T11:12:17Z</time>
      </trkpt>
      <trkpt lat="45.382828" lon="23.502708">
        <ele>2025.508</ele>
        <time>2015-07-19T11:12:26Z</time>
      </trkpt>
      <trkpt lat="45.382861" lon="23.502594">
        <ele>2024.518</ele>
        <time>2015-07-19T11:12:35Z</time>
      </trkpt>
      <trkpt lat="45.382893" lon="23.502488">
        <ele>2023.764</ele>
        <time>2015-07-19T11:12:45Z</time>
      </trkpt>
      <trkpt lat="45.382896" lon="23.502365">
        <ele>2021.398</ele>
        <time>2015-07-19T11:12:57Z</time>
      </trkpt>
      <trkpt lat="45.382921" lon="23.502248">
        <ele>2020.237</ele>
        <time>2015-07-19T11:13:07Z</time>
      </trkpt>
      <trkpt lat="45.382946" lon="23.502136">
        <ele>2019.539</ele>
        <time>2015-07-19T11:13:17Z</time>
      </trkpt>
      <trkpt lat="45.382969" lon="23.502018">
        <ele>2018.411</ele>
        <time>2015-07-19T11:13:27Z</time>
      </trkpt>
      <trkpt lat="45.382996" lon="23.501896">
        <ele>2017.332</ele>
        <time>2015-07-19T11:13:38Z</time>
      </trkpt>
      <trkpt lat="45.383023" lon="23.501771">
        <ele>2016.094</ele>
        <time>2015-07-19T11:13:48Z</time>
      </trkpt>
      <trkpt lat="45.383050" lon="23.501656">
        <ele>2014.739</ele>
        <time>2015-07-19T11:13:56Z</time>
      </trkpt>
      <trkpt lat="45.383068" lon="23.501534">
        <ele>2014.201</ele>
        <time>2015-07-19T11:14:05Z</time>
      </trkpt>
      <trkpt lat="45.383083" lon="23.501410">
        <ele>2013.521</ele>
        <time>2015-07-19T11:14:14Z</time>
      </trkpt>
      <trkpt lat="45.383089" lon="23.501286">
        <ele>2012.808</ele>
        <time>2015-07-19T11:14:23Z</time>
      </trkpt>
      <trkpt lat="45.383116" lon="23.501170">
        <ele>2013.184</ele>
        <time>2015-07-19T11:14:32Z</time>
      </trkpt>
      <trkpt lat="45.383136" lon="23.501046">
        <ele>2012.420</ele>
        <time>2015-07-19T11:14:40Z</time>
      </trkpt>
      <trkpt lat="45.383153" lon="23.500919">
        <ele>2011.254</ele>
        <time>2015-07-19T11:14:50Z</time>
      </trkpt>
      <trkpt lat="45.383160" lon="23.500798">
        <ele>2009.243</ele>
        <time>2015-07-19T11:14:59Z</time>
      </trkpt>
      <trkpt lat="45.383179" lon="23.500675">
        <ele>2006.565</ele>
        <time>2015-07-19T11:15:10Z</time>
      </trkpt>
      <trkpt lat="45.383190" lon="23.500555">
        <ele>2003.387</ele>
        <time>2015-07-19T11:15:20Z</time>
      </trkpt>
      <trkpt lat="45.383198" lon="23.500436">
        <ele>2000.478</ele>
        <time>2015-07-19T11:15:30Z</time>
      </trkpt>
      <trkpt lat="45.383201" lon="23.500315">
        <ele>1997.210</ele>
        <time>2015-07-19T11:15:39Z</time>
      </trkpt>
      <trkpt lat="45.383218" lon="23.500198">
        <ele>1996.271</ele>
        <time>2015-07-19T11:15:47Z</time>
      </trkpt>
      <trkpt lat="45.383241" lon="23.500080">
        <ele>1996.441</ele>
        <time>2015-07-19T11:15:57Z</time>
      </trkpt>
      <trkpt lat="45.383241" lon="23.499953">
        <ele>1996.115</ele>
        <time>2015-07-19T11:16:07Z</time>
      </trkpt>
      <trkpt lat="45.383231" lon="23.499835">
        <ele>1995.708</ele>
        <time>2015-07-19T11:16:15Z</time>
      </trkpt>
      <trkpt lat="45.383221" lon="23.499708">
        <ele>1995.528</ele>
        <time>2015-07-19T11:16:25Z</time>
      </trkpt>
      <trkpt lat="45.383213" lon="23.499585">
        <ele>1996.084</ele>
        <time>2015-07-19T11:16:34Z</time>
      </trkpt>
      <trkpt lat="45.383198" lon="23.499461">
        <ele>1996.148</ele>
        <time>2015-07-19T11:16:44Z</time>
      </trkpt>
      <trkpt lat="45.383179" lon="23.499345">
        <ele>1996.197</ele>
        <time>2015-07-19T11:16:53Z</time>
      </trkpt>
      <trkpt lat="45.383163" lon="23.499211">
        <ele>1996.549</ele>
        <time>2015-07-19T11:17:03Z</time>
      </trkpt>
      <trkpt lat="45.383156" lon="23.499093">
        <ele>1996.531</ele>
        <time>2015-07-19T11:17:13Z</time>
      </trkpt>
      <trkpt lat="45.383146" lon="23.498973">
        <ele>1995.942</ele>
        <time>2015-07-19T11:17:24Z</time>
      </trkpt>
      <trkpt lat="45.383125" lon="23.498861">
        <ele>1994.434</ele>
        <time>2015-07-19T11:17:33Z</time>
      </trkpt>
      <trkpt lat="45.383096" lon="23.498745">
        <ele>1991.679</ele>
        <time>2015-07-19T11:17:45Z</time>
      </trkpt>
      <trkpt lat="45.383113" lon="23.498621">
        <ele>1991.205</ele>
        <time>2015-07-19T11:17:56Z</time>
      </trkpt>
      <trkpt lat="45.383118" lon="23.498495">
        <ele>1990.125</ele>
        <time>2015-07-19T11:18:06Z</time>
      </trkpt>
      <trkpt lat="45.383111" lon="23.498371">
        <ele>1988.408</ele>
        <time>2015-07-19T11:18:16Z</time>
      </trkpt>
      <trkpt lat="45.383116" lon="23.498250">
        <ele>1987.468</ele>
        <time>2015-07-19T11:18:29Z</time>
      </trkpt>
      <trkpt lat="45.383100" lon="23.498128">
        <ele>1985.234</ele>
        <time>2015-07-19T11:18:40Z</time>
      </trkpt>
      <trkpt lat="45.383108" lon="23.498003">
        <ele>1983.918</ele>
        <time>2015-07-19T11:18:57Z</time>
      </trkpt>
      <trkpt lat="45.383104" lon="23.497886">
        <ele>1981.727</ele>
        <time>2015-07-19T11:19:05Z</time>
      </trkpt>
      <trkpt lat="45.383116" lon="23.497771">
        <ele>1980.459</ele>
        <time>2015-07-19T11:19:13Z</time>
      </trkpt>
      <trkpt lat="45.383118" lon="23.497653">
        <ele>1979.431</ele>
        <time>2015-07-19T11:19:28Z</time>
      </trkpt>
      <trkpt lat="45.383125" lon="23.497535">
        <ele>1978.632</ele>
        <time>2015-07-19T11:19:37Z</time>
      </trkpt>
      <trkpt lat="45.383100" lon="23.497416">
        <ele>1975.524</ele>
        <time>2015-07-19T11:19:52Z</time>
      </trkpt>
      <trkpt lat="45.383074" lon="23.497296">
        <ele>1972.242</ele>
        <time>2015-07-19T11:20:11Z</time>
      </trkpt>
      <trkpt lat="45.383085" lon="23.497178">
        <ele>1971.322</ele>
        <time>2015-07-19T11:20:19Z</time>
      </trkpt>
      <trkpt lat="45.383088" lon="23.497060">
        <ele>1970.214</ele>
        <time>2015-07-19T11:20:29Z</time>
      </trkpt>
      <trkpt lat="45.383073" lon="23.496944">
        <ele>1968.008</ele>
        <time>2015-07-19T11:20:39Z</time>
      </trkpt>
      <trkpt lat="45.383073" lon="23.496816">
        <ele>1967.185</ele>
        <time>2015-07-19T11:20:50Z</time>
      </trkpt>
      <trkpt lat="45.383065" lon="23.496688">
        <ele>1965.731</ele>
        <time>2015-07-19T11:20:59Z</time>
      </trkpt>
      <trkpt lat="45.383046" lon="23.496568">
        <ele>1964.855</ele>
        <time>2015-07-19T11:21:08Z</time>
      </trkpt>
      <trkpt lat="45.383020" lon="23.496456">
        <ele>1963.714</ele>
        <time>2015-07-19T11:21:17Z</time>
      </trkpt>
      <trkpt lat="45.383014" lon="23.496340">
        <ele>1963.916</ele>
        <time>2015-07-19T11:21:26Z</time>
      </trkpt>
      <trkpt lat="45.382991" lon="23.496226">
        <ele>1963.338</ele>
        <time>2015-07-19T11:21:35Z</time>
      </trkpt>
      <trkpt lat="45.382973" lon="23.496103">
        <ele>1963.029</ele>
        <time>2015-07-19T11:21:43Z</time>
      </trkpt>
      <trkpt lat="45.382943" lon="23.495988">
        <ele>1962.281</ele>
        <time>2015-07-19T11:21:54Z</time>
      </trkpt>
      <trkpt lat="45.382921" lon="23.495863">
        <ele>1962.037</ele>
        <time>2015-07-19T11:22:03Z</time>
      </trkpt>
      <trkpt lat="45.382891" lon="23.495751">
        <ele>1961.449</ele>
        <time>2015-07-19T11:22:12Z</time>
      </trkpt>
      <trkpt lat="45.382853" lon="23.495648">
        <ele>1960.313</ele>
        <time>2015-07-19T11:22:21Z</time>
      </trkpt>
      <trkpt lat="45.382825" lon="23.495538">
        <ele>1960.008</ele>
        <time>2015-07-19T11:22:30Z</time>
      </trkpt>
      <trkpt lat="45.382791" lon="23.495423">
        <ele>1959.624</ele>
        <time>2015-07-19T11:22:41Z</time>
      </trkpt>
      <trkpt lat="45.382738" lon="23.495320">
        <ele>1958.080</ele>
        <time>2015-07-19T11:22:53Z</time>
      </trkpt>
      <trkpt lat="45.382695" lon="23.495215">
        <ele>1957.014</ele>
        <time>2015-07-19T11:23:06Z</time>
      </trkpt>
      <trkpt lat="45.382650" lon="23.495105">
        <ele>1955.813</ele>
        <time>2015-07-19T11:23:15Z</time>
      </trkpt>
      <trkpt lat="45.382593" lon="23.495020">
        <ele>1953.845</ele>
        <time>2015-07-19T11:23:25Z</time>
      </trkpt>
      <trkpt lat="45.382538" lon="23.494928">
        <ele>1952.317</ele>
        <time>2015-07-19T11:23:34Z</time>
      </trkpt>
      <trkpt lat="45.382480" lon="23.494838">
        <ele>1950.968</ele>
        <time>2015-07-19T11:23:44Z</time>
      </trkpt>
      <trkpt lat="45.382423" lon="23.494750">
        <ele>1949.850</ele>
        <time>2015-07-19T11:23:54Z</time>
      </trkpt>
      <trkpt lat="45.382366" lon="23.494654">
        <ele>1949.014</ele>
        <time>2015-07-19T11:24:04Z</time>
      </trkpt>
      <trkpt lat="45.382318" lon="23.494551">
        <ele>1948.654</ele>
        <time>2015-07-19T11:24:13Z</time>
      </trkpt>
      <trkpt lat="45.382259" lon="23.494468">
        <ele>1947.309</ele>
        <time>2015-07-19T11:24:21Z</time>
      </trkpt>
      <trkpt lat="45.382211" lon="23.494374">
        <ele>1946.008</ele>
        <time>2015-07-19T11:24:30Z</time>
      </trkpt>
      <trkpt lat="45.382161" lon="23.494281">
        <ele>1944.422</ele>
        <time>2015-07-19T11:24:38Z</time>
      </trkpt>
      <trkpt lat="45.382105" lon="23.494193">
        <ele>1942.748</ele>
        <time>2015-07-19T11:24:49Z</time>
      </trkpt>
      <trkpt lat="45.382060" lon="23.494096">
        <ele>1941.112</ele>
        <time>2015-07-19T11:24:59Z</time>
      </trkpt>
      <trkpt lat="45.382036" lon="23.493976">
        <ele>1939.941</ele>
        <time>2015-07-19T11:25:10Z</time>
      </trkpt>
      <trkpt lat="45.382018" lon="23.493853">
        <ele>1938.713</ele>
        <time>2015-07-19T11:25:21Z</time>
      </trkpt>
      <trkpt lat="45.381986" lon="23.493744">
        <ele>1936.265</ele>
        <time>2015-07-19T11:25:32Z</time>
      </trkpt>
      <trkpt lat="45.381989" lon="23.493620">
        <ele>1935.586</ele>
        <time>2015-07-19T11:25:42Z</time>
      </trkpt>
      <trkpt lat="45.381985" lon="23.493493">
        <ele>1933.748</ele>
        <time>2015-07-19T11:25:51Z</time>
      </trkpt>
      <trkpt lat="45.381995" lon="23.493376">
        <ele>1932.715</ele>
        <time>2015-07-19T11:25:58Z</time>
      </trkpt>
      <trkpt lat="45.381989" lon="23.493258">
        <ele>1930.465</ele>
        <time>2015-07-19T11:26:05Z</time>
      </trkpt>
      <trkpt lat="45.381983" lon="23.493141">
        <ele>1927.911</ele>
        <time>2015-07-19T11:26:13Z</time>
      </trkpt>
      <trkpt lat="45.381989" lon="23.493018">
        <ele>1925.808</ele>
        <time>2015-07-19T11:26:23Z</time>
      </trkpt>
      <trkpt lat="45.382036" lon="23.492920">
        <ele>1925.232</ele>
        <time>2015-07-19T11:29:58Z</time>
      </trkpt>
      <trkpt lat="45.382095" lon="23.492818">
        <ele>1924.138</ele>
        <time>2015-07-19T11:30:06Z</time>
      </trkpt>
      <trkpt lat="45.382155" lon="23.492728">
        <ele>1922.782</ele>
        <time>2015-07-19T11:30:14Z</time>
      </trkpt>
      <trkpt lat="45.382233" lon="23.492688">
        <ele>1922.431</ele>
        <time>2015-07-19T11:30:26Z</time>
      </trkpt>
      <trkpt lat="45.382318" lon="23.492681">
        <ele>1922.373</ele>
        <time>2015-07-19T11:30:33Z</time>
      </trkpt>
      <trkpt lat="45.382403" lon="23.492643">
        <ele>1921.185</ele>
        <time>2015-07-19T11:30:41Z</time>
      </trkpt>
      <trkpt lat="45.382473" lon="23.492579">
        <ele>1918.956</ele>
        <time>2015-07-19T11:30:49Z</time>
      </trkpt>
      <trkpt lat="45.382538" lon="23.492510">
        <ele>1916.248</ele>
        <time>2015-07-19T11:30:57Z</time>
      </trkpt>
      <trkpt lat="45.382618" lon="23.492461">
        <ele>1914.362</ele>
        <time>2015-07-19T11:31:05Z</time>
      </trkpt>
      <trkpt lat="45.382698" lon="23.492421">
        <ele>1912.883</ele>
        <time>2015-07-19T11:31:13Z</time>
      </trkpt>
      <trkpt lat="45.382783" lon="23.492376">
        <ele>1911.411</ele>
        <time>2015-07-19T11:31:20Z</time>
      </trkpt>
      <trkpt lat="45.382866" lon="23.492343">
        <ele>1910.408</ele>
        <time>2015-07-19T11:31:28Z</time>
      </trkpt>
      <trkpt lat="45.382954" lon="23.492311">
        <ele>1909.347</ele>
        <time>2015-07-19T11:31:36Z</time>
      </trkpt>
      <trkpt lat="45.383036" lon="23.492270">
        <ele>1907.843</ele>
        <time>2015-07-19T11:31:43Z</time>
      </trkpt>
      <trkpt lat="45.383118" lon="23.492263">
        <ele>1910.077</ele>
        <time>2015-07-19T11:31:52Z</time>
      </trkpt>
      <trkpt lat="45.383209" lon="23.492271">
        <ele>1914.056</ele>
        <time>2015-07-19T11:32:02Z</time>
      </trkpt>
      <trkpt lat="45.383291" lon="23.492240">
        <ele>1916.128</ele>
        <time>2015-07-19T11:32:10Z</time>
      </trkpt>
      <trkpt lat="45.383365" lon="23.492186">
        <ele>1916.630</ele>
        <time>2015-07-19T11:32:19Z</time>
      </trkpt>
      <trkpt lat="45.383431" lon="23.492106">
        <ele>1915.231</ele>
        <time>2015-07-19T11:32:28Z</time>
      </trkpt>
      <trkpt lat="45.383515" lon="23.492098">
        <ele>1917.073</ele>
        <time>2015-07-19T11:32:41Z</time>
      </trkpt>
      <trkpt lat="45.383598" lon="23.492066">
        <ele>1917.351</ele>
        <time>2015-07-19T11:32:49Z</time>
      </trkpt>
      <trkpt lat="45.383673" lon="23.492013">
        <ele>1914.901</ele>
        <time>2015-07-19T11:32:59Z</time>
      </trkpt>
      <trkpt lat="45.383763" lon="23.491970">
        <ele>1912.911</ele>
        <time>2015-07-19T11:33:06Z</time>
      </trkpt>
      <trkpt lat="45.383838" lon="23.491913">
        <ele>1910.508</ele>
        <time>2015-07-19T11:33:14Z</time>
      </trkpt>
      <trkpt lat="45.383908" lon="23.491853">
        <ele>1908.696</ele>
        <time>2015-07-19T11:33:24Z</time>
      </trkpt>
      <trkpt lat="45.383985" lon="23.491776">
        <ele>1906.632</ele>
        <time>2015-07-19T11:33:33Z</time>
      </trkpt>
      <trkpt lat="45.384058" lon="23.491705">
        <ele>1904.936</ele>
        <time>2015-07-19T11:33:41Z</time>
      </trkpt>
      <trkpt lat="45.384135" lon="23.491653">
        <ele>1904.415</ele>
        <time>2015-07-19T11:33:51Z</time>
      </trkpt>
      <trkpt lat="45.384201" lon="23.491563">
        <ele>1905.567</ele>
        <time>2015-07-19T11:33:59Z</time>
      </trkpt>
      <trkpt lat="45.384280" lon="23.491495">
        <ele>1908.139</ele>
        <time>2015-07-19T11:34:09Z</time>
      </trkpt>
      <trkpt lat="45.384353" lon="23.491428">
        <ele>1910.120</ele>
        <time>2015-07-19T11:34:17Z</time>
      </trkpt>
      <trkpt lat="45.384416" lon="23.491339">
        <ele>1910.882</ele>
        <time>2015-07-19T11:34:24Z</time>
      </trkpt>
      <trkpt lat="45.384496" lon="23.491283">
        <ele>1911.825</ele>
        <time>2015-07-19T11:34:32Z</time>
      </trkpt>
      <trkpt lat="45.384548" lon="23.491193">
        <ele>1910.426</ele>
        <time>2015-07-19T11:34:39Z</time>
      </trkpt>
      <trkpt lat="45.384623" lon="23.491131">
        <ele>1909.608</ele>
        <time>2015-07-19T11:34:46Z</time>
      </trkpt>
      <trkpt lat="45.384679" lon="23.491040">
        <ele>1906.608</ele>
        <time>2015-07-19T11:34:54Z</time>
      </trkpt>
      <trkpt lat="45.384748" lon="23.490951">
        <ele>1904.743</ele>
        <time>2015-07-19T11:35:02Z</time>
      </trkpt>
      <trkpt lat="45.384798" lon="23.490858">
        <ele>1902.859</ele>
        <time>2015-07-19T11:35:08Z</time>
      </trkpt>
      <trkpt lat="45.384835" lon="23.490751">
        <ele>1900.653</ele>
        <time>2015-07-19T11:35:15Z</time>
      </trkpt>
      <trkpt lat="45.384890" lon="23.490650">
        <ele>1899.922</ele>
        <time>2015-07-19T11:35:22Z</time>
      </trkpt>
      <trkpt lat="45.384953" lon="23.490576">
        <ele>1900.554</ele>
        <time>2015-07-19T11:35:29Z</time>
      </trkpt>
      <trkpt lat="45.385016" lon="23.490490">
        <ele>1901.766</ele>
        <time>2015-07-19T11:35:41Z</time>
      </trkpt>
      <trkpt lat="45.385030" lon="23.490366">
        <ele>1900.137</ele>
        <time>2015-07-19T11:35:49Z</time>
      </trkpt>
      <trkpt lat="45.385068" lon="23.490256">
        <ele>1899.729</ele>
        <time>2015-07-19T11:35:57Z</time>
      </trkpt>
      <trkpt lat="45.385121" lon="23.490146">
        <ele>1899.616</ele>
        <time>2015-07-19T11:36:17Z</time>
      </trkpt>
      <trkpt lat="45.385153" lon="23.490031">
        <ele>1898.376</ele>
        <time>2015-07-19T11:36:25Z</time>
      </trkpt>
      <trkpt lat="45.385181" lon="23.489914">
        <ele>1897.213</ele>
        <time>2015-07-19T11:36:34Z</time>
      </trkpt>
      <trkpt lat="45.385228" lon="23.489801">
        <ele>1897.108</ele>
        <time>2015-07-19T11:36:42Z</time>
      </trkpt>
      <trkpt lat="45.385266" lon="23.489696">
        <ele>1897.212</ele>
        <time>2015-07-19T11:36:51Z</time>
      </trkpt>
      <trkpt lat="45.385318" lon="23.489583">
        <ele>1898.548</ele>
        <time>2015-07-19T11:36:58Z</time>
      </trkpt>
      <trkpt lat="45.385324" lon="23.489460">
        <ele>1897.512</ele>
        <time>2015-07-19T11:37:06Z</time>
      </trkpt>
      <trkpt lat="45.385371" lon="23.489350">
        <ele>1898.321</ele>
        <time>2015-07-19T11:37:13Z</time>
      </trkpt>
      <trkpt lat="45.385405" lon="23.489238">
        <ele>1898.433</ele>
        <time>2015-07-19T11:37:20Z</time>
      </trkpt>
      <trkpt lat="45.385436" lon="23.489123">
        <ele>1898.395</ele>
        <time>2015-07-19T11:37:27Z</time>
      </trkpt>
      <trkpt lat="45.385465" lon="23.489011">
        <ele>1898.266</ele>
        <time>2015-07-19T11:37:34Z</time>
      </trkpt>
      <trkpt lat="45.385501" lon="23.488901">
        <ele>1898.448</ele>
        <time>2015-07-19T11:37:41Z</time>
      </trkpt>
      <trkpt lat="45.385533" lon="23.488793">
        <ele>1898.498</ele>
        <time>2015-07-19T11:37:48Z</time>
      </trkpt>
      <trkpt lat="45.385540" lon="23.488671">
        <ele>1897.015</ele>
        <time>2015-07-19T11:37:55Z</time>
      </trkpt>
      <trkpt lat="45.385590" lon="23.488571">
        <ele>1897.426</ele>
        <time>2015-07-19T11:38:02Z</time>
      </trkpt>
      <trkpt lat="45.385630" lon="23.488456">
        <ele>1896.308</ele>
        <time>2015-07-19T11:38:10Z</time>
      </trkpt>
      <trkpt lat="45.385660" lon="23.488346">
        <ele>1895.090</ele>
        <time>2015-07-19T11:38:17Z</time>
      </trkpt>
      <trkpt lat="45.385684" lon="23.488221">
        <ele>1893.666</ele>
        <time>2015-07-19T11:38:25Z</time>
      </trkpt>
      <trkpt lat="45.385716" lon="23.488111">
        <ele>1892.850</ele>
        <time>2015-07-19T11:38:32Z</time>
      </trkpt>
      <trkpt lat="45.385761" lon="23.487990">
        <ele>1891.969</ele>
        <time>2015-07-19T11:38:40Z</time>
      </trkpt>
      <trkpt lat="45.385800" lon="23.487876">
        <ele>1890.461</ele>
        <time>2015-07-19T11:38:47Z</time>
      </trkpt>
      <trkpt lat="45.385843" lon="23.487766">
        <ele>1889.053</ele>
        <time>2015-07-19T11:38:55Z</time>
      </trkpt>
      <trkpt lat="45.385893" lon="23.487658">
        <ele>1887.924</ele>
        <time>2015-07-19T11:39:03Z</time>
      </trkpt>
      <trkpt lat="45.385938" lon="23.487554">
        <ele>1886.776</ele>
        <time>2015-07-19T11:39:09Z</time>
      </trkpt>
      <trkpt lat="45.385970" lon="23.487428">
        <ele>1884.864</ele>
        <time>2015-07-19T11:39:16Z</time>
      </trkpt>
      <trkpt lat="45.386013" lon="23.487316">
        <ele>1884.506</ele>
        <time>2015-07-19T11:39:23Z</time>
      </trkpt>
      <trkpt lat="45.386055" lon="23.487216">
        <ele>1884.916</ele>
        <time>2015-07-19T11:39:30Z</time>
      </trkpt>
      <trkpt lat="45.386083" lon="23.487096">
        <ele>1885.008</ele>
        <time>2015-07-19T11:39:37Z</time>
      </trkpt>
      <trkpt lat="45.386138" lon="23.487011">
        <ele>1887.117</ele>
        <time>2015-07-19T11:39:43Z</time>
      </trkpt>
      <trkpt lat="45.386183" lon="23.486913">
        <ele>1888.133</ele>
        <time>2015-07-19T11:39:50Z</time>
      </trkpt>
      <trkpt lat="45.386224" lon="23.486808">
        <ele>1888.557</ele>
        <time>2015-07-19T11:39:57Z</time>
      </trkpt>
      <trkpt lat="45.386268" lon="23.486696">
        <ele>1888.846</ele>
        <time>2015-07-19T11:40:04Z</time>
      </trkpt>
      <trkpt lat="45.386274" lon="23.486581">
        <ele>1886.738</ele>
        <time>2015-07-19T11:40:11Z</time>
      </trkpt>
      <trkpt lat="45.386296" lon="23.486461">
        <ele>1885.250</ele>
        <time>2015-07-19T11:40:19Z</time>
      </trkpt>
      <trkpt lat="45.386301" lon="23.486335">
        <ele>1882.651</ele>
        <time>2015-07-19T11:40:26Z</time>
      </trkpt>
      <trkpt lat="45.386333" lon="23.486213">
        <ele>1881.663</ele>
        <time>2015-07-19T11:40:34Z</time>
      </trkpt>
      <trkpt lat="45.386364" lon="23.486105">
        <ele>1881.136</ele>
        <time>2015-07-19T11:40:41Z</time>
      </trkpt>
      <trkpt lat="45.386400" lon="23.485995">
        <ele>1880.317</ele>
        <time>2015-07-19T11:40:48Z</time>
      </trkpt>
      <trkpt lat="45.386413" lon="23.485868">
        <ele>1877.718</ele>
        <time>2015-07-19T11:40:58Z</time>
      </trkpt>
      <trkpt lat="45.386438" lon="23.485750">
        <ele>1877.108</ele>
        <time>2015-07-19T11:41:06Z</time>
      </trkpt>
      <trkpt lat="45.386465" lon="23.485636">
        <ele>1877.134</ele>
        <time>2015-07-19T11:41:14Z</time>
      </trkpt>
      <trkpt lat="45.386490" lon="23.485511">
        <ele>1877.250</ele>
        <time>2015-07-19T11:41:24Z</time>
      </trkpt>
      <trkpt lat="45.386490" lon="23.485391">
        <ele>1876.174</ele>
        <time>2015-07-19T11:41:34Z</time>
      </trkpt>
      <trkpt lat="45.386490" lon="23.485268">
        <ele>1875.093</ele>
        <time>2015-07-19T11:41:42Z</time>
      </trkpt>
      <trkpt lat="45.386486" lon="23.485148">
        <ele>1874.385</ele>
        <time>2015-07-19T11:41:52Z</time>
      </trkpt>
      <trkpt lat="45.386505" lon="23.485033">
        <ele>1874.647</ele>
        <time>2015-07-19T11:42:00Z</time>
      </trkpt>
      <trkpt lat="45.386495" lon="23.484906">
        <ele>1873.578</ele>
        <time>2015-07-19T11:42:09Z</time>
      </trkpt>
      <trkpt lat="45.386480" lon="23.484785">
        <ele>1872.280</ele>
        <time>2015-07-19T11:42:17Z</time>
      </trkpt>
      <trkpt lat="45.386501" lon="23.484660">
        <ele>1872.691</ele>
        <time>2015-07-19T11:42:44Z</time>
      </trkpt>
      <trkpt lat="45.386493" lon="23.484541">
        <ele>1871.881</ele>
        <time>2015-07-19T11:42:52Z</time>
      </trkpt>
      <trkpt lat="45.386490" lon="23.484423">
        <ele>1871.319</ele>
        <time>2015-07-19T11:43:00Z</time>
      </trkpt>
      <trkpt lat="45.386466" lon="23.484306">
        <ele>1869.808</ele>
        <time>2015-07-19T11:43:08Z</time>
      </trkpt>
      <trkpt lat="45.386445" lon="23.484191">
        <ele>1868.510</ele>
        <time>2015-07-19T11:43:20Z</time>
      </trkpt>
      <trkpt lat="45.386423" lon="23.484071">
        <ele>1867.426</ele>
        <time>2015-07-19T11:43:28Z</time>
      </trkpt>
      <trkpt lat="45.386385" lon="23.483968">
        <ele>1865.970</ele>
        <time>2015-07-19T11:43:42Z</time>
      </trkpt>
      <trkpt lat="45.386348" lon="23.483859">
        <ele>1864.899</ele>
        <time>2015-07-19T11:43:49Z</time>
      </trkpt>
      <trkpt lat="45.386304" lon="23.483739">
        <ele>1863.791</ele>
        <time>2015-07-19T11:43:58Z</time>
      </trkpt>
      <trkpt lat="45.386283" lon="23.483616">
        <ele>1863.343</ele>
        <time>2015-07-19T11:44:05Z</time>
      </trkpt>
      <trkpt lat="45.386258" lon="23.483490">
        <ele>1862.934</ele>
        <time>2015-07-19T11:44:16Z</time>
      </trkpt>
      <trkpt lat="45.386223" lon="23.483383">
        <ele>1862.236</ele>
        <time>2015-07-19T11:44:23Z</time>
      </trkpt>
      <trkpt lat="45.386201" lon="23.483258">
        <ele>1861.535</ele>
        <time>2015-07-19T11:44:32Z</time>
      </trkpt>
      <trkpt lat="45.386161" lon="23.483146">
        <ele>1860.386</ele>
        <time>2015-07-19T11:44:40Z</time>
      </trkpt>
      <trkpt lat="45.386131" lon="23.483028">
        <ele>1859.414</ele>
        <time>2015-07-19T11:44:48Z</time>
      </trkpt>
      <trkpt lat="45.386109" lon="23.482908">
        <ele>1858.408</ele>
        <time>2015-07-19T11:44:57Z</time>
      </trkpt>
      <trkpt lat="45.386055" lon="23.482815">
        <ele>1856.524</ele>
        <time>2015-07-19T11:45:06Z</time>
      </trkpt>
      <trkpt lat="45.386023" lon="23.482706">
        <ele>1854.990</ele>
        <time>2015-07-19T11:45:14Z</time>
      </trkpt>
      <trkpt lat="45.385980" lon="23.482604">
        <ele>1852.974</ele>
        <time>2015-07-19T11:45:25Z</time>
      </trkpt>
      <trkpt lat="45.385968" lon="23.482486">
        <ele>1851.813</ele>
        <time>2015-07-19T11:48:00Z</time>
      </trkpt>
      <trkpt lat="45.385991" lon="23.482371">
        <ele>1851.055</ele>
        <time>2015-07-19T11:48:10Z</time>
      </trkpt>
      <trkpt lat="45.385961" lon="23.482250">
        <ele>1849.187</ele>
        <time>2015-07-19T11:48:22Z</time>
      </trkpt>
      <trkpt lat="45.385923" lon="23.482145">
        <ele>1847.288</ele>
        <time>2015-07-19T11:48:33Z</time>
      </trkpt>
      <trkpt lat="45.385886" lon="23.482038">
        <ele>1845.140</ele>
        <time>2015-07-19T11:48:50Z</time>
      </trkpt>
      <trkpt lat="45.385836" lon="23.481940">
        <ele>1843.022</ele>
        <time>2015-07-19T11:49:00Z</time>
      </trkpt>
      <trkpt lat="45.385800" lon="23.481831">
        <ele>1840.762</ele>
        <time>2015-07-19T11:49:13Z</time>
      </trkpt>
      <trkpt lat="45.385753" lon="23.481736">
        <ele>1838.808</ele>
        <time>2015-07-19T11:49:23Z</time>
      </trkpt>
      <trkpt lat="45.385696" lon="23.481653">
        <ele>1837.208</ele>
        <time>2015-07-19T11:49:31Z</time>
      </trkpt>
      <trkpt lat="45.385648" lon="23.481546">
        <ele>1834.963</ele>
        <time>2015-07-19T11:49:41Z</time>
      </trkpt>
      <trkpt lat="45.385601" lon="23.481436">
        <ele>1832.729</ele>
        <time>2015-07-19T11:49:50Z</time>
      </trkpt>
      <trkpt lat="45.385558" lon="23.481328">
        <ele>1830.933</ele>
        <time>2015-07-19T11:49:59Z</time>
      </trkpt>
      <trkpt lat="45.385526" lon="23.481215">
        <ele>1828.952</ele>
        <time>2015-07-19T11:50:09Z</time>
      </trkpt>
      <trkpt lat="45.385481" lon="23.481108">
        <ele>1827.234</ele>
        <time>2015-07-19T11:50:23Z</time>
      </trkpt>
      <trkpt lat="45.385431" lon="23.481010">
        <ele>1825.446</ele>
        <time>2015-07-19T11:50:33Z</time>
      </trkpt>
      <trkpt lat="45.385383" lon="23.480910">
        <ele>1823.967</ele>
        <time>2015-07-19T11:50:41Z</time>
      </trkpt>
      <trkpt lat="45.385340" lon="23.480800">
        <ele>1822.069</ele>
        <time>2015-07-19T11:50:50Z</time>
      </trkpt>
      <trkpt lat="45.385286" lon="23.480700">
        <ele>1819.151</ele>
        <time>2015-07-19T11:50:58Z</time>
      </trkpt>
      <trkpt lat="45.385220" lon="23.480608">
        <ele>1817.101</ele>
        <time>2015-07-19T11:51:07Z</time>
      </trkpt>
      <trkpt lat="45.385186" lon="23.480490">
        <ele>1814.411</ele>
        <time>2015-07-19T11:51:22Z</time>
      </trkpt>
      <trkpt lat="45.385156" lon="23.480380">
        <ele>1812.008</ele>
        <time>2015-07-19T11:51:32Z</time>
      </trkpt>
      <trkpt lat="45.385121" lon="23.480271">
        <ele>1809.846</ele>
        <time>2015-07-19T11:51:41Z</time>
      </trkpt>
      <trkpt lat="45.385095" lon="23.480161">
        <ele>1807.452</ele>
        <time>2015-07-19T11:51:52Z</time>
      </trkpt>
      <trkpt lat="45.385060" lon="23.480056">
        <ele>1804.786</ele>
        <time>2015-07-19T11:52:03Z</time>
      </trkpt>
      <trkpt lat="45.385033" lon="23.479940">
        <ele>1802.365</ele>
        <time>2015-07-19T11:52:15Z</time>
      </trkpt>
      <trkpt lat="45.384986" lon="23.479843">
        <ele>1801.237</ele>
        <time>2015-07-19T11:52:23Z</time>
      </trkpt>
      <trkpt lat="45.384955" lon="23.479734">
        <ele>1799.879</ele>
        <time>2015-07-19T11:52:32Z</time>
      </trkpt>
      <trkpt lat="45.384919" lon="23.479628">
        <ele>1797.710</ele>
        <time>2015-07-19T11:52:42Z</time>
      </trkpt>
      <trkpt lat="45.384871" lon="23.479535">
        <ele>1796.052</ele>
        <time>2015-07-19T11:52:51Z</time>
      </trkpt>
      <trkpt lat="45.384811" lon="23.479449">
        <ele>1794.764</ele>
        <time>2015-07-19T11:53:02Z</time>
      </trkpt>
      <trkpt lat="45.384745" lon="23.479380">
        <ele>1794.506</ele>
        <time>2015-07-19T11:53:14Z</time>
      </trkpt>
      <trkpt lat="45.384678" lon="23.479284">
        <ele>1793.016</ele>
        <time>2015-07-19T11:53:25Z</time>
      </trkpt>
      <trkpt lat="45.384611" lon="23.479206">
        <ele>1791.208</ele>
        <time>2015-07-19T11:53:34Z</time>
      </trkpt>
      <trkpt lat="45.384561" lon="23.479104">
        <ele>1790.047</ele>
        <time>2015-07-19T11:53:43Z</time>
      </trkpt>
      <trkpt lat="45.384523" lon="23.478990">
        <ele>1789.093</ele>
        <time>2015-07-19T11:53:52Z</time>
      </trkpt>
      <trkpt lat="45.384476" lon="23.478885">
        <ele>1787.627</ele>
        <time>2015-07-19T11:54:00Z</time>
      </trkpt>
      <trkpt lat="45.384445" lon="23.478778">
        <ele>1785.856</ele>
        <time>2015-07-19T11:54:08Z</time>
      </trkpt>
      <trkpt lat="45.384446" lon="23.478655">
        <ele>1784.518</ele>
        <time>2015-07-19T11:54:16Z</time>
      </trkpt>
      <trkpt lat="45.384446" lon="23.478530">
        <ele>1782.870</ele>
        <time>2015-07-19T11:54:27Z</time>
      </trkpt>
      <trkpt lat="45.384423" lon="23.478415">
        <ele>1780.351</ele>
        <time>2015-07-19T11:58:54Z</time>
      </trkpt>
      <trkpt lat="45.384438" lon="23.478291">
        <ele>1778.293</ele>
        <time>2015-07-19T11:59:03Z</time>
      </trkpt>
      <trkpt lat="45.384415" lon="23.478171">
        <ele>1773.515</ele>
        <time>2015-07-19T11:59:13Z</time>
      </trkpt>
      <trkpt lat="45.384416" lon="23.478050">
        <ele>1769.665</ele>
        <time>2015-07-19T11:59:21Z</time>
      </trkpt>
      <trkpt lat="45.384408" lon="23.477935">
        <ele>1768.011</ele>
        <time>2015-07-19T11:59:29Z</time>
      </trkpt>
      <trkpt lat="45.384388" lon="23.477818">
        <ele>1766.308</ele>
        <time>2015-07-19T11:59:36Z</time>
      </trkpt>
      <trkpt lat="45.384391" lon="23.477695">
        <ele>1765.192</ele>
        <time>2015-07-19T11:59:46Z</time>
      </trkpt>
      <trkpt lat="45.384393" lon="23.477571">
        <ele>1764.048</ele>
        <time>2015-07-19T11:59:55Z</time>
      </trkpt>
      <trkpt lat="45.384370" lon="23.477459">
        <ele>1763.122</ele>
        <time>2015-07-19T12:00:04Z</time>
      </trkpt>
      <trkpt lat="45.384366" lon="23.477331">
        <ele>1761.691</ele>
        <time>2015-07-19T12:00:21Z</time>
      </trkpt>
      <trkpt lat="45.384350" lon="23.477203">
        <ele>1760.113</ele>
        <time>2015-07-19T12:00:30Z</time>
      </trkpt>
      <trkpt lat="45.384348" lon="23.477086">
        <ele>1758.945</ele>
        <time>2015-07-19T12:00:39Z</time>
      </trkpt>
      <trkpt lat="45.384358" lon="23.476961">
        <ele>1757.546</ele>
        <time>2015-07-19T12:00:50Z</time>
      </trkpt>
      <trkpt lat="45.384350" lon="23.476843">
        <ele>1755.598</ele>
        <time>2015-07-19T12:00:57Z</time>
      </trkpt>
      <trkpt lat="45.384361" lon="23.476721">
        <ele>1753.342</ele>
        <time>2015-07-19T12:01:04Z</time>
      </trkpt>
      <trkpt lat="45.384328" lon="23.476603">
        <ele>1750.922</ele>
        <time>2015-07-19T12:01:14Z</time>
      </trkpt>
      <trkpt lat="45.384308" lon="23.476483">
        <ele>1748.214</ele>
        <time>2015-07-19T12:01:23Z</time>
      </trkpt>
      <trkpt lat="45.384265" lon="23.476381">
        <ele>1746.208</ele>
        <time>2015-07-19T12:01:32Z</time>
      </trkpt>
      <trkpt lat="45.384243" lon="23.476258">
        <ele>1744.265</ele>
        <time>2015-07-19T12:01:43Z</time>
      </trkpt>
      <trkpt lat="45.384235" lon="23.476140">
        <ele>1742.241</ele>
        <time>2015-07-19T12:01:52Z</time>
      </trkpt>
      <trkpt lat="45.384228" lon="23.476021">
        <ele>1739.245</ele>
        <time>2015-07-19T12:02:09Z</time>
      </trkpt>
      <trkpt lat="45.384216" lon="23.475900">
        <ele>1735.724</ele>
        <time>2015-07-19T12:02:20Z</time>
      </trkpt>
      <trkpt lat="45.384181" lon="23.475788">
        <ele>1733.166</ele>
        <time>2015-07-19T12:02:42Z</time>
      </trkpt>
      <trkpt lat="45.384180" lon="23.475666">
        <ele>1730.968</ele>
        <time>2015-07-19T12:03:01Z</time>
      </trkpt>
      <trkpt lat="45.384166" lon="23.475551">
        <ele>1728.919</ele>
        <time>2015-07-19T12:03:13Z</time>
      </trkpt>
      <trkpt lat="45.384156" lon="23.475433">
        <ele>1727.251</ele>
        <time>2015-07-19T12:03:25Z</time>
      </trkpt>
      <trkpt lat="45.384158" lon="23.475311">
        <ele>1725.551</ele>
        <time>2015-07-19T12:03:36Z</time>
      </trkpt>
      <trkpt lat="45.384141" lon="23.475189">
        <ele>1723.601</ele>
        <time>2015-07-19T12:03:49Z</time>
      </trkpt>
      <trkpt lat="45.384133" lon="23.475070">
        <ele>1721.811</ele>
        <time>2015-07-19T12:04:03Z</time>
      </trkpt>
      <trkpt lat="45.384123" lon="23.474945">
        <ele>1719.908</ele>
        <time>2015-07-19T12:04:12Z</time>
      </trkpt>
      <trkpt lat="45.384105" lon="23.474831">
        <ele>1718.096</ele>
        <time>2015-07-19T12:04:21Z</time>
      </trkpt>
      <trkpt lat="45.384098" lon="23.474716">
        <ele>1716.182</ele>
        <time>2015-07-19T12:04:42Z</time>
      </trkpt>
      <trkpt lat="45.384100" lon="23.474591">
        <ele>1713.886</ele>
        <time>2015-07-19T12:04:55Z</time>
      </trkpt>
      <trkpt lat="45.384086" lon="23.474476">
        <ele>1711.435</ele>
        <time>2015-07-19T12:05:05Z</time>
      </trkpt>
      <trkpt lat="45.384088" lon="23.474358">
        <ele>1709.297</ele>
        <time>2015-07-19T12:05:16Z</time>
      </trkpt>
      <trkpt lat="45.384101" lon="23.474229">
        <ele>1706.899</ele>
        <time>2015-07-19T12:05:43Z</time>
      </trkpt>
      <trkpt lat="45.384103" lon="23.474108">
        <ele>1704.670</ele>
        <time>2015-07-19T12:05:53Z</time>
      </trkpt>
      <trkpt lat="45.384123" lon="23.473995">
        <ele>1703.182</ele>
        <time>2015-07-19T12:06:03Z</time>
      </trkpt>
      <trkpt lat="45.384108" lon="23.473873">
        <ele>1701.287</ele>
        <time>2015-07-19T12:06:14Z</time>
      </trkpt>
      <trkpt lat="45.384141" lon="23.473761">
        <ele>1700.742</ele>
        <time>2015-07-19T12:06:24Z</time>
      </trkpt>
      <trkpt lat="45.384171" lon="23.473645">
        <ele>1700.226</ele>
        <time>2015-07-19T12:06:33Z</time>
      </trkpt>
      <trkpt lat="45.384180" lon="23.473528">
        <ele>1698.808</ele>
        <time>2015-07-19T12:06:42Z</time>
      </trkpt>
      <trkpt lat="45.384178" lon="23.473408">
        <ele>1697.129</ele>
        <time>2015-07-19T12:06:51Z</time>
      </trkpt>
      <trkpt lat="45.384186" lon="23.473283">
        <ele>1695.165</ele>
        <time>2015-07-19T12:07:00Z</time>
      </trkpt>
      <trkpt lat="45.384184" lon="23.473165">
        <ele>1693.039</ele>
        <time>2015-07-19T12:07:10Z</time>
      </trkpt>
      <trkpt lat="45.384206" lon="23.473038">
        <ele>1691.158</ele>
        <time>2015-07-19T12:07:19Z</time>
      </trkpt>
      <trkpt lat="45.384218" lon="23.472913">
        <ele>1689.820</ele>
        <time>2015-07-19T12:07:27Z</time>
      </trkpt>
      <trkpt lat="45.384218" lon="23.472794">
        <ele>1688.582</ele>
        <time>2015-07-19T12:07:37Z</time>
      </trkpt>
      <trkpt lat="45.384210" lon="23.472671">
        <ele>1687.253</ele>
        <time>2015-07-19T12:07:50Z</time>
      </trkpt>
      <trkpt lat="45.384240" lon="23.472551">
        <ele>1686.165</ele>
        <time>2015-07-19T12:08:00Z</time>
      </trkpt>
      <trkpt lat="45.384248" lon="23.472428">
        <ele>1685.633</ele>
        <time>2015-07-19T12:08:06Z</time>
      </trkpt>
      <trkpt lat="45.384243" lon="23.472300">
        <ele>1685.723</ele>
        <time>2015-07-19T12:08:11Z</time>
      </trkpt>
      <trkpt lat="45.384251" lon="23.472170">
        <ele>1686.215</ele>
        <time>2015-07-19T12:08:18Z</time>
      </trkpt>
      <trkpt lat="45.384280" lon="23.472048">
        <ele>1687.208</ele>
        <time>2015-07-19T12:08:28Z</time>
      </trkpt>
      <trkpt lat="45.384301" lon="23.471926">
        <ele>1688.454</ele>
        <time>2015-07-19T12:08:37Z</time>
      </trkpt>
      <trkpt lat="45.384286" lon="23.471803">
        <ele>1690.950</ele>
        <time>2015-07-19T12:08:54Z</time>
      </trkpt>
      <trkpt lat="45.384244" lon="23.471686">
        <ele>1693.434</ele>
        <time>2015-07-19T12:09:02Z</time>
      </trkpt>
      <trkpt lat="45.384198" lon="23.471580">
        <ele>1695.333</ele>
        <time>2015-07-19T12:09:11Z</time>
      </trkpt>
    </trkseg>
  </trk></gpx>