<?xml version="1.0" encoding="UTF-8"?>
<gpx creator="Wikiloc - https://www.wikiloc.com" version="1.1" xmlns="http://www.topografix.com/GPX/1/1" xmlns:xsi="http://www.w3.org/2001/XMLSchema-instance" xsi:schemaLocation="http://www.topografix.com/GPX/1/1 http://www.topografix.com/GPX/1/1/gpx.xsd">
  <metadata>
    <name>Wikiloc - Vârtop - Varful Curcubata Mare</name>
    <author>
      <name>Toni Grecu</name>
      <link href="https://www.wikiloc.com/wikiloc/user.do?id=2082631">
        <text>Toni Grecu on Wikiloc</text>
      </link>
    </author>
    <link href="https://www.wikiloc.com/hiking-trails/vartop-varful-curcubata-mare-17556688">
      <text>Vârtop - Varful Curcubata Mare on Wikiloc</text>
    </link>
    <time>2017-04-30T14:38:45Z</time>
  </metadata>
  <trk>
    <name>Vârtop - Varful Curcubata Mare - Wikiloc</name>
    <cmt></cmt>
    <desc></desc>
    <trkseg>
      <trkpt lat="46.516391" lon="22.679301">
        <ele>1185.057</ele>
        <time>2017-04-30T08:31:29Z</time>
      </trkpt>
      <trkpt lat="46.516440" lon="22.679184">
        <ele>1177.000</ele>
        <time>2017-04-30T08:32:43Z</time>
      </trkpt>
      <trkpt lat="46.516440" lon="22.679051">
        <ele>1177.020</ele>
        <time>2017-04-30T08:32:53Z</time>
      </trkpt>
      <trkpt lat="46.516435" lon="22.678915">
        <ele>1177.008</ele>
        <time>2017-04-30T08:33:04Z</time>
      </trkpt>
      <trkpt lat="46.516408" lon="22.678788">
        <ele>1176.076</ele>
        <time>2017-04-30T08:33:34Z</time>
      </trkpt>
      <trkpt lat="46.516418" lon="22.678926">
        <ele>1176.072</ele>
        <time>2017-04-30T08:34:11Z</time>
      </trkpt>
      <trkpt lat="46.516422" lon="22.679082">
        <ele>1177.070</ele>
        <time>2017-04-30T08:34:15Z</time>
      </trkpt>
      <trkpt lat="46.516441" lon="22.679225">
        <ele>1178.010</ele>
        <time>2017-04-30T08:34:19Z</time>
      </trkpt>
      <trkpt lat="46.516391" lon="22.679107">
        <ele>1173.051</ele>
        <time>2017-04-30T08:34:35Z</time>
      </trkpt>
      <trkpt lat="46.516482" lon="22.679026">
        <ele>1174.021</ele>
        <time>2017-04-30T08:34:49Z</time>
      </trkpt>
      <trkpt lat="46.516363" lon="22.678954">
        <ele>1174.063</ele>
        <time>2017-04-30T08:34:59Z</time>
      </trkpt>
      <trkpt lat="46.516411" lon="22.678454">
        <ele>1175.093</ele>
        <time>2017-04-30T08:35:04Z</time>
      </trkpt>
      <trkpt lat="46.516365" lon="22.678616">
        <ele>1180.067</ele>
        <time>2017-04-30T08:35:05Z</time>
      </trkpt>
      <trkpt lat="46.516299" lon="22.678754">
        <ele>1192.081</ele>
        <time>2017-04-30T08:35:09Z</time>
      </trkpt>
      <trkpt lat="46.516256" lon="22.678880">
        <ele>1195.019</ele>
        <time>2017-04-30T08:35:11Z</time>
      </trkpt>
      <trkpt lat="46.516345" lon="22.679127">
        <ele>1195.008</ele>
        <time>2017-04-30T08:35:13Z</time>
      </trkpt>
      <trkpt lat="46.516420" lon="22.679242">
        <ele>1194.067</ele>
        <time>2017-04-30T08:35:15Z</time>
      </trkpt>
      <trkpt lat="46.516430" lon="22.679105">
        <ele>1178.073</ele>
        <time>2017-04-30T08:35:23Z</time>
      </trkpt>
      <trkpt lat="46.516447" lon="22.678970">
        <ele>1177.051</ele>
        <time>2017-04-30T08:35:29Z</time>
      </trkpt>
      <trkpt lat="46.516427" lon="22.678824">
        <ele>1177.091</ele>
        <time>2017-04-30T08:35:35Z</time>
      </trkpt>
      <trkpt lat="46.516339" lon="22.678794">
        <ele>1176.082</ele>
        <time>2017-04-30T08:36:42Z</time>
      </trkpt>
      <trkpt lat="46.516246" lon="22.678758">
        <ele>1173.072</ele>
        <time>2017-04-30T08:36:50Z</time>
      </trkpt>
      <trkpt lat="46.516195" lon="22.678649">
        <ele>1173.054</ele>
        <time>2017-04-30T08:37:02Z</time>
      </trkpt>
      <trkpt lat="46.516204" lon="22.678500">
        <ele>1175.064</ele>
        <time>2017-04-30T08:37:11Z</time>
      </trkpt>
      <trkpt lat="46.516195" lon="22.678350">
        <ele>1175.027</ele>
        <time>2017-04-30T08:37:17Z</time>
      </trkpt>
      <trkpt lat="46.516194" lon="22.678206">
        <ele>1175.068</ele>
        <time>2017-04-30T08:37:35Z</time>
      </trkpt>
      <trkpt lat="46.516163" lon="22.678066">
        <ele>1174.014</ele>
        <time>2017-04-30T08:37:42Z</time>
      </trkpt>
      <trkpt lat="46.516133" lon="22.677931">
        <ele>1175.008</ele>
        <time>2017-04-30T08:37:48Z</time>
      </trkpt>
      <trkpt lat="46.516075" lon="22.677802">
        <ele>1174.013</ele>
        <time>2017-04-30T08:37:54Z</time>
      </trkpt>
      <trkpt lat="46.516016" lon="22.677688">
        <ele>1174.069</ele>
        <time>2017-04-30T08:38:00Z</time>
      </trkpt>
      <trkpt lat="46.515953" lon="22.677588">
        <ele>1174.027</ele>
        <time>2017-04-30T08:38:07Z</time>
      </trkpt>
      <trkpt lat="46.515881" lon="22.677481">
        <ele>1175.097</ele>
        <time>2017-04-30T08:38:15Z</time>
      </trkpt>
      <trkpt lat="46.515813" lon="22.677386">
        <ele>1175.048</ele>
        <time>2017-04-30T08:38:23Z</time>
      </trkpt>
      <trkpt lat="46.515748" lon="22.677273">
        <ele>1176.048</ele>
        <time>2017-04-30T08:38:32Z</time>
      </trkpt>
      <trkpt lat="46.515681" lon="22.677186">
        <ele>1177.010</ele>
        <time>2017-04-30T08:38:40Z</time>
      </trkpt>
      <trkpt lat="46.515618" lon="22.677084">
        <ele>1177.080</ele>
        <time>2017-04-30T08:38:49Z</time>
      </trkpt>
      <trkpt lat="46.515572" lon="22.676966">
        <ele>1178.061</ele>
        <time>2017-04-30T08:38:56Z</time>
      </trkpt>
      <trkpt lat="46.515527" lon="22.676842">
        <ele>1178.021</ele>
        <time>2017-04-30T08:39:04Z</time>
      </trkpt>
      <trkpt lat="46.515483" lon="22.676706">
        <ele>1180.013</ele>
        <time>2017-04-30T08:39:12Z</time>
      </trkpt>
      <trkpt lat="46.515446" lon="22.676574">
        <ele>1181.008</ele>
        <time>2017-04-30T08:39:20Z</time>
      </trkpt>
      <trkpt lat="46.515358" lon="22.676535">
        <ele>1180.077</ele>
        <time>2017-04-30T08:39:29Z</time>
      </trkpt>
      <trkpt lat="46.515270" lon="22.676510">
        <ele>1181.013</ele>
        <time>2017-04-30T08:39:36Z</time>
      </trkpt>
      <trkpt lat="46.515174" lon="22.676482">
        <ele>1181.091</ele>
        <time>2017-04-30T08:39:44Z</time>
      </trkpt>
      <trkpt lat="46.515084" lon="22.676457">
        <ele>1181.031</ele>
        <time>2017-04-30T08:39:52Z</time>
      </trkpt>
      <trkpt lat="46.514993" lon="22.676432">
        <ele>1183.032</ele>
        <time>2017-04-30T08:39:58Z</time>
      </trkpt>
      <trkpt lat="46.514901" lon="22.676435">
        <ele>1185.052</ele>
        <time>2017-04-30T08:40:06Z</time>
      </trkpt>
      <trkpt lat="46.514810" lon="22.676462">
        <ele>1187.034</ele>
        <time>2017-04-30T08:40:15Z</time>
      </trkpt>
      <trkpt lat="46.514725" lon="22.676527">
        <ele>1185.084</ele>
        <time>2017-04-30T08:40:23Z</time>
      </trkpt>
      <trkpt lat="46.514632" lon="22.676577">
        <ele>1189.064</ele>
        <time>2017-04-30T08:40:30Z</time>
      </trkpt>
      <trkpt lat="46.514538" lon="22.676630">
        <ele>1190.006</ele>
        <time>2017-04-30T08:40:37Z</time>
      </trkpt>
      <trkpt lat="46.514446" lon="22.676661">
        <ele>1190.016</ele>
        <time>2017-04-30T08:40:46Z</time>
      </trkpt>
      <trkpt lat="46.514349" lon="22.676672">
        <ele>1190.008</ele>
        <time>2017-04-30T08:40:54Z</time>
      </trkpt>
      <trkpt lat="46.514257" lon="22.676652">
        <ele>1193.087</ele>
        <time>2017-04-30T08:41:05Z</time>
      </trkpt>
      <trkpt lat="46.514168" lon="22.676586">
        <ele>1193.013</ele>
        <time>2017-04-30T08:41:25Z</time>
      </trkpt>
      <trkpt lat="46.514076" lon="22.676506">
        <ele>1196.051</ele>
        <time>2017-04-30T08:41:38Z</time>
      </trkpt>
      <trkpt lat="46.514003" lon="22.676419">
        <ele>1195.041</ele>
        <time>2017-04-30T08:41:48Z</time>
      </trkpt>
      <trkpt lat="46.513928" lon="22.676347">
        <ele>1195.082</ele>
        <time>2017-04-30T08:41:56Z</time>
      </trkpt>
      <trkpt lat="46.513841" lon="22.676302">
        <ele>1196.022</ele>
        <time>2017-04-30T08:42:08Z</time>
      </trkpt>
      <trkpt lat="46.513747" lon="22.676320">
        <ele>1197.084</ele>
        <time>2017-04-30T08:42:35Z</time>
      </trkpt>
      <trkpt lat="46.513655" lon="22.676324">
        <ele>1197.064</ele>
        <time>2017-04-30T08:42:48Z</time>
      </trkpt>
      <trkpt lat="46.513560" lon="22.676319">
        <ele>1201.091</ele>
        <time>2017-04-30T08:42:59Z</time>
      </trkpt>
      <trkpt lat="46.513470" lon="22.676273">
        <ele>1203.081</ele>
        <time>2017-04-30T08:43:19Z</time>
      </trkpt>
      <trkpt lat="46.513377" lon="22.676228">
        <ele>1201.019</ele>
        <time>2017-04-30T08:43:30Z</time>
      </trkpt>
      <trkpt lat="46.513287" lon="22.676170">
        <ele>1204.008</ele>
        <time>2017-04-30T08:43:40Z</time>
      </trkpt>
      <trkpt lat="46.513201" lon="22.676130">
        <ele>1206.040</ele>
        <time>2017-04-30T08:43:51Z</time>
      </trkpt>
      <trkpt lat="46.513112" lon="22.676110">
        <ele>1208.056</ele>
        <time>2017-04-30T08:44:04Z</time>
      </trkpt>
      <trkpt lat="46.513022" lon="22.676126">
        <ele>1209.064</ele>
        <time>2017-04-30T08:44:18Z</time>
      </trkpt>
      <trkpt lat="46.512930" lon="22.676163">
        <ele>1215.074</ele>
        <time>2017-04-30T08:44:33Z</time>
      </trkpt>
      <trkpt lat="46.512840" lon="22.676172">
        <ele>1216.015</ele>
        <time>2017-04-30T08:44:47Z</time>
      </trkpt>
      <trkpt lat="46.512744" lon="22.676142">
        <ele>1216.085</ele>
        <time>2017-04-30T08:44:59Z</time>
      </trkpt>
      <trkpt lat="46.512652" lon="22.676132">
        <ele>1219.087</ele>
        <time>2017-04-30T08:45:10Z</time>
      </trkpt>
      <trkpt lat="46.512561" lon="22.676114">
        <ele>1221.097</ele>
        <time>2017-04-30T08:45:24Z</time>
      </trkpt>
      <trkpt lat="46.512469" lon="22.676127">
        <ele>1223.065</ele>
        <time>2017-04-30T08:46:00Z</time>
      </trkpt>
      <trkpt lat="46.512369" lon="22.676128">
        <ele>1227.068</ele>
        <time>2017-04-30T08:46:10Z</time>
      </trkpt>
      <trkpt lat="46.512272" lon="22.676102">
        <ele>1228.014</ele>
        <time>2017-04-30T08:46:21Z</time>
      </trkpt>
      <trkpt lat="46.512181" lon="22.676119">
        <ele>1229.008</ele>
        <time>2017-04-30T08:46:34Z</time>
      </trkpt>
      <trkpt lat="46.512093" lon="22.676088">
        <ele>1230.077</ele>
        <time>2017-04-30T08:46:49Z</time>
      </trkpt>
      <trkpt lat="46.511996" lon="22.676087">
        <ele>1233.033</ele>
        <time>2017-04-30T08:47:03Z</time>
      </trkpt>
      <trkpt lat="46.511909" lon="22.676037">
        <ele>1235.051</ele>
        <time>2017-04-30T08:47:18Z</time>
      </trkpt>
      <trkpt lat="46.511822" lon="22.675983">
        <ele>1238.081</ele>
        <time>2017-04-30T08:47:31Z</time>
      </trkpt>
      <trkpt lat="46.511734" lon="22.675948">
        <ele>1240.072</ele>
        <time>2017-04-30T08:47:42Z</time>
      </trkpt>
      <trkpt lat="46.511651" lon="22.675890">
        <ele>1242.052</ele>
        <time>2017-04-30T08:48:00Z</time>
      </trkpt>
      <trkpt lat="46.511566" lon="22.675844">
        <ele>1243.064</ele>
        <time>2017-04-30T08:48:13Z</time>
      </trkpt>
      <trkpt lat="46.511476" lon="22.675793">
        <ele>1245.054</ele>
        <time>2017-04-30T08:48:25Z</time>
      </trkpt>
      <trkpt lat="46.511400" lon="22.675712">
        <ele>1248.021</ele>
        <time>2017-04-30T08:48:37Z</time>
      </trkpt>
      <trkpt lat="46.511312" lon="22.675669">
        <ele>1251.041</ele>
        <time>2017-04-30T08:48:54Z</time>
      </trkpt>
      <trkpt lat="46.511220" lon="22.675651">
        <ele>1251.005</ele>
        <time>2017-04-30T08:49:11Z</time>
      </trkpt>
      <trkpt lat="46.511128" lon="22.675620">
        <ele>1253.008</ele>
        <time>2017-04-30T08:49:37Z</time>
      </trkpt>
      <trkpt lat="46.511036" lon="22.675643">
        <ele>1255.093</ele>
        <time>2017-04-30T08:49:58Z</time>
      </trkpt>
      <trkpt lat="46.510946" lon="22.675680">
        <ele>1265.019</ele>
        <time>2017-04-30T08:51:00Z</time>
      </trkpt>
      <trkpt lat="46.510850" lon="22.675670">
        <ele>1269.017</ele>
        <time>2017-04-30T08:51:19Z</time>
      </trkpt>
      <trkpt lat="46.510765" lon="22.675718">
        <ele>1273.077</ele>
        <time>2017-04-30T08:51:34Z</time>
      </trkpt>
      <trkpt lat="46.510692" lon="22.675796">
        <ele>1277.078</ele>
        <time>2017-04-30T08:51:52Z</time>
      </trkpt>
      <trkpt lat="46.510598" lon="22.675818">
        <ele>1282.028</ele>
        <time>2017-04-30T08:53:01Z</time>
      </trkpt>
      <trkpt lat="46.510494" lon="22.675789">
        <ele>1286.090</ele>
        <time>2017-04-30T08:54:22Z</time>
      </trkpt>
      <trkpt lat="46.510398" lon="22.675757">
        <ele>1287.030</ele>
        <time>2017-04-30T08:54:37Z</time>
      </trkpt>
      <trkpt lat="46.510311" lon="22.675723">
        <ele>1291.015</ele>
        <time>2017-04-30T08:54:56Z</time>
      </trkpt>
      <trkpt lat="46.510221" lon="22.675756">
        <ele>1294.065</ele>
        <time>2017-04-30T08:55:17Z</time>
      </trkpt>
      <trkpt lat="46.510126" lon="22.675780">
        <ele>1298.011</ele>
        <time>2017-04-30T08:55:33Z</time>
      </trkpt>
      <trkpt lat="46.510034" lon="22.675756">
        <ele>1303.008</ele>
        <time>2017-04-30T08:55:57Z</time>
      </trkpt>
      <trkpt lat="46.509944" lon="22.675741">
        <ele>1311.092</ele>
        <time>2017-04-30T08:56:32Z</time>
      </trkpt>
      <trkpt lat="46.509853" lon="22.675773">
        <ele>1312.078</ele>
        <time>2017-04-30T08:59:31Z</time>
      </trkpt>
      <trkpt lat="46.509764" lon="22.675800">
        <ele>1313.066</ele>
        <time>2017-04-30T08:59:45Z</time>
      </trkpt>
      <trkpt lat="46.509671" lon="22.675811">
        <ele>1317.096</ele>
        <time>2017-04-30T09:00:06Z</time>
      </trkpt>
      <trkpt lat="46.509578" lon="22.675840">
        <ele>1319.027</ele>
        <time>2017-04-30T09:00:24Z</time>
      </trkpt>
      <trkpt lat="46.509489" lon="22.675873">
        <ele>1321.057</ele>
        <time>2017-04-30T09:00:44Z</time>
      </trkpt>
      <trkpt lat="46.509399" lon="22.675879">
        <ele>1328.059</ele>
        <time>2017-04-30T09:01:22Z</time>
      </trkpt>
      <trkpt lat="46.509339" lon="22.675987">
        <ele>1332.099</ele>
        <time>2017-04-30T09:01:36Z</time>
      </trkpt>
      <trkpt lat="46.509245" lon="22.675999">
        <ele>1334.093</ele>
        <time>2017-04-30T09:02:07Z</time>
      </trkpt>
      <trkpt lat="46.509154" lon="22.676008">
        <ele>1335.065</ele>
        <time>2017-04-30T09:02:24Z</time>
      </trkpt>
      <trkpt lat="46.509065" lon="22.676061">
        <ele>1344.021</ele>
        <time>2017-04-30T09:06:01Z</time>
      </trkpt>
      <trkpt lat="46.509009" lon="22.676167">
        <ele>1347.008</ele>
        <time>2017-04-30T09:06:16Z</time>
      </trkpt>
      <trkpt lat="46.508969" lon="22.676284">
        <ele>1351.040</ele>
        <time>2017-04-30T09:06:31Z</time>
      </trkpt>
      <trkpt lat="46.508936" lon="22.676406">
        <ele>1354.076</ele>
        <time>2017-04-30T09:06:46Z</time>
      </trkpt>
      <trkpt lat="46.508917" lon="22.676547">
        <ele>1357.094</ele>
        <time>2017-04-30T09:07:04Z</time>
      </trkpt>
      <trkpt lat="46.508825" lon="22.676571">
        <ele>1356.084</ele>
        <time>2017-04-30T09:07:23Z</time>
      </trkpt>
      <trkpt lat="46.508731" lon="22.676575">
        <ele>1360.075</ele>
        <time>2017-04-30T09:07:57Z</time>
      </trkpt>
      <trkpt lat="46.508661" lon="22.676492">
        <ele>1362.045</ele>
        <time>2017-04-30T09:08:11Z</time>
      </trkpt>
      <trkpt lat="46.508582" lon="22.676426">
        <ele>1365.077</ele>
        <time>2017-04-30T09:08:32Z</time>
      </trkpt>
      <trkpt lat="46.508509" lon="22.676346">
        <ele>1371.037</ele>
        <time>2017-04-30T09:08:49Z</time>
      </trkpt>
      <trkpt lat="46.508426" lon="22.676409">
        <ele>1377.035</ele>
        <time>2017-04-30T09:09:42Z</time>
      </trkpt>
      <trkpt lat="46.508336" lon="22.676408">
        <ele>1379.086</ele>
        <time>2017-04-30T09:10:02Z</time>
      </trkpt>
      <trkpt lat="46.508253" lon="22.676463">
        <ele>1383.014</ele>
        <time>2017-04-30T09:10:42Z</time>
      </trkpt>
      <trkpt lat="46.508161" lon="22.676462">
        <ele>1383.008</ele>
        <time>2017-04-30T09:11:02Z</time>
      </trkpt>
      <trkpt lat="46.508069" lon="22.676468">
        <ele>1394.034</ele>
        <time>2017-04-30T09:13:03Z</time>
      </trkpt>
      <trkpt lat="46.507976" lon="22.676494">
        <ele>1398.050</ele>
        <time>2017-04-30T09:13:16Z</time>
      </trkpt>
      <trkpt lat="46.507895" lon="22.676436">
        <ele>1398.028</ele>
        <time>2017-04-30T09:13:30Z</time>
      </trkpt>
      <trkpt lat="46.507819" lon="22.676362">
        <ele>1400.098</ele>
        <time>2017-04-30T09:13:51Z</time>
      </trkpt>
      <trkpt lat="46.507762" lon="22.676246">
        <ele>1402.059</ele>
        <time>2017-04-30T09:14:07Z</time>
      </trkpt>
      <trkpt lat="46.507667" lon="22.676250">
        <ele>1409.089</ele>
        <time>2017-04-30T09:14:36Z</time>
      </trkpt>
      <trkpt lat="46.507583" lon="22.676305">
        <ele>1410.071</ele>
        <time>2017-04-30T09:14:53Z</time>
      </trkpt>
      <trkpt lat="46.507494" lon="22.676337">
        <ele>1413.031</ele>
        <time>2017-04-30T09:15:36Z</time>
      </trkpt>
      <trkpt lat="46.507564" lon="22.676428">
        <ele>1413.062</ele>
        <time>2017-04-30T09:20:55Z</time>
      </trkpt>
      <trkpt lat="46.507659" lon="22.676483">
        <ele>1411.083</ele>
        <time>2017-04-30T09:21:04Z</time>
      </trkpt>
      <trkpt lat="46.507750" lon="22.676533">
        <ele>1413.011</ele>
        <time>2017-04-30T09:21:12Z</time>
      </trkpt>
      <trkpt lat="46.507696" lon="22.676426">
        <ele>1410.008</ele>
        <time>2017-04-30T09:21:50Z</time>
      </trkpt>
      <trkpt lat="46.507607" lon="22.676382">
        <ele>1410.057</ele>
        <time>2017-04-30T09:21:57Z</time>
      </trkpt>
      <trkpt lat="46.507514" lon="22.676337">
        <ele>1408.033</ele>
        <time>2017-04-30T09:22:08Z</time>
      </trkpt>
      <trkpt lat="46.507422" lon="22.676300">
        <ele>1408.091</ele>
        <time>2017-04-30T09:23:39Z</time>
      </trkpt>
      <trkpt lat="46.507323" lon="22.676310">
        <ele>1425.051</ele>
        <time>2017-04-30T09:27:57Z</time>
      </trkpt>
      <trkpt lat="46.507236" lon="22.676340">
        <ele>1424.042</ele>
        <time>2017-04-30T09:28:06Z</time>
      </trkpt>
      <trkpt lat="46.507131" lon="22.676375">
        <ele>1427.032</ele>
        <time>2017-04-30T09:28:23Z</time>
      </trkpt>
      <trkpt lat="46.507032" lon="22.676392">
        <ele>1432.024</ele>
        <time>2017-04-30T09:28:37Z</time>
      </trkpt>
      <trkpt lat="46.506951" lon="22.676317">
        <ele>1430.054</ele>
        <time>2017-04-30T09:28:48Z</time>
      </trkpt>
      <trkpt lat="46.506864" lon="22.676273">
        <ele>1426.083</ele>
        <time>2017-04-30T09:28:57Z</time>
      </trkpt>
      <trkpt lat="46.506820" lon="22.676145">
        <ele>1427.025</ele>
        <time>2017-04-30T09:29:09Z</time>
      </trkpt>
      <trkpt lat="46.506799" lon="22.675999">
        <ele>1429.017</ele>
        <time>2017-04-30T09:29:34Z</time>
      </trkpt>
      <trkpt lat="46.506801" lon="22.675856">
        <ele>1430.008</ele>
        <time>2017-04-30T09:29:51Z</time>
      </trkpt>
      <trkpt lat="46.506830" lon="22.675721">
        <ele>1433.089</ele>
        <time>2017-04-30T09:30:05Z</time>
      </trkpt>
      <trkpt lat="46.506829" lon="22.675590">
        <ele>1435.025</ele>
        <time>2017-04-30T09:30:15Z</time>
      </trkpt>
      <trkpt lat="46.506843" lon="22.675449">
        <ele>1432.093</ele>
        <time>2017-04-30T09:30:29Z</time>
      </trkpt>
      <trkpt lat="46.506908" lon="22.675355">
        <ele>1435.023</ele>
        <time>2017-04-30T09:30:35Z</time>
      </trkpt>
      <trkpt lat="46.506944" lon="22.675226">
        <ele>1431.054</ele>
        <time>2017-04-30T09:30:48Z</time>
      </trkpt>
      <trkpt lat="46.506981" lon="22.675107">
        <ele>1432.044</ele>
        <time>2017-04-30T09:30:59Z</time>
      </trkpt>
      <trkpt lat="46.506994" lon="22.674969">
        <ele>1435.076</ele>
        <time>2017-04-30T09:31:11Z</time>
      </trkpt>
      <trkpt lat="46.506990" lon="22.674836">
        <ele>1429.016</ele>
        <time>2017-04-30T09:31:21Z</time>
      </trkpt>
      <trkpt lat="46.506966" lon="22.674707">
        <ele>1426.059</ele>
        <time>2017-04-30T09:31:30Z</time>
      </trkpt>
      <trkpt lat="46.506958" lon="22.674574">
        <ele>1427.003</ele>
        <time>2017-04-30T09:31:46Z</time>
      </trkpt>
      <trkpt lat="46.506955" lon="22.674431">
        <ele>1424.023</ele>
        <time>2017-04-30T09:31:58Z</time>
      </trkpt>
      <trkpt lat="46.506918" lon="22.674308">
        <ele>1422.008</ele>
        <time>2017-04-30T09:32:07Z</time>
      </trkpt>
      <trkpt lat="46.506848" lon="22.674206">
        <ele>1424.086</ele>
        <time>2017-04-30T09:32:15Z</time>
      </trkpt>
      <trkpt lat="46.506761" lon="22.674137">
        <ele>1423.032</ele>
        <time>2017-04-30T09:32:23Z</time>
      </trkpt>
      <trkpt lat="46.506667" lon="22.674147">
        <ele>1419.080</ele>
        <time>2017-04-30T09:32:31Z</time>
      </trkpt>
      <trkpt lat="46.506583" lon="22.674201">
        <ele>1421.090</ele>
        <time>2017-04-30T09:32:42Z</time>
      </trkpt>
      <trkpt lat="46.506488" lon="22.674242">
        <ele>1423.031</ele>
        <time>2017-04-30T09:32:54Z</time>
      </trkpt>
      <trkpt lat="46.506394" lon="22.674299">
        <ele>1424.091</ele>
        <time>2017-04-30T09:33:13Z</time>
      </trkpt>
      <trkpt lat="46.506308" lon="22.674357">
        <ele>1426.053</ele>
        <time>2017-04-30T09:33:25Z</time>
      </trkpt>
      <trkpt lat="46.506232" lon="22.674448">
        <ele>1427.083</ele>
        <time>2017-04-30T09:33:36Z</time>
      </trkpt>
      <trkpt lat="46.506169" lon="22.674558">
        <ele>1426.015</ele>
        <time>2017-04-30T09:33:47Z</time>
      </trkpt>
      <trkpt lat="46.506092" lon="22.674640">
        <ele>1427.065</ele>
        <time>2017-04-30T09:33:58Z</time>
      </trkpt>
      <trkpt lat="46.506017" lon="22.674725">
        <ele>1429.011</ele>
        <time>2017-04-30T09:34:09Z</time>
      </trkpt>
      <trkpt lat="46.505938" lon="22.674814">
        <ele>1431.008</ele>
        <time>2017-04-30T09:34:20Z</time>
      </trkpt>
      <trkpt lat="46.505842" lon="22.674817">
        <ele>1434.082</ele>
        <time>2017-04-30T09:34:32Z</time>
      </trkpt>
      <trkpt lat="46.505748" lon="22.674827">
        <ele>1436.048</ele>
        <time>2017-04-30T09:34:43Z</time>
      </trkpt>
      <trkpt lat="46.505658" lon="22.674842">
        <ele>1438.046</ele>
        <time>2017-04-30T09:34:54Z</time>
      </trkpt>
      <trkpt lat="46.505559" lon="22.674838">
        <ele>1438.016</ele>
        <time>2017-04-30T09:35:05Z</time>
      </trkpt>
      <trkpt lat="46.505472" lon="22.674874">
        <ele>1440.037</ele>
        <time>2017-04-30T09:35:15Z</time>
      </trkpt>
      <trkpt lat="46.505378" lon="22.674899">
        <ele>1440.037</ele>
        <time>2017-04-30T09:35:24Z</time>
      </trkpt>
      <trkpt lat="46.505314" lon="22.674996">
        <ele>1443.059</ele>
        <time>2017-04-30T09:35:35Z</time>
      </trkpt>
      <trkpt lat="46.505232" lon="22.675076">
        <ele>1444.099</ele>
        <time>2017-04-30T09:35:47Z</time>
      </trkpt>
      <trkpt lat="46.505148" lon="22.675138">
        <ele>1443.038</ele>
        <time>2017-04-30T09:36:00Z</time>
      </trkpt>
      <trkpt lat="46.505056" lon="22.675126">
        <ele>1443.070</ele>
        <time>2017-04-30T09:36:07Z</time>
      </trkpt>
      <trkpt lat="46.504974" lon="22.675041">
        <ele>1444.017</ele>
        <time>2017-04-30T09:36:17Z</time>
      </trkpt>
      <trkpt lat="46.504889" lon="22.674983">
        <ele>1442.008</ele>
        <time>2017-04-30T09:36:25Z</time>
      </trkpt>
      <trkpt lat="46.504803" lon="22.674936">
        <ele>1441.024</ele>
        <time>2017-04-30T09:36:33Z</time>
      </trkpt>
      <trkpt lat="46.504731" lon="22.674854">
        <ele>1442.090</ele>
        <time>2017-04-30T09:36:40Z</time>
      </trkpt>
      <trkpt lat="46.504629" lon="22.674847">
        <ele>1442.028</ele>
        <time>2017-04-30T09:36:48Z</time>
      </trkpt>
      <trkpt lat="46.504539" lon="22.674855">
        <ele>1445.088</ele>
        <time>2017-04-30T09:36:58Z</time>
      </trkpt>
      <trkpt lat="46.504443" lon="22.674850">
        <ele>1446.019</ele>
        <time>2017-04-30T09:37:06Z</time>
      </trkpt>
      <trkpt lat="46.504352" lon="22.674835">
        <ele>1446.089</ele>
        <time>2017-04-30T09:37:16Z</time>
      </trkpt>
      <trkpt lat="46.504260" lon="22.674819">
        <ele>1449.061</ele>
        <time>2017-04-30T09:37:25Z</time>
      </trkpt>
      <trkpt lat="46.504169" lon="22.674824">
        <ele>1450.061</ele>
        <time>2017-04-30T09:37:34Z</time>
      </trkpt>
      <trkpt lat="46.504080" lon="22.674853">
        <ele>1453.064</ele>
        <time>2017-04-30T09:37:44Z</time>
      </trkpt>
      <trkpt lat="46.503983" lon="22.674883">
        <ele>1453.006</ele>
        <time>2017-04-30T09:37:53Z</time>
      </trkpt>
      <trkpt lat="46.503886" lon="22.674918">
        <ele>1456.016</ele>
        <time>2017-04-30T09:38:04Z</time>
      </trkpt>
      <trkpt lat="46.503799" lon="22.674966">
        <ele>1458.008</ele>
        <time>2017-04-30T09:38:16Z</time>
      </trkpt>
      <trkpt lat="46.503714" lon="22.675018">
        <ele>1458.047</ele>
        <time>2017-04-30T09:38:39Z</time>
      </trkpt>
      <trkpt lat="46.503624" lon="22.675048">
        <ele>1459.013</ele>
        <time>2017-04-30T09:38:52Z</time>
      </trkpt>
      <trkpt lat="46.503540" lon="22.675110">
        <ele>1461.081</ele>
        <time>2017-04-30T09:39:02Z</time>
      </trkpt>
      <trkpt lat="46.503447" lon="22.675111">
        <ele>1466.041</ele>
        <time>2017-04-30T09:39:14Z</time>
      </trkpt>
      <trkpt lat="46.503369" lon="22.675198">
        <ele>1466.022</ele>
        <time>2017-04-30T09:39:29Z</time>
      </trkpt>
      <trkpt lat="46.503279" lon="22.675207">
        <ele>1467.052</ele>
        <time>2017-04-30T09:39:39Z</time>
      </trkpt>
      <trkpt lat="46.503194" lon="22.675280">
        <ele>1468.074</ele>
        <time>2017-04-30T09:39:52Z</time>
      </trkpt>
      <trkpt lat="46.503094" lon="22.675316">
        <ele>1471.084</ele>
        <time>2017-04-30T09:40:03Z</time>
      </trkpt>
      <trkpt lat="46.503002" lon="22.675331">
        <ele>1470.065</ele>
        <time>2017-04-30T09:40:14Z</time>
      </trkpt>
      <trkpt lat="46.502910" lon="22.675349">
        <ele>1473.068</ele>
        <time>2017-04-30T09:40:26Z</time>
      </trkpt>
      <trkpt lat="46.502817" lon="22.675359">
        <ele>1475.014</ele>
        <time>2017-04-30T09:40:42Z</time>
      </trkpt>
      <trkpt lat="46.502728" lon="22.675401">
        <ele>1474.008</ele>
        <time>2017-04-30T09:40:56Z</time>
      </trkpt>
      <trkpt lat="46.502632" lon="22.675416">
        <ele>1477.067</ele>
        <time>2017-04-30T09:41:10Z</time>
      </trkpt>
      <trkpt lat="46.502543" lon="22.675436">
        <ele>1481.053</ele>
        <time>2017-04-30T09:41:22Z</time>
      </trkpt>
      <trkpt lat="46.502448" lon="22.675476">
        <ele>1484.081</ele>
        <time>2017-04-30T09:41:35Z</time>
      </trkpt>
      <trkpt lat="46.502363" lon="22.675521">
        <ele>1485.061</ele>
        <time>2017-04-30T09:41:46Z</time>
      </trkpt>
      <trkpt lat="46.502272" lon="22.675550">
        <ele>1485.062</ele>
        <time>2017-04-30T09:41:59Z</time>
      </trkpt>
      <trkpt lat="46.502175" lon="22.675535">
        <ele>1483.022</ele>
        <time>2017-04-30T09:42:34Z</time>
      </trkpt>
      <trkpt lat="46.502087" lon="22.675498">
        <ele>1484.024</ele>
        <time>2017-04-30T09:42:46Z</time>
      </trkpt>
      <trkpt lat="46.501994" lon="22.675470">
        <ele>1485.054</ele>
        <time>2017-04-30T09:43:00Z</time>
      </trkpt>
      <trkpt lat="46.501898" lon="22.675459">
        <ele>1483.035</ele>
        <time>2017-04-30T09:43:13Z</time>
      </trkpt>
      <trkpt lat="46.501810" lon="22.675497">
        <ele>1482.086</ele>
        <time>2017-04-30T09:43:27Z</time>
      </trkpt>
      <trkpt lat="46.501718" lon="22.675456">
        <ele>1484.014</ele>
        <time>2017-04-30T09:44:12Z</time>
      </trkpt>
      <trkpt lat="46.501645" lon="22.675367">
        <ele>1484.008</ele>
        <time>2017-04-30T09:44:23Z</time>
      </trkpt>
      <trkpt lat="46.501576" lon="22.675281">
        <ele>1486.064</ele>
        <time>2017-04-30T09:44:37Z</time>
      </trkpt>
      <trkpt lat="46.501506" lon="22.675179">
        <ele>1489.010</ele>
        <time>2017-04-30T09:44:46Z</time>
      </trkpt>
      <trkpt lat="46.501427" lon="22.675103">
        <ele>1486.078</ele>
        <time>2017-04-30T09:44:56Z</time>
      </trkpt>
      <trkpt lat="46.501347" lon="22.675020">
        <ele>1491.038</ele>
        <time>2017-04-30T09:45:07Z</time>
      </trkpt>
      <trkpt lat="46.501254" lon="22.675017">
        <ele>1492.079</ele>
        <time>2017-04-30T09:45:24Z</time>
      </trkpt>
      <trkpt lat="46.501162" lon="22.675007">
        <ele>1493.029</ele>
        <time>2017-04-30T09:45:43Z</time>
      </trkpt>
      <trkpt lat="46.501073" lon="22.674972">
        <ele>1497.011</ele>
        <time>2017-04-30T09:45:58Z</time>
      </trkpt>
      <trkpt lat="46.500982" lon="22.674990">
        <ele>1498.011</ele>
        <time>2017-04-30T09:46:09Z</time>
      </trkpt>
      <trkpt lat="46.500891" lon="22.675016">
        <ele>1496.019</ele>
        <time>2017-04-30T09:46:22Z</time>
      </trkpt>
      <trkpt lat="46.500800" lon="22.675046">
        <ele>1497.009</ele>
        <time>2017-04-30T09:48:06Z</time>
      </trkpt>
      <trkpt lat="46.500702" lon="22.675016">
        <ele>1494.019</ele>
        <time>2017-04-30T09:48:15Z</time>
      </trkpt>
      <trkpt lat="46.500607" lon="22.674977">
        <ele>1494.008</ele>
        <time>2017-04-30T09:48:29Z</time>
      </trkpt>
      <trkpt lat="46.500508" lon="22.674978">
        <ele>1495.042</ele>
        <time>2017-04-30T09:48:41Z</time>
      </trkpt>
      <trkpt lat="46.500411" lon="22.674986">
        <ele>1491.018</ele>
        <time>2017-04-30T09:48:55Z</time>
      </trkpt>
      <trkpt lat="46.500316" lon="22.675029">
        <ele>1489.086</ele>
        <time>2017-04-30T09:49:04Z</time>
      </trkpt>
      <trkpt lat="46.500219" lon="22.675011">
        <ele>1489.026</ele>
        <time>2017-04-30T09:49:18Z</time>
      </trkpt>
      <trkpt lat="46.500120" lon="22.675010">
        <ele>1488.097</ele>
        <time>2017-04-30T09:49:25Z</time>
      </trkpt>
      <trkpt lat="46.500029" lon="22.675041">
        <ele>1489.037</ele>
        <time>2017-04-30T09:49:45Z</time>
      </trkpt>
      <trkpt lat="46.499939" lon="22.675064">
        <ele>1492.069</ele>
        <time>2017-04-30T09:49:54Z</time>
      </trkpt>
      <trkpt lat="46.499843" lon="22.675104">
        <ele>1492.039</ele>
        <time>2017-04-30T09:50:05Z</time>
      </trkpt>
      <trkpt lat="46.499759" lon="22.675159">
        <ele>1492.038</ele>
        <time>2017-04-30T09:50:20Z</time>
      </trkpt>
      <trkpt lat="46.499665" lon="22.675203">
        <ele>1492.070</ele>
        <time>2017-04-30T09:50:33Z</time>
      </trkpt>
      <trkpt lat="46.499576" lon="22.675249">
        <ele>1493.017</ele>
        <time>2017-04-30T09:50:46Z</time>
      </trkpt>
      <trkpt lat="46.499473" lon="22.675318">
        <ele>1491.008</ele>
        <time>2017-04-30T09:51:02Z</time>
      </trkpt>
      <trkpt lat="46.499382" lon="22.675345">
        <ele>1494.094</ele>
        <time>2017-04-30T09:51:11Z</time>
      </trkpt>
      <trkpt lat="46.499300" lon="22.675419">
        <ele>1502.070</ele>
        <time>2017-04-30T09:51:48Z</time>
      </trkpt>
      <trkpt lat="46.499214" lon="22.675476">
        <ele>1504.018</ele>
        <time>2017-04-30T09:53:37Z</time>
      </trkpt>
      <trkpt lat="46.499131" lon="22.675536">
        <ele>1504.098</ele>
        <time>2017-04-30T09:53:58Z</time>
      </trkpt>
      <trkpt lat="46.499053" lon="22.675613">
        <ele>1503.019</ele>
        <time>2017-04-30T09:54:10Z</time>
      </trkpt>
      <trkpt lat="46.498974" lon="22.675682">
        <ele>1506.019</ele>
        <time>2017-04-30T09:54:26Z</time>
      </trkpt>
      <trkpt lat="46.498913" lon="22.675780">
        <ele>1511.061</ele>
        <time>2017-04-30T09:54:48Z</time>
      </trkpt>
      <trkpt lat="46.498827" lon="22.675850">
        <ele>1515.071</ele>
        <time>2017-04-30T09:55:04Z</time>
      </trkpt>
      <trkpt lat="46.498759" lon="22.675944">
        <ele>1516.093</ele>
        <time>2017-04-30T09:55:26Z</time>
      </trkpt>
      <trkpt lat="46.498688" lon="22.676041">
        <ele>1515.065</ele>
        <time>2017-04-30T09:55:42Z</time>
      </trkpt>
      <trkpt lat="46.498611" lon="22.676112">
        <ele>1519.021</ele>
        <time>2017-04-30T09:55:57Z</time>
      </trkpt>
      <trkpt lat="46.498534" lon="22.676188">
        <ele>1525.008</ele>
        <time>2017-04-30T09:56:24Z</time>
      </trkpt>
      <trkpt lat="46.498444" lon="22.676236">
        <ele>1524.060</ele>
        <time>2017-04-30T09:56:43Z</time>
      </trkpt>
      <trkpt lat="46.498354" lon="22.676237">
        <ele>1530.076</ele>
        <time>2017-04-30T09:56:57Z</time>
      </trkpt>
      <trkpt lat="46.498262" lon="22.676281">
        <ele>1541.024</ele>
        <time>2017-04-30T09:58:32Z</time>
      </trkpt>
      <trkpt lat="46.498163" lon="22.676284">
        <ele>1533.094</ele>
        <time>2017-04-30T09:58:55Z</time>
      </trkpt>
      <trkpt lat="46.498063" lon="22.676292">
        <ele>1533.065</ele>
        <time>2017-04-30T09:59:11Z</time>
      </trkpt>
      <trkpt lat="46.497969" lon="22.676274">
        <ele>1538.065</ele>
        <time>2017-04-30T09:59:24Z</time>
      </trkpt>
      <trkpt lat="46.497937" lon="22.676399">
        <ele>1541.077</ele>
        <time>2017-04-30T09:59:57Z</time>
      </trkpt>
      <trkpt lat="46.497934" lon="22.676530">
        <ele>1540.087</ele>
        <time>2017-04-30T10:00:18Z</time>
      </trkpt>
      <trkpt lat="46.497940" lon="22.676667">
        <ele>1547.029</ele>
        <time>2017-04-30T10:00:38Z</time>
      </trkpt>
      <trkpt lat="46.497949" lon="22.676799">
        <ele>1549.000</ele>
        <time>2017-04-30T10:00:53Z</time>
      </trkpt>
      <trkpt lat="46.497979" lon="22.676939">
        <ele>1548.020</ele>
        <time>2017-04-30T10:01:07Z</time>
      </trkpt>
      <trkpt lat="46.497961" lon="22.677068">
        <ele>1554.008</ele>
        <time>2017-04-30T10:01:28Z</time>
      </trkpt>
      <trkpt lat="46.497869" lon="22.677098">
        <ele>1559.023</ele>
        <time>2017-04-30T10:01:57Z</time>
      </trkpt>
      <trkpt lat="46.497790" lon="22.677167">
        <ele>1558.059</ele>
        <time>2017-04-30T10:02:16Z</time>
      </trkpt>
      <trkpt lat="46.497694" lon="22.677198">
        <ele>1560.067</ele>
        <time>2017-04-30T10:02:24Z</time>
      </trkpt>
      <trkpt lat="46.497596" lon="22.677187">
        <ele>1564.067</ele>
        <time>2017-04-30T10:02:41Z</time>
      </trkpt>
      <trkpt lat="46.497513" lon="22.677134">
        <ele>1568.018</ele>
        <time>2017-04-30T10:02:56Z</time>
      </trkpt>
      <trkpt lat="46.497439" lon="22.677059">
        <ele>1568.068</ele>
        <time>2017-04-30T10:04:19Z</time>
      </trkpt>
      <trkpt lat="46.497359" lon="22.676988">
        <ele>1568.050</ele>
        <time>2017-04-30T10:04:34Z</time>
      </trkpt>
      <trkpt lat="46.497307" lon="22.676871">
        <ele>1570.070</ele>
        <time>2017-04-30T10:04:53Z</time>
      </trkpt>
      <trkpt lat="46.497227" lon="22.676803">
        <ele>1569.068</ele>
        <time>2017-04-30T10:06:14Z</time>
      </trkpt>
      <trkpt lat="46.497138" lon="22.676760">
        <ele>1573.042</ele>
        <time>2017-04-30T10:06:27Z</time>
      </trkpt>
      <trkpt lat="46.497047" lon="22.676775">
        <ele>1573.026</ele>
        <time>2017-04-30T10:06:40Z</time>
      </trkpt>
      <trkpt lat="46.496957" lon="22.676779">
        <ele>1575.008</ele>
        <time>2017-04-30T10:06:53Z</time>
      </trkpt>
      <trkpt lat="46.496870" lon="22.676820">
        <ele>1576.017</ele>
        <time>2017-04-30T10:07:09Z</time>
      </trkpt>
      <trkpt lat="46.496777" lon="22.676844">
        <ele>1576.083</ele>
        <time>2017-04-30T10:07:26Z</time>
      </trkpt>
      <trkpt lat="46.496694" lon="22.676897">
        <ele>1581.091</ele>
        <time>2017-04-30T10:07:47Z</time>
      </trkpt>
      <trkpt lat="46.496620" lon="22.676976">
        <ele>1583.081</ele>
        <time>2017-04-30T10:08:10Z</time>
      </trkpt>
      <trkpt lat="46.496541" lon="22.677054">
        <ele>1588.042</ele>
        <time>2017-04-30T10:08:29Z</time>
      </trkpt>
      <trkpt lat="46.496495" lon="22.677171">
        <ele>1589.072</ele>
        <time>2017-04-30T10:09:23Z</time>
      </trkpt>
      <trkpt lat="46.496433" lon="22.677280">
        <ele>1588.054</ele>
        <time>2017-04-30T10:09:40Z</time>
      </trkpt>
      <trkpt lat="46.496363" lon="22.677391">
        <ele>1590.084</ele>
        <time>2017-04-30T10:09:49Z</time>
      </trkpt>
      <trkpt lat="46.496279" lon="22.677445">
        <ele>1589.013</ele>
        <time>2017-04-30T10:10:04Z</time>
      </trkpt>
      <trkpt lat="46.496181" lon="22.677450">
        <ele>1591.043</ele>
        <time>2017-04-30T10:10:19Z</time>
      </trkpt>
      <trkpt lat="46.496087" lon="22.677456">
        <ele>1592.007</ele>
        <time>2017-04-30T10:10:35Z</time>
      </trkpt>
      <trkpt lat="46.495997" lon="22.677423">
        <ele>1594.008</ele>
        <time>2017-04-30T10:10:49Z</time>
      </trkpt>
      <trkpt lat="46.495902" lon="22.677394">
        <ele>1598.092</ele>
        <time>2017-04-30T10:11:07Z</time>
      </trkpt>
      <trkpt lat="46.495817" lon="22.677351">
        <ele>1600.068</ele>
        <time>2017-04-30T10:11:24Z</time>
      </trkpt>
      <trkpt lat="46.495725" lon="22.677353">
        <ele>1600.086</ele>
        <time>2017-04-30T10:11:37Z</time>
      </trkpt>
      <trkpt lat="46.495627" lon="22.677370">
        <ele>1603.036</ele>
        <time>2017-04-30T10:11:50Z</time>
      </trkpt>
      <trkpt lat="46.495497" lon="22.677372">
        <ele>1609.017</ele>
        <time>2017-04-30T10:12:24Z</time>
      </trkpt>
      <trkpt lat="46.495394" lon="22.677364">
        <ele>1608.067</ele>
        <time>2017-04-30T10:12:40Z</time>
      </trkpt>
      <trkpt lat="46.495294" lon="22.677433">
        <ele>1608.099</ele>
        <time>2017-04-30T10:13:02Z</time>
      </trkpt>
      <trkpt lat="46.495199" lon="22.677461">
        <ele>1610.069</ele>
        <time>2017-04-30T10:13:14Z</time>
      </trkpt>
      <trkpt lat="46.495083" lon="22.677454">
        <ele>1612.081</ele>
        <time>2017-04-30T10:13:38Z</time>
      </trkpt>
      <trkpt lat="46.495049" lon="22.677582">
        <ele>1610.061</ele>
        <time>2017-04-30T10:13:50Z</time>
      </trkpt>
      <trkpt lat="46.495037" lon="22.677717">
        <ele>1610.017</ele>
        <time>2017-04-30T10:14:01Z</time>
      </trkpt>
      <trkpt lat="46.495002" lon="22.677837">
        <ele>1610.008</ele>
        <time>2017-04-30T10:14:09Z</time>
      </trkpt>
      <trkpt lat="46.494988" lon="22.677972">
        <ele>1611.049</ele>
        <time>2017-04-30T10:14:18Z</time>
      </trkpt>
      <trkpt lat="46.494973" lon="22.678104">
        <ele>1612.065</ele>
        <time>2017-04-30T10:14:31Z</time>
      </trkpt>
      <trkpt lat="46.494895" lon="22.678173">
        <ele>1613.053</ele>
        <time>2017-04-30T10:15:30Z</time>
      </trkpt>
      <trkpt lat="46.494805" lon="22.678202">
        <ele>1612.063</ele>
        <time>2017-04-30T10:15:41Z</time>
      </trkpt>
      <trkpt lat="46.494706" lon="22.678252">
        <ele>1615.074</ele>
        <time>2017-04-30T10:16:20Z</time>
      </trkpt>
      <trkpt lat="46.494620" lon="22.678304">
        <ele>1613.014</ele>
        <time>2017-04-30T10:16:37Z</time>
      </trkpt>
      <trkpt lat="46.494530" lon="22.678340">
        <ele>1615.056</ele>
        <time>2017-04-30T10:16:51Z</time>
      </trkpt>
      <trkpt lat="46.494449" lon="22.678408">
        <ele>1617.026</ele>
        <time>2017-04-30T10:17:11Z</time>
      </trkpt>
      <trkpt lat="46.494358" lon="22.678428">
        <ele>1621.066</ele>
        <time>2017-04-30T10:17:58Z</time>
      </trkpt>
      <trkpt lat="46.494270" lon="22.678398">
        <ele>1623.029</ele>
        <time>2017-04-30T10:18:27Z</time>
      </trkpt>
      <trkpt lat="46.494177" lon="22.678421">
        <ele>1626.021</ele>
        <time>2017-04-30T10:18:56Z</time>
      </trkpt>
      <trkpt lat="46.494085" lon="22.678392">
        <ele>1630.008</ele>
        <time>2017-04-30T10:19:16Z</time>
      </trkpt>
      <trkpt lat="46.493992" lon="22.678406">
        <ele>1629.017</ele>
        <time>2017-04-30T10:19:51Z</time>
      </trkpt>
      <trkpt lat="46.493909" lon="22.678472">
        <ele>1632.033</ele>
        <time>2017-04-30T10:20:15Z</time>
      </trkpt>
      <trkpt lat="46.493843" lon="22.678564">
        <ele>1636.061</ele>
        <time>2017-04-30T10:21:06Z</time>
      </trkpt>
      <trkpt lat="46.493770" lon="22.678642">
        <ele>1638.061</ele>
        <time>2017-04-30T10:21:44Z</time>
      </trkpt>
      <trkpt lat="46.493713" lon="22.678746">
        <ele>1637.042</ele>
        <time>2017-04-30T10:22:05Z</time>
      </trkpt>
      <trkpt lat="46.493635" lon="22.678812">
        <ele>1640.072</ele>
        <time>2017-04-30T10:22:36Z</time>
      </trkpt>
      <trkpt lat="46.493573" lon="22.678922">
        <ele>1643.024</ele>
        <time>2017-04-30T10:23:04Z</time>
      </trkpt>
      <trkpt lat="46.493487" lon="22.678969">
        <ele>1648.094</ele>
        <time>2017-04-30T10:28:33Z</time>
      </trkpt>
      <trkpt lat="46.493392" lon="22.678960">
        <ele>1651.076</ele>
        <time>2017-04-30T10:28:54Z</time>
      </trkpt>
      <trkpt lat="46.493302" lon="22.678915">
        <ele>1649.090</ele>
        <time>2017-04-30T10:29:11Z</time>
      </trkpt>
      <trkpt lat="46.493212" lon="22.678892">
        <ele>1658.019</ele>
        <time>2017-04-30T10:29:41Z</time>
      </trkpt>
      <trkpt lat="46.493119" lon="22.678853">
        <ele>1661.008</ele>
        <time>2017-04-30T10:29:59Z</time>
      </trkpt>
      <trkpt lat="46.493044" lon="22.678934">
        <ele>1664.058</ele>
        <time>2017-04-30T10:30:23Z</time>
      </trkpt>
      <trkpt lat="46.492960" lon="22.678998">
        <ele>1665.074</ele>
        <time>2017-04-30T10:30:46Z</time>
      </trkpt>
      <trkpt lat="46.492878" lon="22.679069">
        <ele>1664.082</ele>
        <time>2017-04-30T10:31:11Z</time>
      </trkpt>
      <trkpt lat="46.492785" lon="22.679060">
        <ele>1668.072</ele>
        <time>2017-04-30T10:31:34Z</time>
      </trkpt>
      <trkpt lat="46.492696" lon="22.679010">
        <ele>1671.093</ele>
        <time>2017-04-30T10:32:00Z</time>
      </trkpt>
      <trkpt lat="46.492614" lon="22.678948">
        <ele>1674.043</ele>
        <time>2017-04-30T10:32:14Z</time>
      </trkpt>
      <trkpt lat="46.492529" lon="22.678895">
        <ele>1677.065</ele>
        <time>2017-04-30T10:32:37Z</time>
      </trkpt>
      <trkpt lat="46.492463" lon="22.678806">
        <ele>1677.075</ele>
        <time>2017-04-30T10:32:54Z</time>
      </trkpt>
      <trkpt lat="46.492405" lon="22.678704">
        <ele>1678.094</ele>
        <time>2017-04-30T10:33:08Z</time>
      </trkpt>
      <trkpt lat="46.492374" lon="22.678580">
        <ele>1678.057</ele>
        <time>2017-04-30T10:33:26Z</time>
      </trkpt>
      <trkpt lat="46.492342" lon="22.678456">
        <ele>1678.022</ele>
        <time>2017-04-30T10:33:42Z</time>
      </trkpt>
      <trkpt lat="46.492300" lon="22.678329">
        <ele>1681.008</ele>
        <time>2017-04-30T10:33:57Z</time>
      </trkpt>
      <trkpt lat="46.492280" lon="22.678203">
        <ele>1684.010</ele>
        <time>2017-04-30T10:34:19Z</time>
      </trkpt>
      <trkpt lat="46.492243" lon="22.678082">
        <ele>1682.036</ele>
        <time>2017-04-30T10:35:33Z</time>
      </trkpt>
      <trkpt lat="46.492211" lon="22.677958">
        <ele>1682.094</ele>
        <time>2017-04-30T10:35:44Z</time>
      </trkpt>
      <trkpt lat="46.492168" lon="22.677841">
        <ele>1682.094</ele>
        <time>2017-04-30T10:35:57Z</time>
      </trkpt>
      <trkpt lat="46.492113" lon="22.677730">
        <ele>1680.055</ele>
        <time>2017-04-30T10:36:05Z</time>
      </trkpt>
      <trkpt lat="46.492059" lon="22.677605">
        <ele>1679.085</ele>
        <time>2017-04-30T10:36:14Z</time>
      </trkpt>
      <trkpt lat="46.492000" lon="22.677489">
        <ele>1682.057</ele>
        <time>2017-04-30T10:36:25Z</time>
      </trkpt>
      <trkpt lat="46.491951" lon="22.677367">
        <ele>1682.077</ele>
        <time>2017-04-30T10:36:37Z</time>
      </trkpt>
      <trkpt lat="46.491902" lon="22.677257">
        <ele>1684.072</ele>
        <time>2017-04-30T10:36:48Z</time>
      </trkpt>
      <trkpt lat="46.491836" lon="22.677148">
        <ele>1684.013</ele>
        <time>2017-04-30T10:37:00Z</time>
      </trkpt>
      <trkpt lat="46.491795" lon="22.677030">
        <ele>1687.014</ele>
        <time>2017-04-30T10:42:11Z</time>
      </trkpt>
      <trkpt lat="46.491738" lon="22.676923">
        <ele>1685.008</ele>
        <time>2017-04-30T10:42:21Z</time>
      </trkpt>
      <trkpt lat="46.491680" lon="22.676805">
        <ele>1687.038</ele>
        <time>2017-04-30T10:42:34Z</time>
      </trkpt>
      <trkpt lat="46.491636" lon="22.676686">
        <ele>1688.034</ele>
        <time>2017-04-30T10:42:45Z</time>
      </trkpt>
      <trkpt lat="46.491622" lon="22.676552">
        <ele>1686.022</ele>
        <time>2017-04-30T10:42:53Z</time>
      </trkpt>
      <trkpt lat="46.491580" lon="22.676433">
        <ele>1685.012</ele>
        <time>2017-04-30T10:43:05Z</time>
      </trkpt>
      <trkpt lat="46.491533" lon="22.676314">
        <ele>1686.063</ele>
        <time>2017-04-30T10:43:13Z</time>
      </trkpt>
      <trkpt lat="46.491493" lon="22.676193">
        <ele>1684.023</ele>
        <time>2017-04-30T10:43:23Z</time>
      </trkpt>
      <trkpt lat="46.491437" lon="22.676084">
        <ele>1685.075</ele>
        <time>2017-04-30T10:43:31Z</time>
      </trkpt>
      <trkpt lat="46.491381" lon="22.675976">
        <ele>1684.055</ele>
        <time>2017-04-30T10:43:39Z</time>
      </trkpt>
      <trkpt lat="46.491319" lon="22.675866">
        <ele>1684.044</ele>
        <time>2017-04-30T10:43:48Z</time>
      </trkpt>
      <trkpt lat="46.491269" lon="22.675750">
        <ele>1685.005</ele>
        <time>2017-04-30T10:43:56Z</time>
      </trkpt>
      <trkpt lat="46.491217" lon="22.675626">
        <ele>1685.015</ele>
        <time>2017-04-30T10:44:05Z</time>
      </trkpt>
      <trkpt lat="46.491163" lon="22.675513">
        <ele>1686.008</ele>
        <time>2017-04-30T10:44:23Z</time>
      </trkpt>
      <trkpt lat="46.491116" lon="22.675391">
        <ele>1685.055</ele>
        <time>2017-04-30T10:44:34Z</time>
      </trkpt>
      <trkpt lat="46.491063" lon="22.675284">
        <ele>1684.041</ele>
        <time>2017-04-30T10:44:44Z</time>
      </trkpt>
      <trkpt lat="46.491015" lon="22.675173">
        <ele>1685.089</ele>
        <time>2017-04-30T10:44:55Z</time>
      </trkpt>
      <trkpt lat="46.490974" lon="22.675050">
        <ele>1686.099</ele>
        <time>2017-04-30T10:45:04Z</time>
      </trkpt>
      <trkpt lat="46.490918" lon="22.674944">
        <ele>1687.040</ele>
        <time>2017-04-30T10:45:19Z</time>
      </trkpt>
      <trkpt lat="46.490874" lon="22.674827">
        <ele>1687.040</ele>
        <time>2017-04-30T10:45:27Z</time>
      </trkpt>
      <trkpt lat="46.490814" lon="22.674710">
        <ele>1688.012</ele>
        <time>2017-04-30T10:45:36Z</time>
      </trkpt>
      <trkpt lat="46.490758" lon="22.674602">
        <ele>1689.012</ele>
        <time>2017-04-30T10:45:44Z</time>
      </trkpt>
      <trkpt lat="46.490709" lon="22.674484">
        <ele>1689.052</ele>
        <time>2017-04-30T10:45:52Z</time>
      </trkpt>
      <trkpt lat="46.490674" lon="22.674363">
        <ele>1690.053</ele>
        <time>2017-04-30T10:46:05Z</time>
      </trkpt>
      <trkpt lat="46.490606" lon="22.674187">
        <ele>1692.008</ele>
        <time>2017-04-30T10:46:19Z</time>
      </trkpt>
      <trkpt lat="46.490560" lon="22.674073">
        <ele>1693.008</ele>
        <time>2017-04-30T10:46:26Z</time>
      </trkpt>
      <trkpt lat="46.490493" lon="22.673929">
        <ele>1694.056</ele>
        <time>2017-04-30T10:46:37Z</time>
      </trkpt>
      <trkpt lat="46.490445" lon="22.673816">
        <ele>1695.092</ele>
        <time>2017-04-30T10:46:45Z</time>
      </trkpt>
      <trkpt lat="46.490403" lon="22.673691">
        <ele>1697.010</ele>
        <time>2017-04-30T10:46:54Z</time>
      </trkpt>
      <trkpt lat="46.490350" lon="22.673568">
        <ele>1698.010</ele>
        <time>2017-04-30T10:47:04Z</time>
      </trkpt>
      <trkpt lat="46.490301" lon="22.673451">
        <ele>1698.091</ele>
        <time>2017-04-30T10:47:13Z</time>
      </trkpt>
      <trkpt lat="46.490257" lon="22.673336">
        <ele>1699.081</ele>
        <time>2017-04-30T10:47:23Z</time>
      </trkpt>
      <trkpt lat="46.490230" lon="22.673207">
        <ele>1699.093</ele>
        <time>2017-04-30T10:47:31Z</time>
      </trkpt>
      <trkpt lat="46.490249" lon="22.673074">
        <ele>1700.023</ele>
        <time>2017-04-30T10:47:44Z</time>
      </trkpt>
      <trkpt lat="46.490292" lon="22.672955">
        <ele>1701.068</ele>
        <time>2017-04-30T11:09:31Z</time>
      </trkpt>
      <trkpt lat="46.490203" lon="22.673023">
        <ele>1702.042</ele>
        <time>2017-04-30T11:10:38Z</time>
      </trkpt>
      <trkpt lat="46.490138" lon="22.672914">
        <ele>1700.026</ele>
        <time>2017-04-30T11:10:49Z</time>
      </trkpt>
      <trkpt lat="46.490095" lon="22.672796">
        <ele>1698.008</ele>
        <time>2017-04-30T11:11:01Z</time>
      </trkpt>
      <trkpt lat="46.490059" lon="22.672667">
        <ele>1699.087</ele>
        <time>2017-04-30T11:11:11Z</time>
      </trkpt>
      <trkpt lat="46.490025" lon="22.672534">
        <ele>1699.033</ele>
        <time>2017-04-30T11:11:20Z</time>
      </trkpt>
      <trkpt lat="46.489981" lon="22.672414">
        <ele>1697.081</ele>
        <time>2017-04-30T11:11:29Z</time>
      </trkpt>
      <trkpt lat="46.489938" lon="22.672281">
        <ele>1696.071</ele>
        <time>2017-04-30T11:11:39Z</time>
      </trkpt>
      <trkpt lat="46.489889" lon="22.672161">
        <ele>1695.092</ele>
        <time>2017-04-30T11:11:47Z</time>
      </trkpt>
      <trkpt lat="46.489838" lon="22.672040">
        <ele>1694.082</ele>
        <time>2017-04-30T11:11:55Z</time>
      </trkpt>
      <trkpt lat="46.489796" lon="22.671922">
        <ele>1692.024</ele>
        <time>2017-04-30T11:12:03Z</time>
      </trkpt>
      <trkpt lat="46.489752" lon="22.671804">
        <ele>1692.064</ele>
        <time>2017-04-30T11:12:10Z</time>
      </trkpt>
      <trkpt lat="46.489706" lon="22.671689">
        <ele>1692.022</ele>
        <time>2017-04-30T11:12:17Z</time>
      </trkpt>
      <trkpt lat="46.489650" lon="22.671584">
        <ele>1689.062</ele>
        <time>2017-04-30T11:12:25Z</time>
      </trkpt>
      <trkpt lat="46.489590" lon="22.671472">
        <ele>1690.008</ele>
        <time>2017-04-30T11:12:34Z</time>
      </trkpt>
      <trkpt lat="46.489537" lon="22.671354">
        <ele>1689.008</ele>
        <time>2017-04-30T11:12:44Z</time>
      </trkpt>
      <trkpt lat="46.489479" lon="22.671250">
        <ele>1687.083</ele>
        <time>2017-04-30T11:12:53Z</time>
      </trkpt>
      <trkpt lat="46.489429" lon="22.671131">
        <ele>1685.089</ele>
        <time>2017-04-30T11:13:00Z</time>
      </trkpt>
      <trkpt lat="46.489383" lon="22.671010">
        <ele>1684.017</ele>
        <time>2017-04-30T11:13:08Z</time>
      </trkpt>
      <trkpt lat="46.489330" lon="22.670898">
        <ele>1682.067</ele>
        <time>2017-04-30T11:13:15Z</time>
      </trkpt>
      <trkpt lat="46.489288" lon="22.670781">
        <ele>1681.068</ele>
        <time>2017-04-30T11:13:23Z</time>
      </trkpt>
      <trkpt lat="46.489250" lon="22.670662">
        <ele>1679.088</ele>
        <time>2017-04-30T11:13:32Z</time>
      </trkpt>
      <trkpt lat="46.489216" lon="22.670527">
        <ele>1677.080</ele>
        <time>2017-04-30T11:13:42Z</time>
      </trkpt>
      <trkpt lat="46.489167" lon="22.670409">
        <ele>1675.040</ele>
        <time>2017-04-30T11:13:50Z</time>
      </trkpt>
      <trkpt lat="46.489130" lon="22.670284">
        <ele>1673.071</ele>
        <time>2017-04-30T11:13:59Z</time>
      </trkpt>
      <trkpt lat="46.489083" lon="22.670167">
        <ele>1668.041</ele>
        <time>2017-04-30T11:14:15Z</time>
      </trkpt>
      <trkpt lat="46.489038" lon="22.670051">
        <ele>1665.015</ele>
        <time>2017-04-30T11:14:24Z</time>
      </trkpt>
      <trkpt lat="46.489008" lon="22.669925">
        <ele>1663.008</ele>
        <time>2017-04-30T11:14:35Z</time>
      </trkpt>
      <trkpt lat="46.488966" lon="22.669803">
        <ele>1660.058</ele>
        <time>2017-04-30T11:14:53Z</time>
      </trkpt>
      <trkpt lat="46.488937" lon="22.669665">
        <ele>1657.024</ele>
        <time>2017-04-30T11:15:04Z</time>
      </trkpt>
      <trkpt lat="46.488888" lon="22.669548">
        <ele>1654.052</ele>
        <time>2017-04-30T11:15:15Z</time>
      </trkpt>
      <trkpt lat="46.488842" lon="22.669425">
        <ele>1651.042</ele>
        <time>2017-04-30T11:15:26Z</time>
      </trkpt>
      <trkpt lat="46.488812" lon="22.669296">
        <ele>1646.083</ele>
        <time>2017-04-30T11:15:38Z</time>
      </trkpt>
      <trkpt lat="46.488798" lon="22.669165">
        <ele>1642.033</ele>
        <time>2017-04-30T11:15:49Z</time>
      </trkpt>
      <trkpt lat="46.488786" lon="22.669026">
        <ele>1639.085</ele>
        <time>2017-04-30T11:16:00Z</time>
      </trkpt>
      <trkpt lat="46.488763" lon="22.668887">
        <ele>1636.095</ele>
        <time>2017-04-30T11:16:12Z</time>
      </trkpt>
      <trkpt lat="46.488764" lon="22.668755">
        <ele>1635.038</ele>
        <time>2017-04-30T11:16:32Z</time>
      </trkpt>
      <trkpt lat="46.488796" lon="22.668625">
        <ele>1631.070</ele>
        <time>2017-04-30T11:16:47Z</time>
      </trkpt>
      <trkpt lat="46.488743" lon="22.668509">
        <ele>1627.017</ele>
        <time>2017-04-30T11:17:00Z</time>
      </trkpt>
      <trkpt lat="46.488742" lon="22.668378">
        <ele>1625.008</ele>
        <time>2017-04-30T11:17:20Z</time>
      </trkpt>
      <trkpt lat="46.488771" lon="22.668251">
        <ele>1621.024</ele>
        <time>2017-04-30T11:17:39Z</time>
      </trkpt>
      <trkpt lat="46.488799" lon="22.668122">
        <ele>1620.080</ele>
        <time>2017-04-30T11:17:56Z</time>
      </trkpt>
      <trkpt lat="46.488782" lon="22.668255">
        <ele>1623.018</ele>
        <time>2017-04-30T11:19:33Z</time>
      </trkpt>
      <trkpt lat="46.488730" lon="22.668372">
        <ele>1620.038</ele>
        <time>2017-04-30T11:19:48Z</time>
      </trkpt>
      <trkpt lat="46.488661" lon="22.668476">
        <ele>1633.089</ele>
        <time>2017-04-30T11:21:42Z</time>
      </trkpt>
      <trkpt lat="46.488620" lon="22.668593">
        <ele>1631.019</ele>
        <time>2017-04-30T11:21:58Z</time>
      </trkpt>
      <trkpt lat="46.488554" lon="22.668692">
        <ele>1633.031</ele>
        <time>2017-04-30T11:22:21Z</time>
      </trkpt>
      <trkpt lat="46.488487" lon="22.668792">
        <ele>1633.061</ele>
        <time>2017-04-30T11:22:30Z</time>
      </trkpt>
      <trkpt lat="46.488412" lon="22.668895">
        <ele>1636.031</ele>
        <time>2017-04-30T11:22:43Z</time>
      </trkpt>
      <trkpt lat="46.488341" lon="22.668992">
        <ele>1633.061</ele>
        <time>2017-04-30T11:22:56Z</time>
      </trkpt>
      <trkpt lat="46.488256" lon="22.669083">
        <ele>1634.007</ele>
        <time>2017-04-30T11:23:12Z</time>
      </trkpt>
      <trkpt lat="46.488160" lon="22.669133">
        <ele>1641.008</ele>
        <time>2017-04-30T11:24:08Z</time>
      </trkpt>
      <trkpt lat="46.488127" lon="22.669258">
        <ele>1642.044</ele>
        <time>2017-04-30T11:24:16Z</time>
      </trkpt>
      <trkpt lat="46.488069" lon="22.669369">
        <ele>1639.080</ele>
        <time>2017-04-30T11:24:28Z</time>
      </trkpt>
      <trkpt lat="46.488004" lon="22.669470">
        <ele>1640.068</ele>
        <time>2017-04-30T11:24:35Z</time>
      </trkpt>
      <trkpt lat="46.487947" lon="22.669572">
        <ele>1642.068</ele>
        <time>2017-04-30T11:24:43Z</time>
      </trkpt>
      <trkpt lat="46.487882" lon="22.669678">
        <ele>1642.079</ele>
        <time>2017-04-30T11:24:52Z</time>
      </trkpt>
      <trkpt lat="46.487832" lon="22.669791">
        <ele>1642.049</ele>
        <time>2017-04-30T11:24:59Z</time>
      </trkpt>
      <trkpt lat="46.487769" lon="22.669906">
        <ele>1642.011</ele>
        <time>2017-04-30T11:25:07Z</time>
      </trkpt>
      <trkpt lat="46.487691" lon="22.669995">
        <ele>1643.071</ele>
        <time>2017-04-30T11:25:14Z</time>
      </trkpt>
      <trkpt lat="46.487630" lon="22.670094">
        <ele>1643.096</ele>
        <time>2017-04-30T11:25:21Z</time>
      </trkpt>
      <trkpt lat="46.487578" lon="22.670218">
        <ele>1641.031</ele>
        <time>2017-04-30T11:25:28Z</time>
      </trkpt>
      <trkpt lat="46.487499" lon="22.670312">
        <ele>1644.024</ele>
        <time>2017-04-30T11:25:35Z</time>
      </trkpt>
      <trkpt lat="46.487453" lon="22.670426">
        <ele>1642.008</ele>
        <time>2017-04-30T11:25:42Z</time>
      </trkpt>
      <trkpt lat="46.487395" lon="22.670530">
        <ele>1642.050</ele>
        <time>2017-04-30T11:25:49Z</time>
      </trkpt>
      <trkpt lat="46.487318" lon="22.670616">
        <ele>1642.046</ele>
        <time>2017-04-30T11:25:56Z</time>
      </trkpt>
      <trkpt lat="46.487242" lon="22.670691">
        <ele>1642.014</ele>
        <time>2017-04-30T11:26:03Z</time>
      </trkpt>
      <trkpt lat="46.487152" lon="22.670757">
        <ele>1642.064</ele>
        <time>2017-04-30T11:26:10Z</time>
      </trkpt>
      <trkpt lat="46.487069" lon="22.670843">
        <ele>1639.045</ele>
        <time>2017-04-30T11:26:19Z</time>
      </trkpt>
      <trkpt lat="46.486981" lon="22.670881">
        <ele>1639.085</ele>
        <time>2017-04-30T11:26:27Z</time>
      </trkpt>
      <trkpt lat="46.486902" lon="22.670951">
        <ele>1636.067</ele>
        <time>2017-04-30T11:26:37Z</time>
      </trkpt>
      <trkpt lat="46.486814" lon="22.671014">
        <ele>1636.047</ele>
        <time>2017-04-30T11:26:44Z</time>
      </trkpt>
      <trkpt lat="46.486725" lon="22.671070">
        <ele>1636.081</ele>
        <time>2017-04-30T11:26:52Z</time>
      </trkpt>
      <trkpt lat="46.486635" lon="22.671137">
        <ele>1634.061</ele>
        <time>2017-04-30T11:27:02Z</time>
      </trkpt>
      <trkpt lat="46.486546" lon="22.671160">
        <ele>1632.017</ele>
        <time>2017-04-30T11:27:10Z</time>
      </trkpt>
      <trkpt lat="46.486442" lon="22.671191">
        <ele>1631.008</ele>
        <time>2017-04-30T11:27:17Z</time>
      </trkpt>
      <trkpt lat="46.486352" lon="22.671218">
        <ele>1631.069</ele>
        <time>2017-04-30T11:27:26Z</time>
      </trkpt>
      <trkpt lat="46.486250" lon="22.671255">
        <ele>1630.065</ele>
        <time>2017-04-30T11:27:34Z</time>
      </trkpt>
      <trkpt lat="46.486159" lon="22.671295">
        <ele>1630.023</ele>
        <time>2017-04-30T11:27:42Z</time>
      </trkpt>
      <trkpt lat="46.486075" lon="22.671358">
        <ele>1628.083</ele>
        <time>2017-04-30T11:28:01Z</time>
      </trkpt>
      <trkpt lat="46.485984" lon="22.671387">
        <ele>1628.084</ele>
        <time>2017-04-30T11:28:54Z</time>
      </trkpt>
      <trkpt lat="46.485897" lon="22.671439">
        <ele>1627.024</ele>
        <time>2017-04-30T11:29:03Z</time>
      </trkpt>
      <trkpt lat="46.485803" lon="22.671449">
        <ele>1626.056</ele>
        <time>2017-04-30T11:29:12Z</time>
      </trkpt>
      <trkpt lat="46.485710" lon="22.671486">
        <ele>1627.076</ele>
        <time>2017-04-30T11:29:20Z</time>
      </trkpt>
      <trkpt lat="46.485609" lon="22.671506">
        <ele>1625.019</ele>
        <time>2017-04-30T11:29:46Z</time>
      </trkpt>
      <trkpt lat="46.485566" lon="22.671631">
        <ele>1624.009</ele>
        <time>2017-04-30T11:30:05Z</time>
      </trkpt>
      <trkpt lat="46.485508" lon="22.671738">
        <ele>1624.019</ele>
        <time>2017-04-30T11:30:17Z</time>
      </trkpt>
      <trkpt lat="46.485448" lon="22.671850">
        <ele>1624.008</ele>
        <time>2017-04-30T11:30:27Z</time>
      </trkpt>
      <trkpt lat="46.485479" lon="22.671979">
        <ele>1626.082</ele>
        <time>2017-04-30T11:30:40Z</time>
      </trkpt>
      <trkpt lat="46.485516" lon="22.672107">
        <ele>1629.068</ele>
        <time>2017-04-30T11:31:06Z</time>
      </trkpt>
      <trkpt lat="46.485559" lon="22.672224">
        <ele>1629.036</ele>
        <time>2017-04-30T11:31:19Z</time>
      </trkpt>
      <trkpt lat="46.485548" lon="22.672358">
        <ele>1628.026</ele>
        <time>2017-04-30T11:31:28Z</time>
      </trkpt>
      <trkpt lat="46.485574" lon="22.672488">
        <ele>1629.087</ele>
        <time>2017-04-30T11:31:38Z</time>
      </trkpt>
      <trkpt lat="46.485548" lon="22.672620">
        <ele>1630.087</ele>
        <time>2017-04-30T11:31:48Z</time>
      </trkpt>
      <trkpt lat="46.485464" lon="22.672686">
        <ele>1631.049</ele>
        <time>2017-04-30T11:32:30Z</time>
      </trkpt>
      <trkpt lat="46.485409" lon="22.672805">
        <ele>1631.089</ele>
        <time>2017-04-30T11:32:41Z</time>
      </trkpt>
      <trkpt lat="46.485316" lon="22.672809">
        <ele>1631.054</ele>
        <time>2017-04-30T11:33:04Z</time>
      </trkpt>
      <trkpt lat="46.485230" lon="22.672874">
        <ele>1628.056</ele>
        <time>2017-04-30T11:33:15Z</time>
      </trkpt>
      <trkpt lat="46.485146" lon="22.672929">
        <ele>1628.011</ele>
        <time>2017-04-30T11:33:24Z</time>
      </trkpt>
      <trkpt lat="46.485054" lon="22.672984">
        <ele>1627.008</ele>
        <time>2017-04-30T11:33:34Z</time>
      </trkpt>
      <trkpt lat="46.484965" lon="22.673040">
        <ele>1625.016</ele>
        <time>2017-04-30T11:33:45Z</time>
      </trkpt>
      <trkpt lat="46.484882" lon="22.673101">
        <ele>1626.042</ele>
        <time>2017-04-30T11:33:53Z</time>
      </trkpt>
      <trkpt lat="46.484794" lon="22.673180">
        <ele>1625.080</ele>
        <time>2017-04-30T11:34:02Z</time>
      </trkpt>
      <trkpt lat="46.484728" lon="22.673276">
        <ele>1623.040</ele>
        <time>2017-04-30T11:36:19Z</time>
      </trkpt>
      <trkpt lat="46.484810" lon="22.673212">
        <ele>1626.011</ele>
        <time>2017-04-30T11:37:42Z</time>
      </trkpt>
      <trkpt lat="46.484921" lon="22.673202">
        <ele>1628.091</ele>
        <time>2017-04-30T11:39:25Z</time>
      </trkpt>
      <trkpt lat="46.484823" lon="22.673179">
        <ele>1628.063</ele>
        <time>2017-04-30T11:39:51Z</time>
      </trkpt>
      <trkpt lat="46.484744" lon="22.673254">
        <ele>1623.093</ele>
        <time>2017-04-30T11:40:37Z</time>
      </trkpt>
      <trkpt lat="46.484657" lon="22.673310">
        <ele>1624.052</ele>
        <time>2017-04-30T11:40:44Z</time>
      </trkpt>
      <trkpt lat="46.484578" lon="22.673375">
        <ele>1623.053</ele>
        <time>2017-04-30T11:40:51Z</time>
      </trkpt>
      <trkpt lat="46.484486" lon="22.673439">
        <ele>1623.008</ele>
        <time>2017-04-30T11:40:58Z</time>
      </trkpt>
      <trkpt lat="46.484404" lon="22.673504">
        <ele>1622.008</ele>
        <time>2017-04-30T11:41:05Z</time>
      </trkpt>
      <trkpt lat="46.484321" lon="22.673574">
        <ele>1622.086</ele>
        <time>2017-04-30T11:41:12Z</time>
      </trkpt>
      <trkpt lat="46.484251" lon="22.673664">
        <ele>1620.062</ele>
        <time>2017-04-30T11:41:21Z</time>
      </trkpt>
      <trkpt lat="46.484165" lon="22.673719">
        <ele>1619.070</ele>
        <time>2017-04-30T11:41:32Z</time>
      </trkpt>
      <trkpt lat="46.484078" lon="22.673797">
        <ele>1618.040</ele>
        <time>2017-04-30T11:41:40Z</time>
      </trkpt>
      <trkpt lat="46.484005" lon="22.673880">
        <ele>1617.091</ele>
        <time>2017-04-30T11:41:46Z</time>
      </trkpt>
      <trkpt lat="46.483920" lon="22.673928">
        <ele>1616.071</ele>
        <time>2017-04-30T11:41:54Z</time>
      </trkpt>
      <trkpt lat="46.483841" lon="22.673996">
        <ele>1614.043</ele>
        <time>2017-04-30T11:42:11Z</time>
      </trkpt>
      <trkpt lat="46.483752" lon="22.674043">
        <ele>1612.053</ele>
        <time>2017-04-30T11:42:20Z</time>
      </trkpt>
      <trkpt lat="46.483659" lon="22.674083">
        <ele>1611.016</ele>
        <time>2017-04-30T11:42:38Z</time>
      </trkpt>
      <trkpt lat="46.483576" lon="22.674165">
        <ele>1610.076</ele>
        <time>2017-04-30T11:43:04Z</time>
      </trkpt>
      <trkpt lat="46.483486" lon="22.674218">
        <ele>1606.013</ele>
        <time>2017-04-30T11:43:14Z</time>
      </trkpt>
      <trkpt lat="46.483387" lon="22.674242">
        <ele>1606.008</ele>
        <time>2017-04-30T11:43:26Z</time>
      </trkpt>
      <trkpt lat="46.483293" lon="22.674270">
        <ele>1604.052</ele>
        <time>2017-04-30T11:43:35Z</time>
      </trkpt>
      <trkpt lat="46.483200" lon="22.674265">
        <ele>1602.098</ele>
        <time>2017-04-30T11:43:44Z</time>
      </trkpt>
      <trkpt lat="46.483104" lon="22.674263">
        <ele>1600.016</ele>
        <time>2017-04-30T11:43:52Z</time>
      </trkpt>
      <trkpt lat="46.483012" lon="22.674261">
        <ele>1598.056</ele>
        <time>2017-04-30T11:44:00Z</time>
      </trkpt>
      <trkpt lat="46.482916" lon="22.674288">
        <ele>1595.097</ele>
        <time>2017-04-30T11:44:09Z</time>
      </trkpt>
      <trkpt lat="46.482817" lon="22.674330">
        <ele>1594.057</ele>
        <time>2017-04-30T11:44:18Z</time>
      </trkpt>
      <trkpt lat="46.482734" lon="22.674386">
        <ele>1592.039</ele>
        <time>2017-04-30T11:44:26Z</time>
      </trkpt>
      <trkpt lat="46.482644" lon="22.674437">
        <ele>1591.019</ele>
        <time>2017-04-30T11:44:36Z</time>
      </trkpt>
      <trkpt lat="46.482551" lon="22.674487">
        <ele>1589.059</ele>
        <time>2017-04-30T11:44:44Z</time>
      </trkpt>
      <trkpt lat="46.482464" lon="22.674538">
        <ele>1587.003</ele>
        <time>2017-04-30T11:44:52Z</time>
      </trkpt>
      <trkpt lat="46.482370" lon="22.674587">
        <ele>1585.023</ele>
        <time>2017-04-30T11:45:00Z</time>
      </trkpt>
      <trkpt lat="46.482276" lon="22.674603">
        <ele>1584.008</ele>
        <time>2017-04-30T11:45:08Z</time>
      </trkpt>
      <trkpt lat="46.482177" lon="22.674620">
        <ele>1584.036</ele>
        <time>2017-04-30T11:45:16Z</time>
      </trkpt>
      <trkpt lat="46.482085" lon="22.674654">
        <ele>1583.072</ele>
        <time>2017-04-30T11:45:24Z</time>
      </trkpt>
      <trkpt lat="46.481989" lon="22.674704">
        <ele>1583.010</ele>
        <time>2017-04-30T11:45:32Z</time>
      </trkpt>
      <trkpt lat="46.481895" lon="22.674770">
        <ele>1583.080</ele>
        <time>2017-04-30T11:45:41Z</time>
      </trkpt>
      <trkpt lat="46.481804" lon="22.674809">
        <ele>1583.051</ele>
        <time>2017-04-30T11:45:49Z</time>
      </trkpt>
      <trkpt lat="46.481716" lon="22.674841">
        <ele>1582.081</ele>
        <time>2017-04-30T11:45:56Z</time>
      </trkpt>
      <trkpt lat="46.481630" lon="22.674879">
        <ele>1583.093</ele>
        <time>2017-04-30T11:46:04Z</time>
      </trkpt>
      <trkpt lat="46.481530" lon="22.674917">
        <ele>1581.093</ele>
        <time>2017-04-30T11:46:13Z</time>
      </trkpt>
      <trkpt lat="46.481428" lon="22.674960">
        <ele>1579.015</ele>
        <time>2017-04-30T11:46:21Z</time>
      </trkpt>
      <trkpt lat="46.481341" lon="22.675009">
        <ele>1580.065</ele>
        <time>2017-04-30T11:46:28Z</time>
      </trkpt>
      <trkpt lat="46.481242" lon="22.675047">
        <ele>1580.011</ele>
        <time>2017-04-30T11:46:35Z</time>
      </trkpt>
      <trkpt lat="46.481143" lon="22.675076">
        <ele>1581.008</ele>
        <time>2017-04-30T11:46:43Z</time>
      </trkpt>
      <trkpt lat="46.481054" lon="22.675128">
        <ele>1580.022</ele>
        <time>2017-04-30T11:46:51Z</time>
      </trkpt>
      <trkpt lat="46.480977" lon="22.675208">
        <ele>1578.078</ele>
        <time>2017-04-30T11:47:01Z</time>
      </trkpt>
      <trkpt lat="46.480895" lon="22.675286">
        <ele>1578.066</ele>
        <time>2017-04-30T11:47:08Z</time>
      </trkpt>
      <trkpt lat="46.480813" lon="22.675369">
        <ele>1578.056</ele>
        <time>2017-04-30T11:47:16Z</time>
      </trkpt>
      <trkpt lat="46.480745" lon="22.675454">
        <ele>1578.047</ele>
        <time>2017-04-30T11:47:24Z</time>
      </trkpt>
      <trkpt lat="46.480664" lon="22.675530">
        <ele>1581.027</ele>
        <time>2017-04-30T11:47:33Z</time>
      </trkpt>
      <trkpt lat="46.480575" lon="22.675608">
        <ele>1581.049</ele>
        <time>2017-04-30T11:47:42Z</time>
      </trkpt>
      <trkpt lat="46.480495" lon="22.675685">
        <ele>1582.099</ele>
        <time>2017-04-30T11:47:50Z</time>
      </trkpt>
      <trkpt lat="46.480406" lon="22.675749">
        <ele>1583.013</ele>
        <time>2017-04-30T11:48:00Z</time>
      </trkpt>
      <trkpt lat="46.480330" lon="22.675827">
        <ele>1583.043</ele>
        <time>2017-04-30T11:48:09Z</time>
      </trkpt>
      <trkpt lat="46.480253" lon="22.675908">
        <ele>1585.007</ele>
        <time>2017-04-30T11:48:18Z</time>
      </trkpt>
      <trkpt lat="46.480181" lon="22.676001">
        <ele>1585.008</ele>
        <time>2017-04-30T11:48:52Z</time>
      </trkpt>
      <trkpt lat="46.480096" lon="22.676066">
        <ele>1585.012</ele>
        <time>2017-04-30T11:49:01Z</time>
      </trkpt>
      <trkpt lat="46.480037" lon="22.676170">
        <ele>1585.068</ele>
        <time>2017-04-30T11:49:11Z</time>
      </trkpt>
      <trkpt lat="46.479969" lon="22.676275">
        <ele>1585.086</ele>
        <time>2017-04-30T11:49:22Z</time>
      </trkpt>
      <trkpt lat="46.479905" lon="22.676376">
        <ele>1585.096</ele>
        <time>2017-04-30T11:49:30Z</time>
      </trkpt>
      <trkpt lat="46.479830" lon="22.676474">
        <ele>1586.097</ele>
        <time>2017-04-30T11:49:38Z</time>
      </trkpt>
      <trkpt lat="46.479758" lon="22.676574">
        <ele>1586.037</ele>
        <time>2017-04-30T11:49:47Z</time>
      </trkpt>
      <trkpt lat="46.479687" lon="22.676663">
        <ele>1586.099</ele>
        <time>2017-04-30T11:49:56Z</time>
      </trkpt>
      <trkpt lat="46.479598" lon="22.676733">
        <ele>1584.089</ele>
        <time>2017-04-30T11:50:05Z</time>
      </trkpt>
      <trkpt lat="46.479519" lon="22.676795">
        <ele>1582.012</ele>
        <time>2017-04-30T11:50:15Z</time>
      </trkpt>
      <trkpt lat="46.479432" lon="22.676867">
        <ele>1579.032</ele>
        <time>2017-04-30T11:50:26Z</time>
      </trkpt>
      <trkpt lat="46.479347" lon="22.676914">
        <ele>1577.005</ele>
        <time>2017-04-30T11:50:35Z</time>
      </trkpt>
      <trkpt lat="46.479262" lon="22.676966">
        <ele>1576.008</ele>
        <time>2017-04-30T11:50:45Z</time>
      </trkpt>
      <trkpt lat="46.479163" lon="22.676999">
        <ele>1576.042</ele>
        <time>2017-04-30T11:50:54Z</time>
      </trkpt>
      <trkpt lat="46.479079" lon="22.677073">
        <ele>1575.018</ele>
        <time>2017-04-30T11:51:04Z</time>
      </trkpt>
      <trkpt lat="46.479001" lon="22.677164">
        <ele>1573.036</ele>
        <time>2017-04-30T11:51:14Z</time>
      </trkpt>
      <trkpt lat="46.478929" lon="22.677249">
        <ele>1572.086</ele>
        <time>2017-04-30T11:51:24Z</time>
      </trkpt>
      <trkpt lat="46.478859" lon="22.677336">
        <ele>1570.047</ele>
        <time>2017-04-30T11:51:32Z</time>
      </trkpt>
      <trkpt lat="46.478777" lon="22.677412">
        <ele>1568.087</ele>
        <time>2017-04-30T11:51:40Z</time>
      </trkpt>
      <trkpt lat="46.478690" lon="22.677474">
        <ele>1566.069</ele>
        <time>2017-04-30T11:51:53Z</time>
      </trkpt>
      <trkpt lat="46.478613" lon="22.677550">
        <ele>1565.059</ele>
        <time>2017-04-30T11:52:00Z</time>
      </trkpt>
      <trkpt lat="46.478531" lon="22.677622">
        <ele>1563.067</ele>
        <time>2017-04-30T11:52:08Z</time>
      </trkpt>
      <trkpt lat="46.478458" lon="22.677716">
        <ele>1562.081</ele>
        <time>2017-04-30T11:52:18Z</time>
      </trkpt>
      <trkpt lat="46.478389" lon="22.677805">
        <ele>1560.019</ele>
        <time>2017-04-30T11:52:26Z</time>
      </trkpt>
      <trkpt lat="46.478308" lon="22.677878">
        <ele>1559.008</ele>
        <time>2017-04-30T11:52:32Z</time>
      </trkpt>
      <trkpt lat="46.478234" lon="22.677961">
        <ele>1558.057</ele>
        <time>2017-04-30T11:52:39Z</time>
      </trkpt>
      <trkpt lat="46.478150" lon="22.678040">
        <ele>1556.073</ele>
        <time>2017-04-30T11:52:45Z</time>
      </trkpt>
      <trkpt lat="46.478076" lon="22.678127">
        <ele>1556.021</ele>
        <time>2017-04-30T11:52:52Z</time>
      </trkpt>
      <trkpt lat="46.478006" lon="22.678219">
        <ele>1554.041</ele>
        <time>2017-04-30T11:53:00Z</time>
      </trkpt>
      <trkpt lat="46.477927" lon="22.678296">
        <ele>1554.052</ele>
        <time>2017-04-30T11:53:07Z</time>
      </trkpt>
      <trkpt lat="46.477846" lon="22.678354">
        <ele>1554.032</ele>
        <time>2017-04-30T11:53:13Z</time>
      </trkpt>
      <trkpt lat="46.477793" lon="22.678458">
        <ele>1554.074</ele>
        <time>2017-04-30T11:53:32Z</time>
      </trkpt>
      <trkpt lat="46.477849" lon="22.678563">
        <ele>1554.034</ele>
        <time>2017-04-30T11:54:36Z</time>
      </trkpt>
      <trkpt lat="46.477759" lon="22.678577">
        <ele>1551.062</ele>
        <time>2017-04-30T11:57:49Z</time>
      </trkpt>
      <trkpt lat="46.477664" lon="22.678563">
        <ele>1551.083</ele>
        <time>2017-04-30T11:59:05Z</time>
      </trkpt>
      <trkpt lat="46.477587" lon="22.678640">
        <ele>1550.011</ele>
        <time>2017-04-30T11:59:12Z</time>
      </trkpt>
      <trkpt lat="46.477502" lon="22.678714">
        <ele>1550.008</ele>
        <time>2017-04-30T11:59:19Z</time>
      </trkpt>
      <trkpt lat="46.477420" lon="22.678788">
        <ele>1549.037</ele>
        <time>2017-04-30T11:59:27Z</time>
      </trkpt>
      <trkpt lat="46.477345" lon="22.678865">
        <ele>1549.013</ele>
        <time>2017-04-30T11:59:35Z</time>
      </trkpt>
      <trkpt lat="46.477273" lon="22.678949">
        <ele>1550.021</ele>
        <time>2017-04-30T11:59:45Z</time>
      </trkpt>
      <trkpt lat="46.477196" lon="22.679034">
        <ele>1547.011</ele>
        <time>2017-04-30T12:01:09Z</time>
      </trkpt>
      <trkpt lat="46.477116" lon="22.679127">
        <ele>1548.082</ele>
        <time>2017-04-30T12:01:18Z</time>
      </trkpt>
      <trkpt lat="46.477044" lon="22.679209">
        <ele>1550.042</ele>
        <time>2017-04-30T12:01:26Z</time>
      </trkpt>
      <trkpt lat="46.476967" lon="22.679284">
        <ele>1550.064</ele>
        <time>2017-04-30T12:01:35Z</time>
      </trkpt>
      <trkpt lat="46.476891" lon="22.679353">
        <ele>1549.024</ele>
        <time>2017-04-30T12:01:43Z</time>
      </trkpt>
      <trkpt lat="46.476804" lon="22.679425">
        <ele>1550.012</ele>
        <time>2017-04-30T12:01:52Z</time>
      </trkpt>
      <trkpt lat="46.476717" lon="22.679510">
        <ele>1551.032</ele>
        <time>2017-04-30T12:02:00Z</time>
      </trkpt>
      <trkpt lat="46.476635" lon="22.679585">
        <ele>1554.005</ele>
        <time>2017-04-30T12:02:10Z</time>
      </trkpt>
      <trkpt lat="46.476553" lon="22.679653">
        <ele>1554.008</ele>
        <time>2017-04-30T12:02:22Z</time>
      </trkpt>
      <trkpt lat="46.476471" lon="22.679726">
        <ele>1556.042</ele>
        <time>2017-04-30T12:02:32Z</time>
      </trkpt>
      <trkpt lat="46.476377" lon="22.679754">
        <ele>1557.038</ele>
        <time>2017-04-30T12:02:42Z</time>
      </trkpt>
      <trkpt lat="46.476278" lon="22.679784">
        <ele>1558.036</ele>
        <time>2017-04-30T12:02:52Z</time>
      </trkpt>
      <trkpt lat="46.476188" lon="22.679812">
        <ele>1557.056</ele>
        <time>2017-04-30T12:03:01Z</time>
      </trkpt>
      <trkpt lat="46.476094" lon="22.679835">
        <ele>1558.017</ele>
        <time>2017-04-30T12:03:10Z</time>
      </trkpt>
      <trkpt lat="46.475997" lon="22.679859">
        <ele>1558.087</ele>
        <time>2017-04-30T12:03:19Z</time>
      </trkpt>
      <trkpt lat="46.475907" lon="22.679872">
        <ele>1559.079</ele>
        <time>2017-04-30T12:03:30Z</time>
      </trkpt>
      <trkpt lat="46.475814" lon="22.679876">
        <ele>1560.039</ele>
        <time>2017-04-30T12:03:47Z</time>
      </trkpt>
      <trkpt lat="46.475723" lon="22.679874">
        <ele>1560.062</ele>
        <time>2017-04-30T12:03:55Z</time>
      </trkpt>
      <trkpt lat="46.475630" lon="22.679867">
        <ele>1560.083</ele>
        <time>2017-04-30T12:04:04Z</time>
      </trkpt>
      <trkpt lat="46.475537" lon="22.679881">
        <ele>1561.011</ele>
        <time>2017-04-30T12:04:14Z</time>
      </trkpt>
      <trkpt lat="46.475446" lon="22.679850">
        <ele>1564.008</ele>
        <time>2017-04-30T12:05:35Z</time>
      </trkpt>
      <trkpt lat="46.475352" lon="22.679811">
        <ele>1565.057</ele>
        <time>2017-04-30T12:05:44Z</time>
      </trkpt>
      <trkpt lat="46.475259" lon="22.679792">
        <ele>1567.033</ele>
        <time>2017-04-30T12:05:52Z</time>
      </trkpt>
      <trkpt lat="46.475169" lon="22.679734">
        <ele>1566.091</ele>
        <time>2017-04-30T12:06:00Z</time>
      </trkpt>
      <trkpt lat="46.475082" lon="22.679676">
        <ele>1566.021</ele>
        <time>2017-04-30T12:06:08Z</time>
      </trkpt>
      <trkpt lat="46.474997" lon="22.679617">
        <ele>1566.072</ele>
        <time>2017-04-30T12:06:16Z</time>
      </trkpt>
      <trkpt lat="46.474925" lon="22.679537">
        <ele>1566.032</ele>
        <time>2017-04-30T12:06:23Z</time>
      </trkpt>
      <trkpt lat="46.474845" lon="22.679455">
        <ele>1565.034</ele>
        <time>2017-04-30T12:06:30Z</time>
      </trkpt>
      <trkpt lat="46.474769" lon="22.679377">
        <ele>1565.094</ele>
        <time>2017-04-30T12:06:37Z</time>
      </trkpt>
      <trkpt lat="46.474671" lon="22.679351">
        <ele>1566.023</ele>
        <time>2017-04-30T12:06:45Z</time>
      </trkpt>
      <trkpt lat="46.474571" lon="22.679362">
        <ele>1566.083</ele>
        <time>2017-04-30T12:06:53Z</time>
      </trkpt>
      <trkpt lat="46.474475" lon="22.679345">
        <ele>1566.011</ele>
        <time>2017-04-30T12:07:01Z</time>
      </trkpt>
      <trkpt lat="46.474381" lon="22.679307">
        <ele>1567.008</ele>
        <time>2017-04-30T12:07:10Z</time>
      </trkpt>
      <trkpt lat="46.474286" lon="22.679272">
        <ele>1566.063</ele>
        <time>2017-04-30T12:07:20Z</time>
      </trkpt>
      <trkpt lat="46.474195" lon="22.679236">
        <ele>1567.049</ele>
        <time>2017-04-30T12:07:28Z</time>
      </trkpt>
      <trkpt lat="46.474107" lon="22.679201">
        <ele>1568.017</ele>
        <time>2017-04-30T12:07:36Z</time>
      </trkpt>
      <trkpt lat="46.474013" lon="22.679169">
        <ele>1568.027</ele>
        <time>2017-04-30T12:07:47Z</time>
      </trkpt>
      <trkpt lat="46.473913" lon="22.679146">
        <ele>1570.098</ele>
        <time>2017-04-30T12:07:56Z</time>
      </trkpt>
      <trkpt lat="46.473821" lon="22.679105">
        <ele>1570.018</ele>
        <time>2017-04-30T12:08:04Z</time>
      </trkpt>
      <trkpt lat="46.473734" lon="22.679068">
        <ele>1572.010</ele>
        <time>2017-04-30T12:08:11Z</time>
      </trkpt>
      <trkpt lat="46.473641" lon="22.679045">
        <ele>1571.040</ele>
        <time>2017-04-30T12:08:21Z</time>
      </trkpt>
      <trkpt lat="46.473551" lon="22.678992">
        <ele>1572.072</ele>
        <time>2017-04-30T12:08:30Z</time>
      </trkpt>
      <trkpt lat="46.473459" lon="22.678975">
        <ele>1572.013</ele>
        <time>2017-04-30T12:08:39Z</time>
      </trkpt>
      <trkpt lat="46.473367" lon="22.678940">
        <ele>1572.014</ele>
        <time>2017-04-30T12:08:48Z</time>
      </trkpt>
      <trkpt lat="46.473273" lon="22.678916">
        <ele>1574.008</ele>
        <time>2017-04-30T12:08:57Z</time>
      </trkpt>
      <trkpt lat="46.473181" lon="22.678900">
        <ele>1575.088</ele>
        <time>2017-04-30T12:09:05Z</time>
      </trkpt>
      <trkpt lat="46.473086" lon="22.678874">
        <ele>1576.084</ele>
        <time>2017-04-30T12:09:14Z</time>
      </trkpt>
      <trkpt lat="46.472994" lon="22.678869">
        <ele>1575.072</ele>
        <time>2017-04-30T12:09:23Z</time>
      </trkpt>
      <trkpt lat="46.472894" lon="22.678861">
        <ele>1575.042</ele>
        <time>2017-04-30T12:09:31Z</time>
      </trkpt>
      <trkpt lat="46.472795" lon="22.678843">
        <ele>1575.063</ele>
        <time>2017-04-30T12:09:41Z</time>
      </trkpt>
      <trkpt lat="46.472699" lon="22.678819">
        <ele>1575.043</ele>
        <time>2017-04-30T12:09:49Z</time>
      </trkpt>
      <trkpt lat="46.472605" lon="22.678795">
        <ele>1576.015</ele>
        <time>2017-04-30T12:09:57Z</time>
      </trkpt>
      <trkpt lat="46.472515" lon="22.678781">
        <ele>1576.035</ele>
        <time>2017-04-30T12:10:05Z</time>
      </trkpt>
      <trkpt lat="46.472418" lon="22.678774">
        <ele>1577.085</ele>
        <time>2017-04-30T12:10:13Z</time>
      </trkpt>
      <trkpt lat="46.472324" lon="22.678760">
        <ele>1577.089</ele>
        <time>2017-04-30T12:10:21Z</time>
      </trkpt>
      <trkpt lat="46.472234" lon="22.678762">
        <ele>1577.017</ele>
        <time>2017-04-30T12:10:29Z</time>
      </trkpt>
      <trkpt lat="46.472137" lon="22.678758">
        <ele>1576.008</ele>
        <time>2017-04-30T12:10:37Z</time>
      </trkpt>
      <trkpt lat="46.472043" lon="22.678748">
        <ele>1576.049</ele>
        <time>2017-04-30T12:10:45Z</time>
      </trkpt>
      <trkpt lat="46.471948" lon="22.678747">
        <ele>1576.015</ele>
        <time>2017-04-30T12:10:53Z</time>
      </trkpt>
      <trkpt lat="46.471853" lon="22.678724">
        <ele>1576.093</ele>
        <time>2017-04-30T12:11:01Z</time>
      </trkpt>
      <trkpt lat="46.471753" lon="22.678712">
        <ele>1574.013</ele>
        <time>2017-04-30T12:11:09Z</time>
      </trkpt>
      <trkpt lat="46.471652" lon="22.678710">
        <ele>1575.014</ele>
        <time>2017-04-30T12:11:30Z</time>
      </trkpt>
      <trkpt lat="46.471550" lon="22.678693">
        <ele>1575.074</ele>
        <time>2017-04-30T12:11:39Z</time>
      </trkpt>
      <trkpt lat="46.471460" lon="22.678677">
        <ele>1575.086</ele>
        <time>2017-04-30T12:11:45Z</time>
      </trkpt>
      <trkpt lat="46.471367" lon="22.678666">
        <ele>1574.086</ele>
        <time>2017-04-30T12:11:53Z</time>
      </trkpt>
      <trkpt lat="46.471277" lon="22.678659">
        <ele>1573.058</ele>
        <time>2017-04-30T12:12:00Z</time>
      </trkpt>
      <trkpt lat="46.471186" lon="22.678656">
        <ele>1573.052</ele>
        <time>2017-04-30T12:12:08Z</time>
      </trkpt>
      <trkpt lat="46.471087" lon="22.678648">
        <ele>1572.017</ele>
        <time>2017-04-30T12:12:15Z</time>
      </trkpt>
      <trkpt lat="46.470990" lon="22.678650">
        <ele>1571.008</ele>
        <time>2017-04-30T12:12:23Z</time>
      </trkpt>
      <trkpt lat="46.470891" lon="22.678640">
        <ele>1569.076</ele>
        <time>2017-04-30T12:12:31Z</time>
      </trkpt>
      <trkpt lat="46.470799" lon="22.678636">
        <ele>1567.032</ele>
        <time>2017-04-30T12:12:38Z</time>
      </trkpt>
      <trkpt lat="46.470705" lon="22.678632">
        <ele>1565.080</ele>
        <time>2017-04-30T12:12:49Z</time>
      </trkpt>
      <trkpt lat="46.470615" lon="22.678619">
        <ele>1564.050</ele>
        <time>2017-04-30T12:13:07Z</time>
      </trkpt>
      <trkpt lat="46.470524" lon="22.678621">
        <ele>1562.081</ele>
        <time>2017-04-30T12:13:17Z</time>
      </trkpt>
      <trkpt lat="46.470451" lon="22.678710">
        <ele>1560.021</ele>
        <time>2017-04-30T12:13:26Z</time>
      </trkpt>
      <trkpt lat="46.470402" lon="22.678833">
        <ele>1559.063</ele>
        <time>2017-04-30T12:13:35Z</time>
      </trkpt>
      <trkpt lat="46.470353" lon="22.678946">
        <ele>1559.073</ele>
        <time>2017-04-30T12:13:43Z</time>
      </trkpt>
      <trkpt lat="46.470308" lon="22.679065">
        <ele>1557.058</ele>
        <time>2017-04-30T12:13:53Z</time>
      </trkpt>
      <trkpt lat="46.470256" lon="22.679186">
        <ele>1555.052</ele>
        <time>2017-04-30T12:14:10Z</time>
      </trkpt>
      <trkpt lat="46.470207" lon="22.679297">
        <ele>1554.017</ele>
        <time>2017-04-30T12:14:26Z</time>
      </trkpt>
      <trkpt lat="46.470115" lon="22.679263">
        <ele>1547.008</ele>
        <time>2017-04-30T12:50:00Z</time>
      </trkpt>
      <trkpt lat="46.470036" lon="22.679200">
        <ele>1552.076</ele>
        <time>2017-04-30T12:52:12Z</time>
      </trkpt>
      <trkpt lat="46.469942" lon="22.679180">
        <ele>1551.032</ele>
        <time>2017-04-30T12:52:22Z</time>
      </trkpt>
      <trkpt lat="46.469850" lon="22.679181">
        <ele>1552.050</ele>
        <time>2017-04-30T12:52:32Z</time>
      </trkpt>
      <trkpt lat="46.469756" lon="22.679177">
        <ele>1552.010</ele>
        <time>2017-04-30T12:52:45Z</time>
      </trkpt>
      <trkpt lat="46.469655" lon="22.679159">
        <ele>1550.031</ele>
        <time>2017-04-30T12:52:56Z</time>
      </trkpt>
      <trkpt lat="46.469565" lon="22.679128">
        <ele>1552.041</ele>
        <time>2017-04-30T12:53:06Z</time>
      </trkpt>
      <trkpt lat="46.469466" lon="22.679110">
        <ele>1552.063</ele>
        <time>2017-04-30T12:53:16Z</time>
      </trkpt>
      <trkpt lat="46.469366" lon="22.679118">
        <ele>1552.013</ele>
        <time>2017-04-30T12:53:26Z</time>
      </trkpt>
      <trkpt lat="46.469273" lon="22.679121">
        <ele>1554.096</ele>
        <time>2017-04-30T12:53:37Z</time>
      </trkpt>
      <trkpt lat="46.469177" lon="22.679100">
        <ele>1553.031</ele>
        <time>2017-04-30T12:54:06Z</time>
      </trkpt>
      <trkpt lat="46.469087" lon="22.679070">
        <ele>1554.024</ele>
        <time>2017-04-30T12:54:16Z</time>
      </trkpt>
      <trkpt lat="46.468998" lon="22.679036">
        <ele>1554.008</ele>
        <time>2017-04-30T12:54:26Z</time>
      </trkpt>
      <trkpt lat="46.468906" lon="22.679009">
        <ele>1553.040</ele>
        <time>2017-04-30T12:54:34Z</time>
      </trkpt>
      <trkpt lat="46.468822" lon="22.678956">
        <ele>1555.016</ele>
        <time>2017-04-30T12:54:45Z</time>
      </trkpt>
      <trkpt lat="46.468722" lon="22.678937">
        <ele>1555.084</ele>
        <time>2017-04-30T12:54:55Z</time>
      </trkpt>
      <trkpt lat="46.468627" lon="22.678969">
        <ele>1554.014</ele>
        <time>2017-04-30T12:55:06Z</time>
      </trkpt>
      <trkpt lat="46.468529" lon="22.678992">
        <ele>1555.065</ele>
        <time>2017-04-30T12:55:28Z</time>
      </trkpt>
      <trkpt lat="46.468433" lon="22.679022">
        <ele>1557.045</ele>
        <time>2017-04-30T12:55:36Z</time>
      </trkpt>
      <trkpt lat="46.468344" lon="22.679059">
        <ele>1558.077</ele>
        <time>2017-04-30T12:55:43Z</time>
      </trkpt>
      <trkpt lat="46.468254" lon="22.679121">
        <ele>1557.057</ele>
        <time>2017-04-30T12:55:53Z</time>
      </trkpt>
      <trkpt lat="46.468169" lon="22.679182">
        <ele>1558.026</ele>
        <time>2017-04-30T12:56:03Z</time>
      </trkpt>
      <trkpt lat="46.468092" lon="22.679259">
        <ele>1558.047</ele>
        <time>2017-04-30T12:56:12Z</time>
      </trkpt>
      <trkpt lat="46.468018" lon="22.679341">
        <ele>1558.011</ele>
        <time>2017-04-30T12:56:22Z</time>
      </trkpt>
      <trkpt lat="46.467944" lon="22.679414">
        <ele>1560.008</ele>
        <time>2017-04-30T12:56:31Z</time>
      </trkpt>
      <trkpt lat="46.467865" lon="22.679487">
        <ele>1560.033</ele>
        <time>2017-04-30T12:56:45Z</time>
      </trkpt>
      <trkpt lat="46.467790" lon="22.679569">
        <ele>1562.019</ele>
        <time>2017-04-30T12:56:55Z</time>
      </trkpt>
      <trkpt lat="46.467714" lon="22.679652">
        <ele>1563.037</ele>
        <time>2017-04-30T12:57:05Z</time>
      </trkpt>
      <trkpt lat="46.467638" lon="22.679725">
        <ele>1563.037</ele>
        <time>2017-04-30T12:57:16Z</time>
      </trkpt>
      <trkpt lat="46.467569" lon="22.679816">
        <ele>1561.068</ele>
        <time>2017-04-30T12:57:28Z</time>
      </trkpt>
      <trkpt lat="46.467484" lon="22.679891">
        <ele>1562.028</ele>
        <time>2017-04-30T12:57:38Z</time>
      </trkpt>
      <trkpt lat="46.467406" lon="22.679963">
        <ele>1561.030</ele>
        <time>2017-04-30T12:57:48Z</time>
      </trkpt>
      <trkpt lat="46.467333" lon="22.680043">
        <ele>1563.060</ele>
        <time>2017-04-30T12:57:58Z</time>
      </trkpt>
      <trkpt lat="46.467262" lon="22.680122">
        <ele>1564.081</ele>
        <time>2017-04-30T12:58:08Z</time>
      </trkpt>
      <trkpt lat="46.467177" lon="22.680180">
        <ele>1566.061</ele>
        <time>2017-04-30T12:58:19Z</time>
      </trkpt>
      <trkpt lat="46.467091" lon="22.680235">
        <ele>1566.017</ele>
        <time>2017-04-30T12:58:29Z</time>
      </trkpt>
      <trkpt lat="46.467019" lon="22.680315">
        <ele>1567.008</ele>
        <time>2017-04-30T12:58:44Z</time>
      </trkpt>
      <trkpt lat="46.466946" lon="22.680409">
        <ele>1570.079</ele>
        <time>2017-04-30T12:58:54Z</time>
      </trkpt>
      <trkpt lat="46.466880" lon="22.680514">
        <ele>1571.015</ele>
        <time>2017-04-30T12:59:03Z</time>
      </trkpt>
      <trkpt lat="46.466824" lon="22.680630">
        <ele>1571.083</ele>
        <time>2017-04-30T12:59:15Z</time>
      </trkpt>
      <trkpt lat="46.466761" lon="22.680743">
        <ele>1570.043</ele>
        <time>2017-04-30T12:59:25Z</time>
      </trkpt>
      <trkpt lat="46.466688" lon="22.680837">
        <ele>1573.084</ele>
        <time>2017-04-30T12:59:37Z</time>
      </trkpt>
      <trkpt lat="46.466640" lon="22.680957">
        <ele>1577.034</ele>
        <time>2017-04-30T12:59:50Z</time>
      </trkpt>
      <trkpt lat="46.466573" lon="22.681062">
        <ele>1579.026</ele>
        <time>2017-04-30T13:00:04Z</time>
      </trkpt>
      <trkpt lat="46.466571" lon="22.681195">
        <ele>1578.036</ele>
        <time>2017-04-30T13:00:16Z</time>
      </trkpt>
      <trkpt lat="46.466500" lon="22.681290">
        <ele>1578.041</ele>
        <time>2017-04-30T13:00:33Z</time>
      </trkpt>
      <trkpt lat="46.466449" lon="22.681403">
        <ele>1583.081</ele>
        <time>2017-04-30T13:00:44Z</time>
      </trkpt>
      <trkpt lat="46.466386" lon="22.681505">
        <ele>1585.009</ele>
        <time>2017-04-30T13:00:55Z</time>
      </trkpt>
      <trkpt lat="46.466331" lon="22.681609">
        <ele>1587.008</ele>
        <time>2017-04-30T13:01:07Z</time>
      </trkpt>
      <trkpt lat="46.466294" lon="22.681728">
        <ele>1587.035</ele>
        <time>2017-04-30T13:01:17Z</time>
      </trkpt>
      <trkpt lat="46.466247" lon="22.681843">
        <ele>1587.071</ele>
        <time>2017-04-30T13:01:27Z</time>
      </trkpt>
      <trkpt lat="46.466201" lon="22.681956">
        <ele>1590.049</ele>
        <time>2017-04-30T13:01:40Z</time>
      </trkpt>
      <trkpt lat="46.466169" lon="22.682079">
        <ele>1593.089</ele>
        <time>2017-04-30T13:01:52Z</time>
      </trkpt>
      <trkpt lat="46.466110" lon="22.682178">
        <ele>1595.060</ele>
        <time>2017-04-30T13:02:03Z</time>
      </trkpt>
      <trkpt lat="46.466058" lon="22.682293">
        <ele>1597.090</ele>
        <time>2017-04-30T13:02:15Z</time>
      </trkpt>
      <trkpt lat="46.465999" lon="22.682411">
        <ele>1598.052</ele>
        <time>2017-04-30T13:02:28Z</time>
      </trkpt>
      <trkpt lat="46.465939" lon="22.682519">
        <ele>1600.092</ele>
        <time>2017-04-30T13:02:37Z</time>
      </trkpt>
      <trkpt lat="46.465881" lon="22.682634">
        <ele>1601.071</ele>
        <time>2017-04-30T13:02:48Z</time>
      </trkpt>
      <trkpt lat="46.465831" lon="22.682746">
        <ele>1601.041</ele>
        <time>2017-04-30T13:02:59Z</time>
      </trkpt>
      <trkpt lat="46.465777" lon="22.682868">
        <ele>1603.015</ele>
        <time>2017-04-30T13:03:12Z</time>
      </trkpt>
      <trkpt lat="46.465707" lon="22.682965">
        <ele>1602.008</ele>
        <time>2017-04-30T13:03:22Z</time>
      </trkpt>
      <trkpt lat="46.465632" lon="22.683048">
        <ele>1602.028</ele>
        <time>2017-04-30T13:03:32Z</time>
      </trkpt>
      <trkpt lat="46.465548" lon="22.683131">
        <ele>1602.074</ele>
        <time>2017-04-30T13:03:40Z</time>
      </trkpt>
      <trkpt lat="46.465471" lon="22.683216">
        <ele>1602.062</ele>
        <time>2017-04-30T13:03:50Z</time>
      </trkpt>
      <trkpt lat="46.465402" lon="22.683302">
        <ele>1603.032</ele>
        <time>2017-04-30T13:04:00Z</time>
      </trkpt>
      <trkpt lat="46.465320" lon="22.683383">
        <ele>1605.013</ele>
        <time>2017-04-30T13:04:12Z</time>
      </trkpt>
      <trkpt lat="46.465233" lon="22.683457">
        <ele>1605.093</ele>
        <time>2017-04-30T13:04:23Z</time>
      </trkpt>
      <trkpt lat="46.465140" lon="22.683541">
        <ele>1605.015</ele>
        <time>2017-04-30T13:04:35Z</time>
      </trkpt>
      <trkpt lat="46.465064" lon="22.683615">
        <ele>1607.015</ele>
        <time>2017-04-30T13:04:45Z</time>
      </trkpt>
      <trkpt lat="46.464976" lon="22.683691">
        <ele>1609.041</ele>
        <time>2017-04-30T13:04:55Z</time>
      </trkpt>
      <trkpt lat="46.464888" lon="22.683747">
        <ele>1610.081</ele>
        <time>2017-04-30T13:05:04Z</time>
      </trkpt>
      <trkpt lat="46.464791" lon="22.683775">
        <ele>1612.009</ele>
        <time>2017-04-30T13:05:14Z</time>
      </trkpt>
      <trkpt lat="46.464703" lon="22.683805">
        <ele>1612.008</ele>
        <time>2017-04-30T13:05:24Z</time>
      </trkpt>
      <trkpt lat="46.464623" lon="22.683871">
        <ele>1614.075</ele>
        <time>2017-04-30T13:05:33Z</time>
      </trkpt>
      <trkpt lat="46.464541" lon="22.683931">
        <ele>1615.091</ele>
        <time>2017-04-30T13:05:43Z</time>
      </trkpt>
      <trkpt lat="46.464458" lon="22.683995">
        <ele>1616.089</ele>
        <time>2017-04-30T13:05:51Z</time>
      </trkpt>
      <trkpt lat="46.464373" lon="22.684057">
        <ele>1615.099</ele>
        <time>2017-04-30T13:06:01Z</time>
      </trkpt>
      <trkpt lat="46.464288" lon="22.684124">
        <ele>1616.080</ele>
        <time>2017-04-30T13:06:12Z</time>
      </trkpt>
      <trkpt lat="46.464207" lon="22.684191">
        <ele>1619.080</ele>
        <time>2017-04-30T13:06:21Z</time>
      </trkpt>
      <trkpt lat="46.464116" lon="22.684226">
        <ele>1622.012</ele>
        <time>2017-04-30T13:06:32Z</time>
      </trkpt>
      <trkpt lat="46.464026" lon="22.684275">
        <ele>1623.062</ele>
        <time>2017-04-30T13:06:43Z</time>
      </trkpt>
      <trkpt lat="46.463956" lon="22.684366">
        <ele>1622.062</ele>
        <time>2017-04-30T13:06:54Z</time>
      </trkpt>
      <trkpt lat="46.463865" lon="22.684421">
        <ele>1624.083</ele>
        <time>2017-04-30T13:07:04Z</time>
      </trkpt>
      <trkpt lat="46.463778" lon="22.684478">
        <ele>1624.011</ele>
        <time>2017-04-30T13:07:14Z</time>
      </trkpt>
      <trkpt lat="46.463694" lon="22.684544">
        <ele>1625.008</ele>
        <time>2017-04-30T13:07:23Z</time>
      </trkpt>
      <trkpt lat="46.463606" lon="22.684604">
        <ele>1623.077</ele>
        <time>2017-04-30T13:07:33Z</time>
      </trkpt>
      <trkpt lat="46.463522" lon="22.684663">
        <ele>1621.083</ele>
        <time>2017-04-30T13:07:41Z</time>
      </trkpt>
      <trkpt lat="46.463432" lon="22.684697">
        <ele>1622.021</ele>
        <time>2017-04-30T13:07:49Z</time>
      </trkpt>
      <trkpt lat="46.463335" lon="22.684715">
        <ele>1623.051</ele>
        <time>2017-04-30T13:07:59Z</time>
      </trkpt>
      <trkpt lat="46.463243" lon="22.684732">
        <ele>1623.052</ele>
        <time>2017-04-30T13:08:07Z</time>
      </trkpt>
      <trkpt lat="46.463139" lon="22.684757">
        <ele>1625.032</ele>
        <time>2017-04-30T13:08:16Z</time>
      </trkpt>
      <trkpt lat="46.463045" lon="22.684772">
        <ele>1627.024</ele>
        <time>2017-04-30T13:08:23Z</time>
      </trkpt>
      <trkpt lat="46.462946" lon="22.684777">
        <ele>1626.024</ele>
        <time>2017-04-30T13:08:31Z</time>
      </trkpt>
      <trkpt lat="46.462854" lon="22.684784">
        <ele>1626.028</ele>
        <time>2017-04-30T13:08:39Z</time>
      </trkpt>
      <trkpt lat="46.462755" lon="22.684794">
        <ele>1627.089</ele>
        <time>2017-04-30T13:08:48Z</time>
      </trkpt>
      <trkpt lat="46.462666" lon="22.684825">
        <ele>1628.017</ele>
        <time>2017-04-30T13:08:55Z</time>
      </trkpt>
      <trkpt lat="46.462567" lon="22.684862">
        <ele>1629.008</ele>
        <time>2017-04-30T13:09:03Z</time>
      </trkpt>
      <trkpt lat="46.462471" lon="22.684837">
        <ele>1629.073</ele>
        <time>2017-04-30T13:09:12Z</time>
      </trkpt>
      <trkpt lat="46.462380" lon="22.684848">
        <ele>1629.039</ele>
        <time>2017-04-30T13:09:21Z</time>
      </trkpt>
      <trkpt lat="46.462288" lon="22.684860">
        <ele>1628.037</ele>
        <time>2017-04-30T13:09:30Z</time>
      </trkpt>
      <trkpt lat="46.462187" lon="22.684871">
        <ele>1627.037</ele>
        <time>2017-04-30T13:09:38Z</time>
      </trkpt>
      <trkpt lat="46.462082" lon="22.684888">
        <ele>1626.068</ele>
        <time>2017-04-30T13:09:47Z</time>
      </trkpt>
      <trkpt lat="46.461980" lon="22.684911">
        <ele>1626.018</ele>
        <time>2017-04-30T13:09:56Z</time>
      </trkpt>
      <trkpt lat="46.461892" lon="22.684956">
        <ele>1625.070</ele>
        <time>2017-04-30T13:10:04Z</time>
      </trkpt>
      <trkpt lat="46.461798" lon="22.684984">
        <ele>1624.090</ele>
        <time>2017-04-30T13:10:12Z</time>
      </trkpt>
      <trkpt lat="46.461706" lon="22.685013">
        <ele>1624.023</ele>
        <time>2017-04-30T13:10:19Z</time>
      </trkpt>
      <trkpt lat="46.461614" lon="22.685023">
        <ele>1625.083</ele>
        <time>2017-04-30T13:10:28Z</time>
      </trkpt>
      <trkpt lat="46.461514" lon="22.685031">
        <ele>1625.011</ele>
        <time>2017-04-30T13:10:39Z</time>
      </trkpt>
      <trkpt lat="46.461422" lon="22.685038">
        <ele>1625.008</ele>
        <time>2017-04-30T13:10:48Z</time>
      </trkpt>
      <trkpt lat="46.461329" lon="22.685051">
        <ele>1626.023</ele>
        <time>2017-04-30T13:10:58Z</time>
      </trkpt>
      <trkpt lat="46.461237" lon="22.685106">
        <ele>1628.059</ele>
        <time>2017-04-30T13:11:07Z</time>
      </trkpt>
      <trkpt lat="46.461156" lon="22.685178">
        <ele>1627.097</ele>
        <time>2017-04-30T13:11:16Z</time>
      </trkpt>
      <trkpt lat="46.461068" lon="22.685214">
        <ele>1630.087</ele>
        <time>2017-04-30T13:11:26Z</time>
      </trkpt>
      <trkpt lat="46.460978" lon="22.685263">
        <ele>1631.038</ele>
        <time>2017-04-30T13:11:35Z</time>
      </trkpt>
      <trkpt lat="46.460887" lon="22.685285">
        <ele>1633.028</ele>
        <time>2017-04-30T13:11:46Z</time>
      </trkpt>
      <trkpt lat="46.460798" lon="22.685316">
        <ele>1635.070</ele>
        <time>2017-04-30T13:11:58Z</time>
      </trkpt>
      <trkpt lat="46.460708" lon="22.685355">
        <ele>1637.030</ele>
        <time>2017-04-30T13:12:11Z</time>
      </trkpt>
      <trkpt lat="46.460614" lon="22.685392">
        <ele>1640.051</ele>
        <time>2017-04-30T13:12:24Z</time>
      </trkpt>
      <trkpt lat="46.460528" lon="22.685441">
        <ele>1643.001</ele>
        <time>2017-04-30T13:12:37Z</time>
      </trkpt>
      <trkpt lat="46.460448" lon="22.685508">
        <ele>1646.011</ele>
        <time>2017-04-30T13:12:53Z</time>
      </trkpt>
      <trkpt lat="46.460356" lon="22.685570">
        <ele>1647.008</ele>
        <time>2017-04-30T13:17:28Z</time>
      </trkpt>
      <trkpt lat="46.460281" lon="22.685641">
        <ele>1646.056</ele>
        <time>2017-04-30T13:17:37Z</time>
      </trkpt>
      <trkpt lat="46.460203" lon="22.685715">
        <ele>1649.092</ele>
        <time>2017-04-30T13:17:47Z</time>
      </trkpt>
      <trkpt lat="46.460122" lon="22.685785">
        <ele>1650.030</ele>
        <time>2017-04-30T13:18:02Z</time>
      </trkpt>
      <trkpt lat="46.460041" lon="22.685846">
        <ele>1654.060</ele>
        <time>2017-04-30T13:18:15Z</time>
      </trkpt>
      <trkpt lat="46.459953" lon="22.685914">
        <ele>1654.021</ele>
        <time>2017-04-30T13:18:28Z</time>
      </trkpt>
      <trkpt lat="46.459867" lon="22.685973">
        <ele>1654.011</ele>
        <time>2017-04-30T13:18:42Z</time>
      </trkpt>
      <trkpt lat="46.459782" lon="22.686049">
        <ele>1656.083</ele>
        <time>2017-04-30T13:18:57Z</time>
      </trkpt>
      <trkpt lat="46.459697" lon="22.686096">
        <ele>1658.023</ele>
        <time>2017-04-30T13:19:10Z</time>
      </trkpt>
      <trkpt lat="46.459610" lon="22.686152">
        <ele>1657.023</ele>
        <time>2017-04-30T13:19:20Z</time>
      </trkpt>
      <trkpt lat="46.459525" lon="22.686198">
        <ele>1658.083</ele>
        <time>2017-04-30T13:19:33Z</time>
      </trkpt>
      <trkpt lat="46.459443" lon="22.686257">
        <ele>1659.011</ele>
        <time>2017-04-30T13:19:48Z</time>
      </trkpt>
      <trkpt lat="46.459353" lon="22.686289">
        <ele>1660.008</ele>
        <time>2017-04-30T13:20:00Z</time>
      </trkpt>
      <trkpt lat="46.459248" lon="22.686302">
        <ele>1660.033</ele>
        <time>2017-04-30T13:20:12Z</time>
      </trkpt>
      <trkpt lat="46.459155" lon="22.686346">
        <ele>1660.039</ele>
        <time>2017-04-30T13:20:23Z</time>
      </trkpt>
      <trkpt lat="46.459069" lon="22.686405">
        <ele>1658.017</ele>
        <time>2017-04-30T13:20:32Z</time>
      </trkpt>
      <trkpt lat="46.458979" lon="22.686461">
        <ele>1660.037</ele>
        <time>2017-04-30T13:20:41Z</time>
      </trkpt>
      <trkpt lat="46.458888" lon="22.686515">
        <ele>1660.018</ele>
        <time>2017-04-30T13:20:54Z</time>
      </trkpt>
      <trkpt lat="46.458800" lon="22.686576">
        <ele>1662.018</ele>
        <time>2017-04-30T13:21:07Z</time>
      </trkpt>
      <trkpt lat="46.458715" lon="22.686637">
        <ele>1665.020</ele>
        <time>2017-04-30T13:21:22Z</time>
      </trkpt>
      <trkpt lat="46.458632" lon="22.686687">
        <ele>1667.080</ele>
        <time>2017-04-30T13:21:39Z</time>
      </trkpt>
      <trkpt lat="46.458535" lon="22.686686">
        <ele>1670.042</ele>
        <time>2017-04-30T13:21:58Z</time>
      </trkpt>
      <trkpt lat="46.458453" lon="22.686743">
        <ele>1670.022</ele>
        <time>2017-04-30T13:22:09Z</time>
      </trkpt>
      <trkpt lat="46.458361" lon="22.686741">
        <ele>1673.014</ele>
        <time>2017-04-30T13:22:25Z</time>
      </trkpt>
      <trkpt lat="46.458270" lon="22.686782">
        <ele>1675.008</ele>
        <time>2017-04-30T13:22:41Z</time>
      </trkpt>
      <trkpt lat="46.458185" lon="22.686836">
        <ele>1675.095</ele>
        <time>2017-04-30T13:22:55Z</time>
      </trkpt>
      <trkpt lat="46.458106" lon="22.686900">
        <ele>1674.081</ele>
        <time>2017-04-30T13:23:06Z</time>
      </trkpt>
      <trkpt lat="46.458027" lon="22.686982">
        <ele>1675.029</ele>
        <time>2017-04-30T13:23:16Z</time>
      </trkpt>
      <trkpt lat="46.457946" lon="22.687045">
        <ele>1675.039</ele>
        <time>2017-04-30T13:24:29Z</time>
      </trkpt>
      <trkpt lat="46.457871" lon="22.687125">
        <ele>1674.050</ele>
        <time>2017-04-30T13:26:47Z</time>
      </trkpt>
      <trkpt lat="46.457798" lon="22.687209">
        <ele>1676.020</ele>
        <time>2017-04-30T13:26:57Z</time>
      </trkpt>
      <trkpt lat="46.457719" lon="22.687280">
        <ele>1675.062</ele>
        <time>2017-04-30T13:27:06Z</time>
      </trkpt>
      <trkpt lat="46.457649" lon="22.687369">
        <ele>1676.082</ele>
        <time>2017-04-30T13:27:16Z</time>
      </trkpt>
      <trkpt lat="46.457567" lon="22.687445">
        <ele>1677.022</ele>
        <time>2017-04-30T13:27:26Z</time>
      </trkpt>
      <trkpt lat="46.457495" lon="22.687528">
        <ele>1677.062</ele>
        <time>2017-04-30T13:27:36Z</time>
      </trkpt>
      <trkpt lat="46.457418" lon="22.687605">
        <ele>1677.008</ele>
        <time>2017-04-30T13:27:45Z</time>
      </trkpt>
      <trkpt lat="46.457338" lon="22.687674">
        <ele>1676.008</ele>
        <time>2017-04-30T13:27:57Z</time>
      </trkpt>
      <trkpt lat="46.457254" lon="22.687737">
        <ele>1677.043</ele>
        <time>2017-04-30T13:28:08Z</time>
      </trkpt>
      <trkpt lat="46.457175" lon="22.687805">
        <ele>1678.099</ele>
        <time>2017-04-30T13:28:18Z</time>
      </trkpt>
      <trkpt lat="46.457107" lon="22.687895">
        <ele>1678.087</ele>
        <time>2017-04-30T13:28:29Z</time>
      </trkpt>
      <trkpt lat="46.457090" lon="22.688036">
        <ele>1676.097</ele>
        <time>2017-04-30T13:28:40Z</time>
      </trkpt>
      <trkpt lat="46.457032" lon="22.688152">
        <ele>1677.028</ele>
        <time>2017-04-30T13:28:49Z</time>
      </trkpt>
      <trkpt lat="46.456970" lon="22.688250">
        <ele>1679.068</ele>
        <time>2017-04-30T13:28:59Z</time>
      </trkpt>
      <trkpt lat="46.456905" lon="22.688364">
        <ele>1682.010</ele>
        <time>2017-04-30T13:29:12Z</time>
      </trkpt>
      <trkpt lat="46.456843" lon="22.688485">
        <ele>1685.040</ele>
        <time>2017-04-30T13:29:22Z</time>
      </trkpt>
      <trkpt lat="46.456791" lon="22.688600">
        <ele>1687.064</ele>
        <time>2017-04-30T13:29:36Z</time>
      </trkpt>
      <trkpt lat="46.456711" lon="22.688660">
        <ele>1687.006</ele>
        <time>2017-04-30T13:30:05Z</time>
      </trkpt>
      <trkpt lat="46.456650" lon="22.688756">
        <ele>1688.016</ele>
        <time>2017-04-30T13:30:20Z</time>
      </trkpt>
      <trkpt lat="46.456600" lon="22.688866">
        <ele>1687.008</ele>
        <time>2017-04-30T13:30:33Z</time>
      </trkpt>
      <trkpt lat="46.456536" lon="22.688974">
        <ele>1692.047</ele>
        <time>2017-04-30T13:30:46Z</time>
      </trkpt>
      <trkpt lat="46.456462" lon="22.689050">
        <ele>1693.013</ele>
        <time>2017-04-30T13:31:01Z</time>
      </trkpt>
      <trkpt lat="46.456387" lon="22.689126">
        <ele>1694.081</ele>
        <time>2017-04-30T13:31:19Z</time>
      </trkpt>
      <trkpt lat="46.456328" lon="22.689228">
        <ele>1698.031</ele>
        <time>2017-04-30T13:31:35Z</time>
      </trkpt>
      <trkpt lat="46.456254" lon="22.689307">
        <ele>1703.092</ele>
        <time>2017-04-30T13:31:58Z</time>
      </trkpt>
      <trkpt lat="46.456196" lon="22.689410">
        <ele>1704.072</ele>
        <time>2017-04-30T13:32:08Z</time>
      </trkpt>
      <trkpt lat="46.456126" lon="22.689498">
        <ele>1708.074</ele>
        <time>2017-04-30T13:32:21Z</time>
      </trkpt>
      <trkpt lat="46.456053" lon="22.689585">
        <ele>1711.014</ele>
        <time>2017-04-30T13:32:38Z</time>
      </trkpt>
      <trkpt lat="46.455991" lon="22.689689">
        <ele>1711.069</ele>
        <time>2017-04-30T13:32:54Z</time>
      </trkpt>
      <trkpt lat="46.455937" lon="22.689799">
        <ele>1711.004</ele>
        <time>2017-04-30T13:33:09Z</time>
      </trkpt>
      <trkpt lat="46.455875" lon="22.689894">
        <ele>1712.024</ele>
        <time>2017-04-30T13:33:29Z</time>
      </trkpt>
      <trkpt lat="46.455808" lon="22.690001">
        <ele>1715.008</ele>
        <time>2017-04-30T13:33:59Z</time>
      </trkpt>
      <trkpt lat="46.455749" lon="22.690102">
        <ele>1716.017</ele>
        <time>2017-04-30T13:34:18Z</time>
      </trkpt>
      <trkpt lat="46.455703" lon="22.690220">
        <ele>1718.083</ele>
        <time>2017-04-30T13:34:32Z</time>
      </trkpt>
      <trkpt lat="46.455658" lon="22.690341">
        <ele>1723.031</ele>
        <time>2017-04-30T13:36:04Z</time>
      </trkpt>
      <trkpt lat="46.455622" lon="22.690461">
        <ele>1721.061</ele>
        <time>2017-04-30T13:36:13Z</time>
      </trkpt>
      <trkpt lat="46.455553" lon="22.690549">
        <ele>1724.072</ele>
        <time>2017-04-30T13:36:30Z</time>
      </trkpt>
      <trkpt lat="46.455482" lon="22.690646">
        <ele>1724.042</ele>
        <time>2017-04-30T13:36:50Z</time>
      </trkpt>
      <trkpt lat="46.455405" lon="22.690725">
        <ele>1727.024</ele>
        <time>2017-04-30T13:37:06Z</time>
      </trkpt>
      <trkpt lat="46.455322" lon="22.690782">
        <ele>1728.014</ele>
        <time>2017-04-30T13:37:22Z</time>
      </trkpt>
      <trkpt lat="46.455252" lon="22.690865">
        <ele>1730.032</ele>
        <time>2017-04-30T13:37:43Z</time>
      </trkpt>
      <trkpt lat="46.455173" lon="22.690952">
        <ele>1734.092</ele>
        <time>2017-04-30T13:38:07Z</time>
      </trkpt>
      <trkpt lat="46.455100" lon="22.691028">
        <ele>1736.011</ele>
        <time>2017-04-30T13:38:24Z</time>
      </trkpt>
      <trkpt lat="46.455024" lon="22.691105">
        <ele>1737.008</ele>
        <time>2017-04-30T13:38:43Z</time>
      </trkpt>
      <trkpt lat="46.454950" lon="22.691183">
        <ele>1740.064</ele>
        <time>2017-04-30T13:39:01Z</time>
      </trkpt>
      <trkpt lat="46.454880" lon="22.691273">
        <ele>1741.010</ele>
        <time>2017-04-30T13:39:15Z</time>
      </trkpt>
      <trkpt lat="46.454798" lon="22.691338">
        <ele>1742.048</ele>
        <time>2017-04-30T13:39:32Z</time>
      </trkpt>
      <trkpt lat="46.454713" lon="22.691400">
        <ele>1741.028</ele>
        <time>2017-04-30T13:39:45Z</time>
      </trkpt>
      <trkpt lat="46.454636" lon="22.691470">
        <ele>1748.099</ele>
        <time>2017-04-30T13:39:59Z</time>
      </trkpt>
      <trkpt lat="46.454570" lon="22.691566">
        <ele>1754.019</ele>
        <time>2017-04-30T13:40:10Z</time>
      </trkpt>
      <trkpt lat="46.454498" lon="22.691655">
        <ele>1756.031</ele>
        <time>2017-04-30T13:40:23Z</time>
      </trkpt>
      <trkpt lat="46.454428" lon="22.691738">
        <ele>1757.031</ele>
        <time>2017-04-30T13:40:39Z</time>
      </trkpt>
      <trkpt lat="46.454356" lon="22.691822">
        <ele>1758.017</ele>
        <time>2017-04-30T13:40:49Z</time>
      </trkpt>
      <trkpt lat="46.454268" lon="22.691868">
        <ele>1759.087</ele>
        <time>2017-04-30T13:41:01Z</time>
      </trkpt>
      <trkpt lat="46.454187" lon="22.691930">
        <ele>1758.015</ele>
        <time>2017-04-30T13:46:16Z</time>
      </trkpt>
      <trkpt lat="46.454099" lon="22.691980">
        <ele>1758.008</ele>
        <time>2017-04-30T13:53:17Z</time>
      </trkpt>
      <trkpt lat="46.454014" lon="22.692037">
        <ele>1758.052</ele>
        <time>2017-04-30T13:53:26Z</time>
      </trkpt>
      <trkpt lat="46.453924" lon="22.692101">
        <ele>1759.068</ele>
        <time>2017-04-30T13:53:37Z</time>
      </trkpt>
      <trkpt lat="46.453844" lon="22.692170">
        <ele>1759.096</ele>
        <time>2017-04-30T13:53:47Z</time>
      </trkpt>
      <trkpt lat="46.453754" lon="22.692231">
        <ele>1758.086</ele>
        <time>2017-04-30T13:53:56Z</time>
      </trkpt>
      <trkpt lat="46.453673" lon="22.692308">
        <ele>1760.077</ele>
        <time>2017-04-30T13:54:10Z</time>
      </trkpt>
      <trkpt lat="46.453584" lon="22.692363">
        <ele>1760.057</ele>
        <time>2017-04-30T13:54:19Z</time>
      </trkpt>
      <trkpt lat="46.453489" lon="22.692426">
        <ele>1762.019</ele>
        <time>2017-04-30T13:54:27Z</time>
      </trkpt>
      <trkpt lat="46.453404" lon="22.692478">
        <ele>1762.019</ele>
        <time>2017-04-30T13:54:35Z</time>
      </trkpt>
      <trkpt lat="46.453319" lon="22.692531">
        <ele>1762.045</ele>
        <time>2017-04-30T13:54:43Z</time>
      </trkpt>
      <trkpt lat="46.453220" lon="22.692550">
        <ele>1762.047</ele>
        <time>2017-04-30T13:54:52Z</time>
      </trkpt>
      <trkpt lat="46.453131" lon="22.692583">
        <ele>1762.011</ele>
        <time>2017-04-30T13:55:01Z</time>
      </trkpt>
      <trkpt lat="46.453034" lon="22.692595">
        <ele>1762.008</ele>
        <time>2017-04-30T13:55:10Z</time>
      </trkpt>
      <trkpt lat="46.452937" lon="22.692583">
        <ele>1763.045</ele>
        <time>2017-04-30T13:55:18Z</time>
      </trkpt>
      <trkpt lat="46.452845" lon="22.692584">
        <ele>1765.091</ele>
        <time>2017-04-30T13:55:28Z</time>
      </trkpt>
      <trkpt lat="46.452754" lon="22.692594">
        <ele>1767.079</ele>
        <time>2017-04-30T13:56:01Z</time>
      </trkpt>
      <trkpt lat="46.452656" lon="22.692610">
        <ele>1769.099</ele>
        <time>2017-04-30T13:56:09Z</time>
      </trkpt>
      <trkpt lat="46.452556" lon="22.692612">
        <ele>1769.040</ele>
        <time>2017-04-30T13:56:21Z</time>
      </trkpt>
      <trkpt lat="46.452464" lon="22.692624">
        <ele>1771.010</ele>
        <time>2017-04-30T13:56:30Z</time>
      </trkpt>
      <trkpt lat="46.452363" lon="22.692648">
        <ele>1770.052</ele>
        <time>2017-04-30T13:56:37Z</time>
      </trkpt>
      <trkpt lat="46.452270" lon="22.692688">
        <ele>1770.022</ele>
        <time>2017-04-30T13:56:44Z</time>
      </trkpt>
      <trkpt lat="46.452174" lon="22.692706">
        <ele>1769.095</ele>
        <time>2017-04-30T13:56:53Z</time>
      </trkpt>
      <trkpt lat="46.452083" lon="22.692752">
        <ele>1769.049</ele>
        <time>2017-04-30T13:57:01Z</time>
      </trkpt>
      <trkpt lat="46.451983" lon="22.692758">
        <ele>1771.023</ele>
        <time>2017-04-30T13:57:11Z</time>
      </trkpt>
      <trkpt lat="46.451892" lon="22.692779">
        <ele>1772.008</ele>
        <time>2017-04-30T13:57:21Z</time>
      </trkpt>
      <trkpt lat="46.451796" lon="22.692780">
        <ele>1772.070</ele>
        <time>2017-04-30T13:57:31Z</time>
      </trkpt>
      <trkpt lat="46.451740" lon="22.692663">
        <ele>1774.096</ele>
        <time>2017-04-30T13:57:42Z</time>
      </trkpt>
      <trkpt lat="46.451667" lon="22.692564">
        <ele>1775.054</ele>
        <time>2017-04-30T13:57:52Z</time>
      </trkpt>
      <trkpt lat="46.451582" lon="22.692510">
        <ele>1774.074</ele>
        <time>2017-04-30T13:58:03Z</time>
      </trkpt>
      <trkpt lat="46.451492" lon="22.692456">
        <ele>1775.095</ele>
        <time>2017-04-30T13:58:13Z</time>
      </trkpt>
      <trkpt lat="46.451392" lon="22.692404">
        <ele>1775.025</ele>
        <time>2017-04-30T13:58:24Z</time>
      </trkpt>
      <trkpt lat="46.451309" lon="22.692335">
        <ele>1777.087</ele>
        <time>2017-04-30T13:58:36Z</time>
      </trkpt>
      <trkpt lat="46.451215" lon="22.692305">
        <ele>1779.027</ele>
        <time>2017-04-30T13:58:53Z</time>
      </trkpt>
      <trkpt lat="46.451131" lon="22.692233">
        <ele>1781.085</ele>
        <time>2017-04-30T13:59:11Z</time>
      </trkpt>
      <trkpt lat="46.451051" lon="22.692169">
        <ele>1784.089</ele>
        <time>2017-04-30T13:59:33Z</time>
      </trkpt>
      <trkpt lat="46.450976" lon="22.692089">
        <ele>1786.017</ele>
        <time>2017-04-30T13:59:49Z</time>
      </trkpt>
      <trkpt lat="46.450932" lon="22.691975">
        <ele>1790.008</ele>
        <time>2017-04-30T14:00:11Z</time>
      </trkpt>
      <trkpt lat="46.450849" lon="22.691912">
        <ele>1794.029</ele>
        <time>2017-04-30T14:00:40Z</time>
      </trkpt>
      <trkpt lat="46.450763" lon="22.691873">
        <ele>1796.095</ele>
        <time>2017-04-30T14:00:53Z</time>
      </trkpt>
      <trkpt lat="46.450673" lon="22.691832">
        <ele>1796.053</ele>
        <time>2017-04-30T14:01:04Z</time>
      </trkpt>
      <trkpt lat="46.450584" lon="22.691784">
        <ele>1797.063</ele>
        <time>2017-04-30T14:01:16Z</time>
      </trkpt>
      <trkpt lat="46.450511" lon="22.691697">
        <ele>1799.024</ele>
        <time>2017-04-30T14:01:27Z</time>
      </trkpt>
      <trkpt lat="46.450425" lon="22.691655">
        <ele>1801.024</ele>
        <time>2017-04-30T14:01:41Z</time>
      </trkpt>
      <trkpt lat="46.450326" lon="22.691639">
        <ele>1800.056</ele>
        <time>2017-04-30T14:02:01Z</time>
      </trkpt>
      <trkpt lat="46.450234" lon="22.691614">
        <ele>1801.076</ele>
        <time>2017-04-30T14:02:10Z</time>
      </trkpt>
      <trkpt lat="46.450141" lon="22.691615">
        <ele>1802.069</ele>
        <time>2017-04-30T14:02:21Z</time>
      </trkpt>
      <trkpt lat="46.450047" lon="22.691625">
        <ele>1803.004</ele>
        <time>2017-04-30T14:02:31Z</time>
      </trkpt>
      <trkpt lat="46.449956" lon="22.691592">
        <ele>1804.024</ele>
        <time>2017-04-30T14:02:41Z</time>
      </trkpt>
      <trkpt lat="46.449863" lon="22.691545">
        <ele>1805.008</ele>
        <time>2017-04-30T14:02:51Z</time>
      </trkpt>
      <trkpt lat="46.449768" lon="22.691531">
        <ele>1805.027</ele>
        <time>2017-04-30T14:03:02Z</time>
      </trkpt>
      <trkpt lat="46.449680" lon="22.691482">
        <ele>1806.043</ele>
        <time>2017-04-30T14:03:12Z</time>
      </trkpt>
      <trkpt lat="46.449586" lon="22.691473">
        <ele>1808.071</ele>
        <time>2017-04-30T14:03:25Z</time>
      </trkpt>
      <trkpt lat="46.449495" lon="22.691487">
        <ele>1809.011</ele>
        <time>2017-04-30T14:03:38Z</time>
      </trkpt>
      <trkpt lat="46.449402" lon="22.691483">
        <ele>1810.072</ele>
        <time>2017-04-30T14:03:50Z</time>
      </trkpt>
      <trkpt lat="46.449312" lon="22.691447">
        <ele>1811.092</ele>
        <time>2017-04-30T14:04:20Z</time>
      </trkpt>
      <trkpt lat="46.449215" lon="22.691410">
        <ele>1813.074</ele>
        <time>2017-04-30T14:04:31Z</time>
      </trkpt>
      <trkpt lat="46.449132" lon="22.691342">
        <ele>1814.024</ele>
        <time>2017-04-30T14:04:41Z</time>
      </trkpt>
      <trkpt lat="46.449043" lon="22.691285">
        <ele>1816.098</ele>
        <time>2017-04-30T14:04:52Z</time>
      </trkpt>
      <trkpt lat="46.448954" lon="22.691263">
        <ele>1816.015</ele>
        <time>2017-04-30T14:05:03Z</time>
      </trkpt>
      <trkpt lat="46.448867" lon="22.691218">
        <ele>1816.026</ele>
        <time>2017-04-30T14:05:14Z</time>
      </trkpt>
      <trkpt lat="46.448778" lon="22.691196">
        <ele>1815.008</ele>
        <time>2017-04-30T14:05:24Z</time>
      </trkpt>
      <trkpt lat="46.448690" lon="22.691156">
        <ele>1815.040</ele>
        <time>2017-04-30T14:05:39Z</time>
      </trkpt>
      <trkpt lat="46.448610" lon="22.691091">
        <ele>1813.016</ele>
        <time>2017-04-30T14:06:16Z</time>
      </trkpt>
      <trkpt lat="46.448524" lon="22.691010">
        <ele>1810.094</ele>
        <time>2017-04-30T14:06:27Z</time>
      </trkpt>
      <trkpt lat="46.448446" lon="22.690945">
        <ele>1810.044</ele>
        <time>2017-04-30T14:06:35Z</time>
      </trkpt>
      <trkpt lat="46.448363" lon="22.690873">
        <ele>1809.095</ele>
        <time>2017-04-30T14:06:45Z</time>
      </trkpt>
      <trkpt lat="46.448277" lon="22.690826">
        <ele>1810.095</ele>
        <time>2017-04-30T14:09:16Z</time>
      </trkpt>
      <trkpt lat="46.448207" lon="22.690717">
        <ele>1811.017</ele>
        <time>2017-04-30T14:09:27Z</time>
      </trkpt>
      <trkpt lat="46.448130" lon="22.690645">
        <ele>1811.047</ele>
        <time>2017-04-30T14:09:38Z</time>
      </trkpt>
      <trkpt lat="46.448062" lon="22.690548">
        <ele>1814.058</ele>
        <time>2017-04-30T14:09:52Z</time>
      </trkpt>
      <trkpt lat="46.447999" lon="22.690448">
        <ele>1816.052</ele>
        <time>2017-04-30T14:10:16Z</time>
      </trkpt>
      <trkpt lat="46.447912" lon="22.690394">
        <ele>1816.017</ele>
        <time>2017-04-30T14:10:24Z</time>
      </trkpt>
      <trkpt lat="46.447815" lon="22.690381">
        <ele>1815.008</ele>
        <time>2017-04-30T14:10:33Z</time>
      </trkpt>
      <trkpt lat="46.447724" lon="22.690344">
        <ele>1815.036</ele>
        <time>2017-04-30T14:10:43Z</time>
      </trkpt>
      <trkpt lat="46.447634" lon="22.690293">
        <ele>1814.082</ele>
        <time>2017-04-30T14:10:57Z</time>
      </trkpt>
      <trkpt lat="46.447553" lon="22.690229">
        <ele>1815.080</ele>
        <time>2017-04-30T14:11:17Z</time>
      </trkpt>
      <trkpt lat="46.447468" lon="22.690165">
        <ele>1811.030</ele>
        <time>2017-04-30T14:12:44Z</time>
      </trkpt>
      <trkpt lat="46.447389" lon="22.690101">
        <ele>1808.041</ele>
        <time>2017-04-30T14:12:54Z</time>
      </trkpt>
      <trkpt lat="46.447300" lon="22.690074">
        <ele>1806.041</ele>
        <time>2017-04-30T14:13:08Z</time>
      </trkpt>
      <trkpt lat="46.447205" lon="22.690071">
        <ele>1803.013</ele>
        <time>2017-04-30T14:13:52Z</time>
      </trkpt>
      <trkpt lat="46.447117" lon="22.690018">
        <ele>1799.073</ele>
        <time>2017-04-30T14:14:11Z</time>
      </trkpt>
      <trkpt lat="46.447025" lon="22.690003">
        <ele>1798.045</ele>
        <time>2017-04-30T14:14:23Z</time>
      </trkpt>
      <trkpt lat="46.446930" lon="22.689992">
        <ele>1796.047</ele>
        <time>2017-04-30T14:14:34Z</time>
      </trkpt>
      <trkpt lat="46.446842" lon="22.689955">
        <ele>1795.011</ele>
        <time>2017-04-30T14:14:44Z</time>
      </trkpt>
      <trkpt lat="46.446748" lon="22.689942">
        <ele>1793.008</ele>
        <time>2017-04-30T14:14:54Z</time>
      </trkpt>
      <trkpt lat="46.446649" lon="22.689919">
        <ele>1791.075</ele>
        <time>2017-04-30T14:15:03Z</time>
      </trkpt>
      <trkpt lat="46.446575" lon="22.689844">
        <ele>1791.011</ele>
        <time>2017-04-30T14:15:16Z</time>
      </trkpt>
      <trkpt lat="46.446484" lon="22.689836">
        <ele>1791.049</ele>
        <time>2017-04-30T14:15:26Z</time>
      </trkpt>
      <trkpt lat="46.446396" lon="22.689783">
        <ele>1788.079</ele>
        <time>2017-04-30T14:16:29Z</time>
      </trkpt>
      <trkpt lat="46.446307" lon="22.689722">
        <ele>1787.060</ele>
        <time>2017-04-30T14:16:37Z</time>
      </trkpt>
      <trkpt lat="46.446206" lon="22.689708">
        <ele>1787.040</ele>
        <time>2017-04-30T14:16:45Z</time>
      </trkpt>
      <trkpt lat="46.446112" lon="22.689658">
        <ele>1785.072</ele>
        <time>2017-04-30T14:16:53Z</time>
      </trkpt>
      <trkpt lat="46.446014" lon="22.689612">
        <ele>1785.032</ele>
        <time>2017-04-30T14:17:00Z</time>
      </trkpt>
      <trkpt lat="46.445919" lon="22.689576">
        <ele>1784.076</ele>
        <time>2017-04-30T14:17:07Z</time>
      </trkpt>
      <trkpt lat="46.445817" lon="22.689555">
        <ele>1782.090</ele>
        <time>2017-04-30T14:17:16Z</time>
      </trkpt>
      <trkpt lat="46.445734" lon="22.689499">
        <ele>1781.019</ele>
        <time>2017-04-30T14:17:23Z</time>
      </trkpt>
      <trkpt lat="46.445639" lon="22.689459">
        <ele>1779.008</ele>
        <time>2017-04-30T14:17:32Z</time>
      </trkpt>
      <trkpt lat="46.445564" lon="22.689379">
        <ele>1780.068</ele>
        <time>2017-04-30T14:17:39Z</time>
      </trkpt>
      <trkpt lat="46.445479" lon="22.689321">
        <ele>1779.094</ele>
        <time>2017-04-30T14:17:47Z</time>
      </trkpt>
      <trkpt lat="46.445383" lon="22.689285">
        <ele>1779.062</ele>
        <time>2017-04-30T14:17:55Z</time>
      </trkpt>
      <trkpt lat="46.445293" lon="22.689269">
        <ele>1782.072</ele>
        <time>2017-04-30T14:18:05Z</time>
      </trkpt>
      <trkpt lat="46.445200" lon="22.689212">
        <ele>1781.013</ele>
        <time>2017-04-30T14:18:14Z</time>
      </trkpt>
      <trkpt lat="46.445118" lon="22.689156">
        <ele>1780.033</ele>
        <time>2017-04-30T14:18:22Z</time>
      </trkpt>
      <trkpt lat="46.445029" lon="22.689137">
        <ele>1781.095</ele>
        <time>2017-04-30T14:18:31Z</time>
      </trkpt>
      <trkpt lat="46.444932" lon="22.689136">
        <ele>1783.035</ele>
        <time>2017-04-30T14:18:42Z</time>
      </trkpt>
      <trkpt lat="46.444838" lon="22.689107">
        <ele>1784.057</ele>
        <time>2017-04-30T14:18:52Z</time>
      </trkpt>
      <trkpt lat="46.444737" lon="22.689079">
        <ele>1784.000</ele>
        <time>2017-04-30T14:19:02Z</time>
      </trkpt>
      <trkpt lat="46.444643" lon="22.689076">
        <ele>1786.020</ele>
        <time>2017-04-30T14:19:13Z</time>
      </trkpt>
      <trkpt lat="46.444554" lon="22.689042">
        <ele>1787.008</ele>
        <time>2017-04-30T14:19:26Z</time>
      </trkpt>
      <trkpt lat="46.444476" lon="22.688965">
        <ele>1791.016</ele>
        <time>2017-04-30T14:19:42Z</time>
      </trkpt>
      <trkpt lat="46.444395" lon="22.688910">
        <ele>1792.022</ele>
        <time>2017-04-30T14:19:57Z</time>
      </trkpt>
      <trkpt lat="46.444307" lon="22.688863">
        <ele>1793.010</ele>
        <time>2017-04-30T14:20:10Z</time>
      </trkpt>
      <trkpt lat="46.444212" lon="22.688849">
        <ele>1795.090</ele>
        <time>2017-04-30T14:20:24Z</time>
      </trkpt>
      <trkpt lat="46.444127" lon="22.688803">
        <ele>1799.011</ele>
        <time>2017-04-30T14:21:05Z</time>
      </trkpt>
      <trkpt lat="46.444047" lon="22.688738">
        <ele>1803.021</ele>
        <time>2017-04-30T14:21:18Z</time>
      </trkpt>
      <trkpt lat="46.443948" lon="22.688737">
        <ele>1806.033</ele>
        <time>2017-04-30T14:21:34Z</time>
      </trkpt>
      <trkpt lat="46.443859" lon="22.688792">
        <ele>1808.033</ele>
        <time>2017-04-30T14:21:51Z</time>
      </trkpt>
      <trkpt lat="46.443769" lon="22.688760">
        <ele>1810.045</ele>
        <time>2017-04-30T14:22:07Z</time>
      </trkpt>
      <trkpt lat="46.443678" lon="22.688725">
        <ele>1814.047</ele>
        <time>2017-04-30T14:22:26Z</time>
      </trkpt>
      <trkpt lat="46.443589" lon="22.688701">
        <ele>1816.011</ele>
        <time>2017-04-30T14:22:46Z</time>
      </trkpt>
      <trkpt lat="46.443504" lon="22.688636">
        <ele>1817.008</ele>
        <time>2017-04-30T14:23:03Z</time>
      </trkpt>
      <trkpt lat="46.443430" lon="22.688555">
        <ele>1819.015</ele>
        <time>2017-04-30T14:23:18Z</time>
      </trkpt>
      <trkpt lat="46.443355" lon="22.688477">
        <ele>1822.011</ele>
        <time>2017-04-30T14:23:33Z</time>
      </trkpt>
      <trkpt lat="46.443318" lon="22.688358">
        <ele>1824.029</ele>
        <time>2017-04-30T14:23:47Z</time>
      </trkpt>
      <trkpt lat="46.443235" lon="22.688293">
        <ele>1828.019</ele>
        <time>2017-04-30T14:24:31Z</time>
      </trkpt>
      <trkpt lat="46.443155" lon="22.688235">
        <ele>1831.050</ele>
        <time>2017-04-30T14:24:46Z</time>
      </trkpt>
      <trkpt lat="46.443074" lon="22.688177">
        <ele>1832.010</ele>
        <time>2017-04-30T14:24:59Z</time>
      </trkpt>
      <trkpt lat="46.442994" lon="22.688093">
        <ele>1835.062</ele>
        <time>2017-04-30T14:25:14Z</time>
      </trkpt>
      <trkpt lat="46.442919" lon="22.688019">
        <ele>1838.042</ele>
        <time>2017-04-30T14:25:29Z</time>
      </trkpt>
      <trkpt lat="46.442827" lon="22.688025">
        <ele>1840.024</ele>
        <time>2017-04-30T14:25:46Z</time>
      </trkpt>
      <trkpt lat="46.442738" lon="22.688047">
        <ele>1845.004</ele>
        <time>2017-04-30T14:26:27Z</time>
      </trkpt>
      <trkpt lat="46.442645" lon="22.688060">
        <ele>1850.014</ele>
        <time>2017-04-30T14:27:21Z</time>
      </trkpt>
      <trkpt lat="46.442560" lon="22.688125">
        <ele>1851.008</ele>
        <time>2017-04-30T14:27:45Z</time>
      </trkpt>
      <trkpt lat="46.442474" lon="22.688188">
        <ele>1854.013</ele>
        <time>2017-04-30T14:28:02Z</time>
      </trkpt>
      <trkpt lat="46.442382" lon="22.688202">
        <ele>1855.079</ele>
        <time>2017-04-30T14:28:15Z</time>
      </trkpt>
      <trkpt lat="46.442298" lon="22.688263">
        <ele>1855.077</ele>
        <time>2017-04-30T14:28:28Z</time>
      </trkpt>
      <trkpt lat="46.442212" lon="22.688311">
        <ele>1855.037</ele>
        <time>2017-04-30T14:28:40Z</time>
      </trkpt>
      <trkpt lat="46.442119" lon="22.688321">
        <ele>1859.078</ele>
        <time>2017-04-30T14:29:03Z</time>
      </trkpt>
      <trkpt lat="46.442025" lon="22.688307">
        <ele>1862.018</ele>
        <time>2017-04-30T14:29:42Z</time>
      </trkpt>
      <trkpt lat="46.441933" lon="22.688307">
        <ele>1867.060</ele>
        <time>2017-04-30T14:29:57Z</time>
      </trkpt>
      <trkpt lat="46.441840" lon="22.688326">
        <ele>1866.050</ele>
        <time>2017-04-30T14:30:12Z</time>
      </trkpt>
      <trkpt lat="46.441752" lon="22.688381">
        <ele>1870.025</ele>
        <time>2017-04-30T14:30:28Z</time>
      </trkpt>
      <trkpt lat="46.441662" lon="22.688389">
        <ele>1874.026</ele>
        <time>2017-04-30T14:30:44Z</time>
      </trkpt>
      <trkpt lat="46.441574" lon="22.688444">
        <ele>1878.008</ele>
        <time>2017-04-30T14:30:57Z</time>
      </trkpt>
      <trkpt lat="46.441490" lon="22.688384">
        <ele>1881.008</ele>
        <time>2017-04-30T14:31:28Z</time>
      </trkpt>
      <trkpt lat="46.441406" lon="22.688456">
        <ele>1881.023</ele>
        <time>2017-04-30T14:31:39Z</time>
      </trkpt>
      <trkpt lat="46.441313" lon="22.688483">
        <ele>1881.039</ele>
        <time>2017-04-30T14:31:51Z</time>
      </trkpt>
      <trkpt lat="46.441245" lon="22.688570">
        <ele>1886.047</ele>
        <time>2017-04-30T14:32:06Z</time>
      </trkpt>
      <trkpt lat="46.441168" lon="22.688641">
        <ele>1887.097</ele>
        <time>2017-04-30T14:32:23Z</time>
      </trkpt>
      <trkpt lat="46.441078" lon="22.688680">
        <ele>1889.098</ele>
        <time>2017-04-30T14:32:37Z</time>
      </trkpt>
      <trkpt lat="46.440986" lon="22.688702">
        <ele>1891.058</ele>
        <time>2017-04-30T14:32:49Z</time>
      </trkpt>
      <trkpt lat="46.440898" lon="22.688749">
        <ele>1891.050</ele>
        <time>2017-04-30T14:33:01Z</time>
      </trkpt>
      <trkpt lat="46.440851" lon="22.688862">
        <ele>1892.020</ele>
        <time>2017-04-30T14:33:17Z</time>
      </trkpt>
      <trkpt lat="46.440856" lon="22.688726">
        <ele>1889.097</ele>
        <time>2017-04-30T14:36:58Z</time>
      </trkpt>
      <trkpt lat="46.440805" lon="22.688834">
        <ele>1891.023</ele>
        <time>2017-04-30T14:38:06Z</time>
      </trkpt>
      <trkpt lat="46.440770" lon="22.688958">
        <ele>1893.025</ele>
        <time>2017-04-30T14:38:16Z</time>
      </trkpt>
      <trkpt lat="46.440855" lon="22.688910">
        <ele>1891.008</ele>
        <time>2017-04-30T14:39:23Z</time>
      </trkpt>
      <trkpt lat="46.440793" lon="22.688815">
        <ele>1892.050</ele>
        <time>2017-04-30T14:57:32Z</time>
      </trkpt>
      <trkpt lat="46.440759" lon="22.688941">
        <ele>1892.076</ele>
        <time>2017-04-30T14:57:42Z</time>
      </trkpt>
      <trkpt lat="46.440700" lon="22.689045">
        <ele>1894.094</ele>
        <time>2017-04-30T14:57:52Z</time>
      </trkpt>
      <trkpt lat="46.440654" lon="22.688930">
        <ele>1890.094</ele>
        <time>2017-04-30T14:58:31Z</time>
      </trkpt>
      <trkpt lat="46.440692" lon="22.689048">
        <ele>1890.055</ele>
        <time>2017-04-30T15:09:24Z</time>
      </trkpt>
      <trkpt lat="46.440688" lon="22.688909">
        <ele>1891.065</ele>
        <time>2017-04-30T15:17:06Z</time>
      </trkpt>
      <trkpt lat="46.440691" lon="22.689047">
        <ele>1892.067</ele>
        <time>2017-04-30T15:35:08Z</time>
      </trkpt>
      <trkpt lat="46.440708" lon="22.689183">
        <ele>1890.057</ele>
        <time>2017-04-30T15:35:22Z</time>
      </trkpt>
      <trkpt lat="46.440649" lon="22.689289">
        <ele>1888.056</ele>
        <time>2017-04-30T15:35:35Z</time>
      </trkpt>
      <trkpt lat="46.440582" lon="22.689377">
        <ele>1888.059</ele>
        <time>2017-04-30T15:35:49Z</time>
      </trkpt>
      <trkpt lat="46.440527" lon="22.689487">
        <ele>1883.014</ele>
        <time>2017-04-30T15:35:57Z</time>
      </trkpt>
      <trkpt lat="46.440449" lon="22.689552">
        <ele>1880.008</ele>
        <time>2017-04-30T15:36:06Z</time>
      </trkpt>
      <trkpt lat="46.440374" lon="22.689647">
        <ele>1878.066</ele>
        <time>2017-04-30T15:36:14Z</time>
      </trkpt>
      <trkpt lat="46.440295" lon="22.689709">
        <ele>1877.072</ele>
        <time>2017-04-30T15:36:23Z</time>
      </trkpt>
      <trkpt lat="46.440207" lon="22.689776">
        <ele>1875.030</ele>
        <time>2017-04-30T15:36:30Z</time>
      </trkpt>
      <trkpt lat="46.440120" lon="22.689823">
        <ele>1878.040</ele>
        <time>2017-04-30T15:36:38Z</time>
      </trkpt>
      <trkpt lat="46.440038" lon="22.689880">
        <ele>1880.071</ele>
        <time>2017-04-30T15:36:46Z</time>
      </trkpt>
      <trkpt lat="46.439951" lon="22.689919">
        <ele>1879.071</ele>
        <time>2017-04-30T15:36:54Z</time>
      </trkpt>
      <trkpt lat="46.439857" lon="22.689964">
        <ele>1878.053</ele>
        <time>2017-04-30T15:37:07Z</time>
      </trkpt>
      <trkpt lat="46.439794" lon="22.690062">
        <ele>1879.063</ele>
        <time>2017-04-30T15:37:31Z</time>
      </trkpt>
      <trkpt lat="46.439751" lon="22.690185">
        <ele>1875.058</ele>
        <time>2017-04-30T15:37:41Z</time>
      </trkpt>
      <trkpt lat="46.439695" lon="22.690290">
        <ele>1874.052</ele>
        <time>2017-04-30T15:37:49Z</time>
      </trkpt>
      <trkpt lat="46.439613" lon="22.690378">
        <ele>1872.017</ele>
        <time>2017-04-30T15:37:58Z</time>
      </trkpt>
      <trkpt lat="46.439566" lon="22.690497">
        <ele>1873.008</ele>
        <time>2017-04-30T15:38:07Z</time>
      </trkpt>
      <trkpt lat="46.439528" lon="22.690617">
        <ele>1870.016</ele>
        <time>2017-04-30T15:38:16Z</time>
      </trkpt>
      <trkpt lat="46.439477" lon="22.690728">
        <ele>1868.032</ele>
        <time>2017-04-30T15:38:28Z</time>
      </trkpt>
      <trkpt lat="46.439410" lon="22.690830">
        <ele>1866.050</ele>
        <time>2017-04-30T15:38:41Z</time>
      </trkpt>
      <trkpt lat="46.439341" lon="22.690936">
        <ele>1864.030</ele>
        <time>2017-04-30T15:38:48Z</time>
      </trkpt>
      <trkpt lat="46.439254" lon="22.690989">
        <ele>1863.021</ele>
        <time>2017-04-30T15:38:58Z</time>
      </trkpt>
      <trkpt lat="46.439196" lon="22.691094">
        <ele>1862.011</ele>
        <time>2017-04-30T15:39:06Z</time>
      </trkpt>
      <trkpt lat="46.439137" lon="22.691195">
        <ele>1860.023</ele>
        <time>2017-04-30T15:39:12Z</time>
      </trkpt>
      <trkpt lat="46.439073" lon="22.691304">
        <ele>1856.053</ele>
        <time>2017-04-30T15:39:20Z</time>
      </trkpt>
      <trkpt lat="46.438989" lon="22.691404">
        <ele>1858.082</ele>
        <time>2017-04-30T15:39:29Z</time>
      </trkpt>
      <trkpt lat="46.438930" lon="22.691505">
        <ele>1857.043</ele>
        <time>2017-04-30T15:39:36Z</time>
      </trkpt>
      <trkpt lat="46.438857" lon="22.691602">
        <ele>1856.017</ele>
        <time>2017-04-30T15:39:44Z</time>
      </trkpt>
      <trkpt lat="46.438797" lon="22.691717">
        <ele>1856.008</ele>
        <time>2017-04-30T15:39:52Z</time>
      </trkpt>
      <trkpt lat="46.438729" lon="22.691816">
        <ele>1851.099</ele>
        <time>2017-04-30T15:39:59Z</time>
      </trkpt>
      <trkpt lat="46.438650" lon="22.691900">
        <ele>1851.015</ele>
        <time>2017-04-30T15:40:07Z</time>
      </trkpt>
      <trkpt lat="46.438582" lon="22.692001">
        <ele>1850.063</ele>
        <time>2017-04-30T15:40:14Z</time>
      </trkpt>
      <trkpt lat="46.438520" lon="22.692098">
        <ele>1848.063</ele>
        <time>2017-04-30T15:40:24Z</time>
      </trkpt>
      <trkpt lat="46.438444" lon="22.692195">
        <ele>1845.084</ele>
        <time>2017-04-30T15:40:31Z</time>
      </trkpt>
      <trkpt lat="46.438357" lon="22.692271">
        <ele>1842.024</ele>
        <time>2017-04-30T15:40:39Z</time>
      </trkpt>
      <trkpt lat="46.438280" lon="22.692347">
        <ele>1842.096</ele>
        <time>2017-04-30T15:40:46Z</time>
      </trkpt>
      <trkpt lat="46.438207" lon="22.692437">
        <ele>1839.036</ele>
        <time>2017-04-30T15:40:53Z</time>
      </trkpt>
      <trkpt lat="46.438152" lon="22.692556">
        <ele>1842.098</ele>
        <time>2017-04-30T15:41:00Z</time>
      </trkpt>
      <trkpt lat="46.438097" lon="22.692675">
        <ele>1842.015</ele>
        <time>2017-04-30T15:41:09Z</time>
      </trkpt>
      <trkpt lat="46.438031" lon="22.692770">
        <ele>1840.026</ele>
        <time>2017-04-30T15:41:16Z</time>
      </trkpt>
      <trkpt lat="46.437958" lon="22.692847">
        <ele>1840.008</ele>
        <time>2017-04-30T15:41:24Z</time>
      </trkpt>
      <trkpt lat="46.437882" lon="22.692934">
        <ele>1843.020</ele>
        <time>2017-04-30T15:41:33Z</time>
      </trkpt>
      <trkpt lat="46.437800" lon="22.692992">
        <ele>1840.066</ele>
        <time>2017-04-30T15:41:40Z</time>
      </trkpt>
      <trkpt lat="46.437726" lon="22.693103">
        <ele>1841.074</ele>
        <time>2017-04-30T15:41:50Z</time>
      </trkpt>
      <trkpt lat="46.437670" lon="22.693225">
        <ele>1841.054</ele>
        <time>2017-04-30T15:41:57Z</time>
      </trkpt>
      <trkpt lat="46.437616" lon="22.693345">
        <ele>1837.045</ele>
        <time>2017-04-30T15:42:04Z</time>
      </trkpt>
      <trkpt lat="46.437568" lon="22.693457">
        <ele>1836.025</ele>
        <time>2017-04-30T15:42:10Z</time>
      </trkpt>
      <trkpt lat="46.437528" lon="22.693587">
        <ele>1834.077</ele>
        <time>2017-04-30T15:42:19Z</time>
      </trkpt>
      <trkpt lat="46.437508" lon="22.693730">
        <ele>1838.057</ele>
        <time>2017-04-30T15:42:27Z</time>
      </trkpt>
      <trkpt lat="46.437474" lon="22.693863">
        <ele>1840.067</ele>
        <time>2017-04-30T15:42:34Z</time>
      </trkpt>
      <trkpt lat="46.437461" lon="22.693996">
        <ele>1840.081</ele>
        <time>2017-04-30T15:42:42Z</time>
      </trkpt>
      <trkpt lat="46.437437" lon="22.694140">
        <ele>1840.019</ele>
        <time>2017-04-30T15:42:51Z</time>
      </trkpt>
      <trkpt lat="46.437398" lon="22.694258">
        <ele>1839.008</ele>
        <time>2017-04-30T15:42:58Z</time>
      </trkpt>
      <trkpt lat="46.437368" lon="22.694397">
        <ele>1838.017</ele>
        <time>2017-04-30T15:43:06Z</time>
      </trkpt>
      <trkpt lat="46.437328" lon="22.694520">
        <ele>1838.063</ele>
        <time>2017-04-30T15:43:14Z</time>
      </trkpt>
      <trkpt lat="46.437296" lon="22.694651">
        <ele>1837.011</ele>
        <time>2017-04-30T15:43:22Z</time>
      </trkpt>
      <trkpt lat="46.437272" lon="22.694784">
        <ele>1834.071</ele>
        <time>2017-04-30T15:43:29Z</time>
      </trkpt>
      <trkpt lat="46.437266" lon="22.694923">
        <ele>1834.012</ele>
        <time>2017-04-30T15:43:37Z</time>
      </trkpt>
      <trkpt lat="46.437301" lon="22.695057">
        <ele>1830.032</ele>
        <time>2017-04-30T15:43:46Z</time>
      </trkpt>
      <trkpt lat="46.437388" lon="22.695121">
        <ele>1829.034</ele>
        <time>2017-04-30T15:43:56Z</time>
      </trkpt>
      <trkpt lat="46.437346" lon="22.695253">
        <ele>1830.024</ele>
        <time>2017-04-30T15:44:25Z</time>
      </trkpt>
      <trkpt lat="46.437270" lon="22.695335">
        <ele>1830.069</ele>
        <time>2017-04-30T15:44:32Z</time>
      </trkpt>
      <trkpt lat="46.437204" lon="22.695444">
        <ele>1830.004</ele>
        <time>2017-04-30T15:44:39Z</time>
      </trkpt>
      <trkpt lat="46.437150" lon="22.695555">
        <ele>1832.024</ele>
        <time>2017-04-30T15:44:45Z</time>
      </trkpt>
      <trkpt lat="46.437105" lon="22.695677">
        <ele>1833.008</ele>
        <time>2017-04-30T15:44:52Z</time>
      </trkpt>
      <trkpt lat="46.437070" lon="22.695809">
        <ele>1832.067</ele>
        <time>2017-04-30T15:44:58Z</time>
      </trkpt>
      <trkpt lat="46.437051" lon="22.695939">
        <ele>1832.033</ele>
        <time>2017-04-30T15:45:02Z</time>
      </trkpt>
      <trkpt lat="46.437032" lon="22.696070">
        <ele>1832.021</ele>
        <time>2017-04-30T15:45:08Z</time>
      </trkpt>
      <trkpt lat="46.437028" lon="22.696222">
        <ele>1829.041</ele>
        <time>2017-04-30T15:45:17Z</time>
      </trkpt>
      <trkpt lat="46.437013" lon="22.696363">
        <ele>1827.062</ele>
        <time>2017-04-30T15:45:24Z</time>
      </trkpt>
      <trkpt lat="46.436991" lon="22.696504">
        <ele>1828.052</ele>
        <time>2017-04-30T15:45:32Z</time>
      </trkpt>
      <trkpt lat="46.436963" lon="22.696641">
        <ele>1827.014</ele>
        <time>2017-04-30T15:45:37Z</time>
      </trkpt>
      <trkpt lat="46.436937" lon="22.696777">
        <ele>1825.064</ele>
        <time>2017-04-30T15:45:44Z</time>
      </trkpt>
      <trkpt lat="46.436951" lon="22.696912">
        <ele>1826.062</ele>
        <time>2017-04-30T15:45:51Z</time>
      </trkpt>
      <trkpt lat="46.436967" lon="22.697055">
        <ele>1827.083</ele>
        <time>2017-04-30T15:45:58Z</time>
      </trkpt>
      <trkpt lat="46.436977" lon="22.697195">
        <ele>1827.011</ele>
        <time>2017-04-30T15:46:05Z</time>
      </trkpt>
      <trkpt lat="46.436991" lon="22.697337">
        <ele>1826.008</ele>
        <time>2017-04-30T15:46:12Z</time>
      </trkpt>
      <trkpt lat="46.437013" lon="22.697469">
        <ele>1825.047</ele>
        <time>2017-04-30T15:46:19Z</time>
      </trkpt>
      <trkpt lat="46.437091" lon="22.697559">
        <ele>1824.073</ele>
        <time>2017-04-30T15:46:28Z</time>
      </trkpt>
      <trkpt lat="46.437181" lon="22.697534">
        <ele>1823.071</ele>
        <time>2017-04-30T15:46:37Z</time>
      </trkpt>
      <trkpt lat="46.437265" lon="22.697584">
        <ele>1823.021</ele>
        <time>2017-04-30T15:46:45Z</time>
      </trkpt>
      <trkpt lat="46.437274" lon="22.697727">
        <ele>1822.042</ele>
        <time>2017-04-30T15:46:53Z</time>
      </trkpt>
      <trkpt lat="46.437297" lon="22.697854">
        <ele>1820.022</ele>
        <time>2017-04-30T15:47:01Z</time>
      </trkpt>
      <trkpt lat="46.437330" lon="22.697980">
        <ele>1817.094</ele>
        <time>2017-04-30T15:47:10Z</time>
      </trkpt>
      <trkpt lat="46.437360" lon="22.698113">
        <ele>1815.054</ele>
        <time>2017-04-30T15:47:17Z</time>
      </trkpt>
      <trkpt lat="46.437407" lon="22.698235">
        <ele>1814.056</ele>
        <time>2017-04-30T15:47:26Z</time>
      </trkpt>
      <trkpt lat="46.437442" lon="22.698367">
        <ele>1812.059</ele>
        <time>2017-04-30T15:47:34Z</time>
      </trkpt>
      <trkpt lat="46.437500" lon="22.698500">
        <ele>1810.014</ele>
        <time>2017-04-30T15:47:42Z</time>
      </trkpt>
      <trkpt lat="46.437554" lon="22.698606">
        <ele>1809.008</ele>
        <time>2017-04-30T15:47:51Z</time>
      </trkpt>
      <trkpt lat="46.437635" lon="22.698674">
        <ele>1807.076</ele>
        <time>2017-04-30T15:48:34Z</time>
      </trkpt>
      <trkpt lat="46.437707" lon="22.698771">
        <ele>1804.082</ele>
        <time>2017-04-30T15:48:43Z</time>
      </trkpt>
      <trkpt lat="46.437790" lon="22.698837">
        <ele>1800.020</ele>
        <time>2017-04-30T15:48:56Z</time>
      </trkpt>
      <trkpt lat="46.437867" lon="22.698914">
        <ele>1794.030</ele>
        <time>2017-04-30T15:49:29Z</time>
      </trkpt>
      <trkpt lat="46.437947" lon="22.698982">
        <ele>1788.041</ele>
        <time>2017-04-30T15:49:42Z</time>
      </trkpt>
      <trkpt lat="46.438021" lon="22.699077">
        <ele>1788.071</ele>
        <time>2017-04-30T15:51:42Z</time>
      </trkpt>
      <trkpt lat="46.438101" lon="22.699156">
        <ele>1785.013</ele>
        <time>2017-04-30T15:51:58Z</time>
      </trkpt>
      <trkpt lat="46.438163" lon="22.699258">
        <ele>1780.093</ele>
        <time>2017-04-30T15:52:11Z</time>
      </trkpt>
      <trkpt lat="46.438249" lon="22.699323">
        <ele>1778.017</ele>
        <time>2017-04-30T15:52:23Z</time>
      </trkpt>
      <trkpt lat="46.438335" lon="22.699374">
        <ele>1776.087</ele>
        <time>2017-04-30T15:52:39Z</time>
      </trkpt>
      <trkpt lat="46.438424" lon="22.699425">
        <ele>1772.015</ele>
        <time>2017-04-30T15:52:51Z</time>
      </trkpt>
      <trkpt lat="46.438507" lon="22.699500">
        <ele>1763.008</ele>
        <time>2017-04-30T15:54:30Z</time>
      </trkpt>
      <trkpt lat="46.438575" lon="22.699597">
        <ele>1762.052</ele>
        <time>2017-04-30T15:54:40Z</time>
      </trkpt>
      <trkpt lat="46.438637" lon="22.699698">
        <ele>1759.018</ele>
        <time>2017-04-30T15:54:49Z</time>
      </trkpt>
      <trkpt lat="46.438708" lon="22.699794">
        <ele>1759.016</ele>
        <time>2017-04-30T15:55:03Z</time>
      </trkpt>
      <trkpt lat="46.438753" lon="22.699914">
        <ele>1757.026</ele>
        <time>2017-04-30T15:55:13Z</time>
      </trkpt>
      <trkpt lat="46.438829" lon="22.699988">
        <ele>1755.017</ele>
        <time>2017-04-30T15:55:31Z</time>
      </trkpt>
      <trkpt lat="46.438901" lon="22.700079">
        <ele>1753.037</ele>
        <time>2017-04-30T15:55:41Z</time>
      </trkpt>
      <trkpt lat="46.438973" lon="22.700176">
        <ele>1752.019</ele>
        <time>2017-04-30T15:55:48Z</time>
      </trkpt>
      <trkpt lat="46.439028" lon="22.700287">
        <ele>1749.019</ele>
        <time>2017-04-30T15:55:55Z</time>
      </trkpt>
      <trkpt lat="46.439104" lon="22.700406">
        <ele>1744.032</ele>
        <time>2017-04-30T15:56:02Z</time>
      </trkpt>
      <trkpt lat="46.439180" lon="22.700511">
        <ele>1742.092</ele>
        <time>2017-04-30T15:56:07Z</time>
      </trkpt>
      <trkpt lat="46.439264" lon="22.700651">
        <ele>1739.011</ele>
        <time>2017-04-30T15:56:13Z</time>
      </trkpt>
      <trkpt lat="46.439337" lon="22.700731">
        <ele>1736.008</ele>
        <time>2017-04-30T15:56:17Z</time>
      </trkpt>
      <trkpt lat="46.439421" lon="22.700801">
        <ele>1735.054</ele>
        <time>2017-04-30T15:56:46Z</time>
      </trkpt>
      <trkpt lat="46.439486" lon="22.700894">
        <ele>1729.060</ele>
        <time>2017-04-30T15:57:20Z</time>
      </trkpt>
      <trkpt lat="46.439552" lon="22.700981">
        <ele>1726.058</ele>
        <time>2017-04-30T15:57:32Z</time>
      </trkpt>
      <trkpt lat="46.439617" lon="22.701085">
        <ele>1724.098</ele>
        <time>2017-04-30T15:57:41Z</time>
      </trkpt>
      <trkpt lat="46.439679" lon="22.701218">
        <ele>1723.049</ele>
        <time>2017-04-30T15:57:49Z</time>
      </trkpt>
      <trkpt lat="46.439733" lon="22.701345">
        <ele>1719.059</ele>
        <time>2017-04-30T15:57:56Z</time>
      </trkpt>
      <trkpt lat="46.439810" lon="22.701413">
        <ele>1716.011</ele>
        <time>2017-04-30T15:58:03Z</time>
      </trkpt>
      <trkpt lat="46.439897" lon="22.701486">
        <ele>1713.011</ele>
        <time>2017-04-30T15:58:13Z</time>
      </trkpt>
      <trkpt lat="46.439999" lon="22.701532">
        <ele>1715.014</ele>
        <time>2017-04-30T15:58:30Z</time>
      </trkpt>
      <trkpt lat="46.440094" lon="22.701531">
        <ele>1712.054</ele>
        <time>2017-04-30T15:58:40Z</time>
      </trkpt>
      <trkpt lat="46.440185" lon="22.701508">
        <ele>1708.009</ele>
        <time>2017-04-30T15:58:49Z</time>
      </trkpt>
      <trkpt lat="46.440277" lon="22.701524">
        <ele>1703.008</ele>
        <time>2017-04-30T15:59:00Z</time>
      </trkpt>
      <trkpt lat="46.440373" lon="22.701525">
        <ele>1699.022</ele>
        <time>2017-04-30T15:59:39Z</time>
      </trkpt>
      <trkpt lat="46.440467" lon="22.701488">
        <ele>1697.068</ele>
        <time>2017-04-30T15:59:54Z</time>
      </trkpt>
      <trkpt lat="46.440561" lon="22.701467">
        <ele>1694.086</ele>
        <time>2017-04-30T16:00:03Z</time>
      </trkpt>
      <trkpt lat="46.440652" lon="22.701445">
        <ele>1689.026</ele>
        <time>2017-04-30T16:00:15Z</time>
      </trkpt>
      <trkpt lat="46.440743" lon="22.701440">
        <ele>1686.027</ele>
        <time>2017-04-30T16:00:24Z</time>
      </trkpt>
      <trkpt lat="46.440831" lon="22.701399">
        <ele>1680.057</ele>
        <time>2017-04-30T16:00:39Z</time>
      </trkpt>
      <trkpt lat="46.440917" lon="22.701345">
        <ele>1681.039</ele>
        <time>2017-04-30T16:00:52Z</time>
      </trkpt>
      <trkpt lat="46.441006" lon="22.701272">
        <ele>1682.019</ele>
        <time>2017-04-30T16:01:00Z</time>
      </trkpt>
      <trkpt lat="46.441078" lon="22.701189">
        <ele>1680.098</ele>
        <time>2017-04-30T16:01:17Z</time>
      </trkpt>
      <trkpt lat="46.441168" lon="22.701117">
        <ele>1678.015</ele>
        <time>2017-04-30T16:01:34Z</time>
      </trkpt>
      <trkpt lat="46.441248" lon="22.701059">
        <ele>1673.026</ele>
        <time>2017-04-30T16:01:41Z</time>
      </trkpt>
      <trkpt lat="46.441343" lon="22.701023">
        <ele>1671.008</ele>
        <time>2017-04-30T16:01:47Z</time>
      </trkpt>
      <trkpt lat="46.441437" lon="22.701005">
        <ele>1670.020</ele>
        <time>2017-04-30T16:01:55Z</time>
      </trkpt>
      <trkpt lat="46.441533" lon="22.701027">
        <ele>1669.016</ele>
        <time>2017-04-30T16:02:03Z</time>
      </trkpt>
      <trkpt lat="46.441627" lon="22.701057">
        <ele>1669.074</ele>
        <time>2017-04-30T16:02:22Z</time>
      </trkpt>
      <trkpt lat="46.441715" lon="22.701085">
        <ele>1665.094</ele>
        <time>2017-04-30T16:03:17Z</time>
      </trkpt>
      <trkpt lat="46.441808" lon="22.701125">
        <ele>1662.045</ele>
        <time>2017-04-30T16:03:29Z</time>
      </trkpt>
      <trkpt lat="46.441891" lon="22.701192">
        <ele>1658.045</ele>
        <time>2017-04-30T16:03:39Z</time>
      </trkpt>
      <trkpt lat="46.441968" lon="22.701275">
        <ele>1652.087</ele>
        <time>2017-04-30T16:04:06Z</time>
      </trkpt>
      <trkpt lat="46.442056" lon="22.701370">
        <ele>1646.037</ele>
        <time>2017-04-30T16:04:11Z</time>
      </trkpt>
      <trkpt lat="46.442139" lon="22.701464">
        <ele>1643.061</ele>
        <time>2017-04-30T16:04:16Z</time>
      </trkpt>
      <trkpt lat="46.442227" lon="22.701537">
        <ele>1639.021</ele>
        <time>2017-04-30T16:04:21Z</time>
      </trkpt>
      <trkpt lat="46.442308" lon="22.701613">
        <ele>1635.013</ele>
        <time>2017-04-30T16:04:26Z</time>
      </trkpt>
      <trkpt lat="46.442399" lon="22.701680">
        <ele>1631.008</ele>
        <time>2017-04-30T16:04:33Z</time>
      </trkpt>
      <trkpt lat="46.442487" lon="22.701649">
        <ele>1630.017</ele>
        <time>2017-04-30T16:04:42Z</time>
      </trkpt>
      <trkpt lat="46.442577" lon="22.701623">
        <ele>1628.043</ele>
        <time>2017-04-30T16:04:51Z</time>
      </trkpt>
      <trkpt lat="46.442668" lon="22.701675">
        <ele>1624.081</ele>
        <time>2017-04-30T16:05:14Z</time>
      </trkpt>
      <trkpt lat="46.442745" lon="22.701765">
        <ele>1621.011</ele>
        <time>2017-04-30T16:05:37Z</time>
      </trkpt>
      <trkpt lat="46.442835" lon="22.701772">
        <ele>1616.052</ele>
        <time>2017-04-30T16:05:58Z</time>
      </trkpt>
      <trkpt lat="46.442920" lon="22.701818">
        <ele>1612.052</ele>
        <time>2017-04-30T16:06:07Z</time>
      </trkpt>
      <trkpt lat="46.443015" lon="22.701826">
        <ele>1610.064</ele>
        <time>2017-04-30T16:06:21Z</time>
      </trkpt>
      <trkpt lat="46.443106" lon="22.701849">
        <ele>1608.074</ele>
        <time>2017-04-30T16:06:30Z</time>
      </trkpt>
      <trkpt lat="46.443202" lon="22.701873">
        <ele>1609.023</ele>
        <time>2017-04-30T16:06:38Z</time>
      </trkpt>
      <trkpt lat="46.443298" lon="22.701860">
        <ele>1608.083</ele>
        <time>2017-04-30T16:06:52Z</time>
      </trkpt>
      <trkpt lat="46.443396" lon="22.701871">
        <ele>1606.011</ele>
        <time>2017-04-30T16:07:02Z</time>
      </trkpt>
      <trkpt lat="46.443490" lon="22.701858">
        <ele>1605.008</ele>
        <time>2017-04-30T16:07:12Z</time>
      </trkpt>
      <trkpt lat="46.443590" lon="22.701854">
        <ele>1605.063</ele>
        <time>2017-04-30T16:07:20Z</time>
      </trkpt>
      <trkpt lat="46.443679" lon="22.701835">
        <ele>1601.069</ele>
        <time>2017-04-30T16:07:36Z</time>
      </trkpt>
      <trkpt lat="46.443606" lon="22.701754">
        <ele>1594.027</ele>
        <time>2017-04-30T16:38:45Z</time>
      </trkpt>
    </trkseg>
  </trk></gpx>